"Stock","Species","BY","R","S","R0.0","R0.1","R0.2","R0.3","R0.4","R0.5","R0.6","R0.7","Logrs","Stock.ID","Lat","Lon","ocean.basin","Ocean.Region2","sst_raw","early_sst","np_pinks_sec","det_np_pinks_sec","RS","RS_stnd","lnRS","S_stnd","early_sst_stnd","np_pinks_sec_stnd","det_np_pinks_sec_stnd"
"Willapa Bay","Chum",1968,102452,13200,0,0,0.367957677741772,0.56697770663335,0.065064615624878,0,0,0,2.04917756661995,103,46.3733,-123.9575,"SC","WC",11.7576601207256,-0.486004339913804,132.2,-65.2451763112484,7.76151515151515,2.86244932278606,2.04917756661995,-1.03696063980621,-0.867275470179548,-1.63058015229199,-0.730020716680975
"Willapa Bay","Chum",1969,49559,33900,0,0,0.360055691196352,0.624508161988741,0.0154159688452148,0,0,0,0.379748864608417,103,46.3733,-123.9575,"SC","WC",11.6599526107311,-0.583711849908309,202.8,2.28046936379511,1.46191740412979,-0.34722119828666,0.379748864608417,0.0973281766811494,-1.01684430510901,-1.1725039319467,-0.0127625190161357
"Willapa Bay","Chum",1970,32833,23100,0,0,0.304541162854445,0.695428379983553,0,0,0,0,0.351601489646387,103,46.3733,-123.9575,"SC","WC",11.0930126309395,-1.15065182969995,126.2,-78.1640583855578,1.42134199134199,-0.367894535145258,0.351601489646387,-0.494474684094865,-1.88470545782019,-1.66951014268961,-0.867245233082578
"Willapa Bay","Chum",1971,28026,37600,0,0,0.761792621137515,0.233033611646328,0.00517376721615643,0,0,0,-0.293871399647823,103,46.3733,-123.9575,"SC","WC",11.7703818678856,-0.47328259275383,158.6,-50.3442287528231,0.745372340425532,-0.712303805179505,-0.293871399647823,0.300075453058117,-0.847801256773725,-1.45928819454248,-0.571742677538812
"Willapa Bay","Chum",1972,70218,22400,0,0,0.388917371614116,0.611096869748498,0,0,0,0,1.14254372955969,103,46.3733,-123.9575,"SC","WC",11.8707393705845,-0.372925090054949,133.9,-80.3137308338856,3.13473214285714,0.505084674153784,1.14254372955969,-0.53283227692294,-0.694175862411035,-1.619549988346,-0.89007907895615
"Willapa Bay","Chum",1973,10955,14500,0,0,0.475855773619352,0.524144226380648,0,0,0,0,-0.280352676379099,103,46.3733,-123.9575,"SC","WC",11.6708837747574,-0.572780685882057,228.3,8.18300003622602,0.75551724137931,-0.707134937128515,-0.280352676379099,-0.965725110268358,-1.00011108298595,-1.00705147275682,0.0499342307808666
"Willapa Bay","Chum",1974,86085,12200,0,0,0.489179299529535,0.499645699018412,0.011186617877679,0,0,0,1.95389922848922,103,46.3733,-123.9575,"SC","WC",11.4804237186909,-0.763240741948557,199,-27.5920951201788,7.05614754098361,2.50306167347428,1.95389922848922,-1.09175720098918,-1.29166378643801,-1.19715959253185,-0.330069248144099
"Willapa Bay","Chum",1975,5535,12600,0,0,0.666485998193315,0.333514001806685,0,0,0,0,-0.822605247796832,103,46.3733,-123.9575,"SC","WC",11.4185371696949,-0.825127290944536,279.1,45.5262969845521,0.439285714285714,-0.868256178681977,-0.822605247796832,-1.06983857651599,-1.38639856201109,-0.677444220723664,0.446595167470266
"Willapa Bay","Chum",1976,38112,16500,0,0,0.136859781696054,0.802345717884131,0.060820738874895,0,0,0,0.837168812266355,103,46.3733,-123.9575,"SC","WC",11.8511926531792,-0.392471807460266,234.1,-6.89603449935734,2.30981818181818,0.0847876759419523,0.837168812266355,-0.856131987902429,-0.724097613043849,-0.969419148705793,-0.110235450314322
"Willapa Bay","Chum",1977,60299,40200,0,0,0.569561684273371,0.421482943332394,0.00893878837128311,0,0,0,0.405448524222725,103,46.3733,-123.9575,"SC","WC",12.5635167956352,0.319852334995784,319.9,71.1046092155224,1.49997512437811,-0.327830635955763,0.405448524222725,0.442546512133824,0.366314905761242,-0.412720286019867,0.718288298971486
"Willapa Bay","Chum",1978,157372,18900,0,0,0.0813931321963246,0.751328063442035,0.167272449991104,0,0,0,2.11945050736901,103,46.3733,-123.9575,"SC","WC",12.1758657097816,-0.0677987508577874,244.5,-12.4122105457951,8.32656084656085,3.15034238884729,2.11945050736901,-0.724620241063315,-0.227094150241941,-0.901940498683257,-0.168828336757941
"Willapa Bay","Chum",1979,40598,6915,0,0,0.395191881373467,0.557933888368885,0.0468742302576482,0,0,0,1.77002583919385,103,46.3733,-123.9575,"SC","WC",12.3398279249668,0.0961634643273823,297.9,32.6075384498225,5.87100506146059,1.89922678871916,1.77002583919385,-1.38135702684114,0.0238961523364309,-0.555463584144464,0.309371963307525
"Willapa Bay","Chum",1980,49807,37300,0,0,0.382396048748168,0.606099544240769,0.011484329511916,0,0,0,0.289162209751886,103,46.3733,-123.9575,"SC","WC",12.134751200676,-0.108913259963466,223.2,-50.6883073338683,1.33530831099196,-0.411729043111026,0.289162209751886,0.283636484703228,-0.290031474363486,-1.0401419645948,-0.575397484248594
"Willapa Bay","Chum",1981,57537,22120,0,0,0.578288753323948,0.406625301979596,0.0151033248170742,0,0,0,0.955946042466675,103,46.3733,-123.9575,"SC","WC",11.6542274355888,-0.589437025050595,431,148.341946054577,2.60113019891501,0.233212326404435,0.955946042466675,-0.54817531405417,-1.02560829649358,0.308133369509346,1.53870419370001
"Willapa Bay","Chum",1982,115368,66889,0,0,0.412402052562236,0.529964981624021,0.0576329658137438,0,0,0,0.545092490158979,103,46.3733,-123.9575,"SC","WC",13.0328250825405,0.789160621901076,308.8,17.2345438819623,1.72476789905665,-0.213297808437482,0.545092490158979,1.90501193354596,1.08472328295881,-0.484740768255459,0.146079835313405
"Willapa Bay","Chum",1983,42103,20871,0,0,0.114267391872313,0.724865211505118,0.160867396622568,0,0,0,0.70175836144729,103,46.3733,-123.9575,"SC","WC",11.7681276202202,-0.475536840419251,326.3,25.7214716941774,2.01729672751665,-0.0642531876659875,0.70175836144729,-0.616616218971692,-0.851252017078419,-0.371194962929075,0.236228081738108
"Willapa Bay","Chum",1984,250667,42635,0,0,0.23615793064105,0.691574878224896,0.0722671911340543,0,0,0,1.77144985287407,103,46.3733,-123.9575,"SC","WC",11.9833654761314,-0.26029898450799,261.8,-47.8680562837991,5.87937140846722,1.90348947634352,1.77144985287407,0.575976138614342,-0.521769919508089,-0.78969235970346,-0.545440744628959
"Willapa Bay","Chum",1985,16437,52703,0,0,0.1670621159579,0.738273407556123,0.0946644764859768,0,0,0,-1.16513748869891,103,46.3733,-123.9575,"SC","WC",12.1719874143601,-0.0716770462793777,270.3,-48.5060334477533,0.311879779139707,-0.933170017731077,-1.16513748869891,1.12766791660443,-0.233030972577831,-0.734541539973503,-0.552217345521771
"Willapa Bay","Chum",1986,34375,34040,0,0,0.143243636363636,0.535854545454545,0.320872727272727,0,0,0,0.00979325228156203,103,46.3733,-123.9575,"SC","WC",12.3488248288631,0.105160368223716,212.2,-115.764248823289,1.00984136310223,-0.577555768898198,0.00979325228156203,0.104999695246764,0.0376684451092451,-1.1115136136571,-1.26663489541925
"Willapa Bay","Chum",1987,45533,31884,0,0,0.0141216260733973,0.872466123470889,0.113412250455713,0,0,0,0.35633302123189,103,46.3733,-123.9575,"SC","WC",12.1781324744225,-0.0655319862169733,364.4,27.286769793309,1.42808305106009,-0.36445993796531,0.35633302123189,-0.0131416906637066,-0.223624229184645,-0.123989523904206,0.25285469644379
"Willapa Bay","Chum",1988,138232,61947,0,0,0.120131373343365,0.675176514844609,0.204692111812026,0,0,0,0.802654252258374,103,46.3733,-123.9575,"SC","WC",12.602767854929,0.359103394289539,303,-43.2216979870615,2.23145592199784,0.0448617877510127,0.802654252258374,1.63420732817975,0.426399695647347,-0.522373092306489,-0.496087072489919
"Willapa Bay","Chum",1989,23074,17056,0,0,0.0972956574499437,0.704689260639681,0.198015081910375,0,0,0,0.302204394521664,103,46.3733,-123.9575,"SC","WC",12.5677108466625,0.324046386023088,486,130.743381846267,1.35283771106942,-0.402797742901569,0.302204394521664,-0.825665099884701,0.372735080892344,0.664991614820837,1.35177203897044
"Willapa Bay","Chum",1990,26924,17762,0,0,0.132001188530679,0.711298469766751,0.15670034170257,0,0,0,0.415956738312154,103,46.3733,-123.9575,"SC","WC",11.8421459197998,-0.401518540839627,277.2,-86.9838643363977,1.51582029050783,-0.319757459751908,0.415956738312154,-0.786978727689528,-0.737946183860408,-0.689772051016243,-0.960929314986752
"Willapa Bay","Chum",1991,23160,33959,0,0,0.330742659758204,0.639291882556131,0.0299654576856649,0,0,0,-0.38272726189726,103,46.3733,-123.9575,"SC","WC",13.457086622715,1.21342216207557,398.6,25.6305823493315,0.681998881003563,-0.744592838968926,-0.38272726189726,0.100561173790944,1.73417493997933,0.0979114213622126,0.235262654054754
"Willapa Bay","Chum",1992,27442,37068,0,0,0.274761314772976,0.688652430580861,0.0366226951388383,0,0,0,-0.300679377225462,103,46.3733,-123.9575,"SC","WC",13.0040536224842,0.760389161844772,453.7,72.1190405954069,0.74031509657926,-0.714880491365221,-0.300679377225462,0.27092368250878,1.04068046823471,0.455418499846997,0.729063600946266
"Willapa Bay","Chum",1993,25933,31017,0,0,0.0852581652720472,0.696101492307099,0.218640342420854,0,0,0,-0.179019152309473,103,46.3733,-123.9575,"SC","WC",12.620156288147,0.376491827507538,434.9,44.9103454445051,0.836089886191443,-0.666082848847846,-0.179019152309473,-0.0606503092093367,0.453017585078888,0.333437863267797,0.440052523012055
"Willapa Bay","Chum",1994,79110,30526,0,0,0.182467450385539,0.752724055113134,0.0648084945013273,0,0,0,0.952260509540375,103,46.3733,-123.9575,"SC","WC",13.0995392501354,0.855874789495995,424.3,26.1281093358687,2.59156129201337,0.228336929651707,0.952260509540375,-0.0875554207501721,1.18684808709129,0.264661546898673,0.240547391521324
"Willapa Bay","Chum",1995,18093,24695,0,0,0.553584259105732,0.419499253855082,0.0269164870391864,0,0,0,-0.311075670855629,103,46.3733,-123.9575,"SC","WC",12.3496335148811,0.105969054241703,402,-4.11073275407784,0.73265843288115,-0.718781592474699,-0.311075670855629,-0.407074169008037,0.0389063665908269,0.119971749254196,-0.080649942618684
"Willapa Bay","Chum",1996,50096,20011,0,0,0.261098690514213,0.684066592143085,0.054834717342702,0,0,0,0.917659042224623,103,46.3733,-123.9575,"SC","WC",13.3426671624184,1.09900270177894,443.6,29.8031196413841,2.50342311728549,0.183430173292125,0.917659042224623,-0.663741261589042,1.55902376305559,0.389886349344342,0.279583393943555
"Willapa Bay","Chum",1997,50276,33314,0,0,0.236991805235102,0.613433845174636,0.149574349590262,0,0,0,0.411550097007675,103,46.3733,-123.9575,"SC","WC",13.1250195801258,0.881355119486385,501.1,79.8710331213849,1.50915531007985,-0.323153294225957,0.411550097007675,0.0652173918279323,1.22585290126059,0.762965423988174,0.81140535616993
"Willapa Bay","Chum",1998,61052,65101,0,0,0.310079931861364,0.64445063224792,0.0454858153705038,0,0,0,-0.0642139500267722,103,46.3733,-123.9575,"SC","WC",11.4574152827263,-0.78624917791315,381.8,-46.6131174327623,0.937804334802845,-0.614258926056795,-0.0642139500267722,1.80703568215082,-1.32688467131131,-0.0110925517511157,-0.532110769484317
"Willapa Bay","Chum",1999,131944,24512,0,0,0.333603650033347,0.564368216819257,0.102035712120293,0,0,0,1.68321479658767,103,46.3733,-123.9575,"SC","WC",12.5410156548023,0.297351194162889,401.8,-33.5617709907838,5.38283289817232,1.650501097882,1.68321479658767,-0.417101939704519,0.331870578819033,0.118674082907608,-0.393479215020963
"Willapa Bay","Chum",2000,98884,40030,0,0,0.0671595000202257,0.868512600622952,0.0643278993568221,0,0,0,0.904318272961129,103,46.3733,-123.9575,"SC","WC",11.7718840241432,-0.471780436496212,382.9,-59.1918651272497,2.47024731451411,0.166526967652938,0.904318272961129,0.43323109673272,-0.845501783976326,-0.00395538684488609,-0.665722374527633
"Willapa Bay","Chum",2001,32312,29389,0,0,0.438165387472147,0.524449121069572,0.0373854914582818,0,0,0,0.0948182235877874,103,46.3733,-123.9575,"SC","WC",11.7864222824574,-0.457242178182073,466.3,17.6774341079921,1.09945898125149,-0.531895230134147,0.0948182235877874,-0.149859110815203,-0.823246889157375,0.537171479681994,0.15078422047122
"Willapa Bay","Chum",2002,24546,59243,0,0,0.187892120915831,0.749205573209484,0.0629023058746843,0,0,0,-0.88109872140052,103,46.3733,-123.9575,"SC","WC",12.7897045314312,0.546040070791769,361.3,-93.6727903862989,0.414327431088905,-0.880972524875134,-0.88109872140052,1.48603742674101,0.712558875341899,-0.144103352276308,-1.03197916567539
"Willapa Bay","Chum",2003,17236,47347,0,0,0.170573218844279,0.781793919702947,0.0476328614527733,0,0,0,-1.01050323989875,103,46.3733,-123.9575,"SC","WC",13.3507980406284,1.107133579989,594.5,133.341193044483,0.364035736160686,-0.906596346766442,-1.01050323989875,0.83417753490847,1.57147035985148,1.36897560784442,1.37936601988361
"Willapa Bay","Chum",2004,13317,84021,0,0,0.175489975219644,0.714950814748066,0.109484118044605,0,0,0,-1.84202535307851,103,46.3733,-123.9575,"SC","WC",13.0769304335117,0.833265972872308,347.5,-119.692201844423,0.158496090263149,-1.01131962733191,-1.84202535307851,2.8437866197325,1.15223893205573,-0.233642330190828,-1.30835765832343
"Willapa Bay","Chum",2005,8590,11924,0,0,0.254249126891735,0.674738067520373,0.0710128055878929,0,0,0,-0.327954439819661,103,46.3733,-123.9575,"SC","WC",12.2774381637573,0.0337737031178937,550,76.9215300470468,0.72039584032204,-0.725029432960266,-0.327954439819661,-1.10688105187567,-0.0716089311126874,1.08024484572875,0.780075700037688
"Willapa Bay","Chum",2006,31604,14717,0,0,0.315909378559676,0.636343500822681,0.0477471206176433,0,0,0,0.764280406678511,103,46.3733,-123.9575,"SC","WC",12.256811350584,0.0131468899445937,331.7,-147.116423405168,2.14744852891214,0.00205968133854643,0.764280406678511,-0.953834256491655,-0.103184072213016,-0.33615797157122,-1.59965806030227
"Willapa Bay","Chum",2007,91053,17085,0,0,0.0622165112626712,0.736889503915302,0.200893984822027,0,0,0,1.67324086899272,103,46.3733,-123.9575,"SC","WC",10.9303228408098,-1.31334161982961,657.6,173.201478578285,5.32941176470588,1.62328281440339,1.67324086899272,-0.824075999610395,-2.13374795584292,1.77838934019269,1.80276243874891
"Willapa Bay","Chum",2008,22096,9008,0,0,0.0489681390296886,0.85458906589428,0.0964427950760319,0,0,0,0.897283525269602,103,46.3733,-123.9575,"SC","WC",11.5678727030754,-0.675791757564026,410.3,-79.512118210272,2.45293072824156,0.157704096937472,0.897283525269602,-1.2666678242852,-1.15779851128265,0.173824902637566,-0.881564340298108
"Willapa Bay","Chum",2009,18332,12629,0,0,0.295330569495963,0.640137464542876,0.0645319659611608,0,0,0,0.372652409982845,103,46.3733,-123.9575,"SC","WC",12.0902389585972,-0.153425502042244,654.8,159.758485773777,1.45157969752158,-0.352488301598083,0.372652409982845,-1.06824947624168,-0.358169984782957,1.76022201134047,1.65997081204483
"Willapa Bay","Chum",2010,32520,24546,0,0,0.228075030750307,0.700061500615006,0.0718634686346863,0,0,0,0.281306376504293,103,46.3733,-123.9575,"SC","WC",11.9911879897118,-0.25247647092767,437.6,-62.470593004989,1.32485944756783,-0.417052781269554,0.281306376504293,-0.415238856624299,-0.509795361539166,0.350956358946725,-0.700549060369897
"Willapa Bay","Chum",2011,50834,65764,0,0,0.121670535468387,0.693984341188968,0.184345123342645,0,0,0,-0.257507154101173,103,46.3733,-123.9575,"SC","WC",12.0531125366688,-0.190551923970651,578.3,73.4142570728227,0.772976096344505,-0.698239579938967,-0.257507154101173,1.84336580221512,-0.415002419395648,1.26386463377085,0.742821405509109
"Willapa Bay","Chum",2012,88433,25519,0,0,0.120147456266326,0.817285402508113,0.0625671412255606,0,0,0,1.24282193039487,103,46.3733,-123.9575,"SC","WC",12.4677603244782,0.224095863838721,359.3,-150.178710666804,3.46537873741134,0.67355045085741,1.24282193039487,-0.361921802593274,0.21973268471473,-0.15708001574218,-1.63218571139032
"Willapa Bay","Chum",2013,13002,23642,0,0,0.333871712044301,0.630979849253961,0.0351484387017382,0,0,0,-0.597921599545908,103,46.3733,-123.9575,"SC","WC",12.9099316596985,0.66626719905906,552.7,38.850982827287,0.549953472633449,-0.811870508382735,-0.597921599545908,-0.464774947933698,0.89660032213412,1.09776334140768,0.375689902464321
"Willapa Bay","Chum",2014,17938,25612,0,0,0.44402943471959,0.532166350763742,0.0238042145166685,0,0,0,-0.356139623960744,103,46.3733,-123.9575,"SC","WC",13.6135095655918,1.36984510495239,432.2,-85.8055900084864,0.700374824301109,-0.735230221566329,-0.356139623960744,-0.356825722403259,1.97362426504799,0.315919367588869,-0.948413671302878
"Willapa Bay","Chum",2015,61144,44147,0,0,0.550503728902264,0.438080596624362,0.0114156744733743,0,0,0,0.325706763369207,103,46.3733,-123.9575,"SC","WC",13.5804544687271,1.33679000808768,512.8,-9.16732517828621,1.3850091738963,-0.38640625252457,0.325706763369207,0.658828539122984,1.92302413894905,0.838878905263527,-0.134361126454929
"Willapa Bay","Chum",2016,48441,78725,0,0,0.339918663941702,0.631159554922483,0.0289217811358147,0,0,0,-0.485614204419495,103,46.3733,-123.9575,"SC","WC",12.7141148149967,0.470450354357292,701.3,175.537619931456,0.61531914893617,-0.778566432038193,-0.485614204419495,2.55358403170752,0.596847546495333,2.061929436922,1.82757695950935
"Willapa Bay","Chum",2017,61201,20191,0,0,0.452329210307021,0.500906847927321,0.0467639417656574,0,0,0,1.10892656868583,103,46.3733,-123.9575,"SC","WC",13.0220529735088,0.778388512869404,638.8,109.373894221988,3.03110296666832,0.452285189920941,1.10892656868583,-0.653877880576108,1.0682335392565,1.65640870361349,1.12478509163828
"Willapa Bay","Chum",2018,120695,38582,0,0,0.471320270102324,0.515290608558764,0.0133891213389121,0,0,0,1.14048085575904,103,46.3733,-123.9575,"SC","WC",12.9094381332397,0.665773672600315,312.9,-220.09763796564,3.1282722513089,0.501793333293119,1.14048085575904,0.353885676139788,0.895844841030923,-0.45813860815042,-2.37486537443806
"Willapa Bay","Chum",2019,72328,40893,0,0,0.35845039265568,0.539804778232496,0.101744829111824,0,0,0,0.57025243017825,103,46.3733,-123.9575,"SC","WC",12.7658765614033,0.522212100763848,797.2,260.684735027627,1.76871347174333,-0.190907361485111,0.57025243017825,0.480520529033619,0.676083463001428,2.68416045011058,2.73201061134204
"Grays Harbour","Chum",1969,46157,11150,0,0,0.30619407673809,0.660636523170917,0.0331477349047815,0,0,0,1.4206091308472,104,46.95083,-124.0497,"SC","WC",11.5917024374008,-0.597909043586419,202.8,2.28046936379511,4.13964125560538,0.808582677167363,1.4206091308472,-0.763643973429587,-1.04833742235898,-1.2296345319889,-0.0208859876085861
"Grays Harbour","Chum",1970,39290,15700,0,0,0.336243318910664,0.653245100534487,0.0105115805548486,0,0,0,0.917309321216106,104,46.95083,-124.0497,"SC","WC",11.0125351190567,-1.17707636193054,126.2,-78.1640583855578,2.50254777070064,0.0352941564497943,0.917309321216106,-0.422994859998388,-1.91847993767023,-1.73212058225537,-0.863686410931916
"Grays Harbour","Chum",1971,16840,10250,0,0,0.656413301662708,0.343527315914489,0,0,0,0,0.496479303229763,104,46.95083,-124.0497,"SC","WC",11.6797248125076,-0.509886668479599,158.6,-50.3442287528231,1.64292682926829,-0.370751687790273,0.496479303229763,-0.831025116745649,-0.9160923725207,-1.51958079075885,-0.572223898226192
"Grays Harbour","Chum",1972,48667,8000,0,0,0.372120738899049,0.610475270717324,0.0174039903836275,0,0,0,1.805559640652,104,46.95083,-124.0497,"SC","WC",11.8195032119751,-0.370108269012142,133.9,-80.3137308338856,6.083375,1.72671411299016,1.805559640652,-0.999477975035802,-0.706088934401065,-1.68160958242441,-0.88620807772698
"Grays Harbour","Chum",1973,19860,12350,0,0,0.175528700906344,0.812537764350453,0.0119838872104733,0,0,0,0.47505159554304,104,46.95083,-124.0497,"SC","WC",11.6200151205063,-0.569596360480957,228.3,8.18300003622602,1.6080971659919,-0.387203636955325,0.47505159554304,-0.673802449008172,-1.00580037216244,-1.062357844237,0.0409535866742492
"Grays Harbour","Chum",1974,37622,8300,0,0,0.501887193663282,0.498139386529158,0,0,0,0,1.51133347086828,104,46.95083,-124.0497,"SC","WC",11.4455616235733,-0.74404985741393,199,-27.5920951201788,4.53277108433735,0.994279331948067,1.51133347086828,-0.977017593930448,-1.26789976868935,-1.25456203839898,-0.333854572262241
"Grays Harbour","Chum",1975,2171,11750,0,0,0.93781667434362,0,0.0621833256563795,0,0,0,-1.68866534969401,104,46.95083,-124.0497,"SC","WC",11.3695038795471,-0.820107601440121,279.1,45.5262969845521,0.184765957446809,-1.05952057847136,-1.68866534969401,-0.71872321121888,-1.38216912505612,-0.729116442754802,0.432191466451487
"Grays Harbour","Chum",1976,21235,11650,0,0,0,0.953896868377678,0.0461031316223216,0,0,0,0.600344583753525,104,46.95083,-124.0497,"SC","WC",11.8276390790939,-0.361972401893306,234.1,-6.89603449935734,1.82274678111588,-0.285812919270395,0.600344583753525,-0.726210004920664,-0.693865586061482,-1.02431059761108,-0.11702629145362
"Grays Harbour","Chum",1977,55516,21000,0,0,0.443529793212767,0.476187045176165,0.0802831616110671,0,0,0,0.97214882977017,104,46.95083,-124.0497,"SC","WC",12.5124399423599,0.322828461372682,319.9,71.1046092155224,2.64361904761905,0.101929812904272,0.97214882977017,-0.026194793803804,0.334981047331494,-0.461473742351772,0.700170072073068
"Grays Harbour","Chum",1978,99948,11000,0,0,0.102483291311482,0.799975987513507,0.0975507263777164,0,0,0,2.20675477794283,104,46.95083,-124.0497,"SC","WC",12.1120505332947,-0.0775609476925605,244.5,-12.4122105457951,9.08618181818182,3.14510351093438,2.20675477794283,-0.774874163982264,-0.266565062873939,-0.956087948488743,-0.174818109457066
"Grays Harbour","Chum",1980,32511,24700,0,0,0.59266094552613,0.400449078773338,0.00688997570053213,0,0,0,0.274775249975036,104,46.95083,-124.0497,"SC","WC",12.0680058717728,-0.121605609214467,223.2,-50.6883073338683,1.31623481781377,-0.525066138734789,0.274775249975036,0.250816573162226,-0.332737879172136,-1.09581318178738,-0.575828737260924
"Grays Harbour","Chum",1981,56007,18050,0,0,0.589426321709786,0.363883086042816,0.0467084471583909,0,0,0,1.13233099814441,104,46.95083,-124.0497,"SC","WC",11.581763958931,-0.607847522056265,431,148.341946054577,3.10288088642659,0.3188642221046,1.13233099814441,-0.24705520800645,-1.06326901877371,0.267327826637849,1.50936942976145
"Grays Harbour","Chum",1982,75005,35100,0,0,0.322471835210986,0.636890873941737,0.0406372908472768,0,0,0,0.759353647509034,104,46.95083,-124.0497,"SC","WC",13.0100405931473,0.820429112160038,308.8,17.2345438819623,2.13689458689459,-0.137423780679802,0.759353647509034,1.02944311814782,1.08257758495133,-0.534288300549655,0.135784710659281
"Grays Harbour","Chum",1983,19300,21000,0,0,0.100310880829016,0.793160621761658,0.106528497409326,0,0,0,-0.0844173418125832,104,46.95083,-124.0497,"SC","WC",11.7034552574158,-0.486156223571467,326.3,25.7214716941774,0.919047619047619,-0.712679310623809,-0.0844173418125832,-0.026194793803804,-0.880439689146138,-0.419490573661101,0.224700471034379
"Grays Harbour","Chum",1984,193236,23700,0,0,0.255526920449606,0.685969488087106,0.0585035914632884,0,0,0,2.09843719168277,104,46.95083,-124.0497,"SC","WC",11.9402288198471,-0.249382661140127,261.8,-47.8680562837991,8.15341772151899,2.70450816611274,2.09843719168277,0.17594863614438,-0.524710460911614,-0.842602195621772,-0.546281559281555
"Grays Harbour","Chum",1985,10288,31300,0,0,0.226477449455677,0.657076205287714,0.116543545878694,0,0,0,-1.11263993005084,104,46.95083,-124.0497,"SC","WC",12.1046892404556,-0.0849222405316027,270.3,-48.5060334477533,0.328690095846645,-0.991537359977741,-1.11263993005084,0.74494495748001,-0.277624688761015,-0.786843299704475,-0.552965512048691
"Grays Harbour","Chum",1986,13438,19550,0,0,0.0737460931686263,0.679639827355261,0.246614079476113,0,0,0,-0.374888771933417,104,46.95083,-124.0497,"SC","WC",12.2881583690643,0.0985468880771012,212.2,-115.764248823289,0.687365728900256,-0.822115300541959,-0.374888771933417,-0.134753302479681,-0.00198018329068552,-1.16797175297448,-1.25761570984824
"Grays Harbour","Chum",1987,34178,9475,0,0,0.0473403944057581,0.870150389139212,0.0825092164550296,0,0,0,1.28292541125623,104,46.95083,-124.0497,"SC","WC",12.1179952383041,-0.0716162426830937,364.4,27.286769793309,3.60717678100264,0.557070671471384,1.28292541125623,-0.889047767934479,-0.257633722299492,-0.169559522549449,0.241099770495565
"Grays Harbour","Chum",1988,108456,62175,0,0,0.113871062919525,0.724238400826141,0.161890536254334,0,0,0,0.55639157108762,104,46.95083,-124.0497,"SC","WC",12.5809780359268,0.391366554939581,303,-43.2216979870615,1.74436670687575,-0.322836102260099,0.55639157108762,3.05649251290601,0.437952860902482,-0.572335547175576,-0.49760263917398
"Grays Harbour","Chum",1989,25037,9080,0,0,0.0629468386787554,0.672484722610536,0.264568438710708,0,0,0,1.0142805381344,104,46.95083,-124.0497,"SC","WC",12.5305316925049,0.340920211517646,486,130.743381846267,2.75737885462555,0.15566477287346,1.0142805381344,-0.918620603056528,0.362162140737335,0.628120682573306,1.32499296837106
"Grays Harbour","Chum",1990,24885,8972,0,0,0.140204942736588,0.63254972875226,0.227245328511151,0,0,0,1.02015659565256,104,46.95083,-124.0497,"SC","WC",11.8287227869034,-0.360888694083856,277.2,-86.9838643363977,2.77362906821222,0.163340634845697,1.02015659565256,-0.926706340254456,-0.692237420574049,-0.741580195959845,-0.956089665658678
"Grays Harbour","Chum",1991,9415,17936,0,0,0.275517790759426,0.669144981412639,0.055231014338821,0,0,0,-0.644505704220688,104,46.95083,-124.0497,"SC","WC",13.3671099424362,1.17749846144899,398.6,25.6305823493315,0.524921944692239,-0.89884635759414,-0.644505704220688,-0.255590152826484,1.61903952244317,0.0547880351413262,0.22374824245582
"Grays Harbour","Chum",1992,21960,38300,0,0,0.384426229508197,0.600956284153006,0.0146174863387978,0,0,0,-0.55622727954527,104,46.95083,-124.0497,"SC","WC",12.9994292497635,0.809817768776252,453.7,72.1190405954069,0.573368146214099,-0.875962574930132,-0.55622727954527,1.26902051660493,1.06663507450513,0.416236878087574,0.710798056602519
"Grays Harbour","Chum",1993,18932,21059,0,0,0.159623917177266,0.58266427213184,0.257711810690894,0,0,0,-0.10647441015364,104,46.95083,-124.0497,"SC","WC",12.6133075237274,0.423696042740175,434.9,44.9103454445051,0.898998053088941,-0.722149813893277,-0.10647441015364,-0.0217775855197511,0.486524769127488,0.292911320058727,0.425738271520495
"Grays Harbour","Chum",1994,34802,24592,0,0,0.0750244238836848,0.852163668754669,0.0728119073616459,0,0,0,0.347253669597147,104,46.95083,-124.0497,"SC","WC",13.0878978729248,0.898286391937576,424.3,26.1281093358687,1.41517566688354,-0.478330980650547,0.347253669597147,0.242730835964299,1.19955056860416,0.223376696914803,0.228960728209665
"Grays Harbour","Chum",1995,7014,12616,0,0,0.558597091531223,0.424721984602224,0.0165383518676932,0,0,0,-0.587057697942751,104,46.95083,-124.0497,"SC","WC",12.2731127500534,0.083501269066175,402,-4.11073275407784,0.555960684844642,-0.884185068132846,-0.587057697942751,-0.653887577761425,-0.0245847612009389,0.0770915935082452,-0.0878452700009377
"Grays Harbour","Chum",1996,17446,12413,0,0,0.551587756505789,0.388455806488593,0.0599564370056173,0,0,0,0.340366085477216,104,46.95083,-124.0497,"SC","WC",13.2510079860687,1.06139650508149,443.6,29.8031196413841,1.40546201562878,-0.482919267806304,0.340366085477216,-0.669085768976048,1.44460763523826,0.349982189997609,0.267463039402994
"Grays Harbour","Chum",1997,26061,13456,0,0,0.147768696519704,0.619201105099574,0.233030198380722,0,0,0,0.661014840715301,104,46.95083,-124.0497,"SC","WC",13.1103286504745,0.920717169487315,501.1,79.8710331213849,1.93675683709869,-0.231959753064064,0.661014840715301,-0.590998510666434,1.23325062829212,0.727174721202858,0.792014054325199
"Grays Harbour","Chum",1998,35939,35188,0,0,0.241882077965441,0.720220373410501,0.0378975486240574,0,0,0,0.0211179414265226,104,46.95083,-124.0497,"SC","WC",11.4359775781631,-0.753633902824092,381.8,-46.6131174327623,1.02134250312607,-0.664359858915405,0.0211179414265226,1.0360314966054,-1.28229886393509,-0.0554177826716859,-0.533133828485072
"Grays Harbour","Chum",1999,81208,12260,0,0,0.403543985814205,0.543702590877746,0.0527411092503202,0,0,0,1.89067183397406,104,46.95083,-124.0497,"SC","WC",12.5061069726944,0.316495491707161,401.8,-33.5617709907838,6.62381729200653,1.98199447686214,1.89067183397406,-0.680540563339778,0.325466376907926,0.0757796194866618,-0.396397612685391
"Grays Harbour","Chum",2000,28395,8936,0,0,0.111040676175383,0.799260433174855,0.0896636731818982,0,0,0,1.1561250115625,104,46.95083,-124.0497,"SC","WC",11.734626698494,-0.454984782493276,382.9,-59.1918651272497,3.17759623992838,0.35415635765888,1.1561250115625,-0.929401585987098,-0.833607633388569,-0.048201925552977,-0.66491872645629
"Grays Harbour","Chum",2001,23737,24898,0,0,0.209209251379703,0.737666933479378,0.0531238151409192,0,0,0,-0.0477524667607793,104,46.95083,-124.0497,"SC","WC",11.7379542827606,-0.451657198226611,466.3,17.6774341079921,0.953369748574183,-0.696467097323712,-0.0477524667607793,0.26564042469176,-0.828608261959973,0.498891241447333,0.140424778547388
"Grays Harbour","Chum",2002,16690,56175,0,0,0.0783103654883164,0.760215698022768,0.161473936488916,0,0,0,-1.21366208039765,104,46.95083,-124.0497,"SC","WC",12.7820402383804,0.5924287573932,361.3,-93.6727903862989,0.2971072541166,-1.00645565828305,-1.21366208039765,2.60728489079893,0.740029247182729,-0.189895119883992,-1.02616813916281
"Grays Harbour","Chum",2003,9027,37947,0,0,0.134817768915476,0.833499501495513,0.0316827295890107,0,0,0,-1.4359703630175,104,46.95083,-124.0497,"SC","WC",13.3228738307953,1.13326234980805,594.5,133.341193044483,0.237884417740533,-1.03442983321944,-1.4359703630175,1.24259213483763,1.55257907097832,1.33986658928234,1.35220969073648
"Grays Harbour","Chum",2004,5627,17063,0,0,0.268704460636218,0.587702150346543,0.143593389017238,0,0,0,-1.10933593609399,104,46.95083,-124.0497,"SC","WC",13.0827518701553,0.893140389168103,347.5,-119.692201844423,0.329777881966829,-0.991023539278135,-1.10933593609399,-0.320949861843064,1.19181920039362,-0.280421327373252,-1.29876804875339
"Grays Harbour","Chum",2005,17548,14490,0,0,0.154604513334853,0.699794848415774,0.145543651698199,0,0,0,0.191481226971377,104,46.95083,-124.0497,"SC","WC",12.240718960762,0.0511074797747898,550,76.9215300470468,1.21104209799862,-0.574754396275466,0.191481226971377,-0.513585063789982,-0.0732532761562681,1.04795236948002,0.761112730031383
"Grays Harbour","Chum",2006,40589,10826,0,0,0.144571189238464,0.815664342555865,0.0397644682056715,0,0,0,1.32154644556253,104,46.95083,-124.0497,"SC","WC",12.1648407459259,-0.0247707350613354,331.7,-147.116423405168,3.74921485313135,0.624162998021311,1.32154644556253,-0.787901185023369,-0.187252907391683,-0.384067275078347,-1.58608585876931
"Grays Harbour","Chum",2007,61441,11051,0,0,0.106264546475481,0.719226575088296,0.174492602659462,0,0,0,1.71555644314198,104,46.95083,-124.0497,"SC","WC",10.8769217848778,-1.31268969610946,657.6,173.201478578285,5.55976834675595,1.47938613932314,1.71555644314198,-0.771055899194354,-2.12222577065261,1.75379439309193,1.76981753133875
"Grays Harbour","Chum",2008,27600,3938,0,0,0.0917028985507246,0.799891304347826,0.108405797101449,0,0,0,1.94714279250617,104,46.95083,-124.0497,"SC","WC",11.503528547287,-0.686082933700253,410.3,-79.512118210272,7.00863382427628,2.16376430841447,1.94714279250617,-1.30359153520229,-1.18081010874568,0.13153851540396,-0.877809750613569
"Grays Harbour","Chum",2009,34977,14585,0,0,0.120707893758756,0.809274666209223,0.070017440032021,0,0,0,0.874697099299579,104,46.95083,-124.0497,"SC","WC",12.0760219573975,-0.113589523589769,654.8,159.758485773777,2.39814878299623,-0.0140191781341806,0.874697099299579,-0.506472609773286,-0.320694490867064,1.73542675678976,1.62897811884729
"Grays Harbour","Chum",2010,33647,33537,0,0,0.23348292566945,0.66124765952388,0.105269414806669,0,0,0,0.00327459211400704,104,46.95083,-124.0497,"SC","WC",11.9932384252548,-0.196373055732417,437.6,-62.470593004989,1.00327995944777,-0.672891783213054,0.00327459211400704,0.912424532588931,-0.445068689140031,0.310622969350104,-0.699269269875858
"Grays Harbour","Chum",2011,40019,29043,0,0,0.0696419200879582,0.806042129988256,0.124290961793148,0,0,0,0.320576850931103,104,46.95083,-124.0497,"SC","WC",12.0241464614868,-0.165465019500416,578.3,73.4142570728227,1.37792239093758,-0.495927734234728,0.320576850931103,0.575968023630731,-0.398632373522054,1.23359669353408,0.724367767631995
"Grays Harbour","Chum",2012,79759,25452,0,0,0.137852781504282,0.766922855100992,0.0952118256246944,0,0,0,1.1422152625916,104,46.95083,-124.0497,"SC","WC",12.4324535131455,0.242842032158216,359.3,-150.178710666804,3.13370265597988,0.333423024520914,1.1422152625916,0.307117261799646,0.214809223917094,-0.203014860099827,-1.61816879930798
"Grays Harbour","Chum",2013,14543,21284,0,0,0.153338375850925,0.805679708450801,0.0409819156982741,0,0,0,-0.38084583853855,104,46.95083,-124.0497,"SC","WC",12.7825380563736,0.592926575386367,552.7,38.850982827287,0.683283217440331,-0.824043693316573,-0.38084583853855,-0.00493229969073577,0.740777170256116,1.0656640187714,0.362255601887916
"Grays Harbour","Chum",2014,24537,14711,0,0,0.355911480621103,0.61816848025431,0.0259200391245874,0,0,0,0.511586669152872,104,46.95083,-124.0497,"SC","WC",13.5470351457596,1.35742366477235,432.2,-85.8055900084864,1.66793555842567,-0.358938701327708,0.511586669152872,-0.497039249709038,1.8893596251646,0.27519967076735,-0.943745132970901
"Grays Harbour","Chum",2015,57455,33705,0,0,0.459872944043164,0.530310677921852,0.0098163780349839,0,0,0,0.533355838404195,104,46.95083,-124.0497,"SC","WC",13.5482286930084,1.35861721202118,512.8,-9.16732517828621,1.70464322800771,-0.34159966738015,0.533355838404195,0.92500234600793,1.89115281371711,0.803925201465491,-0.140822126910022
"Grays Harbour","Chum",2016,22594,62811,0,0,0.328140214216164,0.646410551473843,0.0254492343099938,0,0,0,-1.0224458330665,104,46.95083,-124.0497,"SC","WC",12.682587313652,0.492975832664804,701.3,175.537619931456,0.359714062823391,-0.976883048692864,-1.0224458330665,3.10410852084936,0.590610909273666,2.04046071680792,1.7942927936901
"Grays Harbour","Chum",2017,39430,18627,0,0,0.440806492518387,0.514988587370023,0.0441795587116409,0,0,0,0.74991480683867,104,46.95083,-124.0497,"SC","WC",12.9886626005173,0.799051119530036,638.8,109.373894221988,2.11681967037097,-0.146906258403414,0.74991480683867,-0.203856408347153,1.05045923211927,1.63046883506308,1.10110933427155
"Grays Harbour","Chum",2018,109024,28413,0,0,0.364222556501321,0.607866157910185,0.027902113296155,0,0,0,1.34472125456648,104,46.95083,-124.0497,"SC","WC",12.8765825271606,0.686971046173405,312.9,-220.09763796564,3.83711681272657,0.665683886675704,1.34472125456648,0.528801223309488,0.882069832617855,-0.507392833107194,-2.35069471716007
"Grays Harbour","Chum",2019,107667,27930,0,0,0.190169689877121,0.779180250215944,0.0306500599069353,0,0,0,1.3493417505679,104,46.95083,-124.0497,"SC","WC",12.6865432024002,0.496931721412976,797.2,260.684735027627,3.85488721804511,0.674077818096259,1.3493417505679,0.492640009729869,0.596554247021844,2.6695522601572,2.6863612370702
"S Sound Summer","Chum",1968,128509,22007,0,0,0.077854469336778,0.903866655253718,0.0182788754095044,0,0,0,1.76463835622577,105,47.042,-122.835,"SC","WC",11.7831502358119,-0.530288171006122,132.2,-65.2451763112484,5.83946017176353,0.962083320080136,1.76463835622577,-0.233576432737438,-0.949680918708064,-1.63058015229199,-0.730020716680975
"S Sound Summer","Chum",1969,41801,3439,0,0,0.41130594961843,0.570871510250951,0.0178225401306189,0,0,0,2.4977395312394,105,47.042,-122.835,"SC","WC",11.6897964080175,-0.623641998800511,202.8,2.28046936379511,12.1549869148008,3.0286616241699,2.4977395312394,-0.953069224487292,-1.09253647683987,-1.1725039319467,-0.0127625190161357
"S Sound Summer","Chum",1970,29271,5410,0,0,0.512520925147757,0.48255952991015,0.00491954494209286,0,0,0,1.68834817193553,105,47.042,-122.835,"SC","WC",11.1228460470835,-1.19059235973446,126.2,-78.1640583855578,5.41053604436229,0.821729976352272,1.68834817193553,-0.876694801149347,-1.96011750868179,-1.66951014268961,-0.867245233082578
"S Sound Summer","Chum",1971,13755,4809,0,0,0.564303889494729,0.43009814612868,0.00559796437659033,0,0,0,1.05091323208101,105,47.042,-122.835,"SC","WC",11.7714772224426,-0.541961184375357,158.6,-50.3442287528231,2.86026200873362,-0.0127753952422774,1.05091323208101,-0.89998299416107,-0.967543655345012,-1.45928819454248,-0.571742677538812
"S Sound Summer","Chum",1972,74853,33523,0,0,0.0319559670287096,0.966841676352317,0.00120235661897319,0,0,0,0.803294419806984,105,47.042,-122.835,"SC","WC",11.9240743716558,-0.389364035162217,133.9,-80.3137308338856,2.23288488500433,-0.218066894294292,0.803294419806984,0.212657894588677,-0.734030456848442,-1.619549988346,-0.89007907895615
"S Sound Summer","Chum",1973,10407,9643,0,0,0.412126453348708,0.57057749591621,0.0172960507350822,0,0,0,0.076246393127475,105,47.042,-122.835,"SC","WC",11.7557787100474,-0.557659696770599,228.3,8.18300003622602,1.07922845587473,-0.595568477901919,0.076246393127475,-0.712669974163289,-0.991566449086268,-1.00705147275682,0.0499342307808666
"S Sound Summer","Chum",1974,13737,19729,0,0,0.291839557399723,0.70452063769382,0.00363980490645701,0,0,0,-0.361996712169764,105,47.042,-122.835,"SC","WC",11.6031068960826,-0.710331510735422,199,-27.5920951201788,0.696284657103756,-0.720876053726578,-0.361996712169764,-0.321846821557245,-1.22519390400945,-1.19715959253185,-0.330069248144099
"S Sound Summer","Chum",1975,5537,5803,0,0,0.921256998374571,0.0733249051833123,0.00541809644211667,0,0,0,-0.0469221873676411,105,47.042,-122.835,"SC","WC",11.535138686498,-0.77829972031999,279.1,45.5262969845521,0.95416164053076,-0.636493071790527,-0.0469221873676411,-0.861466415369635,-1.32920288516027,-0.677444220723664,0.446595167470266
"S Sound Summer","Chum",1976,7693,32743,0,0,0.138437540621344,0.688808007279345,0.172754452099311,0,0,0,-1.4483783743007,105,47.042,-122.835,"SC","WC",12.0012171268463,-0.312221279971681,234.1,-6.89603449935734,0.234950981889259,-0.871834509439769,-1.4483783743007,0.182433617468638,-0.615982042456249,-0.969419148705793,-0.110235450314322
"S Sound Summer","Chum",1977,22230,3835,0,0,0.438686459739091,0.524336482231219,0.0369770580296896,0,0,0,1.75727329315689,105,47.042,-122.835,"SC","WC",12.6400055090586,0.326567102240639,319.9,71.1046092155224,5.79661016949153,0.948061863338915,1.75727329315689,-0.937724591487888,0.361529785661204,-0.412720286019867,0.718288298971486
"S Sound Summer","Chum",1978,4837,5875,0,0,0.208186892702088,0.682861277651437,0.108951829646475,0,0,0,-0.194411366189377,105,47.042,-122.835,"SC","WC",12.2091901699702,-0.104248236847794,244.5,-12.4122105457951,0.82331914893617,-0.679307593109834,-0.194411366189377,-0.858676482097016,-0.297729370297273,-0.901940498683257,-0.168828336757941
"S Sound Summer","Chum",1979,5448,1005,0,0,0.505323054331865,0.463289280469897,0.0313876651982379,0,0,0,1.69026102733617,105,47.042,-122.835,"SC","WC",12.4531836509705,0.139745244152467,297.9,32.6075384498225,5.42089552238806,0.825119823850479,1.69026102733617,-1.04738446873111,0.0756439099669756,-0.555463584144464,0.309371963307525
"S Sound Summer","Chum",1980,15112,7555,0,0,0.118382742191636,0.861103758602435,0.0205134992059291,0,0,0,0.693279534474506,105,47.042,-122.835,"SC","WC",12.1558976173401,-0.157540789477896,223.2,-50.6883073338683,2.00026472534745,-0.294185291793088,0.693279534474506,-0.79357803906924,-0.3792807917024,-1.0401419645948,-0.575397484248594
"S Sound Summer","Chum",1981,10129,6294,0,0,0.573896732155198,0.38177510119459,0.0443281666502123,0,0,0,0.475805798062445,105,47.042,-122.835,"SC","WC",11.7076369126638,-0.60580149415421,431,148.341946054577,1.60931045440102,-0.422114069091017,0.475805798062445,-0.842440620413303,-1.06523587965157,0.308133369509346,1.53870419370001
"S Sound Summer","Chum",1982,19455,4089,0,0,0.171164225134927,0.755075815985608,0.0737599588794654,0,0,0,1.55980366505401,105,47.042,-122.835,"SC","WC",13.1806500752767,0.867211668458698,308.8,17.2345438819623,4.75788701393984,0.608168957401125,1.55980366505401,-0.927882326887259,1.18885613191577,-0.484740768255459,0.146079835313405
"S Sound Summer","Chum",1983,16976,1769,0,0,0.25630301602262,0.620876531573987,0.122820452403393,0,0,0,2.26138616669398,105,47.042,-122.835,"SC","WC",11.8460661967595,-0.467372210058452,326.3,25.7214716941774,9.59638213680045,2.19143025169802,2.26138616669398,-1.01778017678276,-0.85340318774695,-0.371194962929075,0.236228081738108
"S Sound Summer","Chum",1984,91579,8034,0,0,0.172310245798709,0.789274833750096,0.0384149204511951,0,0,0,2.43351945181752,105,47.042,-122.835,"SC","WC",12.082311630249,-0.231126776568966,261.8,-47.8680562837991,11.398929549415,2.78126313920961,2.43351945181752,-0.775017232991677,-0.491886428824509,-0.78969235970346,-0.545440744628959
"S Sound Summer","Chum",1985,43916,4022,0,0,0.271017396848529,0.639174788232079,0.0898078149193916,0,0,0,2.39049942702203,105,47.042,-122.835,"SC","WC",12.230163693428,-0.0832747133899507,270.3,-48.5060334477533,10.9189457981104,2.62420197121515,2.39049942702203,-0.930478514793724,-0.265634442104721,-0.734541539973503,-0.552217345521771
"S Sound Summer","Chum",1986,61065,10019,0,0,0.0879390813068042,0.800196511913535,0.111864406779661,0,0,0,1.80745558034593,105,47.042,-122.835,"SC","WC",12.4118976593018,0.0984592524837816,212.2,-115.764248823289,6.09491965265995,1.04567524238125,1.80745558034593,-0.698100322628501,0.0124656394857122,-1.1115136136571,-1.26663489541925
"S Sound Summer","Chum",1987,28878,19058,0,0,0.0682872775122931,0.742676085601496,0.189036636886211,0,0,0,0.415593098623031,105,47.042,-122.835,"SC","WC",12.2657570441564,-0.0476813626615948,364.4,27.286769793309,1.51526917829783,-0.452886428830927,0.415593098623031,-0.347847449695125,-0.211167388056552,-0.123989523904206,0.25285469644379
"S Sound Summer","Chum",1988,150290,31282,0,0,0.0761061946902655,0.867928671235611,0.0559651340741234,0,0,0,1.56952390869395,105,47.042,-122.835,"SC","WC",12.7490382989248,0.435599892106773,303,-43.2216979870615,4.80436033501694,0.62337604320166,1.56952390869395,0.125821221478411,0.528378220470974,-0.522373092306489,-0.496087072489919
"S Sound Summer","Chum",1989,31869,7424,0,0,0.171294988860648,0.62439988703756,0.204305124101792,0,0,0,1.45691575498209,105,47.042,-122.835,"SC","WC",12.6095175743103,0.29607916749231,486,130.743381846267,4.29269935344828,0.455949393520409,1.45691575498209,-0.798654167662477,0.314875341621145,0.664991614820837,1.35177203897044
"S Sound Summer","Chum",1990,69011,14385,0,0,0.105794728376636,0.798206083088203,0.0959991885351611,0,0,0,1.56807991517754,105,47.042,-122.835,"SC","WC",11.8832871516546,-0.430151255163436,277.2,-86.9838643363977,4.79742787625999,0.621107591266609,1.56807991517754,-0.528921868902743,-0.796445477373922,-0.689772051016243,-0.960929314986752
"S Sound Summer","Chum",1991,7443,12181,0,0,0.300147789869676,0.607685073223163,0.0921671369071611,0,0,0,-0.492603367340048,105,47.042,-122.835,"SC","WC",13.4799647331238,1.16652632630579,398.6,25.6305823493315,0.611033576882029,-0.748772069364651,-0.492603367340048,-0.614324826303469,1.64688515454945,0.0979114213622126,0.235262654054754
"S Sound Summer","Chum",1992,177629,27760,0,0,0.29513761829431,0.683458219097107,0.0214041626085831,0,0,0,1.85610096987767,105,47.042,-122.835,"SC","WC",13.1843131780624,0.870874771244452,453.7,72.1190405954069,6.39873919308357,1.14509163251691,1.85610096987767,-0.0106530144405345,1.19446162882271,0.455418499846997,0.729063600946266
"S Sound Summer","Chum",1993,17264,33177,0,0,0.172903151065802,0.627896200185357,0.199200648748842,0,0,0,-0.653233456245554,105,47.042,-122.835,"SC","WC",12.7267109553019,0.413272548483932,434.9,44.9103454445051,0.52036049070139,-0.778442283788547,-0.653233456245554,0.199250715250814,0.494211596453514,0.333437863267797,0.440052523012055
"S Sound Summer","Chum",1994,54084,54391,0,0,0.0379964499667184,0.916111973966423,0.045891576066859,0,0,0,-0.00566030550201381,105,47.042,-122.835,"SC","WC",13.2656398614248,0.952201454606786,424.3,26.1281093358687,0.994355683844754,-0.623340702836042,-0.00566030550201381,1.02127355476942,1.3189125379844,0.264661546898673,0.240547391521324
"S Sound Summer","Chum",1995,50147,55179,0,0,0.688336291303568,0.298402696073544,0.0132610126228887,0,0,0,-0.0956237540365303,105,47.042,-122.835,"SC","WC",12.4049975077311,0.0915591009131358,402,-4.11073275407784,0.908805886297323,-0.651334465308143,-0.0956237540365303,1.0518078244753,0.00190661874593366,0.119971749254196,-0.080649942618684
"S Sound Summer","Chum",1996,47511,114316,0,0,0.128370272147503,0.782471427669382,0.0891583001831155,0,0,0,-0.878005280328617,105,47.042,-122.835,"SC","WC",13.3769478003184,1.06350939350041,443.6,29.8031196413841,0.41561111305504,-0.812718568256744,-0.878005280328617,3.34331176812627,1.48924254062951,0.389886349344342,0.279583393943555
"S Sound Summer","Chum",1997,56728,16001,0,0,0.0200958962064589,0.91736003384572,0.0625440699478212,0,0,0,1.26561669571496,105,47.042,-122.835,"SC","WC",13.2548669179281,0.941428511110069,501.1,79.8710331213849,3.54527842009874,0.211376937773063,1.26561669571496,-0.466303366561739,1.30242714159192,0.762965423988174,0.81140535616993
"S Sound Summer","Chum",1998,75468,80404,0,0,0.368831822759315,0.59944612286002,0.0317220543806647,0,0,0,-0.063355200841783,105,47.042,-122.835,"SC","WC",11.6219393412272,-0.691499065590772,381.8,-46.6131174327623,0.93861001940202,-0.641581901927064,-0.063355200841783,2.02925319672272,-1.19637538070207,-0.0110925517511157,-0.532110769484317
"S Sound Summer","Chum",1999,42079,23461,0,0,0.231897145844721,0.597281304213503,0.170821549941776,0,0,0,0.584209335825696,105,47.042,-122.835,"SC","WC",12.6896610657374,0.376222658919411,401.8,-33.5617709907838,1.79357231149567,-0.361819564509445,0.584209335825696,-0.177235280259827,0.437515660384146,0.118674082907608,-0.393479215020963
"S Sound Summer","Chum",2000,201832,27705,0,0,0.106737286456062,0.80230092354037,0.0909617900035673,0,0,0,1.98582276587325,105,47.042,-122.835,"SC","WC",11.8908534049988,-0.422585001819208,382.9,-59.1918651272497,7.28503880166035,1.43510822440726,1.98582276587325,-0.0127842134682296,-0.784867148236343,-0.00395538684488609,-0.665722374527633
"S Sound Summer","Chum",2001,30102,62821,0,0,0.301641086970965,0.698358913029035,0,0,0,0,-0.735697797750925,105,47.042,-122.835,"SC","WC",11.8111705382665,-0.502267868551482,466.3,17.6774341079921,0.479170977857723,-0.791920392117768,-0.735697797750925,1.34792824210522,-0.906802591801149,0.537171479681994,0.15078422047122
"S Sound Summer","Chum",2002,78677,46798,0,0,0.0713296134829747,0.901368887985053,0.0273014985319725,0,0,0,0.519510396695571,105,47.042,-122.835,"SC","WC",12.9054472843806,0.592008877562607,361.3,-93.6727903862989,1.68120432497115,-0.398588824220337,0.519510396695571,0.727051841727804,0.767724516622162,-0.144103352276308,-1.03197916567539
"S Sound Summer","Chum",2003,51970,45945,0,0,0.151625938041178,0.806850105830287,0.0415239561285357,0,0,0,0.123221600067502,105,47.042,-122.835,"SC","WC",13.4064484039942,1.09300999717625,594.5,133.341193044483,1.1311350527805,-0.578583505568002,0.123221600067502,0.693998882261915,1.53438611216703,1.36897560784442,1.37936601988361
"S Sound Summer","Chum",2004,42583,120782,0,0,0.320127750510767,0.606462672897635,0.0734095765915976,0,0,0,-1.04253215517919,105,47.042,-122.835,"SC","WC",13.2303555409114,0.916917134093373,347.5,-119.692201844423,0.352560812041529,-0.833350003993201,-1.04253215517919,3.59386327563674,1.26491838027994,-0.233642330190828,-1.30835765832343
"S Sound Summer","Chum",2005,29101,24701,0,0,0.140304456891516,0.644582660389677,0.215112882718807,0,0,0,0.163928809203816,105,47.042,-122.835,"SC","WC",12.3554545640945,0.0420161572765541,550,76.9215300470468,1.17813044006316,-0.563205588301211,0.163928809203816,-0.129186429453611,-0.0739069288279767,1.08024484572875,0.780075700037688
"S Sound Summer","Chum",2006,41793,63345,0,0,0.0747972148445912,0.857177039217094,0.068025745938315,0,0,0,-0.415867115661819,105,47.042,-122.835,"SC","WC",12.2926810979843,-0.0207573088336788,331.7,-147.116423405168,0.6597679374852,-0.732825122041969,-0.415867115661819,1.36823275647817,-0.169966605746596,-0.33615797157122,-1.59965806030227
"S Sound Summer","Chum",2007,44996,52669,0,0,0.155591608142946,0.692217085963197,0.152191305893857,0,0,0,-0.157453450244362,105,47.042,-122.835,"SC","WC",10.9832590421041,-1.33017936471391,657.6,173.201478578285,0.854316580910972,-0.669164556272527,-0.157453450244362,0.954547650665945,-2.17372181367297,1.77838934019269,1.80276243874891
"S Sound Summer","Chum",2008,30154,20872,0,0,0.193042382436824,0.668335875837368,0.138621741725808,0,0,0,0.367909036522299,105,47.042,-122.835,"SC","WC",11.6028572718302,-0.710581134987753,410.3,-79.512118210272,1.44471061709467,-0.475974731308783,0.367909036522299,-0.277556630854418,-1.22557589382961,0.173824902637566,-0.881564340298108
"S Sound Summer","Chum",2009,46598,21659,0,0,0.256126872397957,0.697905489505987,0.0459676380960556,0,0,0,0.766136549300282,105,47.042,-122.835,"SC","WC",12.2522352139155,-0.0612031929024726,654.8,159.758485773777,2.15143820120966,-0.24471802831976,0.766136549300282,-0.247061110221763,-0.23185929380549,1.76022201134047,1.65997081204483
"S Sound Summer","Chum",2010,28681,43739,0,0,0.0568669153795195,0.749102193089502,0.194030891530979,0,0,0,-0.422005269991683,105,47.042,-122.835,"SC","WC",12.1831931273142,-0.130245279503741,437.6,-62.470593004989,0.655730583689613,-0.734146232394181,-0.422005269991683,0.608518426714728,-0.337511585190178,0.350956358946725,-0.700549060369897
"S Sound Summer","Chum",2011,14928,38515,0,0,0.113210075026795,0.789389067524116,0.097400857449089,0,0,0,-0.947809131699941,105,47.042,-122.835,"SC","WC",12.2336014906565,-0.0798369161614496,578.3,73.4142570728227,0.387589250941192,-0.821887933638423,-0.947809131699941,0.406093268156928,-0.260373721109936,1.26386463377085,0.742821405509109
"S Sound Summer","Chum",2012,28601,24521,0,0,0.532184189364008,0.413551973707213,0.0542638369287787,0,0,0,0.153911788978846,105,47.042,-122.835,"SC","WC",12.5151118834813,0.201673476663356,359.3,-150.178710666804,1.16638799396436,-0.567047973161899,0.153911788978846,-0.136161262635158,0.170410160355169,-0.15708001574218,-1.63218571139032
"S Sound Summer","Chum",2013,37380,35441,0,0,0.160807918673087,0.825147137506688,0.0140449438202247,0,0,0,0.0532664599843314,105,47.042,-122.835,"SC","WC",12.8390357891719,0.525597382353871,552.7,38.850982827287,1.05471064586214,-0.603591240894993,0.0532664599843314,0.286978617045389,0.666097712038344,1.09776334140768,0.375689902464321
"S Sound Summer","Chum",2014,20139,20593,0,0,0.3178906599136,0.677987983514574,0.00412135657182581,0,0,0,-0.0222929785984868,105,47.042,-122.835,"SC","WC",13.5416258573532,1.22818745053523,432.2,-85.8055900084864,0.9779536735784,-0.628707798873957,-0.0222929785984868,-0.288367622285817,1.74124266002027,0.315919367588869,-0.948413671302878
"S Sound Summer","Chum",2015,21360,32521,0,0,0.553183520599251,0.375514981273408,0.0713014981273408,0,0,0,-0.420366020422338,105,47.042,-122.835,"SC","WC",13.6416697104772,1.3282313036592,512.8,-9.16732517828621,0.656806371267796,-0.733794211199538,-0.420366020422338,0.173831323211396,1.89433569126864,0.838878905263527,-0.134361126454929
"S Sound Summer","Chum",2016,22540,19068,0,0,0.359538598047915,0.603593611357586,0.0368677905944987,0,0,0,0.167279971269051,105,47.042,-122.835,"SC","WC",12.8445776700973,0.531139263279361,701.3,175.537619931456,1.18208516886931,-0.561911514650368,0.167279971269051,-0.347459958962816,0.674578226564803,2.061929436922,1.82757695950935
"S Sound Summer","Chum",2017,31210,37372,0,0,0.295866709388017,0.592502403075937,0.111630887536046,0,0,0,-0.180183204648021,105,47.042,-122.835,"SC","WC",13.1297036806742,0.816265273856249,638.8,109.373894221988,0.835117200042813,-0.675447013075966,-0.180183204648021,0.361803077454101,1.11089494052503,1.65640870361349,1.12478509163828
"S Sound Summer","Chum",2018,86039,25358,0,0,0.236660119248248,0.752065923592789,0.0112739571589628,0,0,0,1.22170641972507,105,47.042,-122.835,"SC","WC",12.9597354332606,0.646297026442603,312.9,-220.09763796564,3.39297263191103,0.161539156973066,1.22170641972507,-0.103728288340963,0.850799458393973,-0.45813860815042,-2.37486537443806
"S Sound Summer","Chum",2019,26889,14769,0,0,0.370225742868831,0.572910855740266,0.0568634013909033,0,0,0,0.599186891599161,105,47.042,-122.835,"SC","WC",12.7598340113958,0.446395604577789,797.2,260.684735027627,1.82063782246598,-0.352963138112075,0.599186891599161,-0.514042224782109,0.544898459296898,2.68416045011058,2.73201061134204
"S Sound Fall","Chum",1968,327937,46975,0,0,0.235648920371901,0.73135388809436,0.0329971915337397,0,0,0,1.94320597146547,106,47.042,-122.835,"SC","WC",11.7831502358119,-0.530288171006122,132.2,-65.2451763112484,6.98109632783395,1.44486980922998,1.94320597146547,-0.950231005201333,-0.949680918708064,-1.63058015229199,-0.730020716680975
"S Sound Fall","Chum",1969,151088,35602,0,0,0.234962406015038,0.727503176956476,0.0375344170284867,0,0,0,1.44546063246547,106,47.042,-122.835,"SC","WC",11.6897964080175,-0.623641998800511,202.8,2.28046936379511,4.24380652772316,0.31413504704555,1.44546063246547,-1.07722308587422,-1.09253647683987,-1.1725039319467,-0.0127625190161357
"S Sound Fall","Chum",1970,177181,41655,0,0,0.39000795796389,0.604229573148362,0.00576246888774756,0,0,0,1.44775039951896,106,47.042,-122.835,"SC","WC",11.1228460470835,-1.19059235973446,126.2,-78.1640583855578,4.25353498979714,0.318153733795195,1.44775039951896,-1.00963466907012,-1.96011750868179,-1.66951014268961,-0.867245233082578
"S Sound Fall","Chum",1971,101659,43698,0,0,0.581493030621981,0.413627912924581,0.00487905645343747,0,0,0,0.844321740795939,106,47.042,-122.835,"SC","WC",11.7714772224426,-0.541961184375357,158.6,-50.3442287528231,2.32639937754588,-0.477918069828916,0.844321740795939,-0.986822322212241,-0.967543655345012,-1.45928819454248,-0.571742677538812
"S Sound Fall","Chum",1972,101964,65211,0,0,0.166725510964654,0.814248166019379,0.0190263230159664,0,0,0,0.446991643450567,106,47.042,-122.835,"SC","WC",11.9240743716558,-0.389364035162217,133.9,-80.3137308338856,1.56360123292083,-0.79301893296092,0.446991643450567,-0.746605964917259,-0.734030456848442,-1.619549988346,-0.89007907895615
"S Sound Fall","Chum",1973,293524,55301,0,0,0.559794088388002,0.434097382156144,0.00610852945585369,0,0,0,1.66916841609821,106,47.042,-122.835,"SC","WC",11.7557787100474,-0.557659696770599,228.3,8.18300003622602,5.30775212021482,0.753635558264546,1.66916841609821,-0.857262038026229,-0.991566449086268,-1.00705147275682,0.0499342307808666
"S Sound Fall","Chum",1974,296198,99537,0,0,0.290427349273121,0.704147225842173,0.0054254248847055,0,0,0,1.09049871527794,106,47.042,-122.835,"SC","WC",11.6031068960826,-0.710331510735422,199,-27.5920951201788,2.97575775842149,-0.209677529736255,1.09049871527794,-0.363318339736785,-1.22519390400945,-1.19715959253185,-0.330069248144099
"S Sound Fall","Chum",1975,100749,31104,0,0,0.877894569673148,0.113529662825437,0.00857576750141441,0,0,0,1.17529584694119,106,47.042,-122.835,"SC","WC",11.535138686498,-0.77829972031999,279.1,45.5262969845521,3.23910108024691,-0.100894218460601,1.17529584694119,-1.12744821370915,-1.32920288516027,-0.677444220723664,0.446595167470266
"S Sound Fall","Chum",1976,62192,53313,0,0,0.218790198096218,0.763828145099048,0.0173816568047337,0,0,0,0.154046170238408,106,47.042,-122.835,"SC","WC",12.0012171268463,-0.312221279971681,234.1,-6.89603449935734,1.1665447451841,-0.95703721601469,0.154046170238408,-0.879460249261409,-0.615982042456249,-0.969419148705793,-0.110235450314322
"S Sound Fall","Chum",1977,379119,54084,0,0,0.632582381785139,0.354361031760476,0.013056586454385,0,0,0,1.94731174647207,106,47.042,-122.835,"SC","WC",12.6400055090586,0.326567102240639,319.9,71.1046092155224,7.00981806079432,1.45673434103336,1.94731174647207,-0.870851184441326,0.361529785661204,-0.412720286019867,0.718288298971486
"S Sound Fall","Chum",1978,107106,105465,0,0,0.175891173230258,0.743207663436222,0.0809011633335201,0,0,0,0.0154398539742358,106,47.042,-122.835,"SC","WC",12.2091901699702,-0.104248236847794,244.5,-12.4122105457951,1.01555966434362,-1.01940696563735,0.0154398539742358,-0.297125685711561,-0.297729370297273,-0.901940498683257,-0.168828336757941
"S Sound Fall","Chum",1979,233700,18750,0,0,0.485507060333761,0.489050064184852,0.0254428754813864,0,0,0,2.52284448912839,106,47.042,-122.835,"SC","WC",12.4531836509705,0.139745244152467,297.9,32.6075384498225,12.464,3.70977788713094,2.52284448912839,-1.26539424067062,0.0756439099669756,-0.555463584144464,0.309371963307525
"S Sound Fall","Chum",1980,102442,85454,0,0,0.139630229788563,0.823802737158587,0.0365670330528494,0,0,0,0.181318565297741,106,47.042,-122.835,"SC","WC",12.1558976173401,-0.157540789477896,223.2,-50.6883073338683,1.19879701359796,-0.943714271161217,0.181318565297741,-0.520570557455617,-0.3792807917024,-1.0401419645948,-0.575397484248594
"S Sound Fall","Chum",1981,313764,43268,0,0,0.44099068089392,0.527746969059548,0.0312623500465318,0,0,0,1.98122777919638,106,47.042,-122.835,"SC","WC",11.7076369126638,-0.60580149415421,431,148.341946054577,7.25164093556439,1.55662786739027,1.98122777919638,-0.99162374617156,-1.06523587965157,0.308133369509346,1.53870419370001
"S Sound Fall","Chum",1982,212999,31149,0,0,0.37639613331518,0.569889999483566,0.0537138672012545,0,0,0,1.9225053288733,106,47.042,-122.835,"SC","WC",13.1806500752767,0.867211668458698,308.8,17.2345438819623,6.83806863783749,1.38578714248882,1.9225053288733,-1.12694573910876,1.18885613191577,-0.484740768255459,0.146079835313405
"S Sound Fall","Chum",1983,237151,36686,0,0,0.185388212573424,0.756269212442705,0.058342574983871,0,0,0,1.866301858163,106,47.042,-122.835,"SC","WC",11.8460661967595,-0.467372210058452,326.3,25.7214716941774,6.46434607207109,1.23140776456993,1.866301858163,-1.06511903105584,-0.85340318774695,-0.371194962929075,0.236228081738108
"S Sound Fall","Chum",1984,452574,73317,0,0,0.321938511713002,0.651108989911042,0.0269524983759562,0,0,0,1.82015878007692,106,47.042,-122.835,"SC","WC",12.082311630249,-0.231126776568966,261.8,-47.8680562837991,6.1728384958468,1.11099020780864,1.82015878007692,-0.65609354023297,-0.491886428824509,-0.78969235970346,-0.545440744628959
"S Sound Fall","Chum",1985,176076,99351,0,0,0.369544969217838,0.544810195597356,0.0856448351848066,0,0,0,0.572256685640896,106,47.042,-122.835,"SC","WC",12.230163693428,-0.0832747133899507,270.3,-48.5060334477533,1.77226198025183,-0.70682420103995,0.572256685640896,-0.365395234751747,-0.265634442104721,-0.734541539973503,-0.552217345521771
"S Sound Fall","Chum",1986,325913,89809,0,0,0.130764958746659,0.796172598208724,0.0730624430446162,0,0,0,1.28894528158127,106,47.042,-122.835,"SC","WC",12.4118976593018,0.0984592524837816,212.2,-115.764248823289,3.62895700876304,0.0601496178913388,1.28894528158127,-0.471942182239717,0.0124656394857122,-1.1115136136571,-1.26663489541925
"S Sound Fall","Chum",1987,144860,153538,0,0,0.0687422338809885,0.811038243821621,0.120219522297391,0,0,0,-0.0581803346261505,106,47.042,-122.835,"SC","WC",12.2657570441564,-0.0476813626615948,364.4,27.286769793309,0.943479790019409,-1.04918211752261,-0.0581803346261505,0.239662346838137,-0.211167388056552,-0.123989523904206,0.25285469644379
"S Sound Fall","Chum",1988,536352,93893,0,0,0.154967260306664,0.716766228148679,0.128266511544657,0,0,0,1.74263482590027,106,47.042,-122.835,"SC","WC",12.7490382989248,0.435599892106773,303,-43.2216979870615,5.71237472442035,0.920779294423671,1.74263482590027,-0.426339820728412,0.528378220470974,-0.522373092306489,-0.496087072489919
"S Sound Fall","Chum",1989,193146,47908,0,0,0.171315999295869,0.755749536619966,0.0729344640841643,0,0,0,1.39416387451929,106,47.042,-122.835,"SC","WC",12.6095175743103,0.29607916749231,486,130.743381846267,4.03160223762211,0.226476528940445,1.39416387451929,-0.939813031819833,0.314875341621145,0.664991614820837,1.35177203897044
"S Sound Fall","Chum",1990,579867,106807,0,0,0.389384117392437,0.565215816730388,0.0454000658771753,0,0,0,1.6917752994506,106,47.042,-122.835,"SC","WC",11.8832871516546,-0.430151255163436,277.2,-86.9838643363977,5.42911045156216,0.803766926864823,1.6917752994506,-0.282140776517591,-0.796445477373922,-0.689772051016243,-0.960929314986752
"S Sound Fall","Chum",1991,189258,82943,0,0,0.674840693656279,0.309667226748671,0.0154920795950501,0,0,0,0.824957538661017,106,47.042,-122.835,"SC","WC",13.4799647331238,1.16652632630579,398.6,25.6305823493315,2.28178387567366,-0.496348087321836,0.824957538661017,-0.548608640157597,1.64688515454945,0.0979114213622126,0.235262654054754
"S Sound Fall","Chum",1992,717516,138805,0,0,0.318862575886809,0.65380423572436,0.0273331883888304,0,0,0,1.64272517655807,106,47.042,-122.835,"SC","WC",13.1843131780624,0.870874771244452,453.7,72.1190405954069,5.16923741940132,0.696417141976629,1.64272517655807,0.0751521626691712,1.19446162882271,0.455418499846997,0.729063600946266
"S Sound Fall","Chum",1993,133070,133691,0,0,0.537611783271962,0.401014503644698,0.0613737130833396,0,0,0,-0.00465586140242909,106,47.042,-122.835,"SC","WC",12.7267109553019,0.413272548483932,434.9,44.9103454445051,0.995354960318944,-1.02775323617086,-0.00465586140242909,0.0180487158599612,0.494211596453514,0.333437863267797,0.440052523012055
"S Sound Fall","Chum",1994,299591,237123,0,0,0.118241202172295,0.85654108434499,0.0252177134827148,0,0,0,0.233839217288898,106,47.042,-122.835,"SC","WC",13.2656398614248,0.952201454606786,424.3,26.1281093358687,1.26344133635286,-0.917010637912782,0.233839217288898,1.17298100181425,1.3189125379844,0.264661546898673,0.240547391521324
"S Sound Fall","Chum",1995,455971,200592,0,0,0.696401744847808,0.298782159391716,0.00481609576047599,0,0,0,0.821156216627146,106,47.042,-122.835,"SC","WC",12.4049975077311,0.0915591009131358,402,-4.11073275407784,2.27312654542554,-0.499924305031359,0.821156216627146,0.765072121214471,0.00190661874593366,0.119971749254196,-0.080649942618684
"S Sound Fall","Chum",1996,260867,329074,0,0,0.272568013585467,0.668965411493213,0.0584665749213201,0,0,0,-0.232271950586555,106,47.042,-122.835,"SC","WC",13.3769478003184,1.06350939350041,443.6,29.8031196413841,0.792730510462692,-1.11145446105092,-0.232271950586555,2.1997152680547,1.48924254062951,0.389886349344342,0.279583393943555
"S Sound Fall","Chum",1997,395276,69872,0,0,0.104425768323905,0.820925125734929,0.0746491059411652,0,0,0,1.73291925833406,106,47.042,-122.835,"SC","WC",13.2548669179281,0.941428511110069,501.1,79.8710331213849,5.65714449278681,0.897964485838546,1.73291925833406,-0.694560762418681,1.30242714159192,0.762965423988174,0.81140535616993
"S Sound Fall","Chum",1998,951197,367456,0,0,0.510882603708801,0.476032830212879,0.0130845660783203,0,0,0,0.95111760786697,106,47.042,-122.835,"SC","WC",11.6219393412272,-0.691499065590772,381.8,-46.6131174327623,2.58860108421144,-0.369606343237587,0.95111760786697,2.62829260388401,-1.19637538070207,-0.0110925517511157,-0.532110769484317
"S Sound Fall","Chum",1999,805864,149638,0,0,0.358466192806727,0.577822064268909,0.0637117429243644,0,0,0,1.68369594979774,106,47.042,-122.835,"SC","WC",12.6896610657374,0.376222658919411,401.8,-33.5617709907838,5.38542348868603,0.785720475379742,1.68369594979774,0.196114548137332,0.437515660384146,0.118674082907608,-0.393479215020963
"S Sound Fall","Chum",2000,837397,95136,0,0,0.128161433585265,0.814309103089693,0.0575294633250418,0,0,0,2.17499082424562,106,47.042,-122.835,"SC","WC",11.8908534049988,-0.422585001819208,382.9,-59.1918651272497,8.80210435586949,2.19710184525093,2.17499082424562,-0.412460355655309,-0.784867148236343,-0.00395538684488609,-0.665722374527633
"S Sound Fall","Chum",2001,370715,274278,0,0,0.370726838676611,0.589663218375302,0.0396099429480868,0,0,0,0.301291382754094,106,47.042,-122.835,"SC","WC",11.8111705382665,-0.502267868551482,466.3,17.6774341079921,1.35160311800436,-0.880592283084065,0.301291382754094,1.58785753020615,-0.906802591801149,0.537171479681994,0.15078422047122
"S Sound Fall","Chum",2002,430803,262335,0,0,0.252739651302335,0.716573468615585,0.0306868800820793,0,0,0,0.496028596077023,106,47.042,-122.835,"SC","WC",12.9054472843806,0.592008877562607,361.3,-93.6727903862989,1.64218651723941,-0.760556490448778,0.496028596077023,1.45450077126161,0.767724516622162,-0.144103352276308,-1.03197916567539
"S Sound Fall","Chum",2003,1113890,262203,0,0,0.403573961522233,0.581559220389805,0.014866818087962,0,0,0,1.44649465943255,106,47.042,-122.835,"SC","WC",13.4064484039942,1.09300999717625,594.5,133.341193044483,4.248197007662,0.315948690704807,1.44649465943255,1.45302684576712,1.53438611216703,1.36897560784442,1.37936601988361
"S Sound Fall","Chum",2004,469918,311832,0,0,0.514732357560255,0.465953634463885,0.0193140079758596,0,0,0,0.410093630149126,106,47.042,-122.835,"SC","WC",13.2303555409114,0.916917134093373,347.5,-119.692201844423,1.50695887529182,-0.816417070337752,0.410093630149126,2.00718933338821,1.26491838027994,-0.233642330190828,-1.30835765832343
"S Sound Fall","Chum",2005,324303,131369,0,0,0.392620481463323,0.574795792823378,0.032583725713299,0,0,0,0.903668106599838,106,47.042,-122.835,"SC","WC",12.3554545640945,0.0420161572765541,550,76.9215300470468,2.46864176479991,-0.419159800274219,0.903668106599838,-0.00787897352036457,-0.0739069288279767,1.08024484572875,0.780075700037688
"S Sound Fall","Chum",2006,410386,310561,0,0,0.25160702363141,0.704066415520997,0.0443265608475923,0,0,0,0.278717840809055,106,47.042,-122.835,"SC","WC",12.2926810979843,-0.0207573088336788,331.7,-147.116423405168,1.32143443639092,-0.893054528414542,0.278717840809055,1.99299721745264,-0.169966605746596,-0.33615797157122,-1.59965806030227
"S Sound Fall","Chum",2007,643504,328520,0,0,0.276458265993685,0.64164636117258,0.0818953728337353,0,0,0,0.672330524151087,106,47.042,-122.835,"SC","WC",10.9832590421041,-1.33017936471391,657.6,173.201478578285,1.95879702910021,-0.629769274634244,0.672330524151087,2.19352924741874,-2.17372181367297,1.77838934019269,1.80276243874891
"S Sound Fall","Chum",2008,248581,127068,0,0,0.0511261922673092,0.844155426199106,0.104718381533585,0,0,0,0.671046371922743,106,47.042,-122.835,"SC","WC",11.6028572718302,-0.710581134987753,410.3,-79.512118210272,1.95628324991343,-0.630807680399986,0.671046371922743,-0.0559043792157913,-1.22557589382961,0.173824902637566,-0.881564340298108
"S Sound Fall","Chum",2009,569175,136462,0,0,0.337110730443185,0.614566697412922,0.0483225721438925,0,0,0,1.42814175636867,106,47.042,-122.835,"SC","WC",12.2522352139155,-0.0612031929024726,654.8,159.758485773777,4.17094136096496,0.284035502232088,1.42814175636867,0.048989985141995,-0.23185929380549,1.76022201134047,1.65997081204483
"S Sound Fall","Chum",2010,581957,162410,0,0,0.20781088637133,0.71711483838153,0.0750742752471402,0,0,0,1.27627255965392,106,47.042,-122.835,"SC","WC",12.1831931273142,-0.130245279503741,437.6,-62.470593004989,3.58325842004803,0.0412721929139961,1.27627255965392,0.338728005831354,-0.337511585190178,0.350956358946725,-0.700549060369897
"S Sound Fall","Chum",2011,233288,143589,0,0,0.22507372861013,0.732146531326086,0.0427797400637838,0,0,0,0.485318689776338,106,47.042,-122.835,"SC","WC",12.2336014906565,-0.0798369161614496,578.3,73.4142570728227,1.62469269930148,-0.767782933211595,0.485318689776338,0.128570795742159,-0.260373721109936,1.26386463377085,0.742821405509109
"S Sound Fall","Chum",2012,381450,150384,0,0,0.491304233844541,0.484391139074584,0.0243046270808756,0,0,0,0.930787757658293,106,47.042,-122.835,"SC","WC",12.5151118834813,0.201673476663356,359.3,-150.178710666804,2.53650654324928,-0.391125843432112,0.930787757658293,0.20444446040164,0.170410160355169,-0.15708001574218,-1.63218571139032
"S Sound Fall","Chum",2013,349798,156817,0,0,0.301954270750547,0.688465914613577,0.00957981463587556,0,0,0,0.802276324608461,106,47.042,-122.835,"SC","WC",12.8390357891719,0.525597382353871,552.7,38.850982827287,2.23061275244393,-0.517486137028348,0.802276324608461,0.276275996053507,0.666097712038344,1.09776334140768,0.375689902464321
"S Sound Fall","Chum",2014,321403,172625,0,0,0.645585137662063,0.352635165197587,0.00177969714035028,0,0,0,0.62157417569343,106,47.042,-122.835,"SC","WC",13.5416258573532,1.22818745053523,432.2,-85.8055900084864,1.8618566256336,-0.669813950961698,0.62157417569343,0.452789740120772,1.74124266002027,0.315919367588869,-0.948413671302878
"S Sound Fall","Chum",2015,302481,135244,0,0,0.790443036091523,0.200597723493376,0.00895924041510045,0,0,0,0.804937911130412,106,47.042,-122.835,"SC","WC",13.6416697104772,1.3282313036592,512.8,-9.16732517828621,2.23655762917394,-0.51503039457271,0.804937911130412,0.0353896726246665,1.89433569126864,0.838878905263527,-0.134361126454929
"S Sound Fall","Chum",2016,163322,136253,0,0,0.316313785038146,0.669230109844357,0.0144561051174979,0,0,0,0.181210260624442,106,47.042,-122.835,"SC","WC",12.8445776700973,0.531139263279361,701.3,175.537619931456,1.19866718530968,-0.943767901346323,0.181210260624442,0.0466562697757211,0.674578226564803,2.061929436922,1.82757695950935
"S Sound Fall","Chum",2017,150581,138780,0,0,0.446908972579542,0.490566538939176,0.0625244884812825,0,0,0,0.0816111999167013,106,47.042,-122.835,"SC","WC",13.1297036806742,0.816265273856249,638.8,109.373894221988,1.08503386655138,-0.990708179155856,0.0816111999167013,0.0748730101133968,1.11089494052503,1.65640870361349,1.12478509163828
"S Sound Fall","Chum",2018,628498,148758,0,0,0.396610649516784,0.60024534684279,0.00314400364042527,0,0,0,1.44101202135328,106,47.042,-122.835,"SC","WC",12.9597354332606,0.646297026442603,312.9,-220.09763796564,4.2249694134097,0.306353708009905,1.44101202135328,0.186288378174073,0.850799458393973,-0.45813860815042,-2.37486537443806
"S Sound Fall","Chum",2019,169610,62187,0,0,0.71860149755321,0.260751134956665,0.0206473674901244,0,0,0,1.00335570919826,106,47.042,-122.835,"SC","WC",12.7598340113958,0.446395604577789,797.2,260.684735027627,2.72741891392092,-0.312262708794077,1.00335570919826,-0.78037225806373,0.544898459296898,2.68416045011058,2.73201061134204
"S Sound Winter","Chum",1968,70081,27553,0,0,0.221771949601176,0.733593984104108,0.0446340662947161,0,0,0,0.933540293340242,107,47.042,-122.835,"SC","WC",11.7831502358119,-0.530288171006122,132.2,-65.2451763112484,2.54349798570029,0.268582232728879,0.933540293340242,-0.298968904074473,-0.949680918708064,-1.63058015229199,-0.730020716680975
"S Sound Winter","Chum",1969,41947,20292,0,0,0.18141941020812,0.757360478699311,0.0612201110925692,0,0,0,0.726180196944751,107,47.042,-122.835,"SC","WC",11.6897964080175,-0.623641998800511,202.8,2.28046936379511,2.06716932781392,0.0353953127639479,0.726180196944751,-0.506646045240199,-1.09253647683987,-1.1725039319467,-0.0127625190161357
"S Sound Winter","Chum",1970,65156,34068,0,0,0.306525876358279,0.693474123641721,0,0,0,0,0.648425867216524,107,47.042,-122.835,"SC","WC",11.1228460470835,-1.19059235973446,126.2,-78.1640583855578,1.91252788540566,-0.0403094785751409,0.648425867216524,-0.112628651396508,-1.96011750868179,-1.66951014268961,-0.867245233082578
"S Sound Winter","Chum",1971,18352,9937,0,0,0.72962074978204,0.27037925021796,0,0,0,0,0.613473396137789,107,47.042,-122.835,"SC","WC",11.7714772224426,-0.541961184375357,158.6,-50.3442287528231,1.84683506088357,-0.0724694319192831,0.613473396137789,-0.802816930348461,-0.967543655345012,-1.45928819454248,-0.571742677538812
"S Sound Winter","Chum",1972,30412,34388,0,0,0.320991713797185,0.663192160989083,0.0158161252137314,0,0,0,-0.122870398946007,107,47.042,-122.835,"SC","WC",11.9240743716558,-0.389364035162217,133.9,-80.3137308338856,0.884378271490055,-0.54364060879932,-0.122870398946007,-0.103476098693983,-0.734030456848442,-1.619549988346,-0.89007907895615
"S Sound Winter","Chum",1973,66738,29825,0,0,0.510174113698343,0.473223650693758,0.0166022356078995,0,0,0,0.805427537853967,107,47.042,-122.835,"SC","WC",11.7557787100474,-0.557659696770599,228.3,8.18300003622602,2.23765297569153,0.118855663290351,0.805427537853967,-0.233985779886547,-0.991566449086268,-1.00705147275682,0.0499342307808666
"S Sound Winter","Chum",1974,45413,34676,0,0,0.469513135005395,0.523484464800828,0.00700240019377711,0,0,0,0.269750602664735,107,47.042,-122.835,"SC","WC",11.6031068960826,-0.710331510735422,199,-27.5920951201788,1.30963778982582,-0.335454610277807,0.269750602664735,-0.0952388012617107,-1.22519390400945,-1.19715959253185,-0.330069248144099
"S Sound Winter","Chum",1975,47754,9936,0,0,0.639380994262261,0.357561670226578,0.00305733551116137,0,0,0,1.56989830786064,107,47.042,-122.835,"SC","WC",11.535138686498,-0.77829972031999,279.1,45.5262969845521,4.80615942028986,1.37626920918882,1.56989830786064,-0.802845532075657,-1.32920288516027,-0.677444220723664,0.446595167470266
"S Sound Winter","Chum",1976,25339,23311,0,0,0.455700698527961,0.515766210189826,0.0285330912822132,0,0,0,0.0834193586447794,107,47.042,-122.835,"SC","WC",12.0012171268463,-0.312221279971681,234.1,-6.89603449935734,1.08699755480245,-0.44444824273263,0.0834193586447794,-0.420297430837317,-0.615982042456249,-0.969419148705793,-0.110235450314322
"S Sound Winter","Chum",1977,100119,23590,0,0,0.597239285250552,0.378759276461011,0.0240014382884368,0,0,0,1.44553658507973,107,47.042,-122.835,"SC","WC",12.6400055090586,0.326567102240639,319.9,71.1046092155224,4.24412886816448,1.10112688632742,1.44553658507973,-0.412317548949803,0.361529785661204,-0.412720286019867,0.718288298971486
"S Sound Winter","Chum",1978,37188,29608,0,0,0.348714639130902,0.622862213617296,0.0284231472518017,0,0,0,0.227941533509757,107,47.042,-122.835,"SC","WC",12.2091901699702,-0.104248236847794,244.5,-12.4122105457951,1.25601188867874,-0.361707195571162,0.227941533509757,-0.240192354687947,-0.297729370297273,-0.901940498683257,-0.168828336757941
"S Sound Winter","Chum",1979,41419,22613,0,0,0.617277095052995,0.357855090658876,0.0248678142881286,0,0,0,0.605214750609013,107,47.042,-122.835,"SC","WC",12.4531836509705,0.139745244152467,297.9,32.6075384498225,1.83164551364259,-0.0799054819619176,0.605214750609013,-0.440261436419699,0.0756439099669756,-0.555463584144464,0.309371963307525
"S Sound Winter","Chum",1980,58843,41015,0,0,0.202742892102714,0.752952772632259,0.0443043352650273,0,0,0,0.360935026702793,107,47.042,-122.835,"SC","WC",12.1558976173401,-0.157540789477896,223.2,-50.6883073338683,1.43467024259417,-0.274244913833993,0.360935026702793,0.0860675474298659,-0.3792807917024,-1.0401419645948,-0.575397484248594
"S Sound Winter","Chum",1981,56758,31326,0,0,0.334701716057648,0.637108425244018,0.0281898586983333,0,0,0,0.594348191932819,107,47.042,-122.835,"SC","WC",11.7076369126638,-0.60580149415421,431,148.341946054577,1.81184958181702,-0.0895965897586325,0.594348191932819,-0.191054587366267,-1.06523587965157,0.308133369509346,1.53870419370001
"S Sound Winter","Chum",1982,38728,30573,0,0,0.431057632720512,0.525433794670523,0.0435085726089651,0,0,0,0.236445586122727,107,47.042,-122.835,"SC","WC",13.1806500752767,0.867211668458698,308.8,17.2345438819623,1.26673862558467,-0.356455916440766,0.236445586122727,-0.212591687944395,1.18885613191577,-0.484740768255459,0.146079835313405
"S Sound Winter","Chum",1983,104537,14013,0,0,0.21549307900552,0.740340740599022,0.0441661803954581,0,0,0,2.00955560553551,107,47.042,-122.835,"SC","WC",11.8460661967595,-0.467372210058452,326.3,25.7214716941774,7.46000142724613,2.67545882003796,2.00955560553551,-0.686236290300052,-0.85340318774695,-0.371194962929075,0.236228081738108
"S Sound Winter","Chum",1984,130566,33726,0,0,0.38722178821439,0.591080373144616,0.0216978386409938,0,0,0,1.35360979279422,107,47.042,-122.835,"SC","WC",12.082311630249,-0.231126776568966,261.8,-47.8680562837991,3.87137520014232,0.918645151683501,1.35360979279422,-0.122410442097331,-0.491886428824509,-0.78969235970346,-0.545440744628959
"S Sound Winter","Chum",1985,62715,26068,0,0,0.196826915410986,0.765670094873635,0.0375029897153791,0,0,0,0.877892145006504,107,47.042,-122.835,"SC","WC",12.230163693428,-0.0832747133899507,270.3,-48.5060334477533,2.40582323154826,0.201183491657753,0.877892145006504,-0.341442468959627,-0.265634442104721,-0.734541539973503,-0.552217345521771
"S Sound Winter","Chum",1986,77580,21826,0,0,0.258352668213457,0.676978602732663,0.0646687290538799,0,0,0,1.26820774232092,107,47.042,-122.835,"SC","WC",12.4118976593018,0.0984592524837816,212.2,-115.764248823289,3.55447631265463,0.76350715129219,1.26820774232092,-0.462770995722471,0.0124656394857122,-1.1115136136571,-1.26663489541925
"S Sound Winter","Chum",1987,30066,73990,0,0,0.174482804496774,0.776159116610124,0.0493580788931018,0,0,0,-0.900534983731817,107,47.042,-122.835,"SC","WC",12.2657570441564,-0.0476813626615948,364.4,27.286769793309,0.406352209758075,-0.77765849362043,-0.900534983731817,1.02920950169785,-0.211167388056552,-0.123989523904206,0.25285469644379
"S Sound Winter","Chum",1988,38798,42681,0,0,0.27166348780865,0.628846847775659,0.0994896644156915,0,0,0,-0.0953851574282254,107,47.042,-122.835,"SC","WC",12.7490382989248,0.435599892106773,303,-43.2216979870615,0.909022750169865,-0.531575892594785,-0.0953851574282254,0.133718024937385,0.528378220470974,-0.522373092306489,-0.496087072489919
"S Sound Winter","Chum",1989,16530,28185,0,0,0.0653357531760436,0.746763460375076,0.187900786448881,0,0,0,-0.533613009700605,107,47.042,-122.835,"SC","WC",12.6095175743103,0.29607916749231,486,130.743381846267,0.586482171367749,-0.68947578563988,-0.533613009700605,-0.280892612486986,0.314875341621145,0.664991614820837,1.35177203897044
"S Sound Winter","Chum",1990,127482,15990,0,0,0.225004314334573,0.739947600445553,0.0350480852198742,0,0,0,2.07601165131569,107,47.042,-122.835,"SC","WC",11.8832871516546,-0.430151255163436,277.2,-86.9838643363977,7.97260787992495,2.92640555161764,2.07601165131569,-0.629690675634766,-0.796445477373922,-0.689772051016243,-0.960929314986752
"S Sound Winter","Chum",1991,27462,30727,0,0,0.640922001310902,0.351394654431578,0.00768334425751948,0,0,0,-0.112338516006054,107,47.042,-122.835,"SC","WC",13.4799647331238,1.16652632630579,398.6,25.6305823493315,0.893741660428939,-0.539056757311609,-0.112338516006054,-0.208187021956305,1.64688515454945,0.0979114213622126,0.235262654054754
"S Sound Winter","Chum",1992,42447,8093,0,0,0.647466252031946,0.348622988668222,0.00391075929983273,0,0,0,1.65725674836836,107,47.042,-122.835,"SC","WC",13.1843131780624,0.870874771244452,453.7,72.1190405954069,5.24490300259484,1.59105633760989,1.65725674836836,-0.85555851529676,1.19446162882271,0.455418499846997,0.729063600946266
"S Sound Winter","Chum",1993,6381,22905,0,0,0.340072089014261,0.564488324713995,0.0954395862717442,0,0,0,-1.2780304024525,107,47.042,-122.835,"SC","WC",12.7267109553019,0.413272548483932,434.9,44.9103454445051,0.278585461689587,-0.840206765622853,-1.2780304024525,-0.431909732078645,0.494211596453514,0.333437863267797,0.440052523012055
"S Sound Winter","Chum",1994,67341,72951,0,0,0.100815253708736,0.885211089826406,0.013973656464858,0,0,0,-0.0800187192565137,107,47.042,-122.835,"SC","WC",13.2656398614248,0.952201454606786,424.3,26.1281093358687,0.92309906649669,-0.52468482527318,-0.0800187192565137,0.999492307141837,1.3189125379844,0.264661546898673,0.240547391521324
"S Sound Winter","Chum",1995,13998,23369,0,0,0.711887412487498,0.286969567081012,0.00114302043149021,0,0,0,-0.512495895466322,107,47.042,-122.835,"SC","WC",12.4049975077311,0.0915591009131358,402,-4.11073275407784,0.598998673456288,-0.683348326117053,-0.512495895466322,-0.418638530659984,0.00190661874593366,0.119971749254196,-0.080649942618684
"S Sound Winter","Chum",1996,16073,20000,0,0,0.633422509799042,0.330492129658433,0.0360853605425247,0,0,0,-0.218591427966987,107,47.042,-122.835,"SC","WC",13.3769478003184,1.06350939350041,443.6,29.8031196413841,0.80365,-0.583161172324493,-0.218591427966987,-0.514997749581253,1.48924254062951,0.389886349344342,0.279583393943555
"S Sound Winter","Chum",1997,12409,7371,0,0,0.0888065114030139,0.747844306551696,0.16334918204529,0,0,0,0.520868633585331,107,47.042,-122.835,"SC","WC",13.2548669179281,0.941428511110069,501.1,79.8710331213849,1.68348935015602,-0.152435401934731,0.520868633585331,-0.876208962331832,1.30242714159192,0.762965423988174,0.81140535616993
"S Sound Winter","Chum",1998,347164,70733,0,0,0.321758592480787,0.664029104400226,0.014212303118987,0,0,0,1.59088506580909,107,47.042,-122.835,"SC","WC",11.6219393412272,-0.691499065590772,381.8,-46.6131174327623,4.90809099006122,1.42616985742537,1.59088506580909,0.936053676222463,-1.19637538070207,-0.0110925517511157,-0.532110769484317
"S Sound Winter","Chum",1999,37696,13504,0,0,0.379005730050934,0.587993421052632,0.0330008488964346,0,0,0,1.02656805017552,107,47.042,-122.835,"SC","WC",12.6896610657374,0.376222658919411,401.8,-33.5617709907838,2.7914691943128,0.389976655296094,1.02656805017552,-0.700794569442506,0.437515660384146,0.118674082907608,-0.393479215020963
"S Sound Winter","Chum",2000,48381,4887,0,0,0.178479155040202,0.759781732498295,0.0617391124615035,0,0,0,2.29252855637847,107,47.042,-122.835,"SC","WC",11.8908534049988,-0.422585001819208,382.9,-59.1918651272497,9.89993861264579,3.86993122423031,2.29252855637847,-0.94725565268518,-0.784867148236343,-0.00395538684488609,-0.665722374527633
"S Sound Winter","Chum",2001,119536,128111,0,0,0.424282224601794,0.533362334359524,0.0423554410386829,0,0,0,-0.0692794943963295,107,47.042,-122.835,"SC","WC",11.8111705382665,-0.502267868551482,466.3,17.6774341079921,0.933065856952174,-0.519805578287363,-0.0692794943963295,2.57716357923954,-0.906802591801149,0.537171479681994,0.15078422047122
"S Sound Winter","Chum",2002,34321,222040,0,0,0.061857171993823,0.874391771801521,0.063751056204656,0,0,0,-1.86710013409755,107,47.042,-122.835,"SC","WC",12.9054472843806,0.592008877562607,361.3,-93.6727903862989,0.154571248423707,-0.900917982436189,-1.86710013409755,5.26369521297532,0.767724516622162,-0.144103352276308,-1.03197916567539
"S Sound Winter","Chum",2003,62755,45005,0,0,0.428635168512469,0.555429846227392,0.0159349852601386,0,0,0,0.332464661403361,107,47.042,-122.835,"SC","WC",13.4064484039942,1.09300999717625,594.5,133.341193044483,1.39440062215309,-0.293958925584787,0.332464661403361,0.200188438939472,1.53438611216703,1.36897560784442,1.37936601988361
"S Sound Winter","Chum",2004,76270,77473,0,0,0.588160482496394,0.403998951094795,0.0078405664088108,0,0,0,-0.0156498123854966,107,47.042,-122.835,"SC","WC",13.2303555409114,0.916917134093373,347.5,-119.692201844423,0.984472009603346,-0.494639671921021,-0.0156498123854966,1.12882931751939,1.26491838027994,-0.233642330190828,-1.30835765832343
"S Sound Winter","Chum",2005,68658,47547,0,0,0.562702088613126,0.410556672201346,0.0267412391855283,0,0,0,0.367418963045235,107,47.042,-122.835,"SC","WC",12.3554545640945,0.0420161572765541,550,76.9215300470468,1.44400277620039,-0.269676167588995,0.367418963045235,0.272894029470153,-0.0739069288279767,1.08024484572875,0.780075700037688
"S Sound Winter","Chum",2006,35599,58406,0,0,0.0783448973285766,0.880361807915953,0.0412932947554707,0,0,0,-0.495101076707028,107,47.042,-122.835,"SC","WC",12.2926810979843,-0.0207573088336788,331.7,-147.116423405168,0.609509296990035,-0.678202845390319,-0.495101076707028,0.583480185084892,-0.169966605746596,-0.33615797157122,-1.59965806030227
"S Sound Winter","Chum",2007,137423,62285,0,0,0.326051679849807,0.659045429076647,0.0149028910735466,0,0,0,0.791343133910007,107,47.042,-122.835,"SC","WC",10.9832590421041,-1.33017936471391,657.6,173.201478578285,2.2063578710765,0.103535130010784,0.791343133910007,0.694426284875809,-2.17372181367297,1.77838934019269,1.80276243874891
"S Sound Winter","Chum",2008,8220,31852,0,0,0.258272506082725,0.689051094890511,0.052676399026764,0,0,0,-1.35452996532711,107,47.042,-122.835,"SC","WC",11.6028572718302,-0.710581134987753,410.3,-79.512118210272,0.258068567122944,-0.850250821070767,-1.35452996532711,-0.176010078861492,-1.22557589382961,0.173824902637566,-0.881564340298108
"S Sound Winter","Chum",2009,20188,14930,0,0,0.347483653655637,0.643600158510006,0.00891618783435704,0,0,0,0.301715756926917,107,47.042,-122.835,"SC","WC",12.2522352139155,-0.0612031929024726,654.8,159.758485773777,1.35217682518419,-0.314629605379895,0.301715756926917,-0.660008506461879,-0.23185929380549,1.76022201134047,1.65997081204483
"S Sound Winter","Chum",2010,71917,69856,0,0,0.246353435210034,0.708163577457347,0.0454829873326195,0,0,0,0.0290766959113589,107,47.042,-122.835,"SC","WC",12.1831931273142,-0.130245279503741,437.6,-62.470593004989,1.02950355016033,-0.472594459923166,0.0290766959113589,0.910969961472106,-0.337511585190178,0.350956358946725,-0.700549060369897
"S Sound Winter","Chum",2011,17073,58535,0,0,0.147835764071926,0.840976981198383,0.0111872547296902,0,0,0,-1.23212659764254,107,47.042,-122.835,"SC","WC",12.2336014906565,-0.0798369161614496,578.3,73.4142570728227,0.291671649440506,-0.833800416214317,-1.23212659764254,0.587169807893097,-0.260373721109936,1.26386463377085,0.742821405509109
"S Sound Winter","Chum",2012,15338,15125,0,0,0.572695266657974,0.373647150867127,0.0536575824748989,0,0,0,0.0139844054257624,107,47.042,-122.835,"SC","WC",12.5151118834813,0.201673476663356,359.3,-150.178710666804,1.0140826446281,-0.480143771526812,0.0139844054257624,-0.654431169658778,0.170410160355169,-0.15708001574218,-1.63218571139032
"S Sound Winter","Chum",2013,12154,20864,0,0,0.683725522461741,0.312983379957216,0.00329109758104328,0,0,0,-0.540366852031079,107,47.042,-122.835,"SC","WC",12.8390357891719,0.525597382353871,552.7,38.850982827287,0.582534509202454,-0.691408365521745,-0.540366852031079,-0.490285857284436,0.666097712038344,1.09776334140768,0.375689902464321
"S Sound Winter","Chum",2014,72013,46587,0,0,0.791759821143405,0.208240178856595,0,0,0,0,0.435525126018257,107,47.042,-122.835,"SC","WC",13.5416258573532,1.22818745053523,432.2,-85.8055900084864,1.54577457230558,-0.219853736626361,0.435525126018257,0.245436371362578,1.74124266002027,0.315919367588869,-0.948413671302878
"S Sound Winter","Chum",2015,21447,23855,0,0,0.961672961253322,0.0383270387466779,0,0,0,0,-0.106409063515246,107,47.042,-122.835,"SC","WC",13.6416697104772,1.3282313036592,512.8,-9.16732517828621,0.899056801509118,-0.536454727479589,-0.106409063515246,-0.404738091243025,1.89433569126864,0.838878905263527,-0.134361126454929
"S Sound Winter","Chum",2016,4563,19600,0,0,0.337935568704799,0.662064431295201,0,0,0,0,-1.45754926429121,107,47.042,-122.835,"SC","WC",12.8445776700973,0.531139263279361,701.3,175.537619931456,0.23280612244898,-0.862618062820289,-1.45754926429121,-0.526438440459409,0.674578226564803,2.061929436922,1.82757695950935
"S Sound Winter","Chum",2017,15043,60420,0,0,0.644884663963305,0.334441268364023,0.0206740676726717,0,0,0,-1.39040740924284,107,47.042,-122.835,"SC","WC",13.1297036806742,0.816265273856249,638.8,109.373894221988,0.248973849718636,-0.854703144281536,-1.39040740924284,0.641084063656407,1.11089494052503,1.65640870361349,1.12478509163828
"S Sound Winter","Chum",2018,33940,37127,0,0,0.671361225692398,0.324749558043606,0.00388921626399529,0,0,0,-0.0897502079196085,107,47.042,-122.835,"SC","WC",12.9597354332606,0.646297026442603,312.9,-220.09763796564,0.914159506558569,-0.529061191072925,-0.0897502079196085,-0.02513596790581,0.850799458393973,-0.45813860815042,-2.37486537443806
"S Sound Winter","Chum",2019,5632,2955,0,0,0.375887784090909,0.381924715909091,0.2421875,0,0,0,0.64496596799768,107,47.042,-122.835,"SC","WC",12.7598340113958,0.446395604577789,797.2,260.684735027627,1.90592216582064,-0.0435433117251704,0.64496596799768,-1.00251418962667,0.544898459296898,2.68416045011058,2.73201061134204
"Hood Canal","Chum",1968,111005,47801,0,0,0.253421017071303,0.705535786676276,0.0410431962524211,0,0,0,0.84252868556221,108,47.5644,-122.9956,"SC","WC",11.5582394599915,-0.559877927056033,132.2,-65.2451763112484,2.3222317524738,-0.503497974492948,0.84252868556221,-0.196971451360301,-0.986249895056189,-1.63058015229199,-0.730020716680975
"Hood Canal","Chum",1969,53941,30070,0,0,0.308540813110621,0.639810162955822,0.051649023933557,0,0,0,0.584362859656837,108,47.5644,-122.9956,"SC","WC",11.4922501359667,-0.62586725108078,202.8,2.28046936379511,1.79384768872631,-0.577474418135754,0.584362859656837,-0.558687519571906,-1.08481119355407,-1.1725039319467,-0.0127625190161357
"Hood Canal","Chum",1970,89814,41699,0,0,0.259881532945866,0.734016968401363,0.00610149865277128,0,0,0,0.76726371745929,108,47.5644,-122.9956,"SC","WC",10.9063493864877,-1.2117680005598,126.2,-78.1640583855578,2.15386460106957,-0.527070227976177,0.76726371745929,-0.321453513749744,-1.95990939334583,-1.66951014268961,-0.867245233082578
"Hood Canal","Chum",1971,54909,41138,0,0,0.439672913365751,0.309075015024859,0.25125207160939,0,0,0,0.288745000949963,108,47.5644,-122.9956,"SC","WC",11.5526133605412,-0.56550402650627,158.6,-50.3442287528231,1.33475132480918,-0.641750233062986,0.288745000949963,-0.332898029810131,-0.994653006854782,-1.45928819454248,-0.571742677538812
"Hood Canal","Chum",1972,64226,41602,0,0,0.172297823311432,0.827702176688568,0,0,0,0,0.434259870100898,108,47.5644,-122.9956,"SC","WC",11.7519425324031,-0.366174854644358,133.9,-80.3137308338856,1.54382000865343,-0.612479559004067,0.434259870100898,-0.323432333817226,-0.696936030698927,-1.619549988346,-0.89007907895615
"Hood Canal","Chum",1973,124108,27870,0,0,0.398443291326909,0.584845457182454,0.0167112514906372,0,0,0,1.4936013127808,108,47.5644,-122.9956,"SC","WC",11.5574064935957,-0.560710893451827,228.3,8.18300003622602,4.45310369573018,-0.205165115809923,1.4936013127808,-0.603567974710676,-0.987494009172948,-1.00705147275682,0.0499342307808666
"Hood Canal","Chum",1974,277256,52223,0,0,0.152678391089823,0.833980148310587,0.0133414605995903,0,0,0,1.66941825624044,108,47.5644,-122.9956,"SC","WC",11.4090891224997,-0.709028264547746,199,-27.5920951201788,5.30907837542845,-0.0853243276467335,1.66941825624044,-0.106761736531374,-1.20902003479981,-1.19715959253185,-0.330069248144099
"Hood Canal","Chum",1975,121037,16265,0,0,0.993241735998083,0.00675826400191677,0,0,0,0,2.00708072405265,108,47.5644,-122.9956,"SC","WC",11.3088447366442,-0.809272650403294,279.1,45.5262969845521,7.44156163541346,0.213234123534901,2.00708072405265,-0.840312375567687,-1.35874450891838,-0.677444220723664,0.446595167470266
"Hood Canal","Chum",1976,37185,48079,0,0,0.686647841871722,0.270888799247008,0.0424633588812693,0,0,0,-0.256940037186508,108,47.5644,-122.9956,"SC","WC",11.7913628646306,-0.32675452241693,234.1,-6.89603449935734,0.773414588489777,-0.72034021767466,-0.256940037186508,-0.191300193847311,-0.638058035068968,-0.969419148705793,-0.110235450314322
"Hood Canal","Chum",1977,144086,26074,0,0,0.477339921991033,0.497980372832891,0.0246797051760754,0,0,0,1.70947169429142,108,47.5644,-122.9956,"SC","WC",12.4562704903739,0.338153103326392,319.9,71.1046092155224,5.52604126716269,-0.0549484245221677,1.70947169429142,-0.640206746269417,0.355044409044964,-0.412720286019867,0.718288298971486
"Hood Canal","Chum",1978,52361,79156,0,0,0,0.914917591337064,0.0850824086629361,0,0,0,-0.413258549478823,108,47.5644,-122.9956,"SC","WC",12.0293048109327,-0.0888125761147849,244.5,-12.4122105457951,0.661491232502906,-0.736010054076905,-0.413258549478823,0.442677035401577,-0.282669227239131,-0.901940498683257,-0.168828336757941
"Hood Canal","Chum",1979,57734,14323,0,0,0.472788997817577,0.527211002182423,0,0,0,0,1.39397961793994,108,47.5644,-122.9956,"SC","WC",12.2047363689968,0.0866189819492704,297.9,32.6075384498225,4.03085945681771,-0.264281446688395,1.39397961793994,-0.879929577331092,-0.0206455981773341,-0.555463584144464,0.309371963307525
"Hood Canal","Chum",1980,62694,21672,0,0,0.179698216735254,0.740724790251061,0.0795769930136855,0,0,0,1.06224464449723,108,47.5644,-122.9956,"SC","WC",11.9688183920724,-0.149298994975074,223.2,-50.6883073338683,2.89285714285714,-0.423607531292487,1.06224464449723,-0.730008456960719,-0.373011416259296,-1.0401419645948,-0.575397484248594
"Hood Canal","Chum",1981,239003,14310,0,0,0.209327916385987,0.7529738120442,0.0376982715698129,0,0,0,2.81551751058563,108,47.5644,-122.9956,"SC","WC",11.4832988807133,-0.634818506334158,431,148.341946054577,16.7018169112509,1.50971673823079,2.81551751058563,-0.880194780020549,-1.09818074012842,0.308133369509346,1.53870419370001
"Hood Canal","Chum",1982,132400,12133,0,0,0.264267371601208,0.649214501510574,0.0865181268882175,0,0,0,2.38989863043317,108,47.5644,-122.9956,"SC","WC",12.9936484949929,0.875531107945447,308.8,17.2345438819623,10.9123877029589,0.6991673425626,2.38989863043317,-0.92460603040105,1.15766929878607,-0.484740768255459,0.146079835313405
"Hood Canal","Chum",1983,246071,7120,0,0,0.262160108261437,0.705052606767965,0.0327872849705979,0,0,0,3.54271238675253,108,47.5644,-122.9956,"SC","WC",11.5957348006112,-0.522382586436264,326.3,25.7214716941774,34.5605337078652,4.01002749186647,3.54271238675253,-1.0268722674968,-0.930247056510385,-0.371194962929075,0.236228081738108
"Hood Canal","Chum",1984,171834,22751,0,0,0.171223390015946,0.778914533794243,0.0498620761898111,0,0,0,2.02191979403492,108,47.5644,-122.9956,"SC","WC",11.8726166657039,-0.245500721343575,261.8,-47.8680562837991,7.55281086545646,0.22880957889253,2.02191979403492,-0.707996633735841,-0.516697795969159,-0.78969235970346,-0.545440744628959
"Hood Canal","Chum",1985,177514,50909,0,0,0.136473742916052,0.766187455637302,0.0973388014466465,0,0,0,1.24900975382963,108,47.5644,-122.9956,"SC","WC",12.0046112196786,-0.113506167368875,270.3,-48.5060334477533,3.48688836944352,-0.340440152541574,1.24900975382963,-0.133567608373348,-0.319551441969293,-0.734541539973503,-0.552217345521771
"Hood Canal","Chum",1986,106339,29548,0,0,0,0.876743245657755,0.123256754342245,0,0,0,1.28061604456635,108,47.5644,-122.9956,"SC","WC",12.2091767447335,0.0910593576860552,212.2,-115.764248823289,3.59885609855151,-0.324764103677752,1.28061604456635,-0.569336427563923,-0.0140134769228134,-1.1115136136571,-1.26663489541925
"Hood Canal","Chum",1987,112423,24483,0,0,0,0.772101794116862,0.227898205883138,0,0,0,1.52428954370578,108,47.5644,-122.9956,"SC","WC",12.0460322925023,-0.0720850945452171,364.4,27.286769793309,4.59188008005555,-0.185735719508326,1.52428954370578,-0.6726634754175,-0.257685150974346,-0.123989523904206,0.25285469644379
"Hood Canal","Chum",1988,398114,30703,0,0,0.116773085096229,0.662473562848832,0.220753352054939,0,0,0,2.5623780267428,108,47.5644,-122.9956,"SC","WC",12.5609565462385,0.442839159191002,303,-43.2216979870615,12.9666156401655,0.986769652421179,2.5623780267428,-0.545774188616069,0.511402937536147,-0.522373092306489,-0.496087072489919
"Hood Canal","Chum",1989,491519,24872,0,0,0.00566000500489299,0.704933074815012,0.289406920180095,0,0,0,2.98375792325552,108,47.5644,-122.9956,"SC","WC",12.4806068965367,0.362489509489207,486,130.743381846267,19.7619411386298,1.9381496206329,2.98375792325552,-0.66472779494069,0.391393134049016,0.664991614820837,1.35177203897044
"Hood Canal","Chum",1990,350961,20811,0,0,0.468650362860831,0.490216861702582,0.041132775436587,0,0,0,2.82519341311018,108,47.5644,-122.9956,"SC","WC",11.8244182382311,-0.293699148816378,277.2,-86.9838643363977,16.8642064292922,1.532452092784,2.82519341311018,-0.747573035085484,-0.58868670731933,-0.689772051016243,-0.960929314986752
"Hood Canal","Chum",1991,103570,44745,0,0,0.258153905571111,0.685797045476489,0.0560490489523993,0,0,0,0.839268005965966,108,47.5644,-122.9956,"SC","WC",13.253890650613,1.13577326356549,398.6,25.6305823493315,2.31467203039446,-0.504556373851913,0.839268005965966,-0.259314483589429,1.54636557899313,0.0979114213622126,0.235262654054754
"Hood Canal","Chum",1992,638945,96382,0,0,0.333927020322563,0.635884152783103,0.0301888268943336,0,0,0,1.89149891649557,108,47.5644,-122.9956,"SC","WC",12.9943550314222,0.876237644374721,453.7,72.1190405954069,6.62929800170156,0.0995131030782639,1.89149891649557,0.794090999138145,1.15872457778664,0.455418499846997,0.729063600946266
"Hood Canal","Chum",1993,173856,67770,0,0,0.418955917540953,0.541557380820909,0.0394867016381373,0,0,0,0.942107751221091,108,47.5644,-122.9956,"SC","WC",12.6135498455593,0.495432458511768,434.9,44.9103454445051,2.56538291279327,-0.469455581199549,0.942107751221091,0.210400279851561,0.589956005777887,0.333437863267797,0.440052523012055
"Hood Canal","Chum",1994,184043,151821,0,0,0.25559787658319,0.731915910955592,0.0124862124612183,0,0,0,0.19246723064419,108,47.5644,-122.9956,"SC","WC",13.083334514073,0.965217127025483,424.3,26.1281093358687,1.21223677883824,-0.658902889676367,0.19246723064419,1.92505806842827,1.29162385322761,0.264661546898673,0.240547391521324
"Hood Canal","Chum",1995,117653,119344,0,0,0.59181661326103,0.395196042599849,0.012987344139121,0,0,0,-0.0142704650020232,108,47.5644,-122.9956,"SC","WC",12.1608693940299,0.0427520069824108,402,-4.11073275407784,0.985830875452473,-0.690600862233351,-0.0142704650020232,1.26252054954562,-0.0861650754231709,0.119971749254196,-0.080649942618684
"Hood Canal","Chum",1996,56002,251803,0,0,0.0886575479447163,0.911342452055284,0,0,0,0,-1.50325963137378,108,47.5644,-122.9956,"SC","WC",13.1263436249324,1.00822623788494,443.6,29.8031196413841,0.222404022191952,-0.797484486211497,-1.50325963137378,3.96471155283031,1.3558620292689,0.389886349344342,0.279583393943555
"Hood Canal","Chum",1997,160210,53492,0,0,0.1787466450284,0.686885962174646,0.134367392796954,0,0,0,1.09695334464807,108,47.5644,-122.9956,"SC","WC",13.1130666051592,0.994949218111728,501.1,79.8710331213849,2.99502729380094,-0.409303192967698,1.09695334464807,-0.080873873999056,1.33603154413559,0.762965423988174,0.81140535616993
"Hood Canal","Chum",1998,380330,101631,0,0,0.413004496095496,0.581831567323114,0.00516393658138985,0,0,0,1.31969069019811,108,47.5644,-122.9956,"SC","WC",11.4169475691659,-0.701169817881576,381.8,-46.6131174327623,3.74226367938916,-0.304686316420986,1.31969069019811,0.901171685057874,-1.19728270123804,-0.0110925517511157,-0.532110769484317
"Hood Canal","Chum",1999,431453,33924,0,0,0.227151045420938,0.657865399012175,0.114983555566887,0,0,0,2.54303585372771,108,47.5644,-122.9956,"SC","WC",12.4737072672163,0.355589880168788,401.8,-33.5617709907838,12.7182230869001,0.951993437583052,2.54303585372771,-0.480065122251533,0.381087884904177,0.118674082907608,-0.393479215020963
"Hood Canal","Chum",2000,579593,37131,0,0,0.189267296188877,0.794685236019069,0.0160474677920541,0,0,0,2.74787393285292,108,47.5644,-122.9956,"SC","WC",11.7028760228838,-0.415241364163657,382.9,-59.1918651272497,15.6094099270152,1.35677423059501,2.74787393285292,-0.414641658783336,-0.770221504712375,-0.00395538684488609,-0.665722374527633
"Hood Canal","Chum",2001,283292,103713,0,0,0.703602643209127,0.265199864450814,0.031197492340059,0,0,0,1.00485069882302,108,47.5644,-122.9956,"SC","WC",11.695175579616,-0.422941807431477,466.3,17.6774341079921,2.73149942630143,-0.446198428414661,1.00485069882302,0.943644915784656,-0.781722845250444,0.537171479681994,0.15078422047122
"Hood Canal","Chum",2002,361220,173037,0,0,0.174220696528431,0.776637506228891,0.0491417972426776,0,0,0,0.735981746532902,108,47.5644,-122.9956,"SC","WC",12.7789231027876,0.660805715740082,361.3,-93.6727903862989,2.08753041257072,-0.536357350154452,0.735981746532902,2.35786885762106,0.83695661095356,-0.144103352276308,-1.03197916567539
"Hood Canal","Chum",2003,264136,148512,0,0,0.120880909834328,0.7595367537935,0.119582336372172,0,0,0,0.575798358957713,108,47.5644,-122.9956,"SC","WC",13.2947526318686,1.17663524482115,594.5,133.341193044483,1.77854988149106,-0.57961618858729,0.575798358957713,1.85755378385818,1.60739681383717,1.36897560784442,1.37936601988361
"Hood Canal","Chum",2004,188228,168126,0,0,0.13153197186391,0.820706802388593,0.0477612257474977,0,0,0,0.112940295686996,108,47.5644,-122.9956,"SC","WC",13.0934829371316,0.975365550084129,347.5,-119.692201844423,1.1195650880887,-0.671877395492071,0.112940295686996,2.2576834416272,1.30678148317986,-0.233642330190828,-1.30835765832343
"Hood Canal","Chum",2005,132744,47598,0,0,0.633572892183451,0.366427107816549,0,0,0,0,1.02563171781257,108,47.5644,-122.9956,"SC","WC",12.1863466671535,0.0682292801060069,550,76.9215300470468,2.7888566746502,-0.438168123299314,1.02563171781257,-0.201112693357197,-0.0481123576789338,1.08024484572875,0.780075700037688
"Hood Canal","Chum",2006,66045,97103,0,0,0.250844121432357,0.662487697781815,0.0866681807858278,0,0,0,-0.385435942927704,108,47.5644,-122.9956,"SC","WC",12.0348975658417,-0.083219821205813,331.7,-147.116423405168,0.680154063211229,-0.733397163305148,-0.385435942927704,0.808799548299533,-0.274315918667552,-0.33615797157122,-1.59965806030227
"Hood Canal","Chum",2007,300009,78218,0,0,0.185974420767377,0.639507481442223,0.1745180977904,0,0,0,1.34431267411394,108,47.5644,-122.9956,"SC","WC",10.7951271363667,-1.32299025068078,657.6,173.201478578285,3.83554936203943,-0.291625848631109,1.34431267411394,0.423541641346956,-2.12603034633011,1.77838934019269,1.80276243874891
"Hood Canal","Chum",2008,67697,38425,0,0,0,0.856684934339779,0.143315065660221,0,0,0,0.56633357636548,108,47.5644,-122.9956,"SC","WC",11.4085219928196,-0.709595394227846,410.3,-79.512118210272,1.76179570592062,-0.581961857977993,0.56633357636548,-0.388243791078986,-1.2098670966316,0.173824902637566,-0.881564340298108
"Hood Canal","Chum",2009,403617,13961,0,0,0.234943027672273,0.689113689463031,0.075943282864696,0,0,0,3.36419868049768,108,47.5644,-122.9956,"SC","WC",12.067200422287,-0.0509169647604926,654.8,159.758485773777,28.9103216101998,3.21896919641305,3.36419868049768,-0.887314452222108,-0.226068546482813,1.76022201134047,1.65997081204483
"Hood Canal","Chum",2010,264105,17223,0,0,0,0.806694307188429,0.193305692811571,0,0,0,2.73010105149291,108,47.5644,-122.9956,"SC","WC",12.0136893136161,-0.104428073431421,437.6,-62.470593004989,15.3344365093189,1.31827656018231,2.73010105149291,-0.820768977375441,-0.305992449820417,0.350956358946725,-0.700549060369897
"Hood Canal","Chum",2011,182882,48446,0,0,0.10611760588795,0.828178825690883,0.0657035684211677,0,0,0,1.32839136053064,108,47.5644,-122.9956,"SC","WC",11.9866244792938,-0.131492907753664,578.3,73.4142570728227,3.7749659414606,-0.300107834189781,1.32839136053064,-0.183813317921889,-0.346416340409595,1.26386463377085,0.742821405509109
"Hood Canal","Chum",2012,129478,38102,0,0,0.463005298197377,0.518149801510681,0.0188449002919415,0,0,0,1.22324420834451,108,47.5644,-122.9956,"SC","WC",12.3990178448813,0.280900457833847,359.3,-150.178710666804,3.39819432050811,-0.35285776836819,1.22324420834451,-0.394833057901633,0.269532166487854,-0.15708001574218,-1.63218571139032
"Hood Canal","Chum",2013,285947,61190,0,0,0.379755688991317,0.606154287332967,0.0140900236757161,0,0,0,1.5418227014872,108,47.5644,-122.9956,"SC","WC",12.6004411833627,0.48232379631521,552.7,38.850982827287,4.67310017976794,-0.174364494406602,1.5418227014872,0.0761669185728763,0.570376978613155,1.09776334140768,0.375689902464321
"Hood Canal","Chum",2014,49464,49675,0,0,1,0,0,0,0,0,-0.00425665618161291,108,47.5644,-122.9956,"SC","WC",13.4600661141532,1.3419487271057,432.2,-85.8055900084864,0.9957523905385,-0.689211799897884,-0.00425665618161291,-0.158741463664822,1.85430813947919,0.315919367588869,-0.948413671302878
"Hood Canal","Chum",2015,86670,63236,0,0,0.856270912657205,0.137152417214723,0.006576670128072,0,0,0,0.315234043912312,108,47.5644,-122.9956,"SC","WC",13.516598701477,1.39848131442956,512.8,-9.16732517828621,1.37058004933898,-0.636734030261232,0.315234043912312,0.117905741851932,1.93874490703867,0.838878905263527,-0.134361126454929
"Hood Canal","Chum",2016,64475,59905,0,0,0.300535091120589,0.665839472663823,0.0336254362155874,0,0,0,0.0735175776755461,108,47.5644,-122.9956,"SC","WC",12.6479941776821,0.529876790634575,701.3,175.537619931456,1.0762874551373,-0.677936483179759,0.0735175776755461,0.0499526527304584,0.641401874486026,2.061929436922,1.82757695950935
"Hood Canal","Chum",2017,45917,58122,0,0,0.00662064159243853,0.913082300672953,0.0802970577346081,0,0,0,-0.235708830805608,108,47.5644,-122.9956,"SC","WC",12.9600353240967,0.841917937049198,638.8,109.373894221988,0.790010667217233,-0.718016682642271,-0.235708830805608,0.0135790838611735,1.10746484800365,1.65640870361349,1.12478509163828
"Hood Canal","Chum",2018,191333,32433,0,0,0.387366528513116,0.612633471486884,0,0,0,0,1.77483894251092,108,47.5644,-122.9956,"SC","WC",12.8464434487479,0.728326061700415,312.9,-220.09763796564,5.89933092837542,-0.00268598233325556,1.77483894251092,-0.510481830711491,0.937804635557974,-0.45813860815042,-2.37486537443806
"Hood Canal","Chum",2019,31918,7051,0,0,0,0.988627106961589,0.0113728930384109,0,0,0,1.51000066324009,108,47.5644,-122.9956,"SC","WC",12.5824665682656,0.464349181218156,797.2,260.684735027627,4.52673379662459,-0.194856528963835,1.51000066324009,-1.02827988177161,0.543530190437225,2.68416045011058,2.73201061134204
"Strait of Juan de Fuca","Chum",1968,1438,299,0,0,0.18567454798331,0.769123783031989,0.0458970792767733,0,0,0,1.57056496489031,112,48.162,-123.59,"SC","WC",11.4519304633141,-0.561477254310701,132.2,-65.2451763112484,4.80936454849498,0.802092656344633,1.57056496489031,-0.848792101271176,-0.981732602112632,-1.63058015229199,-0.730020716680975
"Strait of Juan de Fuca","Chum",1969,751,258,0,0,0.312916111850865,0.661784287616511,0.0252996005326232,0,0,0,1.06844606684252,112,48.162,-123.59,"SC","WC",11.3965910673141,-0.616816650310612,202.8,2.28046936379511,2.91085271317829,0.162492677681868,1.06844606684252,-0.866069734603015,-1.06376699294138,-1.1725039319467,-0.0127625190161357
"Strait of Juan de Fuca","Chum",1970,802,393,0,0,0.418952618453865,0.566084788029925,0.0149625935162095,0,0,0,0.713298995997253,112,48.162,-123.59,"SC","WC",10.7953853160143,-1.21802240161047,126.2,-78.1640583855578,2.04071246819338,-0.130653602353372,0.713298995997253,-0.809179966315253,-1.9549864701236,-1.66951014268961,-0.867245233082578
"Strait of Juan de Fuca","Chum",1971,985,556,0,0,0.168527918781726,0.379695431472081,0.450761421319797,0,0,0,0.571873346921507,112,48.162,-123.59,"SC","WC",11.4437734484673,-0.569634269157495,158.6,-50.3442287528231,1.77158273381295,-0.221322182430213,0.571873346921507,-0.740490838678918,-0.993824453348935,-1.45928819454248,-0.571742677538812
"Strait of Juan de Fuca","Chum",1972,1955,1198,0,0,0.124808184143223,0.875191815856778,0,0,0,0,0.489736693744071,112,48.162,-123.59,"SC","WC",11.6442596018314,-0.369148115793321,133.9,-80.3137308338856,1.63188647746244,-0.268385214073706,0.489736693744071,-0.469948385043781,-0.696626423560996,-1.619549988346,-0.89007907895615
"Strait of Juan de Fuca","Chum",1973,2510,673,0,0,0.634262948207171,0.362549800796813,0.00358565737051793,0,0,0,1.3162927024811,112,48.162,-123.59,"SC","WC",11.4497574865818,-0.563650231042961,228.3,8.18300003622602,3.7295690936107,0.438314492281234,1.3162927024811,-0.691186372829524,-0.984953794163884,-1.00705147275682,0.0499342307808666
"Strait of Juan de Fuca","Chum",1974,1530,148,0,0,0.34640522875817,0.626143790849673,0.0274509803921569,0,0,0,2.33581074062237,112,48.162,-123.59,"SC","WC",11.2887197732925,-0.724687944332211,199,-27.5920951201788,10.3378378378378,2.66461009348851,2.33581074062237,-0.912424360615266,-1.2236739766205,-1.19715959253185,-0.330069248144099
"Strait of Juan de Fuca","Chum",1975,507,171,0,0,0.982248520710059,0.0177514792899408,0,0,0,0,1.08684744708852,112,48.162,-123.59,"SC","WC",11.1825142800808,-0.83089343754397,279.1,45.5262969845521,2.96491228070175,0.180705099427848,1.08684744708852,-0.902732029721796,-1.38111159914726,-0.677444220723664,0.446595167470266
"Strait of Juan de Fuca","Chum",1976,978,1171,0,0,0.297546012269939,0.566462167689162,0.134969325153374,0,0,0,-0.1801036935629,112,48.162,-123.59,"SC","WC",11.6762404739857,-0.337167243639092,234.1,-6.89603449935734,0.835183603757472,-0.536790778654903,-0.1801036935629,-0.481326338701333,-0.64921840043497,-0.969419148705793,-0.110235450314322
"Strait of Juan de Fuca","Chum",1977,10041,1244,0,0,0.376854894930784,0.598944328254158,0.0243003684891943,0,0,0,2.08834471658031,112,48.162,-123.59,"SC","WC",12.3448137938976,0.331406076272869,319.9,71.1046092155224,8.07154340836013,1.90110583622077,2.08834471658031,-0.45056372325684,0.34186587203191,-0.412720286019867,0.718288298971486
"Strait of Juan de Fuca","Chum",1978,3431,856,0,0,0,0.957446808510638,0.0425531914893617,0,0,0,1.38833666671671,112,48.162,-123.59,"SC","WC",11.9289673566818,-0.0844403609429345,244.5,-12.4122105457951,4.00817757009346,0.532176417342087,1.38833666671671,-0.614069131372779,-0.274579402422416,-0.901940498683257,-0.168828336757941
"Strait of Juan de Fuca","Chum",1979,2872,288,0,0,0.651810584958217,0.348189415041783,0,0,0,0,2.29980345003217,112,48.162,-123.59,"SC","WC",12.085672557354,0.0722648397292168,297.9,32.6075384498225,9.97222222222222,2.54143586007241,2.29980345003217,-0.853427563872401,-0.042281679533344,-0.555463584144464,0.309371963307525
"Strait of Juan de Fuca","Chum",1980,3971,3726,0,0,0.0931755225384034,0.862754973558298,0.0438176781667086,0,0,0,0.0636826799697178,112,48.162,-123.59,"SC","WC",11.8773666024208,-0.136041115203943,223.2,-50.6883073338683,1.06575415995706,-0.45911260984806,0.0636826799697178,0.595365201855948,-0.351071680041643,-1.0401419645948,-0.575397484248594
"Strait of Juan de Fuca","Chum",1981,10071,5441,0,0,0.366497865157383,0.624168404329262,0.0094330255188164,0,0,0,0.615697139162219,112,48.162,-123.59,"SC","WC",11.3752655982971,-0.638142119327633,431,148.341946054577,1.85094651718434,-0.1945848857715,0.615697139162219,1.31807596195604,-1.09537958697748,0.308133369509346,1.53870419370001
"Strait of Juan de Fuca","Chum",1982,2467,4578,0,0,0.495338467774625,0.366031617349007,0.138629914876368,0,0,0,-0.618259383983155,112,48.162,-123.59,"SC","WC",12.8890907466412,0.875683029016401,308.8,17.2345438819623,0.538881607688947,-0.636613569768317,-0.618259383983155,0.954402850605382,1.14869484899639,-0.484740768255459,0.146079835313405
"Strait of Juan de Fuca","Chum",1983,6532,1326,0,0,0.103796693202694,0.792406613594611,0.103796693202694,0,0,0,1.59454628334455,112,48.162,-123.59,"SC","WC",11.4859465658665,-0.527461151758289,326.3,25.7214716941774,4.92609351432881,0.841418112561338,1.59454628334455,-0.416008456593162,-0.931307580284427,-0.371194962929075,0.236228081738108
"Strait of Juan de Fuca","Chum",1984,12375,6988,0,0,0.0709494949494949,0.908929292929293,0.0201212121212121,0,0,0,0.571483916182944,112,48.162,-123.59,"SC","WC",11.7550913095474,-0.258316408077328,261.8,-47.8680562837991,1.7708929593589,-0.221554564297886,0.571483916182944,1.9699905659647,-0.53233096166247,-0.78969235970346,-0.545440744628959
"Strait of Juan de Fuca","Chum",1985,6169,7322,0,0,0.330037283190144,0.641919273788296,0.0280434430215594,0,0,0,-0.171346764470543,112,48.162,-123.59,"SC","WC",11.8978414237499,-0.115566293874828,270.3,-48.5060334477533,0.842529363561868,-0.534316025679043,-0.171346764470543,2.11074006676553,-0.320720074919968,-0.734541539973503,-0.552217345521771
"Strait of Juan de Fuca","Chum",1986,1108,1384,0,0,0,0.844765342960289,0.155234657039711,0,0,0,-0.222421268870386,112,48.162,-123.59,"SC","WC",12.0952987372875,0.0818910196627656,212.2,-115.764248823289,0.800578034682081,-0.548449237048732,-0.222421268870386,-0.391566926513975,-0.0280119573474021,-1.1115136136571,-1.26663489541925
"Strait of Juan de Fuca","Chum",1987,1633,5726,0,0,0,0.698101653398653,0.301898346601347,0,0,0,-1.2545983926876,112,48.162,-123.59,"SC","WC",11.9348650574684,-0.0785426601563378,364.4,27.286769793309,0.285190359762487,-0.722080994170034,-1.2545983926876,1.43817658389687,-0.265836728553705,-0.123989523904206,0.25285469644379
"Strait of Juan de Fuca","Chum",1988,6533,12552,0,0,0.0933721108219807,0.776825348232053,0.129802540945967,0,0,0,-0.653013759572118,112,48.162,-123.59,"SC","WC",12.4532074332237,0.439799715598965,303,-43.2216979870615,0.520474824729127,-0.642814730998575,-0.653013759572118,4.31469183080255,0.502547173501864,-0.522373092306489,-0.496087072489919
"Strait of Juan de Fuca","Chum",1989,4464,3652,0,0,0.0120967741935484,0.748431899641577,0.239471326164875,0,0,0,0.200770262346288,112,48.162,-123.59,"SC","WC",12.3899008929729,0.376493175348192,486,130.743381846267,1.2223439211391,-0.406358233474033,0.200770262346288,0.564181180720433,0.408702393104263,0.664991614820837,1.35177203897044
"Strait of Juan de Fuca","Chum",1990,2906,946,0,0,0.545767377838954,0.445285615966965,0.00894700619408121,0,0,0,1.12229027507835,112,48.162,-123.59,"SC","WC",11.7449113130569,-0.268496404567815,277.2,-86.9838643363977,3.07188160676533,0.216742577517322,1.12229027507835,-0.576142619180937,-0.547421654208828,-0.689772051016243,-0.960929314986752
"Strait of Juan de Fuca","Chum",1991,356,1752,0,0,0.564606741573034,0.362359550561798,0.0702247191011236,0,0,0,-1.59358254064431,112,48.162,-123.59,"SC","WC",13.1395713090897,1.12616359146491,398.6,25.6305823493315,0.203196347031963,-0.749704403103995,-1.59358254064431,-0.236489632218445,1.52000393149772,0.0979114213622126,0.235262654054754
"Strait of Juan de Fuca","Chum",1992,2616,5331,0,0,0.148318042813456,0.674311926605505,0.176987767584098,0,0,0,-0.711892404245672,112,48.162,-123.59,"SC","WC",12.8853107392788,0.871903021654037,453.7,72.1190405954069,0.490714687675858,-0.652840785443001,-0.711892404245672,1.27172133594379,1.14309141593217,0.455418499846997,0.729063600946266
"Strait of Juan de Fuca","Chum",1993,2628,5611,0,0,0.120243531202435,0.860730593607306,0.0190258751902588,0,0,0,-0.758505856146471,112,48.162,-123.59,"SC","WC",12.5318796634674,0.518471945842651,434.9,44.9103454445051,0.468365710212083,-0.660370054022241,-0.758505856146471,1.38971492942952,0.619169850106245,0.333437863267797,0.440052523012055
"Strait of Juan de Fuca","Chum",1994,2164,2491,0,0,0.522181146025878,0.451940850277264,0.0258780036968577,0,0,0,-0.140725875295808,112,48.162,-123.59,"SC","WC",12.9745062887669,0.96109857114211,424.3,26.1281093358687,0.868727418707346,-0.525490020383555,-0.140725875295808,0.0749291734456768,1.27531372220564,0.264661546898673,0.240547391521324
"Strait of Juan de Fuca","Chum",1995,1647,517,0,0,0.306618093503339,0.689738919247116,0.00303582270795386,0,0,0,1.15866785566921,112,48.162,-123.59,"SC","WC",12.0462116003037,0.0328038826788978,402,-4.11073275407784,3.18568665377176,0.255082978816368,1.15866785566921,-0.756925660628716,-0.100778081863925,0.119971749254196,-0.080649942618684
"Strait of Juan de Fuca","Chum",1996,291,2068,0,0,0.415807560137457,0.584192439862543,0,0,0,0,-1.96101396845683,112,48.162,-123.59,"SC","WC",13.0086309909821,0.995223273357306,443.6,29.8031196413841,0.140715667311412,-0.770753859142511,-1.96101396845683,-0.103325433855979,1.32589973074178,0.389886349344342,0.279583393943555
"Strait of Juan de Fuca","Chum",1997,1100,3709,0,0,0.0863636363636364,0.634545454545455,0.279090909090909,0,0,0,-1.21545211870313,112,48.162,-123.59,"SC","WC",13.0115703344345,0.998162616809753,501.1,79.8710331213849,0.296575896468051,-0.718245258780622,-1.21545211870313,0.5882013051086,1.33025697471239,0.762965423988174,0.81140535616993
"Strait of Juan de Fuca","Chum",1998,4158,1419,0,0,0.23953823953824,0.759259259259259,0.00144300144300144,0,0,0,1.07508179125792,112,48.162,-123.59,"SC","WC",11.2942041754723,-0.719203542152496,381.8,-46.6131174327623,2.93023255813953,0.169021659062502,1.07508179125792,-0.376817727328259,-1.21554397115615,-0.0110925517511157,-0.532110769484317
"Strait of Juan de Fuca","Chum",1999,2420,1272,0,0,0.577685950413223,0.329752066115702,0.0925619834710744,0,0,0,0.643177075250665,112,48.162,-123.59,"SC","WC",12.3575990498066,0.34419133218184,401.8,-33.5617709907838,1.90251572327044,-0.177211455435828,0.643177075250665,-0.438764363908267,0.360818566782748,0.118674082907608,-0.393479215020963
"Strait of Juan de Fuca","Chum",2000,2535,219,0,0,0.121499013806706,0.818934911242604,0.0591715976331361,0,0,0,2.44887718620878,112,48.162,-123.59,"SC","WC",11.5874959230423,-0.425911794582455,382.9,-59.1918651272497,11.5753424657534,3.08151975867258,2.44887718620878,-0.882504556552813,-0.780772152413414,-0.00395538684488609,-0.665722374527633
"Strait of Juan de Fuca","Chum",2001,2153,1519,0,0,0.417092429168602,0.562935438922434,0.0195076637250348,0,0,0,0.34880999476859,112,48.162,-123.59,"SC","WC",11.6073045432568,-0.406103174367992,466.3,17.6774341079921,1.41737985516787,-0.340651516811681,0.34880999476859,-0.334677158226212,-0.751408115038412,0.537171479681994,0.15078422047122
"Strait of Juan de Fuca","Chum",2002,2400,4573,0,0,0.423333333333333,0.55375,0.0233333333333333,0,0,0,-0.644700707322018,112,48.162,-123.59,"SC","WC",12.687228769064,0.673821051439196,361.3,-93.6727903862989,0.524819593264815,-0.641350998294345,-0.644700707322018,0.952295822150279,0.849457315539067,-0.144103352276308,-1.03197916567539
"Strait of Juan de Fuca","Chum",2003,874,1005,0,0,0.172768878718535,0.719679633867277,0.107551487414188,0,0,0,-0.139662444837641,112,48.162,-123.59,"SC","WC",13.2048262357712,1.19141851814642,594.5,133.341193044483,0.869651741293532,-0.525178620319881,-0.139662444837641,-0.55127968341073,1.61673697424543,1.36897560784442,1.37936601988361
"Strait of Juan de Fuca","Chum",2004,706,2713,0,0,0.110481586402266,0.648725212464589,0.240793201133144,0,0,0,-1.34619507516569,112,48.162,-123.59,"SC","WC",13.005641490221,0.992233772596273,347.5,-119.692201844423,0.260228529303354,-0.730490521006817,-1.34619507516569,0.168481236852219,1.32146813423838,-0.233642330190828,-1.30835765832343
"Strait of Juan de Fuca","Chum",2005,1169,2032,0,0,0.213002566295979,0.786997433704021,0,0,0,0,-0.552871847226304,112,48.162,-123.59,"SC","WC",12.0981498062611,0.0847420886363071,550,76.9215300470468,0.575295275590551,-0.62434597112624,-0.552871847226304,-0.118496038732715,-0.0237855703001784,1.08024484572875,0.780075700037688
"Strait of Juan de Fuca","Chum",2006,1264,1271,0,0,0.247626582278481,0.643196202531646,0.109177215189873,0,0,0,-0.0055226964826513,112,48.162,-123.59,"SC","WC",11.9083122909069,-0.105095426717851,331.7,-147.116423405168,0.994492525570417,-0.483120329465761,-0.0055226964826513,-0.439185769599287,-0.305198199533531,-0.33615797157122,-1.59965806030227
"Strait of Juan de Fuca","Chum",2007,6416,499,0,0,0.161471321695761,0.720386533665835,0.118142144638404,0,0,0,2.55394405379483,112,48.162,-123.59,"SC","WC",10.6917659640312,-1.32164175359354,657.6,173.201478578285,12.8577154308617,3.5135453620232,2.55394405379483,-0.764510963067084,-2.10859043099831,1.77838934019269,1.80276243874891
"Strait of Juan de Fuca","Chum",2008,886,433,0,0,0,0.946952595936795,0.0519187358916479,0,0,0,0.715979222602591,112,48.162,-123.59,"SC","WC",11.3120053559542,-0.701402361670594,410.3,-79.512118210272,2.04618937644342,-0.128808456942795,0.715979222602591,-0.792323738674434,-1.18915573596711,0.173824902637566,-0.881564340298108
"Strait of Juan de Fuca","Chum",2009,2932,1265,0,0,0.46793997271487,0.453615279672578,0.0784447476125512,0,0,0,0.840612661844921,112,48.162,-123.59,"SC","WC",11.9546478390694,-0.0587598785553836,654.8,159.758485773777,2.31778656126482,-0.0373086040658389,0.840612661844921,-0.44171420374541,-0.236510993998616,1.76022201134047,1.65997081204483
"Strait of Juan de Fuca","Chum",2010,2170,1343,0,0,0,0.736405529953917,0.263594470046083,0,0,0,0.479821250011268,112,48.162,-123.59,"SC","WC",11.9074915349483,-0.105916182676414,437.6,-62.470593004989,1.61578555472822,-0.273809541510431,0.479821250011268,-0.408844559845814,-0.306414877342589,0.350956358946725,-0.700549060369897
"Strait of Juan de Fuca","Chum",2011,2025,4638,0,0,0.0720987654320988,0.838024691358025,0.0898765432098765,0,0,0,-0.828713538274838,112,48.162,-123.59,"SC","WC",11.8511697947979,-0.162237922826861,578.3,73.4142570728227,0.436610608020699,-0.671068203123142,-0.828713538274838,0.979687192066609,-0.389905482185188,1.26386463377085,0.742821405509109
"Strait of Juan de Fuca","Chum",2012,1694,2770,0,0,0.396694214876033,0.600944510035419,0.00295159386068477,0,0,0,-0.491754723969384,112,48.162,-123.59,"SC","WC",12.3085099160671,0.29510219844237,359.3,-150.178710666804,0.611552346570397,-0.612131129272902,-0.491754723969384,0.192501361240386,0.288049482302053,-0.15708001574218,-1.63218571139032
"Strait of Juan de Fuca","Chum",2013,2038,1303,0,0,0.808635917566241,0.163886162904809,0.0274779195289499,0,0,0,0.447299636657825,112,48.162,-123.59,"SC","WC",12.5053054094315,0.491897691806709,552.7,38.850982827287,1.5640828856485,-0.291227934919961,0.447299636657825,-0.425700787486632,0.579776526377698,1.09776334140768,0.375689902464321
"Strait of Juan de Fuca","Chum",2014,95,1881,0,0,1,0,0,0,0,0,-2.98568193770049,112,48.162,-123.59,"SC","WC",13.3889838755131,1.37557615788833,432.2,-85.8055900084864,0.0505050505050505,-0.801145404515668,-2.98568193770049,-0.182128298076805,1.8897298307759,0.315919367588869,-0.948413671302878
"Strait of Juan de Fuca","Chum",2015,1378,2825,0,0,0.753265602322206,0.219158200290276,0.0283018867924528,0,0,0,-0.717875192006938,112,48.162,-123.59,"SC","WC",13.4276478886604,1.41424017103567,512.8,-9.16732517828621,0.487787610619469,-0.653826904353604,-0.717875192006938,0.215678674246511,1.9470448539746,0.838878905263527,-0.134361126454929
"Strait of Juan de Fuca","Chum",2016,3427,2735,0,0,0.143565800992121,0.847971987160782,0.00846221184709659,0,0,0,0.225553807018527,112,48.162,-123.59,"SC","WC",12.5415430366993,0.52813531907454,701.3,175.537619931456,1.25301645338208,-0.396024797251408,0.225553807018527,0.17775216205467,0.633494707147151,2.061929436922,1.82757695950935
"Strait of Juan de Fuca","Chum",2017,632,421,0,0,0.0332278481012658,0.878164556962025,0.0886075949367089,0,0,0,0.406256560464476,112,48.162,-123.59,"SC","WC",12.8599569201469,0.846549202522187,638.8,109.373894221988,1.50118764845606,-0.312417053480061,0.406256560464476,-0.79738060696668,1.10550724881068,1.65640870361349,1.12478509163828
"Strait of Juan de Fuca","Chum",2018,2775,1030,0,0,0.353513513513514,0.646486486486486,0,0,0,0,0.991091944956853,112,48.162,-123.59,"SC","WC",12.7692861258984,0.755878408273597,312.9,-220.09763796564,2.69417475728155,0.0894948625562487,0.991091944956853,-0.540744541135219,0.971098059159358,-0.45813860815042,-2.37486537443806
"Strait of Juan de Fuca","Chum",2019,1612,745,0,0,0,0.997518610421836,0.00248138957816377,0,0,0,0.771846704687014,112,48.162,-123.59,"SC","WC",12.4839853942394,0.470577676614672,797.2,260.684735027627,2.16375838926175,-0.0891999927282643,0.771846704687014,-0.66084516307605,0.548172017019823,2.68416045011058,2.73201061134204
"Port Susan","Chum",1968,74482,39260,0,0,0.0841814129588357,0.836671947584651,0.0791600655191858,0,0,0,0.640351296606367,109,48.23861,-122.3758,"SC","WC",11.638171672821,-0.564605307361307,132.2,-65.2451763112484,1.89714722363729,-0.14197465999315,0.640351296606367,-0.387560529702018,-0.999798373350532,-1.63058015229199,-0.730020716680975
"Port Susan","Chum",1969,30367,27500,0,0,0.222050251918201,0.713208417031646,0.0647413310501531,0,0,0,0.0991704878134393,109,48.23861,-122.3758,"SC","WC",11.5663098891576,-0.636467091024739,202.8,2.28046936379511,1.10425454545455,-0.539049187329669,0.0991704878134393,-0.5397910604148,-1.10769014521353,-1.1725039319467,-0.0127625190161357
"Port Susan","Chum",1970,63610,75223,0,0,0.0546297751925798,0.938343027825814,0.00702719698160667,0,0,0,-0.167686344566009,109,48.23861,-122.3758,"SC","WC",10.9884994824727,-1.21427749770962,126.2,-78.1640583855578,0.845619026095742,-0.66857185720374,-0.167686344566009,0.0779723424088458,-1.97520254749518,-1.66951014268961,-0.867245233082578
"Port Susan","Chum",1971,22780,17790,0,0,0.742230026338894,0.249912203687445,0.00785776997366111,0,0,0,0.247246456341292,109,48.23861,-122.3758,"SC","WC",11.6215970118841,-0.581179968298293,158.6,-50.3442287528231,1.2804946599213,-0.450789499637745,0.247246456341292,-0.665484806437003,-1.02468322097546,-1.45928819454248,-0.571742677538812
"Port Susan","Chum",1972,90166,32751,0,0,0.0697602200385955,0.914413415256305,0.0158374553601136,0,0,0,1.01271891990951,109,48.23861,-122.3758,"SC","WC",11.8307273387909,-0.372049641391463,133.9,-80.3137308338856,2.75307624194681,0.286667979459413,1.01271891990951,-0.47181805728786,-0.710699342897204,-1.619549988346,-0.89007907895615
"Port Susan","Chum",1973,39740,16200,0,0,0.173653749370911,0.780322093608455,0.0460241570206341,0,0,0,0.897346994885332,109,48.23861,-122.3758,"SC","WC",11.6481247742971,-0.554652205885286,228.3,8.18300003622602,2.45308641975309,0.136435394229404,0.897346994885332,-0.686066995538476,-0.984854995952477,-1.00705147275682,0.0499342307808666
"Port Susan","Chum",1974,117613,56110,0,0,0.0448249768307925,0.940117163918955,0.0150578592502529,0,0,0,0.740085523809771,109,48.23861,-122.3758,"SC","WC",11.5081800619761,-0.694596918206234,199,-27.5920951201788,2.09611477454999,-0.0423332477215178,0.740085523809771,-0.169441104318484,-1.19496504618279,-1.19715959253185,-0.330069248144099
"Port Susan","Chum",1975,13142,9774,0,0,0.723558058134226,0.229036676304976,0.0474813574798356,0,0,0,0.296087409627713,109,48.23861,-122.3758,"SC","WC",11.4163659016291,-0.78641107855323,279.1,45.5262969845521,1.34458768160426,-0.418692209562301,0.296087409627713,-0.769250106963674,-1.33281289711209,-0.677444220723664,0.446595167470266
"Port Susan","Chum",1976,59247,43325,0,0,0.0645939878812429,0.837375732104579,0.0980471585059159,0,0,0,0.312985310220289,109,48.23861,-122.3758,"SC","WC",11.9004380702972,-0.302338909885117,234.1,-6.89603449935734,1.36750144258511,-0.407217175095053,0.312985310220289,-0.334940027376554,-0.606037115539879,-0.969419148705793,-0.110235450314322
"Port Susan","Chum",1977,65377,28730,0,0,0.29146335867354,0.598344983709867,0.110191657616593,0,0,0,0.822228641660166,109,48.23861,-122.3758,"SC","WC",12.539906779925,0.33712979974267,319.9,71.1046092155224,2.27556561085973,0.047534344663298,0.822228641660166,-0.523868989600453,0.354047767070568,-0.412720286019867,0.718288298971486
"Port Susan","Chum",1978,263861,98504,0,0,0.0639389678656565,0.888767191816904,0.0472938403174399,0,0,0,0.985325292846456,109,48.23861,-122.3758,"SC","WC",12.0985187292099,-0.104258250972454,244.5,-12.4122105457951,2.67868309916349,0.249412468315749,0.985325292846456,0.379339603082678,-0.308642976786385,-0.901940498683257,-0.168828336757941
"Port Susan","Chum",1979,13175,7877,0,0,0.509070208728653,0.430360531309298,0.0605692599620493,0,0,0,0.514373973706239,109,48.23861,-122.3758,"SC","WC",12.3092483679454,0.106471387762999,297.9,32.6075384498225,1.67259108797766,-0.254430637808364,0.514373973706239,-0.793806341382224,0.00774207446284971,-0.555463584144464,0.309371963307525
"Port Susan","Chum",1980,71045,42701,0,0,0.0716306566260821,0.861538461538462,0.0668308818354564,0,0,0,0.509091139925938,109,48.23861,-122.3758,"SC","WC",12.0381656885147,-0.164611291667638,223.2,-50.6883073338683,1.66377836584623,-0.258843980964594,0.509091139925938,-0.343017565740906,-0.399255763805701,-1.0401419645948,-0.575397484248594
"Port Susan","Chum",1981,215181,21325,0,0,0.175117691617754,0.759616323002496,0.0652659853797501,0,0,0,2.31159944104927,109,48.23861,-122.3758,"SC","WC",11.5666562716166,-0.636120708565734,431,148.341946054577,10.090550996483,3.96121864712189,2.31159944104927,-0.61972503381203,-1.10717009386858,0.308133369509346,1.53870419370001
"Port Susan","Chum",1982,326012,108074,0,0,0.178220433603671,0.762152926886127,0.0596235721384489,0,0,0,1.10411801282799,109,48.23861,-122.3758,"SC","WC",13.0934450229009,0.890668042718544,308.8,17.2345438819623,3.01656272553991,0.418619974743417,1.10411801282799,0.50322108088211,1.18511845282347,-0.484740768255459,0.146079835313405
"Port Susan","Chum",1983,73182,9014,0,0,0.103331420294608,0.754092536416059,0.142576043289333,0,0,0,2.0941705648207,109,48.23861,-122.3758,"SC","WC",11.6946057478587,-0.50817123232367,326.3,25.7214716941774,8.11870423785223,2.97373302490897,2.0941705648207,-0.779088134458718,-0.915069439014909,-0.371194962929075,0.236228081738108
"Port Susan","Chum",1984,453422,87841,0,0,0.198730983498816,0.77089995633207,0.030369060169114,0,0,0,1.64129489714082,109,48.23861,-122.3758,"SC","WC",11.9718673229218,-0.230909657260599,261.8,-47.8680562837991,5.16184925035006,1.49296289186147,1.64129489714082,0.241309488372611,-0.49879473668935,-0.78969235970346,-0.545440744628959
"Port Susan","Chum",1985,60185,125704,0,0,0.210517570823295,0.672559607875717,0.116922821300989,0,0,0,-0.736506785056133,109,48.23861,-122.3758,"SC","WC",12.0917661587397,-0.111010821442623,270.3,-48.5060334477533,0.478783491376567,-0.852280258815798,-0.736506785056133,0.731437429221084,-0.31878114418936,-0.734541539973503,-0.552217345521771
"Port Susan","Chum",1986,252471,145866,0,0,0.0848097405246543,0.743812160604584,0.171378098870761,0,0,0,0.548607998589024,109,48.23861,-122.3758,"SC","WC",12.2978515625,0.0950745823176549,212.2,-115.764248823289,1.73084200567644,-0.225259028272031,0.548607998589024,0.992429942846178,-0.00936884973623458,-1.1115136136571,-1.26663489541925
"Port Susan","Chum",1987,54349,45714,0,0,0.110986402693702,0.787190196691751,0.101823400614547,0,0,0,0.173021617414993,109,48.23861,-122.3758,"SC","WC",12.137734413147,-0.0650425670353777,364.4,27.286769793309,1.18889180557378,-0.49666350137034,0.173021617414993,-0.304014964632266,-0.2497653730157,-0.123989523904206,0.25285469644379
"Port Susan","Chum",1988,217453,149010,0,0,0.0504108933884564,0.639775031845962,0.309809476070691,0,0,0,0.377969317436117,109,48.23861,-122.3758,"SC","WC",12.6631323496501,0.460355369467711,303,-43.2216979870615,1.459318166566,-0.361236069102425,0.377969317436117,1.03312830922041,0.539056047949446,-0.522373092306489,-0.496087072489919
"Port Susan","Chum",1989,106002,15618,0,0,0.0536593649176431,0.824380672062791,0.121959963019566,0,0,0,1.91503386661812,109,48.23861,-122.3758,"SC","WC",12.5468460321426,0.344069051960288,486,130.743381846267,6.7871686515559,2.30691029075009,1.91503386661812,-0.693600853435996,0.364466214526166,0.664991614820837,1.35177203897044
"Port Susan","Chum",1990,362352,67811,0,0,0.166915043935179,0.79710336909966,0.0359815869651609,0,0,0,1.67589169139091,109,48.23861,-122.3758,"SC","WC",11.874424735705,-0.328352244477303,277.2,-86.9838643363977,5.34355782985061,1.5839611445929,1.67589169139091,-0.0179743152138699,-0.645092989443048,-0.689772051016243,-0.960929314986752
"Port Susan","Chum",1991,52011,23220,0,0,0.732595027974851,0.245851839034051,0.021553132991098,0,0,0,0.806441258402115,109,48.23861,-122.3758,"SC","WC",13.3306065400442,1.1278295598618,398.6,25.6305823493315,2.23992248062016,0.0296845404185291,0.806441258402115,-0.595194688939519,1.54118777086521,0.0979114213622126,0.235262654054754
"Port Susan","Chum",1992,212683,69250,0,0,0.27075506740078,0.723894246366658,0.00535068623256208,0,0,0,1.12207964916791,109,48.23861,-122.3758,"SC","WC",13.1073172489802,0.904540268797852,453.7,72.1190405954069,3.07123465703971,0.445999255642585,1.12207964916791,0.000653213161614151,1.20594592154301,0.455418499846997,0.729063600946266
"Port Susan","Chum",1993,27650,20573,0,0,0.624086799276673,0.22376130198915,0.152151898734177,0,0,0,0.29564619147625,109,48.23861,-122.3758,"SC","WC",12.6877340873082,0.484957107125894,434.9,44.9103454445051,1.34399455597142,-0.418989242296731,0.29564619147625,-0.629459503122915,0.575992579879707,0.333437863267797,0.440052523012055
"Port Susan","Chum",1994,151700,237889,0,0,0.0452340145023072,0.917389584706658,0.0373764007910349,0,0,0,-0.44989929197033,109,48.23861,-122.3758,"SC","WC",13.1870526075363,0.984275627353973,424.3,26.1281093358687,0.63769236913014,-0.772699920568515,-0.44989929197033,2.18364679044671,1.32565891329176,0.264661546898673,0.240547391521324
"Port Susan","Chum",1995,207614,49436,0,0,0.587585615613591,0.408488830233029,0.00392555415338079,0,0,0,1.43500168267002,109,48.23861,-122.3758,"SC","WC",12.254433631897,0.0516566517146283,402,-4.11073275407784,4.19965207541063,1.01110198059757,1.43500168267002,-0.255834519452591,-0.0745556183436598,0.119971749254196,-0.080649942618684
"Port Susan","Chum",1996,56405,146771,0,0,0.416718376030494,0.559276659870579,0.0239872351741867,0,0,0,-0.956315741924494,109,48.23861,-122.3758,"SC","WC",13.2148352861404,1.0120583059581,443.6,29.8031196413841,0.384306164024228,-0.899593774420997,-0.956315741924494,1.00414496242909,1.36737124311282,0.389886349344342,0.279583393943555
"Port Susan","Chum",1997,37694,11228,0,0,0.194566774552979,0.622353690242479,0.183079535204542,0,0,0,1.2110902720948,109,48.23861,-122.3758,"SC","WC",13.2002125581106,0.997435577928198,501.1,79.8710331213849,3.35714285714286,0.589179873324397,1.2110902720948,-0.750428406992893,1.34541698653598,0.762965423988174,0.81140535616993
"Port Susan","Chum",1998,654809,234404,0,0,0.137102574949336,0.834904529412394,0.0279928956382701,0,0,0,1.02729746765371,109,48.23861,-122.3758,"SC","WC",11.5312667687734,-0.671510211408952,381.8,-46.6131174327623,2.79350608351393,0.306914931754835,1.02729746765371,2.13853425647273,-1.16030314974969,-0.0110925517511157,-0.532110769484317
"Port Susan","Chum",1999,237159,87862,0,0,0.242482891224874,0.655568626954912,0.101944265239776,0,0,0,0.992963400491704,109,48.23861,-122.3758,"SC","WC",12.5825641552607,0.37978717507837,401.8,-33.5617709907838,2.6992215064533,0.259697944006532,0.992963400491704,0.241581328606026,0.41809265398221,0.118674082907608,-0.393479215020963
"Port Susan","Chum",2000,160137,34352,0,0,0.122738655026633,0.858002835072469,0.0192585099008974,0,0,0,1.53936945772449,109,48.23861,-122.3758,"SC","WC",11.7997841040293,-0.402992876153009,382.9,-59.1918651272497,4.66164997671169,1.24246696016837,1.53936945772449,-0.451093475683169,-0.757156865315961,-0.00395538684488609,-0.665722374527633
"Port Susan","Chum",2001,125719,76488,0,0,0.74345166601707,0.231715174317327,0.0248331596656034,0,0,0,0.496915391930686,109,48.23861,-122.3758,"SC","WC",11.7507197062175,-0.452057273964897,466.3,17.6774341079921,1.64364344733814,-0.268927392590847,0.496915391930686,0.0943474802788856,-0.830821121133885,0.537171479681994,0.15078422047122
"Port Susan","Chum",2002,346951,370502,0,0,0.0677012027635026,0.926865753377278,0.00543592611060351,0,0,0,-0.0656752832311374,109,48.23861,-122.3758,"SC","WC",12.8610566059748,0.658279625792486,361.3,-93.6727903862989,0.936434891039724,-0.623091973684148,-0.0656752832311374,3.9002919749207,0.836215367144186,-0.144103352276308,-1.03197916567539
"Port Susan","Chum",2003,112727,162245,0,0,0.764838947191001,0.217862623861187,0.017298428947812,0,0,0,-0.364138572025424,109,48.23861,-122.3758,"SC","WC",13.3639675378799,1.16119055769759,594.5,133.341193044483,0.69479490893402,-0.744103409809572,-0.364138572025424,1.20445238013739,1.59127527195589,1.36897560784442,1.37936601988361
"Port Susan","Chum",2004,86767,197287,0,0,0.505653070867957,0.47135431673332,0.022992612398723,0,0,0,-0.821433156303276,109,48.23861,-122.3758,"SC","WC",13.1862010161082,0.983424035925852,347.5,-119.692201844423,0.439800899197616,-0.871802439799088,-0.821433156303276,1.65806311629702,1.32438035181722,-0.233642330190828,-1.30835765832343
"Port Susan","Chum",2005,54332,33600,0,0,0.635095339762939,0.348763159832143,0.0161415004049179,0,0,0,0.480587304991086,109,48.23861,-122.3758,"SC","WC",12.2671165466309,0.0643395664485057,550,76.9215300470468,1.61702380952381,-0.282258301544657,0.480587304991086,-0.460827944994054,-0.0555137566855333,1.08024484572875,0.780075700037688
"Port Susan","Chum",2006,28170,266104,0,0,0.165211217607384,0.70539581114661,0.129392971246006,0,0,0,-2.24562962792526,109,48.23861,-122.3758,"SC","WC",12.1290962696075,-0.0736807105748079,331.7,-147.116423405168,0.105860866428163,-1.03903702818573,-2.24562962792526,2.54888356120021,-0.262734500200755,-0.33615797157122,-1.59965806030227
"Port Susan","Chum",2007,56995,35215,0,0,0.136380384244232,0.72673041494868,0.136889200807088,0,0,0,0.481491416491368,109,48.23861,-122.3758,"SC","WC",10.8781929413478,-1.3245840388346,657.6,173.201478578285,1.61848644043731,-0.281525827283476,0.481491416491368,-0.439922136567086,-2.14081447031902,1.77838934019269,1.80276243874891
"Port Susan","Chum",2008,17687,35836,0,0,0,0.848250127212077,0.151693334087183,0,0,0,-0.706123068282675,109,48.23861,-122.3758,"SC","WC",11.4854460557302,-0.717330924452178,410.3,-79.512118210272,0.493553968076794,-0.844883318201187,-0.706123068282675,-0.431883432521794,-1.2290974054199,0.173824902637566,-0.881564340298108
"Port Susan","Chum",2009,22253,22514,0,0,0.467442592010066,0.473733878578169,0.0588235294117647,0,0,0,-0.0116605069486333,109,48.23861,-122.3758,"SC","WC",12.1781110366186,-0.0246659435637938,654.8,159.758485773777,0.988407213289509,-0.597064636240179,-0.0116605069486333,-0.604333698691494,-0.189144759024304,1.76022201134047,1.65997081204483
"Port Susan","Chum",2010,43593,27544,0,0,0.0659509554286239,0.919367788406396,0.0146812561649806,0,0,0,0.459111860970446,109,48.23861,-122.3758,"SC","WC",12.1283733447393,-0.0744036354430833,437.6,-62.470593004989,1.58266773162939,-0.299463559918752,0.459111860970446,-0.539221490401929,-0.263819884406181,0.350956358946725,-0.700549060369897
"Port Susan","Chum",2011,5113,44474,0,0,0.127909250929004,0.846469782906317,0.0254253862702914,0,0,0,-2.16311843265938,109,48.23861,-122.3758,"SC","WC",12.1125862598419,-0.0901907203404312,578.3,73.4142570728227,0.11496604757836,-1.03447722381244,-2.16311843265938,-0.32006648317681,-0.287522281915598,1.26386463377085,0.742821405509109
"Port Susan","Chum",2012,15709,31369,0,0,0.0584378381819339,0.854223693424152,0.0874021261697116,0,0,0,-0.691586347586629,109,48.23861,-122.3758,"SC","WC",12.461522102356,0.25874512217361,359.3,-150.178710666804,0.50078102585355,-0.841264063502914,-0.691586347586629,-0.489707733601215,0.236362659372096,-0.15708001574218,-1.63218571139032
"Port Susan","Chum",2013,1955,16123,0,0,0,0.918158567774936,0.0818414322250639,0,0,0,-2.10985663054427,109,48.23861,-122.3758,"SC","WC",12.6539690494537,0.451192069271393,552.7,38.850982827287,0.121255349500713,-1.03132759000094,-2.10985663054427,-0.687063743061,0.52529846159557,1.09776334140768,0.375689902464321
"Port Susan","Chum",2014,24517,40522,0,0,0.128115185381572,0.865114002528858,0.00673002406493454,0,0,0,-0.502478282023984,109,48.23861,-122.3758,"SC","WC",13.4833151102066,1.28053813002426,432.2,-85.8055900084864,0.605029366763733,-0.789057299798903,-0.502478282023984,-0.371224226151038,1.77046120903448,0.315919367588869,-0.948413671302878
"Port Susan","Chum",2015,6649,5702,0,0,0.517671830350429,0.392540231613776,0.0899383365919687,0,0,0,0.153649476929838,109,48.23861,-122.3758,"SC","WC",13.5869159301122,1.38413894992985,512.8,-9.16732517828621,1.1660820764644,-0.508086437480107,0.153649476929838,-0.821961222700277,1.92600530293597,0.838878905263527,-0.134361126454929
"Port Susan","Chum",2016,32662,12850,0,0,0.0333721143836875,0.933715020513134,0.032912865103178,0,0,0,0.932868511313323,109,48.23861,-122.3758,"SC","WC",12.753143787384,0.550366807201683,701.3,175.537619931456,2.54178988326848,0.180857403433997,0.932868511313323,-0.729431985154787,0.67419732903061,2.061929436922,1.82757695950935
"Port Susan","Chum",2017,6461,6040,0,0,0.416498993963783,0.547593251818604,0.0359077542176134,0,0,0,0.0673800926293048,109,48.23861,-122.3758,"SC","WC",13.0466420650482,0.84386508486587,638.8,109.373894221988,1.06970198675497,-0.556352841772976,0.0673800926293048,-0.817585889419586,1.1148494754376,1.65640870361349,1.12478509163828
"Port Susan","Chum",2018,77882,23613,0,0,0.160435017077117,0.824824734855294,0.0147402480675894,0,0,0,1.19339745287999,109,48.23861,-122.3758,"SC","WC",12.9058035214742,0.703026541291842,312.9,-220.09763796564,3.29826790327362,0.559695751295213,1.19339745287999,-0.59010739314274,0.903397445747195,-0.45813860815042,-2.37486537443806
"Port Susan","Chum",2019,6037,3641,0,0,0.448732814311744,0.502070564850091,0.0491966208381647,0,0,0,0.505648830620993,109,48.23861,-122.3758,"SC","WC",12.6422004699707,0.439423489788353,797.2,260.684735027627,1.65806097226037,-0.261707207499751,0.505648830620993,-0.848640399894073,0.507629363668882,2.68416045011058,2.73201061134204
"Skagit","Chum",1968,179283,44049,0,0,0.0792155419086026,0.823290551809151,0.0974883285085591,0,0,0,1.40366291230483,110,48.3875,-122.3656,"SC","WC",11.638171672821,-0.564605307361307,132.2,-65.2451763112484,4.07008104610774,1.41136947428524,1.40366291230483,-0.280406710788592,-0.999798373350532,-1.63058015229199,-0.730020716680975
"Skagit","Chum",1969,84704,22393,0,0,0.188550717793729,0.758039761994711,0.0534095202115603,0,0,0,1.330414416022,110,48.3875,-122.3656,"SC","WC",11.5663098891576,-0.636467091024739,202.8,2.28046936379511,3.78261063725271,1.22689836779735,1.330414416022,-0.709017218193716,-1.10769014521353,-1.1725039319467,-0.0127625190161357
"Skagit","Chum",1970,148368,127588,0,0,0.0694421977784967,0.925785883748517,0.00477865847082929,0,0,0,0.150889351456732,110,48.3875,-122.3656,"SC","WC",10.9884994824727,-1.21427749770962,126.2,-78.1640583855578,1.16286798131486,-0.454202752763865,0.150889351456732,1.37297771745839,-1.97520254749518,-1.66951014268961,-0.867245233082578
"Skagit","Chum",1971,48324,48827,0,0,0.805169274066716,0.18653257180697,0.00829815412631405,0,0,0,-0.0103551068880877,110,48.3875,-122.3656,"SC","WC",11.6215970118841,-0.581179968298293,158.6,-50.3442287528231,0.989698322649354,-0.565326533021419,-0.0103551068880877,-0.185841647786113,-1.02468322097546,-1.45928819454248,-0.571742677538812
"Skagit","Chum",1972,134852,144732,0,0,0.0738513333135586,0.910768842879601,0.0153872393438733,0,0,0,-0.0707058756193194,110,48.3875,-122.3656,"SC","WC",11.8307273387909,-0.372049641391463,133.9,-80.3137308338856,0.931735898073681,-0.602521292088212,-0.0707058756193194,1.71228777189843,-0.710699342897204,-1.619549988346,-0.89007907895615
"Skagit","Chum",1973,48137,83497,0,0,0.216548600868355,0.778652595716393,0.0047988034152523,0,0,0,-0.550759590893073,110,48.3875,-122.3656,"SC","WC",11.6481247742971,-0.554652205885286,228.3,8.18300003622602,0.576511730960394,-0.830470302282417,-0.550759590893073,0.500338916110067,-0.984854995952477,-1.00705147275682,0.0499342307808666
"Skagit","Chum",1974,213873,160248,0,0,0.0216764154428095,0.939473425818126,0.0388548344110757,0,0,0,0.288659765688382,110,48.3875,-122.3656,"SC","WC",11.5081800619761,-0.694596918206234,199,-27.5920951201788,1.33463756177924,-0.343977409239185,0.288659765688382,2.01937682956826,-1.19496504618279,-1.19715959253185,-0.330069248144099
"Skagit","Chum",1975,43009,15762,0,0,0.639749819805157,0.349787253830594,0.0104629263642493,0,0,0,1.00380741618701,110,48.3875,-122.3656,"SC","WC",11.4163659016291,-0.78641107855323,279.1,45.5262969845521,2.72865118639767,0.550567656518305,1.00380741618701,-0.840256425554418,-1.33281289711209,-0.677444220723664,0.446595167470266
"Skagit","Chum",1976,117787,93000,0,0,0.13641573348502,0.811396843454711,0.0521874230602698,0,0,0,0.236278415437997,110,48.3875,-122.3656,"SC","WC",11.9004380702972,-0.302338909885117,234.1,-6.89603449935734,1.26652688172043,-0.387684351335016,0.236278415437997,0.688420078460957,-0.606037115539879,-0.969419148705793,-0.110235450314322
"Skagit","Chum",1977,77427,36000,0,0,0.213723894765392,0.715551422630349,0.0707246826042595,0,0,0,0.76581661851932,110,48.3875,-122.3656,"SC","WC",12.539906779925,0.33712979974267,319.9,71.1046092155224,2.15075,0.179725761103591,0.76581661851932,-0.439710643837347,0.354047767070568,-0.412720286019867,0.718288298971486
"Skagit","Chum",1978,292631,132895,0,0,0.0522569379184024,0.879455696764868,0.0682907825896778,0,0,0,0.789353086919885,110,48.3875,-122.3656,"SC","WC",12.0985187292099,-0.104258250972454,244.5,-12.4122105457951,2.20197148124459,0.212594825292746,0.789353086919885,1.47801262523448,-0.308642976786385,-0.901940498683257,-0.168828336757941
"Skagit","Chum",1979,22023,23513,0,0,0.509694410389139,0.455160514008082,0.0351450756027789,0,0,0,-0.065466097888715,110,48.3875,-122.3656,"SC","WC",12.3092483679454,0.106471387762999,297.9,32.6075384498225,0.936630799982988,-0.599380210628886,-0.065466097888715,-0.686850439088907,0.00774207446284971,-0.555463584144464,0.309371963307525
"Skagit","Chum",1980,35363,19425,0,0,0.0541526454203546,0.881231795944914,0.0646155586347312,0,0,0,0.599105179545843,110,48.3875,-122.3656,"SC","WC",12.0381656885147,-0.164611291667638,223.2,-50.6883073338683,1.82048906048906,-0.0322042291307663,0.599105179545843,-0.767759182821459,-0.399255763805701,-1.0401419645948,-0.575397484248594
"Skagit","Chum",1981,95996,16939,0,0,0.204768948706196,0.698695778990791,0.0965248552023001,0,0,0,1.73468786832885,110,48.3875,-122.3656,"SC","WC",11.5666562716166,-0.636120708565734,431,148.341946054577,5.66715862801818,2.4362216316097,1.73468786832885,-0.816961515727311,-1.10717009386858,0.308133369509346,1.53870419370001
"Skagit","Chum",1982,381366,142541,0,0,0.117747780347488,0.807704409936911,0.0745478097156013,0,0,0,0.984129866314627,110,48.3875,-122.3656,"SC","WC",13.0934450229009,0.890668042718544,308.8,17.2345438819623,2.67548284353274,0.516449282117666,0.984129866314627,1.66892401027465,1.18511845282347,-0.484740768255459,0.146079835313405
"Skagit","Chum",1983,23594,3932,0,0,0.108332626939052,0.64126472832076,0.250360261083326,0,0,0,1.79184424013473,110,48.3875,-122.3656,"SC","WC",11.6946057478587,-0.50817123232367,326.3,25.7214716941774,6.00050864699898,2.65013389859423,1.79184424013473,-1.07439302984896,-0.915069439014909,-0.371194962929075,0.236228081738108
"Skagit","Chum",1984,185674,46817,0,0,0.0939765395262665,0.860799034867564,0.0452298113898553,0,0,0,1.37774606295786,110,48.3875,-122.3656,"SC","WC",11.9718673229218,-0.230909657260599,261.8,-47.8680562837991,3.96595253860777,1.34454972378654,1.37774606295786,-0.225623099572421,-0.49879473668935,-0.78969235970346,-0.545440744628959
"Skagit","Chum",1985,25221,45190,0,0,0.136632171603029,0.577891439673288,0.285476388723683,0,0,0,-0.583198842601919,110,48.3875,-122.3656,"SC","WC",12.0917661587397,-0.111010821442623,270.3,-48.5060334477533,0.558110201371985,-0.842278649923357,-0.583198842601919,-0.257824304575568,-0.31878114418936,-0.734541539973503,-0.552217345521771
"Skagit","Chum",1986,322086,81869,0,0,0.00784573064336854,0.833165676247959,0.158988593108673,0,0,0,1.36969818180266,110,48.3875,-122.3656,"SC","WC",12.2978515625,0.0950745823176549,212.2,-115.764248823289,3.93416311424349,1.32415030142356,1.36969818180266,0.468117919339862,-0.00936884973623458,-1.1115136136571,-1.26663489541925
"Skagit","Chum",1987,33928,42853,0,0,0.0408217401556237,0.678937750530535,0.280240509313841,0,0,0,-0.233535022089408,110,48.3875,-122.3656,"SC","WC",12.137734413147,-0.0650425670353777,364.4,27.286769793309,0.791729867220498,-0.692363817200036,-0.233535022089408,-0.304077664189798,-0.2497653730157,-0.123989523904206,0.25285469644379
"Skagit","Chum",1988,204120,119791,0,0,0.0557956104252401,0.846531452087008,0.0976729374877523,0,0,0,0.532959498545143,110,48.3875,-122.3656,"SC","WC",12.6631323496501,0.460355369467711,303,-43.2216979870615,1.70396774382049,-0.106976503261135,0.532959498545143,1.21866130970822,0.539056047949446,-0.522373092306489,-0.496087072489919
"Skagit","Chum",1989,33001,13904,0,0,0.0166358595194085,0.521559952728705,0.461834489863944,0,0,0,0.864361295514619,110,48.3875,-122.3656,"SC","WC",12.5468460321426,0.344069051960288,486,130.743381846267,2.37348964326812,0.322658832427499,0.864361295514619,-0.877029528747931,0.364466214526166,0.664991614820837,1.35177203897044
"Skagit","Chum",1990,304412,110567,0,0,0.0350249004638451,0.878109272959016,0.0868658265771389,0,0,0,1.01276037497118,110,48.3875,-122.3656,"SC","WC",11.874424735705,-0.328352244477303,277.2,-86.9838643363977,2.75319037325784,0.566314567549739,1.01276037497118,1.03610205036647,-0.645092989443048,-0.689772051016243,-0.960929314986752
"Skagit","Chum",1991,27215,22000,0,0,0.398493477861473,0.529266948374058,0.0722395737644681,0,0,0,0.212725838527848,110,48.3875,-122.3656,"SC","WC",13.3306065400442,1.1278295598618,398.6,25.6305823493315,1.23704545454545,-0.406602721102085,0.212725838527848,-0.716795382647457,1.54118777086521,0.0979114213622126,0.235262654054754
"Skagit","Chum",1992,144454,95940,0,0,0.198464563113517,0.778455425256483,0.0230800116299999,0,0,0,0.409238121697576,110,48.3875,-122.3656,"SC","WC",13.1073172489802,0.904540268797852,453.7,72.1190405954069,1.50567021054826,-0.234224958231658,0.409238121697576,0.74660787361108,1.20594592154301,0.455418499846997,0.729063600946266
"Skagit","Chum",1993,17449,16673,0,0,0.160353028826867,0.590750186257092,0.248896784916041,0,0,0,0.0454916958377711,110,48.3875,-122.3656,"SC","WC",12.6877340873082,0.484957107125894,434.9,44.9103454445051,1.04654231392071,-0.528849477839357,0.0454916958377711,-0.822226125764703,0.575992579879707,0.333437863267797,0.440052523012055
"Skagit","Chum",1994,130370,121775,0,0,0.0254046176267546,0.928810309120196,0.0457927437293856,0,0,0,0.068201481982081,110,48.3875,-122.3656,"SC","WC",13.1870526075363,0.984275627353973,424.3,26.1281093358687,1.07058098952987,-0.513423747219682,0.068201481982081,1.25792817555102,1.32565891329176,0.264661546898673,0.240547391521324
"Skagit","Chum",1995,49347,38666,0,0,0.416742659128214,0.570956694429246,0.0123209110989523,0,0,0,0.243916312847821,110,48.3875,-122.3656,"SC","WC",12.254433631897,0.0516566517146283,402,-4.11073275407784,1.27623752133657,-0.381452988455511,0.243916312847821,-0.386945792861079,-0.0745556183436598,0.119971749254196,-0.080649942618684
"Skagit","Chum",1996,56945,74474,0,0,0.257669681271402,0.692615681798226,0.0496970761260866,0,0,0,-0.268364181458279,110,48.3875,-122.3656,"SC","WC",13.2148352861404,1.0120583059581,443.6,29.8031196413841,0.764629266589682,-0.709754399433403,-0.268364181458279,0.321757801946951,1.36737124311282,0.389886349344342,0.279583393943555
"Skagit","Chum",1997,53817,14392,0,0,0.0263485515729231,0.762491406061282,0.211160042365795,0,0,0,1.31891690573683,110,48.3875,-122.3656,"SC","WC",13.2002125581106,0.997435577928198,501.1,79.8710331213849,3.73936909394108,1.19915006711933,1.31891690573683,-0.867371146423693,1.34541698653598,0.762965423988174,0.81140535616993
"Skagit","Chum",1998,432486,120850,0,0,0.122364654578414,0.868485916307117,0.00914942911446845,0,0,0,1.27499984875633,110,48.3875,-122.3656,"SC","WC",11.5312667687734,-0.671510211408952,381.8,-46.6131174327623,3.57870086884568,1.09604851528016,1.27499984875633,1.2396207910225,-1.16030314974969,-0.0110925517511157,-0.532110769484317
"Skagit","Chum",1999,56377,34311,0,0,0.328875250545435,0.482430778508966,0.188693970945598,0,0,0,0.496595271444773,110,48.3875,-122.3656,"SC","WC",12.5825641552607,0.37978717507837,401.8,-33.5617709907838,1.64311736760806,-0.14602447440648,0.496595271444773,-0.473138938398081,0.41809265398221,0.118674082907608,-0.393479215020963
"Skagit","Chum",2000,164513,22321,0,0,0.0319792356835022,0.898828663996158,0.0691921003203394,0,0,0,1.99746165506168,110,48.3875,-122.3656,"SC","WC",11.7997841040293,-0.402992876153009,382.9,-59.1918651272497,7.37032391021908,3.52915076261394,1.99746165506168,-0.710442225421882,-0.757156865315961,-0.00395538684488609,-0.665722374527633
"Skagit","Chum",2001,44931,72980,0,0,0.268322539004251,0.668246867418931,0.0634305935768178,0,0,0,-0.485057451329933,110,48.3875,-122.3656,"SC","WC",11.7507197062175,-0.452057273964897,466.3,17.6774341079921,0.615661825157577,-0.80534750364577,-0.485057451329933,0.2921889019625,-0.830821121133885,0.537171479681994,0.15078422047122
"Skagit","Chum",2002,220263,209478,0,0,0.0513477070592882,0.913739484162115,0.0349128087785965,0,0,0,0.0502035649961211,110,48.3875,-122.3656,"SC","WC",12.8610566059748,0.658279625792486,361.3,-93.6727903862989,1.05148512015582,-0.525677655950012,0.0502035649961211,2.99372552182696,0.836215367144186,-0.144103352276308,-1.03197916567539
"Skagit","Chum",2003,33463,17629,0,0,0.264680393270179,0.709888533604279,0.0254310731255416,0,0,0,0.640895077530597,110,48.3875,-122.3656,"SC","WC",13.3639675378799,1.16119055769759,594.5,133.341193044483,1.89817913664984,0.0176498562674096,0.640895077530597,-0.803305196457384,1.59127527195589,1.36897560784442,1.37936601988361
"Skagit","Chum",2004,32088,149700,0,0,0.18455497382199,0.766953378209923,0.0485228122662678,0,0,0,-1.54015116295783,110,48.3875,-122.3656,"SC","WC",13.1862010161082,0.983424035925852,347.5,-119.692201844423,0.21434869739479,-1.06287201554727,-1.54015116295783,1.8106132706419,1.32438035181722,-0.233642330190828,-1.30835765832343
"Skagit","Chum",2005,29396,34000,0,0,0.139712886106953,0.781773030344264,0.0785140835487821,0,0,0,-0.145501913949537,110,48.3875,-122.3656,"SC","WC",12.2671165466309,0.0643395664485057,550,76.9215300470468,0.864588235294118,-0.645610261489819,-0.145501913949537,-0.479294177953077,-0.0555137566855333,1.08024484572875,0.780075700037688
"Skagit","Chum",2006,49716,104983,0,0,0.0916606323919865,0.860447340896291,0.0479121409606565,0,0,0,-0.747471619404363,110,48.3875,-122.3656,"SC","WC",12.1290962696075,-0.0736807105748079,331.7,-147.116423405168,0.473562386291114,-0.896533378475148,-0.747471619404363,0.925584823115354,-0.262734500200755,-0.33615797157122,-1.59965806030227
"Skagit","Chum",2007,19838,19450,0,0,0.0490976912995262,0.630355882649461,0.320546426051013,0,0,0,0.0197522202593468,110,48.3875,-122.3656,"SC","WC",10.8781929413478,-1.3245840388346,657.6,173.201478578285,1.01994858611825,-0.545914797407018,0.0197522202593468,-0.767264388645012,-2.14081447031902,1.77838934019269,1.80276243874891
"Skagit","Chum",2008,35479,21789,0,0,0.0209701513571408,0.91803602130838,0.0609938273344795,0,0,0,0.487535716859139,110,48.3875,-122.3656,"SC","WC",11.4854460557302,-0.717330924452178,410.3,-79.512118210272,1.62829868282161,-0.155533693773229,0.487535716859139,-0.720971445496666,-1.2290974054199,0.173824902637566,-0.881564340298108
"Skagit","Chum",2009,14014,26395,0,0,0.172684458398744,0.351648351648352,0.475667189952904,0,0,0,-0.633117768327238,110,48.3875,-122.3656,"SC","WC",12.1781110366186,-0.0246659435637938,654.8,159.758485773777,0.530933888994128,-0.859717816739069,-0.633117768327238,-0.62981056642814,-0.189144759024304,1.76022201134047,1.65997081204483
"Skagit","Chum",2010,63827,39535,0,0,0.0414244755354317,0.917276387735598,0.0412834693781628,0,0,0,0.478989942797214,110,48.3875,-122.3656,"SC","WC",12.1283733447393,-0.0744036354430833,437.6,-62.470593004989,1.61444289869736,-0.16442501527946,0.478989942797214,-0.369746747287794,-0.263819884406181,0.350956358946725,-0.700549060369897
"Skagit","Chum",2011,4698,15280,0,0,0.185185185185185,0.443167305236271,0.371647509578544,0,0,0,-1.17940789750165,110,48.3875,-122.3656,"SC","WC",12.1125862598419,-0.0901907203404312,578.3,73.4142570728227,0.307460732984293,-1.00312158662157,-1.17940789750165,-0.849796057276309,-0.287522281915598,1.26386463377085,0.742821405509109
"Skagit","Chum",2012,36945,36408,0,0,0.0930031127351468,0.897983488970091,0.00898633103261605,0,0,0,0.0146417895262701,110,48.3875,-122.3656,"SC","WC",12.461522102356,0.25874512217361,359.3,-150.178710666804,1.01474950560316,-0.54925107170098,0.0146417895262701,-0.431635602877738,0.236362659372096,-0.15708001574218,-1.63218571139032
"Skagit","Chum",2013,2556,8545,0,0,0.146322378716745,0.679186228482003,0.174100156494523,0,0,0,-1.20690278005227,110,48.3875,-122.3656,"SC","WC",12.6539690494537,0.451192069271393,552.7,38.850982827287,0.299122293739029,-1.00847240210231,-1.20690278005227,-0.98309360841103,0.52529846159557,1.09776334140768,0.375689902464321
"Skagit","Chum",2014,22171,63360,0,0,0.224933471652158,0.772044562717063,0.00302196563077895,0,0,0,-1.0500476188961,110,48.3875,-122.3656,"SC","WC",13.4833151102066,1.28053813002426,432.2,-85.8055900084864,0.349921085858586,-0.975874579502528,-1.0500476188961,0.101792102865839,1.77046120903448,0.315919367588869,-0.948413671302878
"Skagit","Chum",2015,3263,7964,0,0,0.545816733067729,0.365307998774134,0.0888752681581367,0,0,0,-0.892284368590766,110,48.3875,-122.3656,"SC","WC",13.5869159301122,1.38413894992985,512.8,-9.16732517828621,0.40971873430437,-0.937502148690943,-0.892284368590766,-0.99459262507165,1.92600530293597,0.838878905263527,-0.134361126454929
"Skagit","Chum",2016,15342,33709,0,0,0.134858558206231,0.71828966236475,0.146916959979142,0,0,0,-0.787170698480959,110,48.3875,-122.3656,"SC","WC",12.753143787384,0.550366807201683,701.3,175.537619931456,0.455130677267199,-0.908361092401067,-0.787170698480959,-0.485053582166915,0.67419732903061,2.061929436922,1.82757695950935
"Skagit","Chum",2017,18189,6700,0,0,0.191324426851394,0.787124085986036,0.0214965088789928,0,0,0,0.998709489360783,110,48.3875,-122.3656,"SC","WC",13.0466420650482,0.84386508486587,638.8,109.373894221988,2.71477611940298,0.541663961103891,0.998709489360783,-1.01960941863279,1.1148494754376,1.65640870361349,1.12478509163828
"Skagit","Chum",2018,49945,18514,0,0,0.122094303734108,0.877485233757133,0.000400440484532986,0,0,0,0.992395197339094,110,48.3875,-122.3656,"SC","WC",12.9058035214742,0.703026541291842,312.9,-220.09763796564,2.69768823592957,0.530698586321726,0.992395197339094,-0.785789482611174,0.903397445747195,-0.45813860815042,-2.37486537443806
"Skagit","Chum",2019,4703,3123,0,0,0.332766319370615,0.667233680629385,0,0,0,0,0.409406524661969,110,48.3875,-122.3656,"SC","WC",12.6422004699707,0.439423489788353,797.2,260.684735027627,1.50592379122638,-0.234062234323956,0.409406524661969,-1.09040456939877,0.507629363668882,2.68416045011058,2.73201061134204
"Bellingham","Chum",1968,39806,10684,0,0,0.0883535145455459,0.703311058634377,0.208335426820077,0,0,0,1.31527035944931,111,48.775,-122.5978,"SC","WC",11.5873989582062,-0.581138027530825,132.2,-65.2451763112484,3.7257581430176,0.456463289385347,1.31527035944931,-1.01471873340573,-1.02483090994204,-1.63058015229199,-0.730020716680975
"Bellingham","Chum",1969,34028,26459,0,0,0.0890149288820971,0.895321499941225,0.015663571176678,0,0,0,0.251587350035933,111,48.775,-122.5978,"SC","WC",11.5248473644257,-0.643689621311344,202.8,2.28046936379511,1.286065233002,-0.605187583105226,0.251587350035933,-0.297154513942851,-1.11818997713476,-1.1725039319467,-0.0127625190161357
"Bellingham","Chum",1970,21582,33404,0,0,0.226485033824483,0.749837827819479,0.0236771383560374,0,0,0,-0.436816019349441,111,48.775,-122.5978,"SC","WC",10.9382422924042,-1.23029469333283,126.2,-78.1640583855578,0.646090288588193,-0.883677533754254,-0.436816019349441,0.0187556923436591,-1.99370567584901,-1.66951014268961,-0.867245233082578
"Bellingham","Chum",1971,11130,9208,0,0,0.411859838274933,0.583647798742138,0.00440251572327044,0,0,0,0.189571493867872,111,48.775,-122.5978,"SC","WC",11.5642496109009,-0.604287374836123,158.6,-50.3442287528231,1.20873153779322,-0.638839927076171,0.189571493867872,-1.08185818113487,-1.05938161184943,-1.45928819454248,-0.571742677538812
"Bellingham","Chum",1972,31884,26727,0,0,0.225097227449504,0.710732655877556,0.0642014803663279,0,0,0,0.17643002615906,111,48.775,-122.5978,"SC","WC",11.7949763298035,-0.373560655933537,133.9,-80.3137308338856,1.19295094847907,-0.645706970196644,0.17643002615906,-0.284963882512357,-0.715018983316538,-1.619549988346,-0.89007907895615
"Bellingham","Chum",1973,46831,25825,0,0,0.0405073562383891,0.94913625589887,0.0103777412397771,0,0,0,0.595202361794771,111,48.775,-122.5978,"SC","WC",11.6140748500824,-0.55446213565462,228.3,8.18300003622602,1.81339787028074,-0.375714786688343,0.595202361794771,-0.325993545013499,-0.985016794400322,-1.00705147275682,0.0499342307808666
"Bellingham","Chum",1974,36832,9589,0,0,0.162413119026933,0.79759448305821,0.0399923979148566,0,0,0,1.34575042436793,111,48.775,-122.5978,"SC","WC",11.4885727405548,-0.679964245182192,199,-27.5920951201788,3.84106789029096,0.506641200423605,1.34575042436793,-1.06452747003406,-1.17233032500873,-1.19715959253185,-0.330069248144099
"Bellingham","Chum",1975,29864,5976,0,0,0.084583444950442,0.883706134476293,0.0317104205732655,0,0,0,1.60890229378177,111,48.775,-122.5978,"SC","WC",11.3850476264954,-0.783489359241646,279.1,45.5262969845521,4.99732262382865,1.00979421678983,1.60890229378177,-1.22887355719218,-1.32684290407303,-0.677444220723664,0.446595167470266
"Bellingham","Chum",1976,13524,4847,0,0,0.208740017746229,0.728039041703638,0.0632209405501331,0,0,0,1.0261059279824,111,48.775,-122.5978,"SC","WC",11.889862203598,-0.278674782138988,234.1,-6.89603449935734,2.79017949246957,0.0493391441454785,1.0261059279824,-1.28022886646467,-0.573400582699804,-0.969419148705793,-0.110235450314322
"Bellingham","Chum",1977,88463,21233,0,0,0.234730904445927,0.726235827408069,0.0390332681460045,0,0,0,1.42702781029875,111,48.775,-122.5978,"SC","WC",12.5053750514984,0.336838065761402,319.9,71.1046092155224,4.16629774407761,0.648167437850913,1.42702781029875,-0.534871826837495,0.345260347455557,-0.412720286019867,0.718288298971486
"Bellingham","Chum",1978,106136,14622,0,0,0.118574282053215,0.797118790985151,0.0843163488354564,0,0,0,1.98219404674349,111,48.775,-122.5978,"SC","WC",12.0576687812805,-0.110868204456492,244.5,-12.4122105457951,7.25865134728491,1.99382856078028,1.98219404674349,-0.835589231266599,-0.322947083206098,-0.901940498683257,-0.168828336757941
"Bellingham","Chum",1979,51454,27333,0,0,0.258580479651728,0.690130990787888,0.051288529560384,0,0,0,0.63259344124208,111,48.775,-122.5978,"SC","WC",12.2779029369354,0.109365951198418,297.9,32.6075384498225,1.88248637178502,-0.345650401289681,0.63259344124208,-0.257398499501612,0.00575525822522513,-0.555463584144464,0.309371963307525
"Bellingham","Chum",1980,92712,25242,0,0,0.286489343342825,0.693470100957805,0.0200297696091121,0,0,0,1.30098864019565,111,48.775,-122.5978,"SC","WC",11.9942876815796,-0.174249304157412,223.2,-50.6883073338683,3.67292607558831,0.433473014563657,1.30098864019565,-0.352512717117896,-0.417544198772628,-1.0401419645948,-0.575397484248594
"Bellingham","Chum",1981,175640,61938,0,0,0.302539284900934,0.655568207697563,0.0418982008654065,0,0,0,1.04230256098201,111,48.775,-122.5978,"SC","WC",11.5220394134521,-0.646497572284858,431,148.341946054577,2.83573896477122,0.0691646940418185,1.04230256098201,1.31669404024564,-1.12238088047976,0.308133369509346,1.53870419370001
"Bellingham","Chum",1982,85474,44172,0,0,0.299178697615649,0.630273533472167,0.0705477689121838,0,0,0,0.660121131944754,111,48.775,-122.5978,"SC","WC",13.0803733348846,0.911836349147636,308.8,17.2345438819623,1.93502671375532,-0.322787073013925,0.660121131944754,0.50856434623756,1.20345276318693,-0.484740768255459,0.146079835313405
"Bellingham","Chum",1983,68015,20899,0,0,0.1306476512534,0.791060795412777,0.0782915533338234,0,0,0,1.18002695814928,111,48.775,-122.5978,"SC","WC",11.6553834915161,-0.513153494220889,326.3,25.7214716941774,3.2544619359778,0.251375170568745,1.18002695814928,-0.550064628694903,-0.923363109847003,-0.371194962929075,0.236228081738108
"Bellingham","Chum",1984,108308,45960,0,0,0.17065221405621,0.777172508032648,0.0521752779111423,0,0,0,0.857207567180952,111,48.775,-122.5978,"SC","WC",11.9464373111725,-0.222099674564518,261.8,-47.8680562837991,2.35657093124456,-0.139348909770688,0.857207567180952,0.589895872348472,-0.488961498893038,-0.78969235970346,-0.545440744628959
"Bellingham","Chum",1985,37124,40349,0,0,0.105699816830083,0.707870919081996,0.186429264087922,0,0,0,-0.0833029505282444,111,48.775,-122.5978,"SC","WC",12.0524895191193,-0.116047466617739,270.3,-48.5060334477533,0.920072368584104,-0.764452153756498,-0.0833029505282444,0.33466589863017,-0.330677199337386,-0.734541539973503,-0.552217345521771
"Bellingham","Chum",1986,81131,20298,0,0,0.0260073214924012,0.667217216600313,0.306763136162503,0,0,0,1.38554277320109,111,48.775,-122.5978,"SC","WC",12.2580582141876,0.0895212284506242,212.2,-115.764248823289,3.99699477781062,0.574493968081537,1.38554277320109,-0.577402574552094,-0.0238632485538792,-1.1115136136571,-1.26663489541925
"Bellingham","Chum",1987,44407,15836,0,0,0.0153129011191929,0.817100907514581,0.167586191366226,0,0,0,1.03111128542529,111,48.775,-122.5978,"SC","WC",12.1059006690979,-0.0626363166391001,364.4,27.286769793309,2.80418034857287,0.0554317228617038,1.03111128542529,-0.780367490383687,-0.250960363389252,-0.123989523904206,0.25285469644379
"Bellingham","Chum",1988,74616,35206,0,0,0.0579366355741396,0.828267395732819,0.113795968693042,0,0,0,0.751138438800782,111,48.775,-122.5978,"SC","WC",12.6531926631928,0.484655677455747,303,-43.2216979870615,2.11941146395501,-0.242550650585578,0.751138438800782,0.100724042484522,0.565880055258061,-0.522373092306489,-0.496087072489919
"Bellingham","Chum",1989,76820,11668,0,0,0.149531372038532,0.611351210622234,0.239130434782609,0,0,0,1.88461497091228,111,48.775,-122.5978,"SC","WC",12.5176969528198,0.349159967082824,486,130.743381846267,6.58381899211519,1.70017014348126,1.88461497091228,-0.969959101586304,0.363650945422494,0.664991614820837,1.35177203897044
"Bellingham","Chum",1990,159052,31087,0,0,0.062011166159495,0.845119835022508,0.0928627115660287,0,0,0,1.63244146741287,111,48.775,-122.5978,"SC","WC",11.8600975990295,-0.308439386707472,277.2,-86.9838643363977,5.11635088622254,1.06159026788411,1.63244146741287,-0.086638684613266,-0.617824642103053,-0.689772051016243,-0.960929314986752
"Bellingham","Chum",1991,61120,31303,0,0,0.390150523560209,0.568995418848168,0.0408704188481675,0,0,0,0.669125205259786,111,48.775,-122.5978,"SC","WC",13.2755833148956,1.10704632915863,398.6,25.6305823493315,1.95252851164425,-0.315171032928446,0.669125205259786,-0.076813399579733,1.49480619703358,0.0979114213622126,0.235262654054754
"Bellingham","Chum",1992,69619,43283,0,0,0.410850486217843,0.558927878883638,0.0302359987934328,0,0,0,0.47527757037423,111,48.775,-122.5978,"SC","WC",13.1091510295868,0.940614043849791,453.7,72.1190405954069,1.60846059653906,-0.464894795606884,0.47527757037423,0.468126020335659,1.24640384678005,0.455418499846997,0.729063600946266
"Bellingham","Chum",1993,52196,25304,0,0,0.192486014253966,0.680875929189976,0.126638056556058,0,0,0,0.724043377596653,111,48.775,-122.5978,"SC","WC",12.6793529510498,0.510815965312801,434.9,44.9103454445051,2.06275687638318,-0.267204324037389,0.724043377596653,-0.349692496413826,0.604924625095834,0.333437863267797,0.440052523012055
"Bellingham","Chum",1994,75718,92157,0,0,0.0783301196545075,0.841953036266145,0.0797168440793471,0,0,0,-0.196477731443025,111,48.775,-122.5978,"SC","WC",13.1801720619202,1.01163507618317,424.3,26.1281093358687,0.821619627375023,-0.807294610761893,-0.196477731443025,2.69127870889533,1.35240366115685,0.264661546898673,0.240547391521324
"Bellingham","Chum",1995,101788,35856,0,0,0.356093056155932,0.638002515031241,0.00589460447203993,0,0,0,1.04338130191714,111,48.775,-122.5978,"SC","WC",12.2084557533264,0.0399187675894222,402,-4.11073275407784,2.83879964301651,0.0704965713925223,1.04338130191714,0.130290872446542,-0.0978955664627347,0.119971749254196,-0.080649942618684
"Bellingham","Chum",1996,24357,36010,0,0,0.564026768485446,0.409779529498707,0.0261937020158476,0,0,0,-0.390977395112365,111,48.775,-122.5978,"SC","WC",13.1633757591248,0.994838773387758,443.6,29.8031196413841,0.676395445709525,-0.870490014797772,-0.390977395112365,0.137295936776006,1.32733496080098,0.389886349344342,0.279583393943555
"Bellingham","Chum",1997,64917,15123,0,0,0.0941663970916709,0.808124220158048,0.0976939784648089,0,0,0,1.45689276708915,111,48.775,-122.5978,"SC","WC",13.1894389152527,1.02090192951568,501.1,79.8710331213849,4.29260067446935,0.703129115895731,1.45689276708915,-0.812800028480487,1.36623456026984,0.762965423988174,0.81140535616993
"Bellingham","Chum",1998,101600,62682,0,0,0.298494094488189,0.642982283464567,0.0585236220472441,0,0,0,0.482969210060956,111,48.775,-122.5978,"SC","WC",11.5180518627167,-0.650485123020326,381.8,-46.6131174327623,1.62087999744743,-0.45949039911253,0.482969210060956,1.35053668869448,-1.12833235181002,-0.0110925517511157,-0.532110769484317
"Bellingham","Chum",1999,128994,30393,0,0,0.0668713273485588,0.835031086717212,0.098105338232786,0,0,0,1.44555357291242,111,48.775,-122.5978,"SC","WC",12.5694643497467,0.400927364009702,401.8,-33.5617709907838,4.244200967328,0.68206761626848,1.44555357291242,-0.118206961526562,0.440914458564081,0.118674082907608,-0.393479215020963
"Bellingham","Chum",2000,58629,4604,0,0,0.171621552474032,0.719029831653277,0.109331559467158,0,0,0,2.54430396385641,111,48.775,-122.5978,"SC","WC",11.7808197021484,-0.38771728358856,382.9,-59.1918651272497,12.734361424848,4.37662532896578,2.54430396385641,-1.2912823121274,-0.73614793419675,-0.00395538684488609,-0.665722374527633
"Bellingham","Chum",2001,56840,45410,0,0,0.270443349753695,0.70856790992259,0.0209887403237157,0,0,0,0.22450795811904,111,48.775,-122.5978,"SC","WC",11.7137022018433,-0.454834783893737,466.3,17.6774341079921,1.25170667253909,-0.620138971266919,0.22450795811904,0.564877785457532,-0.836321676256534,0.537171479681994,0.15078422047122
"Bellingham","Chum",2002,63997,62263,0,0,0.15213213119365,0.782036657968342,0.065831210838008,0,0,0,0.0274688583778867,111,48.775,-122.5978,"SC","WC",12.8543130397797,0.685776054042666,361.3,-93.6727903862989,1.02784960570483,-0.717552071637919,0.0274688583778867,1.33147745522665,0.866054832858213,-0.144103352276308,-1.03197916567539
"Bellingham","Chum",2003,50312,104127,0,0,0.196314994434727,0.726407218953729,0.077277786611544,0,0,0,-0.727367690744413,111,48.775,-122.5978,"SC","WC",13.3364649772644,1.1679279915274,594.5,133.341193044483,0.483179194637318,-0.954569531809138,-0.727367690744413,3.23576325450361,1.58567286987702,1.36897560784442,1.37936601988361
"Bellingham","Chum",2004,23953,40758,0,0,0.249530330230034,0.686177096814595,0.0642925729553709,0,0,0,-0.531558562464461,111,48.775,-122.5978,"SC","WC",13.1869087696075,1.01837178387055,347.5,-119.692201844423,0.587688306590117,-0.909091599142934,-0.531558562464461,0.353270257790887,1.36245828499027,-0.233642330190828,-1.30835765832343
"Bellingham","Chum",2005,31186,38997,0,0,0.192169563265568,0.73234784839351,0.0755146540114154,0,0,0,-0.223515443931298,111,48.775,-122.5978,"SC","WC",12.2394476413727,0.0709106556356767,550,76.9215300470468,0.79970254122112,-0.81683199702154,-0.223515443931298,0.273166892309167,-0.0516397705082521,1.08024484572875,0.780075700037688
"Bellingham","Chum",2006,42601,26976,0,0,0.123494753644281,0.790474402009342,0.0860308443463768,0,0,0,0.456930145358769,111,48.775,-122.5978,"SC","WC",12.0702956199646,-0.0982413657724057,331.7,-147.116423405168,1.57921856465006,-0.477619687555745,0.456930145358769,-0.273637512265367,-0.304101362259715,-0.33615797157122,-1.59965806030227
"Bellingham","Chum",2007,165891,20798,0,0,0.0326479435291848,0.866514759691605,0.10083729677921,0,0,0,2.07647411793888,111,48.775,-122.5978,"SC","WC",10.8433406829834,-1.32519630275361,657.6,173.201478578285,7.97629579767285,2.30611698600159,2.07647411793888,-0.554658859196694,-2.13534756209253,1.77838934019269,1.80276243874891
"Bellingham","Chum",2008,15994,15332,0,0,0.0867200200075028,0.712954858071777,0.20032512192072,0,0,0,0.0422715043913895,111,48.775,-122.5978,"SC","WC",11.4435764789581,-0.724960506778881,410.3,-79.512118210272,1.04317766762327,-0.710881949245673,0.0422715043913895,-0.80329315546193,-1.23948783061228,0.173824902637566,-0.881564340298108
"Bellingham","Chum",2009,60387,24088,0,0,0.127312169837879,0.787752330799675,0.0849520592180436,0,0,0,0.919060058807572,111,48.775,-122.5978,"SC","WC",12.1676364421845,-0.000900543552544164,654.8,159.758485773777,2.5069329126536,-0.0739177532111927,0.919060058807572,-0.40500521215816,-0.158818919191919,1.76022201134047,1.65997081204483
"Bellingham","Chum",2010,87898,25567,0,0,0.0907074108625907,0.770984550274181,0.138319415686364,0,0,0,1.23487459387396,111,48.775,-122.5978,"SC","WC",12.1274062633514,-0.0411307223855727,437.6,-62.470593004989,3.43794735401103,0.331220241784299,1.23487459387396,-0.337729302136886,-0.218862984288424,0.350956358946725,-0.700549060369897
"Bellingham","Chum",2011,74516,97704,0,0,0.0868001503032906,0.793520854581566,0.119678995115143,0,0,0,-0.270928632441325,111,48.775,-122.5978,"SC","WC",12.0982347011566,-0.0703022845803892,578.3,73.4142570728227,0.762670924424793,-0.832946585919249,-0.270928632441325,2.94359748704814,-0.262401920236536,1.26386463377085,0.742821405509109
"Bellingham","Chum",2012,100310,18993,0,0,0.224952646794936,0.740683879972087,0.0343535041371748,0,0,0,1.66419490066529,111,48.775,-122.5978,"SC","WC",12.4330505847931,0.26451359905609,359.3,-150.178710666804,5.28141947033117,1.13342111414361,1.66419490066529,-0.636763671629689,0.237315140327655,-0.15708001574218,-1.63218571139032
"Bellingham","Chum",2013,39923,40036,0,0,0.31620870175087,0.677754677754678,0.00603662049445182,0,0,0,-0.00282645043655036,111,48.775,-122.5978,"SC","WC",12.5731621742249,0.40462518848786,552.7,38.850982827287,0.997177540213808,-0.730899253554117,-0.00282645043655036,0.320428332817689,0.446433509687455,1.09776334140768,0.375689902464321
"Bellingham","Chum",2014,19879,47811,0,0,0.553297449569898,0.426731726948036,0.0199708234820665,0,0,0,-0.877591840393222,111,48.775,-122.5978,"SC","WC",13.4297243118286,1.26118732609162,432.2,-85.8055900084864,0.415782978812407,-0.983897506260079,-0.877591840393222,0.674093106594164,1.72486363953956,0.315919367588869,-0.948413671302878
"Bellingham","Chum",2015,29213,54805,0,0,0.459487214596241,0.509499195563619,0.0310135898401397,0,0,0,-0.629167614988553,111,48.775,-122.5978,"SC","WC",13.5580549240112,1.38951793827422,512.8,-9.16732517828621,0.533035306997537,-0.932874266405479,-0.629167614988553,0.992232196985504,1.91639874714491,0.838878905263527,-0.134361126454929
"Bellingham","Chum",2016,40320,50126,0,0,0.147321428571429,0.792485119047619,0.060218253968254,0,0,0,-0.217692211789307,111,48.775,-122.5978,"SC","WC",12.7301414966583,0.561604510921318,701.3,175.537619931456,0.804372980090173,-0.814799620126937,-0.217692211789307,0.779396508689667,0.680727189914934,2.061929436922,1.82757695950935
"Bellingham","Chum",2017,27058,24050,0,0,0.468549042796955,0.495343336536329,0.0361076206667159,0,0,0,0.117847713629398,111,48.775,-122.5978,"SC","WC",13.0248155593872,0.856278573650207,638.8,109.373894221988,1.12507276507276,-0.675244676495883,0.117847713629398,-0.40673373452517,1.12053206073542,1.65640870361349,1.12478509163828
"Bellingham","Chum",2018,64054,17117,0,0,0.273987572985294,0.705966840478346,0.0200455865363599,0,0,0,1.31965435588921,111,48.775,-122.5978,"SC","WC",12.8824020862579,0.713865100520919,312.9,-220.09763796564,3.74212770929485,0.46358663029813,1.31965435588921,-0.722098091643151,0.907978100021378,-0.45813860815042,-2.37486537443806
"Bellingham","Chum",2019,24239,15332,0,0,0.320268987994554,0.641156813399893,0.0385329427781674,0,0,0,0.458020758706418,111,48.775,-122.5978,"SC","WC",12.5897170066834,0.421180020946347,797.2,260.684735027627,1.58094182102792,-0.476869799473698,0.458020758706418,-0.80329315546193,0.471141812425176,2.68416045011058,2.73201061134204
"Spiller-Fitz-Hugh-Burke","Chum",1954,438623,424881,0,0,0,0,0,0,0,0,0.0318311444722664,146,52.16,-128.14,"SC","WC",9.79511584043502,-1.04878658742121,260.8,37.9015701708315,1.0323431737357,-0.645166806613349,0.0318311444722664,1.38838246146333,-1.5537851038654,-0.498754402443664,0.492049487008545
"Spiller-Fitz-Hugh-Burke","Chum",1955,338061,278083,0,0,0,0,0,0,0,0,0.195306722291235,146,52.16,-128.14,"SC","WC",10.864187669754,0.0202852418977869,362,143.462404170714,1.21568380663327,-0.504045464366138,0.195306722291235,0.177366999361112,-0.00611417183886746,0.194372560570444,1.87336985516468
"Spiller-Fitz-Hugh-Burke","Chum",1956,206447,385516,0,0,0,0,0,0,0,0,-0.624538975818662,146,52.16,-128.14,"SC","WC",11.2796240448952,0.435721617038932,187,-27.3109075478651,0.535508253872732,-1.02759163878638,-0.624538975818662,1.063639456343,0.595303604104203,-1.00421655531364,-0.361290907506186
"Spiller-Fitz-Hugh-Burke","Chum",1957,245377,317881,0,0,0,0,0,0,0,0,-0.258881295555213,146,52.16,-128.14,"SC","WC",12.3022664427757,1.45836401491949,240,29.7269399076616,0.771914647305124,-0.845624406374558,-0.258881295555213,0.505682053794714,2.0757597059789,-0.641215280217315,0.385080047143427
"Spiller-Fitz-Hugh-Burke","Chum",1958,488680,273973,0,0,0,0,0,0,0,0,0.578678317149173,146,52.16,-128.14,"SC","WC",10.9184733867645,0.0745709589082883,125.1,-81.3866324102306,1.78367941366485,-0.0668466765796896,0.578678317149173,0.143461404262813,0.0724740239560682,-1.42817464830349,-1.06890089261937
"Spiller-Fitz-Hugh-Burke","Chum",1959,470603,245559,0,0,0,0,0,0,0,0,0.650477606887051,146,52.16,-128.14,"SC","WC",10.7369001865387,-0.107002241317535,182.1,-20.9204295127874,1.91645592301646,0.0353543408514441,0.650477606887051,-0.090940926424066,-0.190385361463851,-1.03777705055839,-0.277668060493466
"Spiller-Fitz-Hugh-Burke","Chum",1960,421626,105834,0,0,0,0,0,0,0,0,1.38224683629747,146,52.16,-128.14,"SC","WC",11.1916105270386,0.347708099182336,162.9,-37.047339703769,3.9838426214638,1.62666763140785,1.38224683629747,-1.24360741671843,0.467888439401171,-1.16927939927253,-0.488697366327223
"Spiller-Fitz-Hugh-Burke","Chum",1961,327866,130231,0,0,0,0,0,0,0,0,0.92329519165258,146,52.16,-128.14,"SC","WC",10.8388336181641,-0.00506880969217018,224.2,26.8582160885894,2.51757262095814,0.498047165240988,0.92329519165258,-1.04234347423347,-0.0428186547171354,-0.749430754679992,0.347541250870715
"Spiller-Fitz-Hugh-Burke","Chum",1962,788343,318073,0,0,0,0,0,0,0,0,0.907652358155395,146,52.16,-128.14,"SC","WC",11.6175162911415,0.773613863285277,146.2,-49.0768726509801,2.47849707457093,0.467969852492278,0.907652358155395,0.507265964806606,1.08446251123371,-1.28365904633118,-0.646110284071
"Spiller-Fitz-Hugh-Burke","Chum",1963,464941,288330,0,0,0,0,0,0,0,0,0.477804858313457,146,52.16,-128.14,"SC","WC",10.147166466713,-0.696735961143279,205.1,11.278580937552,1.61253078070267,-0.198583566682458,0.477804858313457,0.261900000084292,-1.0441294325162,-0.880248195327912,0.143673333698015
"Spiller-Fitz-Hugh-Burke","Chum",1964,697607,260746,0,0,0,0,0,0,0,0,0.984109153549212,146,52.16,-128.14,"SC","WC",9.76319035291671,-1.08071207493952,161.1,-31.9369804200911,2.67542742745814,0.619551502939546,0.984109153549212,0.0343447847092353,-1.60000290482863,-1.18160774446448,-0.421825562650986
"Spiller-Fitz-Hugh-Burke","Chum",1965,752859,92516,0,0,0,0,0,0,0,0,2.09649635673697,146,52.16,-128.14,"SC","WC",10.5179209828377,-0.325981445018559,175.2,-17.7751125688447,8.13760862985862,4.82391324587578,2.09649635673697,-1.35347474409535,-0.507396565942298,-1.08503570712754,-0.236509894208237
"Spiller-Fitz-Hugh-Burke","Chum",1966,1068557,696001,0,0,0,0,0,0,0,0,0.428713322033254,146,52.16,-128.14,"SC","WC",10.6768959760666,-0.167006451789636,172,-21.6750197658039,1.53528084011374,-0.258044555401299,0.428713322033254,3.62499680283823,-0.277252089966116,-1.10695276524656,-0.287542280377945
"Spiller-Fitz-Hugh-Burke","Chum",1967,665603,196891,0,0,0,0,0,0,0,0,1.21804312058943,146,52.16,-128.14,"SC","WC",10.5548759579659,-0.289026469890386,220.8,25.6382346910747,3.38056589686679,1.16231218670292,1.21804312058943,-0.492429369792441,-0.453897690346568,-0.772717628931454,0.331577137199914
"Spiller-Fitz-Hugh-Burke","Chum",1968,732306,483676,0,0,0,0,0,0,0,0,0.414783198330415,146,52.16,-128.14,"SC","WC",10.2316143274307,-0.61228810042551,132.2,-65.2451763112484,1.51404245817448,-0.27439220795959,0.414783198330415,1.87341396117245,-0.921876188421302,-1.37954617560191,-0.857681245744975
"Spiller-Fitz-Hugh-Burke","Chum",1969,994707,327166,0,0,0,0,0,0,0,0,1.11198053408236,146,52.16,-128.14,"SC","WC",10.3508305191994,-0.493071908656863,202.8,2.28046936379511,3.04037399974325,0.90045895545264,1.11198053408236,0.582279000385397,-0.749289623545892,-0.89600108085096,0.0259281973552526
"Spiller-Fitz-Hugh-Burke","Chum",1970,618186,588977,0,0,0,0,0,0,0,0,0.0484022493956771,146,52.16,-128.14,"SC","WC",9.59401053190231,-1.24989189595393,126.2,-78.1640583855578,1.04959276847823,-0.63188941182741,0.0484022493956771,2.74209840629313,-1.84492067750649,-1.42064065957508,-1.02673177582198
"Spiller-Fitz-Hugh-Burke","Chum",1971,298532,329936,0,0,0,0,0,0,0,0,-0.100021566490983,146,52.16,-128.14,"SC","WC",10.2745966434479,-0.569305784408365,158.6,-50.3442287528231,0.904817904078367,-0.74332582864823,-0.100021566490983,0.605130216546538,-0.859651668733706,-1.19873044611997,-0.662694321264043
"Spiller-Fitz-Hugh-Burke","Chum",1972,352521,420020,0,0,0,0,0,0,0,0,-0.175192134245362,146,52.16,-128.14,"SC","WC",10.3925259232521,-0.451376504604134,133.9,-80.3137308338856,0.839295747821532,-0.793759682245005,-0.175192134245362,1.34828146443831,-0.688928136991133,-1.36790273847618,-1.05486139762605
"Spiller-Fitz-Hugh-Burke","Chum",1973,435574,553559,0,0,0,0,0,0,0,0,-0.239703639376732,146,52.16,-128.14,"SC","WC",10.2435527443886,-0.600349683467657,228.3,8.18300003622602,0.786861021137765,-0.83411985169044,-0.239703639376732,2.4499163218183,-0.904593214168906,-0.721349523964994,0.103165990318353
"Spiller-Fitz-Hugh-Burke","Chum",1974,566748,300411,0,0,0,0,0,0,0,0,0.634763223426163,146,52.16,-128.14,"SC","WC",9.93586928844453,-0.908033139411712,199,-27.5920951201788,1.88657539171335,0.0123546346875034,0.634763223426163,0.361562650785643,-1.35001954378552,-0.9220275873673,-0.364970398338076
"Spiller-Fitz-Hugh-Burke","Chum",1975,429309,138410,0,0,0,0,0,0,0,0,1.13195664446274,146,52.16,-128.14,"SC","WC",9.83106195926666,-1.01284046858957,279.1,45.5262969845521,3.10171952893577,0.94767796677432,1.13195664446274,-0.9748705150342,-1.5017467265467,-0.3734162263255,0.591823144058565
"Spiller-Fitz-Hugh-Burke","Chum",1976,341288,164484,0,0,0,0,0,0,0,0,0.729913394573738,146,52.16,-128.14,"SC","WC",10.4738481760025,-0.370054251853738,234.1,-6.89603449935734,2.07490090221541,0.157312947536193,0.729913394573738,-0.759772099804747,-0.571199764343922,-0.681624856124264,-0.0941512981766795
"Spiller-Fitz-Hugh-Burke","Chum",1977,316115,251422,0,0,0,0,0,0,0,0,0.228973269161562,146,52.16,-128.14,"SC","WC",11.0516755580902,0.207773130233973,319.9,71.1046092155224,1.25730842965214,-0.472006070926067,0.228973269161562,-0.0425738938057381,0.265307772811747,-0.0939737353079549,0.926529136128842
"Spiller-Fitz-Hugh-Burke","Chum",1978,372669,290280,0,0,0,0,0,0,0,0,0.249844651798077,146,52.16,-128.14,"SC","WC",10.7853708982468,-0.0585315296094758,244.5,-12.4122105457951,1.28382596114097,-0.451594940138289,0.249844651798077,0.277986596298813,-0.120215416369528,-0.610394417237439,-0.166333432767317
"Spiller-Fitz-Hugh-Burke","Chum",1979,270204,221604,0,0,0,0,0,0,0,0,0.198285224013787,146,52.16,-128.14,"SC","WC",10.7471738100052,-0.0967286178510481,297.9,32.6075384498225,1.21931012075594,-0.501254210139981,0.198285224013787,-0.288558573767072,-0.175512470822073,-0.244653509876239,0.422774230563501
"Spiller-Fitz-Hugh-Burke","Chum",1980,314263,166416,0,0,0,0,0,0,0,0,0.635739537341245,146,52.16,-128.14,"SC","WC",10.8714851617813,0.0275827339250789,223.2,-50.6883073338683,1.88841818094414,0.0137730703371322,0.635739537341245,-0.74383399524759,0.00445024111973571,-0.756279835342187,-0.667196774818403
"Spiller-Fitz-Hugh-Burke","Chum",1981,378536,163751,0,0,0,0,0,0,0,0,0.83796419927301,146,52.16,-128.14,"SC","WC",10.1440535783768,-0.699848849479466,431,148.341946054577,2.31165611202374,0.339548671631455,0.83796419927301,-0.765819010074103,-1.0486358900436,0.666959126261882,1.93722128884564
"Spiller-Fitz-Hugh-Burke","Chum",1982,421931,274739,0,0,0,0,0,0,0,0,0.429020237472734,146,52.16,-128.14,"SC","WC",11.7060809850693,0.862178557213041,308.8,17.2345438819623,1.53575211382439,-0.25768180559749,0.429020237472734,0.149780549237337,1.21267560097824,-0.169998530658316,0.221610316718689
"Spiller-Fitz-Hugh-Burke","Chum",1983,345735,174481,0,0,0,0,0,0,0,0,0.683856732462958,146,52.16,-128.14,"SC","WC",10.4044771552086,-0.439425272647647,326.3,25.7214716941774,1.98150514955783,0.085424169980863,0.683856732462958,-0.677301483211634,-0.671626610757163,-0.0501396190699082,0.332666338217122
"Spiller-Fitz-Hugh-Burke","Chum",1984,482179,219267,0,0,0,0,0,0,0,0,0.788025249100094,146,52.16,-128.14,"SC","WC",10.4005556106567,-0.443346817199498,261.8,-47.8680562837991,2.19904956058139,0.252872917139799,0.788025249100094,-0.307837740614937,-0.677303741465408,-0.49190532178147,-0.630292270835622
"Spiller-Fitz-Hugh-Burke","Chum",1985,329027,219118,0,0,0,0,0,0,0,0,0.40652941677297,146,52.16,-128.14,"SC","WC",10.7136600136757,-0.130242414180544,270.3,-48.5060334477533,1.50159731286339,-0.283971511701517,0.40652941677297,-0.309066921556457,-0.224029630266877,-0.433688136152814,-0.638640545641688
"Spiller-Fitz-Hugh-Burke","Chum",1986,389912,195528,0,0,0,0,0,0,0,0,0.690217480960834,146,52.16,-128.14,"SC","WC",10.7849799513817,-0.0589224764745485,212.2,-115.764248823289,1.99414917556565,0.0951565565960474,0.690217480960834,-0.503673488069565,-0.120781381239658,-0.831619722626329,-1.51875051923438
"Spiller-Fitz-Hugh-Burke","Chum",1987,312082,156364,0,0,0,0,0,0,0,0,0.691079351203223,146,52.16,-128.14,"SC","WC",10.6972433328629,-0.146659094993374,364.4,27.286769793309,1.99586861425904,0.0964800466074425,0.691079351203223,-0.826758336349319,-0.247795685079639,0.210810354159712,0.353149106916818
"Spiller-Fitz-Hugh-Burke","Chum",1988,173549,282125,0,0,0,0,0,0,0,0,-0.485890254874739,146,52.16,-128.14,"SC","WC",11.1489619731903,0.305059545334065,303,-43.2216979870615,0.615149313247674,-0.966290153025384,-0.485890254874739,0.210711625976033,0.406147099601783,-0.209723198499046,-0.56949216998532
"Spiller-Fitz-Hugh-Burke","Chum",1989,209702,142567,0,0,0,0,0,0,0,0,0.385875410647359,146,52.16,-128.14,"SC","WC",11.2913659930229,0.447463565166684,486,130.743381846267,1.47090140074491,-0.307598834522432,0.385875410647359,-0.940577191719448,0.612302154907156,1.04365856268259,1.70693459755946
"Spiller-Fitz-Hugh-Burke","Chum",1990,224022,185875,0,0,0,0,0,0,0,0,0.186669856537728,146,52.16,-128.14,"SC","WC",10.739578461647,-0.104323966209202,277.2,-86.9838643363977,1.20522932078009,-0.512092513472427,0.186669856537728,-0.583306264099707,-0.18650808360519,-0.386429479583671,-1.14214368705312
"Spiller-Fitz-Hugh-Burke","Chum",1991,388789,173167,0,0,0,0,0,0,0,0,0.808780333207848,146,52.16,-128.14,"SC","WC",11.7472568273544,0.903354399498199,398.6,25.6305823493315,2.24516795925321,0.288371269141751,0.808780333207848,-0.688141374199265,1.27228492979859,0.445048912806772,0.331477002186639
"Spiller-Fitz-Hugh-Burke","Chum",1992,447310,74448,0,0,0,0,0,0,0,0,1.79315097144699,146,52.16,-128.14,"SC","WC",11.6620260715485,0.818123643692221,453.7,72.1190405954069,6.00835482484419,3.18497947435061,1.79315097144699,-1.50252736994354,1.14889830632017,0.822433257293703,0.939803517109318
"Spiller-Fitz-Hugh-Burke","Chum",1993,353151,138607,0,0,0,0,0,0,0,0,0.935253136977887,146,52.16,-128.14,"SC","WC",11.5326685428619,0.688766115005694,434.9,44.9103454445051,2.54785833327321,0.521358748195996,0.935253136977887,-0.973245356339707,0.961630359025689,0.693670540844442,0.58376308640437
"Spiller-Fitz-Hugh-Burke","Chum",1994,342356,109343,0,0,0,0,0,0,0,0,1.14136140089542,146,52.16,-128.14,"SC","WC",11.6691282749176,0.825225847061369,424.3,26.1281093358687,3.1310280493493,0.970237383498638,1.14136140089542,-1.21465979306881,1.15918000433739,0.621070285825177,0.337987410774467
"Spiller-Fitz-Hugh-Burke","Chum",1995,279349,247484,0,0,0,0,0,0,0,0,0.121115962705646,146,52.16,-128.14,"SC","WC",10.8087823271751,-0.0351201006810939,402,-4.11073275407784,1.12875579835464,-0.570955875949646,0.121115962705646,-0.0750605686225512,-0.086323224062167,0.468335787058234,-0.0577041246708347
"Spiller-Fitz-Hugh-Burke","Chum",1996,246035,382939,0,0,0,0,0,0,0,0,-0.442401905331703,146,52.16,-128.14,"SC","WC",11.6324490666389,0.788546638782713,443.6,29.8031196413841,0.642491362854136,-0.945244372396877,-0.442401905331703,1.04238040073027,1.10608035012726,0.753257542605536,0.386076899989735
"Spiller-Fitz-Hugh-Burke","Chum",1997,321115,267455,0,0,0,0,0,0,0,0,0.182847986537866,146,52.16,-128.14,"SC","WC",11.7267381429672,0.882835715110984,501.1,79.8710331213849,1.20063188199884,-0.515631263838104,0.182847986537866,0.0896909252237095,1.24258049786182,1.14707968068173,1.04124251454978
"Spiller-Fitz-Hugh-Burke","Chum",1998,353464,276118,0,0,0,0,0,0,0,0,0.246953330813945,146,52.16,-128.14,"SC","WC",9.97078899145127,-0.873113436404969,381.8,-46.6131174327623,1.28011936925517,-0.454447985935169,0.246953330813945,0.161156660098786,-1.29946708527302,0.3299843576819,-0.613870720057334
"Spiller-Fitz-Hugh-Burke","Chum",1999,472499,219225,0,0,0,0,0,0,0,0,0.767937030864022,146,52.16,-128.14,"SC","WC",11.0065661668777,0.162663739021508,401.8,-33.5617709907838,2.15531531531532,0.219209700772669,0.767937030864022,-0.308184221148788,0.200003934822285,0.466965970925796,-0.443086822383817
"Spiller-Fitz-Hugh-Burke","Chum",2000,551801,210926,0,0,0,0,0,0,0,0,0.961680112970217,146,52.16,-128.14,"SC","WC",10.3132438182831,-0.53065860957315,382.9,-59.1918651272497,2.61608810672937,0.57387671466738,0.961680112970217,-0.376647124730488,-0.803703034173285,0.337518346410314,-0.778470408577337
"Spiller-Fitz-Hugh-Burke","Chum",2001,327783,256742,0,0,0,0,0,0,0,0,0.244280114465598,146,52.16,-128.14,"SC","WC",10.5444481015205,-0.299454326335703,466.3,17.6774341079921,1.2767019030778,-0.457078485276279,0.244280114465598,0.00131364048208458,-0.468993860558108,0.908731673637357,0.227405773867815
"Spiller-Fitz-Hugh-Burke","Chum",2002,253892,247551,0,0,0,0,0,0,0,0,0.0252923583590947,146,52.16,-128.14,"SC","WC",11.6296018838882,0.785699456032005,361.3,-93.6727903862989,1.02561492379348,-0.650345689481894,0.0252923583590947,-0.0745078496756933,1.10195854852274,0.189578204106908,-1.22967188708448
"Spiller-Fitz-Hugh-Burke","Chum",2003,170560,355567,0,0,0,0,0,0,0,0,-0.734626557456112,146,52.16,-128.14,"SC","WC",12.0871581792831,1.2432557514269,594.5,133.341193044483,0.47968456015322,-1.07056037115296,-0.734626557456112,0.816574087097512,1.76435237345359,1.78678381453072,1.74092835627422
"Spiller-Fitz-Hugh-Burke","Chum",2004,114398,395845,0,0,0,0,0,0,0,0,-1.24133912421516,146,52.16,-128.14,"SC","WC",12.0548095703125,1.21090714245626,347.5,-119.692201844423,0.288996955879195,-1.2173368398482,-1.24133912421516,1.14884891906084,1.71752202920324,0.0950608909686204,-1.57014990011896
"Spiller-Fitz-Hugh-Burke","Chum",2005,185563,211852,0,0,0,0,0,0,0,0,-0.132493470639685,146,52.16,-128.14,"SC","WC",11.0825402736664,0.238637845810149,550,76.9215300470468,0.875908653210732,-0.765577918767725,-0.132493470639685,-0.36900805391272,0.309989918400545,1.48199972506306,1.00264667821406
"Spiller-Fitz-Hugh-Burke","Chum",2006,188073,210112,0,0,0,0,0,0,0,0,-0.110810536544947,146,52.16,-128.14,"SC","WC",10.5574477553368,-0.286454672519475,331.7,-147.116423405168,0.895108323180018,-0.750799507926944,-0.110810536544947,-0.383362247457985,-0.450174557882628,-0.0131545834940567,-1.92901060997964
"Spiller-Fitz-Hugh-Burke","Chum",2007,363029,131093,0,0,0,0,0,0,0,0,1.01857572589232,146,52.16,-128.14,"SC","WC",9.64110213518142,-1.20280029267481,657.6,173.201478578285,2.76924778592297,0.691767108980727,1.01857572589232,-1.035232373753,-1.77674723626631,2.21896080431521,2.26252166131027
"Spiller-Fitz-Hugh-Burke","Chum",2008,352130,89014,0,0,0,0,0,0,0,0,1.37520676486669,146,52.16,-128.14,"SC","WC",10.3042738437653,-0.539628584090981,410.3,-79.512118210272,3.95589457838093,1.60515540419064,1.37520676486669,-1.38236462098933,-0.816688661931439,0.525183156554451,-1.04437186469597
"Spiller-Fitz-Hugh-Burke","Chum",2009,435600,192673,0,0,0,0,0,0,0,0,0.815729939622491,146,52.16,-128.14,"SC","WC",10.7382392644882,-0.105663163368009,654.8,159.758485773777,2.26082533619137,0.300423098649828,0.815729939622491,-0.527225914834929,-0.188446808822801,2.19978337846107,2.08661286004157
"Spiller-Fitz-Hugh-Burke","Chum",2010,426732,147849,0,0,0,0,0,0,0,0,1.05996469885927,146,52.16,-128.14,"SC","WC",10.7775259494781,-0.0663764783780933,437.6,-62.470593004989,2.88626909887791,0.781841003101942,1.05996469885927,-0.897003139819396,-0.13157236998055,0.712163058632368,-0.82137432878668
"Spiller-Fitz-Hugh-Burke","Chum",2011,848387,354218,0,0,0,0,0,0,0,0,0.873424356808287,146,52.16,-128.14,"SC","WC",10.3767065525055,-0.467195875350744,578.3,73.4142570728227,2.39509849866466,0.403776123107837,0.873424356808287,0.805445462331672,-0.71182947962877,1.67582870780317,0.956752122322383
"Spiller-Fitz-Hugh-Burke","Chum",2012,382144,241621,0,0,0,0,0,0,0,0,0.458427118111436,146,52.16,-128.14,"SC","WC",11.1998487830162,0.35594635515997,359.3,-150.178710666804,1.58158438215221,-0.222403694453027,0.458427118111436,-0.123427601240879,0.479814774898478,0.175880042782519,-1.96908228815194
"Spiller-Fitz-Hugh-Burke","Chum",2013,224725,273577,0,0,0,0,0,0,0,0,-0.196705685427843,146,52.16,-128.14,"SC","WC",11.4923309206963,0.648428492840027,552.7,38.850982827287,0.821432357252254,-0.807509529261357,-0.196705685427843,0.140194587800787,0.903234502376244,1.50049224285098,0.504473062973742
"Spiller-Fitz-Hugh-Burke","Chum",2014,199170,268426,0,0,0,0,0,0,0,0,-0.298416539349492,146,52.16,-128.14,"SC","WC",12.4361372709274,1.5922348430712,432.2,-85.8055900084864,0.741992206418156,-0.868656371272601,-0.298416539349492,0.0977012251848891,2.26956145408847,0.675178023056516,-1.12672533285159
"Spiller-Fitz-Hugh-Burke","Chum",2015,211463,307436,0,0,0,0,0,0,0,0,-0.374216893219157,146,52.16,-128.14,"SC","WC",12.3328124523163,1.48891002446005,512.8,-9.16732517828621,0.687827710482832,-0.910347982388655,-0.374216893219157,0.419515644840521,2.1199804681006,1.22721392442941,-0.12387236003198
"Spiller-Fitz-Hugh-Burke","Chum",2016,82910,116735,0,0,0,0,0,0,0,0,-0.342150726509274,146,52.16,-128.14,"SC","WC",11.366118144989,0.522215717132772,701.3,175.537619931456,0.710241144472523,-0.893095866264666,-0.342150726509274,-1.153679219111,0.72051914232702,2.51826562925312,2.29309132916672
"Bella Coola-Dean Rivers","Chum",1954,382845,169235,0,0,0,0,0,0,0,0,0.816341925956327,147,52.38,-126.78,"SC","WC",9.85213141971164,-1.04304175743411,260.8,37.9015701708315,2.26220935385706,-0.290420246595526,0.816341925956327,-0.275855759008512,-1.54982202993475,-0.498754402443664,0.492049487008545
"Bella Coola-Dean Rivers","Chum",1955,204757,58694,0,0,0,0,0,0,0,0,1.24948640322396,147,52.38,-126.78,"SC","WC",10.9228568474452,0.0276836702994151,362,143.462404170714,3.48855078883702,0.0667086619746768,1.24948640322396,-1.24604059718159,0.00233764943857328,0.194372560570444,1.87336985516468
"Bella Coola-Dean Rivers","Chum",1956,187564,150649,0,0,0,0,0,0,0,0,0.219167492850973,147,52.38,-126.78,"SC","WC",11.3153521087435,0.420178931597701,187,-27.3109075478651,1.24503979448918,-0.586635186583935,0.219167492850973,-0.438979445263249,0.571312013129425,-1.00421655531364,-0.361290907506186
"Bella Coola-Dean Rivers","Chum",1957,249528,100759,0,0,0,0,0,0,0,0,0.906839606481862,147,52.38,-126.78,"SC","WC",12.3374047941632,1.44223161701742,240,29.7269399076616,2.47648349030856,-0.228020423591098,0.906839606481862,-0.876848847353469,2.0529140442512,-0.641215280217315,0.385080047143427
"Bella Coola-Dean Rivers","Chum",1958,321270,240701,0,0,0,0,0,0,0,0,0.288726391751266,147,52.38,-126.78,"SC","WC",10.9660636583964,0.070890481250652,125.1,-81.3866324102306,1.33472648638768,-0.560517084824203,0.288726391751266,0.351379652692823,0.0649716993039756,-1.42817464830349,-1.06890089261937
"Bella Coola-Dean Rivers","Chum",1959,470937,99780,0,0,0,0,0,0,0,0,1.55175656467535,147,52.38,-126.78,"SC","WC",10.8103410932753,-0.0848320838704606,182.1,-20.9204295127874,4.71975345760673,0.42525323429734,1.55175656467535,-0.885441233495909,-0.160768981256132,-1.03777705055839,-0.277668060493466
"Bella Coola-Dean Rivers","Chum",1960,496727,101464,0,0,0,0,0,0,0,0,1.58833652363866,147,52.38,-126.78,"SC","WC",11.2540055513382,0.358832374192445,162.9,-37.047339703769,4.89559843885516,0.476461914392068,1.58833652363866,-0.870661276127299,0.482381975225723,-1.16927939927253,-0.488697366327223
"Bella Coola-Dean Rivers","Chum",1961,149514,127291,0,0,0,0,0,0,0,0,0.160914230003067,147,52.38,-126.78,"SC","WC",10.8830829991235,-0.012090178022281,224.2,26.8582160885894,1.17458422040836,-0.60715290013129,0.160914230003067,-0.643985528526896,-0.0553198620572791,-0.749430754679992,0.347541250870715
"Bella Coola-Dean Rivers","Chum",1962,232377,122679,0,0,0,0,0,0,0,0,0.638789864857482,147,52.38,-126.78,"SC","WC",11.6702883376016,0.775115160455808,146.2,-49.0768726509801,1.89418726921478,-0.397593764238414,0.638789864857482,-0.684463654051853,1.08583953709842,-1.28365904633118,-0.646110284071
"Bella Coola-Dean Rivers","Chum",1963,200384,288454,0,0,0,0,0,0,0,0,-0.364300102124164,147,52.38,-126.78,"SC","WC",10.1895479493671,-0.705625227778646,205.1,11.278580937552,0.694682687707572,-0.746907380984658,-0.364300102124164,0.77049325377549,-1.06069165260367,-0.880248195327912,0.143673333698015
"Bella Coola-Dean Rivers","Chum",1964,394064,288454,0,0,0,0,0,0,0,0,0.311977704826665,147,52.38,-126.78,"SC","WC",9.77260307470957,-1.12257010243618,161.1,-31.9369804200911,1.36612423471333,-0.551373592423746,0.311977704826665,0.77049325377549,-1.66510900013476,-1.18160774446448,-0.421825562650986
"Bella Coola-Dean Rivers","Chum",1965,246300,12360,0,0,0,0,0,0,0,0,2.99208485309695,147,52.38,-126.78,"SC","WC",10.5549988349279,-0.340174342217875,175.2,-17.7751125688447,19.9271844660194,4.85388386136234,2.99208485309695,-1.65270006554095,-0.530921727778577,-1.08503570712754,-0.236509894208237
"Bella Coola-Dean Rivers","Chum",1966,386543,156808,0,0,0,0,0,0,0,0,0.90222098966737,147,52.38,-126.78,"SC","WC",10.7207682000266,-0.174404977119121,172,-21.6750197658039,2.46507193510535,-0.231343638593514,0.90222098966737,-0.384923769827818,-0.29061686724468,-1.10695276524656,-0.287542280377945
"Bella Coola-Dean Rivers","Chum",1967,195551,90395,0,0,0,0,0,0,0,0,0.771632258836111,147,52.38,-126.78,"SC","WC",10.6022286150191,-0.292944562126695,220.8,25.6382346910747,2.16329443000166,-0.319225747078646,0.771632258836111,-0.96781053272655,-0.462455846214173,-0.772717628931454,0.331577137199914
"Bella Coola-Dean Rivers","Chum",1968,375482,300886,0,0,0,0,0,0,0,0,0.221479078501828,147,52.38,-126.78,"SC","WC",10.2739937437905,-0.621179433355228,132.2,-65.2451763112484,1.24792113956781,-0.585796095940991,0.221479078501828,0.879605148078669,-0.938276181931482,-1.37954617560191,-0.857681245744975
"Bella Coola-Dean Rivers","Chum",1969,457428,99619,0,0,0,0,0,0,0,0,1.52426658583152,147,52.38,-126.78,"SC","WC",10.3841212590535,-0.511051918092202,202.8,2.28046936379511,4.59177466146016,0.387983900909204,1.52426658583152,-0.886854281676637,-0.778631622875226,-0.89600108085096,0.0259281973552526
"Bella Coola-Dean Rivers","Chum",1970,311935,261505,0,0,0,0,0,0,0,0,0.176341428990671,147,52.38,-126.78,"SC","WC",9.63402063316769,-1.26115254397806,126.2,-78.1640583855578,1.19284526108487,-0.601835012844649,0.176341428990671,0.533970052393864,-1.86600277967798,-1.42064065957508,-1.02673177582198
"Bella Coola-Dean Rivers","Chum",1971,238287,68600,0,0,0,0,0,0,0,0,1.24518329480044,147,52.38,-126.78,"SC","WC",10.3032899432712,-0.591883233874542,158.6,-50.3442287528231,3.47357142857143,0.0623464489480757,1.24518329480044,-1.15909863893133,-0.895807423447757,-1.19873044611997,-0.662694321264043
"Bella Coola-Dean Rivers","Chum",1972,367023,270909,0,0,0,0,0,0,0,0,0.303641545260043,147,52.38,-126.78,"SC","WC",10.4451956748962,-0.449977502249514,133.9,-80.3137308338856,1.35478334053132,-0.554676229883352,0.303641545260043,0.616506108863225,-0.690096090555831,-1.36790273847618,-1.05486139762605
"Bella Coola-Dean Rivers","Chum",1973,223152,323299,0,0,0,0,0,0,0,0,-0.370724438007883,147,52.38,-126.78,"SC","WC",10.3079044686423,-0.587268708503409,228.3,8.18300003622602,0.69023411764342,-0.748202870908094,-0.370724438007883,1.07631725289022,-0.889118051891802,-0.721349523964994,0.103165990318353
"Bella Coola-Dean Rivers","Chum",1974,137679,159052,0,0,0,0,0,0,0,0,-0.144306304120301,147,52.38,-126.78,"SC","WC",9.99018389648862,-0.904989280657132,199,-27.5920951201788,0.865622563689862,-0.697127140670362,-0.144306304120301,-0.365228862265372,-1.34969650518241,-0.9220275873673,-0.364970398338076
"Bella Coola-Dean Rivers","Chum",1975,255192,107468,0,0,0,0,0,0,0,0,0.864823074181606,147,52.38,-126.78,"SC","WC",9.90606374210782,-0.989109435037935,279.1,45.5262969845521,2.37458592325157,-0.257694514240751,0.864823074181606,-0.817965988691948,-1.47163991706992,-0.3734162263255,0.591823144058565
"Bella Coola-Dean Rivers","Chum",1976,280318,175531,0,0,0,0,0,0,0,0,0.468109007535505,147,52.38,-126.78,"SC","WC",10.534934507476,-0.360238669669797,234.1,-6.89603449935734,1.59697147512405,-0.484147434469073,0.468109007535505,-0.220597676114946,-0.560007653318366,-0.681624856124264,-0.0941512981766795
"Bella Coola-Dean Rivers","Chum",1977,208525,139708,0,0,0,0,0,0,0,0,0.400504407935293,147,52.38,-126.78,"SC","WC",11.106921143002,0.211747965856228,319.9,71.1046092155224,1.49257737566925,-0.5145485525721,0.400504407935293,-0.535005284675338,0.269163457975029,-0.0939737353079549,0.926529136128842
"Bella Coola-Dean Rivers","Chum",1978,255032,31345,0,0,0,0,0,0,0,0,2.09633426275534,147,52.38,-126.78,"SC","WC",10.8155472278595,-0.0796259492862595,244.5,-12.4122105457951,8.1362896793747,1.42019951692906,2.09633426275534,-1.4860744772731,-0.153221993038907,-0.610394417237439,-0.166333432767317
"Bella Coola-Dean Rivers","Chum",1979,386456,128961,0,0,0,0,0,0,0,0,1.09750798630293,147,52.38,-126.78,"SC","WC",10.8101010984845,-0.0850720786612888,297.9,32.6075384498225,2.99668892145687,-0.0765288466459497,1.09750798630293,-0.629328444913133,-0.161116885796301,-0.244653509876239,0.422774230563501
"Bella Coola-Dean Rivers","Chum",1980,293108,110450,0,0,0,0,0,0,0,0,0.975978211916992,147,52.38,-126.78,"SC","WC",10.9138245052762,0.0186513281304038,223.2,-50.6883073338683,2.65376188320507,-0.176394312654672,0.975978211916992,-0.791793878909766,-0.0107559382935487,-0.756279835342187,-0.667196774818403
"Bella Coola-Dean Rivers","Chum",1981,685843,56932,0,0,0,0,0,0,0,0,2.48879116535062,147,52.38,-126.78,"SC","WC",10.1986832486259,-0.696489928519889,431,148.341946054577,12.0467048408628,2.55897070971799,2.48879116535062,-1.26150513689863,-1.04744881480307,0.666959126261882,1.93722128884564
"Bella Coola-Dean Rivers","Chum",1982,1375406,128323,0,0,0,0,0,0,0,0,2.37195371634624,147,52.38,-126.78,"SC","WC",11.7734132607778,0.878240083632044,308.8,17.2345438819623,10.7183123835945,2.17212302204701,2.37195371634624,-0.634927977455397,1.23533290257443,-0.169998530658316,0.221610316718689
"Bella Coola-Dean Rivers","Chum",1983,794147,196414,0,0,0,0,0,0,0,0,1.39704390617458,147,52.38,-126.78,"SC","WC",10.462873644299,-0.432299532846773,326.3,25.7214716941774,4.04323011597951,0.228239551381582,1.39704390617458,-0.0373139173687034,-0.664469510099801,-0.0501396190699082,0.332666338217122
"Bella Coola-Dean Rivers","Chum",1984,787760,155428,0,0,0,0,0,0,0,0,1.62301087305632,147,52.38,-126.78,"SC","WC",10.4573925336202,-0.43778064352555,261.8,-47.8680562837991,5.06832745708624,0.526763179602336,1.62301087305632,-0.397035611376916,-0.672415112934497,-0.49190532178147,-0.630292270835622
"Bella Coola-Dean Rivers","Chum",1985,521883,284596,0,0,0,0,0,0,0,0,0.606372794085736,147,52.38,-126.78,"SC","WC",10.7585486703449,-0.136624506800866,270.3,-48.5060334477533,1.83376786743313,-0.415188794789671,0.606372794085736,0.736632757618664,-0.235849023709025,-0.433688136152814,-0.638640545641688
"Bella Coola-Dean Rivers","Chum",1986,790825,399659,0,0,0,0,0,0,0,0,0.682465020829452,147,52.38,-126.78,"SC","WC",10.8478400309881,-0.0473331461576887,212.2,-115.764248823289,1.97874938384973,-0.372968015776721,0.682465020829452,1.74650581860698,-0.106409256877211,-0.831619722626329,-1.51875051923438
"Bella Coola-Dean Rivers","Chum",1987,355077,187383,0,0,0,0,0,0,0,0,0.63918001672272,147,52.38,-126.78,"SC","WC",10.7739725642734,-0.121200612872329,364.4,27.286769793309,1.89492643409488,-0.397378508405616,0.63918001672272,-0.116576265941098,-0.213490027056184,0.210810354159712,0.353149106916818
"Bella Coola-Dean Rivers","Chum",1988,277755,264902,0,0,0,0,0,0,0,0,0.0473794838894911,147,52.38,-126.78,"SC","WC",11.2296744717492,0.334501294603444,303,-43.2216979870615,1.04851982997486,-0.643864730035185,0.0473794838894911,0.563784491337549,0.447110821935181,-0.209723198499046,-0.56949216998532
"Bella Coola-Dean Rivers","Chum",1989,388137,183941,0,0,0,0,0,0,0,0,0.74674331606902,147,52.38,-126.78,"SC","WC",11.3352788686752,0.440105691529483,486,130.743381846267,2.11011683094036,-0.334711856714547,0.74674331606902,-0.146785656239646,0.600198516153953,1.04365856268259,1.70693459755946
"Bella Coola-Dean Rivers","Chum",1990,727492,406566,0,0,0,0,0,0,0,0,0.581856724989351,147,52.38,-126.78,"SC","WC",10.766187508901,-0.12898566824479,277.2,-86.9838643363977,1.78935769346182,-0.42812169953169,0.581856724989351,1.80712646322989,-0.224775505795958,-0.386429479583671,-1.14214368705312
"Bella Coola-Dean Rivers","Chum",1991,766835,86927,0,0,0,0,0,0,0,0,2.17720296839585,147,52.38,-126.78,"SC","WC",11.7874301539527,0.892256976806961,398.6,25.6305823493315,8.82159743232828,1.61977135138396,2.17720296839585,-0.99824811714124,1.25565226349803,0.445048912806772,0.331477002186639
"Bella Coola-Dean Rivers","Chum",1992,511348,156028,0,0,0,0,0,0,0,0,1.18701489770584,147,52.38,-126.78,"SC","WC",11.7333014541202,0.838128276974458,453.7,72.1190405954069,3.27728356448843,0.00518449660265472,1.18701489770584,-0.391769593312091,1.17718547528067,0.822433257293703,0.939803517109318
"Bella Coola-Dean Rivers","Chum",1993,506765,200800,0,0,0,0,0,0,0,0,0.925737997471124,147,52.38,-126.78,"SC","WC",11.5730967256758,0.677923548530036,434.9,44.9103454445051,2.52373007968127,-0.21426151239797,0.925737997471124,0.00118067468516921,0.944947299651693,0.693670540844442,0.58376308640437
"Bella Coola-Dean Rivers","Chum",1994,847620,370024,0,0,0,0,0,0,0,0,0.828864553752127,147,52.38,-126.78,"SC","WC",11.7397018538581,0.844528676712353,424.3,26.1281093358687,2.29071627786306,-0.282118605334321,0.828864553752127,1.48640840968848,1.18646371052914,0.621070285825177,0.337987410774467
"Bella Coola-Dean Rivers","Chum",1995,517509,274483,0,0,0,0,0,0,0,0,0.634137588044092,147,52.38,-126.78,"SC","WC",10.8562837044398,-0.0388894727059499,402,-4.11073275407784,1.88539545254169,-0.400154072324932,0.634137588044092,0.647874023136034,-0.0941690231645159,0.468335787058234,-0.0577041246708347
"Bella Coola-Dean Rivers","Chum",1996,308181,263415,0,0,0,0,0,0,0,0,0.156956537409417,147,52.38,-126.78,"SC","WC",11.6851550340653,0.7899818569195,443.6,29.8031196413841,1.16994476396561,-0.608503979013971,0.156956537409417,0.550733543233558,1.1073908015204,0.753257542605536,0.386076899989735
"Bella Coola-Dean Rivers","Chum",1997,441470,272723,0,0,0,0,0,0,0,0,0.481653439502936,147,52.38,-126.78,"SC","WC",11.7939575248294,0.898784347683684,501.1,79.8710331213849,1.61874869372954,-0.477805583749173,0.481653439502936,0.632427036812547,1.26511456039016,1.14707968068173,1.04124251454978
"Bella Coola-Dean Rivers","Chum",1998,629981,469829,0,0,0,0,0,0,0,0,0.293320861485881,147,52.38,-126.78,"SC","WC",10.0541041162279,-0.841069060917854,381.8,-46.6131174327623,1.34087295590523,-0.558727141267088,0.293320861485881,2.36236663128829,-1.25703559958871,0.3299843576819,-0.613870720057334
"Bella Coola-Dean Rivers","Chum",1999,981410,283279,0,0,0,0,0,0,0,0,1.24255803540789,147,52.38,-126.78,"SC","WC",11.0790690448549,0.183895867709152,401.8,-33.5617709907838,3.46446436198942,0.0596943353882307,1.24255803540789,0.725073847966372,0.228788117472142,0.466965970925796,-0.443086822383817
"Bella Coola-Dean Rivers","Chum",2000,939253,222617,0,0,0,0,0,0,0,0,1.43963207239067,147,52.38,-126.78,"SC","WC",10.3714524507523,-0.523720726393486,382.9,-59.1918651272497,4.2191431921192,0.279468061723827,1.43963207239067,0.19266186821899,-0.796996754515545,0.337518346410314,-0.778470408577337
"Bella Coola-Dean Rivers","Chum",2001,481526,240897,0,0,0,0,0,0,0,0,0.692590771460344,147,52.38,-126.78,"SC","WC",10.5678244961633,-0.327348680982493,466.3,17.6774341079921,1.99888749133447,-0.367103498651593,0.692590771460344,0.353099885260666,-0.512329216836718,0.908731673637357,0.227405773867815
"Bella Coola-Dean Rivers","Chum",2002,450449,321438,0,0,0,0,0,0,0,0,0.337440184046493,147,52.38,-126.78,"SC","WC",11.6905116770003,0.795338499854505,361.3,-93.6727903862989,1.4013557824526,-0.541113640478495,0.337440184046493,1.05998382019248,1.11515597171732,0.189578204106908,-1.22967188708448
"Bella Coola-Dean Rivers","Chum",2003,358757,549596,0,0,0,0,0,0,0,0,-0.426538183782684,147,52.38,-126.78,"SC","WC",12.1371888054742,1.24201562832842,594.5,133.341193044483,0.652764940065066,-0.759114454021813,-0.426538183782684,3.06245740291648,1.76267419679866,1.78678381453072,1.74092835627422
"Bella Coola-Dean Rivers","Chum",2004,125077,376316,0,0,0,0,0,0,0,0,-1.10149966830984,147,52.38,-126.78,"SC","WC",12.116263628006,1.22109045086023,347.5,-119.692201844423,0.332372261609924,-0.852417578508053,-1.10149966830984,1.54163138579495,1.73234035405187,0.0950608909686204,-1.57014990011896
"Bella Coola-Dean Rivers","Chum",2005,92348,183604,0,0,0,0,0,0,0,0,-0.687217214771365,147,52.38,-126.78,"SC","WC",11.1395771238539,0.244403946708148,550,76.9215300470468,0.502973791420666,-0.802735869643088,-0.687217214771365,-0.149743403052722,0.316502668808968,1.48199972506306,1.00264667821406
"Bella Coola-Dean Rivers","Chum",2006,63584,232645,0,0,0,0,0,0,0,0,-1.29715182017945,147,52.38,-126.78,"SC","WC",10.6196154753367,-0.275557701809039,331.7,-147.116423405168,0.273309119044037,-0.869617646156119,-1.29715182017945,0.280674583475769,-0.437251267302577,-0.0131545834940567,-1.92901060997964
"Bella Coola-Dean Rivers","Chum",2007,246594,191709,0,0,0,0,0,0,0,0,0.251764662227633,147,52.38,-126.78,"SC","WC",9.69924728075663,-1.19592589638912,657.6,173.201478578285,1.28629328826503,-0.574621554175667,0.251764662227633,-0.078608275693708,-1.77144803222741,2.21896080431521,2.26252166131027
"Bella Coola-Dean Rivers","Chum",2008,293081,64755,0,0,0,0,0,0,0,0,1.50983810364806,147,52.38,-126.78,"SC","WC",10.3418978055318,-0.553275371613934,410.3,-79.512118210272,4.52599799243302,0.368828754268144,1.50983810364806,-1.19284503803008,-0.839840164657085,0.525183156554451,-1.04437186469597
"Bella Coola-Dean Rivers","Chum",2009,427840,78888,0,0,0,0,0,0,0,0,1.69072016888355,147,52.38,-126.78,"SC","WC",10.8166519668367,-0.0785212103090278,654.8,159.758485773777,5.42338505222594,0.630161244623172,1.69072016888355,-1.06880398251312,-0.15162052617142,2.19978337846107,2.08661286004157
"Bella Coola-Dean Rivers","Chum",2010,204604,22634,0,0,0,0,0,0,0,0,2.2016232031248,147,52.38,-126.78,"SC","WC",10.8755105204052,-0.0196626567405176,437.6,-62.470593004989,9.03967482548379,1.68327873944081,2.2016232031248,-1.56252828287759,-0.0662971825121031,0.712163058632368,-0.82137432878668
"Bella Coola-Dean Rivers","Chum",2011,598756,272837,0,0,0,0,0,0,0,0,0.785979622280887,147,52.38,-126.78,"SC","WC",10.4667189121246,-0.428454265021117,578.3,73.4142570728227,2.19455572374715,-0.310121992286246,0.785979622280887,0.633427580244863,-0.658895280217161,1.67582870780317,0.956752122322383
"Bella Coola-Dean Rivers","Chum",2012,891797,158447,0,0,0,0,0,0,0,0,1.72781837566455,147,52.38,-126.78,"SC","WC",11.2387614250183,0.343588247872561,359.3,-150.178710666804,5.62836153414075,0.689853452014006,1.72781837566455,-0.37053876381407,0.46028357575922,0.175880042782519,-1.96908228815194
"Bella Coola-Dean Rivers","Chum",2013,780460,259153,0,0,0,0,0,0,0,0,1.1024648685671,147,52.38,-126.78,"SC","WC",11.4996471537484,0.604473976602663,552.7,38.850982827287,3.01158003187306,-0.0721923332911524,1.1024648685671,0.513327261579749,0.838472323845597,1.50049224285098,0.504473062973742
"Bella Coola-Dean Rivers","Chum",2014,627994,54748,0,0,0,0,0,0,0,0,2.43978977393341,147,52.38,-126.78,"SC","WC",12.4391885068682,1.54401532972241,432.2,-85.8055900084864,11.4706290640754,2.39120885518914,2.43978977393341,-1.28067344265459,2.2004631458094,0.675178023056516,-1.12672533285159
"Bella Coola-Dean Rivers","Chum",2015,315829,215528,0,0,0,0,0,0,0,0,0.382110096379713,147,52.38,-126.78,"SC","WC",12.3877279228634,1.49255474571768,512.8,-9.16732517828621,1.46537340855944,-0.522470753360223,0.382110096379713,0.13044386478308,2.12586414825106,1.22721392442941,-0.12387236003198
"Bella Coola-Dean Rivers","Chum",2016,81540,369405,0,0,0,0,0,0,0,0,-1.51079990574534,147,52.38,-126.78,"SC","WC",11.446863995658,0.551690818512272,701.3,175.537619931456,0.220733341454501,-0.884928496407287,-1.51079990574534,1.48097563438494,0.761956078302316,2.51826562925312,2.29309132916672
"Mussel-Kynoch","Chum",1954,352744,164097,0,0,0.128121556171048,0.859580584786701,0.0115964859501508,0.000701617524040097,0,0,0.765284864981654,149,52.61,-128.52,"SC","WC",9.48628757216713,-1.02422511013478,260.8,37.9015701708315,2.14960663509997,0.000380834277606788,0.765284864981654,0.860542041713325,-1.48550611377026,-0.48005919846228,0.548937244327
"Mussel-Kynoch","Chum",1955,180032,106055,0,0,0.707269049391219,0.226927039415215,0.0651611437411127,0.000640854635842517,0,0,0.529176785396212,149,52.61,-128.52,"SC","WC",10.5517858591947,0.0412731768927521,362,143.462404170714,1.69753429824148,-0.229300433243926,0.529176785396212,-0.0986602394574542,0.0424392853365827,0.246234068038426,1.98222320577472
"Mussel-Kynoch","Chum",1956,140112,49517,0,0,0.122447168693617,0.83620543136919,0.039031230729702,0.00231543043779262,0,0,1.04012605782186,149,52.61,-128.52,"SC","WC",10.9793109677055,0.468798285403554,187,-27.3109075478651,2.82957368176586,0.345846991831901,1.04012605782186,-1.03300741172639,0.655518659095215,-1.00970784537683,-0.336506014159704
"Mussel-Kynoch","Chum",1957,119421,71263,0,0,0.411998599241339,0.457358533256295,0.128767038795522,0.00187566578909907,0,0,0.516277806244505,149,52.61,-128.52,"SC","WC",12.0064161907543,1.49590350845237,240,29.7269399076616,1.67577845445743,-0.240353774421677,0.516277806244505,-0.673632944851716,2.12840765297071,-0.62933686588535,0.4379435892727
"Mussel-Kynoch","Chum",1958,187459,257333,0,0,0.122354323558752,0.819273727054983,0.0566380387711446,0.00173198811260062,0,0,-0.316810811186283,149,52.61,-128.52,"SC","WC",10.6442790681666,0.133766385864647,125.1,-81.3866324102306,0.728468560192435,-0.721646964716088,-0.316810811186283,2.40136048158857,0.175076357416252,-1.45395244217914,-1.07073645137304
"Mussel-Kynoch","Chum",1959,186044,41881,0,0,0.346663232246135,0.569965732837393,0.0827206381823655,0.000649868664939477,0,0,1.49115094141408,149,52.61,-128.52,"SC","WC",10.3965465263887,-0.113966155913218,182.1,-20.9204295127874,4.44220529595759,1.16516558975087,1.49115094141408,-1.15919997261368,-0.180176956481148,-1.04487421895245,-0.249737256207042
"Mussel-Kynoch","Chum",1960,204187,110958,0,0,0.218084325544721,0.752751046834519,0.0280667107308497,0.00109777438965262,0,0,0.609884489297775,149,52.61,-128.52,"SC","WC",10.8799587488174,0.369446066515528,162.9,-37.047339703769,1.84021882153608,-0.156807693710812,0.609884489297775,-0.0176332454775718,0.513045632541121,-1.18266898888144,-0.468705533572944
"Mussel-Kynoch","Chum",1961,132672,43575,0,0,0.486506119000241,0.431410034822721,0.080082984277014,0.00199891594835384,0,0,1.11339632540723,149,52.61,-128.52,"SC","WC",10.5441356355494,0.0336229532474633,224.2,26.8582160885894,3.04468158347676,0.455135376655862,1.11339632540723,-1.13120492309259,0.0314687148877393,-0.742730478639413,0.398992574759577
"Mussel-Kynoch","Chum",1962,143139,144468,0,0,0.167918933204787,0.741329799705182,0.0878201495050266,0.00293277149274481,0,0,-0.00924184362223023,149,52.61,-128.52,"SC","WC",11.2858126163483,0.775299934046358,146.2,-49.0768726509801,0.990800730957721,-0.588365671921775,-0.00924184362223023,0.53615312373839,1.09504802255287,-1.30252173147592,-0.63204036186759
"Mussel-Kynoch","Chum",1963,190180,90974,0,0,0.234311023030813,0.660141779366916,0.104628428804291,0.000917111577978757,0,0,0.737397240704265,149,52.61,-128.52,"SC","WC",9.81542098522187,-0.695091697080041,205.1,11.278580937552,2.09048739200211,-0.0296554709384778,0.737397240704265,-0.347888894609526,-1.0135223571635,-0.87980756747502,0.187455099160585
"Mussel-Kynoch","Chum",1964,260175,137889,0,0,0.202639742980686,0.763833840684155,0.0317760417718843,0.00175010822677044,0,0,0.634905467854087,149,52.61,-128.52,"SC","WC",9.44184652241793,-1.06866615988398,161.1,-31.9369804200911,1.88684376563758,-0.133119280626811,0.634905467854087,0.427428548296079,-1.54923544897661,-1.19558724856228,-0.3993179971003
"Mussel-Kynoch","Chum",1965,187799,53604,0,0,0.444384916692847,0.43966510428703,0.114925270794839,0.00102692380204367,0,0,1.25374854978837,149,52.61,-128.52,"SC","WC",10.1748965545134,-0.335616127788499,175.2,-17.7751125688447,3.50345123498246,0.688219302539219,1.25374854978837,-0.965465636406018,-0.498027354611583,-1.09439421439568,-0.207030710140329
"Mussel-Kynoch","Chum",1966,259752,112424,0,0,0.133488698643321,0.829850429255598,0.0351925662632049,0.00147019666335582,0,0,0.837449891862511,149,52.61,-128.52,"SC","WC",10.3827498826114,-0.127762799690542,172,-21.6750197658039,2.31046751583292,0.0821083101017654,0.837449891862511,0.00659387530042282,-0.199961613706161,-1.11736000938385,-0.259982946538506
"Mussel-Kynoch","Chum",1967,200472,157580,0,0,0.451536774611916,0.455413631629355,0.0902940122311345,0.0027545358553813,0,0,0.240741320304173,149,52.61,-128.52,"SC","WC",10.2770968675613,-0.233415814740576,220.8,25.6382346910747,1.2721919025257,-0.445401204323013,0.240741320304173,0.752842078473086,-0.351470105285082,-0.767131635814337,0.382427887422158
"Mussel-Kynoch","Chum",1968,245708,194804,0,0,0.156037354542791,0.735772055854917,0.106527368217559,0.00166165563514415,0,0,0.232149914151106,149,52.61,-128.52,"SC","WC",9.88650803132491,-0.624004650977001,132.2,-65.2451763112484,1.26130880269399,-0.450930505631917,0.232149914151106,1.36800602379374,-0.911582141630873,-1.40299708454915,-0.851570672292307
"Mussel-Kynoch","Chum",1969,356829,80418,0,0,0.212760288317373,0.73260565004526,0.0542348596106258,0.000398000707621858,0,0,1.49001864370547,149,52.61,-128.52,"SC","WC",10.0593901330775,-0.451122549224463,202.8,2.28046936379511,4.43717824367679,1.16261153004491,1.49001864370547,-0.522337385013694,-0.66366582381338,-0.896314232622763,0.0652803634227039
"Mussel-Kynoch","Chum",1970,309870,120561,0,0,0.354273771581631,0.623747823280731,0.0217241501887888,0.000253321501436086,0,0,0.943997005777729,149,52.61,-128.52,"SC","WC",9.2581906968897,-1.25232198541221,126.2,-78.1640583855578,2.57023415532386,0.214086151154147,0.943997005777729,0.141065963820574,-1.81260149756772,-1.44605795015195,-1.02698092260093
"Mussel-Kynoch","Chum",1971,152148,81437,0,0,0.533470555314562,0.441881676196861,0.024454775448905,0.00019534457429608,0,0,0.625024016145262,149,52.61,-128.52,"SC","WC",9.9491640437733,-0.561348638528611,158.6,-50.3442287528231,1.86829082603731,-0.142545344413977,0.625024016145262,-0.505497387692564,-0.821732193383678,-1.21352927589679,-0.649248294394238
"Mussel-Kynoch","Chum",1972,67106,118310,0,0,0.420725673710249,0.553756053259023,0.0209934874675886,0.00452111840669985,0,0,-0.567034839507612,149,52.61,-128.52,"SC","WC",10.0162372155623,-0.494275466739616,133.9,-80.3137308338856,0.567204800946666,-0.803579128241612,-0.567034839507612,0.103865930484104,-0.725547952182876,-1.39079650596168,-1.05616878731506
"Mussel-Kynoch","Chum",1973,44181,212839,0,0,0.353209539168421,0.318463976143591,0.325499281138951,0.00282856580656843,0,0,-1.57224117894003,149,52.61,-128.52,"SC","WC",9.90313405340368,-0.607378628898232,228.3,8.18300003622602,0.207579437978942,-0.986291500720119,-1.57224117894003,1.6660524925735,-0.887740100540809,-0.713305553810826,0.145423860108408
"Mussel-Kynoch","Chum",1974,155709,162513,0,0,0.0379463724897084,0.922405261738243,0.0380422727138444,0.00160715124366607,0,0,-0.0427691179323582,149,52.61,-128.52,"SC","WC",9.53590950098905,-0.974603181312863,199,-27.5920951201788,0.958132580162818,-0.604963153498062,-0.0427691179323582,0.834364852550745,-1.41434729656581,-0.923586114171209,-0.340323928291864
"Mussel-Kynoch","Chum",1975,131633,72225,0,0,0.458203956074844,0.449433357136888,0.0901122900032667,0.00224855856282239,0,0,0.600231500982334,149,52.61,-128.52,"SC","WC",9.4549432776191,-1.05556940468281,279.1,45.5262969845521,1.82254067151263,-0.165789309204111,0.600231500982334,-0.657734929716361,-1.53045444566906,-0.348723558373713,0.652464409544279
"Mussel-Kynoch","Chum",1976,157589,39581,0,0,0.157649395135447,0.751748929176529,0.0890269355094581,0.00157614896915394,0,0,1.38164117289279,149,52.61,-128.52,"SC","WC",10.139318596233,-0.371194086068894,234.1,-6.89603449935734,3.98143048432329,0.931062916020384,1.38164117289279,-1.19720978010985,-0.549046843170123,-0.671680050394778,-0.0593165506395873
"Mussel-Kynoch","Chum",1977,201739,15114,0,0,0.246602219204021,0.694556167622522,0.058359510407011,0.00048260403947675,0,0,2.59135331614069,149,52.61,-128.52,"SC","WC",10.6827239340002,0.172211251698274,319.9,71.1046092155224,13.3478232102686,5.68978132898309,2.59135331614069,-1.60155150185282,0.230207047521484,-0.0559096722746146,0.999762118827412
"Mussel-Kynoch","Chum",1978,181140,125517,0,0,0.324841119852048,0.649138028044606,0.025476795130838,0.00054558086016341,0,0,0.366829005381262,149,52.61,-128.52,"SC","WC",10.4818764708259,-0.0286362114760266,244.5,-12.4122105457951,1.44315112693898,-0.358543132823648,0.366829005381262,0.222968835973195,-0.0578121459542581,-0.597041216683243,-0.134214193909839
"Mussel-Kynoch","Chum",1979,100441,51335,0,0,0.491618835734411,0.458878850867674,0.046638095060782,0.00286384921496202,0,0,0.671197709681646,149,52.61,-128.52,"SC","WC",10.3761708302931,-0.134341852008776,297.9,32.6075384498225,1.95657933183988,-0.0976892135097226,0.671197709681646,-1.00296313780115,-0.209396103505457,-0.213799512818246,0.477055836633786
"Mussel-Kynoch","Chum",1980,80206,60943,0,0,0.241318345260953,0.583303906814951,0.169993634765479,0.00538452440839837,0,0,0.274659323946242,149,52.61,-128.52,"SC","WC",10.6061469208111,0.0956342385091394,223.2,-50.6883073338683,1.31608224078237,-0.42310214352935,0.274659323946242,-0.844181298486712,0.120394111729632,-0.749907289573214,-0.653920131297757
"Mussel-Kynoch","Chum",1981,176500,117226,0,0,0.111312813484419,0.771515614164306,0.115981264645892,0.00119256684872521,0,0,0.409217180830547,149,52.61,-128.52,"SC","WC",9.79249345172535,-0.71801923057656,431,148.341946054577,1.50563868083872,-0.326795513219785,0.409217180830547,0.0859517429511255,-1.04640088896913,0.741434022470726,2.04847674523088
"Mussel-Kynoch","Chum",1982,271949,102654,0,0,0.210276185424473,0.7517873182104,0.0366875168322002,0.0012493069612317,0,0,0.974250438645108,149,52.61,-128.52,"SC","WC",11.354180671952,0.843667989650078,308.8,17.2345438819623,2.64918074307869,0.254195998326028,0.974250438645108,-0.154865176542011,1.19308915248937,-0.13557227363981,0.268324089596333
"Mussel-Kynoch","Chum",1983,201787,47073,0,0,0.425478289186122,0.493812992511906,0.0798071467438438,0.000901527208888581,0,0,1.45551309738136,149,52.61,-128.52,"SC","WC",10.120748444037,-0.389764238264906,326.3,25.7214716941774,4.28668238693094,1.08615014031615,1.45551309738136,-1.07339696369189,-0.575676804901706,-0.00997808229828513,0.383558064434781
"Mussel-Kynoch","Chum",1984,211502,47776,0,0,0.197846942865788,0.76044953948426,0.0407695469640949,0.000934227412979546,0,0,1.48771103334962,149,52.61,-128.52,"SC","WC",9.99589357592843,-0.514619106373483,261.8,-47.8680562837991,4.42695077026122,1.15741532831765,1.48771103334962,-1.06177918340067,-0.754721129613663,-0.472882387528478,-0.615627271297931
"Mussel-Kynoch","Chum",1985,163283,123536,0,0,0.413649053667559,0.527423291647018,0.0573593809582137,0.0015694436567187,0,0,0.27895228011274,149,52.61,-128.52,"SC","WC",10.3657969453118,-0.144715736990106,270.3,-48.5060334477533,1.32174426887709,-0.420225476050481,0.27895228011274,0.190230823516709,-0.224272457621714,-0.411879494591166,-0.624289610142477
"Mussel-Kynoch","Chum",1986,141913,171672,0,0,0.254839193167645,0.659133155031604,0.085593909014678,0.000430497132257087,0,0,-0.19037148569194,149,52.61,-128.52,"SC","WC",10.3949065100063,-0.115606172295613,212.2,-115.764248823289,0.826651987511068,-0.6717635894296,-0.19037148569194,0.985726516401804,-0.18252877207433,-0.82885220984503,-1.53750952549374
"Mussel-Kynoch","Chum",1987,163558,80879,0,0,0.240166082307194,0.741725418505973,0.0177051248731337,0.000401795965467907,0,0,0.704213456853353,149,52.61,-128.52,"SC","WC",10.3417593132366,-0.168753369065322,364.4,27.286769793309,2.02225546804486,-0.0643215929331096,0.704213456853353,-0.5147188975112,-0.258742892517684,0.26345841427955,0.404811399653491
"Mussel-Kynoch","Chum",1988,83192,120949,0,0,0.612380728315223,0.347647517309357,0.0374433018799885,0.00253053708289259,0,0,-0.374217779784637,149,52.61,-128.52,"SC","WC",10.7381285970861,0.227615914784208,303,-43.2216979870615,0.687827100678798,-0.742295390142612,-0.374217779784637,0.147478053085146,0.309658418848776,-0.177197777055859,-0.552539856522698
"Mussel-Kynoch","Chum",1989,53569,110953,0,0,0.226722846049021,0.580753822733297,0.18627693072486,0.006243370764808,0,0,-0.728136145665722,149,52.61,-128.52,"SC","WC",10.9381952069022,0.427682524600335,486,130.743381846267,0.482808035834993,-0.846458009352255,-0.728136145665722,-0.0177158754938678,0.596557853324879,1.13615862382981,1.80952661509611
"Mussel-Kynoch","Chum",1990,128755,87334,0,0,0.101468126053357,0.774031119257505,0.123125187293697,0.00137790037746107,0,0,0.388171525089607,149,52.61,-128.52,"SC","WC",10.4126507585699,-0.0978619237320205,277.2,-86.9838643363977,1.47428263906382,-0.342726360635408,0.388171525089607,-0.408043546473032,-0.157083172317445,-0.362359499147936,-1.14673465675621
"Mussel-Kynoch","Chum",1991,208749,130686,0,0,0.200487013925815,0.758466695888364,0.0402843035990592,0.000763590542230142,0,0,0.468335073939183,149,52.61,-128.52,"SC","WC",11.3526591929522,0.842146510650336,398.6,25.6305823493315,1.59733253753271,-0.280209249225477,0.468335073939183,0.308391746820025,1.1909073218231,0.508905348215559,0.38232398530641
"Mussel-Kynoch","Chum",1992,158531,29698,0,0,0.419406200427677,0.529780509742574,0.0476594566677811,0.00315135833054734,0,0,1.6748704543157,149,52.61,-128.52,"SC","WC",11.2821352806958,0.771622598393912,453.7,72.1190405954069,5.33810357599838,1.62033843655689,1.6748704543157,-1.36053627032057,1.08977465124901,0.904347630668018,1.01353588510556
"Mussel-Kynoch","Chum",1993,134640,37148,0,0,0.261953496360665,0.560452866830065,0.175879906491384,0.00171713451871658,0,0,1.28769461596879,149,52.61,-128.52,"SC","WC",11.1976688341661,0.687156151864174,434.9,44.9103454445051,3.62442123398299,0.749679693802257,1.28769461596879,-1.2374175460395,0.968648113623067,0.769423585112551,0.644101130647843
"Mussel-Kynoch","Chum",1994,279357,98344,0,0,0.11343361329768,0.846604714755671,0.0392280938011219,0.000734806103659475,0,0,1.04401899739692,149,52.61,-128.52,"SC","WC",11.246404951269,0.735892268967064,424.3,26.1281093358687,2.84061051004637,0.351454396891234,1.04401899739692,-0.226092250589184,1.03853665948402,0.693349389214256,0.389079316978438
"Mussel-Kynoch","Chum",1995,218910,191371,0,0,0.453693718468777,0.499966694075191,0.0444472661870175,0.00189129830112832,0,0,0.13444673405788,149,52.61,-128.52,"SC","WC",10.4739667285572,-0.0365459537446728,402,-4.11073275407784,1.14390372626992,-0.510579691321827,0.13444673405788,1.31127225460488,-0.0691548711886785,0.533306505390484,-0.0214982259955307
"Mussel-Kynoch","Chum",1996,163104,109279,0,0,0.281792992937022,0.595793766369924,0.12032042666029,0.00209410968032666,0,0,0.400483789182291,149,52.61,-128.52,"SC","WC",11.2667862068523,0.756273524550395,443.6,29.8031196413841,1.49254660090228,-0.333447115782312,0.400483789182291,-0.0453804049497771,1.06776377892262,0.831861840236624,0.438977943954772
"Mussel-Kynoch","Chum",1997,253622,101673,0,0,0.160902121543084,0.772799734250183,0.0638344990970815,0.00246237178241635,0,0,0.914083188508071,149,52.61,-128.52,"SC","WC",11.3287909572775,0.818278274975559,501.1,79.8710331213849,2.49448722866444,0.175601933679364,0.914083188508071,-0.171077185739291,1.15667980468104,1.24452846893021,1.11879104120582
"Mussel-Kynoch","Chum",1998,274033,267973,0,0,0.300357961559374,0.590050828549846,0.108022947966121,0.00156787998598709,0,0,0.0223623079252524,149,52.61,-128.52,"SC","WC",9.5777269710194,-0.93278571128251,381.8,-46.6131174327623,1.02261421859665,-0.572202413147822,0.0223623079252524,2.57719715626651,-1.35438022602887,0.388334924527695,-0.598587937962725
"Mussel-Kynoch","Chum",1999,384354,131791,0,0,0.17666438715351,0.769196672858875,0.0529861809165509,0.00115193735670762,0,0,1.07034666846581,149,52.61,-128.52,"SC","WC",10.6099581068212,0.0994454245193186,401.8,-33.5617709907838,2.91639034531948,0.389955334017919,1.07034666846581,0.326652980421447,0.125859427066402,0.531871143203724,-0.421379110365746
"Mussel-Kynoch","Chum",2000,348732,127259,0,0,0.356012402647305,0.583246491001686,0.0601792552447151,0.000561744210740626,0,0,1.00807933905524,149,52.61,-128.52,"SC","WC",9.96001044186679,-0.550502240435121,382.9,-59.1918651272497,2.74033270731343,0.300506946764056,1.00807933905524,0.25175713365073,-0.806178246215858,0.396229416554876,-0.769379905020523
"Mussel-Kynoch","Chum",2001,304394,210025,0,0,0.280605367418543,0.688576875036959,0.0305051145357661,0.000314268816665243,0,0,0.371096343635656,149,52.61,-128.52,"SC","WC",10.2466212185946,-0.263891463707277,466.3,17.6774341079921,1.44932269967861,-0.355407584518945,0.371096343635656,1.61954831940209,-0.395172782417836,0.994775448433917,0.274337573190368
"Mussel-Kynoch","Chum",2002,185338,159258,0,0,0.474910941523055,0.500373368818051,0.0244653395364146,0.000249840933969289,0,0,0.15165565645226,149,52.61,-128.52,"SC","WC",11.2913944504478,0.78088176814586,361.3,-93.6727903862989,1.16375943437692,-0.500491738944014,0.15165565645226,0.780572711942032,1.10305248190748,0.241210300384765,-1.23755568801574
"Mussel-Kynoch","Chum",2003,86479,252608,0,0,0.450335441089744,0.523666717584616,0.0253802414574637,0.000620014345679298,0,0,-1.07193727014354,149,52.61,-128.52,"SC","WC",11.7435279000889,1.233015217787,594.5,133.341193044483,0.342344660501647,-0.917822265592987,-1.07193727014354,2.32327511618882,1.75142069851789,1.91484261014726,1.84479922691442
"Mussel-Kynoch","Chum",2004,43536,177076,0,0,0.436822734977949,0.503509647188534,0.0583770593761485,0.00128941030733186,0,0,-1.40299083690743,149,52.61,-128.52,"SC","WC",11.754961122166,1.24444843986411,347.5,-119.692201844423,0.24586053445978,-0.966842288625141,-1.40299083690743,1.07503303801455,1.7678161627644,0.142170309498305,-1.59084256303326
"Mussel-Kynoch","Chum",2005,37618,178261,0,0,0.244708325269818,0.674753193418045,0.0707330363655697,0.00981272387952576,0,0,-1.55576610922169,149,52.61,-128.52,"SC","WC",10.7630988684568,0.252586186154846,550,76.9215300470468,0.211027650467573,-0.984539591234624,-1.55576610922169,1.09461635187671,0.345466276749377,1.5954745235931,1.07874322053684
"Mussel-Kynoch","Chum",2006,54917,121739,0,0,0.194098407779012,0.483906115774715,0.318608103501648,0.00339188421800171,0,0,-0.796056454306183,149,52.61,-128.52,"SC","WC",10.1893921657042,-0.321120516597704,331.7,-147.116423405168,0.451104411897584,-0.862565450434741,-0.796056454306183,0.160533595659918,-0.477240364434428,0.0287766967442425,-1.96320369620403
"Mussel-Kynoch","Chum",2007,194939,60726,0,0,0.0572476031476513,0.896426734516951,0.0452926187525328,0.00103099598028101,0,0,1.16631474667756,149,52.61,-128.52,"SC","WC",9.33476621454412,-1.17574646775779,657.6,173.201478578285,3.21014063168989,0.539199011649727,1.16631474667756,-0.84776744119396,-1.70279070640192,2.36769938007013,2.38601499331278
"Mussel-Kynoch","Chum",2008,171221,31700,0,0,0.428592563529006,0.515014015804136,0.0556387056844663,0.000754214095817686,0,0,1.68663843885325,149,52.61,-128.52,"SC","WC",10.0246757160534,-0.485836966248558,410.3,-79.512118210272,5.40129337539432,1.65244284117618,1.68663843885325,-1.32745121179565,-0.713446977307878,0.592874036141036,-1.04528463571821
"Mussel-Kynoch","Chum",2009,138467,33622,0,0,0.267434801071736,0.687128048271429,0.0442062558443528,0.00122952529700217,0,0,1.41545141547839,149,52.61,-128.52,"SC","WC",10.3786140463569,-0.131898635945016,654.8,159.758485773777,4.11834513116412,1.00062419430428,1.41545141547839,-1.29568823353145,-0.205892483847785,2.34760430945549,2.20348846205625
"Mussel-Kynoch","Chum",2010,109266,38734,0,0,0.36566807149525,0.559493290685117,0.0738545146431644,0.000988028950451193,0,0,1.0370675090362,149,52.61,-128.52,"SC","WC",10.4344050559131,-0.0761076263888586,437.6,-62.470593004989,2.82093251407033,0.341456733487478,1.0370675090362,-1.2112073048704,-0.125887084120048,0.788800974633815,-0.813897880679718
"Mussel-Kynoch","Chum",2011,111442,207553,0,0,0.230366411137632,0.723207810071607,0.0459181263706681,0.000506868161465157,0,0,-0.621882452555184,149,52.61,-128.52,"SC","WC",9.94215267354792,-0.568360008753997,578.3,73.4142570728227,0.536932735253164,-0.818959247421863,-0.621882452555184,1.57869603934534,-0.831786635523796,1.79857827301968,1.03112210078587
"Mussel-Kynoch","Chum",2012,87671,108092,0,0,0.386050546246763,0.582944230133111,0.0305398072110504,0.000463948391828541,0,0,-0.209391544410356,149,52.61,-128.52,"SC","WC",10.873517296531,0.363004614229071,359.3,-150.178710666804,0.811077600562484,-0.679676360558397,-0.209391544410356,-0.0649967708184535,0.503808463880704,0.226856678517162,-2.00478288022248
"Mussel-Kynoch","Chum",2013,50177,119398,0,0,0.427726741136377,0.53292669031628,0.038423708910457,0.000931884444865177,0,0,-0.866905696023167,149,52.61,-128.52,"SC","WC",11.2639792398973,0.753466557595385,552.7,38.850982827287,0.420249920434178,-0.878241478650256,-0.866905696023167,0.121846222030119,1.06373853336702,1.61485191311436,0.561828198107451
"Mussel-Kynoch","Chum",2014,32708,75159,0,0,0.343325689433778,0.588707946985447,0.0677627632077779,0.000216200004494313,0,0,-0.831986173207581,149,52.61,-128.52,"SC","WC",12.1574323610826,1.64691967878069,432.2,-85.8055900084864,0.435184076424646,-0.870653985239155,-0.831986173207581,-0.609247636153853,2.34496779713351,0.750046195591287,-1.13073626048614
"Mussel-Kynoch","Chum",2015,30557,59110,0,0,0,0,0,0,0,0,-0.659806322895974,149,52.61,-128.52,"SC","WC",12.0101987448606,1.49968606255865,512.8,-9.16732517828621,0.51695144645576,-0.829111002713048,-0.659806322895974,-0.874473462460835,2.13383190959687,1.32849715685568,-0.0901557257495473
"Hecate Lowlands","Chum",1954,590819,317836,0,0,0.39608968990503,0.599477189968501,0.00362229673893358,0.000810126009488524,0,0,0.619974183444704,148,53.42,-129.25,"SC","WC",9.31462312936783,-0.987831269714933,260.8,37.9015701708315,1.85888005134724,-0.215612515576793,0.619974183444704,3.17054848480389,-1.45122397444142,-0.498754402443664,0.492049487008545
"Hecate Lowlands","Chum",1955,205993,102379,0,0,0.775346456918439,0.106942528629614,0.116759071424757,0.00095433589053997,0,0,0.69916057418069,148,53.42,-129.25,"SC","WC",10.3922010779381,0.0897466788553156,362,143.462404170714,2.01206302073667,-0.142212218610478,0.69916057418069,-0.228711567702268,0.103774622540761,0.194372560570444,1.87336985516468
"Hecate Lowlands","Chum",1956,267833,96632,0,0,0.0370902686039435,0.924364891928926,0.0368829542364085,0.00166363411118122,0,0,1.01945370265063,148,53.42,-129.25,"SC","WC",10.7684561133385,0.46600171425571,187,-27.3109075478651,2.77168018875735,0.221771623298729,1.01945370265063,-0.319381852361169,0.646729359997467,-1.00421655531364,-0.361290907506186
"Hecate Lowlands","Chum",1957,236011,313302,0,0,0.473038442699705,0.430845909300838,0.0948693060069234,0.00124737179241646,0,0,-0.283289167486725,148,53.42,-129.25,"SC","WC",11.8005733013153,1.49811890223255,240,29.7269399076616,0.753301925937275,-0.745369596589138,-0.283289167486725,3.09901567279007,2.136125817446,-0.641215280217315,0.385080047143427
"Hecate Lowlands","Chum",1958,292014,219751,0,0,0.157026047278555,0.789257519844939,0.0506594600601341,0.00305643899059634,0,0,0.284306659143783,148,53.42,-129.25,"SC","WC",10.4824309229851,0.179976523902318,125.1,-81.3866324102306,1.3288403693271,-0.46959029273621,0.284306659143783,1.62306373262566,0.233980778522489,-1.42817464830349,-1.06890089261937
"Hecate Lowlands","Chum",1959,301273,20270,0,0,0.344971599844659,0.505438652982511,0.148865910685657,0.000724610991359996,0,0,2.69887486997427,148,53.42,-129.25,"SC","WC",10.2245904445648,-0.0778639545179353,182.1,-20.9204295127874,14.8629995066601,6.01553859482335,2.69887486997427,-1.52414334133333,-0.138095861242352,-1.03777705055839,-0.277668060493466
"Hecate Lowlands","Chum",1960,541566,174546,0,0,0.12679391894986,0.852449210253229,0.0202558188475643,0.000500891549321782,0,0,1.13227662545177,148,53.42,-129.25,"SC","WC",10.712221288681,0.409766889598268,162.9,-37.047339703769,3.10271217902444,0.38039138689126,1.13227662545177,0.909865504331652,0.565579709932815,-1.16927939927253,-0.488697366327223
"Hecate Lowlands","Chum",1961,334951,90171,0,0,0.621526683007365,0.337119869473445,0.0406958274493881,0.000657683891673707,0,0,1.3122763848567,148,53.42,-129.25,"SC","WC",10.3534855008125,0.0510311017297764,224.2,26.8582160885894,3.7146199997782,0.673597713536819,1.3122763848567,-0.421316898329703,0.0479061183722716,-0.749430754679992,0.347541250870715
"Hecate Lowlands","Chum",1962,202827,196452,0,0,0.251050456152287,0.691782908587121,0.0545768898125003,0.00259013418331879,0,0,0.0319352722896744,148,53.42,-129.25,"SC","WC",11.078437769413,0.775983370330236,146.2,-49.0768726509801,1.03245067497404,-0.611610594797086,0.0319352722896744,1.25547595425994,1.09404831351323,-1.28365904633118,-0.646110284071
"Hecate Lowlands","Chum",1963,203772,120056,0,0,0.310507604086921,0.559183663604421,0.129550647684667,0.000760238823783444,0,0,0.529043421158476,148,53.42,-129.25,"SC","WC",9.59275578260422,-0.709698616478537,205.1,11.278580937552,1.69730792296928,-0.293032624690039,0.529043421158476,0.050178048082559,-1.04986471673633,-0.880248195327912,0.143673333698015
"Hecate Lowlands","Chum",1964,331445,316082,0,0,0.155027471707221,0.819855015764305,0.023486545656142,0.00163070491966993,0,0,0.0474602097469201,148,53.42,-129.25,"SC","WC",9.16929479837417,-1.13315960070859,161.1,-31.9369804200911,1.04860447605368,-0.603870218689308,0.0474602097469201,3.14287566780516,-1.66093998718717,-1.18160774446448,-0.421825562650986
"Hecate Lowlands","Chum",1965,230112,92299,0,0,0.532513247027534,0.348221662451328,0.118027620680364,0.00123649607669309,0,0,0.913532839706154,148,53.42,-129.25,"SC","WC",9.91979565620423,-0.382658742878534,175.2,-17.7751125688447,2.49311476830735,0.0882921335938771,0.913532839706154,-0.387743492073544,-0.577929906563218,-1.08503570712754,-0.236509894208237
"Hecate Lowlands","Chum",1966,330476,106039,0,0,0.109339297528414,0.845955322625546,0.0432641475023905,0.00144014089706968,0,0,1.13672708843565,148,53.42,-129.25,"SC","WC",10.180609691143,-0.121844707939717,172,-21.6750197658039,3.11655145748262,0.387022719033985,1.13672708843565,-0.170967833257935,-0.201562276786426,-1.10695276524656,-0.287542280377945
"Hecate Lowlands","Chum",1967,297719,102779,0,0,0.423449821475956,0.494340232568294,0.0803293815980841,0.00188141476190636,0,0,1.063569036628,148,53.42,-129.25,"SC","WC",10.1099140405655,-0.192540358517273,220.8,25.6382346910747,2.89669095826969,0.281672718327545,1.063569036628,-0.222400777052614,-0.303579618183122,-0.772717628931454,0.331577137199914
"Hecate Lowlands","Chum",1968,340849,162700,0,0,0.194711515979217,0.72224307127203,0.0825781483882892,0.000466718880501336,0,0,0.739531549737633,148,53.42,-129.25,"SC","WC",9.65279301404954,-0.649661385033223,132.2,-65.2451763112484,2.09495390288875,-0.102493603740868,0.739531549737633,0.722971439242154,-0.963228004479901,-1.37954617560191,-0.857681245744975
"Hecate Lowlands","Chum",1969,408916,57994,0,0,0.271476635054632,0.708528777548445,0.0195487663701102,0.000444839880806816,0,0,1.95317019905713,148,53.42,-129.25,"SC","WC",9.86129424571991,-0.441160153362849,202.8,2.28046936379511,7.0510052764079,2.27228502893981,1.95317019905713,-0.928972675164481,-0.662350352754873,-0.89600108085096,0.0259281973552526
"Hecate Lowlands","Chum",1970,222159,134960,0,0,0.588096831098447,0.370385504436012,0.0411443280218222,0.000374633971254822,0,0,0.498414903490348,148,53.42,-129.25,"SC","WC",9.03789436817169,-1.26456003091107,126.2,-78.1640583855578,1.64610995850622,-0.317565024150878,0.498414903490348,0.285318107688661,-1.85055734607877,-1.42064065957508,-1.02673177582198
"Hecate Lowlands","Chum",1971,135656,103593,0,0,0.273526897446482,0.693584392286371,0.0308296168101669,0.00205841846729964,0,0,0.269652509629802,148,53.42,-129.25,"SC","WC",9.71841275691986,-0.5840416421629,158.6,-50.3442287528231,1.30950932978097,-0.4788530981839,0.269652509629802,-0.209558318080569,-0.868535450467385,-1.19873044611997,-0.662694321264043
"Hecate Lowlands","Chum",1972,99852,125555,0,0,0.424915627528743,0.43113650733085,0.140524476024516,0.00342283265332692,0,0,-0.229054819875323,148,53.42,-129.25,"SC","WC",9.78045805692672,-0.521996342156035,133.9,-80.3137308338856,0.795284934889092,-0.725252704111564,-0.229054819875323,0.136935642538675,-0.779000995360888,-1.36790273847618,-1.05486139762605
"Hecate Lowlands","Chum",1973,181247,183181,0,0,0.107107995939243,0.796897288782711,0.0947562082682748,0.00124108581935149,0,0,-0.0106139931975323,148,53.42,-129.25,"SC","WC",9.70574564933777,-0.596708749744991,228.3,8.18300003622602,0.989442136466118,-0.632218887684678,-0.0106139931975323,1.04609969748105,-0.88681471698737,-0.721349523964994,0.103165990318353
"Hecate Lowlands","Chum",1974,253462,60537,0,0,0.2569694362074,0.697477297977606,0.0445959940346087,0.000956346456668061,0,0,1.43195916206238,148,53.42,-129.25,"SC","WC",9.28033638000489,-1.02211801907787,199,-27.5920951201788,4.18689396567389,0.899896038242048,1.43195916206238,-0.888851823609307,-1.50070145978268,-0.9220275873673,-0.364970398338076
"Hecate Lowlands","Chum",1975,208489,89828,0,0,0.382367472768348,0.558071691552072,0.0584226201382327,0.00113706129819799,0,0,0.841989551337055,148,53.42,-129.25,"SC","WC",9.25926945209503,-1.04318494698773,279.1,45.5262969845521,2.32098009529323,0.00581079661630103,0.841989551337055,-0.426728401311781,-1.53110208498666,-0.3734162263255,0.591823144058565
"Hecate Lowlands","Chum",1976,190077,44475,0,0,0.276035363300136,0.659627937099176,0.0626719952440327,0.00166632391031003,0,0,1.45250201966955,148,53.42,-129.25,"SC","WC",9.94446067810058,-0.357993720982174,234.1,-6.89603449935734,4.27379426644182,0.941535836114176,1.45250201966955,-1.14226162214616,-0.542337052705858,-0.681624856124264,-0.0941512981766795
"Hecate Lowlands","Chum",1977,195318,108475,0,0,0.289472621673374,0.627805700447475,0.081485961150534,0.00123811464739553,0,0,0.588109267849821,148,53.42,-129.25,"SC","WC",10.4396559715271,0.137201572444339,319.9,71.1046092155224,1.80058077898133,-0.243547630829053,0.588109267849821,-0.132535118201544,0.172254395209438,-0.0939737353079549,0.926529136128842
"Hecate Lowlands","Chum",1978,231551,111804,0,0,0.238804230212783,0.707526699949471,0.0524798440084474,0.00118813221493321,0,0,0.728052813382805,148,53.42,-129.25,"SC","WC",10.2515464544296,-0.0509079446531355,244.5,-12.4122105457951,2.0710439698043,-0.113950466052904,0.728052813382805,-0.0800135630197996,-0.0991969977535276,-0.610394417237439,-0.166333432767317
"Hecate Lowlands","Chum",1979,213273,91316,0,0,0.346397516328837,0.586499642242572,0.0648203871094794,0.00228112601735803,0,0,0.848247016499245,148,53.42,-129.25,"SC","WC",10.1447364211082,-0.157717977974513,297.9,32.6075384498225,2.33554908230759,0.012791781366858,0.848247016499245,-0.403252260095069,-0.253329190397905,-0.244653509876239,0.422774230563501
"Hecate Lowlands","Chum",1980,223681,60249,0,0,0.252171317143611,0.636184137231146,0.109292944416379,0.00235129347642401,0,0,1.31173495498519,148,53.42,-129.25,"SC","WC",10.44261739254,0.140162993457226,223.2,-50.6883073338683,3.71260933791432,0.672634269764344,1.31173495498519,-0.893395592877058,0.17652787308287,-0.756279835342187,-0.667196774818403
"Hecate Lowlands","Chum",1981,342517,82515,0,0,0.187348816204743,0.734688976605541,0.07715958253167,0.000803883005807011,0,0,1.42334119651147,148,53.42,-129.25,"SC","WC",9.57161883115768,-0.730835567925077,431,148.341946054577,4.15096649094104,0.882680760818249,1.42334119651147,-0.542105431364077,-1.08036638938791,0.666959126261882,1.93722128884564
"Hecate Lowlands","Chum",1982,399746,111993,0,0,0.283872081021449,0.68053788530717,0.034612017806307,0.000977945659493779,0,0,1.2723929760682,148,53.42,-129.25,"SC","WC",11.1580826401711,0.855628241088294,308.8,17.2345438819623,3.56938380077326,0.604005250486183,1.2723929760682,-0.0770317144378381,1.20897982491797,-0.169998530658316,0.221610316718689
"Hecate Lowlands","Chum",1983,285032,86066,0,0,0.430391778817817,0.499668369516405,0.068919369579556,0.00102112512419658,0,0,1.19748701088635,148,53.42,-129.25,"SC","WC",9.98282998800278,-0.319624411079981,326.3,25.7214716941774,3.31178397973648,0.480571794156586,1.19748701088635,-0.486081387371775,-0.486968229369924,-0.0501396190699082,0.332666338217122
"Hecate Lowlands","Chum",1984,281523,95607,0,0,0.22813018346636,0.718266262436817,0.0519511022545227,0.0016523850381674,0,0,1.07996811025894,148,53.42,-129.25,"SC","WC",9.73493877649308,-0.567515622589683,261.8,-47.8680562837991,2.94458564749443,0.304622295726507,1.07996811025894,-0.335553253400907,-0.844687581935787,-0.49190532178147,-0.630292270835622
"Hecate Lowlands","Chum",1985,265350,177644,0,0,0.343638180327869,0.567353828151498,0.0880931439608065,0.000915577960429621,0,0,0.401268161652492,148,53.42,-129.25,"SC","WC",10.1342688798904,-0.168185519192319,270.3,-48.5060334477533,1.4937177726239,-0.390586403379212,0.401268161652492,0.958742577913221,-0.268434373210098,-0.433688136152814,-0.638640545641688
"Hecate Lowlands","Chum",1986,320892,165520,0,0,0.211560870074667,0.749836790259651,0.0380444752128442,0.000557492800693068,0,0,0.66201258448307,148,53.42,-129.25,"SC","WC",10.1647052168846,-0.137749182198146,212.2,-115.764248823289,1.93869018849686,-0.177370093517383,0.66201258448307,0.767462513322213,-0.224513224502469,-0.831619722626329,-1.51875051923438
"Hecate Lowlands","Chum",1987,243375,93612,0,0,0.445831575552131,0.516343788392399,0.036936713865434,0.000889213163225475,0,0,0.955444883298187,148,53.42,-129.25,"SC","WC",10.1802928209305,-0.12216157815227,364.4,27.286769793309,2.59982694526343,0.13942513819431,0.955444883298187,-0.367028321766056,-0.202019536269695,0.210810354159712,0.353149106916818
"Hecate Lowlands","Chum",1988,160345,137354,0,0,0.353411479622065,0.577089577660669,0.0678207349777043,0.00167935647198229,0,0,0.154766209066655,148,53.42,-129.25,"SC","WC",10.5211482048035,0.218693805720706,303,-43.2216979870615,1.16738500516913,-0.546954452232762,0.154766209066655,0.323088189726839,0.28985174264758,-0.209723198499046,-0.56949216998532
"Hecate Lowlands","Chum",1989,167569,123090,0,0,0.249015355167125,0.668018775549177,0.0807496600206482,0.00221571674474396,0,0,0.308479411617314,148,53.42,-129.25,"SC","WC",10.7119672656059,0.409512866523172,486,130.743381846267,1.36135348119262,-0.454011066953212,0.308479411617314,0.0980453951601833,0.56521314199599,1.04365856268259,1.70693459755946
"Hecate Lowlands","Chum",1990,208765,167413,0,0,0.24179416166503,0.667177088592437,0.0893688756257035,0.0016613953804517,0,0,0.220745404093261,148,53.42,-129.25,"SC","WC",10.1680235028267,-0.134430896256067,277.2,-86.9838643363977,1.24700590754601,-0.508802705321972,0.220745404093261,0.7973283300717,-0.219724772779635,-0.386429479583671,-1.14214368705312
"Hecate Lowlands","Chum",1991,272502,87061,0,0,0.230489036594227,0.70475590417685,0.0639583218838761,0.000797962765410896,0,0,1.14103693113646,148,53.42,-129.25,"SC","WC",11.0620073676109,0.759552968528179,398.6,25.6305823493315,3.13001229023328,0.393472712301843,1.14103693113646,-0.470383295630761,1.07033842618308,0.445048912806772,0.331477002186639
"Hecate Lowlands","Chum",1992,277419,48539,0,0,0.31217158406598,0.646688273333838,0.0393869348891028,0.00175347691722629,0,0,1.74316140016535,148,53.42,-129.25,"SC","WC",11.0569923877716,0.754537988688844,453.7,72.1190405954069,5.71538350604668,1.63229851496936,1.74316140016535,-1.07814398914567,1.06310156074387,0.822433257293703,0.939803517109318
"Hecate Lowlands","Chum",1993,217927,72527,0,0,0.371228491375552,0.516109412785015,0.112166012472066,0.000496053724871173,0,0,1.10020123799991,148,53.42,-129.25,"SC","WC",10.9708990335464,0.668444634463685,434.9,44.9103454445051,3.00477063714203,0.333460985371029,1.10020123799991,-0.699685873885933,0.93886456683801,0.693670540844442,0.58376308640437
"Hecate Lowlands","Chum",1994,307886,71838,0,0,0.164734298863865,0.817234727139266,0.0176435462508851,0.000388975164508942,0,0,1.45531600062572,148,53.42,-129.25,"SC","WC",10.9974391937256,0.694984794642827,424.3,26.1281093358687,4.28583757899719,0.947306599806416,1.45531600062572,-0.710556210779962,0.97716333853894,0.621070285825177,0.337987410774467
"Hecate Lowlands","Chum",1995,175576,123601,0,0,0.646238394769217,0.318474822470041,0.0342754156547592,0.00101307688750171,0,0,0.351013361994809,148,53.42,-129.25,"SC","WC",10.2458739042282,-0.0565804948545491,402,-4.11073275407784,1.42050630658328,-0.425666956851569,0.351013361994809,0.106107430215116,-0.107382769944034,0.468335787058234,-0.0577041246708347
"Hecate Lowlands","Chum",1996,96353,125002,0,0,0.261695446950277,0.642905398897803,0.0927637683829253,0.00263299886147811,0,0,-0.26031120631708,148,53.42,-129.25,"SC","WC",11.0218431472778,0.719388748195073,443.6,29.8031196413841,0.770811667013328,-0.736979498134276,-0.26031120631708,0.128210974465529,1.01237945778573,0.753257542605536,0.386076899989735
"Hecate Lowlands","Chum",1997,132923,104523,0,0,0.21015190568976,0.692162271089277,0.0959073395875808,0.00178094267433025,0,0,0.240362870317451,148,53.42,-129.25,"SC","WC",11.0878338217735,0.785379422690771,501.1,79.8710331213849,1.27171053261005,-0.496965052459062,0.240362870317451,-0.194885729820123,1.10760728459016,1.14707968068173,1.04124251454978
"Hecate Lowlands","Chum",1998,184892,275999,0,0,0.22439392239794,0.709738380784458,0.0643380688185535,0.00153148428487982,0,0,-0.40062537169574,148,53.42,-129.25,"SC","WC",9.38312911987305,-0.919325279209706,381.8,-46.6131174327623,0.669900977902094,-0.785332618441073,-0.40062537169574,2.51048711377998,-1.35236642148032,0.3299843576819,-0.613870720057334
"Hecate Lowlands","Chum",1999,196000,67194,0,0,0.3019127775,0.624733080612245,0.0725956603061225,0.000757357614795918,0,0,1.07053070140191,148,53.42,-129.25,"SC","WC",10.3792500376701,0.0767956385873697,401.8,-33.5617709907838,2.9169271065869,0.291369222461511,1.07053070140191,-0.783824490222443,0.0850856270274096,0.466965970925796,-0.443086822383817
"Hecate Lowlands","Chum",2000,209327,54349,0,0,0.263782802552944,0.699690399709545,0.0356342714795511,0.000891474730923388,0,0,1.34847140843141,148,53.42,-129.25,"SC","WC",9.75082193613053,-0.551632462952232,382.9,-59.1918651272497,3.85153360687409,0.739202261220046,1.34847140843141,-0.986479754959452,-0.82176739227837,0.337518346410314,-0.778470408577337
"Hecate Lowlands","Chum",2001,152289,88559,0,0,0.433694368076486,0.504183968178923,0.061574631017342,0.000545045921832831,0,0,0.542111034865665,148,53.42,-129.25,"SC","WC",10.0139611959457,-0.288493203137021,466.3,17.6774341079921,1.71963323885771,-0.28233505940188,0.542111034865665,-0.446749384647808,-0.442044347308405,0.908731673637357,0.227405773867815
"Hecate Lowlands","Chum",2002,135421,118472,0,0,0.255677613294836,0.712768945436823,0.0308000682612003,0.000756343511715318,0,0,0.133711798728646,148,53.42,-129.25,"SC","WC",11.0996963024139,0.79724190333118,361.3,-93.6727903862989,1.1430633398609,-0.558608603235677,0.133711798728646,0.0251873171099298,1.12472543439736,0.189578204106908,-1.22967188708448
"Hecate Lowlands","Chum",2003,91791,128379,0,0,0.474193763658746,0.467737324901134,0.0560713570502555,0.00200076462725104,0,0,-0.335472572873402,148,53.42,-129.25,"SC","WC",11.5168107271194,1.21435632803668,594.5,133.341193044483,0.71500011684154,-0.76372257781923,-0.335472572873402,0.181489824525231,1.72664230366763,1.78678381453072,1.74092835627422
"Hecate Lowlands","Chum",2004,81692,144563,0,0,0.236997493634628,0.64852403013759,0.112967271483132,0.00151028047299613,0,0,-0.570759320842395,148,53.42,-129.25,"SC","WC",11.5886496305466,1.28619523146381,347.5,-119.692201844423,0.565096186437747,-0.835551665947709,-0.570759320842395,0.436824414210225,1.83030941581125,0.0950608909686204,-1.57014990011896
"Hecate Lowlands","Chum",2005,125241,84577,0,0,0.190756887680552,0.758490375915235,0.0495024479044402,0.00124637068212486,0,0,0.392577519058577,148,53.42,-129.25,"SC","WC",10.5770322442055,0.274577845122721,550,76.9215300470468,1.48079265048417,-0.39677970154521,0.392577519058577,-0.509573305565112,0.37049519213458,1.48199972506306,1.00264667821406
"Hecate Lowlands","Chum",2006,114613,112007,0,0,0.373752300088123,0.556805805711394,0.0684377837330844,0.00100087121792467,0,0,0.022999866550355,148,53.42,-129.25,"SC","WC",9.98146728277207,-0.320987116310693,331.7,-147.116423405168,1.02326640299267,-0.616011399230757,0.022999866550355,-0.0768108367651002,-0.488934680822154,-0.0131545834940567,-1.92901060997964
"Hecate Lowlands","Chum",2007,115414,57780,0,0,0.249344788413884,0.699577378394302,0.0499447281785572,0.0011339286343078,0,0,0.691882968835291,148,53.42,-129.25,"SC","WC",9.18080013990402,-1.12165425917874,657.6,173.201478578285,1.99747317410869,-0.149203198609466,0.691882968835291,-0.932348948162046,-1.64433720688673,2.21896080431521,2.26252166131027
"Hecate Lowlands","Chum",2008,102413,74906,0,0,0.355516953414117,0.579371985587767,0.064213330114341,0.000900766018376573,0,0,0.312779663548668,148,53.42,-129.25,"SC","WC",9.84924989938736,-0.453204499695399,410.3,-79.512118210272,1.36722024937922,-0.451199902442919,0.312779663548668,-0.662152446497117,-0.679730943804952,0.525183156554451,-1.04437186469597
"Hecate Lowlands","Chum",2009,99292,123418,0,0,0.269475616766708,0.681758334609032,0.0466862390625629,0.00207712704548201,0,0,-0.217511964074538,148,53.42,-129.25,"SC","WC",10.1923839330673,-0.110070466015438,654.8,159.758485773777,0.804517979549174,-0.720828529396487,-0.217511964074538,0.103220243492899,-0.184571459837104,2.19978337846107,2.08661286004157
"Hecate Lowlands","Chum",2010,88677,88513,0,0,0.344234881423593,0.538092066826798,0.116869824757265,0.000799663943976454,0,0,0.00185112079497554,148,53.42,-129.25,"SC","WC",10.2943614840507,-0.00809291503201193,437.6,-62.470593004989,1.00185283517675,-0.626272084495323,0.00185112079497554,-0.447475125572518,-0.0374127796568842,0.712163058632368,-0.82137432878668
"Hecate Lowlands","Chum",2011,131867,114151,0,0,0.16317461942715,0.808987278849143,0.0270220595600112,0.000812414440307279,0,0,0.144271705542706,148,53.42,-129.25,"SC","WC",9.72156999111176,-0.580884407971005,578.3,73.4142570728227,1.15519793957127,-0.552794097707687,0.144271705542706,-0.0429849988829557,-0.863979404433541,1.67582870780317,0.956752122322383
"Hecate Lowlands","Chum",2012,90266,74894,0,0,0.532935651186493,0.406344895309419,0.0596383512729045,0.00107578702656593,0,0,0.186687086312992,148,53.42,-129.25,"SC","WC",10.6395650148392,0.33711061575641,359.3,-150.178710666804,1.20525008678933,-0.528810736605271,0.186687086312992,-0.662341770216607,0.460733091610728,0.175880042782519,-1.96908228815194
"Hecate Lowlands","Chum",2013,76871,83848,0,0,0.215167972967699,0.7208613302806,0.0634781170402362,0.000497141780385321,0,0,-0.0868769436152581,148,53.42,-129.25,"SC","WC",11.0611628770828,0.75870847800007,552.7,38.850982827287,0.916789905543364,-0.667031473876542,-0.0868769436152581,-0.521074721524106,1.06911978433158,1.50049224285098,0.504473062973742
"Hecate Lowlands","Chum",2014,77156,61668,0,0,0.323866261729483,0.651000459847582,0.0248890978796205,0.00025029256078594,0,0,0.224064188563901,148,53.42,-129.25,"SC","WC",11.9152491569519,1.61279475786915,432.2,-85.8055900084864,1.25115132645781,-0.506816355400773,0.224064188563901,-0.871008063047411,2.30160878307205,0.675178023056516,-1.12672533285159
"Hecate Lowlands","Chum",2015,43448,92145,0,0,0.521317570889339,0.454960302200331,0.0223348953737801,0.00138134175174922,0,0,-0.751798602551456,148,53.42,-129.25,"SC","WC",11.8093366146088,1.50688221552601,512.8,-9.16732517828621,0.471517716642249,-0.880391425223954,-0.751798602551456,-0.390173146473661,2.14877171456585,1.22721392442941,-0.12387236003198
"Hecate Lowlands","Chum",2016,21919,40571,0,0,0,0,0,0,0,0,-0.615699685068603,148,53.42,-129.25,"SC","WC",10.8342504262924,0.531796027209659,701.3,175.537619931456,0.540262749254394,-0.847451041388842,-0.615699685068603,-1.20385493888678,0.741673827326763,2.51826562925312,2.29309132916672
"Douglas-Gardner","Chum",1954,325813,123741,0,0,0.11864686657684,0.860378886355056,0.0204447705002563,0.000530881155448064,0,0,0.968132925620807,150,53.96,-128.68,"SC","WC",9.22348873955863,-0.942003811642152,260.8,37.9015701708315,2.63302381587348,-0.0764459097768931,0.968132925620807,-0.51519033895282,-1.37215542267873,-0.48005919846228,0.548937244327
"Douglas-Gardner","Chum",1955,144193,71314,0,0,0.564946120546767,0.307877360898241,0.126353526800885,0.000820503580617644,0,0,0.704060018401623,150,53.96,-128.68,"SC","WC",10.3053053447178,0.139812793517057,362,143.462404170714,2.02194520010096,-0.281020930585173,0.704060018401623,-0.754173459963084,0.188520422445056,0.246234068038426,1.98222320577472
"Douglas-Gardner","Chum",1956,147161,49971,0,0,0.0876641967640883,0.825106674322681,0.084683296525574,0.00254898655893885,0,0,1.08008438837522,150,53.96,-128.68,"SC","WC",10.6172665868487,0.451774035647888,187,-27.3109075478651,2.9449280582738,0.0279724338409268,1.08008438837522,-0.851463344025152,0.638569324344421,-1.00970784537683,-0.336506014159704
"Douglas-Gardner","Chum",1957,158164,93125,0,0,0.223094182620571,0.525114645051971,0.249814972370451,0.00197459360284262,0,0,0.529689792687544,150,53.96,-128.68,"SC","WC",11.6664497852325,1.50095723403177,240,29.7269399076616,1.69840536912752,-0.389334600782952,0.529689792687544,-0.654750245734635,2.15216679273091,-0.62933686588535,0.4379435892727
"Douglas-Gardner","Chum",1958,320646,189723,0,0,0.0752712276466883,0.821242773962563,0.102594804176569,0.0008897263602228,0,0,0.524772597195134,150,53.96,-128.68,"SC","WC",10.3715547834124,0.206062232211611,125.1,-81.3866324102306,1.69007447700068,-0.39212359124377,0.524772597195134,-0.21441813587999,0.284094753834047,-1.45395244217914,-1.07073645137304
"Douglas-Gardner","Chum",1959,326098,37175,0,0,0.234661751528682,0.672317386184521,0.0921509839986752,0.000870862481523959,0,0,2.17156145734224,150,53.96,-128.68,"SC","WC",10.1417274304799,-0.0237651207209088,182.1,-20.9204295127874,8.77197041022192,1.97873176272617,2.17156145734224,-0.909792602164038,-0.0474642151815344,-1.04487421895245,-0.249737256207042
"Douglas-Gardner","Chum",1960,294727,110888,0,0,0.21617009300132,0.679515665005242,0.101494759862517,0.00281856312078635,0,0,0.977528821231051,150,53.96,-128.68,"SC","WC",10.6134588548115,0.447966303610755,162.9,-37.047339703769,2.65788002308636,-0.0681246251229351,0.977528821231051,-0.573779425765815,0.63307612393807,-1.18266898888144,-0.468705533572944
"Douglas-Gardner","Chum",1961,345535,58179,0,0,0.168430371742371,0.576956118772339,0.253233683331645,0.0013800357714848,0,0,1.78156947565497,150,53.96,-128.68,"SC","WC",10.2379106283188,0.0724180771180118,224.2,26.8582160885894,5.93917049107066,1.03037571254195,1.78156947565497,-0.814048014953257,0.0912938634595993,-0.742730478639413,0.398992574759577
"Douglas-Gardner","Chum",1962,692354,240921,0,0,0.0836757623267866,0.842280206946158,0.0725470923111587,0.0014963183183747,0,0,1.0556283065864,150,53.96,-128.68,"SC","WC",10.9532864774976,0.787793926296871,146.2,-49.0768726509801,2.87378020180889,0.00415377313002541,1.0556283065864,0.0189627142446314,1.12332628251648,-1.30252173147592,-0.63204036186759
"Douglas-Gardner","Chum",1963,613459,181838,0,0,0.276243656381274,0.545674875582557,0.177882196691221,0.000198733323987422,0,0,1.21599725144827,150,53.96,-128.68,"SC","WC",9.4363889013018,-0.72910364989898,205.1,11.278580937552,3.37365677141192,0.171500914706616,1.21599725144827,-0.250361102465259,-1.06501635837622,-0.87980756747502,0.187455099160585
"Douglas-Gardner","Chum",1964,837619,183243,0,0,0.11613577856997,0.868245998479022,0.0153311787340068,0.000287263762880259,0,0,1.51975020230199,150,53.96,-128.68,"SC","WC",8.95532059669494,-1.21017195450584,161.1,-31.9369804200911,4.57108320645263,0.572371656280775,1.51975020230199,-0.243956553568328,-1.75902648844266,-1.19558724856228,-0.3993179971003
"Douglas-Gardner","Chum",1965,322383,152694,0,0,0.655556659315162,0.265473526364604,0.0786178314923554,0.000353254767776216,0,0,0.747304360991924,150,53.96,-128.68,"SC","WC",9.72887986046928,-0.436612690731502,175.2,-17.7751125688447,2.11130103343943,-0.25110665933965,0.747304360991924,-0.383211047698119,-0.64305613636374,-1.09439421439568,-0.207030710140329
"Douglas-Gardner","Chum",1966,206531,574084,0,0,0.120420703090577,0.817860491645322,0.0580818906120631,0.00363807184442045,0,0,-1.02232520487669,150,53.96,-128.68,"SC","WC",10.0359945637839,-0.129497987416852,172,-21.6750197658039,0.359757457096871,-0.837483034372675,-1.02232520487669,1.53765219762424,-0.19999906286375,-1.11736000938385,-0.259982946538506
"Douglas-Gardner","Chum",1967,208644,415676,0,0,0.23526191742873,0.383169891873239,0.37932934999329,0.00224042972191867,0,0,-0.689276660315523,150,53.96,-128.68,"SC","WC",10.0068004301616,-0.15869212103917,220.8,25.6382346910747,0.501939010190629,-0.789883931029911,-0.689276660315523,0.815565520282526,-0.242115794060497,-0.767131635814337,0.382427887422158
"Douglas-Gardner","Chum",1968,600443,721249,0,0,0.0386917653965489,0.878459704751325,0.0820032882221959,0.000844807710307223,0,0,-0.183316715224032,150,53.96,-128.68,"SC","WC",9.49053995949882,-0.674952591701957,132.2,-65.2451763112484,0.832504447146547,-0.679218250054864,-0.183316715224032,2.20848880859713,-0.986895678666793,-1.40299708454915,-0.851570672292307
"Douglas-Gardner","Chum",1969,534947,77807,0,0,0.286533846717525,0.613427979968109,0.0998814242719372,0.000156950512256354,0,0,1.92793627513818,150,53.96,-128.68,"SC","WC",9.72710696288518,-0.438385588315603,202.8,2.28046936379511,6.87530684899816,1.34377256518799,1.92793627513818,-0.724575783103457,-0.645613795787887,-0.896314232622763,0.0652803634227039
"Douglas-Gardner","Chum",1970,460384,77488,0,0,0.207131986884861,0.773475470259609,0.0192096344182248,0.000182375022872211,0,0,1.78193783819375,150,53.96,-128.68,"SC","WC",8.89031313146863,-1.27517941973214,126.2,-78.1640583855578,5.94135866198637,1.03110826167566,1.78193783819375,-0.726029911998917,-1.85280909470658,-1.44605795015195,-1.02698092260093
"Douglas-Gardner","Chum",1971,171385,71556,0,0,0.603791526096216,0.343904451323045,0.0516034336727252,0.000700658064007935,0,0,0.873432127819321,150,53.96,-128.68,"SC","WC",9.55662594522749,-0.60886660597329,158.6,-50.3442287528231,2.39511711107384,-0.15609158519181,0.873432127819321,-0.753070327697562,-0.891557151659484,-1.21352927589679,-0.649248294394238
"Douglas-Gardner","Chum",1972,89150,344398,0,0,0.192124306898486,0.661152045541223,0.141880729893438,0.00484750580931015,0,0,-1.35147762102664,150,53.96,-128.68,"SC","WC",9.62368149416787,-0.541811057032906,133.9,-80.3137308338856,0.258857484654382,-0.871262017025966,-1.35147762102664,0.490652042506388,-0.794819890451174,-1.39079650596168,-1.05616878731506
"Douglas-Gardner","Chum",1973,147126,346966,0,0,0.116419658523986,0.572963053301252,0.309396991150442,0.00122360977053682,0,0,-0.857937429938588,150,53.96,-128.68,"SC","WC",9.58310263497489,-0.58238991622589,228.3,8.18300003622602,0.424035784486088,-0.815964133491899,-0.857937429938588,0.502358008034729,-0.853360723586056,-0.713305553810826,0.145423860108408
"Douglas-Gardner","Chum",1974,347115,352373,0,0,0.0705725352981001,0.873983867882402,0.0546291961741786,0.000815165166875531,0,0,-0.0150341365008744,150,53.96,-128.68,"SC","WC",9.10989500795092,-1.05559754324985,199,-27.5920951201788,0.985078311902444,-0.628140040555128,-0.0150341365008744,0.527005264892885,-1.53603069713111,-0.923586114171209,-0.340323928291864
"Douglas-Gardner","Chum",1975,244481,75671,0,0,0.360599184231085,0.516921222508089,0.121910106143218,0.000568997356849817,0,0,1.17274260038796,150,53.96,-128.68,"SC","WC",9.14584732055664,-1.01964523064414,279.1,45.5262969845521,3.23084140555827,0.123689625476152,1.17274260038796,-0.734312520785909,-1.48416432200572,-0.348723558373713,0.652464409544279
"Douglas-Gardner","Chum",1976,250221,75023,0,0,0.146770500717366,0.793838854452664,0.0585595100730954,0.000831762511939446,0,0,1.204549794174,150,53.96,-128.68,"SC","WC",9.82762556416648,-0.337866987034301,234.1,-6.89603449935734,3.33525718779574,0.158645620126593,1.204549794174,-0.737266362554743,-0.50060127494359,-0.671680050394778,-0.0593165506395873
"Douglas-Gardner","Chum",1977,177351,83805,0,0,0.325473414979335,0.550628685600871,0.123610477527615,0.000287900783982047,0,0,0.749638148192316,150,53.96,-128.68,"SC","WC",10.2713738850185,0.105881333817707,319.9,71.1046092155224,2.11623411490961,-0.249455177487129,0.749638148192316,-0.697234513150578,0.139569417912477,-0.0559096722746146,0.999762118827412
"Douglas-Gardner","Chum",1978,179993,262421,0,0,0.157663046451806,0.811716912324368,0.0298804202607879,0.000742350448072981,0,0,-0.377032123110341,150,53.96,-128.68,"SC","WC",10.078074165753,-0.0874183854478264,244.5,-12.4122105457951,0.685894040492186,-0.728300031380348,-0.377032123110341,0.116968266759951,-0.139293192707675,-0.597041216683243,-0.134214193909839
"Douglas-Gardner","Chum",1979,92686,108287,0,0,0.458077673974495,0.386722518395443,0.151850518201239,0.00334799052931403,0,0,-0.155567673512299,150,53.96,-128.68,"SC","WC",9.98977502754757,-0.175717523653211,297.9,32.6075384498225,0.855929151236991,-0.67137619961644,-0.155567673512299,-0.585635818421273,-0.266677382860783,-0.213799512818246,0.477055836633786
"Douglas-Gardner","Chum",1980,137325,118494,0,0,0.0758502556708538,0.68304936959767,0.238020619406517,0.0030791144540324,0,0,0.14748805284678,150,53.96,-128.68,"SC","WC",10.3334658656802,0.16797331447938,223.2,-50.6883073338683,1.15891943895893,-0.569942042348371,0.14748805284678,-0.539108252164349,0.229146018911595,-0.749907289573214,-0.653920131297757
"Douglas-Gardner","Chum",1981,289800,80864,0,0,0.0940581379227053,0.751687090752243,0.153689036128364,0.000566970884057971,0,0,1.2764222986808,150,53.96,-128.68,"SC","WC",9.41953192438398,-0.745960626816802,431,148.341946054577,3.58379501385042,0.24185034964,1.2764222986808,-0.710640761055116,-1.08933496891704,0.741434022470726,2.04847674523088
"Douglas-Gardner","Chum",1982,378642,126120,0,0,0.167185936689538,0.783941700867838,0.0457084169743452,0.00316477475029183,0,0,1.0993573329693,150,53.96,-128.68,"SC","WC",11.0385466814041,0.873054130203338,308.8,17.2345438819623,3.00223596574691,0.0471577989661148,1.0993573329693,-0.504345910607055,1.24632637343075,-0.13557227363981,0.268324089596333
"Douglas-Gardner","Chum",1983,328188,23615,0,0,0.262834826562824,0.35145809657879,0.384604818274891,0.00110254189641303,0,0,2.63170451156817,150,53.96,-128.68,"SC","WC",9.91570709432875,-0.249785456872032,326.3,25.7214716941774,13.8974380690239,3.69462007216411,2.63170451156817,-0.97160447621556,-0.373531015649904,-0.00997808229828513,0.383558064434781
"Douglas-Gardner","Chum",1984,913500,114251,0,0,0.0366927915489874,0.920873871592775,0.0417229564969896,0.000710796310563766,0,0,2.07888559334682,150,53.96,-128.68,"SC","WC",9.55859228542873,-0.60690026577205,261.8,-47.8680562837991,7.99555364942101,1.71880534590016,2.07888559334682,-0.558449533993303,-0.888720423474008,-0.472882387528478,-0.615627271297931
"Douglas-Gardner","Chum",1985,567123,213268,0,0,0.431046871137302,0.447896481010292,0.120598604870548,0.000457537234956085,0,0,0.978026620637009,150,53.96,-128.68,"SC","WC",9.98755875655583,-0.177933794644947,270.3,-48.5060334477533,2.65920344355459,-0.0676815744861783,0.978026620637009,-0.107090659881236,-0.269874672111618,-0.411879494591166,-0.624289610142477
"Douglas-Gardner","Chum",1986,557166,292683,0,0,0.132483977934763,0.818099678731294,0.0490551858333064,0.000360649485252151,0,0,0.643773108595467,150,53.96,-128.68,"SC","WC",10.0241446154458,-0.141347935754958,212.2,-115.764248823289,1.90365002408749,-0.320623426024946,0.643773108595467,0.254914500723608,-0.217094315468535,-0.82885220984503,-1.53750952549374
"Douglas-Gardner","Chum",1987,335978,99866,0,0,0.394251217936889,0.542163124668877,0.0629977313990797,0.000588908993743638,0,0,1.21321639424382,150,53.96,-128.68,"SC","WC",10.0911534343447,-0.0743391168560713,364.4,27.286769793309,3.3642881461158,0.168364515124909,1.21321639424382,-0.624022086222739,-0.12042446905739,0.26345841427955,0.404811399653491
"Douglas-Gardner","Chum",1988,215333,570249,0,0,0.245823433519247,0.655083173503365,0.0967863839262909,0.00230484898459595,0,0,-0.973887440420447,150,53.96,-128.68,"SC","WC",10.3815765040261,0.216083952825363,303,-43.2216979870615,0.377612236058283,-0.831505666349511,-0.973887440420447,1.52017074209418,0.298552525339745,-0.177197777055859,-0.552539856522698
"Douglas-Gardner","Chum",1989,232720,353221,0,0,0.17614340293056,0.596846197146786,0.224639014910622,0.00237298566302853,0,0,-0.417257909174038,150,53.96,-128.68,"SC","WC",10.5613111087254,0.395818557524636,486,130.743381846267,0.658850974319194,-0.737353425955554,-0.417257909174038,0.53087078622,0.557845509704452,1.13615862382981,1.80952661509611
"Douglas-Gardner","Chum",1990,447129,453760,0,0,0.0902726842589052,0.779215064556314,0.130095361450499,0.000416514629782457,0,0,-0.0147212803203707,150,53.96,-128.68,"SC","WC",9.98676691736494,-0.178725633835839,277.2,-86.9838643363977,0.985386547954866,-0.628036850236876,-0.0147212803203707,0.989167541770594,-0.271017013884294,-0.362359499147936,-1.14673465675621
"Douglas-Gardner","Chum",1991,508653,194212,0,0,0.199049744128119,0.762156792351564,0.038566241484863,0.000227655006654831,0,0,0.962815709272343,150,53.96,-128.68,"SC","WC",10.8412432159696,0.675750664768858,398.6,25.6305823493315,2.6190606141742,-0.0811204675251928,0.962815709272343,-0.193955488194349,0.961687783863633,0.508905348215559,0.38232398530641
"Douglas-Gardner","Chum",1992,257376,144020,0,0,0.437714509511376,0.507963098734925,0.0473910790438891,0.00693172893743006,0,0,0.580585871900938,150,53.96,-128.68,"SC","WC",10.9204035316195,0.754910980418698,453.7,72.1190405954069,1.78708512706569,-0.35964666398199,0.580585871900938,-0.422750590140811,1.07588790977952,0.904347630668018,1.01353588510556
"Douglas-Gardner","Chum",1993,307412,183787,0,0,0.123586903146266,0.264432671138407,0.611300329525197,0.000678561559730915,0,0,0.514411389060949,150,53.96,-128.68,"SC","WC",10.8192441122872,0.653751561086467,434.9,44.9103454445051,1.67265366973725,-0.397955675555716,0.514411389060949,-0.241476785169801,0.929950916849626,0.769423585112551,0.644101130647843
"Douglas-Gardner","Chum",1994,1298174,384346,0,0,0.0181968442134876,0.96474785968599,0.01692555782969,0.000129844356765734,0,0,1.21717075210808,150,53.96,-128.68,"SC","WC",10.8434683254787,0.677975774277913,424.3,26.1281093358687,3.37761808370583,0.172827070661084,1.21717075210808,0.672750917477644,0.964897823945266,0.693349389214256,0.389079316978438
"Douglas-Gardner","Chum",1995,528389,516271,0,0,0.688788706805024,0.27713629977157,0.0336022258222635,0.000472301564188505,0,0,0.0232009334550109,150,53.96,-128.68,"SC","WC",10.091151714325,-0.0743408368758238,402,-4.11073275407784,1.0234721686866,-0.615286663186326,0.0232009334550109,1.27411754610944,-0.120426950432947,0.533306505390484,-0.0214982259955307
"Douglas-Gardner","Chum",1996,188434,158786,0,0,0.225829654414808,0.627962675525648,0.139501768205313,0.00670580128320791,0,0,0.171190429233792,150,53.96,-128.68,"SC","WC",10.8498725720814,0.684380020880652,443.6,29.8031196413841,1.18671671306035,-0.560636156360983,0.171190429233792,-0.355441288352848,0.974136869575962,0.831861840236624,0.438977943954772
"Douglas-Gardner","Chum",1997,344130,105816,0,0,0.0999225754220789,0.509081985586842,0.386770409438294,0.00422547925202685,0,0,1.17931775623754,150,53.96,-128.68,"SC","WC",10.9255027600697,0.760010208868935,501.1,79.8710331213849,3.25215468360172,0.130824819192135,1.17931775623754,-0.596899619363848,1.08324427927237,1.24452846893021,1.11879104120582
"Douglas-Gardner","Chum",1998,1091821,1146392,0,0,0.0466285462910129,0.812448078119032,0.140285534991542,0.000637819336777732,0,0,-0.0487726746678756,150,53.96,-128.68,"SC","WC",9.27929977008275,-0.886192781118025,381.8,-46.6131174327623,0.952397609194761,-0.639080785761866,-0.0487726746678756,4.14645972083065,-1.29163999444896,0.388334924527695,-0.598587937962725
"Douglas-Gardner","Chum",1999,1352426,162436,0,0,0.190601626706378,0.754782998108584,0.0542377220786941,0.000377623913175287,0,0,2.11937121769209,150,53.96,-128.68,"SC","WC",10.2344441584178,0.0689516072170542,401.8,-33.5617709907838,8.32590066241474,1.82939790357248,2.11937121769209,-0.338803136414201,0.086292982703589,0.531871143203724,-0.421379110365746
"Douglas-Gardner","Chum",2000,839747,140225,0,0,0.353248408985087,0.58215385276756,0.0640605062834401,0.000537266839774361,0,0,1.78985238059981,150,53.96,-128.68,"SC","WC",9.60916037218912,-0.556332179011661,382.9,-59.1918651272497,5.98856837225887,1.04691298337933,1.78985238059981,-0.440049709759213,-0.815768694720086,0.396229416554876,-0.769379905020523
"Douglas-Gardner","Chum",2001,548217,167955,0,0,0.259135428853903,0.653969679342304,0.0866865715218609,0.000208788875390584,0,0,1.18297510758768,150,53.96,-128.68,"SC","WC",9.83146933146885,-0.334023219731924,466.3,17.6774341079921,3.26407073323212,0.134814037662836,1.18297510758768,-0.313645339003408,-0.495056088491018,0.994775448433917,0.274337573190368
"Douglas-Gardner","Chum",2002,432984,803495,0,0,0.240619776481348,0.731482198649373,0.0278454238955712,5.3568722539401e-05,0,0,-0.618270186564236,150,53.96,-128.68,"SC","WC",10.9871594735554,0.821666922354653,361.3,-93.6727903862989,0.538875786408129,-0.777518350614807,-0.618270186564236,2.58339879334945,1.17219294484838,0.241210300384765,-1.23755568801574
"Douglas-Gardner","Chum",2003,174939,663756,0,0,0.526116624937836,0.459314680431465,0.0139656877025706,0.000604466184784411,0,0,-1.33347727033351,150,53.96,-128.68,"SC","WC",11.3604235819408,1.19493103074,594.5,133.341193044483,0.263559199464864,-0.869687991392664,-1.33347727033351,1.94641284437558,1.71068003686611,1.91484261014726,1.84479922691442
"Douglas-Gardner","Chum",2004,50795,392041,0,0,0.459694234275027,0.320552586475047,0.219282267349149,0.000480667975391279,0,0,-2.04356850161434,150,53.96,-128.68,"SC","WC",11.4985807282584,1.33308817705762,347.5,-119.692201844423,0.129565530135879,-0.914545980174519,-2.04356850161434,0.707827788482546,1.90999156532745,0.142170309498305,-1.59084256303326
"Douglas-Gardner","Chum",2005,81801,147367,0,0,0.0578435172063911,0.907480181415875,0.0314393361817093,0.00323178673732595,0,0,-0.588636605620367,150,53.96,-128.68,"SC","WC",10.4667945759637,0.301302024762932,550,76.9215300470468,0.555083566877252,-0.77209235968476,-0.588636605620367,-0.407493632732961,0.421491834837044,1.5954745235931,1.07874322053684
"Douglas-Gardner","Chum",2006,66929,365796,0,0,0.322310520252805,0.256087823215646,0.416056967084522,0.00554317590431651,0,0,-1.69844344494204,150,53.96,-128.68,"SC","WC",9.8537301165717,-0.311762434629077,331.7,-147.116423405168,0.182968102439611,-0.896668031154096,-1.69844344494204,0.588192638446984,-0.462941708440074,0.0287766967442425,-1.96320369620403
"Douglas-Gardner","Chum",2007,229688,93833,0,0,0.0216849294695413,0.807979074222424,0.170137684641775,0.000198630132919439,0,0,0.895205259768078,150,53.96,-128.68,"SC","WC",9.10488627638135,-1.06060627481943,657.6,173.201478578285,2.44783818059744,-0.138441787577487,0.895205259768078,-0.651522900098317,-1.54325651187464,2.36769938007013,2.38601499331278
"Douglas-Gardner","Chum",2008,319241,21134,0,0,0.168932345532059,0.815814549196375,0.0150532614545124,0.000201113321973055,0,0,2.71506318542361,150,53.96,-128.68,"SC","WC",9.73603667531695,-0.429455875883831,410.3,-79.512118210272,15.1055644932337,4.09907292322533,2.71506318542361,-0.982913861136049,-0.632731402940795,0.592874036141036,-1.04528463571821
"Douglas-Gardner","Chum",2009,115240,80214,0,0,0.656749747396737,0.277918400728914,0.0586843205310656,0.00664567281499479,0,0,0.362318846987287,150,53.96,-128.68,"SC","WC",10.0926160642079,-0.0728764869928838,654.8,159.758485773777,1.43665694267834,-0.476961934493005,0.362318846987287,-0.713603719619533,-0.118314415387528,2.34760430945549,2.20348846205625
"Douglas-Gardner","Chum",2010,135427,23801,0,0,0.0687239872920466,0.332806160145318,0.595665950216722,0.00280355971113589,0,0,1.73870515315539,150,53.96,-128.68,"SC","WC",10.2436354500907,0.0781428988899014,437.6,-62.470593004989,5.68997100962144,0.946949476069186,1.73870515315539,-0.970756614226358,0.0995527411791847,0.788800974633815,-0.813897880679718
"Douglas-Gardner","Chum",2011,590789,250211,0,0,0.0221695699818378,0.910011576552712,0.0676937379165827,0.000124467312390718,0,0,0.859154369767433,150,53.96,-128.68,"SC","WC",9.59851433549609,-0.566978215704693,578.3,73.4142570728227,2.36116317827753,-0.167458578454284,0.859154369767433,0.0613102297268325,-0.831127131846933,1.79857827301968,1.03112210078587
"Douglas-Gardner","Chum",2012,430576,358415,0,0,0.362846179071755,0.619016693916986,0.0179888632970718,0.000148500450861172,0,0,0.183432314291324,150,53.96,-128.68,"SC","WC",10.469027706555,0.303535155354178,359.3,-150.178710666804,1.20133364954034,-0.555742743292082,0.183432314291324,0.554547104348585,0.424713446481886,0.226856678517162,-2.00478288022248
"Douglas-Gardner","Chum",2013,135973,46186,0,0,0.569629609701926,0.379640157604819,0.0495325560295059,0.00119906218587514,0,0,1.07977961475301,150,53.96,-128.68,"SC","WC",10.8953202111381,0.729827659937272,552.7,38.850982827287,2.94403065864115,0.0276720051501092,1.07977961475301,-0.86871687966564,1.03970161701588,1.61485191311436,0.561828198107451
"Douglas-Gardner","Chum",2014,77079,64995,0,0,0.194617463641199,0.582342694508232,0.222804594896145,0.000230751001699555,0,0,0.170520526068036,150,53.96,-128.68,"SC","WC",11.7169562407902,1.55146368958945,432.2,-85.8055900084864,1.18592199399954,-0.560902209965552,0.170520526068036,-0.782977975607005,2.22502960962221,0.750046195591287,-1.13073626048614
"Douglas-Gardner","Chum",2015,129372,537688,0,0,0,0,0,0,0,0,-1.42458649094432,150,53.96,-128.68,"SC","WC",11.6718633856092,1.50637083440844,512.8,-9.16732517828621,0.240607936200919,-0.877371544766336,-1.42458649094432,1.37174475160807,2.15997668888404,1.32849715685568,-0.0901557257495473
"Afognak","Chum",1984,83932,10024,0,0,0,0,0,0,0,0,2.12502472959868,128,58.4,-152,"GoA","GOA",8.56962369382381,-1.0515706639048,261.8,-47.8680562837991,8.3731045490822,-0.372433976431168,2.12502472959868,0.612827298271642,-1.6023293506006,-1.34950131261163,-0.478902134868639
"Afognak","Chum",1985,2236,5114,0,0,0,0,0,0,0,0,-0.827293321576142,128,58.4,-152,"GoA","GOA",8.77455694973469,-0.846637407993924,270.3,-48.5060334477533,0.437231130230739,-0.383525388115642,-0.827293321576142,-0.0728488515797936,-1.35400469912928,-1.28661041227139,-0.484842376374569
"Afognak","Chum",1986,29609,3612,0,0,0,0,0,0,0,0,2.10381673361426,128,58.4,-152,"GoA","GOA",9.35991240292787,-0.26128195480074,212.2,-115.764248823289,8.19739756367663,-0.372679549716945,2.10381673361426,-0.282601514935569,-0.644709430018612,-1.71648821342053,-1.11108742895952
"Afognak","Chum",1987,64707,5324,0,0,0,0,0,0,0,0,2.49764448677548,128,58.4,-152,"GoA","GOA",9.63268581777811,0.0114914600494959,364.4,27.286769793309,12.1538317054846,-0.36714992020382,2.49764448677548,-0.0435225804048849,-0.314180532342859,-0.59037115085773,0.220868707189579
"Afognak","Chum",1988,38089,1028,0,0,0,0,0,0,0,0,3.61231035950304,128,58.4,-152,"GoA","GOA",9.71874550729989,0.0975511495712842,303,-43.2216979870615,37.0515564202335,-0.332352122879837,3.61231035950304,-0.643454299297302,-0.209899056350883,-1.04466541919778,-0.435639629617461
"Afognak","Chum",1989,60195,2236,0,0,0,0,0,0,0,0,3.29290073709414,128,58.4,-152,"GoA","GOA",9.90731104463339,0.286116686904778,486,130.743381846267,26.9208407871199,-0.346511111035858,3.29290073709414,-0.474758415586399,0.0185922694210794,0.309338670480222,1.18415908136344
"Afognak","Chum",1990,38365,2630,0,0,0,0,0,0,0,0,2.68016173943996,128,58.4,-152,"GoA","GOA",9.04097986966371,-0.580214488064899,277.2,-86.9838643363977,14.5874524714829,-0.36374861975774,2.68016173943996,-0.419736744905856,-1.03117091384986,-1.23555779905402,-0.843111639001762
"Afognak","Chum",1991,92847,25028,0,0,0,0,0,0,0,0,1.31095777896291,128,58.4,-152,"GoA","GOA",9.27997788786888,-0.34121646985973,398.6,25.6305823493315,3.70972510787918,-0.378951653628542,1.31095777896291,2.70811954926369,-0.741568822137892,-0.337327763606431,0.205447852099192
"Afognak","Chum",1992,55460,5230,0,0,0,0,0,0,0,0,2.3612507621108,128,58.4,-152,"GoA","GOA",10.2443013042212,0.623106946492546,453.7,72.1190405954069,10.604206500956,-0.369315722276625,2.3612507621108,-0.0566495779784155,0.426934919272664,0.0703532491873286,0.638304519739774
"Afognak","Chum",1993,28648,148,0,0,0,0,0,0,0,0,5.26562663791415,128,58.4,-152,"GoA","GOA",9.90064768493176,0.279453327203146,434.9,44.9103454445051,193.567567567568,-0.113600711003356,5.26562663791415,-0.766345340411205,0.0105180480450458,-0.068746624506368,0.384962818203306
"Afognak","Chum",1994,16491,11074,0,0,0,0,0,0,0,0,0.398214759145858,128,58.4,-152,"GoA","GOA",9.13099085539579,-0.490203502332816,424.3,26.1281093358687,1.48916380711577,-0.382055175856968,0.398214759145858,0.759458654146186,-0.922101516786115,-0.147175276695367,0.210080354048682
"Afognak","Chum",1995,36527,20442,0,0,0,0,0,0,0,0,0.580460105246511,128,58.4,-152,"GoA","GOA",9.90612107515335,0.284926717424739,402,-4.11073275407784,1.78686038548087,-0.381639106303759,0.580460105246511,2.06768964636783,0.0171503426089631,-0.312171403470337,-0.0714752172520508
"Afognak","Chum",1996,45060,5996,0,0,0,0,0,0,0,0,2.01690235476375,128,58.4,-152,"GoA","GOA",11.0754799321294,1.45428557440077,443.6,29.8031196413841,7.51501000667111,-0.373633274773235,2.01690235476375,0.0503214873548228,1.43410255621041,-0.00437593827577409,0.244298583140512
"Afognak","Chum",1997,34052,1472,0,0,0,0,0,0,0,0,3.14126674771513,128,58.4,-152,"GoA","GOA",9.77423813194037,0.153043774211757,501.1,79.8710331213849,23.133152173913,-0.351804896801376,3.14126674771513,-0.581450183098924,-0.142656740740249,0.421062505202287,0.710483761189512
"Afognak","Chum",1998,37235,6420,0,0,0,0,0,0,0,0,1.75783106146074,128,58.4,-152,"GoA","GOA",8.61189762689174,-1.00929673083688,381.8,-46.6131174327623,5.79984423676012,-0.376030441242147,1.75783106146074,0.109532625346067,-1.55110457671627,-0.461629778396543,-0.46721732815216
"Afognak","Chum",1999,88513,10214,0,0,0,0,0,0,0,0,2.15939010565613,128,58.4,-152,"GoA","GOA",9.52409641444683,-0.0970979432817806,401.8,-33.5617709907838,8.66585079302918,-0.37202482561193,2.15939010565613,0.639360591239417,-0.445762034895301,-0.313651189360695,-0.345695502257353
"Afognak","Chum",2000,80143,20136,0,0,0,0,0,0,0,0,1.38130328116397,128,58.4,-152,"GoA","GOA",9.859470076859,0.238275719130386,382.9,-59.1918651272497,3.98008541914978,-0.378573790051696,1.38130328116397,2.02495707979867,-0.0393782712597011,-0.453490955999571,-0.584338760343066
"Afognak","Chum",2001,12600,7166,0,0,0,0,0,0,0,0,0.56434919507467,128,58.4,-152,"GoA","GOA",9.81015598773956,0.188961630010947,466.3,17.6774341079921,1.7583030979626,-0.381679018814423,0.56434919507467,0.213710712472171,-0.0991338435741119,0.163579760279913,0.131395638391107
"Afognak","Chum",2002,35799,2834,0,0,0,0,0,0,0,0,2.53623081878714,128,58.4,-152,"GoA","GOA",10.3097112700343,0.688516912305701,361.3,-93.6727903862989,12.6319689484827,-0.366481661434575,2.53623081878714,-0.391248367193088,0.50619441715702,-0.613307832158286,-0.90539260828512
"Afognak","Chum",2003,30694,26302,0,0,0,0,0,0,0,0,0.15442221383313,128,58.4,-152,"GoA","GOA",10.7294827029109,1.10828834518229,594.5,133.341193044483,1.16698349935366,-0.382505464595386,0.15442221383313,2.88603226105813,1.01484585249081,1.11212251599969,1.20834744855917
"Afognak","Chum",2004,33786,9082,0,0,0,0,0,0,0,0,1.31375208282478,128,58.4,-152,"GoA","GOA",11.4475507065654,1.82635634883677,347.5,-119.692201844423,3.72010570358952,-0.378937145400591,1.31375208282478,0.481278024715623,1.8849534684931,-0.715413058593021,-1.1476608220021
"Afognak","Chum",2006,38119,22,0,0,0,0,0,0,0,0,7.45742567111715,128,58.4,-152,"GoA","GOA",9.42473920807242,-0.196455149656189,331.7,-147.116423405168,1732.68181818182,2.03751094136393,7.45742567111715,-0.78394110311615,-0.566156567907641,-0.832316143931341,-1.40300930214712
"Afognak","Chum",2007,32227,18,0,0,0,0,0,0,0,0,7.49018813160056,128,58.4,-152,"GoA","GOA",9.06957526132464,-0.55161909640397,657.6,173.201478578285,1790.38888888889,2.11816405218558,7.49018813160056,-0.784499698757577,-0.996520897500271,1.57899496440779,1.57948882468386
"Afognak","Chum",2008,47136,6002,0,0,0,0,0,0,0,0,2.06094429326204,128,58.4,-152,"GoA","GOA",9.49954749643802,-0.121646861290588,410.3,-79.512118210272,7.85338220593136,-0.373160355767791,2.06094429326204,0.0511593808169631,-0.475508800404097,-0.25076028902046,-0.77354178765303
"Afognak","Chum",2009,30147,12,0,0,0,0,0,0,0,0,7.82893404492907,128,58.4,-152,"GoA","GOA",9.34692554920912,-0.274268808519492,654.8,159.758485773777,2512.25,3.12705851657131,7.82893404492907,-0.785337592219717,-0.660446045869875,1.55827796194277,1.45432035732633
"Afognak","Chum",2010,35242,512,0,0,0,0,0,0,0,0,4.23166920708917,128,58.4,-152,"GoA","GOA",9.58851287141442,-0.0326814863141899,437.6,-62.470593004989,68.83203125,-0.287934790185534,4.23166920708917,-0.715513137041363,-0.367706405737433,-0.0487695149865283,-0.614867181306098
"Afognak","Chum",2011,45618,328,0,0,0,0,0,0,0,0,4.93504404607235,128,58.4,-152,"GoA","GOA",8.71641011163592,-0.904784246092689,578.3,73.4142570728227,139.079268292683,-0.189755171558251,4.93504404607235,-0.741208536546998,-1.42446321617599,0.992259858880658,0.650364353716624
"Afognak","Chum",2012,22584,802,0,0,0,0,0,0,0,0,3.33788836206681,128,58.4,-152,"GoA","GOA",9.7659363746643,0.144742016935693,359.3,-150.178710666804,28.1596009975062,-0.344779783084091,3.33788836206681,-0.675014953037918,-0.152716264622867,-0.628105691061871,-1.43152243227533
"Afognak","Chum",2013,35430,2802,0,0,0,0,0,0,0,0,2.53722547096257,128,58.4,-152,"GoA","GOA",11.1316774487495,1.51048309102094,552.7,38.850982827287,12.644539614561,-0.366464092299425,2.53722547096257,-0.395717132324502,1.50219901359713,0.802847264914774,0.328543749697492
"Afognak","Chum",2014,5331,96,0,0,0,0,0,0,0,0,4.01694592535492,128,58.4,-152,"GoA","GOA",10.7416630163789,1.12046865865027,432.2,-85.8055900084864,55.53125,-0.306524355918581,4.01694592535492,-0.773607083749754,1.02960515587133,-0.0887237340262074,-0.832140660002061
"Afognak","Chum",2015,21953,3258,0,0,0,0,0,0,0,0,1.90779029426193,128,58.4,-152,"GoA","GOA",11.5000202506781,1.87882589294945,512.8,-9.16732517828621,6.73818293431553,-0.374718991292689,1.90779029426193,-0.332037229201844,1.94853261379447,0.507629979788257,-0.11855743569805
"Afognak","Chum",2016,14351,654,0,0,0,0,0,0,0,0,3.08846755371373,128,58.4,-152,"GoA","GOA",10.4390082880855,0.817813930356846,701.3,175.537619931456,21.9434250764526,-0.353467694622566,3.08846755371373,-0.695682991770711,0.662868046339949,1.90232818145112,1.60124076913248
"Afognak","Chum",2017,11875,1000,0,0,0,0,0,0,0,0,2.47443534992071,128,58.4,-152,"GoA","GOA",10.108767516911,0.487573159182417,638.8,109.373894221988,11.875,-0.367539623652072,2.47443534992071,-0.64736446878729,0.262703982976937,1.4398950907141,0.985186571815594
"Afognak","Chum",2018,24480,212,0,0,0,0,0,0,0,0,4.74902546195425,128,58.4,-152,"GoA","GOA",11.5555933639407,1.93439900621211,312.9,-220.09763796564,115.471698113208,-0.222749810700135,4.74902546195425,-0.757407810148376,2.01587246022782,-0.971416017625037,-2.0825415242697
"Afognak","Chum",2019,49122,18,0,0,0,0,0,0,0,0,7.91169052070834,128,58.4,-152,"GoA","GOA",10.7225496545434,1.10135529681479,797.2,260.684735027627,2729,3.42999473489593,7.91169052070834,-0.784499698757577,1.00644484011319,2.61188551587801,2.39405038016855
"E Kodiak","Chum",1984,460759,307160,0,0,0,0,0,0,0,0,0.405506345266322,125,57.089858,-153.187928,"GoA","GOA",8.24102420608202,-1.02571165628584,261.8,-47.8680562837991,1.50006185701263,-0.4476863462,0.405506345266322,0.258498426996588,-1.55939251575376,-1.37923371208918,-0.501807608180405
"E Kodiak","Chum",1985,616126,390142,0,0,0,0,0,0,0,0,0.456940712652954,125,57.089858,-153.187928,"GoA","GOA",8.41279144750701,-0.853944414860855,270.3,-48.5060334477533,1.57923525280539,-0.401566326346495,0.456940712652954,0.711028745799532,-1.35315523160279,-1.31597654158314,-0.507794771176894
"E Kodiak","Chum",1986,198560,190156,0,0,0,0,0,0,0,0,0.0432465335435594,125,57.089858,-153.187928,"GoA","GOA",9.07531133625242,-0.191424526115443,212.2,-115.764248823289,1.04419529228633,-0.713237353646484,0.0432465335435594,-0.379565941435358,-0.557681651091625,-1.74835790704211,-1.13898648313473
"E Kodiak","Chum",1987,773742,141788,0,0,0,0,0,0,0,0,1.6969055004056,125,57.089858,-153.187928,"GoA","GOA",9.237986266613,-0.0287495957548595,364.4,27.286769793309,5.45703444579231,1.85732599446037,1.6969055004056,-0.643333824348047,-0.36236131201715,-0.615682453980906,0.203490667556448
"E Kodiak","Chum",1988,343012,172986,0,0,0,0,0,0,0,0,0.68455476560901,125,57.089858,-153.187928,"GoA","GOA",9.33520478010177,0.0684689177339065,303,-43.2216979870615,1.9828887886881,-0.166430408498808,0.68455476560901,-0.473200049722053,-0.245633104561631,-1.07262248563635,-0.458203375874918
"E Kodiak","Chum",1989,996338,616126,0,0,0,0,0,0,0,0,0.480635069374112,125,57.089858,-153.187928,"GoA","GOA",9.48583131366306,0.219095451295197,486,130.743381846267,1.61710104751301,-0.379508775496264,0.480635069374112,1.94339976077103,-0.0647790200165139,0.289267185258531,1.17438999502829
"E Kodiak","Chum",1990,479299,106134,0,0,0,0,0,0,0,0,1.50762217309802,125,57.089858,-153.187928,"GoA","GOA",8.80643138620588,-0.46030447616198,277.2,-86.9838643363977,4.51597979912186,1.30914363404627,1.50762217309802,-0.83776774961618,-0.880520105037831,-1.26462660317234,-0.86889397393483
"E Kodiak","Chum",1991,521445,439668,0,0,0,0,0,0,0,0,0.170583907229147,125,57.089858,-153.187928,"GoA","GOA",9.06917375326156,-0.1975621091063,398.6,25.6305823493315,1.18599716149458,-0.630635048191919,0.170583907229147,0.981111614000281,-0.56505091683045,-0.361165367944814,0.187948004370243
"E Kodiak","Chum",1992,124937,141436,0,0,0,0,0,0,0,0,-0.124037707694835,125,57.089858,-153.187928,"GoA","GOA",9.9176975886027,0.650961726234841,453.7,72.1190405954069,0.883346531293306,-0.80693483846611,-0.124037707694835,-0.645253405368252,0.453753657815697,0.0488899373355554,0.624223772063209
"E Kodiak","Chum",1993,282749,885444,0,0,0,0,0,0,0,0,-1.14152963581958,125,57.089858,-153.187928,"GoA","GOA",9.50858568482929,0.241849822461429,434.9,44.9103454445051,0.319330189148043,-1.135485163193,-1.14152963581958,3.41208646872421,-0.0374583291038852,-0.0910200397836998,0.368880944773692
"E Kodiak","Chum",1994,96828,292540,0,0,0,0,0,0,0,0,-1.10566520080457,125,57.089858,-153.187928,"GoA","GOA",8.85354744725757,-0.413188415110291,424.3,26.1281093358687,0.330990633759486,-1.12869273081599,-1.10566520080457,0.178770374396035,-0.823948849712435,-0.169905452414769,0.192617098080568
"E Kodiak","Chum",1995,778725,166012,0,0,0,0,0,0,0,0,1.54559789195719,125,57.089858,-153.187928,"GoA","GOA",9.61445754104191,0.347721678674042,402,-4.11073275407784,4.69077536563622,1.41096540027502,1.54559789195719,-0.511231748684861,0.0896597634507264,-0.335862499742396,-0.0911624580644568
"E Kodiak","Chum",1996,473736,79680,0,0,0,0,0,0,0,0,1.78263159123245,125,57.089858,-153.187928,"GoA","GOA",10.7601062787904,1.4933704164225,443.6,29.8031196413841,5.94548192771084,2.14185601035667,1.78263159123245,-0.982030807310777,1.46521590735852,-0.0262744652657463,0.227105614215724
"E Kodiak","Chum",1997,312683,118424,0,0,0,0,0,0,0,0,0.970918493168495,125,57.089858,-153.187928,"GoA","GOA",9.47878089216021,0.212045029792343,501.1,79.8710331213849,2.64036850638384,0.216564123057943,0.970918493168495,-0.770746014564142,-0.0732443115983389,0.401641688157507,0.696973151544011
"E Kodiak","Chum",1998,523148,68788,0,0,0,0,0,0,0,0,2.02883509570248,125,57.089858,-153.187928,"GoA","GOA",8.27408113247819,-0.992654729889679,381.8,-46.6131174327623,7.60522184101878,3.10868630716225,2.02883509570248,-1.04142875183371,-1.51970176526045,-0.486191304945,-0.490030504114149
"E Kodiak","Chum",1999,290142,583702,0,0,0,0,0,0,0,0,-0.699020120310597,125,57.089858,-153.187928,"GoA","GOA",9.196632332272,-0.0701035300958639,401.8,-33.5617709907838,0.497072136124255,-1.03194707389844,-0.699020120310597,1.76658017270534,-0.41201410399711,-0.337350903754303,-0.367548787076744
"E Kodiak","Chum",2000,232319,245466,0,0,0,0,0,0,0,0,-0.0550470175524077,125,57.089858,-153.187928,"GoA","GOA",9.53740720616447,0.270671343796601,382.9,-59.1918651272497,0.946440647584594,-0.77018130696911,-0.0550470175524077,-0.0779408669253334,-0.00285293964805523,-0.478005082879512,-0.608077069091208
"E Kodiak","Chum",2001,251668,131748,0,0,0,0,0,0,0,0,0.64721975153953,125,57.089858,-153.187928,"GoA","GOA",9.59424522187974,0.327509359511879,466.3,17.6774341079921,1.91022254607281,-0.208759886962376,0.64721975153953,-0.698085510265253,0.0653912604706767,0.142659390085695,0.113310858173654
"E Kodiak","Chum",2002,969800,324772,0,0,0,0,0,0,0,0,1.09396646699631,125,57.089858,-153.187928,"GoA","GOA",9.88384084569083,0.617104983322967,361.3,-93.6727903862989,2.98609486039437,0.417956347695907,1.09396646699631,0.354542918268881,0.413102584593496,-0.638752716165464,-0.9316668955924
"E Kodiak","Chum",2003,438640,194132,0,0,0,0,0,0,0,0,0.81514069103688,125,57.089858,-153.187928,"GoA","GOA",10.3301839696036,1.06344810723578,594.5,133.341193044483,2.25949354047761,-0.00530284138650928,0.81514069103688,-0.357883401275317,0.949017307980616,1.09672636171806,1.19876942419379
"E Kodiak","Chum",2004,375441,155812,0,0,0,0,0,0,0,0,0.87945118273059,125,57.089858,-153.187928,"GoA","GOA",11.0195290711191,1.75279320875123,347.5,-119.692201844423,2.40957692603907,0.0821236060011239,0.87945118273059,-0.566855971429433,1.7766993525887,-0.741452592987045,-1.17584876647152
"E Kodiak","Chum",2005,470146,188312,0,0,0,0,0,0,0,0,0.914943123037864,125,57.089858,-153.187928,"GoA","GOA",9.19907963607046,-0.0676562262973988,550,76.9215300470468,2.49663324695187,0.13283558075816,0.914943123037864,-0.389621928370749,-0.409075678225696,0.765556469068761,0.669293233417703
"E Kodiak","Chum",2006,274089,705918,0,0,0,0,0,0,0,0,-0.94604621227431,125,57.089858,-153.187928,"GoA","GOA",9.08168254627122,-0.185053316096645,331.7,-147.116423405168,0.388273142206319,-1.09532457222719,-0.94604621227431,2.43306742828873,-0.550031874334826,-0.859036509927696,-1.43321422375265
"E Kodiak","Chum",2007,426122,251700,0,0,0,0,0,0,0,0,0.526487788104276,125,57.089858,-153.187928,"GoA","GOA",8.66530523366398,-0.601430628703884,657.6,173.201478578285,1.69297576479936,-0.335310299068834,0.526487788104276,-0.0439446507890923,-1.04996728356535,1.56631782747471,1.5728424162399
"E Kodiak","Chum",2008,439546,95892,0,0,0,0,0,0,0,0,1.52251981785932,125,57.089858,-153.187928,"GoA","GOA",9.08637950817744,-0.180356354190425,410.3,-79.512118210272,4.58376089767655,1.34862742250492,1.52251981785932,-0.893621013277935,-0.544392331781408,-0.274093733248257,-0.798774595917865
"E Kodiak","Chum",2009,669516,182378,0,0,0,0,0,0,0,0,1.30047360694664,125,57.089858,-153.187928,"GoA","GOA",8.79412912660175,-0.472606735766116,654.8,159.758485773777,3.67103488359342,0.816947033292974,1.30047360694664,-0.421982137955679,-0.895291167253354,1.54548017130801,1.44668525321174
"E Kodiak","Chum",2010,205860,171480,0,0,0,0,0,0,0,0,0.182729684368637,125,57.089858,-153.187928,"GoA","GOA",9.08039931787385,-0.186336544494017,437.6,-62.470593004989,1.20048985304409,-0.622192777713292,0.182729684368637,-0.481412802609634,-0.551572619458424,-0.0709265856229554,-0.638846631599507
"E Kodiak","Chum",2011,433404,238260,0,0,0,0,0,0,0,0,0.598307804037784,125,57.089858,-153.187928,"GoA","GOA",8.25615280535486,-1.01058305701301,578.3,73.4142570728227,1.81903802568623,-0.261876617000954,0.598307804037784,-0.117237744287822,-1.54122792743557,0.976165636753597,0.636378865700044
"E Kodiak","Chum",2012,184127,246526,0,0,0,0,0,0,0,0,-0.291841727684083,125,57.089858,-153.187928,"GoA","GOA",9.43688322438134,0.170147362013476,359.3,-150.178710666804,0.746886738112816,-0.886425282290993,-0.291841727684083,-0.0721603104440348,-0.123549952786312,-0.653636756284534,-1.46195257680567
"E Kodiak","Chum",2013,994084,339008,0,0,0,0,0,0,0,0,1.07579800420625,125,57.089858,-153.187928,"GoA","GOA",10.82993847794,1.56320261557217,552.7,38.850982827287,2.93233198036625,0.386638440090061,1.07579800420625,0.432176882483755,1.5490619479623,0.785649923229506,0.312016226577104
"E Kodiak","Chum",2014,236842,131218,0,0,0,0,0,0,0,0,0.590533189925878,125,57.089858,-153.187928,"GoA","GOA",10.4592306547695,1.19249479240161,432.2,-85.8055900084864,1.80495054032221,-0.270082847113591,0.590533189925878,-0.700975788505902,1.10396092619614,-0.111113493944444,-0.857836336053156
"E Kodiak","Chum",2015,224463,309786,0,0,0,0,0,0,0,0,-0.322170853607089,125,57.089858,-153.187928,"GoA","GOA",11.2191240721279,1.95238820976001,512.8,-9.16732517828621,0.724574383606748,-0.899422656250952,-0.322170853607089,0.272818937675729,2.0163488375351,0.488713322854065,-0.138616575172506
"E Kodiak","Chum",2016,276564,142670,0,0,0,0,0,0,0,0,0.661907987789631,125,57.089858,-153.187928,"GoA","GOA",10.1561234328482,0.889387570480323,701.3,175.537619931456,1.93848741851826,-0.192295057264363,0.661907987789631,-0.638523965087193,0.740026512759727,1.89153410407638,1.5947661775507
"E Kodiak","Chum",2017,252804,269238,0,0,0,0,0,0,0,0,-0.0629812618658453,125,57.089858,-153.187928,"GoA","GOA",9.76419263415866,0.497456771790798,638.8,109.373894221988,0.938961067902748,-0.774538305427602,-0.0629812618658453,0.0516962922005444,0.269443514358662,1.42640785035546,0.973845817608202
"E Kodiak","Chum",2018,269085,171668,0,0,0,0,0,0,0,0,0.449464935863409,125,57.089858,-153.187928,"GoA","GOA",11.2968405286471,2.03010466627924,312.9,-220.09763796564,1.56747326234359,-0.40841791112675,0.449464935863409,-0.480387571837479,2.10966133876289,-0.998946487046951,-2.11811401632047
"E Kodiak","Chum",2019,443155,155128,0,0,0,0,0,0,0,0,1.04966901340177,125,57.089858,-153.187928,"GoA","GOA",10.4738883243667,1.20715246199881,797.2,260.684735027627,2.85670543035429,0.342584525854357,1.04966901340177,-0.570586066366422,1.1215600792397,2.60522382778578,2.39383812802905
"NW Kodiak","Chum",1984,914983,173800,0,0,0,0,0,0,0,0,1.66100027303666,126,57.856839,-153.882906,"GoA","GOA",8.08171987533569,-1.06738779881929,261.8,-47.8680562837991,5.26457422324511,1.72875312132339,1.66100027303666,-0.0703271664027914,-1.63094884055677,-1.37923371208918,-0.501807608180405
"NW Kodiak","Chum",1985,820734,165600,0,0,0,0,0,0,0,0,1.60062381987562,126,57.856839,-153.882906,"GoA","GOA",8.24093210910048,-0.908175565054506,270.3,-48.5060334477533,4.9561231884058,1.50422001181305,1.60062381987562,-0.129047847956934,-1.44236322647829,-1.31597654158314,-0.507794771176894
"NW Kodiak","Chum",1986,245533,423180,0,0,0,0,0,0,0,0,-0.544366262695131,126,57.856839,-153.882906,"GoA","GOA",9.05262761456626,-0.0964800595887271,212.2,-115.764248823289,0.580209367172362,-1.68117224256108,-0.544366262695131,1.71549765871576,-0.480916409714498,-1.74835790704211,-1.13898648313473
"NW Kodiak","Chum",1987,490588,171900,0,0,0,0,0,0,0,0,1.04869175929135,126,57.856839,-153.882906,"GoA","GOA",9.30629635282925,0.157188678674265,364.4,27.286769793309,2.85391506689936,-0.0260563466554348,1.04869175929135,-0.0839331779824098,-0.180447823559779,-0.615682453980906,0.203490667556448
"NW Kodiak","Chum",1988,497471,378500,0,0,0,0,0,0,0,0,0.273321190564844,126,57.856839,-153.882906,"GoA","GOA",9.21799235258783,0.0688846784328489,303,-43.2216979870615,1.31432232496697,-1.14678380962446,0.273321190564844,1.39554155483294,-0.285043203684375,-1.07262248563635,-0.458203375874918
"NW Kodiak","Chum",1989,314803,820700,0,0,0,0,0,0,0,0,-0.958210588277598,126,57.856839,-153.882906,"GoA","GOA",9.43137374520302,0.282266071048038,486,130.743381846267,0.383578652369928,-1.82430713540666,-0.958210588277598,4.56216172352097,-0.0322946553617197,0.289267185258531,1.17438999502829
"NW Kodiak","Chum",1990,373238,77760,0,0,0,0,0,0,0,0,1.5685891257168,126,57.856839,-153.882906,"GoA","GOA",8.75556481310299,-0.393542861051992,277.2,-86.9838643363977,4.79987139917696,1.39047845759721,1.5685891257168,-0.758075246458872,-0.832784915727598,-1.26462660317234,-0.86889397393483
"NW Kodiak","Chum",1991,807265,207006,0,0,0,0,0,0,0,0,1.36090421271742,126,57.856839,-153.882906,"GoA","GOA",8.89858985798699,-0.250517816167989,398.6,25.6305823493315,3.89971788257345,0.73522285689888,1.36090421271742,0.167462949656582,-0.663372897063881,-0.361165367944814,0.187948004370243
"NW Kodiak","Chum",1992,426597,271498,0,0,0,0,0,0,0,0,0.451885000799366,126,57.856839,-153.882906,"GoA","GOA",9.77362942695618,0.624521752801198,453.7,72.1190405954069,1.57127124325041,-0.959741027817766,0.451885000799366,0.629293949021188,0.373104454926654,0.0488899373355554,0.624223772063209
"NW Kodiak","Chum",1993,418050,95800,0,0,0,0,0,0,0,0,1.47333835761925,126,57.856839,-153.882906,"GoA","GOA",9.38335755041668,0.234249876261695,434.9,44.9103454445051,4.36377870563674,1.07303018394711,1.47333835761925,-0.628889747039758,-0.0891694530162279,-0.0910200397836998,0.368880944773692
"NW Kodiak","Chum",1994,220912,122300,0,0,0,0,0,0,0,0,0.59128738948067,126,57.856839,-153.882906,"GoA","GOA",8.77377911124911,-0.375328562905876,424.3,26.1281093358687,1.80631234668847,-0.788645768418871,0.59128738948067,-0.439121690797712,-0.81121022564462,-0.169905452414769,0.192617098080568
"NW Kodiak","Chum",1995,342109,232600,0,0,0,0,0,0,0,0,0.385809159649991,126,57.856839,-153.882906,"GoA","GOA",9.46191035849707,0.31280268434209,402,-4.11073275407784,1.47080395528805,-1.03287494543296,0.385809159649991,0.350743086692768,0.0038757181941446,-0.335862499742396,-0.0911624580644568
"NW Kodiak","Chum",1996,631553,177604,0,0,0,0,0,0,0,0,1.26862551259946,126,57.856839,-153.882906,"GoA","GOA",10.6373353345054,1.48822766035037,443.6,29.8031196413841,3.55596157744195,0.484989713265006,1.26862551259946,-0.0430864990086501,1.39615717585643,-0.0262744652657463,0.227105614215724
"NW Kodiak","Chum",1997,607501,236320,0,0,0,0,0,0,0,0,0.944167002520814,126,57.856839,-153.882906,"GoA","GOA",9.44167098828725,0.292563314132263,501.1,79.8710331213849,2.5706711238998,-0.232240265943608,0.944167002520814,0.377382225153916,-0.0200976535080628,0.401641688157507,0.696973151544011
"NW Kodiak","Chum",1998,341563,99500,0,0,0,0,0,0,0,0,1.23337449806617,126,57.856839,-153.882906,"GoA","GOA",8.10514064984662,-1.04396702430836,381.8,-46.6131174327623,3.43279396984925,0.395331379201883,1.23337449806617,-0.602393829753133,-1.60320712097345,-0.486191304945,-0.490030504114149
"NW Kodiak","Chum",1999,408236,152600,0,0,0,0,0,0,0,0,0.984025319699411,126,57.856839,-153.882906,"GoA","GOA",9.08907946092742,-0.0600282132275652,401.8,-33.5617709907838,2.67520314547837,-0.156147475849169,0.984025319699411,-0.222141611396429,-0.437739490028351,-0.337350903754303,-0.367548787076744
"NW Kodiak","Chum",2000,559439,328800,0,0,0,0,0,0,0,0,0.531484832710201,126,57.856839,-153.882906,"GoA","GOA",9.48731034142631,0.338202667271324,382.9,-59.1918651272497,1.70145681265207,-0.864974055399092,0.531484832710201,1.03963693614503,0.0339617942765215,-0.478005082879512,-0.608077069091208
"NW Kodiak","Chum",2001,328754,289800,0,0,0,0,0,0,0,0,0.126118720831751,126,57.856839,-153.882906,"GoA","GOA",9.59593454429081,0.446826870135826,466.3,17.6774341079921,1.13441683919945,-1.27774377919757,0.126118720831751,0.760355645826544,0.162626291448587,0.142659390085695,0.113310858173654
"NW Kodiak","Chum",2002,436942,137260,0,0,0,0,0,0,0,0,1.15792352569448,126,57.856839,-153.882906,"GoA","GOA",9.86822023136275,0.719112557207769,361.3,-93.6727903862989,3.18331633396474,0.213727224858166,1.15792352569448,-0.331992252255032,0.485146504167321,-0.638752716165464,-0.9316668955924
"NW Kodiak","Chum",2003,256626,145800,0,0,0,0,0,0,0,0,0.565383952493431,126,57.856839,-153.882906,"GoA","GOA",10.2045653888157,1.05545771466076,594.5,133.341193044483,1.76012345679012,-0.822268398601031,0.565383952493431,-0.27083681073401,0.883544645822092,1.09672636171806,1.19876942419379
"NW Kodiak","Chum",2004,279871,82400,0,0,0,0,0,0,0,0,1.22274334580667,126,57.856839,-153.882906,"GoA","GOA",10.9556651370866,1.80655746293162,347.5,-119.692201844423,3.3964927184466,0.368906332967888,1.22274334580667,-0.724847933969698,1.77321627414128,-0.741452592987045,-1.17584876647152
"NW Kodiak","Chum",2005,503813,99300,0,0,0,0,0,0,0,0,1.6240595964249,126,57.856839,-153.882906,"GoA","GOA",9.12561764887401,-0.0234900252809717,550,76.9215300470468,5.07364551863041,1.5897689361536,1.6240595964249,-0.603826041498356,-0.394460299426685,0.765556469068761,0.669293233417703
"NW Kodiak","Chum",2006,273731,83600,0,0,0,0,0,0,0,0,1.18610235223863,126,57.856839,-153.882906,"GoA","GOA",9.03166643636567,-0.11744123778931,331.7,-147.116423405168,3.27429425837321,0.279953477834985,1.18610235223863,-0.716254663498361,-0.505744757193156,-0.859036509927696,-1.43321422375265
"NW Kodiak","Chum",2007,273870,84020,0,0,0,0,0,0,0,0,1.18159867550386,126,57.856839,-153.882906,"GoA","GOA",8.60164243408611,-0.547465240068868,657.6,173.201478578285,3.25958105213045,0.269243181627761,1.18159867550386,-0.713247018833392,-1.01510473927961,1.56631782747471,1.5728424162399
"NW Kodiak","Chum",2008,385498,73000,0,0,0,0,0,0,0,0,1.66407656377409,126,57.856839,-153.882906,"GoA","GOA",9.00772912161691,-0.141378552538077,410.3,-79.512118210272,5.28079452054795,1.74056048579693,1.66407656377409,-0.792161885995179,-0.53409831454576,-0.274093733248257,-0.798774595917865
"NW Kodiak","Chum",2009,334023,175000,0,0,0,0,0,0,0,0,0.646423878957738,126,57.856839,-153.882906,"GoA","GOA",8.75580891115325,-0.393298763001735,654.8,159.758485773777,1.90870285714286,-0.714111864816793,0.646423878957738,-0.0617338959314535,-0.832495783544633,1.54548017130801,1.44668525321174
"NW Kodiak","Chum",2010,231079,77000,0,0,0,0,0,0,0,0,1.09895422154439,126,57.856839,-153.882906,"GoA","GOA",9.00761134709631,-0.141496327058677,437.6,-62.470593004989,3.00102597402597,0.0810312156775414,1.09895422154439,-0.763517651090719,-0.534237817520908,-0.0709265856229554,-0.638846631599507
"NW Kodiak","Chum",2011,615575,159100,0,0,0,0,0,0,0,0,1.35302385501012,126,57.856839,-153.882906,"GoA","GOA",8.18621305482728,-0.962894619327703,578.3,73.4142570728227,3.8691074795726,0.712940393256871,1.35302385501012,-0.175594729676681,-1.50717750744084,0.976165636753597,0.636378865700044
"NW Kodiak","Chum",2012,250137,99600,0,0,0,0,0,0,0,0,0.920846603174527,126,57.856839,-153.882906,"GoA","GOA",9.28208056092262,0.132972886767638,359.3,-150.178710666804,2.5114156626506,-0.275374544863056,0.920846603174527,-0.601677723880521,-0.209131234872598,-0.653636756284534,-1.46195257680567
"NW Kodiak","Chum",2013,698637,131800,0,0,0,0,0,0,0,0,1.66784567197083,126,57.856839,-153.882906,"GoA","GOA",10.6806539382253,1.53154626407036,552.7,38.850982827287,5.30073596358118,1.75507661220483,1.66784567197083,-0.37109163289962,1.44746771456557,0.785649923229506,0.312016226577104
"NW Kodiak","Chum",2014,277689,107000,0,0,0,0,0,0,0,0,0.953672947975202,126,57.856839,-153.882906,"GoA","GOA",10.3270034534591,1.17789577930408,432.2,-85.8055900084864,2.59522429906542,-0.214367086263204,0.953672947975202,-0.548685889307271,1.02857155148974,-0.111113493944444,-0.857836336053156
"NW Kodiak","Chum",2015,378578,186600,0,0,0,0,0,0,0,0,0.70745483985162,126,57.856839,-153.882906,"GoA","GOA",11.2375796011516,2.08847192699662,512.8,-9.16732517828621,2.02882100750268,-0.626673345367597,0.70745483985162,0.02133438529148,2.1071416959895,0.488713322854065,-0.138616575172506
"NW Kodiak","Chum",2016,155654,80800,0,0,0,0,0,0,0,0,0.655658629713304,126,57.856839,-153.882906,"GoA","GOA",10.1404396252973,0.991331951142289,701.3,175.537619931456,1.92641089108911,-0.701221520884772,0.655658629713304,-0.736305627931482,0.80758819319642,1.89153410407638,1.5947661775507
"NW Kodiak","Chum",2017,356013,236800,0,0,0,0,0,0,0,0,0.407751344029388,126,57.856839,-153.882906,"GoA","GOA",9.72448206799371,0.575374393838724,638.8,109.373894221988,1.50343327702703,-1.00912283490727,0.407751344029388,0.380819533342451,0.314889802376985,1.42640785035546,0.973845817608202
"NW Kodiak","Chum",2018,260447,117000,0,0,0,0,0,0,0,0,0.800225450801477,126,57.856839,-153.882906,"GoA","GOA",11.2463126012257,2.09720492707074,312.9,-220.09763796564,2.22604273504274,-0.483108232121537,0.800225450801477,-0.477075302046121,2.11748586454227,-0.998946487046951,-2.11811401632047
"NW Kodiak","Chum",2019,391899,109000,0,0,0,0,0,0,0,0,1.27965627130184,126,57.856839,-153.882906,"GoA","GOA",10.3934430224555,1.24433534830051,797.2,260.684735027627,3.59540366972477,0.513701095706856,1.27965627130184,-0.534363771855041,1.1072686881483,2.60522382778578,2.39383812802905
"Alitak","Chum",1984,187567,221044,0,0,0,0,0,0,0,0,-0.164225661808145,124,56.88528,-154.1217,"GoA","GOA",8.0094896654288,-1.05762274429497,261.8,-47.8680562837991,0.848550514829627,-0.647504664565684,-0.164225661808145,1.86747742624379,-1.59228101506806,-1.37923371208918,-0.501807608180405
"Alitak","Chum",1985,126317,106336,0,0,0,0,0,0,0,0,0.172190728284826,124,56.88528,-154.1217,"GoA","GOA",8.15982800225417,-0.907284407469598,270.3,-48.5060334477533,1.18790437857358,-0.42480214793825,0.172190728284826,0.0624874949574137,-1.416476138196,-1.31597654158314,-0.507794771176894
"Alitak","Chum",1986,83188,53268,0,0,0,0,0,0,0,0,0.445767331015776,124,56.88528,-154.1217,"GoA","GOA",8.97125030226177,-0.0958621074619919,212.2,-115.764248823289,1.56168806788316,-0.179504901679879,0.445767331015776,-0.772565035585403,-0.4676030792252,-1.74835790704211,-1.13898648313473
"Alitak","Chum",1987,362057,130086,0,0,0,0,0,0,0,0,1.023605887797,124,56.88528,-154.1217,"GoA","GOA",9.12290415830082,0.0557917485770565,364.4,27.286769793309,2.78321264394324,0.622126157443984,1.023605887797,0.436206074899976,-0.290259840959329,-0.615682453980906,0.203490667556448
"Alitak","Chum",1988,133343,94166,0,0,0,0,0,0,0,0,0.347865573564567,124,56.88528,-154.1217,"GoA","GOA",9.1295068860054,0.0623944762816319,303,-43.2216979870615,1.41604188348236,-0.275085872662174,0.347865573564567,-0.129013773164733,-0.282538645184289,-1.07262248563635,-0.458203375874918
"Alitak","Chum",1989,101123,106398,0,0,0,0,0,0,0,0,-0.050849182058409,124,56.88528,-154.1217,"GoA","GOA",9.30011788672871,0.233005477004946,486,130.743381846267,0.950422000413542,-0.580651038790463,-0.050849182058409,0.0634630971450532,-0.0830270195500376,0.289267185258531,1.17438999502829
"Alitak","Chum",1990,250388,32882,0,0,0,0,0,0,0,0,2.03008631916622,124,56.88528,-154.1217,"GoA","GOA",8.71282961302333,-0.354282796700434,277.2,-86.9838643363977,7.61474362873304,3.79284034235148,2.03008631916622,-1.09334932908894,-0.769798902407192,-1.26462660317234,-0.86889397393483
"Alitak","Chum",1991,238100,279040,0,0,0,0,0,0,0,0,-0.158664387227798,124,56.88528,-154.1217,"GoA","GOA",8.89707899093628,-0.170033418787489,398.6,25.6305823493315,0.853282683486238,-0.644399157360591,-0.158664387227798,2.78007459518479,-0.554338628722226,-0.361165367944814,0.187948004370243
"Alitak","Chum",1992,154046,98744,0,0,0,0,0,0,0,0,0.444720616668352,124,56.88528,-154.1217,"GoA","GOA",9.72379618883133,0.656683779107565,453.7,72.1190405954069,1.56005428177915,-0.180577081241885,0.444720616668352,-0.0569765664709624,0.412420205072579,0.0488899373355554,0.624223772063209
"Alitak","Chum",1993,223489,47484,0,0,0,0,0,0,0,0,1.5489693836489,124,56.88528,-154.1217,"GoA","GOA",9.28310592969259,0.215993519968826,434.9,44.9103454445051,4.70661696571477,1.88436899217946,1.5489693836489,-0.863579278380678,-0.102920714499994,-0.0910200397836998,0.368880944773692
"Alitak","Chum",1994,155998,138192,0,0,0,0,0,0,0,0,0.121199164116603,124,56.88528,-154.1217,"GoA","GOA",8.72173463304838,-0.345377776675388,424.3,26.1281093358687,1.12884971633669,-0.463557038640367,0.121199164116603,0.563758193174267,-0.759385417848927,-0.169905452414769,0.192617098080568
"Alitak","Chum",1995,328098,132876,0,0,0,0,0,0,0,0,0.903895981741976,124,56.88528,-154.1217,"GoA","GOA",9.40173918008804,0.334626770364279,402,-4.11073275407784,2.4692043709925,0.416056800058603,0.903895981741976,0.480108173343755,0.0358083975755897,-0.335862499742396,-0.0911624580644568
"Alitak","Chum",1996,213375,88774,0,0,0,0,0,0,0,0,0.876957366781452,124,56.88528,-154.1217,"GoA","GOA",10.5799339678552,1.51282155813148,443.6,29.8031196413841,2.40357537116723,0.372987470410843,0.876957366781452,-0.213859692451061,1.41358331492953,-0.0262744652657463,0.227105614215724
"Alitak","Chum",1997,143132,137714,0,0,0,0,0,0,0,0,0.0385882105451922,124,56.88528,-154.1217,"GoA","GOA",9.36431986093521,0.297207451211448,501.1,79.8710331213849,1.0393424052747,-0.52229661864733,0.0385882105451922,0.556236615017949,-0.00794956153992728,0.401641688157507,0.696973151544011
"Alitak","Chum",1998,99688,115444,0,0,0,0,0,0,0,0,-0.1467402552594,124,56.88528,-154.1217,"GoA","GOA",8.04019828140736,-1.02691412831641,381.8,-46.6131174327623,0.863518242611136,-0.637682025128605,-0.1467402552594,0.205806603425492,-1.55637051768579,-0.486191304945,-0.490030504114149
"Alitak","Chum",1999,171084,249098,0,0,0,0,0,0,0,0,-0.375691729372024,124,56.88528,-154.1217,"GoA","GOA",9.01792874932289,-0.0491836604008745,401.8,-33.5617709907838,0.686814025002208,-0.75364497167069,-0.375691729372024,2.30892168063152,-0.413017543616339,-0.337350903754303,-0.367548787076744
"Alitak","Chum",2000,107168,146152,0,0,0,0,0,0,0,0,-0.310249479422475,124,56.88528,-154.1217,"GoA","GOA",9.39160666863124,0.324494258907469,382.9,-59.1918651272497,0.733263999124199,-0.72316196487619,-0.310249479422475,0.689012925651858,0.0239594908583478,-0.478005082879512,-0.608077069091208
"Alitak","Chum",2001,143623,90572,0,0,0,0,0,0,0,0,0.461046696409383,124,56.88528,-154.1217,"GoA","GOA",9.54701209068298,0.479899680959211,466.3,17.6774341079921,1.58573289758424,-0.163725372821029,0.461046696409383,-0.185567229009515,0.205689791099668,0.142659390085695,0.113310858173654
"Alitak","Chum",2002,97373,89490,0,0,0,0,0,0,0,0,0.0844220776324543,124,56.88528,-154.1217,"GoA","GOA",9.73030931750933,0.663196907785566,361.3,-93.6727903862989,1.08808805453123,-0.490307064603947,0.0844220776324543,-0.20259306073574,0.420036624207359,-0.638752716165464,-0.9316668955924
"Alitak","Chum",2003,119403,139176,0,0,0,0,0,0,0,0,-0.15323499297125,124,56.88528,-154.1217,"GoA","GOA",10.1266120539771,1.05949964425335,594.5,133.341193044483,0.857928091050181,-0.641350587517194,-0.15323499297125,0.579241944023255,0.883471003355137,1.09672636171806,1.19876942419379
"Alitak","Chum",2004,98590,68812,0,0,0,0,0,0,0,0,0.359591688252157,124,56.88528,-154.1217,"GoA","GOA",10.8371390302976,1.77002662057383,347.5,-119.692201844423,1.43274428878684,-0.264124843210494,0.359591688252157,-0.527972125832679,1.7143575903964,-0.741452592987045,-1.17584876647152
"Alitak","Chum",2005,135121,120776,0,0,0,0,0,0,0,0,0.112233083035617,124,56.88528,-154.1217,"GoA","GOA",9.03926590416166,-0.0278465055621009,550,76.9215300470468,1.11877359740346,-0.470169537521362,0.112233083035617,0.289708391562492,-0.388065984629839,0.765556469068761,0.669293233417703
"Alitak","Chum",2006,63758,50454,0,0,0,0,0,0,0,0,0.234032636282562,124,56.88528,-154.1217,"GoA","GOA",8.94853644900852,-0.118575960715247,331.7,-147.116423405168,1.26368573353946,-0.375070289051643,0.234032636282562,-0.816844786488913,-0.49416454224788,-0.859036509927696,-1.43321422375265
"Alitak","Chum",2007,196913,71472,0,0,0,0,0,0,0,0,1.01345624221798,124,56.88528,-154.1217,"GoA","GOA",8.46999918752246,-0.597113222201305,657.6,173.201478578285,2.75510689500784,0.60368163186659,1.01345624221798,-0.486115644879112,-1.05376355146112,1.56631782747471,1.5728424162399
"Alitak","Chum",2008,55778,19896,0,0,0,0,0,0,0,0,1.03086081991021,124,56.88528,-154.1217,"GoA","GOA",8.86965819531017,-0.197454214413599,410.3,-79.512118210272,2.80347808604745,0.635425446001902,1.03086081991021,-1.29769078084196,-0.586404365915937,-0.274093733248257,-0.798774595917865
"Alitak","Chum",2009,129512,62624,0,0,0,0,0,0,0,0,0.726624949725539,124,56.88528,-154.1217,"GoA","GOA",8.55555695957608,-0.511555450147689,654.8,159.758485773777,2.06808891159939,0.152822955364803,0.726624949725539,-0.625343518366767,-0.953712733426568,1.54548017130801,1.44668525321174
"Alitak","Chum",2010,49611,44922,0,0,0,0,0,0,0,0,0.0992849308595658,124,56.88528,-154.1217,"GoA","GOA",8.84836841622988,-0.218743993493884,437.6,-62.470593004989,1.10438092694003,-0.479614792977812,0.0992849308595658,-0.903893678457008,-0.611300523934435,-0.0709265856229554,-0.638846631599507
"Alitak","Chum",2011,159096,152214,0,0,0,0,0,0,0,0,0.0442203681786299,124,56.88528,-154.1217,"GoA","GOA",8.03080317046907,-1.03630923925469,578.3,73.4142570728227,1.04521266112184,-0.518444236546881,0.0442203681786299,0.784401642772356,-1.56735711203412,0.976165636753597,0.636378865700044
"Alitak","Chum",2012,41737,28882,0,0,0,0,0,0,0,0,0.368169461859022,124,56.88528,-154.1217,"GoA","GOA",9.23140196998914,0.164289560265375,359.3,-150.178710666804,1.44508690533897,-0.256024944957973,0.368169461859022,-1.15629140571085,-0.163383058712442,-0.653636756284534,-1.46195257680567
"Alitak","Chum",2013,335606,95188,0,0,0,0,0,0,0,0,1.2600839694278,124,56.88528,-154.1217,"GoA","GOA",10.6461056669553,1.57899325723155,552.7,38.850982827287,3.52571752741942,1.10939836449648,1.2600839694278,-0.112932072587836,1.4909641590865,0.785649923229506,0.312016226577104
"Alitak","Chum",2014,94383,36010,0,0,0,0,0,0,0,0,0.963564294527704,124,56.88528,-154.1217,"GoA","GOA",10.2926682962312,1.2255558865074,432.2,-85.8055900084864,2.62102193835046,0.515687769176967,0.963564294527704,-1.04412862517061,1.0776563178915,-0.111113493944444,-0.857836336053156
"Alitak","Chum",2015,52367,106414,0,0,0,0,0,0,0,0,-0.709060525253581,124,56.88528,-154.1217,"GoA","GOA",11.1574067870776,2.09029437735382,512.8,-9.16732517828621,0.492106301802394,-0.881422800645443,-0.709060525253581,0.0637148654515408,2.08887705586179,0.488713322854065,-0.138616575172506
"Alitak","Chum",2016,34816,29540,0,0,0,0,0,0,0,0,0.164331774130244,124,56.88528,-154.1217,"GoA","GOA",10.0458563334412,0.978743923717437,701.3,175.537619931456,1.17860528097495,-0.430904723034143,0.164331774130244,-1.14593743410654,0.789035679635805,1.89153410407638,1.5947661775507
"Alitak","Chum",2017,51475,217120,0,0,0,0,0,0,0,0,-1.43935394317271,124,56.88528,-154.1217,"GoA","GOA",9.62173925505744,0.554626845333671,638.8,109.373894221988,0.237080876934414,-1.048784395694,-1.43935394317271,1.8057312490777,0.293075352289623,1.42640785035546,0.973845817608202
"Alitak","Chum",2018,59748,65080,0,0,0,0,0,0,0,0,-0.0854815649027911,124,56.88528,-154.1217,"GoA","GOA",11.1850758393606,2.11796342963679,312.9,-220.09763796564,0.918070067609096,-0.601882141845615,-0.0854815649027911,-0.586697083320917,2.12123310311156,-0.998946487046951,-2.11811401632047
"Alitak","Chum",2019,107510,18796,0,0,0,0,0,0,0,0,1.74393978525657,124,56.88528,-154.1217,"GoA","GOA",10.3493595785565,1.28224716883272,797.2,260.684735027627,5.71983400723558,2.54929728427854,1.74393978525657,-1.31499985191298,1.14395081149428,2.60522382778578,2.39383812802905
"SW Kodiak","Chum",1984,158100,344,0,0,0,0,0,0,0,0,6.13034136582417,127,57.264508,-154.613211,"GoA","GOA",7.88540928438306,-1.0569541798777,261.8,-47.8680562837991,459.593023255814,5.71673298877476,6.13034136582417,-0.838830302977498,-1.59408127330247,-1.37923371208918,-0.501807608180405
"SW Kodiak","Chum",1985,76777,11928,0,0,0,0,0,0,0,0,1.86201653867168,127,57.264508,-154.613211,"GoA","GOA",8.02864492125809,-0.913718543002663,270.3,-48.5060334477533,6.4367035546613,-0.158217978997368,1.86201653867168,-0.645323895990666,-1.42791478327197,-1.31597654158314,-0.507794771176894
"SW Kodiak","Chum",1986,270189,188402,0,0,0,0,0,0,0,0,0.360543736315479,127,57.264508,-154.613211,"GoA","GOA",8.88951344043016,-0.0528500238305908,212.2,-115.764248823289,1.43410897973482,-0.223074181066265,0.360543736315479,2.30260856832168,-0.429228259935739,-1.74835790704211,-1.13898648313473
"SW Kodiak","Chum",1987,137293,26172,0,0,0,0,0,0,0,0,1.65742719121838,127,57.264508,-154.613211,"GoA","GOA",9.04160360619426,0.0992401419335036,364.4,27.286769793309,5.24579703499924,-0.173657501974403,1.65742719121838,-0.407383179388418,-0.252789703410694,-0.615682453980906,0.203490667556448
"SW Kodiak","Chum",1988,167740,129384,0,0,0,0,0,0,0,0,0.259630434738788,127,57.264508,-154.613211,"GoA","GOA",8.99738624691963,0.0550227826588741,303,-43.2216979870615,1.29645087491498,-0.224858851346636,0.259630434738788,1.31673485220041,-0.304085900009401,-1.07262248563635,-0.458203375874918
"SW Kodiak","Chum",1989,50002,76758,0,0,0,0,0,0,0,0,-0.428594610934786,127,57.264508,-154.613211,"GoA","GOA",9.17184925451875,0.229485790257996,486,130.743381846267,0.651423955809166,-0.233221311181995,-0.428594610934786,0.437637116177527,-0.101692792781463,0.289267185258531,1.17438999502829
"SW Kodiak","Chum",1990,218551,237834,0,0,0,0,0,0,0,0,-0.0845535544174009,127,57.264508,-154.613211,"GoA","GOA",8.63241389766335,-0.309949566597403,277.2,-86.9838643363977,0.918922441703037,-0.229753323601868,-0.0845535544174009,3.12835172355072,-0.72748733527521,-1.26462660317234,-0.86889397393483
"SW Kodiak","Chum",1991,169548,103530,0,0,0,0,0,0,0,0,0.493274646793649,127,57.264508,-154.613211,"GoA","GOA",8.79744983464479,-0.144913629615963,398.6,25.6305823493315,1.63767024051,-0.220435108468137,0.493274646793649,0.884853408291778,-0.536030495515239,-0.361165367944814,0.187948004370243
"SW Kodiak","Chum",1992,99332,108148,0,0,0,0,0,0,0,0,-0.0850328844656305,127,57.264508,-154.613211,"GoA","GOA",9.59878714382649,0.656423679565733,453.7,72.1190405954069,0.918482080112438,-0.229759032675405,-0.0850328844656305,0.961995378894781,0.393594358342745,0.0488899373355554,0.624223772063209
"SW Kodiak","Chum",1993,55689,3106,0,0,0,0,0,0,0,0,2.8864469161687,127,57.264508,-154.613211,"GoA","GOA",9.14724934101105,0.204885876750299,434.9,44.9103454445051,17.9294913071475,-0.0092195835355193,2.8864469161687,-0.792692121339236,-0.130230951104411,-0.0910200397836998,0.368880944773692
"SW Kodiak","Chum",1994,103541,160476,0,0,0,0,0,0,0,0,-0.438176729148395,127,57.264508,-154.613211,"GoA","GOA",8.6295437105,-0.31281975376075,424.3,26.1281093358687,0.645211745058451,-0.23330184946862,-0.438176729148395,1.83611513587052,-0.730817015912439,-0.169905452414769,0.192617098080568
"SW Kodiak","Chum",1995,219330,72782,0,0,0,0,0,0,0,0,1.10310877308995,127,57.264508,-154.613211,"GoA","GOA",9.28746327757836,0.345099813317601,402,-4.11073275407784,3.01351982633069,-0.202597888717882,1.10310877308995,0.371219516541853,0.0324300891301155,-0.335862499742396,-0.0911624580644568
"SW Kodiak","Chum",1996,111004,19114,0,0,0,0,0,0,0,0,1.7591451858551,127,57.264508,-154.613211,"GoA","GOA",10.4576010107994,1.51523754653865,443.6,29.8031196413841,5.80747096369153,-0.166375673061327,1.7591451858551,-0.525284441518344,1.38989729647898,-0.0262744652657463,0.227105614215724
"SW Kodiak","Chum",1997,58101,43656,0,0,0,0,0,0,0,0,0.285842145529774,127,57.264508,-154.613211,"GoA","GOA",9.26611840724945,0.323754942988699,501.1,79.8710331213849,1.33088235294118,-0.224412464004438,0.285842145529774,-0.115319469119273,0.00766807975807471,0.401641688157507,0.696973151544011
"SW Kodiak","Chum",1998,136464,51460,0,0,0,0,0,0,0,0,0.975256036723156,127,57.264508,-154.613211,"GoA","GOA",7.90926703996956,-1.03309642429119,381.8,-46.6131174327623,2.65184609405363,-0.207286812497783,0.975256036723156,0.0150434452561797,-1.56640408630972,-0.486191304945,-0.490030504114149
"SW Kodiak","Chum",1999,54639,147700,0,0,0,0,0,0,0,0,-0.994435276052818,127,57.264508,-154.613211,"GoA","GOA",8.908293094486,-0.0340703697747564,401.8,-33.5617709907838,0.369932295192959,-0.236870713456794,-0.994435276052818,1.62269681269513,-0.407442136967141,-0.337350903754303,-0.367548787076744
"SW Kodiak","Chum",2000,91156,41994,0,0,0,0,0,0,0,0,0.775045573585067,127,57.264508,-154.613211,"GoA","GOA",9.30081401020288,0.358450545942129,382.9,-59.1918651272497,2.17069105110254,-0.213524753275257,0.775045573585067,-0.14308256031507,0.0479181647791176,-0.478005082879512,-0.608077069091208
"SW Kodiak","Chum",2001,12573,7164,0,0,0,0,0,0,0,0,0.562483173412579,127,57.264508,-154.613211,"GoA","GOA",9.48609374463558,0.543730280374823,466.3,17.6774341079921,1.75502512562814,-0.218913659542185,0.562483173412579,-0.724904742234215,0.262859668277472,0.142659390085695,0.113310858173654
"SW Kodiak","Chum",2002,60243,112476,0,0,0,0,0,0,0,0,-0.624353482503917,127,57.264508,-154.613211,"GoA","GOA",9.61681062355637,0.67444715929562,361.3,-93.6727903862989,0.535607596287208,-0.234722813872956,-0.624353482503917,1.03429300747204,0.414503249664701,-0.638752716165464,-0.9316668955924
"SW Kodiak","Chum",2003,34421,26136,0,0,0,0,0,0,0,0,0.275353168938832,127,57.264508,-154.613211,"GoA","GOA",9.97798722237349,1.03562375811273,594.5,133.341193044483,1.31699571472299,-0.224592497505224,0.275353168938832,-0.407984545984717,0.83350126591225,1.09672636171806,1.19876942419379
"SW Kodiak","Chum",2004,16476,21286,0,0,0,0,0,0,0,0,-0.256144803045018,127,57.264508,-154.613211,"GoA","GOA",10.7010452076793,1.75868174341852,347.5,-119.692201844423,0.774029878793573,-0.23163178510771,-0.256144803045018,-0.489001990208313,1.67231491681682,-0.741452592987045,-1.17584876647152
"SW Kodiak","Chum",2005,5502,5122,0,0,0,0,0,0,0,0,0.0715666747250493,127,57.264508,-154.613211,"GoA","GOA",8.9265177026391,-0.0158457616216505,550,76.9215300470468,1.07418976962124,-0.227740358320885,0.0715666747250493,-0.7590155919465,-0.386299918207539,0.765556469068761,0.669293233417703
"SW Kodiak","Chum",2006,29705,42846,0,0,0,0,0,0,0,0,-0.366296909987323,127,57.264508,-154.613211,"GoA","GOA",8.84580439329148,-0.096559070969279,331.7,-147.116423405168,0.693296923866872,-0.232678448546037,-0.366296909987323,-0.128850217535997,-0.479934767785808,-0.859036509927696,-1.43321422375265
"SW Kodiak","Chum",2007,29723,6774,0,0,0,0,0,0,0,0,1.47882940248618,127,57.264508,-154.613211,"GoA","GOA",8.35298774391413,-0.589375720346629,657.6,173.201478578285,4.38780631827576,-0.184780933718395,1.47882940248618,-0.731419547027452,-1.05164732928383,1.56631782747471,1.5728424162399
"SW Kodiak","Chum",2008,42662,8174,0,0,0,0,0,0,0,0,1.65235020912754,127,57.264508,-154.613211,"GoA","GOA",8.73937378451228,-0.202989679748474,410.3,-79.512118210272,5.21923171030095,-0.174001908470043,1.65235020912754,-0.708033068282497,-0.603404045952091,-0.274093733248257,-0.798774595917865
"SW Kodiak","Chum",2009,20291,4264,0,0,0,0,0,0,0,0,1.55996975112194,127,57.264508,-154.613211,"GoA","GOA",8.40347710251808,-0.538886361742671,654.8,159.758485773777,4.75867729831144,-0.179972772100973,1.55996975112194,-0.773348162491623,-0.99307503759618,1.54548017130801,1.44668525321174
"SW Kodiak","Chum",2010,21002,17226,0,0,0,0,0,0,0,0,0.19819780091682,127,57.264508,-154.613211,"GoA","GOA",8.69532251730561,-0.247040946955143,437.6,-62.470593004989,1.21920352954836,-0.225860325554739,0.19819780091682,-0.556822778568684,-0.654507560502134,-0.0709265856229554,-0.638846631599507
"SW Kodiak","Chum",2011,39906,17158,0,0,0,0,0,0,0,0,0.844062151379566,127,57.264508,-154.613211,"GoA","GOA",7.90224734693766,-1.0401161173231,578.3,73.4142570728227,2.32579554726658,-0.211513899028657,0.844062151379566,-0.557958693250582,-1.57454757474355,0.976165636753597,0.636378865700044
"SW Kodiak","Chum",2012,33152,18650,0,0,0,0,0,0,0,0,0.575256900547193,127,57.264508,-154.613211,"GoA","GOA",9.10030872002244,0.157945255761687,359.3,-150.178710666804,1.77758713136729,-0.218621154126969,0.575256900547193,-0.533035388759529,-0.184686381329047,-0.653636756284534,-1.46195257680567
"SW Kodiak","Chum",2013,73545,800,0,0,0,0,0,0,0,0,4.52104101508552,127,57.264508,-154.613211,"GoA","GOA",10.5314969569445,1.58913349268371,552.7,38.850982827287,91.93125,0.950177174157558,4.52104101508552,-0.831212992757713,1.47562337880248,0.785649923229506,0.312016226577104
"SW Kodiak","Chum",2014,40935,2654,0,0,0,0,0,0,0,0,2.7359175069184,127,57.264508,-154.613211,"GoA","GOA",10.1761393621564,1.23377589789564,432.2,-85.8055900084864,15.4238884702336,-0.0417035039215074,2.7359175069184,-0.800242613048322,1.06337594150353,-0.111113493944444,-0.857836336053156
"SW Kodiak","Chum",2015,43202,2694,0,0,0,0,0,0,0,0,2.77485971248655,127,57.264508,-154.613211,"GoA","GOA",11.0837178602815,2.14135439602072,512.8,-9.16732517828621,16.0363771343727,-0.0337628867135065,2.77485971248655,-0.799574427941323,2.11625032912658,0.488713322854065,-0.138616575172506
"SW Kodiak","Chum",2016,60719,13906,0,0,0,0,0,0,0,0,1.47393626223672,127,57.264508,-154.613211,"GoA","GOA",9.97041711583734,1.02805365157658,701.3,175.537619931456,4.36638860923342,-0.185058603884285,1.47393626223672,-0.612282142449579,0.824719247276996,1.89153410407638,1.5947661775507
"SW Kodiak","Chum",2017,37583,43488,0,0,0,0,0,0,0,0,-0.145933217472988,127,57.264508,-154.613211,"GoA","GOA",9.51842042058706,0.576056956326305,638.8,109.373894221988,0.864215415746873,-0.230462573547443,-0.145933217472988,-0.118125846568667,0.300361580471974,1.42640785035546,0.973845817608202
"SW Kodiak","Chum",2018,55698,21130,0,0,0,0,0,0,0,0,0.969250408017885,127,57.264508,-154.613211,"GoA","GOA",11.1026569083333,2.16029344407255,312.9,-220.09763796564,2.63596781826787,-0.207492666609573,0.969250408017885,-0.491607912125608,2.13822136376538,-0.998946487046951,-2.11811401632047
"SW Kodiak","Chum",2019,48663,25404,0,0,0,0,0,0,0,0,0.650012345795359,127,57.264508,-154.613211,"GoA","GOA",10.2620743513107,1.31971088704998,797.2,260.684735027627,1.91556447803496,-0.216832345031533,0.650012345795359,-0.420212333442794,1.16306841908887,2.60522382778578,2.39383812802905
"Mainland Kodiak","Chum",1979,785878,370060,0,0,0,0,0,0,0,0,0.753136409443355,129,58.03333,-154.6644,"GoA","GOA",8.35209027131399,-0.71977875853238,297.9,32.6075384498225,2.12365021888342,0.639666620909052,0.753136409443355,-0.387620714490344,-1.16839242768672,-0.988860595743604,0.228509441766573
"Mainland Kodiak","Chum",1980,714260,756100,0,0,0,0,0,0,0,0,-0.0569266008513156,129,58.03333,-154.6644,"GoA","GOA",10.0965767065684,1.02470767672204,223.2,-50.6883073338683,0.944663404311599,-0.56244159140678,-0.0569266008513156,1.12666689957163,0.825450597089433,-1.54253213990886,-0.58272917384175
"Mainland Kodiak","Chum",1981,808989,570570,0,0,0,0,0,0,0,0,0.349149458770997,129,58.03333,-154.6644,"GoA","GOA",7.73625240723292,-1.33561662261345,431,148.341946054577,1.41786108628214,-0.0799639143750939,0.349149458770997,0.398903504491022,-1.8722580496123,-0.00233204784005346,1.35567514517208
"Mainland Kodiak","Chum",1982,1038419,936396,0,0,0,0,0,0,0,0,0.103416179234154,129,58.03333,-154.6644,"GoA","GOA",10.0350020607312,0.963133030884883,308.8,17.2345438819623,1.10895283619323,-0.394930239438572,0.103416179234154,1.83389930985273,0.755074482019457,-0.908070504292449,0.0787880875543675
"Mainland Kodiak","Chum",1983,785432,512020,0,0,0,0,0,0,0,0,0.42787019810748,129,58.03333,-154.6644,"GoA","GOA",10.0800932725271,1.00822424268069,326.3,25.7214716941774,1.53398695363462,0.038439325662343,0.42787019810748,0.169234196120572,0.806611023835365,-0.77836164187087,0.161444353354566
"Mainland Kodiak","Chum",1984,814754,493500,0,0,0,0,0,0,0,0,0.501363368313519,129,58.03333,-154.6644,"GoA","GOA",7.99715234041214,-1.07471668943423,261.8,-47.8680562837991,1.65097061803445,0.157717185214063,0.501363368313519,0.0965873030203028,-1.57406512508085,-1.25643144908183,-0.555262059053488
"Mainland Kodiak","Chum",1985,1243000,760800,0,0,0,0,0,0,0,0,0.490912580279531,129,58.03333,-154.6644,"GoA","GOA",8.1501200457414,-0.921748984104967,270.3,-48.5060334477533,1.63380651945321,0.140216477312592,0.490912580279531,1.14510320613595,-1.39923224239221,-1.19343000161992,-0.561475474697528
"Mainland Kodiak","Chum",1986,692648,637950,0,0,0,0,0,0,0,0,0.0822620232707673,129,58.03333,-154.6644,"GoA","GOA",9.00515424410502,-0.0667147857413453,212.2,-115.764248823289,1.085740261776,-0.418598041309692,0.0822620232707673,0.663209533491891,-0.421979603506688,-1.62406342485956,-1.21651968508021
"Mainland Kodiak","Chum",1987,943748,554200,0,0,0,0,0,0,0,0,0.532333548926813,129,58.03333,-154.6644,"GoA","GOA",9.24252353111903,0.170654501272661,364.4,27.286769793309,1.70290147961025,0.21066647557197,0.532333548926813,0.334690240989326,-0.150680791636052,-0.495966918541605,0.176689174401842
"Mainland Kodiak","Chum",1988,549280,422600,0,0,0,0,0,0,0,0,0.262182224527426,129,58.03333,-154.6644,"GoA","GOA",9.13916183312734,0.0672928032809708,303,-43.2216979870615,1.29976336961666,-0.20037767414295,0.262182224527426,-0.18152634281172,-0.268816992872661,-0.951059727266458,-0.510010039138184
"Mainland Kodiak","Chum",1989,257817,1243000,0,0,0,0,0,0,0,0,-1.57303306058859,129,58.03333,-154.6644,"GoA","GOA",9.35392315785091,0.282054128004539,486,130.743381846267,0.207415124698311,-1.31414822670169,-1.57303306058859,3.03658980726714,-0.0233577215144843,0.40532437691348,1.18427842387438
"Mainland Kodiak","Chum",1990,457165,492000,0,0,0,0,0,0,0,0,-0.0734343404328613,129,58.03333,-154.6644,"GoA","GOA",8.71650832891464,-0.355360700931725,277.2,-86.9838643363977,0.929197154471545,-0.578211153641629,-0.0734343404328613,0.0907033753933911,-0.75188451592209,-1.14228765015084,-0.936220481102479
"Mainland Kodiak","Chum",1991,415874,721200,0,0,0,0,0,0,0,0,-0.550534161562093,129,58.03333,-154.6644,"GoA","GOA",8.84115619659424,-0.230712833252129,398.6,25.6305823493315,0.576641708264004,-0.937680650623809,-0.550534161562093,0.989767516785486,-0.609419503581689,-0.242478741694862,0.160559159794281
"Mainland Kodiak","Chum",1992,458758,435200,0,0,0,0,0,0,0,0,0.0527171423670931,129,58.03333,-154.6644,"GoA","GOA",9.70204898516337,0.63017995531701,453.7,72.1190405954069,1.05413143382353,-0.450826757690328,0.0527171423670931,-0.132101350745662,0.374529151380671,0.165918876558223,0.613321625370874
"Mainland Kodiak","Chum",1993,415928,173580,0,0,0,0,0,0,0,0,0.873873580142549,129,58.03333,-154.6644,"GoA","GOA",9.29696458180746,0.225095551961094,434.9,44.9103454445051,2.39617467450167,0.917535620041644,0.873873580142549,-1.15833678124741,-0.0884579465723204,0.0265744986424696,0.348329488259419
"Mainland Kodiak","Chum",1994,432564,366200,0,0,0,0,0,0,0,0,0.166550660062638,129,58.03333,-154.6644,"GoA","GOA",8.72274202108383,-0.349127008762533,424.3,26.1281093358687,1.18122337520481,-0.321242385273848,0.166550660062638,-0.402762021583597,-0.744759780871725,-0.0519920123100292,0.165404696807427
"Mainland Kodiak","Chum",1995,831272,315000,0,0,0,0,0,0,0,0,0.970384418959622,129,58.03333,-154.6644,"GoA","GOA",9.37843009630839,0.306561066462024,402,-4.11073275407784,2.63895873015873,1.16508097298156,0.970384418959622,-0.60360008458218,0.00465223449010258,-0.217278162710098,-0.129098782493939
"Mainland Kodiak","Chum",1996,1199624,418400,0,0,0,0,0,0,0,0,1.0533255405929,129,58.03333,-154.6644,"GoA","GOA",10.561123919487,1.48925488964063,443.6,29.8031196413841,2.86717017208413,1.39776792511053,1.0533255405929,-0.198001340167072,1.35640010832587,0.0910583331034834,0.201196521051996
"Mainland Kodiak","Chum",1997,797845,381000,0,0,0,0,0,0,0,0,0.73911496786796,129,58.03333,-154.6644,"GoA","GOA",9.38844647407532,0.316577444228953,501.1,79.8710331213849,2.0940813648294,0.609517884852132,0.73911496786796,-0.344707268998069,0.0161003515637109,0.517244595345813,0.688820176658912
"Mainland Kodiak","Chum",1998,484027,407300,0,0,0,0,0,0,0,0,0.1725906756303,129,58.03333,-154.6644,"GoA","GOA",8.01652927597364,-1.05533975387273,381.8,-46.6131174327623,1.18837957279646,-0.313945845747228,0.1725906756303,-0.241542404606218,-1.55191845369948,-0.366999249619578,-0.543039902634884
"Mainland Kodiak","Chum",1999,434026,621200,0,0,0,0,0,0,0,0,-0.358548651134428,129,58.03333,-154.6644,"GoA","GOA",9.02145148515701,-0.0504175446893525,401.8,-33.5617709907838,0.698689632968448,-0.813239214324457,-0.358548651134428,0.597505674991379,-0.403352837635692,-0.218760549709202,-0.415929647377852
"Mainland Kodiak","Chum",2000,878183,1004600,0,0,0,0,0,0,0,0,-0.134489731152963,129,58.03333,-154.6644,"GoA","GOA",9.42953338623047,0.357664356384106,382.9,-59.1918651272497,0.874161855464862,-0.634325763309438,-0.134489731152963,2.10143757642999,0.063060219840471,-0.358846121124507,-0.665547403096093
"Mainland Kodiak","Chum",2001,124902,589400,0,0,0,0,0,0,0,0,-1.55157564049002,129,58.03333,-154.6644,"GoA","GOA",9.57272355556487,0.500854525718508,466.3,17.6774341079921,0.211913810654903,-1.30956131591846,-1.55157564049002,0.472766409300852,0.226717967229189,0.25930925750176,0.0831015037932027
"Mainland Kodiak","Chum",2002,879419,394350,0,0,0,0,0,0,0,0,0.802022622309521,129,58.03333,-154.6644,"GoA","GOA",9.80390155712764,0.73203252728127,361.3,-93.6727903862989,2.23004691264105,0.748149886157231,0.802022622309521,-0.292340313118555,0.49094051237634,-0.518943917027713,-1.00136556796215
"Mainland Kodiak","Chum",2003,227113,229500,0,0,0,0,0,0,0,0,-0.0104553385223702,129,58.03333,-154.6644,"GoA","GOA",10.128683368365,1.05681433851861,594.5,133.341193044483,0.989599128540305,-0.516624621739223,-0.0104553385223702,-0.938983959316142,0.862146579573586,1.20951932392727,1.20957914253837
"Mainland Kodiak","Chum",2004,458660,728790,0,0,0,0,0,0,0,0,-0.463076429830276,129,58.03333,-154.6644,"GoA","GOA",10.8754429419835,1.80357391213718,347.5,-119.692201844423,0.629344529974341,-0.883944261033039,-0.463076429830276,1.01954019057766,1.71564783756821,-0.621228619965872,-1.25477498030004
"Mainland Kodiak","Chum",2005,329119,75000,0,0,0,0,0,0,0,0,1.47893127395828,129,58.03333,-154.6644,"GoA","GOA",9.06161684989929,-0.0102521799470726,550,76.9215300470468,4.38825333333333,2.94868141892858,1.47893127395828,-1.54502850488804,-0.357446242599713,0.879688216626682,0.660094244792246
"Mainland Kodiak","Chum",2006,464770,692280,0,0,0,0,0,0,0,0,-0.398447838491989,129,58.03333,-154.6644,"GoA","GOA",8.97410363356273,-0.0977653962836403,331.7,-147.116423405168,0.6713612988964,-0.841103491016008,-0.398447838491989,0.87632539213863,-0.457468582952817,-0.738337192895069,-1.52186618183305
"Mainland Kodiak","Chum",2007,389368,174700,0,0,0,0,0,0,0,0,0.801454694712019,129,58.03333,-154.6644,"GoA","GOA",8.51676347255706,-0.555105557289301,657.6,173.201478578285,2.22878076702919,0.74685890985521,0.801454694712019,-1.15394344861931,-0.980180867521628,1.6772124221445,1.59778821287025
"Mainland Kodiak","Chum",2008,359692,244850,0,0,0,0,0,0,0,0,0.384602331549737,129,58.03333,-154.6644,"GoA","GOA",8.91287442445755,-0.158994605388817,410.3,-79.512118210272,1.4690300183786,-0.0277914958812322,0.384602331549737,-0.878771766600746,-0.527449884624052,-0.155759102247292,-0.863451318048709
"Mainland Kodiak","Chum",2009,308766,207312,0,0,0,0,0,0,0,0,0.398358803575374,129,58.03333,-154.6644,"GoA","GOA",8.65266962051392,-0.419199409332449,654.8,159.758485773777,1.48937832831674,-0.00704413027793636,0.398358803575374,-1.02601901677342,-0.824848318267128,1.65645900415705,1.46686361789486
"Mainland Kodiak","Chum",2010,240036,289430,0,0,0,0,0,0,0,0,-0.187124559482174,129,58.03333,-154.6644,"GoA","GOA",8.90902016560237,-0.162848864244,437.6,-62.470593004989,0.829340427737277,-0.680026194979336,-0.187124559482174,-0.703901437528933,-0.531855070573789,0.0465867231303707,-0.697479735848929
"Mainland Kodiak","Chum",2011,297485,277200,0,0,0,0,0,0,0,0,0.0706245362307296,129,58.03333,-154.6644,"GoA","GOA",8.09587216377258,-0.975996866073784,578.3,73.4142570728227,1.07317821067821,-0.43140644985298,0.0706245362307296,-0.751875060780352,-1.46123430723293,1.08944597699986,0.62593605544438
"Mainland Kodiak","Chum",2012,205252,288200,0,0,0,0,0,0,0,0,-0.339416191065986,129,58.03333,-154.6644,"GoA","GOA",9.20561049381892,0.133741463972552,359.3,-150.178710666804,0.712185981956974,-0.799478185146807,-0.339416191065986,-0.708726258183001,-0.19287017210744,-0.53376778701875,-1.55169054648595
"Mainland Kodiak","Chum",2013,1127864,225400,0,0,0,0,0,0,0,0,1.61020425580761,129,58.03333,-154.6644,"GoA","GOA",10.6171972354253,1.54532820557895,552.7,38.850982827287,5.00383318544809,3.57633355754224,1.61020425580761,-0.9550666948297,1.42048853435217,0.899700441114583,0.289315873657004
"Mainland Kodiak","Chum",2014,334216,214862,0,0,0,0,0,0,0,0,0.441791528957005,129,58.03333,-154.6644,"GoA","GOA",10.2646615584691,1.19279252862277,432.2,-85.8055900084864,1.55549143170966,0.0603655332976251,0.441791528957005,-0.996403247717963,1.01756146866748,0.006562274154569,-0.924744979226145
"Mainland Kodiak","Chum",2015,637945,266400,0,0,0,0,0,0,0,0,0.873253134065976,129,58.03333,-154.6644,"GoA","GOA",11.206414826711,2.13454579686465,512.8,-9.16732517828621,2.39468843843844,0.916020237040774,0.873253134065976,-0.794239339694116,2.09392878629031,0.603964234793383,-0.178346172916781
"Mainland Kodiak","Chum",2016,231313,137400,0,0,0,0,0,0,0,0,0.520875391933741,129,58.03333,-154.6644,"GoA","GOA",10.0853940526644,1.01352502281807,701.3,175.537619931456,1.68350072780204,0.190885250892013,0.520875391933741,-1.30025711560852,0.812669496569346,2.00111398144867,1.62054046491092
"Mainland Kodiak","Chum",2017,296593,761000,0,0,0,0,0,0,0,0,-0.942272529245528,129,58.03333,-154.6644,"GoA","GOA",9.66265172958374,0.590782699737373,638.8,109.373894221988,0.389741130091984,-1.12824658158272,-0.942272529245528,1.14588772981954,0.329500458898275,1.53786804422875,0.976155757089796
"Mainland Kodiak","Chum",2018,380111,316400,0,0,0,0,0,0,0,0,0.183456079435654,129,58.03333,-154.6644,"GoA","GOA",11.1971430142721,2.12527398442569,312.9,-220.09763796564,1.20136219974716,-0.300708613335492,0.183456079435654,-0.598108418797062,2.08333166258395,-0.877681570810822,-2.23264808107926
"Mainland Kodiak","Chum",2019,512488,518600,0,0,0,0,0,0,0,0,-0.011855577000274,129,58.03333,-154.6644,"GoA","GOA",10.3430178244909,1.2711487946445,797.2,260.684735027627,0.988214423447744,-0.518036482620812,-0.011855577000274,0.195045025310624,1.10711796581052,2.71191854751893,2.44980904515967
"Chignik","Chum",1980,653183,356010,0,0,0,0,0,0,0,0,0.606898514692943,123,56.59639,-157.9933,"GoA","GOA",9.37489178306178,0.979315992039189,223.2,-50.6883073338683,1.83473217044465,-0.0132939835232758,0.606898514692943,-0.162989898206856,0.684665973429662,-1.54754196635713,-0.592222985181883
"Chignik","Chum",1981,116823,350370,0,0,0,0,0,0,0,0,-1.098329770142,123,56.59639,-157.9933,"GoA","GOA",7.0114307497677,-1.38414504125489,431,148.341946054577,0.333427519479407,-1.06674762692568,-1.098329770142,-0.195789902973055,-1.87175402266421,-0.0271649989972736,1.31920426708196
"Chignik","Chum",1982,266590,467870,0,0,0,0,0,0,0,0,-0.562478581888706,123,56.59639,-157.9933,"GoA","GOA",9.36158339914522,0.966007608122632,308.8,17.2345438819623,0.569795028533567,-0.900890408382489,-0.562478581888706,0.487543529656101,0.670271059242072,-0.921246160745945,0.0600878402081343
"Chignik","Chum",1983,283063,122810,0,0,0,0,0,0,0,0,0.835031042086927,123,56.59639,-157.9933,"GoA","GOA",9.19833068471206,0.802754893689466,326.3,25.7214716941774,2.30488559563553,0.316608970155727,0.835031042086927,-1.51918867683766,0.493689978481931,-0.793206714505342,0.141593766227347
"Chignik","Chum",1984,804215,589880,0,0,0,0,0,0,0,0,0.309947519983084,123,56.59639,-157.9933,"GoA","GOA",7.29568358314665,-1.09989220787594,261.8,-47.8680562837991,1.36335356343663,-0.344056637629012,0.309947519983084,1.19710533489085,-1.5642940658637,-1.26512353064928,-0.565138134393862
"Chignik","Chum",1985,212304,94018,0,0,0,0,0,0,0,0,0.814532956494122,123,56.59639,-157.9933,"GoA","GOA",7.40472083813266,-0.990854952889936,270.3,-48.5060334477533,2.25812078538152,0.283794471304054,0.814532956494122,-1.68663153804837,-1.44635473238676,-1.20293294247527,-0.571265076990494
"Chignik","Chum",1986,655934,89950,0,0,0,0,0,0,0,0,1.98680621372995,123,56.59639,-157.9933,"GoA","GOA",8.53791224329095,0.142336452268359,212.2,-115.764248823289,7.2922067815453,3.81617294655234,1.98680621372995,-1.71028941382654,-0.220646702197328,-1.62802390399408,-1.21719293779928
"Chignik","Chum",1987,861796,155802,0,0,0,0,0,0,0,0,1.7104326133981,123,56.59639,-157.9933,"GoA","GOA",8.56406875660545,0.168492965582857,364.4,27.286769793309,5.53135389789605,2.58059635349822,1.7104326133981,-1.32732028016275,-0.192354704688877,-0.514446548690085,0.156626422789149
"Chignik","Chum",1988,1092564,536440,0,0,0,0,0,0,0,0,0.71132778664689,123,56.59639,-157.9933,"GoA","GOA",8.42415264405702,0.0285768530344269,303,-43.2216979870615,2.03669375885467,0.128420871620272,0.71132778664689,0.88631947412743,-0.343693924103044,-0.963682091499974,-0.520515893699463
"Chignik","Chum",1989,310870,210680,0,0,0,0,0,0,0,0,0.389034423744136,123,56.59639,-157.9933,"GoA","GOA",8.59070231726295,0.195126526240362,486,130.743381846267,1.47555534459844,-0.265325531930275,0.389034423744136,-1.00817158130469,-0.163546712480463,0.37524468918748,1.15019289993655
"Chignik","Chum",1990,757776,385930,0,0,0,0,0,0,0,0,0.674731821588292,123,56.59639,-157.9933,"GoA","GOA",8.31050111118116,-0.0850746798414352,277.2,-86.9838643363977,1.96350633534579,0.0770658332560745,0.674731821588292,0.0110129639570963,-0.466624256838689,-1.15244881795755,-0.940794700333797
"Chignik","Chum",1991,795904,600700,0,0,0,0,0,0,0,0,0.281382933700064,123,56.59639,-157.9933,"GoA","GOA",8.31547274401313,-0.0801030470094611,398.6,25.6305823493315,1.32496087897453,-0.370996481784291,0.281382933700064,1.26003016672955,-0.461246727272576,-0.26422088803702,0.140720892040026
"Chignik","Chum",1992,547091,870430,0,0,0,0,0,0,0,0,-0.464372191859704,123,56.59639,-157.9933,"GoA","GOA",9.08555150973169,0.689975718709102,453.7,72.1190405954069,0.62852957733534,-0.859676838312588,-0.464372191859704,2.828672947862,0.371703225156476,0.138920454126252,0.587182193749031
"Chignik","Chum",1993,686945,188510,0,0,0,0,0,0,0,0,1.29310317491453,123,56.59639,-157.9933,"GoA","GOA",8.52695152634069,0.131375735318097,434.9,44.9103454445051,3.64407723728184,1.25630919235867,1.29310317491453,-1.13710351493352,-0.232502279923575,0.00136950616491785,0.325877992379853
"Chignik","Chum",1994,504760,530500,0,0,0,0,0,0,0,0,-0.049736889269328,123,56.59639,-157.9933,"GoA","GOA",8.26728699081823,-0.128288800204363,424.3,26.1281093358687,0.951479736098021,-0.633065256734394,-0.049736889269328,0.851774788256646,-0.513366487767465,-0.0761858155579618,0.145498992980026
"Chignik","Chum",1995,293389,414950,0,0,0,0,0,0,0,0,-0.346658657517608,123,56.59639,-157.9933,"GoA","GOA",8.69449543952942,0.298919648506827,402,-4.11073275407784,0.707046632124352,-0.804582039676261,-0.346658657517608,0.179781782807293,-0.051279656040277,-0.239344652767417,-0.144905836756186
"Chignik","Chum",1996,456919,426200,0,0,0,0,0,0,0,0,0.0695974126319082,123,56.59639,-157.9933,"GoA","GOA",9.90040631356992,1.50483052254733,443.6,29.8031196413841,1.07207648991084,-0.548443464878266,0.0695974126319082,0.245207324229233,1.25308484520453,0.0650234022959611,0.18079269698091
"Chignik","Chum",1997,732369,531040,0,0,0,0,0,0,0,0,0.321447137335408,123,56.59639,-157.9933,"GoA","GOA",8.85890139090388,0.463325599881284,501.1,79.8710331213849,1.37912210003013,-0.332991979756364,0.321447137335408,0.854915214244899,0.126548814854679,0.485724439943659,0.661630020253985
"Chignik","Chum",1998,407939,375764,0,0,0,0,0,0,0,0,0.0821563666678419,123,56.59639,-157.9933,"GoA","GOA",7.35133798028293,-1.04423781073966,381.8,-46.6131174327623,1.0856255522083,-0.53893619462984,0.0821563666678419,-0.0481084630736101,-1.50409590236301,-0.387138756427999,-0.55308607557889
"Chignik","Chum",1999,409388,152792,0,0,0,0,0,0,0,0,0.985585842269651,123,56.59639,-157.9933,"GoA","GOA",8.45636262391743,0.0607868328948373,401.8,-33.5617709907838,2.67938111943034,0.579389528202943,0.985585842269651,-1.34482524724542,-0.308854239661888,-0.240807960724452,-0.427744833012885
"Chignik","Chum",2000,595243,335962,0,0,0,0,0,0,0,0,0.571971667203661,123,56.59639,-157.9933,"GoA","GOA",8.88732755811591,0.491751767093316,382.9,-59.1918651272497,1.77175692489031,-0.057483217088044,0.571971667203661,-0.279581120822594,0.157295766570597,-0.379090562664304,-0.673888620585296
"Chignik","Chum",2001,349861,533366,0,0,0,0,0,0,0,0,-0.421671934939852,123,56.59639,-157.9933,"GoA","GOA",9.29388460987492,0.898308818852332,466.3,17.6774341079921,0.655949198111616,-0.840436706478647,-0.421671934939852,0.868442308409115,0.597045168836455,0.231108855419487,0.0643412259793039
"Chignik","Chum",2002,247930,353380,0,0,0,0,0,0,0,0,-0.354397516930343,123,56.59639,-157.9933,"GoA","GOA",9.19282948657086,0.797253695548268,361.3,-93.6727903862989,0.701596015620578,-0.808406694326467,-0.354397516930343,-0.178284935890385,0.487739648549463,-0.537127822024135,-1.00503315314431
"Chignik","Chum",2003,552513,345344,0,0,0,0,0,0,0,0,0.469935940821679,123,56.59639,-157.9933,"GoA","GOA",9.43854934918253,1.04297355815994,594.5,133.341193044483,1.59989170218681,-0.178079689572675,0.469935940821679,-0.225019127078537,0.75352070496164,1.16908925587922,1.17514150466357
"Chignik","Chum",2004,603595,594738,0,0,0,0,0,0,0,0,0.0147824707930893,123,56.59639,-157.9933,"GoA","GOA",10.1235136985779,1.72793790755529,347.5,-119.692201844423,1.01489227189115,-0.588569180054881,0.0147824707930893,1.22535753757777,1.4944072838976,-0.638096071059582,-1.25491582827642
"Chignik","Chum",2005,686725,341040,0,0,0,0,0,0,0,0,0.699934148506702,123,56.59639,-157.9933,"GoA","GOA",8.46429584841979,0.0687200573972012,550,76.9215300470468,2.0136201032137,0.11223026927586,0.699934148506702,-0.250049485325651,-0.300273326557906,0.843503235438831,0.633303871535665
"Chignik","Chum",2006,884629,186300,0,0,0,0,0,0,0,0,1.55781007046816,123,56.59639,-157.9933,"GoA","GOA",8.42597379653077,0.0303980055081809,331.7,-147.116423405168,4.74841116478798,2.03121160721248,1.55781007046816,-1.14995599907063,-0.34172408811495,-0.753697399665384,-1.5182898810694
"Chignik","Chum",2007,774003,473960,0,0,0,0,0,0,0,0,0.490452819602669,123,56.59639,-157.9933,"GoA","GOA",7.76962028835949,-0.625955502663102,657.6,173.201478578285,1.63305553211241,-0.154808891442629,0.490452819602669,0.522960556079178,-1.05166396406748,1.63076291632391,1.55794781051511
"Chignik","Chum",2008,473912,394270,0,0,0,0,0,0,0,0,0.183985696661615,123,56.59639,-157.9933,"GoA","GOA",8.06211111576933,-0.333464675253258,410.3,-79.512118210272,1.2019986303802,-0.457278122688667,0.183985696661615,0.0595150986645615,-0.73529344247592,-0.178617372550445,-0.869038276753307
"Chignik","Chum",2009,534955,430300,0,0,0,0,0,0,0,0,0.217699991364295,123,56.59639,-157.9933,"GoA","GOA",7.72617834179025,-0.669397449232341,654.8,159.758485773777,1.24321403671857,-0.428357596835668,0.217699991364295,0.269051299325229,-1.09865262151281,1.61027660492542,1.42884531297483
"Chignik","Chum",2010,214392,303300,0,0,0,0,0,0,0,0,-0.346916299626888,123,56.59639,-157.9933,"GoA","GOA",8.02855657903772,-0.367019211984877,437.6,-62.470593004989,0.706864490603363,-0.804709846946276,-0.346916299626888,-0.469530368282454,-0.771587456826908,0.021124163584897,-0.705376546222596
"Chignik","Chum",2011,592237,504500,0,0,0,0,0,0,0,0,0.160339052814369,123,56.59639,-157.9933,"GoA","GOA",7.30367550410722,-1.09190028691537,578.3,73.4142570728227,1.17390882061447,-0.476988520855462,0.160339052814369,0.700569092525939,-1.55564966417355,1.05056131135935,0.599621066886986
"Chignik","Chum",2012,354135,302800,0,0,0,0,0,0,0,0,0.156605674804992,123,56.59639,-157.9933,"GoA","GOA",8.53241370539916,0.13683791437657,359.3,-150.178710666804,1.16953434610304,-0.480058055149568,0.156605674804992,-0.472438170123429,-0.226594154690868,-0.551760901594489,-1.54769917551836
"Chignik","Chum",2013,1189236,379990,0,0,0,0,0,0,0,0,1.14092142653312,123,56.59639,-157.9933,"GoA","GOA",10.0818047837207,1.68622899269812,552.7,38.850982827287,3.12965078028369,0.89534020112903,1.14092142653312,-0.0235317219136883,1.44929314727584,0.86325789285881,0.267685679197721
"Chignik","Chum",2015,733117,491220,0,0,0,0,0,0,0,0,0.400413214540826,123,56.59639,-157.9933,"GoA","GOA",10.8224408124623,2.42686502143966,512.8,-9.16732517828621,1.49244126867799,-0.253476812063608,0.400413214540826,0.623337875629639,2.25039658288591,0.571327955430233,-0.193467843781114
"Chignik","Chum",2016,200190,235700,0,0,0,0,0,0,0,0,-0.163292894358461,123,56.59639,-157.9933,"GoA","GOA",9.54679490704285,1.15121911602026,701.3,175.537619931456,0.849342384386933,-0.704734231594587,-0.163292894358461,-0.862665177182292,0.870603705148352,1.95049570493616,1.58038341601513
"Chignik","Chum",2017,855387,580000,0,0,0,0,0,0,0,0,0.38852589456847,123,56.59639,-157.9933,"GoA","GOA",9.08894493705348,0.693369146030886,638.8,109.373894221988,1.47480517241379,-0.265851921840937,0.38852589456847,1.13964717051318,0.375373700505337,1.49321196836258,0.944966707854877
"Chignik","Chum",2018,547286,165000,0,0,0,0,0,0,0,0,1.19902604380152,123,56.59639,-157.9933,"GoA","GOA",10.7142258945264,2.31865010350384,312.9,-220.09763796564,3.31688484848485,1.02672087139389,1.19902604380152,-1.27382835749618,2.13334672414497,-0.891248347626719,-2.21917972087654
"Chignik","Chum",2019,1127995,575600,0,0,0,0,0,0,0,0,0.672784024410854,123,56.59639,-157.9933,"GoA","GOA",9.90038963368065,1.50481384265806,797.2,260.684735027627,1.95968554551772,0.0743848151412871,0.672784024410854,1.1140585143126,1.25306680352673,2.65215187033467,2.39811093972392
"NW AK Peninsula","Chum",1962,152100,174750,0,0,0,0,0,0,0,0,-0.138818181848672,131,54.982,-163.37,"BS","BS",8.74414827227593,-0.439616175138786,146.2,-49.0768726509801,0.870386266094421,-0.649981418577317,-0.138818181848672,-0.717916441138677,-0.528800378260061,-1.36158906222269,-0.566572433781415
"NW AK Peninsula","Chum",1963,91100,233700,0,0,0,0,0,0,0,0,-0.9420804372789,131,54.982,-163.37,"BS","BS",8.37818608283997,-0.805578364574746,205.1,11.278580937552,0.389816003423192,-1.1010464026546,-0.9420804372789,-0.378890180384909,-0.918572930383674,-0.990756780895996,0.107126530512013
"NW AK Peninsula","Chum",1964,292750,167250,0,0,0,0,0,0,0,0,0.559829303469489,131,54.982,-163.37,"BS","BS",8.27330450415611,-0.910459943258599,161.1,-31.9369804200911,1.75037369207773,0.175977957442004,0.559829303469489,-0.761049553193863,-1.03027835180266,-1.26777919818589,-0.375253721759592
"NW AK Peninsula","Chum",1965,160850,38700,0,0,0,0,0,0,0,0,1.4246326536493,131,54.982,-163.37,"BS","BS",8.52067900896072,-0.663085438453989,175.2,-17.7751125688447,4.15633074935401,2.43421794028795,1.4246326536493,-1.50035109381976,-0.766809078606391,-1.17900610537254,-0.217176279928256
"NW AK Peninsula","Chum",1966,108029,96000,0,0,0,0,0,0,0,0,0.118051518130257,131,54.982,-163.37,"BS","BS",9.7684612929821,0.58469684556739,172,-21.6750197658039,1.12530208333333,-0.410716511912501,0.118051518130257,-1.17081411771814,0.562156862075168,-1.19915319026635,-0.260707780119501
"NW AK Peninsula","Chum",1967,133720,72300,0,0,0,0,0,0,0,0,0.614923932387179,131,54.982,-163.37,"BS","BS",9.190598487854,0.00683404043929192,220.8,25.6382346910747,1.84951590594744,0.269033197422848,0.614923932387179,-1.30711475181253,-0.0533030592878357,-0.891910145635739,0.267411695914177
"NW AK Peninsula","Chum",1968,174858,243750,0,0,0,0,0,0,0,0,-0.332168893912229,131,54.982,-163.37,"BS","BS",9.30889755487442,0.125133107459709,132.2,-65.2451763112484,0.717366153846154,-0.793606648551208,-0.332168893912229,-0.321091810230959,0.0726928238864807,-1.44973255863311,-0.747046090802759
"NW AK Peninsula","Chum",1969,216483,154950,0,0,0,0,0,0,0,0,0.334409538185825,131,54.982,-163.37,"BS","BS",8.41959508061409,-0.764169366800622,202.8,2.28046936379511,1.39711519845111,-0.155591740435587,0.334409538185825,-0.83178785696437,-0.874469765605429,-1.00523749816342,0.00668791084453431
"NW AK Peninsula","Chum",1970,137531,95550,0,0,0,0,0,0,0,0,0.364199675554742,131,54.982,-163.37,"BS","BS",6.961318603158,-2.22244584425672,126.2,-78.1640583855578,1.43936159079016,-0.115939124017304,0.364199675554742,-1.17340210444145,-2.42762514812169,-1.48750834280901,-0.89124909079388
"NW AK Peninsula","Chum",1971,141277,90000,0,0,0,0,0,0,0,0,0.450912831871845,131,54.982,-163.37,"BS","BS",7.6894983202219,-1.49426612719281,158.6,-50.3442287528231,1.56974444444444,0.00643869328795379,0.450912831871845,-1.20532060736229,-1.65206834220658,-1.28351910825918,-0.580718901787826
"NW AK Peninsula","Chum",1972,294995,115500,0,0,0,0,0,0,0,0,0.937687877081791,131,54.982,-163.37,"BS","BS",8.06905292272568,-1.11471152468903,133.9,-80.3137308338856,2.55406926406926,0.93032952378383,0.937687877081791,-1.05866802637465,-1.24781902258104,-1.43902941978328,-0.915244140385948
"NW AK Peninsula","Chum",1973,696484,113400,0,0,0,0,0,0,0,0,1.81512342965948,131,54.982,-163.37,"BS","BS",9.18921885490418,0.00545440748946382,228.3,8.18300003622602,6.14183421516755,4.29781866375859,1.81512342965948,-1.0707452977501,-0.0547724544094386,-0.844690415415871,0.0725730722391703
"NW AK Peninsula","Chum",1974,376050,123150,0,0,0,0,0,0,0,0,1.11631898870587,131,54.982,-163.37,"BS","BS",8.00758728086948,-1.17617716654523,199,-27.5920951201788,3.05359317904994,1.39918447436808,1.11631898870587,-1.01467225207836,-1.31328376398269,-1.02916216147482,-0.326755291999123
"NW AK Peninsula","Chum",1975,315940,137400,0,0,0,0,0,0,0,0,0.832655942352702,131,54.982,-163.37,"BS","BS",8.03256888091564,-1.15119556649907,279.1,45.5262969845521,2.29941775836972,0.691312700884405,0.832655942352702,-0.932719339173506,-1.28667680215111,-0.524855442726631,0.489406000857395
"NW AK Peninsula","Chum",1976,975461,249000,0,0,0,0,0,0,0,0,1.36545728330156,131,54.982,-163.37,"BS","BS",9.94355095624924,0.759786508834526,234.1,-6.89603449935734,3.9175140562249,2.21006372965307,1.36545728330156,-0.290898631792328,0.748638271554324,-0.808173824045839,-0.0957419572264945
"NW AK Peninsula","Chum",1977,752396,653550,0,0,0,0,0,0,0,0,0.140843739860077,131,54.982,-163.37,"BS","BS",8.56628546714783,-0.617478980266885,319.9,71.1046092155224,1.15124474026471,-0.38636664042726,0.140843739860077,2.03570143246444,-0.71823535674648,-0.267980110330548,0.774915949566535
"NW AK Peninsula","Chum",1978,380419,245400,0,0,0,0,0,0,0,0,0.438383744570858,131,54.982,-163.37,"BS","BS",9.71028962731361,0.526525179898902,244.5,-12.4122105457951,1.55019967400163,-0.0119060988337624,0.438383744570858,-0.311602525578818,0.500200410716535,-0.742695798140956,-0.157314555366184
"NW AK Peninsula","Chum",1979,459876,285600,0,0,0,0,0,0,0,0,0.476364657461086,131,54.982,-163.37,"BS","BS",8.47861310839653,-0.705151339018181,297.9,32.6075384498225,1.61021008403361,0.0444198887441794,0.476364657461086,-0.0804090449630173,-0.811611885818671,-0.406491318975495,0.345204379838381
"NW AK Peninsula","Chum",1980,873805,607950,0,0,0,0,0,0,0,0,0.362764596891748,131,54.982,-163.37,"BS","BS",9.93337757587433,0.749613128459617,223.2,-50.6883073338683,1.43729747512131,-0.117876510438448,0.362764596891748,1.77345211116891,0.737802987071618,-0.876799831965381,-0.584559571849988
"NW AK Peninsula","Chum",1981,573727,396900,0,0,0,0,0,0,0,0,0.368469313636255,131,54.982,-163.37,"BS","BS",7.83753848671913,-1.34622596069558,431,148.341946054577,1.44552028218695,-0.110158554030748,0.368469313636255,0.559686337935953,-1.49439633351803,0.431501493326432,1.63705368094696
"NW AK Peninsula","Chum",1982,362113,285300,0,0,0,0,0,0,0,0,0.238415059592309,131,54.982,-163.37,"BS","BS",9.873072463274,0.689308015859286,308.8,17.2345438819623,1.26923589204346,-0.275619719253832,0.238415059592309,-0.0821343694452247,0.673574281694813,-0.337865311055953,0.173608113011157
"NW AK Peninsula","Chum",1983,725500,290250,0,0,0,0,0,0,0,0,0.916118451746242,131,54.982,-163.37,"BS","BS",9.71521873474121,0.531454287326499,326.3,25.7214716941774,2.49956933677864,0.879175695207515,0.916118451746242,-0.0536665154888015,0.505450217492221,-0.227685940542927,0.268340803052753
"NW AK Peninsula","Chum",1984,712585,691350,0,0,0,0,0,0,0,0,0.0302529954383229,131,54.982,-163.37,"BS","BS",8.21510318517685,-0.96866126223786,261.8,-47.8680562837991,1.03071526723078,-0.499496039097701,0.0302529954383229,2.25309231722258,-1.09226638578636,-0.633775620433793,-0.553079397341946
"NW AK Peninsula","Chum",1985,190742,330600,0,0,0,0,0,0,0,0,-0.549987455813516,131,54.982,-163.37,"BS","BS",8.35152653455734,-0.832237912857371,270.3,-48.5060334477533,0.576957047791893,-0.925395142567948,-0.549987455813516,0.178389627368103,-0.946967011719226,-0.580259926184609,-0.560200618856226
"NW AK Peninsula","Chum",1986,196922,248550,0,0,0,0,0,0,0,0,-0.232836321293564,131,54.982,-163.37,"BS","BS",9.40221741199493,0.218452964580222,212.2,-115.764248823289,0.792283242808288,-0.723289198295365,-0.232836321293564,-0.29348661851564,0.172084290884025,-0.946055436287854,-1.31094951302628
"NW AK Peninsula","Chum",1987,395440,512250,0,0,0,0,0,0,0,0,-0.258813718120305,131,54.982,-163.37,"BS","BS",9.07212617993355,-0.111638267481163,364.4,27.286769793309,0.771966813079551,-0.742358272609623,-0.258813718120305,1.22307360134472,-0.179483454823508,0.0121902889740026,0.285812955865731
"NW AK Peninsula","Chum",1988,427682,534300,0,0,0,0,0,0,0,0,-0.222577550190486,131,54.982,-163.37,"BS","BS",9.2758236348629,0.0920591874481868,303,-43.2216979870615,0.800452929066068,-0.715621101269764,-0.222577550190486,1.34988495078697,0.037467036677447,-0.374381902425984,-0.501215869091649
"NW AK Peninsula","Chum",1989,376894,165000,0,0,0,0,0,0,0,0,0.826018506903795,131,54.982,-163.37,"BS","BS",9.18572414517403,0.00195969775931638,486,130.743381846267,2.28420606060606,0.677034946427823,0.826018506903795,-0.773989486810419,-0.0584945381923294,0.777779514938798,1.44061518574455
"NW AK Peninsula","Chum",1990,414339,166350,0,0,0,0,0,0,0,0,0.91259047687349,131,54.982,-163.37,"BS","BS",9.31780771017075,0.134043262756035,277.2,-86.9838643363977,2.49076645626691,0.870913279768432,0.91259047687349,-0.766225526640486,0.0821826948893277,-0.536817774382331,-0.989697429445399
"NW AK Peninsula","Chum",1991,639155,332700,0,0,0,0,0,0,0,0,0.652905808448777,131,54.982,-163.37,"BS","BS",9.07373494505882,-0.110029502355892,398.6,25.6305823493315,1.92111511872558,0.336236477110195,0.652905808448777,0.190466898743555,-0.17777001964702,0.227512258776602,0.267326279031355
"NW AK Peninsula","Chum",1992,587781,322950,0,0,0,0,0,0,0,0,0.598856917064206,131,54.982,-163.37,"BS","BS",9.80212068557739,0.618356238162679,453.7,72.1190405954069,1.82003715745471,0.241364337627862,0.598856917064206,0.134393853071813,0.59800621409434,0.574419876791899,0.786239224090062
"NW AK Peninsula","Chum",1993,387011,328500,0,0,0,0,0,0,0,0,0.163916278473779,131,54.982,-163.37,"BS","BS",9.0949027478695,-0.088861699545217,434.9,44.9103454445051,1.17811567732116,-0.361145481864229,0.163916278473779,0.166312355992651,-0.155224989688918,0.456055753040763,0.482530633514229
"NW AK Peninsula","Chum",1994,555679,374100,0,0,0,0,0,0,0,0,0.395667648043154,131,54.982,-163.37,"BS","BS",9.41298075914383,0.229216311729122,424.3,26.1281093358687,1.48537556802994,-0.0727502388049217,0.395667648043154,0.428561677288186,0.183547926769702,0.389318534330016,0.272879769157089
"NW AK Peninsula","Chum",1995,558100,612450,0,0,0,0,0,0,0,0,-0.0929291486393066,131,54.982,-163.37,"BS","BS",9.23977063298225,0.0560061855675397,402,-4.11073275407784,0.911258061882603,-0.611619003445903,-0.0929291486393066,1.79933197840202,-0.000931658489383332,0.248918536476275,-0.0646518934547592
"NW AK Peninsula","Chum",1996,404409,580050,0,0,0,0,0,0,0,0,-0.360687564629864,131,54.982,-163.37,"BS","BS",10.5874964296818,1.40373198226707,443.6,29.8031196413841,0.697196793379881,-0.81253768312459,-0.360687564629864,1.61299693432361,1.43448035539116,0.51083064009581,0.313900927799559
"NW AK Peninsula","Chum",1997,723426,340800,0,0,0,0,0,0,0,0,0.752702465304851,131,54.982,-163.37,"BS","BS",9.47244193553925,0.288677488124535,501.1,79.8710331213849,2.12272887323944,0.525471875205915,0.752702465304851,0.237050659763157,0.246877787462778,0.872848571781466,0.872768427756822
"NW AK Peninsula","Chum",1998,647489,523650,0,0,0,0,0,0,0,0,0.212278282793245,131,54.982,-163.37,"BS","BS",8.50707461237907,-0.676689835035639,381.8,-46.6131174327623,1.23649193163372,-0.306353318746129,0.212278282793245,1.28863593166861,-0.781298609297811,0.121740063084097,-0.539071533032635
"NW AK Peninsula","Chum",1999,370577,550200,0,0,0,0,0,0,0,0,-0.395220598086967,131,54.982,-163.37,"BS","BS",9.35993400812149,0.176169560706778,401.8,-33.5617709907838,0.673531443111596,-0.834750066351577,-0.395220598086967,1.44132714834397,0.127049829084496,0.247659343670412,-0.393389940768596
"NW AK Peninsula","Chum",2000,449878,373800,0,0,0,0,0,0,0,0,0.185255539874531,131,54.982,-163.37,"BS","BS",9.57869287729263,0.39492842987792,382.9,-59.1918651272497,1.20352594970572,-0.337295308437277,0.185255539874531,0.426836352805978,0.360041665940452,0.128665623516344,-0.679477888880065
"NW AK Peninsula","Chum",2001,323064.5,610200,0,0,0,0,0,0,0,0,-0.63593477859291,131,54.982,-163.37,"BS","BS",10.0683003127575,0.884535865342777,466.3,17.6774341079921,0.529440347427073,-0.969994489132439,-0.63593477859291,1.78639204478546,0.88150411525512,0.653749023561278,0.178551737304101
"NW AK Peninsula","Chum",2002,329578,625650,0,0,0,0,0,0,0,0,-0.640978061076281,131,54.982,-163.37,"BS","BS",10.1474801957607,0.963715748346015,361.3,-93.6727903862989,0.526776951969951,-0.972494361727094,-0.640978061076281,1.87524625561915,0.965835628088693,-0.00732719951687597,-1.06436048446567
"NW AK Peninsula","Chum",2003,599181,354000,0,0,0,0,0,0,0,0,0.526266809621236,131,54.982,-163.37,"BS","BS",10.0948992013931,0.911134753978416,594.5,133.341193044483,1.69260169491525,0.1217529522672,0.526266809621236,0.312964936980285,0.909833590284067,1.46089161211956,1.46961244464347
"NW AK Peninsula","Chum",2004,466765,443400,0,0,0,0,0,0,0,0,0.0513536218416066,131,54.982,-163.37,"BS","BS",10.5284509778023,1.34468653038757,347.5,-119.692201844423,1.0526950834461,-0.478865704219975,0.0513536218416066,0.827111632678111,1.37159326723095,-0.0942115031214334,-1.35479406600027
"NW AK Peninsula","Chum",2005,180859,289447.5,0,0,0,0,0,0,0,0,-0.47025621125892,131,54.982,-163.37,"BS","BS",9.2982992708683,0.11453482345359,550,76.9215300470468,0.624842156176854,-0.880450006905282,-0.47025621125892,-0.0582817584787065,0.0614049905407391,1.18072121281501,0.839845517759183
"NW AK Peninsula","Chum",2006,355220,290190,0,0,0,0,0,0,0,0,0.202201434976615,131,54.982,-163.37,"BS","BS",9.3833077609539,0.199543313539191,331.7,-147.116423405168,1.22409455873738,-0.31798953771858,0.202201434976615,-0.054011580385243,0.151944333372596,-0.193687734784622,-1.66090840304069
"NW AK Peninsula","Chum",2007,456498,503175,0,0,0,0,0,0,0,0,-0.0973537032526433,131,54.982,-163.37,"BS","BS",8.64861546754837,-0.53514897986634,657.6,173.201478578285,0.907235057385601,-0.615395009995489,-0.0973537032526433,1.17088253575795,-0.630548772452301,1.85816694236938,1.91454047490295
"NW AK Peninsula","Chum",2008,397601,362625,0,0,0,0,0,0,0,0,0.0920797474282313,131,54.982,-163.37,"BS","BS",8.65102622509002,-0.532738222324687,410.3,-79.512118210272,1.09645225784212,-0.437795062306968,0.0920797474282313,0.36256801584375,-0.627981165342371,0.301175037919596,-0.906296388986799
"NW AK Peninsula","Chum",2009,225582,126690,0,0,0,0,0,0,0,0,0.576940571592729,131,54.982,-163.37,"BS","BS",8.5176102489233,-0.666154198491411,654.8,159.758485773777,1.78058252427184,0.204332076435743,0.576940571592729,-0.994313423188313,-0.770077499405503,1.8405382430873,1.76448725202199
"NW AK Peninsula","Chum",2010,177101.5,216150,0,0,0,0,0,0,0,0,-0.199249596569643,131,54.982,-163.37,"BS","BS",8.57493772506714,-0.608826722347573,437.6,-62.470593004989,0.819345362017118,-0.697888595473673,-0.199249596569643,-0.479821662594046,-0.709020162531909,0.473054855919916,-0.716075668270339
"NW AK Peninsula","Chum",2011,289802,227100,0,0,0,0,0,0,0,0,0.243807482062504,131,54.982,-163.37,"BS","BS",8.09070129990578,-1.09306314750893,578.3,73.4142570728227,1.27609863496257,-0.269178323965809,0.243807482062504,-0.416847318993474,-1.22476215095223,1.35889699484464,0.800696674866915
"NW AK Peninsula","Chum",2012,239778,210000,0,0,0,0,0,0,0,0,0.132605964548022,131,54.982,-163.37,"BS","BS",9.39419061541557,0.21042616800086,359.3,-150.178710666804,1.1418,-0.395231507748502,0.132605964548022,-0.515190814479299,0.163535251998513,-0.0199191275755075,-1.69509023142355
"NW AK Peninsula","Chum",2013,351213,139200,0,0,0,0,0,0,0,0,0.9254811291209,131,54.982,-163.37,"BS","BS",11.1409781932831,1.95721374586836,552.7,38.850982827287,2.52308189655172,0.901244668723919,0.9254811291209,-0.922367392280262,2.02397294719484,1.19772031569416,0.414894884351807
"NW AK Peninsula","Chum",2014,285345,81787.5,0,0,0,0,0,0,0,0,1.24957455429236,131,54.982,-163.37,"BS","BS",10.2471726715565,1.06340822414176,432.2,-85.8055900084864,3.4888583218707,1.80772590933856,1.24957455429236,-1.25255136506272,1.07201433135396,0.439056650161611,-0.976545309012686
"NW AK Peninsula","Chum",2015,446272,134700,0,0,0,0,0,0,0,0,1.19787854818223,131,54.982,-163.37,"BS","BS",11.6650629401207,2.48129849270599,512.8,-9.16732517828621,3.31308092056422,1.64274060566883,1.19787854818223,-0.948247259513374,2.58215588302982,0.94651135092446,-0.121094532462454
"NW AK Peninsula","Chum",2016,136278,169875,0,0,0,0,0,0,0,0,-0.220365955453974,131,54.982,-163.37,"BS","BS",9.96892265081406,0.785158203399347,701.3,175.537619931456,0.802225165562914,-0.713957673693559,-0.220365955453974,-0.745952963974548,0.775660708373474,2.13330057045048,1.94061692560455
"NW AK Peninsula","Chum",2017,121102,293550,0,0,0,0,0,0,0,0,-0.885414816810893,131,54.982,-163.37,"BS","BS",9.90676814317703,0.72300369576232,638.8,109.373894221988,0.412543008005451,-1.07971475407726,-0.885414816810893,-0.0346879461845194,0.709462281959507,1.73980281861824,1.2020849316584
"NW AK Peninsula","Chum",2018,85707,179640,0,0,0,0,0,0,0,0,-0.740020345671409,131,54.982,-163.37,"BS","BS",11.4726868927479,2.28892244533317,312.9,-220.09763796564,0.477104208416834,-1.01911737821447,-0.740020345671409,-0.689793652078695,2.37726339654775,-0.312051858535759,-2.47553849425765
"NW AK Peninsula","Chum",2019,199650,260400,0,0,0,0,0,0,0,0,-0.265653076825184,131,54.982,-163.37,"BS","BS",10.5974811553955,1.4137167079808,797.2,260.684735027627,0.766705069124424,-0.747296964488196,-0.265653076825184,-0.225336301468445,1.44511471089574,2.73708352086186,2.89104509476278
"S AK Peninsula","Chum",1962,890400,599100,0,0,0,0,0,0,0,0,0.396242270871456,132,55.5,-161,"BS","BS",9.08975728352865,-0.405546279984156,146.2,-49.0768726509801,1.48622934401602,-0.511701668491488,0.396242270871456,-0.428476421436539,-0.481869010622558,-1.36158906222269,-0.566572433781415
"S AK Peninsula","Chum",1963,397550,670050,0,0,0,0,0,0,0,0,-0.522031624118745,132,55.5,-161,"BS","BS",8.71143424510956,-0.783869318403247,205.1,11.278580937552,0.593313931796135,-1.31641423275979,-0.522031624118745,-0.246418706863214,-0.874049422269407,-0.990756780895996,0.107126530512013
"S AK Peninsula","Chum",1964,587650,682200,0,0,0,0,0,0,0,0,-0.149191337405682,132,55.5,-161,"BS","BS",8.50289293130239,-0.992410632210415,161.1,-31.9369804200911,0.861404280269716,-1.07480604812849,-0.149191337405682,-0.215241804367571,-1.09022927384818,-1.26777919818589,-0.375253721759592
"S AK Peninsula","Chum",1965,340300,341250,0,0,0,0,0,0,0,0,-0.00278776499230941,132,55.5,-161,"BS","BS",8.79711376296149,-0.698189800551313,175.2,-17.7751125688447,0.997216117216117,-0.952409805358503,-0.00278776499230941,-1.09011957439964,-0.785231599486825,-1.17900610537254,-0.217176279928256
"S AK Peninsula","Chum",1966,972187,633000,0,0,0,0,0,0,0,0,0.429077750643565,132,55.5,-161,"BS","BS",10.0046215918329,0.509318028320101,172,-21.6750197658039,1.53584044233807,-0.466991191328092,0.429077750643565,-0.341489014473386,0.466505327168414,-1.19915319026635,-0.260707780119501
"S AK Peninsula","Chum",1967,1371560,274350,0,0,0,0,0,0,0,0,1.60929939363724,132,55.5,-161,"BS","BS",9.64690011077457,0.151596547261765,220.8,25.6382346910747,4.99930745398214,2.65435197517603,1.60929939363724,-1.26178498814108,0.0956810752734768,-0.891910145635739,0.267411695914177
"S AK Peninsula","Chum",1968,594754,418650,0,0,0,0,0,0,0,0,0.351112626024932,132,55.5,-161,"BS","BS",9.48072298367818,-0.0145805798346222,132.2,-65.2451763112484,1.42064731876269,-0.570805452555777,0.351112626024932,-0.891511158501466,-0.0765828565856179,-1.44973255863311,-0.747046090802759
"S AK Peninsula","Chum",1969,411063,201900,0,0,0,0,0,0,0,0,0.710973962102081,132,55.5,-161,"BS","BS",8.69030636548996,-0.804997198022845,202.8,2.28046936379511,2.03597325408618,-0.0162618703771107,0.710973962102081,-1.44769170302251,-0.895951182630245,-1.00523749816342,0.00668791084453431
"S AK Peninsula","Chum",1970,457776,420750,0,0,0,0,0,0,0,0,0.084341148433751,132,55.5,-161,"BS","BS",7.29590553045273,-2.19939803306008,126.2,-78.1640583855578,1.088,-0.870593621978233,0.084341148433751,-0.88612255807012,-2.34142671002815,-1.48750834280901,-0.89124909079388
"S AK Peninsula","Chum",1971,319878,514800,0,0,0,0,0,0,0,0,-0.475838802622458,132,55.5,-161,"BS","BS",7.93082613746325,-1.56447742604955,158.6,-50.3442287528231,0.621363636363636,-1.29113529885342,-0.475838802622458,-0.644790238751991,-1.68324996757817,-1.28351910825918,-0.580718901787826
"S AK Peninsula","Chum",1972,613033,381750,0,0,0,0,0,0,0,0,0.473652823993713,132,55.5,-161,"BS","BS",8.40553622113334,-1.08976734237947,133.9,-80.3137308338856,1.60584937786509,-0.403897790476623,0.473652823993713,-0.986196566080828,-1.19115200599326,-1.43902941978328,-0.915244140385948
"S AK Peninsula","Chum",1973,1289521,318750,0,0,0,0,0,0,0,0,1.39761901409809,132,55.5,-161,"BS","BS",9.5572624206543,0.0619588571414911,228.3,8.18300003622602,4.04555607843137,1.79481286924237,1.39761901409809,-1.1478545790212,0.00276009864635584,-0.844690415415871,0.0725730722391703
"S AK Peninsula","Chum",1974,1325040,385950,0,0,0,0,0,0,0,0,1.23349009924804,132,55.5,-161,"BS","BS",8.25222617387772,-1.24307738963509,199,-27.5920951201788,3.43319082782744,1.24293751314655,1.23349009924804,-0.975419365218136,-1.35007755727228,-1.02916216147482,-0.326755291999123
"S AK Peninsula","Chum",1975,995477,289950,0,0,0,0,0,0,0,0,1.23351352494705,132,55.5,-161,"BS","BS",8.38855694068802,-1.10674662282478,279.1,45.5262969845521,3.43327125366442,1.24300999445959,1.23351352494705,-1.2217553849368,-1.20875321056789,-0.524855442726631,0.489406000857395
"S AK Peninsula","Chum",1976,1387847,490800,0,0,0,0,0,0,0,0,1.03947219160661,132,55.5,-161,"BS","BS",10.2536874214808,0.758383857968009,234.1,-6.89603449935734,2.82772412387938,0.69727926014158,1.03947219160661,-0.706374243681657,0.724694043368869,-0.808173824045839,-0.0957419572264945
"S AK Peninsula","Chum",1977,1776478,1162350,0,0,0,0,0,0,0,0,0.424188934605403,132,55.5,-161,"BS","BS",8.78329168425666,-0.712011879256145,319.9,71.1046092155224,1.52835032477309,-0.473741429514041,0.424188934605403,1.01682319425656,-0.799559959025614,-0.267980110330548,0.774915949566535
"S AK Peninsula","Chum",1978,1757801,900750,0,0,0,0,0,0,0,0,0.668591125395115,132,55.5,-161,"BS","BS",9.99291478925281,0.497611225740006,244.5,-12.4122105457951,1.9514859839023,-0.092403425229066,0.668591125395115,0.345557540523201,0.454369722965943,-0.742695798140956,-0.157314555366184
"S AK Peninsula","Chum",1979,1588190,616650,0,0,0,0,0,0,0,0,0.946048679993074,132,55.5,-161,"BS","BS",8.6392213039928,-0.856082259520003,297.9,32.6075384498225,2.57551285169869,0.469981604847095,0.946048679993074,-0.383443117831721,-0.948907408956506,-0.406491318975495,0.345204379838381
"S AK Peninsula","Chum",1980,2367052,543600,0,0,0,0,0,0,0,0,1.47118689573248,132,55.5,-161,"BS","BS",10.2455157107777,0.750212147264901,223.2,-50.6883073338683,4.35440029433407,2.07314922399361,1.47118689573248,-0.570889432836392,0.716223015855462,-0.876799831965381,-0.584559571849988
"S AK Peninsula","Chum",1981,1670147,571950,0,0,0,0,0,0,0,0,1.07161535051733,132,55.5,-161,"BS","BS",8.05517114533318,-1.44013241817962,431,148.341946054577,2.92009266544278,0.780523568529556,1.07161535051733,-0.498143327013224,-1.55435039916584,0.431501493326432,1.63705368094696
"S AK Peninsula","Chum",1982,2214782,580350,0,0,0,0,0,0,0,0,1.33927788795649,132,55.5,-161,"BS","BS",10.2984755569034,0.803171993390607,308.8,17.2345438819623,3.81628672352891,1.58819091158904,1.33927788795649,-0.476588925287841,0.771122697199545,-0.337865311055953,0.173608113011157
"S AK Peninsula","Chum",1983,1863796,669750,0,0,0,0,0,0,0,0,1.02346603877151,132,55.5,-161,"BS","BS",10.1158863769637,0.620582813450916,326.3,25.7214716941774,2.78282344158268,0.656813900608201,1.02346603877151,-0.247188506924835,0.581845565015793,-0.227685940542927,0.268340803052753
"S AK Peninsula","Chum",1984,2126396,1049550,0,0,0,0,0,0,0,0,0.706067026983577,132,55.5,-161,"BS","BS",8.49942153692246,-0.995882026590348,261.8,-47.8680562837991,2.02600733647754,-0.0252433472386198,0.706067026983577,0.72737837108713,-1.09382781990184,-0.633775620433793,-0.553079397341946
"S AK Peninsula","Chum",1985,1004666,755250,0,0,0,0,0,0,0,0,0.285361606681323,132,55.5,-161,"BS","BS",8.59415305323071,-0.901150510282095,270.3,-48.5060334477533,1.33024296590533,-0.652279596257697,0.285361606681323,-0.0277954893628996,-0.995626438307558,-0.580259926184609,-0.560200618856226
"S AK Peninsula","Chum",1986,1251240,816900,0,0,0,0,0,0,0,0,0.426373650241678,132,55.5,-161,"BS","BS",9.73484783040152,0.23954426688872,212.2,-115.764248823289,1.53169298567756,-0.47072895913767,0.426373650241678,0.13039842330018,0.186850180466835,-0.946055436287854,-1.31094951302628
"S AK Peninsula","Chum",1987,1690897,931050,0,0,0,0,0,0,0,0,0.596701454811951,132,55.5,-161,"BS","BS",9.53782180945079,0.0425182459379811,364.4,27.286769793309,1.81611836099028,-0.214399333757088,0.596701454811951,0.423307346746904,-0.017392591330756,0.0121902889740026,0.285812955865731
"S AK Peninsula","Chum",1988,1387755,744600,0,0,0,0,0,0,0,0,0.622595451079586,132,55.5,-161,"BS","BS",9.63637265894148,0.141069095428673,303,-43.2216979870615,1.86375906526994,-0.171464613648354,0.622595451079586,-0.0551233915504389,0.0847680195665155,-0.374381902425984,-0.501215869091649
"S AK Peninsula","Chum",1989,1109951,465750,0,0,0,0,0,0,0,0,0.868422139706156,132,55.5,-161,"BS","BS",9.56032821204928,0.0650246485364727,486,130.743381846267,2.3831476113795,0.296618345914758,0.868422139706156,-0.770652548826996,0.00593818512063327,0.777779514938798,1.44061518574455
"S AK Peninsula","Chum",1990,2464897,532050,0,0,0,0,0,0,0,0,1.53316783072617,132,55.5,-161,"BS","BS",9.61529954936769,0.119995985854889,277.2,-86.9838643363977,4.6328296212762,2.32407509511736,1.53316783072617,-0.600526735208794,0.0629230353914552,-0.536817774382331,-0.989697429445399
"S AK Peninsula","Chum",1991,2265156,881400,0,0,0,0,0,0,0,0,0.943887357309716,132,55.5,-161,"BS","BS",9.39471491177876,-0.100588651734041,398.6,25.6305823493315,2.56995234853642,0.464970372319243,0.943887357309716,0.295905436548658,-0.165741267829663,0.227512258776602,0.267326279031355
"S AK Peninsula","Chum",1992,1328975,503250,0,0,0,0,0,0,0,0,0.97107618288022,132,55.5,-161,"BS","BS",10.076904422707,0.581600859194223,453.7,72.1190405954069,2.64078489816195,0.528806030056533,0.97107618288022,-0.674427541124393,0.541435763563911,0.574419876791899,0.786239224090062
"S AK Peninsula","Chum",1993,1497504,595545,0,0,0,0,0,0,0,0,0.922078048413606,132,55.5,-161,"BS","BS",9.44385676251518,-0.0514468009976274,434.9,44.9103454445051,2.51451023852102,0.415004875130634,0.922078048413606,-0.437598552166746,-0.114799428994182,0.456055753040763,0.482530633514229
"S AK Peninsula","Chum",1994,1579742.5,868650,0,0,0,0,0,0,0,0,0.598076855715743,132,55.5,-161,"BS","BS",9.65399142768648,0.15868786417368,424.3,26.1281093358687,1.81861797041386,-0.212146637609849,0.598076855715743,0.263188933929772,0.103032135883622,0.389318534330016,0.272879769157089
"S AK Peninsula","Chum",1995,1660379,1089600,0,0,0,0,0,0,0,0,0.421235233148849,132,55.5,-161,"BS","BS",9.51615879933039,0.0208552358175846,402,-4.11073275407784,1.52384269456681,-0.477803792658884,0.421235233148849,0.830146679313511,-0.0398490831744159,0.248918536476275,-0.0646518934547592
"S AK Peninsula","Chum",1996,1599208.5,915450,0,0,0,0,0,0,0,0,0.55784835067103,132,55.5,-161,"BS","BS",11.0226816667451,1.52737810323228,443.6,29.8031196413841,1.74690971653285,-0.27677149688552,0.55784835067103,0.383277743542621,1.52185532892536,0.51083064009581,0.313900927799559
"S AK Peninsula","Chum",1997,2011424.5,1213575,0,0,0,0,0,0,0,0,0.505272628552963,132,55.5,-161,"BS","BS",9.81004130840302,0.314737744890211,501.1,79.8710331213849,1.65743732361,-0.357405740347814,0.505272628552963,1.14826655477832,0.264797876380389,0.872848571781466,0.872768427756822
"S AK Peninsula","Chum",1998,1341658,1113352.5,0,0,0,0,0,0,0,0,0.186530428813049,132,55.5,-161,"BS","BS",8.73469058010313,-0.760612983409673,381.8,-46.6131174327623,1.20506129011252,-0.765095733092198,0.186530428813049,0.891095599192339,-0.849941244588001,0.121740063084097,-0.539071533032635
"S AK Peninsula","Chum",1999,1090264,1087770,0,0,0,0,0,0,0,0,0.00229013972236576,132,55.5,-161,"BS","BS",9.54987873633703,0.0545751728242225,401.8,-33.5617709907838,1.00229276409535,-0.947834633430496,0.00229013972236576,0.825450898937623,-0.00489403832377762,0.247659343670412,-0.393389940768596
"S AK Peninsula","Chum",2000,1405412,783112.5,0,0,0,0,0,0,0,0,0.584809413385019,132,55.5,-161,"BS","BS",9.89887232912911,0.403568765616306,382.9,-59.1918651272497,1.79464891698192,-0.233748010132193,0.584809413385019,0.0436996913601345,0.356882636592052,0.128665623516344,-0.679477888880065
"S AK Peninsula","Chum",2001,1765016,1126831.5,0,0,0,0,0,0,0,0,0.448750043599075,132,55.5,-161,"BS","BS",10.4034060637156,0.908102500202809,466.3,17.6774341079921,1.56635308828339,-0.439492607223445,0.448750043599075,0.925682715960963,0.879896642153792,0.653749023561278,0.178551737304101
"S AK Peninsula","Chum",2002,2025104,904125,0,0,0,0,0,0,0,0,0.806408711077108,132,55.5,-161,"BS","BS",10.403841164377,0.908537600864194,361.3,-93.6727903862989,2.23984957832158,0.167475399048207,0.806408711077108,0.354217791216435,0.880347679862738,-0.00732719951687597,-1.06436048446567
"S AK Peninsula","Chum",2003,1472239.5,736560,0,0,0,0,0,0,0,0,0.692549290878751,132,55.5,-161,"BS","BS",10.4123147726059,0.917011209093089,594.5,133.341193044483,1.99880457803845,-0.0497589969845108,0.692549290878751,-0.0757540332018771,0.889131662929772,1.46089161211956,1.46961244464347
"S AK Peninsula","Chum",2004,1279397,1098600,0,0,0,0,0,0,0,0,0.15235223125562,132,55.5,-161,"BS","BS",10.9542019102309,1.45889834671805,347.5,-119.692201844423,1.16457036227926,-0.801586936984957,0.15235223125562,0.853240681162135,1.45086726747541,-0.0942115031214334,-1.35479406600027
"S AK Peninsula","Chum",2005,1752289,1455465,0,0,0,0,0,0,0,0,0.185597496053555,132,55.5,-161,"BS","BS",9.58632520834605,0.091021644833245,550,76.9215300470468,1.20393757321543,-0.766108448399149,0.185597496053555,1.76895634446319,0.0328874101846263,1.18072121281501,0.839845517759183
"S AK Peninsula","Chum",2006,952678,1147125,0,0,0,0,0,0,0,0,-0.185737124957165,132,55.5,-161,"BS","BS",9.7468077606625,0.251504197149696,331.7,-147.116423405168,0.83049188187861,-1.10266489683527,-0.185737124957165,0.977755841129304,0.199248184015911,-0.193687734784622,-1.66090840304069
"S AK Peninsula","Chum",2007,1288372.5,1089991.5,0,0,0,0,0,0,0,0,0.167209895898593,132,55.5,-161,"BS","BS",8.94877783457438,-0.546525728938424,657.6,173.201478578285,1.18200233671547,-0.785876905937398,0.167209895898593,0.831151268393926,-0.62801231332934,1.85816694236938,1.91454047490295
"S AK Peninsula","Chum",2008,534115,887925,0,0,0,0,0,0,0,0,-0.508276108386104,132,55.5,-161,"BS","BS",9.10816650920444,-0.387137054308367,410.3,-79.512118210272,0.601531660894783,-1.30900825704817,-0.508276108386104,0.312648587888911,-0.462785484190226,0.301175037919596,-0.906296388986799
"S AK Peninsula","Chum",2009,1303435,768345,0,0,0,0,0,0,0,0,0.528519515355014,132,55.5,-161,"BS","BS",8.82462211449941,-0.670681449013394,654.8,159.758485773777,1.69641892639374,-0.322274769254583,0.528519515355014,0.00580628332684941,-0.75671566063481,1.8405382430873,1.76448725202199
"S AK Peninsula","Chum",2010,582105.5,437418,0,0,0,0,0,0,0,0,0.285762443122101,132,55.5,-161,"BS","BS",8.86870482232836,-0.626598741184449,437.6,-62.470593004989,1.3307762826404,-0.651798960946025,0.285762443122101,-0.843352466646467,-0.711018273092389,0.473054855919916,-0.716075668270339
"S AK Peninsula","Chum",2011,1856518,746587.5,0,0,0,0,0,0,0,0,0.910945145459991,132,55.5,-161,"BS","BS",8.31863109270732,-1.17667247080549,578.3,73.4142570728227,2.48667168952065,0.38991623868757,0.910945145459991,-0.050023466142201,-1.28124033152258,1.35889699484464,0.800696674866915
"S AK Peninsula","Chum",2012,1093208,307863,0,0,0,0,0,0,0,0,1.26721689316915,132,55.5,-161,"BS","BS",9.72553451855977,0.230230955046969,359.3,-150.178710666804,3.55095610709959,1.34906985061989,1.26721689316915,-1.17579062325742,0.177195736774597,-0.0199191275755075,-1.69509023142355
"S AK Peninsula","Chum",2013,3966420,753900,0,0,0,0,0,0,0,0,1.66035947040635,132,55.5,-161,"BS","BS",11.3666952119933,1.87139164848051,552.7,38.850982827287,5.26120175089534,2.89037615882443,1.66035947040635,-0.0312595896401933,1.87846954504954,1.19772031569416,0.414894884351807
"S AK Peninsula","Chum",2014,976211.5,470317.5,0,0,0,0,0,0,0,0,0.730271265206514,132,55.5,-161,"BS","BS",10.6101297736168,1.11482621010399,432.2,-85.8055900084864,2.07564358119781,0.0194897923430956,0.730271265206514,-0.758932342888819,1.09419231387654,0.439056650161611,-0.976545309012686
"S AK Peninsula","Chum",2015,1626182.5,1359630,0,0,0,0,0,0,0,0,0.179022639540006,132,55.5,-161,"BS","BS",12.0243856641981,2.52908210068533,512.8,-9.16732517828621,1.19604782183388,-0.773218844276294,0.179022639540006,1.52304371477842,2.56025015603142,0.94651135092446,-0.121094532462454
"S AK Peninsula","Chum",2016,1046901,940164,0,0,0,0,0,0,0,0,0.107535322394553,132,55.5,-161,"BS","BS",10.4091180099381,0.913814446425328,701.3,175.537619931456,1.11353019260469,-0.847585320770719,0.107535322394553,0.446693872618945,0.885817807912592,2.13330057045048,1.94061692560455
"S AK Peninsula","Chum",2017,1935112.5,2660439,0,0,0,0,0,0,0,0,-0.318325682443795,132,55.5,-161,"BS","BS",10.2556018696891,0.760298306176287,638.8,109.373894221988,0.727365859544233,-1.1956040540497,-0.318325682443795,4.86091987596816,0.726678614780477,1.73980281861824,1.2020849316584
"S AK Peninsula","Chum",2018,864318,517264.5,0,0,0,0,0,0,0,0,0.513386407544922,132,55.5,-161,"BS","BS",11.8785472181108,2.38324365459802,312.9,-220.09763796564,1.67094010897713,-0.345236770153273,0.513386407544922,-0.638466331245776,2.40906987882848,-0.312051858535759,-2.47553849425765
"S AK Peninsula","Chum",2019,2283956,1008712.5,0,0,0,0,0,0,0,0,0.817234261970031,132,55.5,-161,"BS","BS",10.9027173717817,1.40741380826886,797.2,260.684735027627,2.26422890565944,0.189446518315163,0.817234261970031,0.622589337698995,1.39749693198956,2.73708352086186,2.89104509476278
"N AK Peninsula","Chum",1962,154950,51600,0,0,0,0,0,0,0,0,1.09958081174624,130,56.46,-159.68,"BS","BS",9.24084117677477,-0.410479856952681,146.2,-49.0768726509801,3.00290697674419,0.660064422732431,1.09958081174624,-1.28451322269637,-0.476285155868915,-1.36158906222269,-0.566572433781415
"N AK Peninsula","Chum",1963,132700,70500,0,0,0,0,0,0,0,0,0.632478231519939,130,56.46,-159.68,"BS","BS",8.84829278124703,-0.803028252480419,205.1,11.278580937552,1.8822695035461,-0.0233311339452025,0.632478231519939,-1.16826712076822,-0.872389367673233,-0.990756780895996,0.107126530512013
"N AK Peninsula","Chum",1964,157050,66900,0,0,0,0,0,0,0,0,0.853365258850473,130,56.46,-159.68,"BS","BS",8.55529876550039,-1.09602226822706,161.1,-31.9369804200911,2.347533632287,0.260399729842194,0.853365258850473,-1.1904092354212,-1.16803740748927,-1.26777919818589,-0.375253721759592
"N AK Peninsula","Chum",1965,89350,35250,0,0,0,0,0,0,0,0,0.930095712347159,130,56.46,-159.68,"BS","BS",8.95590685473548,-0.695414178991972,175.2,-17.7751125688447,2.53475177304965,0.374570501913125,0.930095712347159,-1.38507532674532,-0.763800494953764,-1.17900610537254,-0.217176279928256
"N AK Peninsula","Chum",1966,194660,128250,0,0,0,0,0,0,0,0,0.417272962947469,130,56.46,-159.68,"BS","BS",10.1032043827905,0.45188334906301,172,-21.6750197658039,1.51781676413255,-0.245584439488719,0.417272962947469,-0.813070698209975,0.39388958411102,-1.19915319026635,-0.260707780119501
"N AK Peninsula","Chum",1967,94534,111600,0,0,0,0,0,0,0,0,-0.165961491796037,130,56.46,-159.68,"BS","BS",9.90472212764952,0.253401093922067,220.8,25.6382346910747,0.847078853046595,-0.654618867744321,-0.165961491796037,-0.915477978480013,0.193609419612955,-0.891910145635739,0.267411695914177
"N AK Peninsula","Chum",1968,95829,132450,0,0,0,0,0,0,0,0,-0.323639862562425,130,56.46,-159.68,"BS","BS",9.5305843088362,-0.120736724891255,132.2,-65.2451763112484,0.723510758776897,-0.729974090633702,-0.323639862562425,-0.78723823111483,-0.183917447177578,-1.44973255863311,-0.747046090802759
"N AK Peninsula","Chum",1969,111790,65250,0,0,0,0,0,0,0,0,0.538396065079432,130,56.46,-159.68,"BS","BS",8.82809049553341,-0.823230538194038,202.8,2.28046936379511,1.71325670498084,-0.126399787567436,0.538396065079432,-1.20055770463715,-0.892774651501691,-1.00523749816342,0.00668791084453431
"N AK Peninsula","Chum",1970,54536,159150,0,0,0,0,0,0,0,0,-1.07098611966762,130,56.46,-159.68,"BS","BS",7.4188082019488,-2.23251283177865,126.2,-78.1640583855578,0.342670436694942,-0.962220994863793,-1.07098611966762,-0.623017547438552,-2.31482262945775,-1.48750834280901,-0.89124909079388
"N AK Peninsula","Chum",1971,31293,74100,0,0,0,0,0,0,0,0,-0.862021101940097,130,56.46,-159.68,"BS","BS",7.99640005495813,-1.65492097876932,158.6,-50.3442287528231,0.422307692307692,-0.913656005798739,-0.862021101940097,-1.14612500611524,-1.73199878330936,-1.28351910825918,-0.580718901787826
"N AK Peninsula","Chum",1972,218694,70500,0,0,0,0,0,0,0,0,1.13206078264591,130,56.46,-159.68,"BS","BS",8.59171419673496,-1.05960683699249,133.9,-80.3137308338856,3.10204255319149,0.720520024185255,1.13206078264591,-1.16826712076822,-1.13129211480429,-1.43902941978328,-0.915244140385948
"N AK Peninsula","Chum",1973,454484,62100,0,0,0,0,0,0,0,0,1.99041672053809,130,56.46,-159.68,"BS","BS",9.74459077914556,0.0932697454181075,228.3,8.18300003622602,7.31858293075684,3.29188233135187,1.99041672053809,-1.21993205495851,0.0320275552951794,-0.844690415415871,0.0725730722391703
"N AK Peninsula","Chum",1974,253504,34500,0,0,0,0,0,0,0,0,1.99442027796214,130,56.46,-159.68,"BS","BS",8.36787858274248,-1.28344245098497,199,-27.5920951201788,7.34794202898551,3.30978631703626,1.99442027796214,-1.38968826729803,-1.35715529617084,-1.02916216147482,-0.326755291999123
"N AK Peninsula","Chum",1975,207721,26400,0,0,0,0,0,0,0,0,2.06283182298518,130,56.46,-159.68,"BS","BS",8.60518217417929,-1.04613885954816,279.1,45.5262969845521,7.8682196969697,3.62706595031883,2.06283182298518,-1.43950802526724,-1.11770214054644,-0.524855442726631,0.489406000857395
"N AK Peninsula","Chum",1976,878985,191100,0,0,0,0,0,0,0,0,1.52597098144693,130,56.46,-159.68,"BS","BS",10.4616647230254,0.810343689297979,234.1,-6.89603449935734,4.59960753532182,1.63377634400402,1.52597098144693,-0.426506279893343,0.755596961212876,-0.808173824045839,-0.0957419572264945
"N AK Peninsula","Chum",1977,765922,368250,0,0,0,0,0,0,0,0,0.732318281536822,130,56.46,-159.68,"BS","BS",8.92340758111742,-0.727913452610032,319.9,71.1046092155224,2.07989680923286,0.0971874332227102,0.732318281536822,0.663070278655444,-0.796594156340122,-0.267980110330548,0.774915949566535
"N AK Peninsula","Chum",1978,637264,220350,0,0,0,0,0,0,0,0,1.06196682112667,130,56.46,-159.68,"BS","BS",10.1165783736441,0.465257339916636,244.5,-12.4122105457951,2.8920535511686,0.59246295455677,1.06196682112667,-0.24660159833787,0.4073847204206,-0.742695798140956,-0.157314555366184
"N AK Peninsula","Chum",1979,477331,172350,0,0,0,0,0,0,0,0,1.0186828776095,130,56.46,-159.68,"BS","BS",8.67309704091814,-0.978223992809314,297.9,32.6075384498225,2.76954453147665,0.517753584477004,1.0186828776095,-0.541829793710954,-1.04917208141011,-0.406491318975495,0.345204379838381
"N AK Peninsula","Chum",1980,1228218,546300,0,0,0,0,0,0,0,0,0.810151341979786,130,56.46,-159.68,"BS","BS",10.4594958689478,0.808174835220322,223.2,-50.6883073338683,2.24824821526634,0.199852751486054,0.810151341979786,1.75818236586748,0.753408461031149,-0.876799831965381,-0.584559571849988
"N AK Peninsula","Chum",1981,609339,414600,0,0,0,0,0,0,0,0,0.385060563082245,130,56.46,-159.68,"BS","BS",8.15476229455736,-1.49655873917009,431,148.341946054577,1.46970332850941,-0.274925335994276,0.385060563082245,0.948150004812578,-1.57220205299362,0.431501493326432,1.63705368094696
"N AK Peninsula","Chum",1982,274503,401250,0,0,0,0,0,0,0,0,-0.379622484592612,130,56.46,-159.68,"BS","BS",10.5549852516916,0.903664217964152,308.8,17.2345438819623,0.684119626168224,-0.753995886835503,-0.379622484592612,0.866039662974439,0.849762814069775,-0.337865311055953,0.173608113011157
"N AK Peninsula","Chum",1983,397546,298650,0,0,0,0,0,0,0,0,0.286038331491091,130,56.46,-159.68,"BS","BS",10.3520364032851,0.700715369557682,326.3,25.7214716941774,1.33114347898878,-0.359422943615843,0.286038331491091,0.234989395364473,0.644975596619644,-0.227685940542927,0.268340803052753
"N AK Peninsula","Chum",1984,430940,613950,0,0,0,0,0,0,0,0,-0.353944622330435,130,56.46,-159.68,"BS","BS",8.6057992776235,-1.04552175610395,261.8,-47.8680562837991,0.701913836631648,-0.743144487827235,-0.353944622330435,2.17426960372142,-1.11707944720173,-0.633775620433793,-0.553079397341946
"N AK Peninsula","Chum",1985,284700,185850,0,0,0,0,0,0,0,0,0.426496097540731,130,56.46,-159.68,"BS","BS",8.71690420971976,-0.934416824007687,270.3,-48.5060334477533,1.5318805488297,-0.237007956726034,0.426496097540731,-0.458796863762274,-1.00496809467309,-0.580259926184609,-0.560200618856226
"N AK Peninsula","Chum",1986,268941,116850,0,0,0,0,0,0,0,0,0.833600963705424,130,56.46,-159.68,"BS","BS",9.90215856499142,0.250837531263969,212.2,-115.764248823289,2.3015917843389,0.232383127235027,0.833600963705424,-0.883187394611082,0.191022635466935,-0.946055436287854,-1.31094951302628
"N AK Peninsula","Chum",1987,250788,242100,0,0,0,0,0,0,0,0,0.0352570967801017,130,56.46,-159.68,"BS","BS",9.807501203484,0.156180169756553,364.4,27.286769793309,1.03588599752169,-0.539479077500611,0.0352570967801017,-0.112826322309442,0.0955078403523994,0.0121902889740026,0.285812955865731
"N AK Peninsula","Chum",1988,441484,216150,0,0,0,0,0,0,0,0,0.714169168183086,130,56.46,-159.68,"BS","BS",9.82144651148054,0.170125477753086,303,-43.2216979870615,2.04248901226,0.0743751296475037,0.714169168183086,-0.272434065433015,0.109579468959896,-0.374381902425984,-0.501215869091649
"N AK Peninsula","Chum",1989,361663,153450,0,0,0,0,0,0,0,0,0.857338057940465,130,56.46,-159.68,"BS","BS",9.77836881081264,0.127047777085185,486,130.743381846267,2.35687846203975,0.266098464074879,0.857338057940465,-0.658075895639106,0.0661115580887754,0.777779514938798,1.44061518574455
"N AK Peninsula","Chum",1990,389858,173400,0,0,0,0,0,0,0,0,0.810181505911715,130,56.46,-159.68,"BS","BS",9.73938332001368,0.0880622862862307,277.2,-86.9838643363977,2.24831603229527,0.19989410817575,0.810181505911715,-0.535371676937168,0.0267729255006488,-0.536817774382331,-0.989697429445399
"N AK Peninsula","Chum",1991,594288,122250,0,0,0,0,0,0,0,0,1.58129592199146,130,56.46,-159.68,"BS","BS",9.48514236344231,-0.166178670285141,398.6,25.6305823493315,4.86125153374233,1.79333405131651,1.58129592199146,-0.84997422263161,-0.229771018783447,0.227512258776602,0.267326279031355
"N AK Peninsula","Chum",1992,714825,204600,0,0,0,0,0,0,0,0,1.25098090397427,130,56.46,-159.68,"BS","BS",10.214693930414,0.563372896686536,453.7,72.1190405954069,3.49376832844575,0.959405177187399,1.25098090397427,-0.343473349944663,0.506389036124998,0.574419876791899,0.786239224090062
"N AK Peninsula","Chum",1993,292669,275100,0,0,0,0,0,0,0,0,0.0619076096698447,130,56.46,-159.68,"BS","BS",9.61194075478448,-0.0393802789429688,434.9,44.9103454445051,1.06386404943657,-0.522417291846984,0.0619076096698447,0.0901430620095535,-0.10182405114109,0.456055753040763,0.482530633514229
"N AK Peninsula","Chum",1994,608087,346200,0,0,0,0,0,0,0,0,0.563301321092623,130,56.46,-159.68,"BS","BS",9.76101819011901,0.109697156391556,424.3,26.1281093358687,1.75646158290006,-0.100052264570075,0.563301321092623,0.527449826405934,0.0486037704822917,0.389318534330016,0.272879769157089
"N AK Peninsula","Chum",1995,491470,521700,0,0,0,0,0,0,0,0,-0.0596918099438763,130,56.46,-159.68,"BS","BS",9.65098397599326,-0.000337057734190201,402,-4.11073275407784,0.942054820778225,-0.596699910105215,-0.0596918099438763,1.60687791573877,-0.0624271652044815,0.248918536476275,-0.0646518934547592
"N AK Peninsula","Chum",1996,571437,654600,0,0,0,0,0,0,0,0,-0.135870121129146,130,56.46,-159.68,"BS","BS",11.2363950941298,1.58507406040233,443.6,29.8031196413841,0.872956003666361,-0.638838269490223,-0.135870121129146,2.424290981678,1.53734506285674,0.51083064009581,0.313900927799559
"N AK Peninsula","Chum",1997,490147,241500,0,0,0,0,0,0,0,0,0.707835873021043,130,56.46,-159.68,"BS","BS",10.008315357897,0.356994324169568,501.1,79.8710331213849,2.02959420289855,0.0665115201996826,0.707835873021043,-0.116516674751605,0.298141027136874,0.872848571781466,0.872768427756822
"N AK Peninsula","Chum",1998,423401,570600,0,0,0,0,0,0,0,0,-0.298368718248642,130,56.46,-159.68,"BS","BS",8.83425702651342,-0.817064007214033,381.8,-46.6131174327623,0.742027690150719,-0.718681956534294,-0.298368718248642,1.9076416397751,-0.886552262310371,0.121740063084097,-0.539071533032635
"N AK Peninsula","Chum",1999,344168,449250,0,0,0,0,0,0,0,0,-0.266449615412085,130,56.46,-159.68,"BS","BS",9.60009166929457,-0.0512293644328814,401.8,-33.5617709907838,0.766094602114636,-0.704005291607005,-0.266449615412085,1.16126785834752,-0.113780469055558,0.247659343670412,-0.393389940768596
"N AK Peninsula","Chum",2000,217505,508350,0,0,0,0,0,0,0,0,-0.848948347950916,130,56.46,-159.68,"BS","BS",10.0492385758294,0.397917542101944,382.9,-59.1918651272497,0.427864660175076,-0.910267213936967,-0.848948347950916,1.52476757390063,0.339434939348151,0.128665623516344,-0.679477888880065
"N AK Peninsula","Chum",2001,164427.5,428850,0,0,0,0,0,0,0,0,-0.958637463864071,130,56.46,-159.68,"BS","BS",10.5724246237013,0.921103589973853,466.3,17.6774341079921,0.383414946951148,-0.937373871744989,-0.958637463864071,1.03579587531396,0.867360156927279,0.653749023561278,0.178551737304101
"N AK Peninsula","Chum",2002,666204.5,394200,0,0,0,0,0,0,0,0,0.524738285746456,130,56.46,-159.68,"BS","BS",10.5720381339391,0.920717100211656,361.3,-93.6727903862989,1.69001648909183,-0.140572310488211,0.524738285746456,0.822678021779018,0.866970166229649,-0.00732719951687597,-1.06436048446567
"N AK Peninsula","Chum",2003,450004,321990,0,0,0,0,0,0,0,0,0.334735982452206,130,56.46,-159.68,"BS","BS",10.5943775574366,0.943056523709177,594.5,133.341193044483,1.39757135314761,-0.318913398713571,0.334735982452206,0.378544105364635,0.889511946650767,1.46089161211956,1.46961244464347
"N AK Peninsula","Chum",2004,416029.5,209025,0,0,0,0,0,0,0,0,0.68830230917244,130,56.46,-159.68,"BS","BS",11.2265412807465,1.57522024701901,347.5,-119.692201844423,1.99033369214209,0.0425693807963911,0.68830230917244,-0.316257000683707,1.52740199079752,-0.0942115031214334,-1.35479406600027
"N AK Peninsula","Chum",2005,283021.5,155512.5,0,0,0,0,0,0,0,0,0.598796752248371,130,56.46,-159.68,"BS","BS",9.73684068520864,0.0855196514811883,550,76.9215300470468,1.81992765854835,-0.0613489058701094,0.598796752248371,-0.645390309119169,0.0242072587781965,1.18072121281501,0.839845517759183
"N AK Peninsula","Chum",2006,337958,573874.5,0,0,0,0,0,0,0,0,-0.529489103892099,130,56.46,-159.68,"BS","BS",9.88079870409435,0.229477670366905,331.7,-147.116423405168,0.588905762496853,-0.812059919962498,-0.529489103892099,1.92778173822821,0.169469290806063,-0.193687734784622,-1.66090840304069
"N AK Peninsula","Chum",2007,209812,365001,0,0,0,0,0,0,0,0,-0.553688201647483,130,56.46,-159.68,"BS","BS",9.10570424132877,-0.545616792398683,657.6,173.201478578285,0.574825822395007,-0.820646254735356,-0.553688201647483,0.643087020181129,-0.612646200546035,1.85816694236938,1.91454047490295
"N AK Peninsula","Chum",2008,306061,342805.5,0,0,0,0,0,0,0,0,-0.113378802444884,130,56.46,-159.68,"BS","BS",9.34282328685125,-0.308497746876206,410.3,-79.512118210272,0.892812396533895,-0.626729294927208,-0.113378802444884,0.506571657464394,-0.373379262505943,0.301175037919596,-0.906296388986799
"N AK Peninsula","Chum",2009,249700.5,231196.5,0,0,0,0,0,0,0,0,0.0769942014112751,130,56.46,-159.68,"BS","BS",8.98844905694326,-0.662871976784192,654.8,159.758485773777,1.08003581369095,-0.512555305165829,0.0769942014112751,-0.179889252064659,-0.730963516118174,1.8405382430873,1.76448725202199
"N AK Peninsula","Chum",2010,320900,217965,0,0,0,0,0,0,0,0,0.386795048675042,130,56.46,-159.68,"BS","BS",9.02908325857586,-0.622237775151588,437.6,-62.470593004989,1.47225471979446,-0.273369427407195,0.386795048675042,-0.26127074929547,-0.689961238199442,0.473054855919916,-0.716075668270339
"N AK Peninsula","Chum",2011,320365,145428,0,0,0,0,0,0,0,0,0.789779852000964,130,56.46,-159.68,"BS","BS",8.45669682158364,-1.19462421214381,578.3,73.4142570728227,2.20291140633166,0.172205118312157,0.789779852000964,-0.707415907790833,-1.26753251617519,1.35889699484464,0.800696674866915
"N AK Peninsula","Chum",2012,435502,210627,0,0,0,0,0,0,0,0,0.72641059209401,130,56.46,-159.68,"BS","BS",9.88516576422585,0.233844730498401,359.3,-150.178710666804,2.06764564846862,0.0897163383943973,0.72641059209401,-0.306403759663131,0.173875909024341,-0.0199191275755075,-1.69509023142355
"N AK Peninsula","Chum",2013,376227,205876.5,0,0,0,0,0,0,0,0,0.60291621018073,130,56.46,-159.68,"BS","BS",11.4731840093931,1.8218629756656,552.7,38.850982827287,1.8274402372296,-0.0567675287407976,0.60291621018073,-0.335622125123961,1.77627888022279,1.19772031569416,0.414894884351807
"N AK Peninsula","Chum",2014,405807.5,287379,0,0,0,0,0,0,0,0,0.345077007150032,130,56.46,-159.68,"BS","BS",10.7545722325643,1.10325119883684,432.2,-85.8055900084864,1.41209865717398,-0.310054249113845,0.345077007150032,0.16566612473843,1.05115771122302,0.439056650161611,-0.976545309012686
"N AK Peninsula","Chum",2015,357867.5,283791,0,0,0,0,0,0,0,0,0.231924754411087,130,56.46,-159.68,"BS","BS",12.2334331141578,2.58211208043033,512.8,-9.16732517828621,1.26102483870172,-0.402183219225496,0.231924754411087,0.143597817134292,2.54341454005124,0.94651135092446,-0.121094532462454
"N AK Peninsula","Chum",2016,248708.5,416511,0,0,0,0,0,0,0,0,-0.515631343872891,130,56.46,-159.68,"BS","BS",10.6615884171592,1.01026738343173,701.3,175.537619931456,0.597123485334121,-0.807048526530356,-0.515631343872891,0.959903777340869,0.957331621672751,2.13330057045048,1.94061692560455
"N AK Peninsula","Chum",2017,149535,351660,0,0,0,0,0,0,0,0,-0.855134320573616,130,56.46,-159.68,"BS","BS",10.47047343519,0.819152401462535,638.8,109.373894221988,0.42522607063641,-0.911876298417672,-0.855134320573616,0.561032033629622,0.764485465225895,1.73980281861824,1.2020849316584
"N AK Peninsula","Chum",2018,250561,354163.5,0,0,0,0,0,0,0,0,-0.346056267059519,130,56.46,-159.68,"BS","BS",12.0886982017093,2.43737716798187,312.9,-220.09763796564,0.707472678579244,-0.739754553099799,-0.346056267059519,0.57643002919455,2.39736857713528,-0.312051858535759,-2.47553849425765
"N AK Peninsula","Chum",2019,243664,312595.5,0,0,0,0,0,0,0,0,-0.249119795380952,130,56.46,-159.68,"BS","BS",11.0612685084343,1.40994747470685,797.2,260.684735027627,0.779486588898433,-0.695838489691114,-0.249119795380952,0.320762412001459,1.36063213017584,2.73708352086186,2.89104509476278
"Yukon - Summer","Chum",1978,2485000,1629200,0,0,0.00554108249496982,0.568401207243461,0.416892152917505,0.00916536820925553,0,0,0.422183562756472,137,62.55,-165,"BS","BS",8.53650623910567,0.751952586060662,244.5,-12.4122105457951,1.52528848514608,-0.00985542053172873,0.422183562756472,-0.43832348498325,0.437059262155507,-1.40647745456253,-0.230876373406122
"Yukon - Summer","Chum",1979,2282885,1294100,0,0,0.0336043339896666,0.608189199193126,0.338770590721828,0.0194359155191786,0,0,0.567624521116317,137,62.55,-165,"BS","BS",7.5987031249439,-0.18585052810111,297.9,32.6075384498225,1.76407155552121,0.123770011870426,0.567624521116317,-0.785029145580976,-0.525088088115767,-0.979636336260444,0.277123247911623
"Yukon - Summer","Chum",1980,4293574,1724900,0,0,0.00816295701436612,0.680172276057196,0.2973648526845,0.0143000609748429,0,0,0.9119504085492,137,62.55,-165,"BS","BS",8.55636841058731,0.771814757542298,223.2,-50.6883073338683,2.4891727056641,0.529543983077536,0.9119504085492,-0.339309066244956,0.457437031618099,-1.57673430512122,-0.662781106499042
"Yukon - Summer","Chum",1981,6370508,4065200,0,0,0.0130413696992453,0.515329860664173,0.454678025677073,0.0169507675055113,0,0,0.449216272945435,137,62.55,-165,"BS","BS",7.16875288416358,-0.615800768881436,431,148.341946054577,1.5670835383253,0.0135335158973474,0.449216272945435,2.08204353744605,-0.966199317827388,0.084269147747186,1.58306200919552
"Yukon - Summer","Chum",1982,2344371,1307200,0,0,0.0265141140203492,0.683471600698012,0.273508672475474,0.0165058047553054,0,0,0.584129690517281,137,62.55,-165,"BS","BS",8.27430197070627,0.489748317661256,308.8,17.2345438819623,1.79342946756426,0.140198997748753,0.584129690517281,-0.771475447718158,0.168048487654295,-0.892509591138857,0.103655478916444
"Yukon - Summer","Chum",1983,2390760,1356500,0,0,0.00613243487426592,0.51176320500594,0.47444829259315,0.00765605079556292,0,0,0.566703453909746,137,62.55,-165,"BS","BS",7.47527156507268,-0.309282087972335,326.3,25.7214716941774,1.76244747511979,0.122861159975882,0.566703453909746,-0.72046801988328,-0.651723782193302,-0.752627202182181,0.199421364132196
"Yukon - Summer","Chum",1984,5692183,2813000,0,0,0.00281200551703977,0.589601388430414,0.399130175540737,0.00845637605115647,0,0,0.704842300589581,137,62.55,-165,"BS","BS",7.12254357688567,-0.662010076159341,261.8,-47.8680562837991,2.02352755065766,0.268964223021882,0.704842300589581,0.786475563108626,-1.01360816290789,-1.26819372147964,-0.630957595763885
"Yukon - Summer","Chum",1985,2462377,3636300,0,0,0.0101499079954044,0.6088316289504,0.373730383284119,0.0072881731757566,0,0,-0.389839537584416,137,62.55,-165,"BS","BS",7.17594848310246,-0.608605169942549,270.3,-48.5060334477533,0.677165525396694,-0.484473646391145,-0.389839537584416,1.63828926161686,-0.958816929831318,-1.20025084684354,-0.638156484361191
"Yukon - Summer","Chum",1986,2450299,3292500,0,0,0.0117947687200623,0.384317791420557,0.561053977494175,0.0428333848236481,0,0,-0.295437096708712,137,62.55,-165,"BS","BS",7.34933224846335,-0.435221404581661,212.2,-115.764248823289,0.74420622627183,-0.446956988996171,-0.295437096708712,1.28258229022474,-0.780932331344841,-1.66466037817971,-1.39709336658604
"Yukon - Summer","Chum",1987,3180348,1155900,0,0,0.00710809320237911,0.402300943167226,0.572508731748853,0.0180823167779124,0,0,1.01211136344881,137,62.55,-165,"BS","BS",7.76704735440366,-0.0175062986413498,364.4,27.286769793309,2.75140410070075,0.676291336213352,1.01211136344881,-0.928015484866579,-0.352373845795361,-0.448083258225077,0.217084075705414
"Yukon - Summer","Chum",1988,1670507,2922600,0,0,0.0103842785453757,0.541947145387598,0.416144320257263,0.0315243815201014,0,0,-0.559346457890353,137,62.55,-165,"BS","BS",7.86425410649356,0.0797004534485457,303,-43.2216979870615,0.571582495038664,-0.543558982984552,-0.559346457890353,0.899871386449452,-0.252643723833284,-0.938870611478784,-0.578528421725642
"Yukon - Summer","Chum",1989,3496679,2370500,0,0,0.000726819934000233,0.322471407870153,0.642352357765754,0.0344493446495947,0,0,0.388712757542572,137,62.55,-165,"BS","BS",7.69413171095006,-0.0904219420949468,486,130.743381846267,1.47508078464459,-0.0379521598813408,0.388712757542572,0.328650272704288,-0.427182291281182,0.523899513039595,1.38448107187337
"Yukon - Summer","Chum",1990,3483598,1384900,0,0,0.00328413898503788,0.450613130447313,0.504171549070817,0.0419311298261166,0,0,0.92243773285102,137,62.55,-165,"BS","BS",8.26517849809983,0.480624845054822,277.2,-86.9838643363977,2.51541483139577,0.544229343277225,0.92243773285102,-0.691084430623431,0.158688180718869,-1.14509721919777,-1.07233757058764
"Yukon - Summer","Chum",1991,4327419,2049300,0,0,0.000735793321608099,0.53862567964877,0.44675220957342,0.0138860577170826,0,0,0.747473018964944,137,62.55,-165,"BS","BS",5.83238261938095,-1.95217103366406,398.6,25.6305823493315,2.11165715122237,0.318282442962632,0.747473018964944,-0.00367398329090577,-2.33726014053662,-0.174713103806887,0.198395775278558
"Yukon - Summer","Chum",1992,3479966,2248200,0,0,0.0265667222036077,0.661115941937364,0.30569321654292,0.00662408195942144,0,0,0.436892627578153,137,62.55,-165,"BS","BS",7.87490108784507,0.0903474348000596,453.7,72.1190405954069,1.54788986744952,0.00279254265275414,0.436892627578153,0.202114604870502,-0.241720359705939,0.265716589422416,0.722968206523143
"Yukon - Summer","Chum",1993,805233.7,1663300,0,0,0.0264307492346632,0.653227007265096,0.300868306927542,0.0194738744789246,0,0,-0.725426313950876,137,62.55,-165,"BS","BS",7.63667067359476,-0.147882979450255,434.9,44.9103454445051,0.484118138640053,-0.59250492553056,-0.725426313950876,-0.403042485202939,-0.48613494776139,0.115442937286102,0.415947240356638
"Yukon - Summer","Chum",1994,1440844,3561900,0,0,0.00305843241877677,0.518119102414973,0.470994431041806,0.00782818264850324,0,0,-0.905065057354731,137,62.55,-165,"BS","BS",8.02480525479597,0.24025160175096,424.3,26.1281093358687,0.404515567534181,-0.637051333144948,-0.905065057354731,1.56131253482345,-0.0879248616441235,0.0307141759752017,0.204009834139278
"Yukon - Summer","Chum",1995,684774.6,3587100,0,0,0.00124166828033633,0.659444144102308,0.318815125444197,0.020499066408129,0,0,-1.6560096225755,137,62.55,-165,"BS","BS",7.93562170337228,0.151068050327272,402,-4.11073275407784,0.19089922221293,-0.756593210493608,-1.6560096225755,1.58738529712444,-0.179423510341596,-0.147535953952448,-0.137203092931356
"Yukon - Summer","Chum",1996,766585.6,3804000,0,0,0.000807321061079154,0.417346738576879,0.539647105293916,0.0421988359812655,0,0,-1.60186205513736,137,62.55,-165,"BS","BS",8.34154071527369,0.556987062228679,443.6,29.8031196413841,0.201520925341746,-0.750649197498024,-1.60186205513736,1.81179728692942,0.237032668815751,0.184984467795993,0.245478387056407
"Yukon - Summer","Chum",1997,541426.1,1374400,0,0,0.00608082802066616,0.209033328832873,0.740465042228293,0.044420817540935,0,0,-0.93156596686305,137,62.55,-165,"BS","BS",6.9179416246274,-0.866612028417616,501.1,79.8710331213849,0.393936335855646,-0.642971578685412,-0.93156596686305,-0.701948081582178,-1.22352133471644,0.644598031510784,0.810441134638272
"Yukon - Summer","Chum",1998,1153904,897990,0,0,0.00111881837657205,0.715079157364911,0.278897291282464,0.0049043741940404,0,0,0.250747322316776,137,62.55,-165,"BS","BS",7.38504113169277,-0.39951252135224,381.8,-46.6131174327623,1.28498535618437,-0.144331493163906,0.250747322316776,-1.19485779141615,-0.744296488638088,-0.309000197205296,-0.616796955704215
"Yukon - Summer","Chum",1999,1569494,1046800,0,0,0.0107112355956761,0.574414046820185,0.406020284244476,0.00885463722702986,0,0,0.405015382745184,137,62.55,-165,"BS","BS",6.92558760502759,-0.858966048017421,401.8,-33.5617709907838,1.49932556362247,-0.0243845352196588,0.405015382745184,-1.04089399149508,-1.21567687390032,-0.149134609826238,-0.469526497780134
"Yukon - Summer","Chum",2000,969982.1,481370,0,0,0.0152470030117051,0.787740825320385,0.195746189543085,0.001265958413047,0,0,0.700641412550273,137,62.55,-165,"BS","BS",7.11494664234274,-0.669607010702275,382.9,-59.1918651272497,2.01504476805783,0.264217171687403,0.700641412550273,-1.62590676879073,-1.02140230469553,-0.300207589899448,-0.758734643230485
"Yukon - Summer","Chum",2001,5635964,483980,0,0,0.00993615998966636,0.453643067982691,0.499670508896082,0.036750287972031,0,0,2.45487990194051,137,62.55,-165,"BS","BS",8.57000316942439,0.785449516379381,466.3,17.6774341079921,11.6450349187983,5.65325750817191,2.45487990194051,-1.62320637555242,0.471425732325724,0.366431909471223,0.108653020487153
"Yukon - Summer","Chum",2002,2041555,1189400,0,0,0.000448926724971896,0.574835848164757,0.375491671789396,0.0492237044801634,0,0,0.540262794099009,137,62.55,-165,"BS","BS",8.90427838353549,1.11972473049048,361.3,-93.6727903862989,1.71645787792164,0.0971249140940043,0.540262794099009,-0.893355265141053,0.814378327237748,-0.47286242426883,-1.14781493277158
"Yukon - Summer","Chum",2003,2315333,1183100,0,0,0.012347204484193,0.501113230796607,0.467574210707488,0.0189653756068781,0,0,0.671415409408531,137,62.55,-165,"BS","BS",9.27420008883757,1.48964643579256,594.5,133.341193044483,1.95700532499366,0.231737709623168,0.671415409408531,-0.899873455716302,1.19390275319613,1.39117032457098,1.41379458726141
"Yukon - Summer","Chum",2004,1494493,1366900,0,0,0.0159556652322895,0.573823229683913,0.404845121388993,0.00537586860560739,0,0,0.0892416167136666,137,62.55,-165,"BS","BS",9.51502904471229,1.73047539166727,347.5,-119.692201844423,1.09334479479113,-0.251575498535528,0.0892416167136666,-0.709707832266997,1.44098333787787,-0.58316967956038,-1.44141610697903
"Yukon - Summer","Chum",2005,1310733,2641300,0,0,0.0204792051470437,0.770401752301956,0.192083437282803,0.0170355976388784,0,0,-0.700684697487071,137,62.55,-165,"BS","BS",8.98931255761315,1.20475890456814,550,76.9215300470468,0.496245409457464,-0.585718381558708,-0.700684697487071,0.608829004097497,0.901619885765153,1.03546939265258,0.777159153324134
"Yukon - Summer","Chum",2006,2621352,3836500,0,0,0.0171513745578617,0.484974928967952,0.465923691286023,0.0319499899288611,0,0,-0.380870277426196,137,62.55,-165,"BS","BS",8.07589244491914,0.291338791874125,331.7,-147.116423405168,0.683266518962596,-0.481059468400864,-0.380870277426196,1.8454228732303,-0.0355115097714947,-0.709463493589836,-1.75086905770846
"Yukon - Summer","Chum",2007,1901571,1882800,0,0,0.0721539190490389,0.60251918019364,0.303684006539856,0.0216432623341437,0,0,0.00992035608718598,137,62.55,-165,"BS","BS",7.73770369501675,-0.0468499580282638,657.6,173.201478578285,1.00996972594009,-0.298233034219602,0.00992035608718598,-0.175940448493894,-0.38247923113695,1.89554625275191,1.86357519262995
"Yukon - Summer","Chum",2008,3852665,1847900,0,0,0.0043056974847281,0.468908664521831,0.488384533822692,0.0384012625027092,0,0,0.734715257425344,137,62.55,-165,"BS","BS",8.00584121311412,0.221287560069111,410.3,-79.512118210272,2.08488825152876,0.303302294701415,0.734715257425344,-0.21204915501392,-0.107381186942141,-0.0811917351901387,-0.988026922764538
"Yukon - Summer","Chum",2009,2858494,1465600,0,0,0.00424104091175283,0.498855691143658,0.487464028261035,0.00943937961737894,0,0,0.668030197778984,137,62.55,-165,"BS","BS",7.71631367592251,-0.0682399771225043,654.8,159.758485773777,1.95039164847162,0.228036629041375,0.668030197778984,-0.607589513254775,-0.404424509290745,1.87316507051884,1.7118854252185
"Yukon - Summer","Chum",2010,2128753,1369300,0,0,0.000416349008081257,0.431574165720495,0.537931831452498,0.0300776604894978,0,0,0.441236701915462,137,62.55,-165,"BS","BS",7.96478949574863,0.18023584270362,437.6,-62.470593004989,1.55462864237201,0.00656362957053759,0.441236701915462,-0.707224712047855,-0.149498557305745,0.137024791582275,-0.795731573632244
"Yukon - Summer","Chum",2011,1634272,2053300,0,0,0.00460446302696246,0.465880832566427,0.501429627381489,0.0280848169704921,0,0,-0.228250809726579,137,62.55,-165,"BS","BS",7.07585518851,-0.708698464535016,578.3,73.4142570728227,0.795924609165733,-0.418014856430069,-0.228250809726579,0.000464550407664515,-1.0615085254528,1.26167919879395,0.73758333643237
"Yukon - Summer","Chum",2012,3354594,2057300,0,0,0.0133899333272521,0.499117329846771,0.471632632741846,0.0158602352475441,0,0,0.488936306190067,137,62.55,-165,"BS","BS",8.6421680169947,0.857614363949687,359.3,-150.178710666804,1.63058085840665,0.0490672613966365,0.488936306190067,0.0046030841062348,0.545463892173979,-0.488848983006736,-1.78542368770936
"Yukon - Summer","Chum",2013,2849457,2772400,0,0,0.00830477175124945,0.700037235164454,0.286197019291746,0.00546094571702609,0,0,0.0274150787506329,137,62.55,-165,"BS","BS",9.82755964643815,2.04300599339314,552.7,38.850982827287,1.02779432982254,-0.288258204775256,0.0274150787506329,0.744469446068138,1.76162685653158,1.05705124694875,0.347573826829313
"Yukon - Summer","Chum",2014,1746248,1869000,0,0,0.00706641324714473,0.679353677140933,0.309202702021706,0.00437685025265598,0,0,-0.0679340421964286,137,62.55,-165,"BS","BS",8.99232832824483,1.20777467519981,432.2,-85.8055900084864,0.934322097378277,-0.340566215801065,-0.0679340421964286,-0.190218389753961,0.904713942159795,0.0938610829899293,-1.05904200751275
"Yukon - Summer","Chum",2015,1749049,1553200,0,0,0.0112455340016203,0.643442236323854,0.342812008125559,0.00250002715761537,0,0,0.118754892777797,137,62.55,-165,"BS","BS",9.9120245961582,2.12747094311319,512.8,-9.16732517828621,1.12609387071852,-0.233248782890685,0.118754892777797,-0.516955625256086,1.84828441432459,0.738119400127532,-0.194261319464473
"Yukon - Summer","Chum",2016,189533.9,1869700,0,0,0.0447544106885365,0.822871264718343,0.128924166072666,0.00345024557612121,0,0,-2.2889653688274,137,62.55,-165,"BS","BS",9.92061396907357,2.13606031602856,701.3,175.537619931456,0.101371289511686,-0.806693951306098,-2.2889653688274,-0.189494146356712,1.85709675698609,2.24485256117515,1.88993604423912
"Yukon - Summer","Chum",2017,345299.3,3005200,0,0,0,0.365749365840012,0.611716270493453,0.0225342767853859,0,0,-2.16368782332382,137,62.55,-165,"BS","BS",10.4585249774596,2.67397132441462,638.8,109.373894221988,0.114900605616931,-0.799122808545312,-2.16368782332382,0.985332107324929,2.40897128542908,1.7452726006156,1.14334930496937
"Yukon - Fall","Chum",1974,859921,671600,0,0,0.13017591150815,0.755601968087766,0.114222120404084,0,0,0,0.24717759935962,138,62.55,-165,"BS","BS",7.06354595633114,-0.721007696713871,199,-27.5920951201788,1.2804064919595,-0.261235140127322,0.24717759935962,-0.0588795992838013,-1.07266080093303,-1.52915779914518,-0.381630311975181
"Yukon - Fall","Chum",1975,2014809,2289000,0,0,0.0974757408766786,0.869670524600595,0.0328537345227265,0,0,0,-0.127590639146438,138,62.55,-165,"BS","BS",7.43559585073415,-0.348957802310862,279.1,45.5262969845521,0.880213630406291,-0.553336435022512,-0.127590639146438,3.77087582192924,-0.713192094297923,-0.954606753743629,0.367299294195037
"Yukon - Fall","Chum",1976,921489,545700,0,0,0.158368683728183,0.687297406697204,0.149146652862921,0.00518725671169162,0,0,0.523921465787302,138,62.55,-165,"BS","BS",8.10234513002284,0.317791476977824,234.1,-6.89603449935734,1.68863661352391,0.0367325613988364,0.523921465787302,-0.356991511940362,-0.068989516414169,-1.27738823992428,-0.169646813926899
"Yukon - Fall","Chum",1977,1381521,726700,0,0,0.0801102552910886,0.77649489222386,0.138833213537833,0.0045609151073346,0,0,0.64242660749397,138,62.55,-165,"BS","BS",8.45815707655514,0.673603423510128,319.9,71.1046092155224,1.90108848217972,0.191801459170796,0.64242660749397,0.071588759631024,0.274790342549431,-0.661951539606508,0.62929022088556
"Yukon - Fall","Chum",1978,494795,550900,0,0,0.0446892147252903,0.741024060469487,0.214286724805222,0,0,0,-0.107409769104362,138,62.55,-165,"BS","BS",8.53650623910567,0.751952586060662,244.5,-12.4122105457951,0.898157560355781,-0.540239137001223,-0.107409769104362,-0.344678708558201,0.350490060656264,-1.20278985200697,-0.226147339104023
"Yukon - Fall","Chum",1979,1254382,1381000,0,0,0.0351081249571502,0.71701443419947,0.24451801763737,0.00335942320600901,0,0,-0.0961648534058995,138,62.55,-165,"BS","BS",7.5987031249439,-0.18585052810111,297.9,32.6075384498225,0.908314265025344,-0.532825744932377,-0.0961648534058995,1.62087092365952,-0.555600433112159,-0.81975582173927,0.234976352413646
"Yukon - Fall","Chum",1980,621509,321900,0,0,0.0217647692953763,0.653057316949553,0.32065344186488,0.00452447189018984,0,0,0.65790945363528,138,62.55,-165,"BS","BS",8.55636841058731,0.771814757542298,223.2,-50.6883073338683,1.93075178626903,0.213452743758254,0.65790945363528,-0.886915626734154,0.369680575694375,-1.35557308879915,-0.618197837864513
"Yukon - Fall","Chum",1981,1387507,548800,0,0,0.0368444988025286,0.715383057526917,0.241331395084854,0.0064417693027855,0,0,0.927529814241233,138,62.55,-165,"BS","BS",7.16875288416358,-0.615800768881436,431,148.341946054577,2.52825619533528,0.649571996151842,0.927529814241233,-0.349651186847151,-0.971011536020158,0.134960085163938,1.42040893391271
"Yukon - Fall","Chum",1982,675117,234100,0,0,0.0183345997804825,0.723958958225019,0.256567380172622,0.0011390618218768,0,0,1.05913763468851,138,62.55,-165,"BS","BS",8.27430197070627,0.489748317661256,308.8,17.2345438819623,2.88388295600171,0.909144435517392,1.05913763468851,-1.09481257614834,0.0971524555294557,-0.741570972864401,0.0775154122048764
"Yukon - Fall","Chum",1983,1184271,500250,0,0,0.0126753082698132,0.790216090742744,0.193735217699327,0.00337338328811564,0,0,0.861774700925037,138,62.55,-165,"BS","BS",7.47527156507268,-0.309282087972335,326.3,25.7214716941774,2.36735832083958,0.532132426381236,0.861774700925037,-0.464610149194061,-0.674858048427598,-0.616044839349705,0.164444450454147
"Yukon - Fall","Chum",1984,596637,351400,0,0,0.0110351855483317,0.70418696795539,0.26973017094146,0.0150476755548181,0,0,0.52938371250719,138,62.55,-165,"BS","BS",7.12254357688567,-0.662010076159341,261.8,-47.8680562837991,1.69788560045532,0.043483409099236,0.52938371250719,-0.81706414600843,-1.01565823575474,-1.0786983028753,-0.589310858167201
"Yukon - Fall","Chum",1985,1257055,693000,0,0,0.0372290790776855,0.72205114334695,0.2386578152905,0.00206275779500499,0,0,0.595496963415279,138,62.55,-165,"BS","BS",7.17594848310246,-0.608605169942549,270.3,-48.5060334477533,1.81393217893218,0.128185959038996,0.595496963415279,-0.00820767767259871,-0.964059262459707,-1.01772846659673,-0.595845465567504
"Yukon - Fall","Chum",1986,860781,523400,0,0,0.00167057590722844,0.598040616602829,0.393801675455197,0.00648713203474519,0,0,0.497494126577167,138,62.55,-165,"BS","BS",7.34933224846335,-0.435221404581661,212.2,-115.764248823289,1.64459495605655,0.00458649780935383,0.497494126577167,-0.4097944956754,-0.79653861852615,-1.43447522986553,-1.28475105146663
"Yukon - Fall","Chum",1987,1033782,718200,0,0,0.0115565951041902,0.652112340899725,0.329021012166975,0.00731005182910904,0,0,0.36423111932679,138,62.55,-165,"BS","BS",7.76704735440366,-0.0175062986413498,364.4,27.286769793309,1.43940685045948,-0.145180569772451,0.36423111932679,0.0514620617947987,-0.392948908830756,-0.342756514383422,0.180477326112059
"Yukon - Fall","Chum",1988,411528,341200,0,0,0.0293661670651815,0.505224431873408,0.384141540794308,0.0812654302987889,0,0,0.187408245927136,138,62.55,-165,"BS","BS",7.86425410649356,0.0797004534485457,303,-43.2216979870615,1.20611957796014,-0.315457256155985,0.187408245927136,-0.841216183411901,-0.299029286824079,-0.783173919972129,-0.541719613486695
"Yukon - Fall","Chum",1989,733045,528700,0,0,0.00438990785013198,0.404376266122816,0.562674869892026,0.0285616844804889,0,0,0.326785928302473,138,62.55,-165,"BS","BS",7.69413171095006,-0.0904219420949468,486,130.743381846267,1.38650463400794,-0.183793966993844,0.326785928302473,-0.397244907612813,-0.46339884697088,0.529470790495842,1.24015215607202
"Yukon - Fall","Chum",1990,1159238,483450,0,0,0.000575377963800358,0.576985053975111,0.393742268628185,0.0286972994329033,0,0,0.874570274768057,138,62.55,-165,"BS","BS",8.26517849809983,0.480624845054822,277.2,-86.9838643363977,2.39784465818596,0.554384444023244,0.874570274768057,-0.504389975505659,0.0883375010107394,-0.968235305382368,-0.989962265789813
"Yukon - Fall","Chum",1991,1540403,588700,0,0,0,0.733125032864776,0.258447951607469,0.00842701552775475,0,0,0.961882633450734,138,62.55,-165,"BS","BS",5.83238261938095,-1.95217103366406,398.6,25.6305823493315,2.61661797180228,0.714067372768694,0.961882633450734,-0.255174099357105,-2.26219128877309,-0.0974425848861288,0.163513498346461
"Yukon - Fall","Chum",1992,918056,407800,0,0,0.00854849813083298,0.761555939942661,0.225421978615684,0.00447249405265038,0,0,0.811481532798228,138,62.55,-165,"BS","BS",7.87490108784507,0.0903474348000596,453.7,72.1190405954069,2.25124080431584,0.447378098667951,0.811481532798228,-0.683517586248065,-0.288742342321278,0.297785412637287,0.639680735118086
"Yukon - Fall","Chum",1993,601315,371600,0,0,0.0164356452109128,0.799434572561802,0.178749906455019,0.00537987577226578,0,0,0.481300916745135,138,62.55,-165,"BS","BS",7.63667067359476,-0.147882979450255,434.9,44.9103454445051,1.61817814854682,-0.0146951646636856,0.481300916745135,-0.769233640562342,-0.518916789834882,0.162934480632927,0.360990288607954
"Yukon - Fall","Chum",1994,391564,945200,0,0,0.0115843131646423,0.603684199773217,0.378341727022913,0.0063897600392273,0,0,-0.881247569423637,138,62.55,-165,"BS","BS",8.02480525479597,0.24025160175096,424.3,26.1281093358687,0.414265763859501,-0.893432394365035,-0.881247569423637,0.588963286362228,-0.14390731394553,0.0869015083325971,0.168609517000053
"Yukon - Fall","Chum",1995,340156,1153000,0,0,0.00730547160714496,0.778122390902997,0.213343289549501,0.00122590811274827,0,0,-1.22071818435677,138,62.55,-165,"BS","BS",7.93562170337228,0.151068050327272,402,-4.11073275407784,0.295018213356461,-0.980471337987937,-1.22071818435677,1.08100185228783,-0.230075046729974,-0.0730546503747022,-0.141117809402708
"Yukon - Fall","Chum",1996,310686,879100,0,0,0.00134219115119445,0.555760478425162,0.41605672608357,0.0268406043400733,0,0,-1.04011590101631,138,62.55,-165,"BS","BS",8.34154071527369,0.556987062228679,443.6,29.8031196413841,0.353413718575816,-0.93784838208505,-1.04011590101631,0.432448612600523,0.162117464010922,0.22533890129452,0.206251537585501
"Yukon - Fall","Chum",1997,367459,535100,0,0,0.00680892290024193,0.659306208311676,0.323998051483295,0.0098895386968342,0,0,-0.375841897514014,138,62.55,-165,"BS","BS",6.9179416246274,-0.866612028417616,501.1,79.8710331213849,0.686710895159783,-0.694574335448556,-0.375841897514014,-0.382090688065537,-1.2133413966956,0.637781911414238,0.719082053205051
"Yukon - Fall","Chum",1998,336499,279600,0,0,0.00129866656364506,0.802174746433125,0.177795476361,0.0187281388651972,0,0,0.18523516695251,138,62.55,-165,"BS","BS",7.38504113169277,-0.39951252135224,381.8,-46.6131174327623,1.20350143061516,-0.317368245339364,0.18523516695251,-0.987075546554428,-0.76203726195283,-0.217947673060238,-0.576456898548826
"Yukon - Fall","Chum",1999,961719,285100,0,0,0.0303030303030303,0.748514898842593,0.20325687648887,0.0179251943655059,0,0,1.21588231228553,138,62.55,-165,"BS","BS",6.92558760502759,-0.858966048017421,401.8,-33.5617709907838,3.37326902841108,1.26634797208133,1.21588231228553,-0.974052389130988,-1.20595397171104,-0.0744892347577272,-0.442775898879392
"Yukon - Fall","Chum",2000,443612,221600,0,0,0.0204052189751404,0.721231616818301,0.258363164206559,0,0,0,0.694076351634856,138,62.55,-165,"BS","BS",7.11494664234274,-0.669607010702275,382.9,-59.1918651272497,2.00185920577617,0.265354142584007,0.694076351634856,-1.12441066120161,-1.02299827340996,-0.2100574589536,-0.705297211988069
"Yukon - Fall","Chum",2001,2942432,326800,0,0,0.044483950691129,0.698957868864939,0.24473768637644,0.0118204940674925,0,0,2.19764336628087,138,62.55,-165,"BS","BS",8.57000316942439,0.785449516379381,466.3,17.6774341079921,9.00376988984088,5.37605794079213,2.19764336628087,-0.875313177393271,0.382854263412557,0.388164228767869,0.0820518030226893
"Yukon - Fall","Chum",2002,731235,398700,0,0,0,0.636603827770826,0.342571129664198,0.0208250425649757,0,0,0.606525631127853,138,62.55,-165,"BS","BS",8.90427838353549,1.11972473049048,361.3,-93.6727903862989,1.83404815650865,0.142868637474002,0.606525631127853,-0.705064992166847,0.705825673119588,-0.364992572320311,-1.05847491504335
"Yukon - Fall","Chum",2003,1398926,713150,0,0,0.0197594440306349,0.626065996342909,0.341466239100567,0.0127083205258891,0,0,0.673768301372118,138,62.55,-165,"BS","BS",9.27420008883757,1.48964643579256,594.5,133.341193044483,1.96161536843581,0.235980112889808,0.673768301372118,0.0395044354332766,1.06323815720204,1.30773281828696,1.26676075155096
"Yukon - Fall","Chum",2004,518424,576000,0,0,0,0.699174806721911,0.295966236131043,0.00485895714704566,0,0,-0.10531422043317,138,62.55,-165,"BS","BS",9.51502904471229,1.73047539166727,347.5,-119.692201844423,0.900041666666667,-0.538863925332045,-0.10531422043317,-0.28524575377123,1.29592327441589,-0.463978894749043,-1.32498388789115
"Yukon - Fall","Chum",2005,491818,1898000,0,0,0.004955085011122,0.799795859443941,0.187296926911988,0.0079541619054203,0,0,-1.35044724981355,138,62.55,-165,"BS","BS",8.98931255761315,1.20475890456814,550,76.9215300470468,0.259124341412013,-1.00667032223039,-1.35044724981355,2.84504772146287,0.787984343328403,0.988537793063876,0.688871184061513
"Yukon - Fall","Chum",2006,814655,942600,0,0,0.0325401550349534,0.486353118804893,0.443510443070993,0.0375975106026477,0,0,-0.145877303754395,138,62.55,-165,"BS","BS",8.07589244491914,0.291338791874125,331.7,-147.116423405168,0.864263738595375,-0.564978281989308,-0.145877303754395,0.582806884671147,-0.0945476811772865,-0.577311061008027,-1.60588190632124
"Yukon - Fall","Chum",2007,1159707,955200,0,0,0.0818706794043668,0.747132680927165,0.163154141520229,0.00784163586147191,0,0,0.194001923349908,138,62.55,-165,"BS","BS",7.73770369501675,-0.0468499580282638,657.6,173.201478578285,1.21409861809045,-0.309633344292492,0.194001923349908,0.612641754404846,-0.421300287090602,1.76034419113138,1.67503761715686
"Yukon - Fall","Chum",2008,1295232,639450,0,0,0.00962453058602629,0.661947820930922,0.321096143393616,0.00733073302697895,0,0,0.705836676787911,138,62.55,-165,"BS","BS",8.00584121311412,0.221287560069111,410.3,-79.512118210272,2.02554069903824,0.282639295597614,0.705836676787911,-0.135005874040818,-0.162230070216935,-0.0135193984791602,-0.913431426932907
"Yukon - Fall","Chum",2009,1250109,497600,0,0,0.00958636406905318,0.630758597850267,0.341458224842794,0.0181968132378857,0,0,0.921189485069678,138,62.55,-165,"BS","BS",7.71631367592251,-0.0682399771225043,654.8,159.758485773777,2.51227692926045,0.637908708871264,0.921189485069678,-0.470884943225355,-0.441966984257778,1.74026000976903,1.53734510208611
"Yukon - Fall","Chum",2010,755903,505600,0,0,0.00304668720722103,0.657909811179477,0.326905700863735,0.0121378007495671,0,0,0.402167218236547,138,62.55,-165,"BS","BS",7.96478949574863,0.18023584270362,437.6,-62.470593004989,1.49506131329114,-0.104558304305925,0.402167218236547,-0.451942168791261,-0.201893588386191,0.182301369803767,-0.73888023135613
"Yukon - Fall","Chum",2011,696064,916450,0,0,0.0330400652813534,0.702715554891504,0.261662720669364,0.00258165915777859,0,0,-0.275065900287961,138,62.55,-165,"BS","BS",7.07585518851,-0.708698464535016,578.3,73.4142570728227,0.759522068852638,-0.6414293642065,-0.275065900287961,0.520887690739701,-1.06076781604695,1.19153148326193,0.652947246298293
"Yukon - Fall","Chum",2012,1577342,692600,0,0,0.0440373742663291,0.741686964526399,0.210692418004466,0.00358387718072555,0,0,0.823043798952246,138,62.55,-165,"BS","BS",8.6421680169947,0.857614363949687,359.3,-150.178710666804,2.27742131100202,0.466487284859741,0.823043798952246,-0.00915481639430343,0.45257879447913,-0.379338416150562,-1.63724798983073
"Yukon - Fall","Chum",2013,2275559,857700,0,0,0.0127994923445184,0.845497743631345,0.140280256411721,0.00142250761241524,0,0,0.975726627491578,138,62.55,-165,"BS","BS",9.82755964643815,2.04300599339314,552.7,38.850982827287,2.65309432202402,0.740691508670239,0.975726627491578,0.38177669098932,1.59788538454244,1.00790468223472,0.29892606744653
"Yukon - Fall","Chum",2014,947138,743200,0,0,0.0609974470457315,0.802470178580101,0.133910792302706,0.0026215820714616,0,0,0.242479618406689,138,62.55,-165,"BS","BS",8.99232832824483,1.20777467519981,432.2,-85.8055900084864,1.2744052744887,-0.265615436635775,0.242479618406689,0.110658231901344,0.790898133077528,0.143567591462089,-0.977893557726606
"Yukon - Fall","Chum",2015,781689,545800,0,0,0.038077803320758,0.850512160206937,0.11085994557938,0.000550090892925447,0,0,0.359204354958448,138,62.55,-165,"BS","BS",9.9120245961582,2.12747094311319,512.8,-9.16732517828621,1.43218944668377,-0.150448562261087,0.359204354958448,-0.356754727259936,1.67949407920579,0.721705097821206,-0.192910958346702
"Yukon - Fall","Chum",2016,104613,833500,0,0,0.077036314798352,0.855734946899525,0.0615315496162045,0.00569718868591858,0,0,-2.07536587529972,138,62.55,-165,"BS","BS",9.92061396907357,2.13606031602856,701.3,175.537619931456,0.12551049790042,-1.10419524197579,-2.07536587529972,0.324474798326185,1.68779299507472,2.07380087882237,1.69896600744588
"Yukon - Fall","Chum",2017,148046,1733500,0,0,0.0376301960201559,0.590654256109588,0.360077273279927,0.01163827459033,0,0,-2.46037472884183,138,62.55,-165,"BS","BS",10.4585249774596,2.67397132441462,638.8,109.373894221988,0.0854029420248053,-1.13346979965001,-2.46037472884183,2.45553692216181,2.20751407920403,1.62549325912702,1.02127094862443
"Yukon - Fall","Chum",2018,246642,656200,0,0,0.00381119193000381,0.753079361990253,0.22977027432473,0.0133391717550133,0,0,-0.978527727997229,138,62.55,-165,"BS","BS",10.7339040111093,2.94935035806428,312.9,-220.09763796564,0.375864065833587,-0.921461844155838,-0.978527727997229,-0.095344440069433,2.47358093354169,-0.712161993012387,-2.35340644433774
"Yukon - Fall","Chum",2019,339618,529300,0,0,0.00838000341560224,0.742363478967546,0.249256517616852,0,0,0,-0.443733922297818,138,62.55,-165,"BS","BS",9.77869919468375,1.99414554163874,797.2,260.684735027627,0.641636123181561,-0.727474470675465,-0.443733922297818,-0.395824199530256,1.55067719106628,2.76168409048291,2.57110219014757
"Kwiniuk Inlet","Chum",1965,36257.90904,37124,0,0,0.0375727724810907,0.880300346188965,0.0758348344899483,0.00629204677931974,0,0,-0.0236061228165545,140,64.72,-161.96,"BS","BS",7.2643973691897,0.0224854022654175,175.2,-17.7751125688447,0.97667032216356,-0.427447831789522,-0.0236061228165545,0.736453666796005,-0.250258456700411,-1.29653208943786,-0.188016001401221
"Kwiniuk Inlet","Chum",1966,97256.05252,30510,0,0,0.00999544269082987,0.856234408268579,0.13198919313901,0.00178095582549354,0,0,1.15929271854287,140,64.72,-161.96,"BS","BS",8.1946555592797,0.952743592355426,172,-21.6750197658039,3.18767789314979,0.916871391927848,1.15929271854287,0.318063630356807,0.583171623440104,-1.31838439327155,-0.233715667296106
"Kwiniuk Inlet","Chum",1967,58443.95285,27816,0,0,0.0268840004376946,0.803553260514958,0.166759474603197,0.00280326450061463,0,0,0.742456829348768,140,64.72,-161.96,"BS","BS",6.84206772392446,-0.399844242999816,220.8,25.6382346910747,2.10109120110728,0.256213600649163,0.742456829348768,0.14764591669379,-0.628628928305786,-0.985136759807841,0.320707761744709
"Kwiniuk Inlet","Chum",1968,48276.06522,19176,0,0,0.0599975518468736,0.738579878196627,0.190955472012679,0.0104670980515342,0,0,0.92327639660451,140,64.72,-161.96,"BS","BS",7.15186411684209,-0.0900478500821846,132.2,-65.2451763112484,2.51752530350438,0.509410548778203,0.92327639660451,-0.398905325343505,-0.351078421008879,-1.59017242220301,-0.744276943899612
"Kwiniuk Inlet","Chum",1969,54621.43325,20263,0,0,0.0402603356256676,0.617447616682596,0.342292047600197,0,0,0,0.99162979320623,140,64.72,-161.96,"BS","BS",6.37606879255988,-0.865843174364396,202.8,2.28046936379511,2.69562420421458,0.61769682472291,0.99162979320623,-0.3301436123696,-1.04612326573806,-1.10805596887232,0.0469981533878423
"Kwiniuk Inlet","Chum",1970,46672.75985,68695,0,0,0.0445667406788245,0.833653151325269,0.119334852104316,0.00244525593872718,0,0,-0.386515722743719,140,64.72,-161.96,"BS","BS",6.55687527223067,-0.68503669469361,126.2,-78.1640583855578,0.679420042943446,-0.608179580452288,-0.386515722743719,2.73357973882835,-0.884136453423765,-1.63114549189117,-0.89566223711677
"Kwiniuk Inlet","Chum",1971,47155.76816,39717,0,0,0.160736532321606,0.689391478889653,0.146826039255852,0.00304594958802597,0,0,0.17167703034663,140,64.72,-161.96,"BS","BS",6.94284274903211,-0.299069217892171,158.6,-50.3442287528231,1.18729431125211,-0.299385910508322,0.17167703034663,0.900482297652799,-0.538343308521561,-1.40989091557511,-0.569665526102745
"Kwiniuk Inlet","Chum",1972,19163.62411,31114,0,0,0.00593139819731102,0.283873542695991,0.704789171008218,0.00540588799933417,0,0,-0.48464397421755,140,64.72,-161.96,"BS","BS",6.59228016029705,-0.649631806627232,133.9,-80.3137308338856,0.615916439866298,-0.646790535707338,-0.48464397421755,0.356271610702933,-0.852416766338105,-1.57856338579137,-0.920852403885
"Kwiniuk Inlet","Chum",1973,45122.26634,29321,0,0,0.0193911455866824,0.711546698432081,0.26402900244926,0.00503315344111326,0,0,0.431071852246182,140,64.72,-161.96,"BS","BS",8.49241983348673,1.25050786656245,228.3,8.18300003622602,1.53890611984584,-0.0856016974729273,0.431071852246182,0.242849576331073,0.849942403379522,-0.93392042269764,0.116164845322135
"Kwiniuk Inlet","Chum",1974,34110.12883,37053,0,0,0.0475386886716722,0.668165402235451,0.281157512854811,0.0031383962908357,0,0,-0.0827549468022948,140,64.72,-161.96,"BS","BS",6.63780483603477,-0.604107130889505,199,-27.5920951201788,0.920576709848056,-0.461553423445115,-0.0827549468022948,0.731962331357967,-0.811630633463753,-1.13400557967483,-0.303052795877175
"Kwiniuk Inlet","Chum",1975,24158.99689,14548,0,0,0.0857621760718725,0.799029037004028,0.115208786965492,0,0,0,0.507203325626273,140,64.72,-161.96,"BS","BS",7.42912871187384,0.187216744949558,279.1,45.5262969845521,1.66064042411328,-0.0115857747958389,0.507203325626273,-0.691664486008852,-0.102673562960734,-0.58701509933788,0.553758897632572
"Kwiniuk Inlet","Chum",1976,44602.56601,7010,0,0,0.024827876847976,0.541224981643158,0.400215667771174,0.0337314739843148,0,0,1.85045369018101,140,64.72,-161.96,"BS","BS",7.59009683132172,0.348184864397442,234.1,-6.89603449935734,6.36270556490728,2.84732644372775,1.85045369018101,-1.16850514138815,0.0415398114773212,-0.894313121999085,-0.0605334209419722
"Kwiniuk Inlet","Chum",1977,57239.35365,22972,0,0.000262871011821777,0.0196374787156598,0.601729244194566,0.359222113787793,0.019148292251899,0,0,0.912965579693724,140,64.72,-161.96,"BS","BS",8.61769554289904,1.37578357597477,319.9,71.1046092155224,2.49170092503918,0.493709015745532,0.912965579693724,-0.15877702502249,0.96217849616261,-0.308398225458388,0.853489189682044
"Kwiniuk Inlet","Chum",1978,81191.97331,13870,0,0,0.00422802445617761,0.541496076368734,0.442777448242808,0.011498451008642,0,0,1.76708815709275,140,64.72,-161.96,"BS","BS",8.05018709870902,0.80827513178474,244.5,-12.4122105457951,5.85378322350397,2.53789553272343,1.76708815709275,-0.734553576529834,0.453740502108559,-0.823293134539607,-0.125172754548714
"Kwiniuk Inlet","Chum",1979,85961.36589,10989,0,0,0.0116681119665257,0.711468460357663,0.274252774440181,0.00261065334614589,0,0,2.05700318901576,140,64.72,-161.96,"BS","BS",7.48796453259208,0.246052565667801,297.9,32.6075384498225,7.82249211848212,3.73489424414892,2.05700318901576,-0.916800582121206,-0.0499618069141748,-0.458632814314977,0.40237505206974
"Kwiniuk Inlet","Chum",1980,43464.43885,19969,0,0.00384608225765694,0.0100867366587433,0.816182338219696,0.162640619274899,0.00724422342335152,0,0,0.777762034998765,140,64.72,-161.96,"BS","BS",7.93098241090775,0.689070443983467,223.2,-50.6883073338683,2.17659566578196,0.302121224246034,0.777762034998765,-0.348741536577814,0.346943514384401,-0.968747531932577,-0.573697487737015
"Kwiniuk Inlet","Chum",1981,32667.72054,36339,0,0,0.0124839552946659,0.472287448740371,0.486741580898806,0.0198053587702205,0.0086816561704308,0,-0.10650409379213,140,64.72,-161.96,"BS","BS",7.44683662056923,0.20492465364495,431,148.341946054577,0.898971367951787,-0.474689731446623,-0.10650409379213,0.686795943995163,-0.0868088235579092,0.450286448267388,1.75856726202892
"Kwiniuk Inlet","Chum",1982,32775.35751,45135,0,0.000917166336044644,0.00342353744473312,0.576407592632237,0.410598558868321,0.00865314489745744,0,0,-0.319981061150693,140,64.72,-161.96,"BS","BS",7.18262325633656,-0.0592887105877165,308.8,17.2345438819623,0.726162789631107,-0.579759427682958,-0.319981061150693,1.24321547234702,-0.323520918836877,-0.384198404381485,0.222232120437191
"Kwiniuk Inlet","Chum",1983,18609.99743,62779,0,0,0.00845959563359273,0.625788704367382,0.365751700321433,0,0,0,-1.2159216900909,140,64.72,-161.96,"BS","BS",6.86114052750847,-0.380771439415803,326.3,25.7214716941774,0.29643666560474,-0.841038084998689,-1.2159216900909,2.35934395782225,-0.611541362306511,-0.264693617791016,0.32168314475763
"Kwiniuk Inlet","Chum",1984,23581.01526,53860,0,0,0.00548743041269717,0.697568581277446,0.270449611209827,0.0264943770576229,0,0,-0.825946137221466,140,64.72,-161.96,"BS","BS",6.88202131607316,-0.359890650851122,261.8,-47.8680562837991,0.437820558113628,-0.75507497608952,-0.825946137221466,1.79514366526084,-0.592833999692294,-0.705154116938743,-0.540649385764651
"Kwiniuk Inlet","Chum",1985,8907.941595,10052,0,0,0.031837873494724,0.379022599215863,0.589139527356769,0,0,0,-0.120828426773816,140,64.72,-161.96,"BS","BS",7.23651974309575,-0.00539222382853175,270.3,-48.5060334477533,0.886185992339833,-0.482463393754767,-0.120828426773816,-0.976073558254185,-0.275234374566137,-0.647108934880516,-0.548125292694952
"Kwiniuk Inlet","Chum",1986,25966.41032,23867,0,0,0,0.41384028048433,0.569763320677588,0.0163963989998291,0,0,0.084307040334682,140,64.72,-161.96,"BS","BS",6.13710463859818,-1.10480732832609,212.2,-115.764248823289,1.08796289102108,-0.359780609960285,0.084307040334682,-0.102160895204969,-1.26021427413621,-1.04386482636087,-1.33626660378687
"Kwiniuk Inlet","Chum",1987,16779.73512,16460,0,0,0.00744665291832092,0.62045622326844,0.340459370433733,0.0316377535642529,0,0,0.0192387202066651,140,64.72,-161.96,"BS","BS",6.97005666385997,-0.271855303064305,364.4,27.286769793309,1.01942497691373,-0.401452486934861,0.0192387202066651,-0.570714720409858,-0.513962017974976,-0.00451462527119578,0.34002552998464
"Kwiniuk Inlet","Chum",1988,15242.31083,14087,0,0,0,0.485578146551942,0.467336740370095,0.0470851128483384,0,0,0.0788227817508673,140,64.72,-161.96,"BS","BS",7.36353760957718,0.121625642652901,303,-43.2216979870615,1.08201255270817,-0.363398487296676,0.0788227817508673,-0.720826537233296,-0.161437461226782,-0.42380570508004,-0.486202699968025
"Kwiniuk Inlet","Chum",1989,22718.94767,9376,0,0,0.00250421972779693,0.406211376074709,0.521230884986672,0.0700535193846855,0,0,0.885046042604063,140,64.72,-161.96,"BS","BS",7.34032717618075,0.0984152092564743,486,130.743381846267,2.42309595456485,0.451996367692469,0.885046042604063,-1.01883613228396,-0.182231982115449,0.825872920408861,1.55234478956174
"Kwiniuk Inlet","Chum",1990,38119.60671,14377,0,0,0.00186098374019662,0.555402729127475,0.402601587334163,0.038657302060082,0.00147739794847427,0,0.975099054135975,140,64.72,-161.96,"BS","BS",7.29878691651605,0.0568749495917674,277.2,-86.9838643363977,2.6514298330667,0.590826114964242,0.975099054135975,-0.702481646007507,-0.219448426227664,-0.599989904739131,-0.999013974697957
"Kwiniuk Inlet","Chum",1991,34095.35434,23261,0,0,0.0105246878833288,0.636836981762249,0.345759985141718,0.00660709704769709,0.000271248238096475,0,0.382383000217048,140,64.72,-161.96,"BS","BS",4.4434118270874,-2.79850013983688,398.6,25.6305823493315,1.46577336915868,-0.130067290409922,0.382383000217048,-0.140495392042307,-2.77761508895115,0.22903187195132,0.320618090518365
"Kwiniuk Inlet","Chum",1992,23637.0037,12863,0,0,0.00480947521703015,0.529915292943834,0.450313836097593,0.0149613958980765,0,0,0.608458464369317,140,64.72,-161.96,"BS","BS",7.32191704349084,0.0800050765665633,453.7,72.1190405954069,1.83759649381948,0.0960056461387394,0.608458464369317,-0.798254629855246,-0.198725852878001,0.605301228587596,0.865376440530002
"Kwiniuk Inlet","Chum",1993,21920.97716,15922,0,0,0,0.560070251904774,0.436330117867793,0.00359963045552482,0,0,0.319742238886991,140,64.72,-161.96,"BS","BS",7.1464204788208,-0.0954914881034768,434.9,44.9103454445051,1.37677284009547,-0.184180683647796,0.319742238886991,-0.604747656545977,-0.355955445173431,0.476918943564692,0.546541090088451
"Kwiniuk Inlet","Chum",1994,16029.01414,31867,0,0,0.0737833551502501,0.607813597636517,0.315058346314491,0.00334470068725013,0,0,-0.687170527791128,140,64.72,-161.96,"BS","BS",7.17923025651412,-0.0626817104101606,424.3,26.1281093358687,0.502997274296294,-0.715446747922012,-0.687170527791128,0.403905069644378,-0.326560750298789,0.404533187115609,0.326448182341105
"Kwiniuk Inlet","Chum",1995,7028.161563,35991,0,0,0.050120355322287,0.656798219935856,0.266987169002848,0.0260942557105527,0,0,-1.63334374866561,140,64.72,-161.96,"BS","BS",7.69694399562749,0.455032028703212,402,-4.11073275407784,0.195275528965575,-0.902545274056604,-1.63334374866561,0.664782074524216,0.137265537580876,0.252249944774611,-0.0278948598821185
"Kwiniuk Inlet","Chum",1996,29398.15556,24443,0,0,0.00134204706888761,0.475975395852351,0.511540983559582,0.0111415735157774,0,0,0.184588059961111,140,64.72,-161.96,"BS","BS",7.33404377644713,0.0921318095228469,443.6,29.8031196413841,1.20272288835249,-0.290005149871035,0.184588059961111,-0.0657241457358163,-0.187861359420953,0.536329894612526,0.369512474551255
"Kwiniuk Inlet","Chum",1997,4331.063418,21847,0,0,0,0.375803188481504,0.605009310210013,0.0191875013569704,0,0,-1.61825050741101,140,64.72,-161.96,"BS","BS",5.62486139752648,-1.6170505693978,501.1,79.8710331213849,0.198245224424406,-0.900739663462465,-1.61825050741101,-0.229942551329429,-1.7191394736193,0.928988479124065,0.956215388885766
"Kwiniuk Inlet","Chum",1998,45121.83759,18069,0,0,0.0137174590499651,0.794866090248697,0.1866287400464,0.00478771065936989,0,0,0.915168570359523,140,64.72,-161.96,"BS","BS",6.77696730331941,-0.464944663604869,381.8,-46.6131174327623,2.49719616968288,0.497050190651716,0.915168570359523,-0.468932203229533,-0.68695321863727,0.11430727682447,-0.525943834243935
"Kwiniuk Inlet","Chum",1999,7722.82013,9353,0,0,0.0106030473922225,0.581073153907574,0.400946058807147,0.00737773993319718,0,0,-0.19151754830872,140,64.72,-161.96,"BS","BS",5.86676438288255,-1.37514758404173,401.8,-33.5617709907838,0.825705135250722,-0.519236483055193,-0.19151754830872,-1.0202910719329,-1.50241552899911,0.250884175785006,-0.373006304770957
"Kwiniuk Inlet","Chum",2000,9376.658384,14975,0,0,0.0118169009003325,0.741092881218482,0.224829288075299,0.0180799513811103,0.0041809784930307,0,-0.468158693495656,140,64.72,-161.96,"BS","BS",6.00454312833873,-1.23736883858555,382.9,-59.1918651272497,0.62615414918197,-0.640565885181266,-0.468158693495656,-0.664653215135018,-1.37897780806263,0.1218190062673,-0.673343384536402
"Kwiniuk Inlet","Chum",2001,20675.25087,16607,0,0,0.0208974782660037,0.460219424316954,0.47147907061889,0.0474040270399873,0,0,0.219113081589757,140,64.72,-161.96,"BS","BS",7.43068232319572,0.188770356271442,466.3,17.6774341079921,1.24497205214669,-0.264317149603726,0.219113081589757,-0.561415758305752,-0.101281662924487,0.691344674932733,0.227421970947853
"Kwiniuk Inlet","Chum",2002,46676.84153,38054,0,0,0.0146480241440621,0.646493105164479,0.322519370774572,0.0163394998397613,0,0,0.204241939343006,140,64.72,-161.96,"BS","BS",8.18521371212872,0.943301745204444,361.3,-93.6727903862989,1.22659487911915,-0.275490692065854,0.204241939343006,0.795283835209741,0.574712553139464,-0.0256840446100786,-1.07739575924771
"Kwiniuk Inlet","Chum",2003,23576.1153,12124,0,0,0.00359536601986333,0.60361555663074,0.330684073766809,0.0450384521999687,0.0170665512863351,0,0.665047176794556,140,64.72,-161.96,"BS","BS",8.88674653118307,1.64483456425879,594.5,133.341193044483,1.94458225833058,0.16105427907138,0.665047176794556,-0.845002473358204,1.20322468002447,1.56680259726977,1.58278630978793
"Kwiniuk Inlet","Chum",2004,3592.467888,10359,0,0,0.0327381700732407,0.495363621744362,0.332518134118949,0.112001830898481,0.0273782431065115,0,-1.059016306767,140,64.72,-161.96,"BS","BS",8.99671514467759,1.75480317775331,347.5,-119.692201844423,0.346796784245584,-0.810418526528623,-1.059016306767,-0.956653276853092,1.30174695194213,-0.119922104892848,-1.38229491462889
"Kwiniuk Inlet","Chum",2005,5489.341968,12084,0,0,0,0.322391946305503,0.659690521944178,0.0179175317849318,0,0,-0.789073875296073,140,64.72,-161.96,"BS","BS",8.68734689192338,1.44543492499911,550,76.9215300470468,0.454265306852036,-0.745076370861595,-0.789073875296073,-0.847532803182451,1.02458002083356,1.26291899708257,0.921652693353346
"Kwiniuk Inlet","Chum",2006,117092.216,39553,0,0,0.0464752301468101,0.682103886820282,0.268794528066665,0.0026263553138323,0,0,1.08532025060719,140,64.72,-161.96,"BS","BS",7.43233932961117,0.190427362686891,331.7,-147.116423405168,2.96038773291533,0.778676237929035,1.08532025060719,0.890107945373388,-0.0997971299159822,-0.227817855071671,-1.70365583412219
"Kwiniuk Inlet","Chum",2007,17848.32391,27756,0,0,0.078902109806007,0.793530355086435,0.124917150609914,0.00265038433404361,0,0,-0.441542427819844,140,64.72,-161.96,"BS","BS",7.58447976003994,0.342567793115657,657.6,173.201478578285,0.64304380710477,-0.630296769812519,-0.441542427819844,0.14385042195742,0.0365074062607865,1.99770271349026,2.04987479148048
"Kwiniuk Inlet","Chum",2008,9178.076073,9480,0,0.0219197889404986,0.0107163482202268,0.527728331458122,0.355634367599341,0.0840011638134087,0,0,-0.0323667117036663,140,64.72,-161.96,"BS","BS",7.85954257033088,0.617630603406603,410.3,-79.512118210272,0.968151484493671,-0.432627387659722,-0.0323667117036663,-1.01225727474091,0.282939657507376,0.308929357843234,-0.911458993420046
"Kwiniuk Inlet","Chum",2009,23520.83725,8739,0,0,0.00326865239204017,0.162906545811842,0.775749070752148,0.0580757311264504,0,0,0.990090953115393,140,64.72,-161.96,"BS","BS",7.463244847276,0.221332880351718,654.8,159.758485773777,2.69147925964069,0.615176648516804,0.990090953115393,-1.05913163473508,-0.072108485689492,1.97858194763578,1.89234789436036
"Kwiniuk Inlet","Chum",2010,65363.34519,72162,0,0,0.00108558362356974,0.471805132683418,0.518280510759153,0.00882877281330282,0,0,-0.0989519613169378,140,64.72,-161.96,"BS","BS",8.07438857988878,0.832476612964498,437.6,-62.470593004989,0.90578621975555,-0.470546219499037,-0.0989519613169378,2.95289607634493,0.475422915242931,0.495356824924365,-0.711763983029045
"Kwiniuk Inlet","Chum",2011,24396.01643,32240,0,0,0,0.744698020766172,0.236546047038385,0.0187559321831462,0,0,-0.278788059733384,140,64.72,-161.96,"BS","BS",6.92253046685999,-0.319381500064289,578.3,73.4142570728227,0.756700261476427,-0.561192277129475,-0.278788059733384,0.427500395255479,-0.556541339067153,1.45617530911173,0.880553970991652
"Kwiniuk Inlet","Chum",2012,8733.638926,5587,0,0,0.0469216725550717,0.63872824629755,0.314350081135928,0,0,0,0.446739642536458,140,64.72,-161.96,"BS","BS",8.66191306439313,1.42000109746885,359.3,-150.178710666804,1.56320725362449,-0.0708263155495705,0.446739642536458,-1.25852162488573,1.00179353301476,-0.0393417345061321,-1.73954015076441
"Kwiniuk Inlet","Chum",2013,37930.71333,5686,0,0,0.0101426711027794,0.820305220450227,0.169552108446994,0,0,0,1.89775414878079,140,64.72,-161.96,"BS","BS",9.40877311338078,2.1668611464565,552.7,38.850982827287,6.67089576679564,3.03470979708961,1.89775414878079,-1.25225905857072,1.67091489858027,1.28135687844225,0.475536619172132
"Kwiniuk Inlet","Chum",2014,62480.4851,39774,0,0,0.0781163442183326,0.874920818596525,0.0469628371371272,0,0,0,0.451640837098488,140,64.72,-161.96,"BS","BS",8.36216277425939,1.12025080733512,432.2,-85.8055900084864,1.57088764268115,-0.0661565465311428,0.451640837098488,0.904088017652351,0.733243456283772,0.45848106220502,-0.985206788937215
"Kwiniuk Inlet","Chum",2015,27743.49383,37812,0,0,0,0.865942176468839,0.127347718447039,0.00671010504447341,0,0,-0.309625156436511,140,64.72,-161.96,"BS","BS",8.34820251031355,1.10629054338928,512.8,-9.16732517828621,0.733721935628901,-0.57516337590409,-0.309625156436511,0.779975339773049,0.720736279219265,1.00888596501598,-0.0871487273928922
"Kwiniuk Inlet","Chum",2016,4292.089781,8531,0,0.0832439940752488,0.106819349406335,0.394665115230962,0.41527154135735,0,0,0,-0.686932845156945,140,64.72,-161.96,"BS","BS",9.83787048946727,2.59595852254299,701.3,175.537619931456,0.503116842222483,-0.71537404918329,-0.686932845156945,-1.07228934982117,2.05534866583927,2.29612323771903,2.07725002733388
"Kwiniuk Inlet","Chum",2017,3807.138959,32560,0,0,0.063562468327545,0.650886996426021,0.264702704012859,0.0208478310470831,0,0,-2.14620656348076,140,64.72,-161.96,"BS","BS",10.5577324953946,3.31582052847034,638.8,109.373894221988,0.11692687220516,-0.950182200685706,-2.14620656348076,0.447743033849452,2.70028214310551,1.86932042846735,1.30193410144694
"Kwiniuk Inlet","Chum",2018,15713.57872,41849,0,0,0.0048644771335705,0.737530286162591,0.257605236409189,0,0,0,-0.97954267660785,140,64.72,-161.96,"BS","BS",10.3901951746507,3.14828320772643,312.9,-220.09763796564,0.375482776649382,-0.79297709776742,-0.97954267660785,1.03534887728515,2.55018333812685,-0.356200140094575,-2.55886006170409
