"Stock","Species","BY","R","S","R0.0","R0.1","R0.2","R0.3","R0.4","R0.5","R0.6","R0.7","Logrs","Stock.ID","Lat","Lon","ocean.basin","Ocean.Region2"
"Willapa Bay","Chum",1968,102452,13200,0,0,0.367957677741772,0.56697770663335,0.065064615624878,0,0,0,2.04917756661995,102,46.3733,-123.9575,"SC","WC"
"Willapa Bay","Chum",1969,49559,33900,0,0,0.360055691196352,0.624508161988741,0.0154159688452148,0,0,0,0.379748864608417,102,46.3733,-123.9575,"SC","WC"
"Willapa Bay","Chum",1970,32833,23100,0,0,0.304541162854445,0.695428379983553,0,0,0,0,0.351601489646387,102,46.3733,-123.9575,"SC","WC"
"Willapa Bay","Chum",1971,28026,37600,0,0,0.761792621137515,0.233033611646328,0.00517376721615643,0,0,0,-0.293871399647823,102,46.3733,-123.9575,"SC","WC"
"Willapa Bay","Chum",1972,70218,22400,0,0,0.388917371614116,0.611096869748498,0,0,0,0,1.14254372955969,102,46.3733,-123.9575,"SC","WC"
"Willapa Bay","Chum",1973,10955,14500,0,0,0.475855773619352,0.524144226380648,0,0,0,0,-0.280352676379099,102,46.3733,-123.9575,"SC","WC"
"Willapa Bay","Chum",1974,86085,12200,0,0,0.489179299529535,0.499645699018412,0.011186617877679,0,0,0,1.95389922848922,102,46.3733,-123.9575,"SC","WC"
"Willapa Bay","Chum",1975,5535,12600,0,0,0.666485998193315,0.333514001806685,0,0,0,0,-0.822605247796832,102,46.3733,-123.9575,"SC","WC"
"Willapa Bay","Chum",1976,38112,16500,0,0,0.136859781696054,0.802345717884131,0.060820738874895,0,0,0,0.837168812266355,102,46.3733,-123.9575,"SC","WC"
"Willapa Bay","Chum",1977,60299,40200,0,0,0.569561684273371,0.421482943332394,0.00893878837128311,0,0,0,0.405448524222725,102,46.3733,-123.9575,"SC","WC"
"Willapa Bay","Chum",1978,157372,18900,0,0,0.0813931321963246,0.751328063442035,0.167272449991104,0,0,0,2.11945050736901,102,46.3733,-123.9575,"SC","WC"
"Willapa Bay","Chum",1979,40598,6915,0,0,0.395191881373467,0.557933888368885,0.0468742302576482,0,0,0,1.77002583919385,102,46.3733,-123.9575,"SC","WC"
"Willapa Bay","Chum",1980,49807,37300,0,0,0.382396048748168,0.606099544240769,0.011484329511916,0,0,0,0.289162209751886,102,46.3733,-123.9575,"SC","WC"
"Willapa Bay","Chum",1981,57537,22120,0,0,0.578288753323948,0.406625301979596,0.0151033248170742,0,0,0,0.955946042466675,102,46.3733,-123.9575,"SC","WC"
"Willapa Bay","Chum",1982,115368,66889,0,0,0.412402052562236,0.529964981624021,0.0576329658137438,0,0,0,0.545092490158979,102,46.3733,-123.9575,"SC","WC"
"Willapa Bay","Chum",1983,42103,20871,0,0,0.114267391872313,0.724865211505118,0.160867396622568,0,0,0,0.70175836144729,102,46.3733,-123.9575,"SC","WC"
"Willapa Bay","Chum",1984,250667,42635,0,0,0.23615793064105,0.691574878224896,0.0722671911340543,0,0,0,1.77144985287407,102,46.3733,-123.9575,"SC","WC"
"Willapa Bay","Chum",1985,16437,52703,0,0,0.1670621159579,0.738273407556123,0.0946644764859768,0,0,0,-1.16513748869891,102,46.3733,-123.9575,"SC","WC"
"Willapa Bay","Chum",1986,34375,34040,0,0,0.143243636363636,0.535854545454545,0.320872727272727,0,0,0,0.00979325228156203,102,46.3733,-123.9575,"SC","WC"
"Willapa Bay","Chum",1987,45533,31884,0,0,0.0141216260733973,0.872466123470889,0.113412250455713,0,0,0,0.35633302123189,102,46.3733,-123.9575,"SC","WC"
"Willapa Bay","Chum",1988,138232,61947,0,0,0.120131373343365,0.675176514844609,0.204692111812026,0,0,0,0.802654252258374,102,46.3733,-123.9575,"SC","WC"
"Willapa Bay","Chum",1989,23074,17056,0,0,0.0972956574499437,0.704689260639681,0.198015081910375,0,0,0,0.302204394521664,102,46.3733,-123.9575,"SC","WC"
"Willapa Bay","Chum",1990,26924,17762,0,0,0.132001188530679,0.711298469766751,0.15670034170257,0,0,0,0.415956738312154,102,46.3733,-123.9575,"SC","WC"
"Willapa Bay","Chum",1991,23160,33959,0,0,0.330742659758204,0.639291882556131,0.0299654576856649,0,0,0,-0.38272726189726,102,46.3733,-123.9575,"SC","WC"
"Willapa Bay","Chum",1992,27442,37068,0,0,0.274761314772976,0.688652430580861,0.0366226951388383,0,0,0,-0.300679377225462,102,46.3733,-123.9575,"SC","WC"
"Willapa Bay","Chum",1993,25933,31017,0,0,0.0852581652720472,0.696101492307099,0.218640342420854,0,0,0,-0.179019152309473,102,46.3733,-123.9575,"SC","WC"
"Willapa Bay","Chum",1994,79110,30526,0,0,0.182467450385539,0.752724055113134,0.0648084945013273,0,0,0,0.952260509540375,102,46.3733,-123.9575,"SC","WC"
"Willapa Bay","Chum",1995,18093,24695,0,0,0.553584259105732,0.419499253855082,0.0269164870391864,0,0,0,-0.311075670855629,102,46.3733,-123.9575,"SC","WC"
"Willapa Bay","Chum",1996,50096,20011,0,0,0.261098690514213,0.684066592143085,0.054834717342702,0,0,0,0.917659042224623,102,46.3733,-123.9575,"SC","WC"
"Willapa Bay","Chum",1997,50276,33314,0,0,0.236991805235102,0.613433845174636,0.149574349590262,0,0,0,0.411550097007675,102,46.3733,-123.9575,"SC","WC"
"Willapa Bay","Chum",1998,61052,65101,0,0,0.310079931861364,0.64445063224792,0.0454858153705038,0,0,0,-0.0642139500267722,102,46.3733,-123.9575,"SC","WC"
"Willapa Bay","Chum",1999,131944,24512,0,0,0.333603650033347,0.564368216819257,0.102035712120293,0,0,0,1.68321479658767,102,46.3733,-123.9575,"SC","WC"
"Willapa Bay","Chum",2000,98884,40030,0,0,0.0671595000202257,0.868512600622952,0.0643278993568221,0,0,0,0.904318272961129,102,46.3733,-123.9575,"SC","WC"
"Willapa Bay","Chum",2001,32312,29389,0,0,0.438165387472147,0.524449121069572,0.0373854914582818,0,0,0,0.0948182235877874,102,46.3733,-123.9575,"SC","WC"
"Willapa Bay","Chum",2002,24546,59243,0,0,0.187892120915831,0.749205573209484,0.0629023058746843,0,0,0,-0.88109872140052,102,46.3733,-123.9575,"SC","WC"
"Willapa Bay","Chum",2003,17236,47347,0,0,0.170573218844279,0.781793919702947,0.0476328614527733,0,0,0,-1.01050323989875,102,46.3733,-123.9575,"SC","WC"
"Willapa Bay","Chum",2004,13317,84021,0,0,0.175489975219644,0.714950814748066,0.109484118044605,0,0,0,-1.84202535307851,102,46.3733,-123.9575,"SC","WC"
"Willapa Bay","Chum",2005,8590,11924,0,0,0.254249126891735,0.674738067520373,0.0710128055878929,0,0,0,-0.327954439819661,102,46.3733,-123.9575,"SC","WC"
"Willapa Bay","Chum",2006,31604,14717,0,0,0.315909378559676,0.636343500822681,0.0477471206176433,0,0,0,0.764280406678511,102,46.3733,-123.9575,"SC","WC"
"Willapa Bay","Chum",2007,91053,17085,0,0,0.0622165112626712,0.736889503915302,0.200893984822027,0,0,0,1.67324086899272,102,46.3733,-123.9575,"SC","WC"
"Willapa Bay","Chum",2008,22096,9008,0,0,0.0489681390296886,0.85458906589428,0.0964427950760319,0,0,0,0.897283525269602,102,46.3733,-123.9575,"SC","WC"
"Willapa Bay","Chum",2009,18332,12629,0,0,0.295330569495963,0.640137464542876,0.0645319659611608,0,0,0,0.372652409982845,102,46.3733,-123.9575,"SC","WC"
"Willapa Bay","Chum",2010,32520,24546,0,0,0.228075030750307,0.700061500615006,0.0718634686346863,0,0,0,0.281306376504293,102,46.3733,-123.9575,"SC","WC"
"Willapa Bay","Chum",2011,50834,65764,0,0,0.121670535468387,0.693984341188968,0.184345123342645,0,0,0,-0.257507154101173,102,46.3733,-123.9575,"SC","WC"
"Willapa Bay","Chum",2012,88433,25519,0,0,0.120147456266326,0.817285402508113,0.0625671412255606,0,0,0,1.24282193039487,102,46.3733,-123.9575,"SC","WC"
"Willapa Bay","Chum",2013,13002,23642,0,0,0.333871712044301,0.630979849253961,0.0351484387017382,0,0,0,-0.597921599545908,102,46.3733,-123.9575,"SC","WC"
"Willapa Bay","Chum",2014,17938,25612,0,0,0.44402943471959,0.532166350763742,0.0238042145166685,0,0,0,-0.356139623960744,102,46.3733,-123.9575,"SC","WC"
"Willapa Bay","Chum",2015,61144,44147,0,0,0.550503728902264,0.438080596624362,0.0114156744733743,0,0,0,0.325706763369207,102,46.3733,-123.9575,"SC","WC"
"Willapa Bay","Chum",2016,48441,78725,0,0,0.339918663941702,0.631159554922483,0.0289217811358147,0,0,0,-0.485614204419495,102,46.3733,-123.9575,"SC","WC"
"Willapa Bay","Chum",2017,61201,20191,0,0,0.452329210307021,0.500906847927321,0.0467639417656574,0,0,0,1.10892656868583,102,46.3733,-123.9575,"SC","WC"
"Willapa Bay","Chum",2018,120695,38582,0,0,0.471320270102324,0.515290608558764,0.0133891213389121,0,0,0,1.14048085575904,102,46.3733,-123.9575,"SC","WC"
"Willapa Bay","Chum",2019,72328,40893,0,0,0.35845039265568,0.539804778232496,0.101744829111824,0,0,0,0.57025243017825,102,46.3733,-123.9575,"SC","WC"
"Willapa Bay","Chum",2020,130080,52747,0,0,0.117973554735547,0.774969249692497,0.107057195571956,0,0,0,0.902642747098515,102,46.3733,-123.9575,"SC","WC"
"Grays Harbour","Chum",1969,46157,11150,0,0,0.30619407673809,0.660636523170917,0.0331477349047815,0,0,0,1.4206091308472,103,46.95083,-124.0497,"SC","WC"
"Grays Harbour","Chum",1970,39290,15700,0,0,0.336243318910664,0.653245100534487,0.0105115805548486,0,0,0,0.917309321216106,103,46.95083,-124.0497,"SC","WC"
"Grays Harbour","Chum",1971,16840,10250,0,0,0.656413301662708,0.343527315914489,0,0,0,0,0.496479303229763,103,46.95083,-124.0497,"SC","WC"
"Grays Harbour","Chum",1972,48667,8000,0,0,0.372120738899049,0.610475270717324,0.0174039903836275,0,0,0,1.805559640652,103,46.95083,-124.0497,"SC","WC"
"Grays Harbour","Chum",1973,19860,12350,0,0,0.175528700906344,0.812537764350453,0.0119838872104733,0,0,0,0.47505159554304,103,46.95083,-124.0497,"SC","WC"
"Grays Harbour","Chum",1974,37622,8300,0,0,0.501887193663282,0.498139386529158,0,0,0,0,1.51133347086828,103,46.95083,-124.0497,"SC","WC"
"Grays Harbour","Chum",1975,2171,11750,0,0,0.93781667434362,0,0.0621833256563795,0,0,0,-1.68866534969401,103,46.95083,-124.0497,"SC","WC"
"Grays Harbour","Chum",1976,21235,11650,0,0,0,0.953896868377678,0.0461031316223216,0,0,0,0.600344583753525,103,46.95083,-124.0497,"SC","WC"
"Grays Harbour","Chum",1977,55516,21000,0,0,0.443529793212767,0.476187045176165,0.0802831616110671,0,0,0,0.97214882977017,103,46.95083,-124.0497,"SC","WC"
"Grays Harbour","Chum",1978,99948,11000,0,0,0.102483291311482,0.799975987513507,0.0975507263777164,0,0,0,2.20675477794283,103,46.95083,-124.0497,"SC","WC"
"Grays Harbour","Chum",1980,32511,24700,0,0,0.59266094552613,0.400449078773338,0.00688997570053213,0,0,0,0.274775249975036,103,46.95083,-124.0497,"SC","WC"
"Grays Harbour","Chum",1981,56007,18050,0,0,0.589426321709786,0.363883086042816,0.0467084471583909,0,0,0,1.13233099814441,103,46.95083,-124.0497,"SC","WC"
"Grays Harbour","Chum",1982,75005,35100,0,0,0.322471835210986,0.636890873941737,0.0406372908472768,0,0,0,0.759353647509034,103,46.95083,-124.0497,"SC","WC"
"Grays Harbour","Chum",1983,19300,21000,0,0,0.100310880829016,0.793160621761658,0.106528497409326,0,0,0,-0.0844173418125832,103,46.95083,-124.0497,"SC","WC"
"Grays Harbour","Chum",1984,193236,23700,0,0,0.255526920449606,0.685969488087106,0.0585035914632884,0,0,0,2.09843719168277,103,46.95083,-124.0497,"SC","WC"
"Grays Harbour","Chum",1985,10288,31300,0,0,0.226477449455677,0.657076205287714,0.116543545878694,0,0,0,-1.11263993005084,103,46.95083,-124.0497,"SC","WC"
"Grays Harbour","Chum",1986,13438,19550,0,0,0.0737460931686263,0.679639827355261,0.246614079476113,0,0,0,-0.374888771933417,103,46.95083,-124.0497,"SC","WC"
"Grays Harbour","Chum",1987,34178,9475,0,0,0.0473403944057581,0.870150389139212,0.0825092164550296,0,0,0,1.28292541125623,103,46.95083,-124.0497,"SC","WC"
"Grays Harbour","Chum",1988,108456,62175,0,0,0.113871062919525,0.724238400826141,0.161890536254334,0,0,0,0.55639157108762,103,46.95083,-124.0497,"SC","WC"
"Grays Harbour","Chum",1989,25037,9080,0,0,0.0629468386787554,0.672484722610536,0.264568438710708,0,0,0,1.0142805381344,103,46.95083,-124.0497,"SC","WC"
"Grays Harbour","Chum",1990,24885,8972,0,0,0.140204942736588,0.63254972875226,0.227245328511151,0,0,0,1.02015659565256,103,46.95083,-124.0497,"SC","WC"
"Grays Harbour","Chum",1991,9415,17936,0,0,0.275517790759426,0.669144981412639,0.055231014338821,0,0,0,-0.644505704220688,103,46.95083,-124.0497,"SC","WC"
"Grays Harbour","Chum",1992,21960,38300,0,0,0.384426229508197,0.600956284153006,0.0146174863387978,0,0,0,-0.55622727954527,103,46.95083,-124.0497,"SC","WC"
"Grays Harbour","Chum",1993,18932,21059,0,0,0.159623917177266,0.58266427213184,0.257711810690894,0,0,0,-0.10647441015364,103,46.95083,-124.0497,"SC","WC"
"Grays Harbour","Chum",1994,34802,24592,0,0,0.0750244238836848,0.852163668754669,0.0728119073616459,0,0,0,0.347253669597147,103,46.95083,-124.0497,"SC","WC"
"Grays Harbour","Chum",1995,7014,12616,0,0,0.558597091531223,0.424721984602224,0.0165383518676932,0,0,0,-0.587057697942751,103,46.95083,-124.0497,"SC","WC"
"Grays Harbour","Chum",1996,17446,12413,0,0,0.551587756505789,0.388455806488593,0.0599564370056173,0,0,0,0.340366085477216,103,46.95083,-124.0497,"SC","WC"
"Grays Harbour","Chum",1997,26061,13456,0,0,0.147768696519704,0.619201105099574,0.233030198380722,0,0,0,0.661014840715301,103,46.95083,-124.0497,"SC","WC"
"Grays Harbour","Chum",1998,35939,35188,0,0,0.241882077965441,0.720220373410501,0.0378975486240574,0,0,0,0.0211179414265226,103,46.95083,-124.0497,"SC","WC"
"Grays Harbour","Chum",1999,81208,12260,0,0,0.403543985814205,0.543702590877746,0.0527411092503202,0,0,0,1.89067183397406,103,46.95083,-124.0497,"SC","WC"
"Grays Harbour","Chum",2000,28395,8936,0,0,0.111040676175383,0.799260433174855,0.0896636731818982,0,0,0,1.1561250115625,103,46.95083,-124.0497,"SC","WC"
"Grays Harbour","Chum",2001,23737,24898,0,0,0.209209251379703,0.737666933479378,0.0531238151409192,0,0,0,-0.0477524667607793,103,46.95083,-124.0497,"SC","WC"
"Grays Harbour","Chum",2002,16690,56175,0,0,0.0783103654883164,0.760215698022768,0.161473936488916,0,0,0,-1.21366208039765,103,46.95083,-124.0497,"SC","WC"
"Grays Harbour","Chum",2003,9027,37947,0,0,0.134817768915476,0.833499501495513,0.0316827295890107,0,0,0,-1.4359703630175,103,46.95083,-124.0497,"SC","WC"
"Grays Harbour","Chum",2004,5627,17063,0,0,0.268704460636218,0.587702150346543,0.143593389017238,0,0,0,-1.10933593609399,103,46.95083,-124.0497,"SC","WC"
"Grays Harbour","Chum",2005,17548,14490,0,0,0.154604513334853,0.699794848415774,0.145543651698199,0,0,0,0.191481226971377,103,46.95083,-124.0497,"SC","WC"
"Grays Harbour","Chum",2006,40589,10826,0,0,0.144571189238464,0.815664342555865,0.0397644682056715,0,0,0,1.32154644556253,103,46.95083,-124.0497,"SC","WC"
"Grays Harbour","Chum",2007,61441,11051,0,0,0.106264546475481,0.719226575088296,0.174492602659462,0,0,0,1.71555644314198,103,46.95083,-124.0497,"SC","WC"
"Grays Harbour","Chum",2008,27600,3938,0,0,0.0917028985507246,0.799891304347826,0.108405797101449,0,0,0,1.94714279250617,103,46.95083,-124.0497,"SC","WC"
"Grays Harbour","Chum",2009,34977,14585,0,0,0.120707893758756,0.809274666209223,0.070017440032021,0,0,0,0.874697099299579,103,46.95083,-124.0497,"SC","WC"
"Grays Harbour","Chum",2010,33647,33537,0,0,0.23348292566945,0.66124765952388,0.105269414806669,0,0,0,0.00327459211400704,103,46.95083,-124.0497,"SC","WC"
"Grays Harbour","Chum",2011,40019,29043,0,0,0.0696419200879582,0.806042129988256,0.124290961793148,0,0,0,0.320576850931103,103,46.95083,-124.0497,"SC","WC"
"Grays Harbour","Chum",2012,79759,25452,0,0,0.137852781504282,0.766922855100992,0.0952118256246944,0,0,0,1.1422152625916,103,46.95083,-124.0497,"SC","WC"
"Grays Harbour","Chum",2013,14543,21284,0,0,0.153338375850925,0.805679708450801,0.0409819156982741,0,0,0,-0.38084583853855,103,46.95083,-124.0497,"SC","WC"
"Grays Harbour","Chum",2014,24537,14711,0,0,0.355911480621103,0.61816848025431,0.0259200391245874,0,0,0,0.511586669152872,103,46.95083,-124.0497,"SC","WC"
"Grays Harbour","Chum",2015,57455,33705,0,0,0.459872944043164,0.530310677921852,0.0098163780349839,0,0,0,0.533355838404195,103,46.95083,-124.0497,"SC","WC"
"Grays Harbour","Chum",2016,22594,62811,0,0,0.328140214216164,0.646410551473843,0.0254492343099938,0,0,0,-1.0224458330665,103,46.95083,-124.0497,"SC","WC"
"Grays Harbour","Chum",2017,39430,18627,0,0,0.440806492518387,0.514988587370023,0.0441795587116409,0,0,0,0.74991480683867,103,46.95083,-124.0497,"SC","WC"
"Grays Harbour","Chum",2018,109024,28413,0,0,0.364222556501321,0.607866157910185,0.027902113296155,0,0,0,1.34472125456648,103,46.95083,-124.0497,"SC","WC"
"Grays Harbour","Chum",2019,107667,27930,0,0,0.190169689877121,0.779180250215944,0.0306500599069353,0,0,0,1.3493417505679,103,46.95083,-124.0497,"SC","WC"
"Grays Harbour","Chum",2020,72515,23457,0,0,0.232103702682204,0.683968834034338,0.0839136730331655,0,0,0,1.12862447920173,103,46.95083,-124.0497,"SC","WC"
"S Sound Summer","Chum",1968,128509,22007,0,0,0.077854469336778,0.903866655253718,0.0182788754095044,0,0,0,1.76463835622577,104,47.042,-122.835,"SC","WC"
"S Sound Summer","Chum",1969,41801,3439,0,0,0.41130594961843,0.570871510250951,0.0178225401306189,0,0,0,2.4977395312394,104,47.042,-122.835,"SC","WC"
"S Sound Summer","Chum",1970,29271,5410,0,0,0.512520925147757,0.48255952991015,0.00491954494209286,0,0,0,1.68834817193553,104,47.042,-122.835,"SC","WC"
"S Sound Summer","Chum",1971,13755,4809,0,0,0.564303889494729,0.43009814612868,0.00559796437659033,0,0,0,1.05091323208101,104,47.042,-122.835,"SC","WC"
"S Sound Summer","Chum",1972,74853,33523,0,0,0.0319559670287096,0.966841676352317,0.00120235661897319,0,0,0,0.803294419806984,104,47.042,-122.835,"SC","WC"
"S Sound Summer","Chum",1973,10407,9643,0,0,0.412126453348708,0.57057749591621,0.0172960507350822,0,0,0,0.076246393127475,104,47.042,-122.835,"SC","WC"
"S Sound Summer","Chum",1974,13737,19729,0,0,0.291839557399723,0.70452063769382,0.00363980490645701,0,0,0,-0.361996712169764,104,47.042,-122.835,"SC","WC"
"S Sound Summer","Chum",1975,5537,5803,0,0,0.921256998374571,0.0733249051833123,0.00541809644211667,0,0,0,-0.0469221873676411,104,47.042,-122.835,"SC","WC"
"S Sound Summer","Chum",1976,7693,32743,0,0,0.138437540621344,0.688808007279345,0.172754452099311,0,0,0,-1.4483783743007,104,47.042,-122.835,"SC","WC"
"S Sound Summer","Chum",1977,22230,3835,0,0,0.438686459739091,0.524336482231219,0.0369770580296896,0,0,0,1.75727329315689,104,47.042,-122.835,"SC","WC"
"S Sound Summer","Chum",1978,4837,5875,0,0,0.208186892702088,0.682861277651437,0.108951829646475,0,0,0,-0.194411366189377,104,47.042,-122.835,"SC","WC"
"S Sound Summer","Chum",1979,5448,1005,0,0,0.505323054331865,0.463289280469897,0.0313876651982379,0,0,0,1.69026102733617,104,47.042,-122.835,"SC","WC"
"S Sound Summer","Chum",1980,15112,7555,0,0,0.118382742191636,0.861103758602435,0.0205134992059291,0,0,0,0.693279534474506,104,47.042,-122.835,"SC","WC"
"S Sound Summer","Chum",1981,10129,6294,0,0,0.573896732155198,0.38177510119459,0.0443281666502123,0,0,0,0.475805798062445,104,47.042,-122.835,"SC","WC"
"S Sound Summer","Chum",1982,19455,4089,0,0,0.171164225134927,0.755075815985608,0.0737599588794654,0,0,0,1.55980366505401,104,47.042,-122.835,"SC","WC"
"S Sound Summer","Chum",1983,16976,1769,0,0,0.25630301602262,0.620876531573987,0.122820452403393,0,0,0,2.26138616669398,104,47.042,-122.835,"SC","WC"
"S Sound Summer","Chum",1984,91579,8034,0,0,0.172310245798709,0.789274833750096,0.0384149204511951,0,0,0,2.43351945181752,104,47.042,-122.835,"SC","WC"
"S Sound Summer","Chum",1985,43916,4022,0,0,0.271017396848529,0.639174788232079,0.0898078149193916,0,0,0,2.39049942702203,104,47.042,-122.835,"SC","WC"
"S Sound Summer","Chum",1986,61065,10019,0,0,0.0879390813068042,0.800196511913535,0.111864406779661,0,0,0,1.80745558034593,104,47.042,-122.835,"SC","WC"
"S Sound Summer","Chum",1987,28878,19058,0,0,0.0682872775122931,0.742676085601496,0.189036636886211,0,0,0,0.415593098623031,104,47.042,-122.835,"SC","WC"
"S Sound Summer","Chum",1988,150290,31282,0,0,0.0761061946902655,0.867928671235611,0.0559651340741234,0,0,0,1.56952390869395,104,47.042,-122.835,"SC","WC"
"S Sound Summer","Chum",1989,31869,7424,0,0,0.171294988860648,0.62439988703756,0.204305124101792,0,0,0,1.45691575498209,104,47.042,-122.835,"SC","WC"
"S Sound Summer","Chum",1990,69011,14385,0,0,0.105794728376636,0.798206083088203,0.0959991885351611,0,0,0,1.56807991517754,104,47.042,-122.835,"SC","WC"
"S Sound Summer","Chum",1991,7443,12181,0,0,0.300147789869676,0.607685073223163,0.0921671369071611,0,0,0,-0.492603367340048,104,47.042,-122.835,"SC","WC"
"S Sound Summer","Chum",1992,177629,27760,0,0,0.29513761829431,0.683458219097107,0.0214041626085831,0,0,0,1.85610096987767,104,47.042,-122.835,"SC","WC"
"S Sound Summer","Chum",1993,17264,33177,0,0,0.172903151065802,0.627896200185357,0.199200648748842,0,0,0,-0.653233456245554,104,47.042,-122.835,"SC","WC"
"S Sound Summer","Chum",1994,54084,54391,0,0,0.0379964499667184,0.916111973966423,0.045891576066859,0,0,0,-0.00566030550201381,104,47.042,-122.835,"SC","WC"
"S Sound Summer","Chum",1995,50147,55179,0,0,0.688336291303568,0.298402696073544,0.0132610126228887,0,0,0,-0.0956237540365303,104,47.042,-122.835,"SC","WC"
"S Sound Summer","Chum",1996,47511,114316,0,0,0.128370272147503,0.782471427669382,0.0891583001831155,0,0,0,-0.878005280328617,104,47.042,-122.835,"SC","WC"
"S Sound Summer","Chum",1997,56728,16001,0,0,0.0200958962064589,0.91736003384572,0.0625440699478212,0,0,0,1.26561669571496,104,47.042,-122.835,"SC","WC"
"S Sound Summer","Chum",1998,75468,80404,0,0,0.368831822759315,0.59944612286002,0.0317220543806647,0,0,0,-0.063355200841783,104,47.042,-122.835,"SC","WC"
"S Sound Summer","Chum",1999,42079,23461,0,0,0.231897145844721,0.597281304213503,0.170821549941776,0,0,0,0.584209335825696,104,47.042,-122.835,"SC","WC"
"S Sound Summer","Chum",2000,201832,27705,0,0,0.106737286456062,0.80230092354037,0.0909617900035673,0,0,0,1.98582276587325,104,47.042,-122.835,"SC","WC"
"S Sound Summer","Chum",2001,30102,62821,0,0,0.301641086970965,0.698358913029035,0,0,0,0,-0.735697797750925,104,47.042,-122.835,"SC","WC"
"S Sound Summer","Chum",2002,78677,46798,0,0,0.0713296134829747,0.901368887985053,0.0273014985319725,0,0,0,0.519510396695571,104,47.042,-122.835,"SC","WC"
"S Sound Summer","Chum",2003,51970,45945,0,0,0.151625938041178,0.806850105830287,0.0415239561285357,0,0,0,0.123221600067502,104,47.042,-122.835,"SC","WC"
"S Sound Summer","Chum",2004,42583,120782,0,0,0.320127750510767,0.606462672897635,0.0734095765915976,0,0,0,-1.04253215517919,104,47.042,-122.835,"SC","WC"
"S Sound Summer","Chum",2005,29101,24701,0,0,0.140304456891516,0.644582660389677,0.215112882718807,0,0,0,0.163928809203816,104,47.042,-122.835,"SC","WC"
"S Sound Summer","Chum",2006,41793,63345,0,0,0.0747972148445912,0.857177039217094,0.068025745938315,0,0,0,-0.415867115661819,104,47.042,-122.835,"SC","WC"
"S Sound Summer","Chum",2007,44996,52669,0,0,0.155591608142946,0.692217085963197,0.152191305893857,0,0,0,-0.157453450244362,104,47.042,-122.835,"SC","WC"
"S Sound Summer","Chum",2008,30154,20872,0,0,0.193042382436824,0.668335875837368,0.138621741725808,0,0,0,0.367909036522299,104,47.042,-122.835,"SC","WC"
"S Sound Summer","Chum",2009,46598,21659,0,0,0.256126872397957,0.697905489505987,0.0459676380960556,0,0,0,0.766136549300282,104,47.042,-122.835,"SC","WC"
"S Sound Summer","Chum",2010,28681,43739,0,0,0.0568669153795195,0.749102193089502,0.194030891530979,0,0,0,-0.422005269991683,104,47.042,-122.835,"SC","WC"
"S Sound Summer","Chum",2011,14928,38515,0,0,0.113210075026795,0.789389067524116,0.097400857449089,0,0,0,-0.947809131699941,104,47.042,-122.835,"SC","WC"
"S Sound Summer","Chum",2012,28601,24521,0,0,0.532184189364008,0.413551973707213,0.0542638369287787,0,0,0,0.153911788978846,104,47.042,-122.835,"SC","WC"
"S Sound Summer","Chum",2013,37380,35441,0,0,0.160807918673087,0.825147137506688,0.0140449438202247,0,0,0,0.0532664599843314,104,47.042,-122.835,"SC","WC"
"S Sound Summer","Chum",2014,20139,20593,0,0,0.3178906599136,0.677987983514574,0.00412135657182581,0,0,0,-0.0222929785984868,104,47.042,-122.835,"SC","WC"
"S Sound Summer","Chum",2015,21360,32521,0,0,0.553183520599251,0.375514981273408,0.0713014981273408,0,0,0,-0.420366020422338,104,47.042,-122.835,"SC","WC"
"S Sound Summer","Chum",2016,22540,19068,0,0,0.359538598047915,0.603593611357586,0.0368677905944987,0,0,0,0.167279971269051,104,47.042,-122.835,"SC","WC"
"S Sound Summer","Chum",2017,31210,37372,0,0,0.295866709388017,0.592502403075937,0.111630887536046,0,0,0,-0.180183204648021,104,47.042,-122.835,"SC","WC"
"S Sound Summer","Chum",2018,86039,25358,0,0,0.236660119248248,0.752065923592789,0.0112739571589628,0,0,0,1.22170641972507,104,47.042,-122.835,"SC","WC"
"S Sound Summer","Chum",2019,26889,14769,0,0,0.370225742868831,0.572910855740266,0.0568634013909033,0,0,0,0.599186891599161,104,47.042,-122.835,"SC","WC"
"S Sound Summer","Chum",2020,95205,23323,0,0,0.0441258337272202,0.95587416627278,0,0,0,0,1.40659246327834,104,47.042,-122.835,"SC","WC"
"S Sound Fall","Chum",1968,327937,46975,0,0,0.235648920371901,0.73135388809436,0.0329971915337397,0,0,0,1.94320597146547,105,47.042,-122.835,"SC","WC"
"S Sound Fall","Chum",1969,151088,35602,0,0,0.234962406015038,0.727503176956476,0.0375344170284867,0,0,0,1.44546063246547,105,47.042,-122.835,"SC","WC"
"S Sound Fall","Chum",1970,177181,41655,0,0,0.39000795796389,0.604229573148362,0.00576246888774756,0,0,0,1.44775039951896,105,47.042,-122.835,"SC","WC"
"S Sound Fall","Chum",1971,101659,43698,0,0,0.581493030621981,0.413627912924581,0.00487905645343747,0,0,0,0.844321740795939,105,47.042,-122.835,"SC","WC"
"S Sound Fall","Chum",1972,101964,65211,0,0,0.166725510964654,0.814248166019379,0.0190263230159664,0,0,0,0.446991643450567,105,47.042,-122.835,"SC","WC"
"S Sound Fall","Chum",1973,293524,55301,0,0,0.559794088388002,0.434097382156144,0.00610852945585369,0,0,0,1.66916841609821,105,47.042,-122.835,"SC","WC"
"S Sound Fall","Chum",1974,296198,99537,0,0,0.290427349273121,0.704147225842173,0.0054254248847055,0,0,0,1.09049871527794,105,47.042,-122.835,"SC","WC"
"S Sound Fall","Chum",1975,100749,31104,0,0,0.877894569673148,0.113529662825437,0.00857576750141441,0,0,0,1.17529584694119,105,47.042,-122.835,"SC","WC"
"S Sound Fall","Chum",1976,62192,53313,0,0,0.218790198096218,0.763828145099048,0.0173816568047337,0,0,0,0.154046170238408,105,47.042,-122.835,"SC","WC"
"S Sound Fall","Chum",1977,379119,54084,0,0,0.632582381785139,0.354361031760476,0.013056586454385,0,0,0,1.94731174647207,105,47.042,-122.835,"SC","WC"
"S Sound Fall","Chum",1978,107106,105465,0,0,0.175891173230258,0.743207663436222,0.0809011633335201,0,0,0,0.0154398539742358,105,47.042,-122.835,"SC","WC"
"S Sound Fall","Chum",1979,233700,18750,0,0,0.485507060333761,0.489050064184852,0.0254428754813864,0,0,0,2.52284448912839,105,47.042,-122.835,"SC","WC"
"S Sound Fall","Chum",1980,102442,85454,0,0,0.139630229788563,0.823802737158587,0.0365670330528494,0,0,0,0.181318565297741,105,47.042,-122.835,"SC","WC"
"S Sound Fall","Chum",1981,313764,43268,0,0,0.44099068089392,0.527746969059548,0.0312623500465318,0,0,0,1.98122777919638,105,47.042,-122.835,"SC","WC"
"S Sound Fall","Chum",1982,212999,31149,0,0,0.37639613331518,0.569889999483566,0.0537138672012545,0,0,0,1.9225053288733,105,47.042,-122.835,"SC","WC"
"S Sound Fall","Chum",1983,237151,36686,0,0,0.185388212573424,0.756269212442705,0.058342574983871,0,0,0,1.866301858163,105,47.042,-122.835,"SC","WC"
"S Sound Fall","Chum",1984,452574,73317,0,0,0.321938511713002,0.651108989911042,0.0269524983759562,0,0,0,1.82015878007692,105,47.042,-122.835,"SC","WC"
"S Sound Fall","Chum",1985,176076,99351,0,0,0.369544969217838,0.544810195597356,0.0856448351848066,0,0,0,0.572256685640896,105,47.042,-122.835,"SC","WC"
"S Sound Fall","Chum",1986,325913,89809,0,0,0.130764958746659,0.796172598208724,0.0730624430446162,0,0,0,1.28894528158127,105,47.042,-122.835,"SC","WC"
"S Sound Fall","Chum",1987,144860,153538,0,0,0.0687422338809885,0.811038243821621,0.120219522297391,0,0,0,-0.0581803346261505,105,47.042,-122.835,"SC","WC"
"S Sound Fall","Chum",1988,536352,93893,0,0,0.154967260306664,0.716766228148679,0.128266511544657,0,0,0,1.74263482590027,105,47.042,-122.835,"SC","WC"
"S Sound Fall","Chum",1989,193146,47908,0,0,0.171315999295869,0.755749536619966,0.0729344640841643,0,0,0,1.39416387451929,105,47.042,-122.835,"SC","WC"
"S Sound Fall","Chum",1990,579867,106807,0,0,0.389384117392437,0.565215816730388,0.0454000658771753,0,0,0,1.6917752994506,105,47.042,-122.835,"SC","WC"
"S Sound Fall","Chum",1991,189258,82943,0,0,0.674840693656279,0.309667226748671,0.0154920795950501,0,0,0,0.824957538661017,105,47.042,-122.835,"SC","WC"
"S Sound Fall","Chum",1992,717516,138805,0,0,0.318862575886809,0.65380423572436,0.0273331883888304,0,0,0,1.64272517655807,105,47.042,-122.835,"SC","WC"
"S Sound Fall","Chum",1993,133070,133691,0,0,0.537611783271962,0.401014503644698,0.0613737130833396,0,0,0,-0.00465586140242909,105,47.042,-122.835,"SC","WC"
"S Sound Fall","Chum",1994,299591,237123,0,0,0.118241202172295,0.85654108434499,0.0252177134827148,0,0,0,0.233839217288898,105,47.042,-122.835,"SC","WC"
"S Sound Fall","Chum",1995,455971,200592,0,0,0.696401744847808,0.298782159391716,0.00481609576047599,0,0,0,0.821156216627146,105,47.042,-122.835,"SC","WC"
"S Sound Fall","Chum",1996,260867,329074,0,0,0.272568013585467,0.668965411493213,0.0584665749213201,0,0,0,-0.232271950586555,105,47.042,-122.835,"SC","WC"
"S Sound Fall","Chum",1997,395276,69872,0,0,0.104425768323905,0.820925125734929,0.0746491059411652,0,0,0,1.73291925833406,105,47.042,-122.835,"SC","WC"
"S Sound Fall","Chum",1998,951197,367456,0,0,0.510882603708801,0.476032830212879,0.0130845660783203,0,0,0,0.95111760786697,105,47.042,-122.835,"SC","WC"
"S Sound Fall","Chum",1999,805864,149638,0,0,0.358466192806727,0.577822064268909,0.0637117429243644,0,0,0,1.68369594979774,105,47.042,-122.835,"SC","WC"
"S Sound Fall","Chum",2000,837397,95136,0,0,0.128161433585265,0.814309103089693,0.0575294633250418,0,0,0,2.17499082424562,105,47.042,-122.835,"SC","WC"
"S Sound Fall","Chum",2001,370715,274278,0,0,0.370726838676611,0.589663218375302,0.0396099429480868,0,0,0,0.301291382754094,105,47.042,-122.835,"SC","WC"
"S Sound Fall","Chum",2002,430803,262335,0,0,0.252739651302335,0.716573468615585,0.0306868800820793,0,0,0,0.496028596077023,105,47.042,-122.835,"SC","WC"
"S Sound Fall","Chum",2003,1113890,262203,0,0,0.403573961522233,0.581559220389805,0.014866818087962,0,0,0,1.44649465943255,105,47.042,-122.835,"SC","WC"
"S Sound Fall","Chum",2004,469918,311832,0,0,0.514732357560255,0.465953634463885,0.0193140079758596,0,0,0,0.410093630149126,105,47.042,-122.835,"SC","WC"
"S Sound Fall","Chum",2005,324303,131369,0,0,0.392620481463323,0.574795792823378,0.032583725713299,0,0,0,0.903668106599838,105,47.042,-122.835,"SC","WC"
"S Sound Fall","Chum",2006,410386,310561,0,0,0.25160702363141,0.704066415520997,0.0443265608475923,0,0,0,0.278717840809055,105,47.042,-122.835,"SC","WC"
"S Sound Fall","Chum",2007,643504,328520,0,0,0.276458265993685,0.64164636117258,0.0818953728337353,0,0,0,0.672330524151087,105,47.042,-122.835,"SC","WC"
"S Sound Fall","Chum",2008,248581,127068,0,0,0.0511261922673092,0.844155426199106,0.104718381533585,0,0,0,0.671046371922743,105,47.042,-122.835,"SC","WC"
"S Sound Fall","Chum",2009,569175,136462,0,0,0.337110730443185,0.614566697412922,0.0483225721438925,0,0,0,1.42814175636867,105,47.042,-122.835,"SC","WC"
"S Sound Fall","Chum",2010,581957,162410,0,0,0.20781088637133,0.71711483838153,0.0750742752471402,0,0,0,1.27627255965392,105,47.042,-122.835,"SC","WC"
"S Sound Fall","Chum",2011,233288,143589,0,0,0.22507372861013,0.732146531326086,0.0427797400637838,0,0,0,0.485318689776338,105,47.042,-122.835,"SC","WC"
"S Sound Fall","Chum",2012,381450,150384,0,0,0.491304233844541,0.484391139074584,0.0243046270808756,0,0,0,0.930787757658293,105,47.042,-122.835,"SC","WC"
"S Sound Fall","Chum",2013,349798,156817,0,0,0.301954270750547,0.688465914613577,0.00957981463587556,0,0,0,0.802276324608461,105,47.042,-122.835,"SC","WC"
"S Sound Fall","Chum",2014,321403,172625,0,0,0.645585137662063,0.352635165197587,0.00177969714035028,0,0,0,0.62157417569343,105,47.042,-122.835,"SC","WC"
"S Sound Fall","Chum",2015,302481,135244,0,0,0.790443036091523,0.200597723493376,0.00895924041510045,0,0,0,0.804937911130412,105,47.042,-122.835,"SC","WC"
"S Sound Fall","Chum",2016,163322,136253,0,0,0.316313785038146,0.669230109844357,0.0144561051174979,0,0,0,0.181210260624442,105,47.042,-122.835,"SC","WC"
"S Sound Fall","Chum",2017,150581,138780,0,0,0.446908972579542,0.490566538939176,0.0625244884812825,0,0,0,0.0816111999167013,105,47.042,-122.835,"SC","WC"
"S Sound Fall","Chum",2018,628498,148758,0,0,0.396610649516784,0.60024534684279,0.00314400364042527,0,0,0,1.44101202135328,105,47.042,-122.835,"SC","WC"
"S Sound Fall","Chum",2019,169610,62187,0,0,0.71860149755321,0.260751134956665,0.0206473674901244,0,0,0,1.00335570919826,105,47.042,-122.835,"SC","WC"
"S Sound Fall","Chum",2020,437545,145787,0,0,0.118822064016273,0.847995063364911,0.0331828726188163,0,0,0,1.09903290528912,105,47.042,-122.835,"SC","WC"
"S Sound Winter","Chum",1968,70081,27553,0,0,0.221771949601176,0.733593984104108,0.0446340662947161,0,0,0,0.933540293340242,106,47.042,-122.835,"SC","WC"
"S Sound Winter","Chum",1969,41947,20292,0,0,0.18141941020812,0.757360478699311,0.0612201110925692,0,0,0,0.726180196944751,106,47.042,-122.835,"SC","WC"
"S Sound Winter","Chum",1970,65156,34068,0,0,0.306525876358279,0.693474123641721,0,0,0,0,0.648425867216524,106,47.042,-122.835,"SC","WC"
"S Sound Winter","Chum",1971,18352,9937,0,0,0.72962074978204,0.27037925021796,0,0,0,0,0.613473396137789,106,47.042,-122.835,"SC","WC"
"S Sound Winter","Chum",1972,30412,34388,0,0,0.320991713797185,0.663192160989083,0.0158161252137314,0,0,0,-0.122870398946007,106,47.042,-122.835,"SC","WC"
"S Sound Winter","Chum",1973,66738,29825,0,0,0.510174113698343,0.473223650693758,0.0166022356078995,0,0,0,0.805427537853967,106,47.042,-122.835,"SC","WC"
"S Sound Winter","Chum",1974,45413,34676,0,0,0.469513135005395,0.523484464800828,0.00700240019377711,0,0,0,0.269750602664735,106,47.042,-122.835,"SC","WC"
"S Sound Winter","Chum",1975,47754,9936,0,0,0.639380994262261,0.357561670226578,0.00305733551116137,0,0,0,1.56989830786064,106,47.042,-122.835,"SC","WC"
"S Sound Winter","Chum",1976,25339,23311,0,0,0.455700698527961,0.515766210189826,0.0285330912822132,0,0,0,0.0834193586447794,106,47.042,-122.835,"SC","WC"
"S Sound Winter","Chum",1977,100119,23590,0,0,0.597239285250552,0.378759276461011,0.0240014382884368,0,0,0,1.44553658507973,106,47.042,-122.835,"SC","WC"
"S Sound Winter","Chum",1978,37188,29608,0,0,0.348714639130902,0.622862213617296,0.0284231472518017,0,0,0,0.227941533509757,106,47.042,-122.835,"SC","WC"
"S Sound Winter","Chum",1979,41419,22613,0,0,0.617277095052995,0.357855090658876,0.0248678142881286,0,0,0,0.605214750609013,106,47.042,-122.835,"SC","WC"
"S Sound Winter","Chum",1980,58843,41015,0,0,0.202742892102714,0.752952772632259,0.0443043352650273,0,0,0,0.360935026702793,106,47.042,-122.835,"SC","WC"
"S Sound Winter","Chum",1981,56758,31326,0,0,0.334701716057648,0.637108425244018,0.0281898586983333,0,0,0,0.594348191932819,106,47.042,-122.835,"SC","WC"
"S Sound Winter","Chum",1982,38728,30573,0,0,0.431057632720512,0.525433794670523,0.0435085726089651,0,0,0,0.236445586122727,106,47.042,-122.835,"SC","WC"
"S Sound Winter","Chum",1983,104537,14013,0,0,0.21549307900552,0.740340740599022,0.0441661803954581,0,0,0,2.00955560553551,106,47.042,-122.835,"SC","WC"
"S Sound Winter","Chum",1984,130566,33726,0,0,0.38722178821439,0.591080373144616,0.0216978386409938,0,0,0,1.35360979279422,106,47.042,-122.835,"SC","WC"
"S Sound Winter","Chum",1985,62715,26068,0,0,0.196826915410986,0.765670094873635,0.0375029897153791,0,0,0,0.877892145006504,106,47.042,-122.835,"SC","WC"
"S Sound Winter","Chum",1986,77580,21826,0,0,0.258352668213457,0.676978602732663,0.0646687290538799,0,0,0,1.26820774232092,106,47.042,-122.835,"SC","WC"
"S Sound Winter","Chum",1987,30066,73990,0,0,0.174482804496774,0.776159116610124,0.0493580788931018,0,0,0,-0.900534983731817,106,47.042,-122.835,"SC","WC"
"S Sound Winter","Chum",1988,38798,42681,0,0,0.27166348780865,0.628846847775659,0.0994896644156915,0,0,0,-0.0953851574282254,106,47.042,-122.835,"SC","WC"
"S Sound Winter","Chum",1989,16530,28185,0,0,0.0653357531760436,0.746763460375076,0.187900786448881,0,0,0,-0.533613009700605,106,47.042,-122.835,"SC","WC"
"S Sound Winter","Chum",1990,127482,15990,0,0,0.225004314334573,0.739947600445553,0.0350480852198742,0,0,0,2.07601165131569,106,47.042,-122.835,"SC","WC"
"S Sound Winter","Chum",1991,27462,30727,0,0,0.640922001310902,0.351394654431578,0.00768334425751948,0,0,0,-0.112338516006054,106,47.042,-122.835,"SC","WC"
"S Sound Winter","Chum",1992,42447,8093,0,0,0.647466252031946,0.348622988668222,0.00391075929983273,0,0,0,1.65725674836836,106,47.042,-122.835,"SC","WC"
"S Sound Winter","Chum",1993,6381,22905,0,0,0.340072089014261,0.564488324713995,0.0954395862717442,0,0,0,-1.2780304024525,106,47.042,-122.835,"SC","WC"
"S Sound Winter","Chum",1994,67341,72951,0,0,0.100815253708736,0.885211089826406,0.013973656464858,0,0,0,-0.0800187192565137,106,47.042,-122.835,"SC","WC"
"S Sound Winter","Chum",1995,13998,23369,0,0,0.711887412487498,0.286969567081012,0.00114302043149021,0,0,0,-0.512495895466322,106,47.042,-122.835,"SC","WC"
"S Sound Winter","Chum",1996,16073,20000,0,0,0.633422509799042,0.330492129658433,0.0360853605425247,0,0,0,-0.218591427966987,106,47.042,-122.835,"SC","WC"
"S Sound Winter","Chum",1997,12409,7371,0,0,0.0888065114030139,0.747844306551696,0.16334918204529,0,0,0,0.520868633585331,106,47.042,-122.835,"SC","WC"
"S Sound Winter","Chum",1998,347164,70733,0,0,0.321758592480787,0.664029104400226,0.014212303118987,0,0,0,1.59088506580909,106,47.042,-122.835,"SC","WC"
"S Sound Winter","Chum",1999,37696,13504,0,0,0.379005730050934,0.587993421052632,0.0330008488964346,0,0,0,1.02656805017552,106,47.042,-122.835,"SC","WC"
"S Sound Winter","Chum",2000,48381,4887,0,0,0.178479155040202,0.759781732498295,0.0617391124615035,0,0,0,2.29252855637847,106,47.042,-122.835,"SC","WC"
"S Sound Winter","Chum",2001,119536,128111,0,0,0.424282224601794,0.533362334359524,0.0423554410386829,0,0,0,-0.0692794943963295,106,47.042,-122.835,"SC","WC"
"S Sound Winter","Chum",2002,34321,222040,0,0,0.061857171993823,0.874391771801521,0.063751056204656,0,0,0,-1.86710013409755,106,47.042,-122.835,"SC","WC"
"S Sound Winter","Chum",2003,62755,45005,0,0,0.428635168512469,0.555429846227392,0.0159349852601386,0,0,0,0.332464661403361,106,47.042,-122.835,"SC","WC"
"S Sound Winter","Chum",2004,76270,77473,0,0,0.588160482496394,0.403998951094795,0.0078405664088108,0,0,0,-0.0156498123854966,106,47.042,-122.835,"SC","WC"
"S Sound Winter","Chum",2005,68658,47547,0,0,0.562702088613126,0.410556672201346,0.0267412391855283,0,0,0,0.367418963045235,106,47.042,-122.835,"SC","WC"
"S Sound Winter","Chum",2006,35599,58406,0,0,0.0783448973285766,0.880361807915953,0.0412932947554707,0,0,0,-0.495101076707028,106,47.042,-122.835,"SC","WC"
"S Sound Winter","Chum",2007,137423,62285,0,0,0.326051679849807,0.659045429076647,0.0149028910735466,0,0,0,0.791343133910007,106,47.042,-122.835,"SC","WC"
"S Sound Winter","Chum",2008,8220,31852,0,0,0.258272506082725,0.689051094890511,0.052676399026764,0,0,0,-1.35452996532711,106,47.042,-122.835,"SC","WC"
"S Sound Winter","Chum",2009,20188,14930,0,0,0.347483653655637,0.643600158510006,0.00891618783435704,0,0,0,0.301715756926917,106,47.042,-122.835,"SC","WC"
"S Sound Winter","Chum",2010,71917,69856,0,0,0.246353435210034,0.708163577457347,0.0454829873326195,0,0,0,0.0290766959113589,106,47.042,-122.835,"SC","WC"
"S Sound Winter","Chum",2011,17073,58535,0,0,0.147835764071926,0.840976981198383,0.0111872547296902,0,0,0,-1.23212659764254,106,47.042,-122.835,"SC","WC"
"S Sound Winter","Chum",2012,15338,15125,0,0,0.572695266657974,0.373647150867127,0.0536575824748989,0,0,0,0.0139844054257624,106,47.042,-122.835,"SC","WC"
"S Sound Winter","Chum",2013,12154,20864,0,0,0.683725522461741,0.312983379957216,0.00329109758104328,0,0,0,-0.540366852031079,106,47.042,-122.835,"SC","WC"
"S Sound Winter","Chum",2014,72013,46587,0,0,0.791759821143405,0.208240178856595,0,0,0,0,0.435525126018257,106,47.042,-122.835,"SC","WC"
"S Sound Winter","Chum",2015,21447,23855,0,0,0.961672961253322,0.0383270387466779,0,0,0,0,-0.106409063515246,106,47.042,-122.835,"SC","WC"
"S Sound Winter","Chum",2016,4563,19600,0,0,0.337935568704799,0.662064431295201,0,0,0,0,-1.45754926429121,106,47.042,-122.835,"SC","WC"
"S Sound Winter","Chum",2017,15043,60420,0,0,0.644884663963305,0.334441268364023,0.0206740676726717,0,0,0,-1.39040740924284,106,47.042,-122.835,"SC","WC"
"S Sound Winter","Chum",2018,33940,37127,0,0,0.671361225692398,0.324749558043606,0.00388921626399529,0,0,0,-0.0897502079196085,106,47.042,-122.835,"SC","WC"
"S Sound Winter","Chum",2019,5632,2955,0,0,0.375887784090909,0.381924715909091,0.2421875,0,0,0,0.64496596799768,106,47.042,-122.835,"SC","WC"
"S Sound Winter","Chum",2020,48757,14734,0,0,0.0817933835141621,0.911028160059068,0.00717845642676949,0,0,0,1.1966910286188,106,47.042,-122.835,"SC","WC"
"Hood Canal","Chum",1968,111005,47801,0,0,0.253421017071303,0.705535786676276,0.0410431962524211,0,0,0,0.84252868556221,107,47.5644,-122.9956,"SC","WC"
"Hood Canal","Chum",1969,53941,30070,0,0,0.308540813110621,0.639810162955822,0.051649023933557,0,0,0,0.584362859656837,107,47.5644,-122.9956,"SC","WC"
"Hood Canal","Chum",1970,89814,41699,0,0,0.259881532945866,0.734016968401363,0.00610149865277128,0,0,0,0.76726371745929,107,47.5644,-122.9956,"SC","WC"
"Hood Canal","Chum",1971,54909,41138,0,0,0.439672913365751,0.309075015024859,0.25125207160939,0,0,0,0.288745000949963,107,47.5644,-122.9956,"SC","WC"
"Hood Canal","Chum",1972,64226,41602,0,0,0.172297823311432,0.827702176688568,0,0,0,0,0.434259870100898,107,47.5644,-122.9956,"SC","WC"
"Hood Canal","Chum",1973,124108,27870,0,0,0.398443291326909,0.584845457182454,0.0167112514906372,0,0,0,1.4936013127808,107,47.5644,-122.9956,"SC","WC"
"Hood Canal","Chum",1974,277256,52223,0,0,0.152678391089823,0.833980148310587,0.0133414605995903,0,0,0,1.66941825624044,107,47.5644,-122.9956,"SC","WC"
"Hood Canal","Chum",1975,121037,16265,0,0,0.993241735998083,0.00675826400191677,0,0,0,0,2.00708072405265,107,47.5644,-122.9956,"SC","WC"
"Hood Canal","Chum",1976,37185,48079,0,0,0.686647841871722,0.270888799247008,0.0424633588812693,0,0,0,-0.256940037186508,107,47.5644,-122.9956,"SC","WC"
"Hood Canal","Chum",1977,144086,26074,0,0,0.477339921991033,0.497980372832891,0.0246797051760754,0,0,0,1.70947169429142,107,47.5644,-122.9956,"SC","WC"
"Hood Canal","Chum",1978,52361,79156,0,0,0,0.914917591337064,0.0850824086629361,0,0,0,-0.413258549478823,107,47.5644,-122.9956,"SC","WC"
"Hood Canal","Chum",1979,57734,14323,0,0,0.472788997817577,0.527211002182423,0,0,0,0,1.39397961793994,107,47.5644,-122.9956,"SC","WC"
"Hood Canal","Chum",1980,62694,21672,0,0,0.179698216735254,0.740724790251061,0.0795769930136855,0,0,0,1.06224464449723,107,47.5644,-122.9956,"SC","WC"
"Hood Canal","Chum",1981,239003,14310,0,0,0.209327916385987,0.7529738120442,0.0376982715698129,0,0,0,2.81551751058563,107,47.5644,-122.9956,"SC","WC"
"Hood Canal","Chum",1982,132400,12133,0,0,0.264267371601208,0.649214501510574,0.0865181268882175,0,0,0,2.38989863043317,107,47.5644,-122.9956,"SC","WC"
"Hood Canal","Chum",1983,246071,7120,0,0,0.262160108261437,0.705052606767965,0.0327872849705979,0,0,0,3.54271238675253,107,47.5644,-122.9956,"SC","WC"
"Hood Canal","Chum",1984,171834,22751,0,0,0.171223390015946,0.778914533794243,0.0498620761898111,0,0,0,2.02191979403492,107,47.5644,-122.9956,"SC","WC"
"Hood Canal","Chum",1985,177514,50909,0,0,0.136473742916052,0.766187455637302,0.0973388014466465,0,0,0,1.24900975382963,107,47.5644,-122.9956,"SC","WC"
"Hood Canal","Chum",1986,106339,29548,0,0,0,0.876743245657755,0.123256754342245,0,0,0,1.28061604456635,107,47.5644,-122.9956,"SC","WC"
"Hood Canal","Chum",1987,112423,24483,0,0,0,0.772101794116862,0.227898205883138,0,0,0,1.52428954370578,107,47.5644,-122.9956,"SC","WC"
"Hood Canal","Chum",1988,398114,30703,0,0,0.116773085096229,0.662473562848832,0.220753352054939,0,0,0,2.5623780267428,107,47.5644,-122.9956,"SC","WC"
"Hood Canal","Chum",1989,491519,24872,0,0,0.00566000500489299,0.704933074815012,0.289406920180095,0,0,0,2.98375792325552,107,47.5644,-122.9956,"SC","WC"
"Hood Canal","Chum",1990,350961,20811,0,0,0.468650362860831,0.490216861702582,0.041132775436587,0,0,0,2.82519341311018,107,47.5644,-122.9956,"SC","WC"
"Hood Canal","Chum",1991,103570,44745,0,0,0.258153905571111,0.685797045476489,0.0560490489523993,0,0,0,0.839268005965966,107,47.5644,-122.9956,"SC","WC"
"Hood Canal","Chum",1992,638945,96382,0,0,0.333927020322563,0.635884152783103,0.0301888268943336,0,0,0,1.89149891649557,107,47.5644,-122.9956,"SC","WC"
"Hood Canal","Chum",1993,173856,67770,0,0,0.418955917540953,0.541557380820909,0.0394867016381373,0,0,0,0.942107751221091,107,47.5644,-122.9956,"SC","WC"
"Hood Canal","Chum",1994,184043,151821,0,0,0.25559787658319,0.731915910955592,0.0124862124612183,0,0,0,0.19246723064419,107,47.5644,-122.9956,"SC","WC"
"Hood Canal","Chum",1995,117653,119344,0,0,0.59181661326103,0.395196042599849,0.012987344139121,0,0,0,-0.0142704650020232,107,47.5644,-122.9956,"SC","WC"
"Hood Canal","Chum",1996,56002,251803,0,0,0.0886575479447163,0.911342452055284,0,0,0,0,-1.50325963137378,107,47.5644,-122.9956,"SC","WC"
"Hood Canal","Chum",1997,160210,53492,0,0,0.1787466450284,0.686885962174646,0.134367392796954,0,0,0,1.09695334464807,107,47.5644,-122.9956,"SC","WC"
"Hood Canal","Chum",1998,380330,101631,0,0,0.413004496095496,0.581831567323114,0.00516393658138985,0,0,0,1.31969069019811,107,47.5644,-122.9956,"SC","WC"
"Hood Canal","Chum",1999,431453,33924,0,0,0.227151045420938,0.657865399012175,0.114983555566887,0,0,0,2.54303585372771,107,47.5644,-122.9956,"SC","WC"
"Hood Canal","Chum",2000,579593,37131,0,0,0.189267296188877,0.794685236019069,0.0160474677920541,0,0,0,2.74787393285292,107,47.5644,-122.9956,"SC","WC"
"Hood Canal","Chum",2001,283292,103713,0,0,0.703602643209127,0.265199864450814,0.031197492340059,0,0,0,1.00485069882302,107,47.5644,-122.9956,"SC","WC"
"Hood Canal","Chum",2002,361220,173037,0,0,0.174220696528431,0.776637506228891,0.0491417972426776,0,0,0,0.735981746532902,107,47.5644,-122.9956,"SC","WC"
"Hood Canal","Chum",2003,264136,148512,0,0,0.120880909834328,0.7595367537935,0.119582336372172,0,0,0,0.575798358957713,107,47.5644,-122.9956,"SC","WC"
"Hood Canal","Chum",2004,188228,168126,0,0,0.13153197186391,0.820706802388593,0.0477612257474977,0,0,0,0.112940295686996,107,47.5644,-122.9956,"SC","WC"
"Hood Canal","Chum",2005,132744,47598,0,0,0.633572892183451,0.366427107816549,0,0,0,0,1.02563171781257,107,47.5644,-122.9956,"SC","WC"
"Hood Canal","Chum",2006,66045,97103,0,0,0.250844121432357,0.662487697781815,0.0866681807858278,0,0,0,-0.385435942927704,107,47.5644,-122.9956,"SC","WC"
"Hood Canal","Chum",2007,300009,78218,0,0,0.185974420767377,0.639507481442223,0.1745180977904,0,0,0,1.34431267411394,107,47.5644,-122.9956,"SC","WC"
"Hood Canal","Chum",2008,67697,38425,0,0,0,0.856684934339779,0.143315065660221,0,0,0,0.56633357636548,107,47.5644,-122.9956,"SC","WC"
"Hood Canal","Chum",2009,403617,13961,0,0,0.234943027672273,0.689113689463031,0.075943282864696,0,0,0,3.36419868049768,107,47.5644,-122.9956,"SC","WC"
"Hood Canal","Chum",2010,264105,17223,0,0,0,0.806694307188429,0.193305692811571,0,0,0,2.73010105149291,107,47.5644,-122.9956,"SC","WC"
"Hood Canal","Chum",2011,182882,48446,0,0,0.10611760588795,0.828178825690883,0.0657035684211677,0,0,0,1.32839136053064,107,47.5644,-122.9956,"SC","WC"
"Hood Canal","Chum",2012,129478,38102,0,0,0.463005298197377,0.518149801510681,0.0188449002919415,0,0,0,1.22324420834451,107,47.5644,-122.9956,"SC","WC"
"Hood Canal","Chum",2013,285947,61190,0,0,0.379755688991317,0.606154287332967,0.0140900236757161,0,0,0,1.5418227014872,107,47.5644,-122.9956,"SC","WC"
"Hood Canal","Chum",2014,49464,49675,0,0,1,0,0,0,0,0,-0.00425665618161291,107,47.5644,-122.9956,"SC","WC"
"Hood Canal","Chum",2015,86670,63236,0,0,0.856270912657205,0.137152417214723,0.006576670128072,0,0,0,0.315234043912312,107,47.5644,-122.9956,"SC","WC"
"Hood Canal","Chum",2016,64475,59905,0,0,0.300535091120589,0.665839472663823,0.0336254362155874,0,0,0,0.0735175776755461,107,47.5644,-122.9956,"SC","WC"
"Hood Canal","Chum",2017,45917,58122,0,0,0.00662064159243853,0.913082300672953,0.0802970577346081,0,0,0,-0.235708830805608,107,47.5644,-122.9956,"SC","WC"
"Hood Canal","Chum",2018,191333,32433,0,0,0.387366528513116,0.612633471486884,0,0,0,0,1.77483894251092,107,47.5644,-122.9956,"SC","WC"
"Hood Canal","Chum",2019,31918,7051,0,0,0,0.988627106961589,0.0113728930384109,0,0,0,1.51000066324009,107,47.5644,-122.9956,"SC","WC"
"Hood Canal","Chum",2020,59894,15211,0,0,0,1,0,0,0,0,1.37055748282985,107,47.5644,-122.9956,"SC","WC"
"Strait of Juan de Fuca","Chum",1968,1438,299,0,0,0.18567454798331,0.769123783031989,0.0458970792767733,0,0,0,1.57056496489031,111,48.162,-123.59,"SC","WC"
"Strait of Juan de Fuca","Chum",1969,751,258,0,0,0.312916111850865,0.661784287616511,0.0252996005326232,0,0,0,1.06844606684252,111,48.162,-123.59,"SC","WC"
"Strait of Juan de Fuca","Chum",1970,802,393,0,0,0.418952618453865,0.566084788029925,0.0149625935162095,0,0,0,0.713298995997253,111,48.162,-123.59,"SC","WC"
"Strait of Juan de Fuca","Chum",1971,985,556,0,0,0.168527918781726,0.379695431472081,0.450761421319797,0,0,0,0.571873346921507,111,48.162,-123.59,"SC","WC"
"Strait of Juan de Fuca","Chum",1972,1955,1198,0,0,0.124808184143223,0.875191815856778,0,0,0,0,0.489736693744071,111,48.162,-123.59,"SC","WC"
"Strait of Juan de Fuca","Chum",1973,2510,673,0,0,0.634262948207171,0.362549800796813,0.00358565737051793,0,0,0,1.3162927024811,111,48.162,-123.59,"SC","WC"
"Strait of Juan de Fuca","Chum",1974,1530,148,0,0,0.34640522875817,0.626143790849673,0.0274509803921569,0,0,0,2.33581074062237,111,48.162,-123.59,"SC","WC"
"Strait of Juan de Fuca","Chum",1975,507,171,0,0,0.982248520710059,0.0177514792899408,0,0,0,0,1.08684744708852,111,48.162,-123.59,"SC","WC"
"Strait of Juan de Fuca","Chum",1976,978,1171,0,0,0.297546012269939,0.566462167689162,0.134969325153374,0,0,0,-0.1801036935629,111,48.162,-123.59,"SC","WC"
"Strait of Juan de Fuca","Chum",1977,10041,1244,0,0,0.376854894930784,0.598944328254158,0.0243003684891943,0,0,0,2.08834471658031,111,48.162,-123.59,"SC","WC"
"Strait of Juan de Fuca","Chum",1978,3431,856,0,0,0,0.957446808510638,0.0425531914893617,0,0,0,1.38833666671671,111,48.162,-123.59,"SC","WC"
"Strait of Juan de Fuca","Chum",1979,2872,288,0,0,0.651810584958217,0.348189415041783,0,0,0,0,2.29980345003217,111,48.162,-123.59,"SC","WC"
"Strait of Juan de Fuca","Chum",1980,3971,3726,0,0,0.0931755225384034,0.862754973558298,0.0438176781667086,0,0,0,0.0636826799697178,111,48.162,-123.59,"SC","WC"
"Strait of Juan de Fuca","Chum",1981,10071,5441,0,0,0.366497865157383,0.624168404329262,0.0094330255188164,0,0,0,0.615697139162219,111,48.162,-123.59,"SC","WC"
"Strait of Juan de Fuca","Chum",1982,2467,4578,0,0,0.495338467774625,0.366031617349007,0.138629914876368,0,0,0,-0.618259383983155,111,48.162,-123.59,"SC","WC"
"Strait of Juan de Fuca","Chum",1983,6532,1326,0,0,0.103796693202694,0.792406613594611,0.103796693202694,0,0,0,1.59454628334455,111,48.162,-123.59,"SC","WC"
"Strait of Juan de Fuca","Chum",1984,12375,6988,0,0,0.0709494949494949,0.908929292929293,0.0201212121212121,0,0,0,0.571483916182944,111,48.162,-123.59,"SC","WC"
"Strait of Juan de Fuca","Chum",1985,6169,7322,0,0,0.330037283190144,0.641919273788296,0.0280434430215594,0,0,0,-0.171346764470543,111,48.162,-123.59,"SC","WC"
"Strait of Juan de Fuca","Chum",1986,1108,1384,0,0,0,0.844765342960289,0.155234657039711,0,0,0,-0.222421268870386,111,48.162,-123.59,"SC","WC"
"Strait of Juan de Fuca","Chum",1987,1633,5726,0,0,0,0.698101653398653,0.301898346601347,0,0,0,-1.2545983926876,111,48.162,-123.59,"SC","WC"
"Strait of Juan de Fuca","Chum",1988,6533,12552,0,0,0.0933721108219807,0.776825348232053,0.129802540945967,0,0,0,-0.653013759572118,111,48.162,-123.59,"SC","WC"
"Strait of Juan de Fuca","Chum",1989,4464,3652,0,0,0.0120967741935484,0.748431899641577,0.239471326164875,0,0,0,0.200770262346288,111,48.162,-123.59,"SC","WC"
"Strait of Juan de Fuca","Chum",1990,2906,946,0,0,0.545767377838954,0.445285615966965,0.00894700619408121,0,0,0,1.12229027507835,111,48.162,-123.59,"SC","WC"
"Strait of Juan de Fuca","Chum",1991,356,1752,0,0,0.564606741573034,0.362359550561798,0.0702247191011236,0,0,0,-1.59358254064431,111,48.162,-123.59,"SC","WC"
"Strait of Juan de Fuca","Chum",1992,2616,5331,0,0,0.148318042813456,0.674311926605505,0.176987767584098,0,0,0,-0.711892404245672,111,48.162,-123.59,"SC","WC"
"Strait of Juan de Fuca","Chum",1993,2628,5611,0,0,0.120243531202435,0.860730593607306,0.0190258751902588,0,0,0,-0.758505856146471,111,48.162,-123.59,"SC","WC"
"Strait of Juan de Fuca","Chum",1994,2164,2491,0,0,0.522181146025878,0.451940850277264,0.0258780036968577,0,0,0,-0.140725875295808,111,48.162,-123.59,"SC","WC"
"Strait of Juan de Fuca","Chum",1995,1647,517,0,0,0.306618093503339,0.689738919247116,0.00303582270795386,0,0,0,1.15866785566921,111,48.162,-123.59,"SC","WC"
"Strait of Juan de Fuca","Chum",1996,291,2068,0,0,0.415807560137457,0.584192439862543,0,0,0,0,-1.96101396845683,111,48.162,-123.59,"SC","WC"
"Strait of Juan de Fuca","Chum",1997,1100,3709,0,0,0.0863636363636364,0.634545454545455,0.279090909090909,0,0,0,-1.21545211870313,111,48.162,-123.59,"SC","WC"
"Strait of Juan de Fuca","Chum",1998,4158,1419,0,0,0.23953823953824,0.759259259259259,0.00144300144300144,0,0,0,1.07508179125792,111,48.162,-123.59,"SC","WC"
"Strait of Juan de Fuca","Chum",1999,2420,1272,0,0,0.577685950413223,0.329752066115702,0.0925619834710744,0,0,0,0.643177075250665,111,48.162,-123.59,"SC","WC"
"Strait of Juan de Fuca","Chum",2000,2535,219,0,0,0.121499013806706,0.818934911242604,0.0591715976331361,0,0,0,2.44887718620878,111,48.162,-123.59,"SC","WC"
"Strait of Juan de Fuca","Chum",2001,2153,1519,0,0,0.417092429168602,0.562935438922434,0.0195076637250348,0,0,0,0.34880999476859,111,48.162,-123.59,"SC","WC"
"Strait of Juan de Fuca","Chum",2002,2400,4573,0,0,0.423333333333333,0.55375,0.0233333333333333,0,0,0,-0.644700707322018,111,48.162,-123.59,"SC","WC"
"Strait of Juan de Fuca","Chum",2003,874,1005,0,0,0.172768878718535,0.719679633867277,0.107551487414188,0,0,0,-0.139662444837641,111,48.162,-123.59,"SC","WC"
"Strait of Juan de Fuca","Chum",2004,706,2713,0,0,0.110481586402266,0.648725212464589,0.240793201133144,0,0,0,-1.34619507516569,111,48.162,-123.59,"SC","WC"
"Strait of Juan de Fuca","Chum",2005,1169,2032,0,0,0.213002566295979,0.786997433704021,0,0,0,0,-0.552871847226304,111,48.162,-123.59,"SC","WC"
"Strait of Juan de Fuca","Chum",2006,1264,1271,0,0,0.247626582278481,0.643196202531646,0.109177215189873,0,0,0,-0.0055226964826513,111,48.162,-123.59,"SC","WC"
"Strait of Juan de Fuca","Chum",2007,6416,499,0,0,0.161471321695761,0.720386533665835,0.118142144638404,0,0,0,2.55394405379483,111,48.162,-123.59,"SC","WC"
"Strait of Juan de Fuca","Chum",2008,886,433,0,0,0,0.946952595936795,0.0519187358916479,0,0,0,0.715979222602591,111,48.162,-123.59,"SC","WC"
"Strait of Juan de Fuca","Chum",2009,2932,1265,0,0,0.46793997271487,0.453615279672578,0.0784447476125512,0,0,0,0.840612661844921,111,48.162,-123.59,"SC","WC"
"Strait of Juan de Fuca","Chum",2010,2170,1343,0,0,0,0.736405529953917,0.263594470046083,0,0,0,0.479821250011268,111,48.162,-123.59,"SC","WC"
"Strait of Juan de Fuca","Chum",2011,2025,4638,0,0,0.0720987654320988,0.838024691358025,0.0898765432098765,0,0,0,-0.828713538274838,111,48.162,-123.59,"SC","WC"
"Strait of Juan de Fuca","Chum",2012,1694,2770,0,0,0.396694214876033,0.600944510035419,0.00295159386068477,0,0,0,-0.491754723969384,111,48.162,-123.59,"SC","WC"
"Strait of Juan de Fuca","Chum",2013,2038,1303,0,0,0.808635917566241,0.163886162904809,0.0274779195289499,0,0,0,0.447299636657825,111,48.162,-123.59,"SC","WC"
"Strait of Juan de Fuca","Chum",2014,95,1881,0,0,1,0,0,0,0,0,-2.98568193770049,111,48.162,-123.59,"SC","WC"
"Strait of Juan de Fuca","Chum",2015,1378,2825,0,0,0.753265602322206,0.219158200290276,0.0283018867924528,0,0,0,-0.717875192006938,111,48.162,-123.59,"SC","WC"
"Strait of Juan de Fuca","Chum",2016,3427,2735,0,0,0.143565800992121,0.847971987160782,0.00846221184709659,0,0,0,0.225553807018527,111,48.162,-123.59,"SC","WC"
"Strait of Juan de Fuca","Chum",2017,632,421,0,0,0.0332278481012658,0.878164556962025,0.0886075949367089,0,0,0,0.406256560464476,111,48.162,-123.59,"SC","WC"
"Strait of Juan de Fuca","Chum",2018,2775,1030,0,0,0.353513513513514,0.646486486486486,0,0,0,0,0.991091944956853,111,48.162,-123.59,"SC","WC"
"Strait of Juan de Fuca","Chum",2019,1612,745,0,0,0,0.997518610421836,0.00248138957816377,0,0,0,0.771846704687014,111,48.162,-123.59,"SC","WC"
"Strait of Juan de Fuca","Chum",2020,658,2796,0,0,0,1,0,0,0,0,-1.44674017202838,111,48.162,-123.59,"SC","WC"
"Port Susan","Chum",1968,74482,39260,0,0,0.0841814129588357,0.836671947584651,0.0791600655191858,0,0,0,0.640351296606367,108,48.23861,-122.3758,"SC","WC"
"Port Susan","Chum",1969,30367,27500,0,0,0.222050251918201,0.713208417031646,0.0647413310501531,0,0,0,0.0991704878134393,108,48.23861,-122.3758,"SC","WC"
"Port Susan","Chum",1970,63610,75223,0,0,0.0546297751925798,0.938343027825814,0.00702719698160667,0,0,0,-0.167686344566009,108,48.23861,-122.3758,"SC","WC"
"Port Susan","Chum",1971,22780,17790,0,0,0.742230026338894,0.249912203687445,0.00785776997366111,0,0,0,0.247246456341292,108,48.23861,-122.3758,"SC","WC"
"Port Susan","Chum",1972,90166,32751,0,0,0.0697602200385955,0.914413415256305,0.0158374553601136,0,0,0,1.01271891990951,108,48.23861,-122.3758,"SC","WC"
"Port Susan","Chum",1973,39740,16200,0,0,0.173653749370911,0.780322093608455,0.0460241570206341,0,0,0,0.897346994885332,108,48.23861,-122.3758,"SC","WC"
"Port Susan","Chum",1974,117613,56110,0,0,0.0448249768307925,0.940117163918955,0.0150578592502529,0,0,0,0.740085523809771,108,48.23861,-122.3758,"SC","WC"
"Port Susan","Chum",1975,13142,9774,0,0,0.723558058134226,0.229036676304976,0.0474813574798356,0,0,0,0.296087409627713,108,48.23861,-122.3758,"SC","WC"
"Port Susan","Chum",1976,59247,43325,0,0,0.0645939878812429,0.837375732104579,0.0980471585059159,0,0,0,0.312985310220289,108,48.23861,-122.3758,"SC","WC"
"Port Susan","Chum",1977,65377,28730,0,0,0.29146335867354,0.598344983709867,0.110191657616593,0,0,0,0.822228641660166,108,48.23861,-122.3758,"SC","WC"
"Port Susan","Chum",1978,263861,98504,0,0,0.0639389678656565,0.888767191816904,0.0472938403174399,0,0,0,0.985325292846456,108,48.23861,-122.3758,"SC","WC"
"Port Susan","Chum",1979,13175,7877,0,0,0.509070208728653,0.430360531309298,0.0605692599620493,0,0,0,0.514373973706239,108,48.23861,-122.3758,"SC","WC"
"Port Susan","Chum",1980,71045,42701,0,0,0.0716306566260821,0.861538461538462,0.0668308818354564,0,0,0,0.509091139925938,108,48.23861,-122.3758,"SC","WC"
"Port Susan","Chum",1981,215181,21325,0,0,0.175117691617754,0.759616323002496,0.0652659853797501,0,0,0,2.31159944104927,108,48.23861,-122.3758,"SC","WC"
"Port Susan","Chum",1982,326012,108074,0,0,0.178220433603671,0.762152926886127,0.0596235721384489,0,0,0,1.10411801282799,108,48.23861,-122.3758,"SC","WC"
"Port Susan","Chum",1983,73182,9014,0,0,0.103331420294608,0.754092536416059,0.142576043289333,0,0,0,2.0941705648207,108,48.23861,-122.3758,"SC","WC"
"Port Susan","Chum",1984,453422,87841,0,0,0.198730983498816,0.77089995633207,0.030369060169114,0,0,0,1.64129489714082,108,48.23861,-122.3758,"SC","WC"
"Port Susan","Chum",1985,60185,125704,0,0,0.210517570823295,0.672559607875717,0.116922821300989,0,0,0,-0.736506785056133,108,48.23861,-122.3758,"SC","WC"
"Port Susan","Chum",1986,252471,145866,0,0,0.0848097405246543,0.743812160604584,0.171378098870761,0,0,0,0.548607998589024,108,48.23861,-122.3758,"SC","WC"
"Port Susan","Chum",1987,54349,45714,0,0,0.110986402693702,0.787190196691751,0.101823400614547,0,0,0,0.173021617414993,108,48.23861,-122.3758,"SC","WC"
"Port Susan","Chum",1988,217453,149010,0,0,0.0504108933884564,0.639775031845962,0.309809476070691,0,0,0,0.377969317436117,108,48.23861,-122.3758,"SC","WC"
"Port Susan","Chum",1989,106002,15618,0,0,0.0536593649176431,0.824380672062791,0.121959963019566,0,0,0,1.91503386661812,108,48.23861,-122.3758,"SC","WC"
"Port Susan","Chum",1990,362352,67811,0,0,0.166915043935179,0.79710336909966,0.0359815869651609,0,0,0,1.67589169139091,108,48.23861,-122.3758,"SC","WC"
"Port Susan","Chum",1991,52011,23220,0,0,0.732595027974851,0.245851839034051,0.021553132991098,0,0,0,0.806441258402115,108,48.23861,-122.3758,"SC","WC"
"Port Susan","Chum",1992,212683,69250,0,0,0.27075506740078,0.723894246366658,0.00535068623256208,0,0,0,1.12207964916791,108,48.23861,-122.3758,"SC","WC"
"Port Susan","Chum",1993,27650,20573,0,0,0.624086799276673,0.22376130198915,0.152151898734177,0,0,0,0.29564619147625,108,48.23861,-122.3758,"SC","WC"
"Port Susan","Chum",1994,151700,237889,0,0,0.0452340145023072,0.917389584706658,0.0373764007910349,0,0,0,-0.44989929197033,108,48.23861,-122.3758,"SC","WC"
"Port Susan","Chum",1995,207614,49436,0,0,0.587585615613591,0.408488830233029,0.00392555415338079,0,0,0,1.43500168267002,108,48.23861,-122.3758,"SC","WC"
"Port Susan","Chum",1996,56405,146771,0,0,0.416718376030494,0.559276659870579,0.0239872351741867,0,0,0,-0.956315741924494,108,48.23861,-122.3758,"SC","WC"
"Port Susan","Chum",1997,37694,11228,0,0,0.194566774552979,0.622353690242479,0.183079535204542,0,0,0,1.2110902720948,108,48.23861,-122.3758,"SC","WC"
"Port Susan","Chum",1998,654809,234404,0,0,0.137102574949336,0.834904529412394,0.0279928956382701,0,0,0,1.02729746765371,108,48.23861,-122.3758,"SC","WC"
"Port Susan","Chum",1999,237159,87862,0,0,0.242482891224874,0.655568626954912,0.101944265239776,0,0,0,0.992963400491704,108,48.23861,-122.3758,"SC","WC"
"Port Susan","Chum",2000,160137,34352,0,0,0.122738655026633,0.858002835072469,0.0192585099008974,0,0,0,1.53936945772449,108,48.23861,-122.3758,"SC","WC"
"Port Susan","Chum",2001,125719,76488,0,0,0.74345166601707,0.231715174317327,0.0248331596656034,0,0,0,0.496915391930686,108,48.23861,-122.3758,"SC","WC"
"Port Susan","Chum",2002,346951,370502,0,0,0.0677012027635026,0.926865753377278,0.00543592611060351,0,0,0,-0.0656752832311374,108,48.23861,-122.3758,"SC","WC"
"Port Susan","Chum",2003,112727,162245,0,0,0.764838947191001,0.217862623861187,0.017298428947812,0,0,0,-0.364138572025424,108,48.23861,-122.3758,"SC","WC"
"Port Susan","Chum",2004,86767,197287,0,0,0.505653070867957,0.47135431673332,0.022992612398723,0,0,0,-0.821433156303276,108,48.23861,-122.3758,"SC","WC"
"Port Susan","Chum",2005,54332,33600,0,0,0.635095339762939,0.348763159832143,0.0161415004049179,0,0,0,0.480587304991086,108,48.23861,-122.3758,"SC","WC"
"Port Susan","Chum",2006,28170,266104,0,0,0.165211217607384,0.70539581114661,0.129392971246006,0,0,0,-2.24562962792526,108,48.23861,-122.3758,"SC","WC"
"Port Susan","Chum",2007,56995,35215,0,0,0.136380384244232,0.72673041494868,0.136889200807088,0,0,0,0.481491416491368,108,48.23861,-122.3758,"SC","WC"
"Port Susan","Chum",2008,17687,35836,0,0,0,0.848250127212077,0.151693334087183,0,0,0,-0.706123068282675,108,48.23861,-122.3758,"SC","WC"
"Port Susan","Chum",2009,22253,22514,0,0,0.467442592010066,0.473733878578169,0.0588235294117647,0,0,0,-0.0116605069486333,108,48.23861,-122.3758,"SC","WC"
"Port Susan","Chum",2010,43593,27544,0,0,0.0659509554286239,0.919367788406396,0.0146812561649806,0,0,0,0.459111860970446,108,48.23861,-122.3758,"SC","WC"
"Port Susan","Chum",2011,5113,44474,0,0,0.127909250929004,0.846469782906317,0.0254253862702914,0,0,0,-2.16311843265938,108,48.23861,-122.3758,"SC","WC"
"Port Susan","Chum",2012,15709,31369,0,0,0.0584378381819339,0.854223693424152,0.0874021261697116,0,0,0,-0.691586347586629,108,48.23861,-122.3758,"SC","WC"
"Port Susan","Chum",2013,1955,16123,0,0,0,0.918158567774936,0.0818414322250639,0,0,0,-2.10985663054427,108,48.23861,-122.3758,"SC","WC"
"Port Susan","Chum",2014,24517,40522,0,0,0.128115185381572,0.865114002528858,0.00673002406493454,0,0,0,-0.502478282023984,108,48.23861,-122.3758,"SC","WC"
"Port Susan","Chum",2015,6649,5702,0,0,0.517671830350429,0.392540231613776,0.0899383365919687,0,0,0,0.153649476929838,108,48.23861,-122.3758,"SC","WC"
"Port Susan","Chum",2016,32662,12850,0,0,0.0333721143836875,0.933715020513134,0.032912865103178,0,0,0,0.932868511313323,108,48.23861,-122.3758,"SC","WC"
"Port Susan","Chum",2017,6461,6040,0,0,0.416498993963783,0.547593251818604,0.0359077542176134,0,0,0,0.0673800926293048,108,48.23861,-122.3758,"SC","WC"
"Port Susan","Chum",2018,77882,23613,0,0,0.160435017077117,0.824824734855294,0.0147402480675894,0,0,0,1.19339745287999,108,48.23861,-122.3758,"SC","WC"
"Port Susan","Chum",2019,6037,3641,0,0,0.448732814311744,0.502070564850091,0.0491966208381647,0,0,0,0.505648830620993,108,48.23861,-122.3758,"SC","WC"
"Port Susan","Chum",2020,66407,31862,0,0,0.0508229554113271,0.949177044588673,0,0,0,0,0.734388395461957,108,48.23861,-122.3758,"SC","WC"
"Skagit","Chum",1968,179283,44049,0,0,0.0792155419086026,0.823290551809151,0.0974883285085591,0,0,0,1.40366291230483,109,48.3875,-122.3656,"SC","WC"
"Skagit","Chum",1969,84704,22393,0,0,0.188550717793729,0.758039761994711,0.0534095202115603,0,0,0,1.330414416022,109,48.3875,-122.3656,"SC","WC"
"Skagit","Chum",1970,148368,127588,0,0,0.0694421977784967,0.925785883748517,0.00477865847082929,0,0,0,0.150889351456732,109,48.3875,-122.3656,"SC","WC"
"Skagit","Chum",1971,48324,48827,0,0,0.805169274066716,0.18653257180697,0.00829815412631405,0,0,0,-0.0103551068880877,109,48.3875,-122.3656,"SC","WC"
"Skagit","Chum",1972,134852,144732,0,0,0.0738513333135586,0.910768842879601,0.0153872393438733,0,0,0,-0.0707058756193194,109,48.3875,-122.3656,"SC","WC"
"Skagit","Chum",1973,48137,83497,0,0,0.216548600868355,0.778652595716393,0.0047988034152523,0,0,0,-0.550759590893073,109,48.3875,-122.3656,"SC","WC"
"Skagit","Chum",1974,213873,160248,0,0,0.0216764154428095,0.939473425818126,0.0388548344110757,0,0,0,0.288659765688382,109,48.3875,-122.3656,"SC","WC"
"Skagit","Chum",1975,43009,15762,0,0,0.639749819805157,0.349787253830594,0.0104629263642493,0,0,0,1.00380741618701,109,48.3875,-122.3656,"SC","WC"
"Skagit","Chum",1976,117787,93000,0,0,0.13641573348502,0.811396843454711,0.0521874230602698,0,0,0,0.236278415437997,109,48.3875,-122.3656,"SC","WC"
"Skagit","Chum",1977,77427,36000,0,0,0.213723894765392,0.715551422630349,0.0707246826042595,0,0,0,0.76581661851932,109,48.3875,-122.3656,"SC","WC"
"Skagit","Chum",1978,292631,132895,0,0,0.0522569379184024,0.879455696764868,0.0682907825896778,0,0,0,0.789353086919885,109,48.3875,-122.3656,"SC","WC"
"Skagit","Chum",1979,22023,23513,0,0,0.509694410389139,0.455160514008082,0.0351450756027789,0,0,0,-0.065466097888715,109,48.3875,-122.3656,"SC","WC"
"Skagit","Chum",1980,35363,19425,0,0,0.0541526454203546,0.881231795944914,0.0646155586347312,0,0,0,0.599105179545843,109,48.3875,-122.3656,"SC","WC"
"Skagit","Chum",1981,95996,16939,0,0,0.204768948706196,0.698695778990791,0.0965248552023001,0,0,0,1.73468786832885,109,48.3875,-122.3656,"SC","WC"
"Skagit","Chum",1982,381366,142541,0,0,0.117747780347488,0.807704409936911,0.0745478097156013,0,0,0,0.984129866314627,109,48.3875,-122.3656,"SC","WC"
"Skagit","Chum",1983,23594,3932,0,0,0.108332626939052,0.64126472832076,0.250360261083326,0,0,0,1.79184424013473,109,48.3875,-122.3656,"SC","WC"
"Skagit","Chum",1984,185674,46817,0,0,0.0939765395262665,0.860799034867564,0.0452298113898553,0,0,0,1.37774606295786,109,48.3875,-122.3656,"SC","WC"
"Skagit","Chum",1985,25221,45190,0,0,0.136632171603029,0.577891439673288,0.285476388723683,0,0,0,-0.583198842601919,109,48.3875,-122.3656,"SC","WC"
"Skagit","Chum",1986,322086,81869,0,0,0.00784573064336854,0.833165676247959,0.158988593108673,0,0,0,1.36969818180266,109,48.3875,-122.3656,"SC","WC"
"Skagit","Chum",1987,33928,42853,0,0,0.0408217401556237,0.678937750530535,0.280240509313841,0,0,0,-0.233535022089408,109,48.3875,-122.3656,"SC","WC"
"Skagit","Chum",1988,204120,119791,0,0,0.0557956104252401,0.846531452087008,0.0976729374877523,0,0,0,0.532959498545143,109,48.3875,-122.3656,"SC","WC"
"Skagit","Chum",1989,33001,13904,0,0,0.0166358595194085,0.521559952728705,0.461834489863944,0,0,0,0.864361295514619,109,48.3875,-122.3656,"SC","WC"
"Skagit","Chum",1990,304412,110567,0,0,0.0350249004638451,0.878109272959016,0.0868658265771389,0,0,0,1.01276037497118,109,48.3875,-122.3656,"SC","WC"
"Skagit","Chum",1991,27215,22000,0,0,0.398493477861473,0.529266948374058,0.0722395737644681,0,0,0,0.212725838527848,109,48.3875,-122.3656,"SC","WC"
"Skagit","Chum",1992,144454,95940,0,0,0.198464563113517,0.778455425256483,0.0230800116299999,0,0,0,0.409238121697576,109,48.3875,-122.3656,"SC","WC"
"Skagit","Chum",1993,17449,16673,0,0,0.160353028826867,0.590750186257092,0.248896784916041,0,0,0,0.0454916958377711,109,48.3875,-122.3656,"SC","WC"
"Skagit","Chum",1994,130370,121775,0,0,0.0254046176267546,0.928810309120196,0.0457927437293856,0,0,0,0.068201481982081,109,48.3875,-122.3656,"SC","WC"
"Skagit","Chum",1995,49347,38666,0,0,0.416742659128214,0.570956694429246,0.0123209110989523,0,0,0,0.243916312847821,109,48.3875,-122.3656,"SC","WC"
"Skagit","Chum",1996,56945,74474,0,0,0.257669681271402,0.692615681798226,0.0496970761260866,0,0,0,-0.268364181458279,109,48.3875,-122.3656,"SC","WC"
"Skagit","Chum",1997,53817,14392,0,0,0.0263485515729231,0.762491406061282,0.211160042365795,0,0,0,1.31891690573683,109,48.3875,-122.3656,"SC","WC"
"Skagit","Chum",1998,432486,120850,0,0,0.122364654578414,0.868485916307117,0.00914942911446845,0,0,0,1.27499984875633,109,48.3875,-122.3656,"SC","WC"
"Skagit","Chum",1999,56377,34311,0,0,0.328875250545435,0.482430778508966,0.188693970945598,0,0,0,0.496595271444773,109,48.3875,-122.3656,"SC","WC"
"Skagit","Chum",2000,164513,22321,0,0,0.0319792356835022,0.898828663996158,0.0691921003203394,0,0,0,1.99746165506168,109,48.3875,-122.3656,"SC","WC"
"Skagit","Chum",2001,44931,72980,0,0,0.268322539004251,0.668246867418931,0.0634305935768178,0,0,0,-0.485057451329933,109,48.3875,-122.3656,"SC","WC"
"Skagit","Chum",2002,220263,209478,0,0,0.0513477070592882,0.913739484162115,0.0349128087785965,0,0,0,0.0502035649961211,109,48.3875,-122.3656,"SC","WC"
"Skagit","Chum",2003,33463,17629,0,0,0.264680393270179,0.709888533604279,0.0254310731255416,0,0,0,0.640895077530597,109,48.3875,-122.3656,"SC","WC"
"Skagit","Chum",2004,32088,149700,0,0,0.18455497382199,0.766953378209923,0.0485228122662678,0,0,0,-1.54015116295783,109,48.3875,-122.3656,"SC","WC"
"Skagit","Chum",2005,29396,34000,0,0,0.139712886106953,0.781773030344264,0.0785140835487821,0,0,0,-0.145501913949537,109,48.3875,-122.3656,"SC","WC"
"Skagit","Chum",2006,49716,104983,0,0,0.0916606323919865,0.860447340896291,0.0479121409606565,0,0,0,-0.747471619404363,109,48.3875,-122.3656,"SC","WC"
"Skagit","Chum",2007,19838,19450,0,0,0.0490976912995262,0.630355882649461,0.320546426051013,0,0,0,0.0197522202593468,109,48.3875,-122.3656,"SC","WC"
"Skagit","Chum",2008,35479,21789,0,0,0.0209701513571408,0.91803602130838,0.0609938273344795,0,0,0,0.487535716859139,109,48.3875,-122.3656,"SC","WC"
"Skagit","Chum",2009,14014,26395,0,0,0.172684458398744,0.351648351648352,0.475667189952904,0,0,0,-0.633117768327238,109,48.3875,-122.3656,"SC","WC"
"Skagit","Chum",2010,63827,39535,0,0,0.0414244755354317,0.917276387735598,0.0412834693781628,0,0,0,0.478989942797214,109,48.3875,-122.3656,"SC","WC"
"Skagit","Chum",2011,4698,15280,0,0,0.185185185185185,0.443167305236271,0.371647509578544,0,0,0,-1.17940789750165,109,48.3875,-122.3656,"SC","WC"
"Skagit","Chum",2012,36945,36408,0,0,0.0930031127351468,0.897983488970091,0.00898633103261605,0,0,0,0.0146417895262701,109,48.3875,-122.3656,"SC","WC"
"Skagit","Chum",2013,2556,8545,0,0,0.146322378716745,0.679186228482003,0.174100156494523,0,0,0,-1.20690278005227,109,48.3875,-122.3656,"SC","WC"
"Skagit","Chum",2014,22171,63360,0,0,0.224933471652158,0.772044562717063,0.00302196563077895,0,0,0,-1.0500476188961,109,48.3875,-122.3656,"SC","WC"
"Skagit","Chum",2015,3263,7964,0,0,0.545816733067729,0.365307998774134,0.0888752681581367,0,0,0,-0.892284368590766,109,48.3875,-122.3656,"SC","WC"
"Skagit","Chum",2016,15342,33709,0,0,0.134858558206231,0.71828966236475,0.146916959979142,0,0,0,-0.787170698480959,109,48.3875,-122.3656,"SC","WC"
"Skagit","Chum",2017,18189,6700,0,0,0.191324426851394,0.787124085986036,0.0214965088789928,0,0,0,0.998709489360783,109,48.3875,-122.3656,"SC","WC"
"Skagit","Chum",2018,49945,18514,0,0,0.122094303734108,0.877485233757133,0.000400440484532986,0,0,0,0.992395197339094,109,48.3875,-122.3656,"SC","WC"
"Skagit","Chum",2019,4703,3123,0,0,0.332766319370615,0.667233680629385,0,0,0,0,0.409406524661969,109,48.3875,-122.3656,"SC","WC"
"Skagit","Chum",2020,60849,13705,0,0,0.00471659353481569,0.995283406465184,0,0,0,0,1.49063465569001,109,48.3875,-122.3656,"SC","WC"
"Bellingham","Chum",1968,39806,10684,0,0,0.0883535145455459,0.703311058634377,0.208335426820077,0,0,0,1.31527035944931,110,48.775,-122.5978,"SC","WC"
"Bellingham","Chum",1969,34028,26459,0,0,0.0890149288820971,0.895321499941225,0.015663571176678,0,0,0,0.251587350035933,110,48.775,-122.5978,"SC","WC"
"Bellingham","Chum",1970,21582,33404,0,0,0.226485033824483,0.749837827819479,0.0236771383560374,0,0,0,-0.436816019349441,110,48.775,-122.5978,"SC","WC"
"Bellingham","Chum",1971,11130,9208,0,0,0.411859838274933,0.583647798742138,0.00440251572327044,0,0,0,0.189571493867872,110,48.775,-122.5978,"SC","WC"
"Bellingham","Chum",1972,31884,26727,0,0,0.225097227449504,0.710732655877556,0.0642014803663279,0,0,0,0.17643002615906,110,48.775,-122.5978,"SC","WC"
"Bellingham","Chum",1973,46831,25825,0,0,0.0405073562383891,0.94913625589887,0.0103777412397771,0,0,0,0.595202361794771,110,48.775,-122.5978,"SC","WC"
"Bellingham","Chum",1974,36832,9589,0,0,0.162413119026933,0.79759448305821,0.0399923979148566,0,0,0,1.34575042436793,110,48.775,-122.5978,"SC","WC"
"Bellingham","Chum",1975,29864,5976,0,0,0.084583444950442,0.883706134476293,0.0317104205732655,0,0,0,1.60890229378177,110,48.775,-122.5978,"SC","WC"
"Bellingham","Chum",1976,13524,4847,0,0,0.208740017746229,0.728039041703638,0.0632209405501331,0,0,0,1.0261059279824,110,48.775,-122.5978,"SC","WC"
"Bellingham","Chum",1977,88463,21233,0,0,0.234730904445927,0.726235827408069,0.0390332681460045,0,0,0,1.42702781029875,110,48.775,-122.5978,"SC","WC"
"Bellingham","Chum",1978,106136,14622,0,0,0.118574282053215,0.797118790985151,0.0843163488354564,0,0,0,1.98219404674349,110,48.775,-122.5978,"SC","WC"
"Bellingham","Chum",1979,51454,27333,0,0,0.258580479651728,0.690130990787888,0.051288529560384,0,0,0,0.63259344124208,110,48.775,-122.5978,"SC","WC"
"Bellingham","Chum",1980,92712,25242,0,0,0.286489343342825,0.693470100957805,0.0200297696091121,0,0,0,1.30098864019565,110,48.775,-122.5978,"SC","WC"
"Bellingham","Chum",1981,175640,61938,0,0,0.302539284900934,0.655568207697563,0.0418982008654065,0,0,0,1.04230256098201,110,48.775,-122.5978,"SC","WC"
"Bellingham","Chum",1982,85474,44172,0,0,0.299178697615649,0.630273533472167,0.0705477689121838,0,0,0,0.660121131944754,110,48.775,-122.5978,"SC","WC"
"Bellingham","Chum",1983,68015,20899,0,0,0.1306476512534,0.791060795412777,0.0782915533338234,0,0,0,1.18002695814928,110,48.775,-122.5978,"SC","WC"
"Bellingham","Chum",1984,108308,45960,0,0,0.17065221405621,0.777172508032648,0.0521752779111423,0,0,0,0.857207567180952,110,48.775,-122.5978,"SC","WC"
"Bellingham","Chum",1985,37124,40349,0,0,0.105699816830083,0.707870919081996,0.186429264087922,0,0,0,-0.0833029505282444,110,48.775,-122.5978,"SC","WC"
"Bellingham","Chum",1986,81131,20298,0,0,0.0260073214924012,0.667217216600313,0.306763136162503,0,0,0,1.38554277320109,110,48.775,-122.5978,"SC","WC"
"Bellingham","Chum",1987,44407,15836,0,0,0.0153129011191929,0.817100907514581,0.167586191366226,0,0,0,1.03111128542529,110,48.775,-122.5978,"SC","WC"
"Bellingham","Chum",1988,74616,35206,0,0,0.0579366355741396,0.828267395732819,0.113795968693042,0,0,0,0.751138438800782,110,48.775,-122.5978,"SC","WC"
"Bellingham","Chum",1989,76820,11668,0,0,0.149531372038532,0.611351210622234,0.239130434782609,0,0,0,1.88461497091228,110,48.775,-122.5978,"SC","WC"
"Bellingham","Chum",1990,159052,31087,0,0,0.062011166159495,0.845119835022508,0.0928627115660287,0,0,0,1.63244146741287,110,48.775,-122.5978,"SC","WC"
"Bellingham","Chum",1991,61120,31303,0,0,0.390150523560209,0.568995418848168,0.0408704188481675,0,0,0,0.669125205259786,110,48.775,-122.5978,"SC","WC"
"Bellingham","Chum",1992,69619,43283,0,0,0.410850486217843,0.558927878883638,0.0302359987934328,0,0,0,0.47527757037423,110,48.775,-122.5978,"SC","WC"
"Bellingham","Chum",1993,52196,25304,0,0,0.192486014253966,0.680875929189976,0.126638056556058,0,0,0,0.724043377596653,110,48.775,-122.5978,"SC","WC"
"Bellingham","Chum",1994,75718,92157,0,0,0.0783301196545075,0.841953036266145,0.0797168440793471,0,0,0,-0.196477731443025,110,48.775,-122.5978,"SC","WC"
"Bellingham","Chum",1995,101788,35856,0,0,0.356093056155932,0.638002515031241,0.00589460447203993,0,0,0,1.04338130191714,110,48.775,-122.5978,"SC","WC"
"Bellingham","Chum",1996,24357,36010,0,0,0.564026768485446,0.409779529498707,0.0261937020158476,0,0,0,-0.390977395112365,110,48.775,-122.5978,"SC","WC"
"Bellingham","Chum",1997,64917,15123,0,0,0.0941663970916709,0.808124220158048,0.0976939784648089,0,0,0,1.45689276708915,110,48.775,-122.5978,"SC","WC"
"Bellingham","Chum",1998,101600,62682,0,0,0.298494094488189,0.642982283464567,0.0585236220472441,0,0,0,0.482969210060956,110,48.775,-122.5978,"SC","WC"
"Bellingham","Chum",1999,128994,30393,0,0,0.0668713273485588,0.835031086717212,0.098105338232786,0,0,0,1.44555357291242,110,48.775,-122.5978,"SC","WC"
"Bellingham","Chum",2000,58629,4604,0,0,0.171621552474032,0.719029831653277,0.109331559467158,0,0,0,2.54430396385641,110,48.775,-122.5978,"SC","WC"
"Bellingham","Chum",2001,56840,45410,0,0,0.270443349753695,0.70856790992259,0.0209887403237157,0,0,0,0.22450795811904,110,48.775,-122.5978,"SC","WC"
"Bellingham","Chum",2002,63997,62263,0,0,0.15213213119365,0.782036657968342,0.065831210838008,0,0,0,0.0274688583778867,110,48.775,-122.5978,"SC","WC"
"Bellingham","Chum",2003,50312,104127,0,0,0.196314994434727,0.726407218953729,0.077277786611544,0,0,0,-0.727367690744413,110,48.775,-122.5978,"SC","WC"
"Bellingham","Chum",2004,23953,40758,0,0,0.249530330230034,0.686177096814595,0.0642925729553709,0,0,0,-0.531558562464461,110,48.775,-122.5978,"SC","WC"
"Bellingham","Chum",2005,31186,38997,0,0,0.192169563265568,0.73234784839351,0.0755146540114154,0,0,0,-0.223515443931298,110,48.775,-122.5978,"SC","WC"
"Bellingham","Chum",2006,42601,26976,0,0,0.123494753644281,0.790474402009342,0.0860308443463768,0,0,0,0.456930145358769,110,48.775,-122.5978,"SC","WC"
"Bellingham","Chum",2007,165891,20798,0,0,0.0326479435291848,0.866514759691605,0.10083729677921,0,0,0,2.07647411793888,110,48.775,-122.5978,"SC","WC"
"Bellingham","Chum",2008,15994,15332,0,0,0.0867200200075028,0.712954858071777,0.20032512192072,0,0,0,0.0422715043913895,110,48.775,-122.5978,"SC","WC"
"Bellingham","Chum",2009,60387,24088,0,0,0.127312169837879,0.787752330799675,0.0849520592180436,0,0,0,0.919060058807572,110,48.775,-122.5978,"SC","WC"
"Bellingham","Chum",2010,87898,25567,0,0,0.0907074108625907,0.770984550274181,0.138319415686364,0,0,0,1.23487459387396,110,48.775,-122.5978,"SC","WC"
"Bellingham","Chum",2011,74516,97704,0,0,0.0868001503032906,0.793520854581566,0.119678995115143,0,0,0,-0.270928632441325,110,48.775,-122.5978,"SC","WC"
"Bellingham","Chum",2012,100310,18993,0,0,0.224952646794936,0.740683879972087,0.0343535041371748,0,0,0,1.66419490066529,110,48.775,-122.5978,"SC","WC"
"Bellingham","Chum",2013,39923,40036,0,0,0.31620870175087,0.677754677754678,0.00603662049445182,0,0,0,-0.00282645043655036,110,48.775,-122.5978,"SC","WC"
"Bellingham","Chum",2014,19879,47811,0,0,0.553297449569898,0.426731726948036,0.0199708234820665,0,0,0,-0.877591840393222,110,48.775,-122.5978,"SC","WC"
"Bellingham","Chum",2015,29213,54805,0,0,0.459487214596241,0.509499195563619,0.0310135898401397,0,0,0,-0.629167614988553,110,48.775,-122.5978,"SC","WC"
"Bellingham","Chum",2016,40320,50126,0,0,0.147321428571429,0.792485119047619,0.060218253968254,0,0,0,-0.217692211789307,110,48.775,-122.5978,"SC","WC"
"Bellingham","Chum",2017,27058,24050,0,0,0.468549042796955,0.495343336536329,0.0361076206667159,0,0,0,0.117847713629398,110,48.775,-122.5978,"SC","WC"
"Bellingham","Chum",2018,64054,17117,0,0,0.273987572985294,0.705966840478346,0.0200455865363599,0,0,0,1.31965435588921,110,48.775,-122.5978,"SC","WC"
"Bellingham","Chum",2019,24239,15332,0,0,0.320268987994554,0.641156813399893,0.0385329427781674,0,0,0,0.458020758706418,110,48.775,-122.5978,"SC","WC"
"Bellingham","Chum",2020,78485,38436,0,0,0.136892399821622,0.863120341466522,0,0,0,0,0.713913003312149,110,48.775,-122.5978,"SC","WC"
"Spiller-Fitz-Hugh-Burke","Chum",1954,438623,424881,0,0,0,0,0,0,0,0,0.0318311444722664,145,52.16,-128.14,"SC","WC"
"Spiller-Fitz-Hugh-Burke","Chum",1955,338061,278083,0,0,0,0,0,0,0,0,0.195306722291235,145,52.16,-128.14,"SC","WC"
"Spiller-Fitz-Hugh-Burke","Chum",1956,206447,385516,0,0,0,0,0,0,0,0,-0.624538975818662,145,52.16,-128.14,"SC","WC"
"Spiller-Fitz-Hugh-Burke","Chum",1957,245377,317881,0,0,0,0,0,0,0,0,-0.258881295555213,145,52.16,-128.14,"SC","WC"
"Spiller-Fitz-Hugh-Burke","Chum",1958,488680,273973,0,0,0,0,0,0,0,0,0.578678317149173,145,52.16,-128.14,"SC","WC"
"Spiller-Fitz-Hugh-Burke","Chum",1959,470603,245559,0,0,0,0,0,0,0,0,0.650477606887051,145,52.16,-128.14,"SC","WC"
"Spiller-Fitz-Hugh-Burke","Chum",1960,421626,105834,0,0,0,0,0,0,0,0,1.38224683629747,145,52.16,-128.14,"SC","WC"
"Spiller-Fitz-Hugh-Burke","Chum",1961,327866,130231,0,0,0,0,0,0,0,0,0.92329519165258,145,52.16,-128.14,"SC","WC"
"Spiller-Fitz-Hugh-Burke","Chum",1962,788343,318073,0,0,0,0,0,0,0,0,0.907652358155395,145,52.16,-128.14,"SC","WC"
"Spiller-Fitz-Hugh-Burke","Chum",1963,464941,288330,0,0,0,0,0,0,0,0,0.477804858313457,145,52.16,-128.14,"SC","WC"
"Spiller-Fitz-Hugh-Burke","Chum",1964,697607,260746,0,0,0,0,0,0,0,0,0.984109153549212,145,52.16,-128.14,"SC","WC"
"Spiller-Fitz-Hugh-Burke","Chum",1965,752859,92516,0,0,0,0,0,0,0,0,2.09649635673697,145,52.16,-128.14,"SC","WC"
"Spiller-Fitz-Hugh-Burke","Chum",1966,1068557,696001,0,0,0,0,0,0,0,0,0.428713322033254,145,52.16,-128.14,"SC","WC"
"Spiller-Fitz-Hugh-Burke","Chum",1967,665603,196891,0,0,0,0,0,0,0,0,1.21804312058943,145,52.16,-128.14,"SC","WC"
"Spiller-Fitz-Hugh-Burke","Chum",1968,732306,483676,0,0,0,0,0,0,0,0,0.414783198330415,145,52.16,-128.14,"SC","WC"
"Spiller-Fitz-Hugh-Burke","Chum",1969,994707,327166,0,0,0,0,0,0,0,0,1.11198053408236,145,52.16,-128.14,"SC","WC"
"Spiller-Fitz-Hugh-Burke","Chum",1970,618186,588977,0,0,0,0,0,0,0,0,0.0484022493956771,145,52.16,-128.14,"SC","WC"
"Spiller-Fitz-Hugh-Burke","Chum",1971,298532,329936,0,0,0,0,0,0,0,0,-0.100021566490983,145,52.16,-128.14,"SC","WC"
"Spiller-Fitz-Hugh-Burke","Chum",1972,352521,420020,0,0,0,0,0,0,0,0,-0.175192134245362,145,52.16,-128.14,"SC","WC"
"Spiller-Fitz-Hugh-Burke","Chum",1973,435574,553559,0,0,0,0,0,0,0,0,-0.239703639376732,145,52.16,-128.14,"SC","WC"
"Spiller-Fitz-Hugh-Burke","Chum",1974,566748,300411,0,0,0,0,0,0,0,0,0.634763223426163,145,52.16,-128.14,"SC","WC"
"Spiller-Fitz-Hugh-Burke","Chum",1975,429309,138410,0,0,0,0,0,0,0,0,1.13195664446274,145,52.16,-128.14,"SC","WC"
"Spiller-Fitz-Hugh-Burke","Chum",1976,341288,164484,0,0,0,0,0,0,0,0,0.729913394573738,145,52.16,-128.14,"SC","WC"
"Spiller-Fitz-Hugh-Burke","Chum",1977,316115,251422,0,0,0,0,0,0,0,0,0.228973269161562,145,52.16,-128.14,"SC","WC"
"Spiller-Fitz-Hugh-Burke","Chum",1978,372669,290280,0,0,0,0,0,0,0,0,0.249844651798077,145,52.16,-128.14,"SC","WC"
"Spiller-Fitz-Hugh-Burke","Chum",1979,270204,221604,0,0,0,0,0,0,0,0,0.198285224013787,145,52.16,-128.14,"SC","WC"
"Spiller-Fitz-Hugh-Burke","Chum",1980,314263,166416,0,0,0,0,0,0,0,0,0.635739537341245,145,52.16,-128.14,"SC","WC"
"Spiller-Fitz-Hugh-Burke","Chum",1981,378536,163751,0,0,0,0,0,0,0,0,0.83796419927301,145,52.16,-128.14,"SC","WC"
"Spiller-Fitz-Hugh-Burke","Chum",1982,421931,274739,0,0,0,0,0,0,0,0,0.429020237472734,145,52.16,-128.14,"SC","WC"
"Spiller-Fitz-Hugh-Burke","Chum",1983,345735,174481,0,0,0,0,0,0,0,0,0.683856732462958,145,52.16,-128.14,"SC","WC"
"Spiller-Fitz-Hugh-Burke","Chum",1984,482179,219267,0,0,0,0,0,0,0,0,0.788025249100094,145,52.16,-128.14,"SC","WC"
"Spiller-Fitz-Hugh-Burke","Chum",1985,329027,219118,0,0,0,0,0,0,0,0,0.40652941677297,145,52.16,-128.14,"SC","WC"
"Spiller-Fitz-Hugh-Burke","Chum",1986,389912,195528,0,0,0,0,0,0,0,0,0.690217480960834,145,52.16,-128.14,"SC","WC"
"Spiller-Fitz-Hugh-Burke","Chum",1987,312082,156364,0,0,0,0,0,0,0,0,0.691079351203223,145,52.16,-128.14,"SC","WC"
"Spiller-Fitz-Hugh-Burke","Chum",1988,173549,282125,0,0,0,0,0,0,0,0,-0.485890254874739,145,52.16,-128.14,"SC","WC"
"Spiller-Fitz-Hugh-Burke","Chum",1989,209702,142567,0,0,0,0,0,0,0,0,0.385875410647359,145,52.16,-128.14,"SC","WC"
"Spiller-Fitz-Hugh-Burke","Chum",1990,224022,185875,0,0,0,0,0,0,0,0,0.186669856537728,145,52.16,-128.14,"SC","WC"
"Spiller-Fitz-Hugh-Burke","Chum",1991,388789,173167,0,0,0,0,0,0,0,0,0.808780333207848,145,52.16,-128.14,"SC","WC"
"Spiller-Fitz-Hugh-Burke","Chum",1992,447310,74448,0,0,0,0,0,0,0,0,1.79315097144699,145,52.16,-128.14,"SC","WC"
"Spiller-Fitz-Hugh-Burke","Chum",1993,353151,138607,0,0,0,0,0,0,0,0,0.935253136977887,145,52.16,-128.14,"SC","WC"
"Spiller-Fitz-Hugh-Burke","Chum",1994,342356,109343,0,0,0,0,0,0,0,0,1.14136140089542,145,52.16,-128.14,"SC","WC"
"Spiller-Fitz-Hugh-Burke","Chum",1995,279349,247484,0,0,0,0,0,0,0,0,0.121115962705646,145,52.16,-128.14,"SC","WC"
"Spiller-Fitz-Hugh-Burke","Chum",1996,246035,382939,0,0,0,0,0,0,0,0,-0.442401905331703,145,52.16,-128.14,"SC","WC"
"Spiller-Fitz-Hugh-Burke","Chum",1997,321115,267455,0,0,0,0,0,0,0,0,0.182847986537866,145,52.16,-128.14,"SC","WC"
"Spiller-Fitz-Hugh-Burke","Chum",1998,353464,276118,0,0,0,0,0,0,0,0,0.246953330813945,145,52.16,-128.14,"SC","WC"
"Spiller-Fitz-Hugh-Burke","Chum",1999,472499,219225,0,0,0,0,0,0,0,0,0.767937030864022,145,52.16,-128.14,"SC","WC"
"Spiller-Fitz-Hugh-Burke","Chum",2000,551801,210926,0,0,0,0,0,0,0,0,0.961680112970217,145,52.16,-128.14,"SC","WC"
"Spiller-Fitz-Hugh-Burke","Chum",2001,327783,256742,0,0,0,0,0,0,0,0,0.244280114465598,145,52.16,-128.14,"SC","WC"
"Spiller-Fitz-Hugh-Burke","Chum",2002,253892,247551,0,0,0,0,0,0,0,0,0.0252923583590947,145,52.16,-128.14,"SC","WC"
"Spiller-Fitz-Hugh-Burke","Chum",2003,170560,355567,0,0,0,0,0,0,0,0,-0.734626557456112,145,52.16,-128.14,"SC","WC"
"Spiller-Fitz-Hugh-Burke","Chum",2004,114398,395845,0,0,0,0,0,0,0,0,-1.24133912421516,145,52.16,-128.14,"SC","WC"
"Spiller-Fitz-Hugh-Burke","Chum",2005,185563,211852,0,0,0,0,0,0,0,0,-0.132493470639685,145,52.16,-128.14,"SC","WC"
"Spiller-Fitz-Hugh-Burke","Chum",2006,188073,210112,0,0,0,0,0,0,0,0,-0.110810536544947,145,52.16,-128.14,"SC","WC"
"Spiller-Fitz-Hugh-Burke","Chum",2007,363029,131093,0,0,0,0,0,0,0,0,1.01857572589232,145,52.16,-128.14,"SC","WC"
"Spiller-Fitz-Hugh-Burke","Chum",2008,352130,89014,0,0,0,0,0,0,0,0,1.37520676486669,145,52.16,-128.14,"SC","WC"
"Spiller-Fitz-Hugh-Burke","Chum",2009,435600,192673,0,0,0,0,0,0,0,0,0.815729939622491,145,52.16,-128.14,"SC","WC"
"Spiller-Fitz-Hugh-Burke","Chum",2010,426732,147849,0,0,0,0,0,0,0,0,1.05996469885927,145,52.16,-128.14,"SC","WC"
"Spiller-Fitz-Hugh-Burke","Chum",2011,848387,354218,0,0,0,0,0,0,0,0,0.873424356808287,145,52.16,-128.14,"SC","WC"
"Spiller-Fitz-Hugh-Burke","Chum",2012,382144,241621,0,0,0,0,0,0,0,0,0.458427118111436,145,52.16,-128.14,"SC","WC"
"Spiller-Fitz-Hugh-Burke","Chum",2013,224725,273577,0,0,0,0,0,0,0,0,-0.196705685427843,145,52.16,-128.14,"SC","WC"
"Spiller-Fitz-Hugh-Burke","Chum",2014,199170,268426,0,0,0,0,0,0,0,0,-0.298416539349492,145,52.16,-128.14,"SC","WC"
"Spiller-Fitz-Hugh-Burke","Chum",2015,211463,307436,0,0,0,0,0,0,0,0,-0.374216893219157,145,52.16,-128.14,"SC","WC"
"Spiller-Fitz-Hugh-Burke","Chum",2016,82910,116735,0,0,0,0,0,0,0,0,-0.342150726509274,145,52.16,-128.14,"SC","WC"
"Bella Coola-Dean Rivers","Chum",1954,382845,169235,0,0,0,0,0,0,0,0,0.816341925956327,146,52.38,-126.78,"SC","WC"
"Bella Coola-Dean Rivers","Chum",1955,204757,58694,0,0,0,0,0,0,0,0,1.24948640322396,146,52.38,-126.78,"SC","WC"
"Bella Coola-Dean Rivers","Chum",1956,187564,150649,0,0,0,0,0,0,0,0,0.219167492850973,146,52.38,-126.78,"SC","WC"
"Bella Coola-Dean Rivers","Chum",1957,249528,100759,0,0,0,0,0,0,0,0,0.906839606481862,146,52.38,-126.78,"SC","WC"
"Bella Coola-Dean Rivers","Chum",1958,321270,240701,0,0,0,0,0,0,0,0,0.288726391751266,146,52.38,-126.78,"SC","WC"
"Bella Coola-Dean Rivers","Chum",1959,470937,99780,0,0,0,0,0,0,0,0,1.55175656467535,146,52.38,-126.78,"SC","WC"
"Bella Coola-Dean Rivers","Chum",1960,496727,101464,0,0,0,0,0,0,0,0,1.58833652363866,146,52.38,-126.78,"SC","WC"
"Bella Coola-Dean Rivers","Chum",1961,149514,127291,0,0,0,0,0,0,0,0,0.160914230003067,146,52.38,-126.78,"SC","WC"
"Bella Coola-Dean Rivers","Chum",1962,232377,122679,0,0,0,0,0,0,0,0,0.638789864857482,146,52.38,-126.78,"SC","WC"
"Bella Coola-Dean Rivers","Chum",1963,200384,288454,0,0,0,0,0,0,0,0,-0.364300102124164,146,52.38,-126.78,"SC","WC"
"Bella Coola-Dean Rivers","Chum",1964,394064,288454,0,0,0,0,0,0,0,0,0.311977704826665,146,52.38,-126.78,"SC","WC"
"Bella Coola-Dean Rivers","Chum",1965,246300,12360,0,0,0,0,0,0,0,0,2.99208485309695,146,52.38,-126.78,"SC","WC"
"Bella Coola-Dean Rivers","Chum",1966,386543,156808,0,0,0,0,0,0,0,0,0.90222098966737,146,52.38,-126.78,"SC","WC"
"Bella Coola-Dean Rivers","Chum",1967,195551,90395,0,0,0,0,0,0,0,0,0.771632258836111,146,52.38,-126.78,"SC","WC"
"Bella Coola-Dean Rivers","Chum",1968,375482,300886,0,0,0,0,0,0,0,0,0.221479078501828,146,52.38,-126.78,"SC","WC"
"Bella Coola-Dean Rivers","Chum",1969,457428,99619,0,0,0,0,0,0,0,0,1.52426658583152,146,52.38,-126.78,"SC","WC"
"Bella Coola-Dean Rivers","Chum",1970,311935,261505,0,0,0,0,0,0,0,0,0.176341428990671,146,52.38,-126.78,"SC","WC"
"Bella Coola-Dean Rivers","Chum",1971,238287,68600,0,0,0,0,0,0,0,0,1.24518329480044,146,52.38,-126.78,"SC","WC"
"Bella Coola-Dean Rivers","Chum",1972,367023,270909,0,0,0,0,0,0,0,0,0.303641545260043,146,52.38,-126.78,"SC","WC"
"Bella Coola-Dean Rivers","Chum",1973,223152,323299,0,0,0,0,0,0,0,0,-0.370724438007883,146,52.38,-126.78,"SC","WC"
"Bella Coola-Dean Rivers","Chum",1974,137679,159052,0,0,0,0,0,0,0,0,-0.144306304120301,146,52.38,-126.78,"SC","WC"
"Bella Coola-Dean Rivers","Chum",1975,255192,107468,0,0,0,0,0,0,0,0,0.864823074181606,146,52.38,-126.78,"SC","WC"
"Bella Coola-Dean Rivers","Chum",1976,280318,175531,0,0,0,0,0,0,0,0,0.468109007535505,146,52.38,-126.78,"SC","WC"
"Bella Coola-Dean Rivers","Chum",1977,208525,139708,0,0,0,0,0,0,0,0,0.400504407935293,146,52.38,-126.78,"SC","WC"
"Bella Coola-Dean Rivers","Chum",1978,255032,31345,0,0,0,0,0,0,0,0,2.09633426275534,146,52.38,-126.78,"SC","WC"
"Bella Coola-Dean Rivers","Chum",1979,386456,128961,0,0,0,0,0,0,0,0,1.09750798630293,146,52.38,-126.78,"SC","WC"
"Bella Coola-Dean Rivers","Chum",1980,293108,110450,0,0,0,0,0,0,0,0,0.975978211916992,146,52.38,-126.78,"SC","WC"
"Bella Coola-Dean Rivers","Chum",1981,685843,56932,0,0,0,0,0,0,0,0,2.48879116535062,146,52.38,-126.78,"SC","WC"
"Bella Coola-Dean Rivers","Chum",1982,1375406,128323,0,0,0,0,0,0,0,0,2.37195371634624,146,52.38,-126.78,"SC","WC"
"Bella Coola-Dean Rivers","Chum",1983,794147,196414,0,0,0,0,0,0,0,0,1.39704390617458,146,52.38,-126.78,"SC","WC"
"Bella Coola-Dean Rivers","Chum",1984,787760,155428,0,0,0,0,0,0,0,0,1.62301087305632,146,52.38,-126.78,"SC","WC"
"Bella Coola-Dean Rivers","Chum",1985,521883,284596,0,0,0,0,0,0,0,0,0.606372794085736,146,52.38,-126.78,"SC","WC"
"Bella Coola-Dean Rivers","Chum",1986,790825,399659,0,0,0,0,0,0,0,0,0.682465020829452,146,52.38,-126.78,"SC","WC"
"Bella Coola-Dean Rivers","Chum",1987,355077,187383,0,0,0,0,0,0,0,0,0.63918001672272,146,52.38,-126.78,"SC","WC"
"Bella Coola-Dean Rivers","Chum",1988,277755,264902,0,0,0,0,0,0,0,0,0.0473794838894911,146,52.38,-126.78,"SC","WC"
"Bella Coola-Dean Rivers","Chum",1989,388137,183941,0,0,0,0,0,0,0,0,0.74674331606902,146,52.38,-126.78,"SC","WC"
"Bella Coola-Dean Rivers","Chum",1990,727492,406566,0,0,0,0,0,0,0,0,0.581856724989351,146,52.38,-126.78,"SC","WC"
"Bella Coola-Dean Rivers","Chum",1991,766835,86927,0,0,0,0,0,0,0,0,2.17720296839585,146,52.38,-126.78,"SC","WC"
"Bella Coola-Dean Rivers","Chum",1992,511348,156028,0,0,0,0,0,0,0,0,1.18701489770584,146,52.38,-126.78,"SC","WC"
"Bella Coola-Dean Rivers","Chum",1993,506765,200800,0,0,0,0,0,0,0,0,0.925737997471124,146,52.38,-126.78,"SC","WC"
"Bella Coola-Dean Rivers","Chum",1994,847620,370024,0,0,0,0,0,0,0,0,0.828864553752127,146,52.38,-126.78,"SC","WC"
"Bella Coola-Dean Rivers","Chum",1995,517509,274483,0,0,0,0,0,0,0,0,0.634137588044092,146,52.38,-126.78,"SC","WC"
"Bella Coola-Dean Rivers","Chum",1996,308181,263415,0,0,0,0,0,0,0,0,0.156956537409417,146,52.38,-126.78,"SC","WC"
"Bella Coola-Dean Rivers","Chum",1997,441470,272723,0,0,0,0,0,0,0,0,0.481653439502936,146,52.38,-126.78,"SC","WC"
"Bella Coola-Dean Rivers","Chum",1998,629981,469829,0,0,0,0,0,0,0,0,0.293320861485881,146,52.38,-126.78,"SC","WC"
"Bella Coola-Dean Rivers","Chum",1999,981410,283279,0,0,0,0,0,0,0,0,1.24255803540789,146,52.38,-126.78,"SC","WC"
"Bella Coola-Dean Rivers","Chum",2000,939253,222617,0,0,0,0,0,0,0,0,1.43963207239067,146,52.38,-126.78,"SC","WC"
"Bella Coola-Dean Rivers","Chum",2001,481526,240897,0,0,0,0,0,0,0,0,0.692590771460344,146,52.38,-126.78,"SC","WC"
"Bella Coola-Dean Rivers","Chum",2002,450449,321438,0,0,0,0,0,0,0,0,0.337440184046493,146,52.38,-126.78,"SC","WC"
"Bella Coola-Dean Rivers","Chum",2003,358757,549596,0,0,0,0,0,0,0,0,-0.426538183782684,146,52.38,-126.78,"SC","WC"
"Bella Coola-Dean Rivers","Chum",2004,125077,376316,0,0,0,0,0,0,0,0,-1.10149966830984,146,52.38,-126.78,"SC","WC"
"Bella Coola-Dean Rivers","Chum",2005,92348,183604,0,0,0,0,0,0,0,0,-0.687217214771365,146,52.38,-126.78,"SC","WC"
"Bella Coola-Dean Rivers","Chum",2006,63584,232645,0,0,0,0,0,0,0,0,-1.29715182017945,146,52.38,-126.78,"SC","WC"
"Bella Coola-Dean Rivers","Chum",2007,246594,191709,0,0,0,0,0,0,0,0,0.251764662227633,146,52.38,-126.78,"SC","WC"
"Bella Coola-Dean Rivers","Chum",2008,293081,64755,0,0,0,0,0,0,0,0,1.50983810364806,146,52.38,-126.78,"SC","WC"
"Bella Coola-Dean Rivers","Chum",2009,427840,78888,0,0,0,0,0,0,0,0,1.69072016888355,146,52.38,-126.78,"SC","WC"
"Bella Coola-Dean Rivers","Chum",2010,204604,22634,0,0,0,0,0,0,0,0,2.2016232031248,146,52.38,-126.78,"SC","WC"
"Bella Coola-Dean Rivers","Chum",2011,598756,272837,0,0,0,0,0,0,0,0,0.785979622280887,146,52.38,-126.78,"SC","WC"
"Bella Coola-Dean Rivers","Chum",2012,891797,158447,0,0,0,0,0,0,0,0,1.72781837566455,146,52.38,-126.78,"SC","WC"
"Bella Coola-Dean Rivers","Chum",2013,780460,259153,0,0,0,0,0,0,0,0,1.1024648685671,146,52.38,-126.78,"SC","WC"
"Bella Coola-Dean Rivers","Chum",2014,627994,54748,0,0,0,0,0,0,0,0,2.43978977393341,146,52.38,-126.78,"SC","WC"
"Bella Coola-Dean Rivers","Chum",2015,315829,215528,0,0,0,0,0,0,0,0,0.382110096379713,146,52.38,-126.78,"SC","WC"
"Bella Coola-Dean Rivers","Chum",2016,81540,369405,0,0,0,0,0,0,0,0,-1.51079990574534,146,52.38,-126.78,"SC","WC"
"Mussel-Kynoch","Chum",1954,352744,164097,0,0,0.128121556171048,0.859580584786701,0.0115964859501508,0.000701617524040097,0,0,0.765284864981654,148,52.61,-128.52,"SC","WC"
"Mussel-Kynoch","Chum",1955,180032,106055,0,0,0.707269049391219,0.226927039415215,0.0651611437411127,0.000640854635842517,0,0,0.529176785396212,148,52.61,-128.52,"SC","WC"
"Mussel-Kynoch","Chum",1956,140112,49517,0,0,0.122447168693617,0.83620543136919,0.039031230729702,0.00231543043779262,0,0,1.04012605782186,148,52.61,-128.52,"SC","WC"
"Mussel-Kynoch","Chum",1957,119421,71263,0,0,0.411998599241339,0.457358533256295,0.128767038795522,0.00187566578909907,0,0,0.516277806244505,148,52.61,-128.52,"SC","WC"
"Mussel-Kynoch","Chum",1958,187459,257333,0,0,0.122354323558752,0.819273727054983,0.0566380387711446,0.00173198811260062,0,0,-0.316810811186283,148,52.61,-128.52,"SC","WC"
"Mussel-Kynoch","Chum",1959,186044,41881,0,0,0.346663232246135,0.569965732837393,0.0827206381823655,0.000649868664939477,0,0,1.49115094141408,148,52.61,-128.52,"SC","WC"
"Mussel-Kynoch","Chum",1960,204187,110958,0,0,0.218084325544721,0.752751046834519,0.0280667107308497,0.00109777438965262,0,0,0.609884489297775,148,52.61,-128.52,"SC","WC"
"Mussel-Kynoch","Chum",1961,132672,43575,0,0,0.486506119000241,0.431410034822721,0.080082984277014,0.00199891594835384,0,0,1.11339632540723,148,52.61,-128.52,"SC","WC"
"Mussel-Kynoch","Chum",1962,143139,144468,0,0,0.167918933204787,0.741329799705182,0.0878201495050266,0.00293277149274481,0,0,-0.00924184362223023,148,52.61,-128.52,"SC","WC"
"Mussel-Kynoch","Chum",1963,190180,90974,0,0,0.234311023030813,0.660141779366916,0.104628428804291,0.000917111577978757,0,0,0.737397240704265,148,52.61,-128.52,"SC","WC"
"Mussel-Kynoch","Chum",1964,260175,137889,0,0,0.202639742980686,0.763833840684155,0.0317760417718843,0.00175010822677044,0,0,0.634905467854087,148,52.61,-128.52,"SC","WC"
"Mussel-Kynoch","Chum",1965,187799,53604,0,0,0.444384916692847,0.43966510428703,0.114925270794839,0.00102692380204367,0,0,1.25374854978837,148,52.61,-128.52,"SC","WC"
"Mussel-Kynoch","Chum",1966,259752,112424,0,0,0.133488698643321,0.829850429255598,0.0351925662632049,0.00147019666335582,0,0,0.837449891862511,148,52.61,-128.52,"SC","WC"
"Mussel-Kynoch","Chum",1967,200472,157580,0,0,0.451536774611916,0.455413631629355,0.0902940122311345,0.0027545358553813,0,0,0.240741320304173,148,52.61,-128.52,"SC","WC"
"Mussel-Kynoch","Chum",1968,245708,194804,0,0,0.156037354542791,0.735772055854917,0.106527368217559,0.00166165563514415,0,0,0.232149914151106,148,52.61,-128.52,"SC","WC"
"Mussel-Kynoch","Chum",1969,356829,80418,0,0,0.212760288317373,0.73260565004526,0.0542348596106258,0.000398000707621858,0,0,1.49001864370547,148,52.61,-128.52,"SC","WC"
"Mussel-Kynoch","Chum",1970,309870,120561,0,0,0.354273771581631,0.623747823280731,0.0217241501887888,0.000253321501436086,0,0,0.943997005777729,148,52.61,-128.52,"SC","WC"
"Mussel-Kynoch","Chum",1971,152148,81437,0,0,0.533470555314562,0.441881676196861,0.024454775448905,0.00019534457429608,0,0,0.625024016145262,148,52.61,-128.52,"SC","WC"
"Mussel-Kynoch","Chum",1972,67106,118310,0,0,0.420725673710249,0.553756053259023,0.0209934874675886,0.00452111840669985,0,0,-0.567034839507612,148,52.61,-128.52,"SC","WC"
"Mussel-Kynoch","Chum",1973,44181,212839,0,0,0.353209539168421,0.318463976143591,0.325499281138951,0.00282856580656843,0,0,-1.57224117894003,148,52.61,-128.52,"SC","WC"
"Mussel-Kynoch","Chum",1974,155709,162513,0,0,0.0379463724897084,0.922405261738243,0.0380422727138444,0.00160715124366607,0,0,-0.0427691179323582,148,52.61,-128.52,"SC","WC"
"Mussel-Kynoch","Chum",1975,131633,72225,0,0,0.458203956074844,0.449433357136888,0.0901122900032667,0.00224855856282239,0,0,0.600231500982334,148,52.61,-128.52,"SC","WC"
"Mussel-Kynoch","Chum",1976,157589,39581,0,0,0.157649395135447,0.751748929176529,0.0890269355094581,0.00157614896915394,0,0,1.38164117289279,148,52.61,-128.52,"SC","WC"
"Mussel-Kynoch","Chum",1977,201739,15114,0,0,0.246602219204021,0.694556167622522,0.058359510407011,0.00048260403947675,0,0,2.59135331614069,148,52.61,-128.52,"SC","WC"
"Mussel-Kynoch","Chum",1978,181140,125517,0,0,0.324841119852048,0.649138028044606,0.025476795130838,0.00054558086016341,0,0,0.366829005381262,148,52.61,-128.52,"SC","WC"
"Mussel-Kynoch","Chum",1979,100441,51335,0,0,0.491618835734411,0.458878850867674,0.046638095060782,0.00286384921496202,0,0,0.671197709681646,148,52.61,-128.52,"SC","WC"
"Mussel-Kynoch","Chum",1980,80206,60943,0,0,0.241318345260953,0.583303906814951,0.169993634765479,0.00538452440839837,0,0,0.274659323946242,148,52.61,-128.52,"SC","WC"
"Mussel-Kynoch","Chum",1981,176500,117226,0,0,0.111312813484419,0.771515614164306,0.115981264645892,0.00119256684872521,0,0,0.409217180830547,148,52.61,-128.52,"SC","WC"
"Mussel-Kynoch","Chum",1982,271949,102654,0,0,0.210276185424473,0.7517873182104,0.0366875168322002,0.0012493069612317,0,0,0.974250438645108,148,52.61,-128.52,"SC","WC"
"Mussel-Kynoch","Chum",1983,201787,47073,0,0,0.425478289186122,0.493812992511906,0.0798071467438438,0.000901527208888581,0,0,1.45551309738136,148,52.61,-128.52,"SC","WC"
"Mussel-Kynoch","Chum",1984,211502,47776,0,0,0.197846942865788,0.76044953948426,0.0407695469640949,0.000934227412979546,0,0,1.48771103334962,148,52.61,-128.52,"SC","WC"
"Mussel-Kynoch","Chum",1985,163283,123536,0,0,0.413649053667559,0.527423291647018,0.0573593809582137,0.0015694436567187,0,0,0.27895228011274,148,52.61,-128.52,"SC","WC"
"Mussel-Kynoch","Chum",1986,141913,171672,0,0,0.254839193167645,0.659133155031604,0.085593909014678,0.000430497132257087,0,0,-0.19037148569194,148,52.61,-128.52,"SC","WC"
"Mussel-Kynoch","Chum",1987,163558,80879,0,0,0.240166082307194,0.741725418505973,0.0177051248731337,0.000401795965467907,0,0,0.704213456853353,148,52.61,-128.52,"SC","WC"
"Mussel-Kynoch","Chum",1988,83192,120949,0,0,0.612380728315223,0.347647517309357,0.0374433018799885,0.00253053708289259,0,0,-0.374217779784637,148,52.61,-128.52,"SC","WC"
"Mussel-Kynoch","Chum",1989,53569,110953,0,0,0.226722846049021,0.580753822733297,0.18627693072486,0.006243370764808,0,0,-0.728136145665722,148,52.61,-128.52,"SC","WC"
"Mussel-Kynoch","Chum",1990,128755,87334,0,0,0.101468126053357,0.774031119257505,0.123125187293697,0.00137790037746107,0,0,0.388171525089607,148,52.61,-128.52,"SC","WC"
"Mussel-Kynoch","Chum",1991,208749,130686,0,0,0.200487013925815,0.758466695888364,0.0402843035990592,0.000763590542230142,0,0,0.468335073939183,148,52.61,-128.52,"SC","WC"
"Mussel-Kynoch","Chum",1992,158531,29698,0,0,0.419406200427677,0.529780509742574,0.0476594566677811,0.00315135833054734,0,0,1.6748704543157,148,52.61,-128.52,"SC","WC"
"Mussel-Kynoch","Chum",1993,134640,37148,0,0,0.261953496360665,0.560452866830065,0.175879906491384,0.00171713451871658,0,0,1.28769461596879,148,52.61,-128.52,"SC","WC"
"Mussel-Kynoch","Chum",1994,279357,98344,0,0,0.11343361329768,0.846604714755671,0.0392280938011219,0.000734806103659475,0,0,1.04401899739692,148,52.61,-128.52,"SC","WC"
"Mussel-Kynoch","Chum",1995,218910,191371,0,0,0.453693718468777,0.499966694075191,0.0444472661870175,0.00189129830112832,0,0,0.13444673405788,148,52.61,-128.52,"SC","WC"
"Mussel-Kynoch","Chum",1996,163104,109279,0,0,0.281792992937022,0.595793766369924,0.12032042666029,0.00209410968032666,0,0,0.400483789182291,148,52.61,-128.52,"SC","WC"
"Mussel-Kynoch","Chum",1997,253622,101673,0,0,0.160902121543084,0.772799734250183,0.0638344990970815,0.00246237178241635,0,0,0.914083188508071,148,52.61,-128.52,"SC","WC"
"Mussel-Kynoch","Chum",1998,274033,267973,0,0,0.300357961559374,0.590050828549846,0.108022947966121,0.00156787998598709,0,0,0.0223623079252524,148,52.61,-128.52,"SC","WC"
"Mussel-Kynoch","Chum",1999,384354,131791,0,0,0.17666438715351,0.769196672858875,0.0529861809165509,0.00115193735670762,0,0,1.07034666846581,148,52.61,-128.52,"SC","WC"
"Mussel-Kynoch","Chum",2000,348732,127259,0,0,0.356012402647305,0.583246491001686,0.0601792552447151,0.000561744210740626,0,0,1.00807933905524,148,52.61,-128.52,"SC","WC"
"Mussel-Kynoch","Chum",2001,304394,210025,0,0,0.280605367418543,0.688576875036959,0.0305051145357661,0.000314268816665243,0,0,0.371096343635656,148,52.61,-128.52,"SC","WC"
"Mussel-Kynoch","Chum",2002,185338,159258,0,0,0.474910941523055,0.500373368818051,0.0244653395364146,0.000249840933969289,0,0,0.15165565645226,148,52.61,-128.52,"SC","WC"
"Mussel-Kynoch","Chum",2003,86479,252608,0,0,0.450335441089744,0.523666717584616,0.0253802414574637,0.000620014345679298,0,0,-1.07193727014354,148,52.61,-128.52,"SC","WC"
"Mussel-Kynoch","Chum",2004,43536,177076,0,0,0.436822734977949,0.503509647188534,0.0583770593761485,0.00128941030733186,0,0,-1.40299083690743,148,52.61,-128.52,"SC","WC"
"Mussel-Kynoch","Chum",2005,37618,178261,0,0,0.244708325269818,0.674753193418045,0.0707330363655697,0.00981272387952576,0,0,-1.55576610922169,148,52.61,-128.52,"SC","WC"
"Mussel-Kynoch","Chum",2006,54917,121739,0,0,0.194098407779012,0.483906115774715,0.318608103501648,0.00339188421800171,0,0,-0.796056454306183,148,52.61,-128.52,"SC","WC"
"Mussel-Kynoch","Chum",2007,194939,60726,0,0,0.0572476031476513,0.896426734516951,0.0452926187525328,0.00103099598028101,0,0,1.16631474667756,148,52.61,-128.52,"SC","WC"
"Mussel-Kynoch","Chum",2008,171221,31700,0,0,0.428592563529006,0.515014015804136,0.0556387056844663,0.000754214095817686,0,0,1.68663843885325,148,52.61,-128.52,"SC","WC"
"Mussel-Kynoch","Chum",2009,138467,33622,0,0,0.267434801071736,0.687128048271429,0.0442062558443528,0.00122952529700217,0,0,1.41545141547839,148,52.61,-128.52,"SC","WC"
"Mussel-Kynoch","Chum",2010,109266,38734,0,0,0.36566807149525,0.559493290685117,0.0738545146431644,0.000988028950451193,0,0,1.0370675090362,148,52.61,-128.52,"SC","WC"
"Mussel-Kynoch","Chum",2011,111442,207553,0,0,0.230366411137632,0.723207810071607,0.0459181263706681,0.000506868161465157,0,0,-0.621882452555184,148,52.61,-128.52,"SC","WC"
"Mussel-Kynoch","Chum",2012,87671,108092,0,0,0.386050546246763,0.582944230133111,0.0305398072110504,0.000463948391828541,0,0,-0.209391544410356,148,52.61,-128.52,"SC","WC"
"Mussel-Kynoch","Chum",2013,50177,119398,0,0,0.427726741136377,0.53292669031628,0.038423708910457,0.000931884444865177,0,0,-0.866905696023167,148,52.61,-128.52,"SC","WC"
"Mussel-Kynoch","Chum",2014,32708,75159,0,0,0.343325689433778,0.588707946985447,0.0677627632077779,0.000216200004494313,0,0,-0.831986173207581,148,52.61,-128.52,"SC","WC"
"Mussel-Kynoch","Chum",2015,30557,59110,0,0,0,0,0,0,0,0,-0.659806322895974,148,52.61,-128.52,"SC","WC"
"Hecate Lowlands","Chum",1954,590819,317836,0,0,0.39608968990503,0.599477189968501,0.00362229673893358,0.000810126009488524,0,0,0.619974183444704,147,53.42,-129.25,"SC","WC"
"Hecate Lowlands","Chum",1955,205993,102379,0,0,0.775346456918439,0.106942528629614,0.116759071424757,0.00095433589053997,0,0,0.69916057418069,147,53.42,-129.25,"SC","WC"
"Hecate Lowlands","Chum",1956,267833,96632,0,0,0.0370902686039435,0.924364891928926,0.0368829542364085,0.00166363411118122,0,0,1.01945370265063,147,53.42,-129.25,"SC","WC"
"Hecate Lowlands","Chum",1957,236011,313302,0,0,0.473038442699705,0.430845909300838,0.0948693060069234,0.00124737179241646,0,0,-0.283289167486725,147,53.42,-129.25,"SC","WC"
"Hecate Lowlands","Chum",1958,292014,219751,0,0,0.157026047278555,0.789257519844939,0.0506594600601341,0.00305643899059634,0,0,0.284306659143783,147,53.42,-129.25,"SC","WC"
"Hecate Lowlands","Chum",1959,301273,20270,0,0,0.344971599844659,0.505438652982511,0.148865910685657,0.000724610991359996,0,0,2.69887486997427,147,53.42,-129.25,"SC","WC"
"Hecate Lowlands","Chum",1960,541566,174546,0,0,0.12679391894986,0.852449210253229,0.0202558188475643,0.000500891549321782,0,0,1.13227662545177,147,53.42,-129.25,"SC","WC"
"Hecate Lowlands","Chum",1961,334951,90171,0,0,0.621526683007365,0.337119869473445,0.0406958274493881,0.000657683891673707,0,0,1.3122763848567,147,53.42,-129.25,"SC","WC"
"Hecate Lowlands","Chum",1962,202827,196452,0,0,0.251050456152287,0.691782908587121,0.0545768898125003,0.00259013418331879,0,0,0.0319352722896744,147,53.42,-129.25,"SC","WC"
"Hecate Lowlands","Chum",1963,203772,120056,0,0,0.310507604086921,0.559183663604421,0.129550647684667,0.000760238823783444,0,0,0.529043421158476,147,53.42,-129.25,"SC","WC"
"Hecate Lowlands","Chum",1964,331445,316082,0,0,0.155027471707221,0.819855015764305,0.023486545656142,0.00163070491966993,0,0,0.0474602097469201,147,53.42,-129.25,"SC","WC"
"Hecate Lowlands","Chum",1965,230112,92299,0,0,0.532513247027534,0.348221662451328,0.118027620680364,0.00123649607669309,0,0,0.913532839706154,147,53.42,-129.25,"SC","WC"
"Hecate Lowlands","Chum",1966,330476,106039,0,0,0.109339297528414,0.845955322625546,0.0432641475023905,0.00144014089706968,0,0,1.13672708843565,147,53.42,-129.25,"SC","WC"
"Hecate Lowlands","Chum",1967,297719,102779,0,0,0.423449821475956,0.494340232568294,0.0803293815980841,0.00188141476190636,0,0,1.063569036628,147,53.42,-129.25,"SC","WC"
"Hecate Lowlands","Chum",1968,340849,162700,0,0,0.194711515979217,0.72224307127203,0.0825781483882892,0.000466718880501336,0,0,0.739531549737633,147,53.42,-129.25,"SC","WC"
"Hecate Lowlands","Chum",1969,408916,57994,0,0,0.271476635054632,0.708528777548445,0.0195487663701102,0.000444839880806816,0,0,1.95317019905713,147,53.42,-129.25,"SC","WC"
"Hecate Lowlands","Chum",1970,222159,134960,0,0,0.588096831098447,0.370385504436012,0.0411443280218222,0.000374633971254822,0,0,0.498414903490348,147,53.42,-129.25,"SC","WC"
"Hecate Lowlands","Chum",1971,135656,103593,0,0,0.273526897446482,0.693584392286371,0.0308296168101669,0.00205841846729964,0,0,0.269652509629802,147,53.42,-129.25,"SC","WC"
"Hecate Lowlands","Chum",1972,99852,125555,0,0,0.424915627528743,0.43113650733085,0.140524476024516,0.00342283265332692,0,0,-0.229054819875323,147,53.42,-129.25,"SC","WC"
"Hecate Lowlands","Chum",1973,181247,183181,0,0,0.107107995939243,0.796897288782711,0.0947562082682748,0.00124108581935149,0,0,-0.0106139931975323,147,53.42,-129.25,"SC","WC"
"Hecate Lowlands","Chum",1974,253462,60537,0,0,0.2569694362074,0.697477297977606,0.0445959940346087,0.000956346456668061,0,0,1.43195916206238,147,53.42,-129.25,"SC","WC"
"Hecate Lowlands","Chum",1975,208489,89828,0,0,0.382367472768348,0.558071691552072,0.0584226201382327,0.00113706129819799,0,0,0.841989551337055,147,53.42,-129.25,"SC","WC"
"Hecate Lowlands","Chum",1976,190077,44475,0,0,0.276035363300136,0.659627937099176,0.0626719952440327,0.00166632391031003,0,0,1.45250201966955,147,53.42,-129.25,"SC","WC"
"Hecate Lowlands","Chum",1977,195318,108475,0,0,0.289472621673374,0.627805700447475,0.081485961150534,0.00123811464739553,0,0,0.588109267849821,147,53.42,-129.25,"SC","WC"
"Hecate Lowlands","Chum",1978,231551,111804,0,0,0.238804230212783,0.707526699949471,0.0524798440084474,0.00118813221493321,0,0,0.728052813382805,147,53.42,-129.25,"SC","WC"
"Hecate Lowlands","Chum",1979,213273,91316,0,0,0.346397516328837,0.586499642242572,0.0648203871094794,0.00228112601735803,0,0,0.848247016499245,147,53.42,-129.25,"SC","WC"
"Hecate Lowlands","Chum",1980,223681,60249,0,0,0.252171317143611,0.636184137231146,0.109292944416379,0.00235129347642401,0,0,1.31173495498519,147,53.42,-129.25,"SC","WC"
"Hecate Lowlands","Chum",1981,342517,82515,0,0,0.187348816204743,0.734688976605541,0.07715958253167,0.000803883005807011,0,0,1.42334119651147,147,53.42,-129.25,"SC","WC"
"Hecate Lowlands","Chum",1982,399746,111993,0,0,0.283872081021449,0.68053788530717,0.034612017806307,0.000977945659493779,0,0,1.2723929760682,147,53.42,-129.25,"SC","WC"
"Hecate Lowlands","Chum",1983,285032,86066,0,0,0.430391778817817,0.499668369516405,0.068919369579556,0.00102112512419658,0,0,1.19748701088635,147,53.42,-129.25,"SC","WC"
"Hecate Lowlands","Chum",1984,281523,95607,0,0,0.22813018346636,0.718266262436817,0.0519511022545227,0.0016523850381674,0,0,1.07996811025894,147,53.42,-129.25,"SC","WC"
"Hecate Lowlands","Chum",1985,265350,177644,0,0,0.343638180327869,0.567353828151498,0.0880931439608065,0.000915577960429621,0,0,0.401268161652492,147,53.42,-129.25,"SC","WC"
"Hecate Lowlands","Chum",1986,320892,165520,0,0,0.211560870074667,0.749836790259651,0.0380444752128442,0.000557492800693068,0,0,0.66201258448307,147,53.42,-129.25,"SC","WC"
"Hecate Lowlands","Chum",1987,243375,93612,0,0,0.445831575552131,0.516343788392399,0.036936713865434,0.000889213163225475,0,0,0.955444883298187,147,53.42,-129.25,"SC","WC"
"Hecate Lowlands","Chum",1988,160345,137354,0,0,0.353411479622065,0.577089577660669,0.0678207349777043,0.00167935647198229,0,0,0.154766209066655,147,53.42,-129.25,"SC","WC"
"Hecate Lowlands","Chum",1989,167569,123090,0,0,0.249015355167125,0.668018775549177,0.0807496600206482,0.00221571674474396,0,0,0.308479411617314,147,53.42,-129.25,"SC","WC"
"Hecate Lowlands","Chum",1990,208765,167413,0,0,0.24179416166503,0.667177088592437,0.0893688756257035,0.0016613953804517,0,0,0.220745404093261,147,53.42,-129.25,"SC","WC"
"Hecate Lowlands","Chum",1991,272502,87061,0,0,0.230489036594227,0.70475590417685,0.0639583218838761,0.000797962765410896,0,0,1.14103693113646,147,53.42,-129.25,"SC","WC"
"Hecate Lowlands","Chum",1992,277419,48539,0,0,0.31217158406598,0.646688273333838,0.0393869348891028,0.00175347691722629,0,0,1.74316140016535,147,53.42,-129.25,"SC","WC"
"Hecate Lowlands","Chum",1993,217927,72527,0,0,0.371228491375552,0.516109412785015,0.112166012472066,0.000496053724871173,0,0,1.10020123799991,147,53.42,-129.25,"SC","WC"
"Hecate Lowlands","Chum",1994,307886,71838,0,0,0.164734298863865,0.817234727139266,0.0176435462508851,0.000388975164508942,0,0,1.45531600062572,147,53.42,-129.25,"SC","WC"
"Hecate Lowlands","Chum",1995,175576,123601,0,0,0.646238394769217,0.318474822470041,0.0342754156547592,0.00101307688750171,0,0,0.351013361994809,147,53.42,-129.25,"SC","WC"
"Hecate Lowlands","Chum",1996,96353,125002,0,0,0.261695446950277,0.642905398897803,0.0927637683829253,0.00263299886147811,0,0,-0.26031120631708,147,53.42,-129.25,"SC","WC"
"Hecate Lowlands","Chum",1997,132923,104523,0,0,0.21015190568976,0.692162271089277,0.0959073395875808,0.00178094267433025,0,0,0.240362870317451,147,53.42,-129.25,"SC","WC"
"Hecate Lowlands","Chum",1998,184892,275999,0,0,0.22439392239794,0.709738380784458,0.0643380688185535,0.00153148428487982,0,0,-0.40062537169574,147,53.42,-129.25,"SC","WC"
"Hecate Lowlands","Chum",1999,196000,67194,0,0,0.3019127775,0.624733080612245,0.0725956603061225,0.000757357614795918,0,0,1.07053070140191,147,53.42,-129.25,"SC","WC"
"Hecate Lowlands","Chum",2000,209327,54349,0,0,0.263782802552944,0.699690399709545,0.0356342714795511,0.000891474730923388,0,0,1.34847140843141,147,53.42,-129.25,"SC","WC"
"Hecate Lowlands","Chum",2001,152289,88559,0,0,0.433694368076486,0.504183968178923,0.061574631017342,0.000545045921832831,0,0,0.542111034865665,147,53.42,-129.25,"SC","WC"
"Hecate Lowlands","Chum",2002,135421,118472,0,0,0.255677613294836,0.712768945436823,0.0308000682612003,0.000756343511715318,0,0,0.133711798728646,147,53.42,-129.25,"SC","WC"
"Hecate Lowlands","Chum",2003,91791,128379,0,0,0.474193763658746,0.467737324901134,0.0560713570502555,0.00200076462725104,0,0,-0.335472572873402,147,53.42,-129.25,"SC","WC"
"Hecate Lowlands","Chum",2004,81692,144563,0,0,0.236997493634628,0.64852403013759,0.112967271483132,0.00151028047299613,0,0,-0.570759320842395,147,53.42,-129.25,"SC","WC"
"Hecate Lowlands","Chum",2005,125241,84577,0,0,0.190756887680552,0.758490375915235,0.0495024479044402,0.00124637068212486,0,0,0.392577519058577,147,53.42,-129.25,"SC","WC"
"Hecate Lowlands","Chum",2006,114613,112007,0,0,0.373752300088123,0.556805805711394,0.0684377837330844,0.00100087121792467,0,0,0.022999866550355,147,53.42,-129.25,"SC","WC"
"Hecate Lowlands","Chum",2007,115414,57780,0,0,0.249344788413884,0.699577378394302,0.0499447281785572,0.0011339286343078,0,0,0.691882968835291,147,53.42,-129.25,"SC","WC"
"Hecate Lowlands","Chum",2008,102413,74906,0,0,0.355516953414117,0.579371985587767,0.064213330114341,0.000900766018376573,0,0,0.312779663548668,147,53.42,-129.25,"SC","WC"
"Hecate Lowlands","Chum",2009,99292,123418,0,0,0.269475616766708,0.681758334609032,0.0466862390625629,0.00207712704548201,0,0,-0.217511964074538,147,53.42,-129.25,"SC","WC"
"Hecate Lowlands","Chum",2010,88677,88513,0,0,0.344234881423593,0.538092066826798,0.116869824757265,0.000799663943976454,0,0,0.00185112079497554,147,53.42,-129.25,"SC","WC"
"Hecate Lowlands","Chum",2011,131867,114151,0,0,0.16317461942715,0.808987278849143,0.0270220595600112,0.000812414440307279,0,0,0.144271705542706,147,53.42,-129.25,"SC","WC"
"Hecate Lowlands","Chum",2012,90266,74894,0,0,0.532935651186493,0.406344895309419,0.0596383512729045,0.00107578702656593,0,0,0.186687086312992,147,53.42,-129.25,"SC","WC"
"Hecate Lowlands","Chum",2013,76871,83848,0,0,0.215167972967699,0.7208613302806,0.0634781170402362,0.000497141780385321,0,0,-0.0868769436152581,147,53.42,-129.25,"SC","WC"
"Hecate Lowlands","Chum",2014,77156,61668,0,0,0.323866261729483,0.651000459847582,0.0248890978796205,0.00025029256078594,0,0,0.224064188563901,147,53.42,-129.25,"SC","WC"
"Hecate Lowlands","Chum",2015,43448,92145,0,0,0.521317570889339,0.454960302200331,0.0223348953737801,0.00138134175174922,0,0,-0.751798602551456,147,53.42,-129.25,"SC","WC"
"Hecate Lowlands","Chum",2016,21919,40571,0,0,0,0,0,0,0,0,-0.615699685068603,147,53.42,-129.25,"SC","WC"
"Douglas-Gardner","Chum",1954,325813,123741,0,0,0.11864686657684,0.860378886355056,0.0204447705002563,0.000530881155448064,0,0,0.968132925620807,149,53.96,-128.68,"SC","WC"
"Douglas-Gardner","Chum",1955,144193,71314,0,0,0.564946120546767,0.307877360898241,0.126353526800885,0.000820503580617644,0,0,0.704060018401623,149,53.96,-128.68,"SC","WC"
"Douglas-Gardner","Chum",1956,147161,49971,0,0,0.0876641967640883,0.825106674322681,0.084683296525574,0.00254898655893885,0,0,1.08008438837522,149,53.96,-128.68,"SC","WC"
"Douglas-Gardner","Chum",1957,158164,93125,0,0,0.223094182620571,0.525114645051971,0.249814972370451,0.00197459360284262,0,0,0.529689792687544,149,53.96,-128.68,"SC","WC"
"Douglas-Gardner","Chum",1958,320646,189723,0,0,0.0752712276466883,0.821242773962563,0.102594804176569,0.0008897263602228,0,0,0.524772597195134,149,53.96,-128.68,"SC","WC"
"Douglas-Gardner","Chum",1959,326098,37175,0,0,0.234661751528682,0.672317386184521,0.0921509839986752,0.000870862481523959,0,0,2.17156145734224,149,53.96,-128.68,"SC","WC"
"Douglas-Gardner","Chum",1960,294727,110888,0,0,0.21617009300132,0.679515665005242,0.101494759862517,0.00281856312078635,0,0,0.977528821231051,149,53.96,-128.68,"SC","WC"
"Douglas-Gardner","Chum",1961,345535,58179,0,0,0.168430371742371,0.576956118772339,0.253233683331645,0.0013800357714848,0,0,1.78156947565497,149,53.96,-128.68,"SC","WC"
"Douglas-Gardner","Chum",1962,692354,240921,0,0,0.0836757623267866,0.842280206946158,0.0725470923111587,0.0014963183183747,0,0,1.0556283065864,149,53.96,-128.68,"SC","WC"
"Douglas-Gardner","Chum",1963,613459,181838,0,0,0.276243656381274,0.545674875582557,0.177882196691221,0.000198733323987422,0,0,1.21599725144827,149,53.96,-128.68,"SC","WC"
"Douglas-Gardner","Chum",1964,837619,183243,0,0,0.11613577856997,0.868245998479022,0.0153311787340068,0.000287263762880259,0,0,1.51975020230199,149,53.96,-128.68,"SC","WC"
"Douglas-Gardner","Chum",1965,322383,152694,0,0,0.655556659315162,0.265473526364604,0.0786178314923554,0.000353254767776216,0,0,0.747304360991924,149,53.96,-128.68,"SC","WC"
"Douglas-Gardner","Chum",1966,206531,574084,0,0,0.120420703090577,0.817860491645322,0.0580818906120631,0.00363807184442045,0,0,-1.02232520487669,149,53.96,-128.68,"SC","WC"
"Douglas-Gardner","Chum",1967,208644,415676,0,0,0.23526191742873,0.383169891873239,0.37932934999329,0.00224042972191867,0,0,-0.689276660315523,149,53.96,-128.68,"SC","WC"
"Douglas-Gardner","Chum",1968,600443,721249,0,0,0.0386917653965489,0.878459704751325,0.0820032882221959,0.000844807710307223,0,0,-0.183316715224032,149,53.96,-128.68,"SC","WC"
"Douglas-Gardner","Chum",1969,534947,77807,0,0,0.286533846717525,0.613427979968109,0.0998814242719372,0.000156950512256354,0,0,1.92793627513818,149,53.96,-128.68,"SC","WC"
"Douglas-Gardner","Chum",1970,460384,77488,0,0,0.207131986884861,0.773475470259609,0.0192096344182248,0.000182375022872211,0,0,1.78193783819375,149,53.96,-128.68,"SC","WC"
"Douglas-Gardner","Chum",1971,171385,71556,0,0,0.603791526096216,0.343904451323045,0.0516034336727252,0.000700658064007935,0,0,0.873432127819321,149,53.96,-128.68,"SC","WC"
"Douglas-Gardner","Chum",1972,89150,344398,0,0,0.192124306898486,0.661152045541223,0.141880729893438,0.00484750580931015,0,0,-1.35147762102664,149,53.96,-128.68,"SC","WC"
"Douglas-Gardner","Chum",1973,147126,346966,0,0,0.116419658523986,0.572963053301252,0.309396991150442,0.00122360977053682,0,0,-0.857937429938588,149,53.96,-128.68,"SC","WC"
"Douglas-Gardner","Chum",1974,347115,352373,0,0,0.0705725352981001,0.873983867882402,0.0546291961741786,0.000815165166875531,0,0,-0.0150341365008744,149,53.96,-128.68,"SC","WC"
"Douglas-Gardner","Chum",1975,244481,75671,0,0,0.360599184231085,0.516921222508089,0.121910106143218,0.000568997356849817,0,0,1.17274260038796,149,53.96,-128.68,"SC","WC"
"Douglas-Gardner","Chum",1976,250221,75023,0,0,0.146770500717366,0.793838854452664,0.0585595100730954,0.000831762511939446,0,0,1.204549794174,149,53.96,-128.68,"SC","WC"
"Douglas-Gardner","Chum",1977,177351,83805,0,0,0.325473414979335,0.550628685600871,0.123610477527615,0.000287900783982047,0,0,0.749638148192316,149,53.96,-128.68,"SC","WC"
"Douglas-Gardner","Chum",1978,179993,262421,0,0,0.157663046451806,0.811716912324368,0.0298804202607879,0.000742350448072981,0,0,-0.377032123110341,149,53.96,-128.68,"SC","WC"
"Douglas-Gardner","Chum",1979,92686,108287,0,0,0.458077673974495,0.386722518395443,0.151850518201239,0.00334799052931403,0,0,-0.155567673512299,149,53.96,-128.68,"SC","WC"
"Douglas-Gardner","Chum",1980,137325,118494,0,0,0.0758502556708538,0.68304936959767,0.238020619406517,0.0030791144540324,0,0,0.14748805284678,149,53.96,-128.68,"SC","WC"
"Douglas-Gardner","Chum",1981,289800,80864,0,0,0.0940581379227053,0.751687090752243,0.153689036128364,0.000566970884057971,0,0,1.2764222986808,149,53.96,-128.68,"SC","WC"
"Douglas-Gardner","Chum",1982,378642,126120,0,0,0.167185936689538,0.783941700867838,0.0457084169743452,0.00316477475029183,0,0,1.0993573329693,149,53.96,-128.68,"SC","WC"
"Douglas-Gardner","Chum",1983,328188,23615,0,0,0.262834826562824,0.35145809657879,0.384604818274891,0.00110254189641303,0,0,2.63170451156817,149,53.96,-128.68,"SC","WC"
"Douglas-Gardner","Chum",1984,913500,114251,0,0,0.0366927915489874,0.920873871592775,0.0417229564969896,0.000710796310563766,0,0,2.07888559334682,149,53.96,-128.68,"SC","WC"
"Douglas-Gardner","Chum",1985,567123,213268,0,0,0.431046871137302,0.447896481010292,0.120598604870548,0.000457537234956085,0,0,0.978026620637009,149,53.96,-128.68,"SC","WC"
"Douglas-Gardner","Chum",1986,557166,292683,0,0,0.132483977934763,0.818099678731294,0.0490551858333064,0.000360649485252151,0,0,0.643773108595467,149,53.96,-128.68,"SC","WC"
"Douglas-Gardner","Chum",1987,335978,99866,0,0,0.394251217936889,0.542163124668877,0.0629977313990797,0.000588908993743638,0,0,1.21321639424382,149,53.96,-128.68,"SC","WC"
"Douglas-Gardner","Chum",1988,215333,570249,0,0,0.245823433519247,0.655083173503365,0.0967863839262909,0.00230484898459595,0,0,-0.973887440420447,149,53.96,-128.68,"SC","WC"
"Douglas-Gardner","Chum",1989,232720,353221,0,0,0.17614340293056,0.596846197146786,0.224639014910622,0.00237298566302853,0,0,-0.417257909174038,149,53.96,-128.68,"SC","WC"
"Douglas-Gardner","Chum",1990,447129,453760,0,0,0.0902726842589052,0.779215064556314,0.130095361450499,0.000416514629782457,0,0,-0.0147212803203707,149,53.96,-128.68,"SC","WC"
"Douglas-Gardner","Chum",1991,508653,194212,0,0,0.199049744128119,0.762156792351564,0.038566241484863,0.000227655006654831,0,0,0.962815709272343,149,53.96,-128.68,"SC","WC"
"Douglas-Gardner","Chum",1992,257376,144020,0,0,0.437714509511376,0.507963098734925,0.0473910790438891,0.00693172893743006,0,0,0.580585871900938,149,53.96,-128.68,"SC","WC"
"Douglas-Gardner","Chum",1993,307412,183787,0,0,0.123586903146266,0.264432671138407,0.611300329525197,0.000678561559730915,0,0,0.514411389060949,149,53.96,-128.68,"SC","WC"
"Douglas-Gardner","Chum",1994,1298174,384346,0,0,0.0181968442134876,0.96474785968599,0.01692555782969,0.000129844356765734,0,0,1.21717075210808,149,53.96,-128.68,"SC","WC"
"Douglas-Gardner","Chum",1995,528389,516271,0,0,0.688788706805024,0.27713629977157,0.0336022258222635,0.000472301564188505,0,0,0.0232009334550109,149,53.96,-128.68,"SC","WC"
"Douglas-Gardner","Chum",1996,188434,158786,0,0,0.225829654414808,0.627962675525648,0.139501768205313,0.00670580128320791,0,0,0.171190429233792,149,53.96,-128.68,"SC","WC"
"Douglas-Gardner","Chum",1997,344130,105816,0,0,0.0999225754220789,0.509081985586842,0.386770409438294,0.00422547925202685,0,0,1.17931775623754,149,53.96,-128.68,"SC","WC"
"Douglas-Gardner","Chum",1998,1091821,1146392,0,0,0.0466285462910129,0.812448078119032,0.140285534991542,0.000637819336777732,0,0,-0.0487726746678756,149,53.96,-128.68,"SC","WC"
"Douglas-Gardner","Chum",1999,1352426,162436,0,0,0.190601626706378,0.754782998108584,0.0542377220786941,0.000377623913175287,0,0,2.11937121769209,149,53.96,-128.68,"SC","WC"
"Douglas-Gardner","Chum",2000,839747,140225,0,0,0.353248408985087,0.58215385276756,0.0640605062834401,0.000537266839774361,0,0,1.78985238059981,149,53.96,-128.68,"SC","WC"
"Douglas-Gardner","Chum",2001,548217,167955,0,0,0.259135428853903,0.653969679342304,0.0866865715218609,0.000208788875390584,0,0,1.18297510758768,149,53.96,-128.68,"SC","WC"
"Douglas-Gardner","Chum",2002,432984,803495,0,0,0.240619776481348,0.731482198649373,0.0278454238955712,5.3568722539401e-05,0,0,-0.618270186564236,149,53.96,-128.68,"SC","WC"
"Douglas-Gardner","Chum",2003,174939,663756,0,0,0.526116624937836,0.459314680431465,0.0139656877025706,0.000604466184784411,0,0,-1.33347727033351,149,53.96,-128.68,"SC","WC"
"Douglas-Gardner","Chum",2004,50795,392041,0,0,0.459694234275027,0.320552586475047,0.219282267349149,0.000480667975391279,0,0,-2.04356850161434,149,53.96,-128.68,"SC","WC"
"Douglas-Gardner","Chum",2005,81801,147367,0,0,0.0578435172063911,0.907480181415875,0.0314393361817093,0.00323178673732595,0,0,-0.588636605620367,149,53.96,-128.68,"SC","WC"
"Douglas-Gardner","Chum",2006,66929,365796,0,0,0.322310520252805,0.256087823215646,0.416056967084522,0.00554317590431651,0,0,-1.69844344494204,149,53.96,-128.68,"SC","WC"
"Douglas-Gardner","Chum",2007,229688,93833,0,0,0.0216849294695413,0.807979074222424,0.170137684641775,0.000198630132919439,0,0,0.895205259768078,149,53.96,-128.68,"SC","WC"
"Douglas-Gardner","Chum",2008,319241,21134,0,0,0.168932345532059,0.815814549196375,0.0150532614545124,0.000201113321973055,0,0,2.71506318542361,149,53.96,-128.68,"SC","WC"
"Douglas-Gardner","Chum",2009,115240,80214,0,0,0.656749747396737,0.277918400728914,0.0586843205310656,0.00664567281499479,0,0,0.362318846987287,149,53.96,-128.68,"SC","WC"
"Douglas-Gardner","Chum",2010,135427,23801,0,0,0.0687239872920466,0.332806160145318,0.595665950216722,0.00280355971113589,0,0,1.73870515315539,149,53.96,-128.68,"SC","WC"
"Douglas-Gardner","Chum",2011,590789,250211,0,0,0.0221695699818378,0.910011576552712,0.0676937379165827,0.000124467312390718,0,0,0.859154369767433,149,53.96,-128.68,"SC","WC"
"Douglas-Gardner","Chum",2012,430576,358415,0,0,0.362846179071755,0.619016693916986,0.0179888632970718,0.000148500450861172,0,0,0.183432314291324,149,53.96,-128.68,"SC","WC"
"Douglas-Gardner","Chum",2013,135973,46186,0,0,0.569629609701926,0.379640157604819,0.0495325560295059,0.00119906218587514,0,0,1.07977961475301,149,53.96,-128.68,"SC","WC"
"Douglas-Gardner","Chum",2014,77079,64995,0,0,0.194617463641199,0.582342694508232,0.222804594896145,0.000230751001699555,0,0,0.170520526068036,149,53.96,-128.68,"SC","WC"
"Douglas-Gardner","Chum",2015,129372,537688,0,0,0,0,0,0,0,0,-1.42458649094432,149,53.96,-128.68,"SC","WC"
"Afognak","Chum",1984,83932,10024,0,0,0,0,0,0,0,0,2.12502472959868,127,58.4,-152,"GoA","GOA"
"Afognak","Chum",1985,2236,5114,0,0,0,0,0,0,0,0,-0.827293321576142,127,58.4,-152,"GoA","GOA"
"Afognak","Chum",1986,29609,3612,0,0,0,0,0,0,0,0,2.10381673361426,127,58.4,-152,"GoA","GOA"
"Afognak","Chum",1987,64707,5324,0,0,0,0,0,0,0,0,2.49764448677548,127,58.4,-152,"GoA","GOA"
"Afognak","Chum",1988,38089,1028,0,0,0,0,0,0,0,0,3.61231035950304,127,58.4,-152,"GoA","GOA"
"Afognak","Chum",1989,60195,2236,0,0,0,0,0,0,0,0,3.29290073709414,127,58.4,-152,"GoA","GOA"
"Afognak","Chum",1990,38365,2630,0,0,0,0,0,0,0,0,2.68016173943996,127,58.4,-152,"GoA","GOA"
"Afognak","Chum",1991,92847,25028,0,0,0,0,0,0,0,0,1.31095777896291,127,58.4,-152,"GoA","GOA"
"Afognak","Chum",1992,55460,5230,0,0,0,0,0,0,0,0,2.3612507621108,127,58.4,-152,"GoA","GOA"
"Afognak","Chum",1993,28648,148,0,0,0,0,0,0,0,0,5.26562663791415,127,58.4,-152,"GoA","GOA"
"Afognak","Chum",1994,16491,11074,0,0,0,0,0,0,0,0,0.398214759145858,127,58.4,-152,"GoA","GOA"
"Afognak","Chum",1995,36527,20442,0,0,0,0,0,0,0,0,0.580460105246511,127,58.4,-152,"GoA","GOA"
"Afognak","Chum",1996,45060,5996,0,0,0,0,0,0,0,0,2.01690235476375,127,58.4,-152,"GoA","GOA"
"Afognak","Chum",1997,34052,1472,0,0,0,0,0,0,0,0,3.14126674771513,127,58.4,-152,"GoA","GOA"
"Afognak","Chum",1998,37235,6420,0,0,0,0,0,0,0,0,1.75783106146074,127,58.4,-152,"GoA","GOA"
"Afognak","Chum",1999,88513,10214,0,0,0,0,0,0,0,0,2.15939010565613,127,58.4,-152,"GoA","GOA"
"Afognak","Chum",2000,80143,20136,0,0,0,0,0,0,0,0,1.38130328116397,127,58.4,-152,"GoA","GOA"
"Afognak","Chum",2001,12600,7166,0,0,0,0,0,0,0,0,0.56434919507467,127,58.4,-152,"GoA","GOA"
"Afognak","Chum",2002,35799,2834,0,0,0,0,0,0,0,0,2.53623081878714,127,58.4,-152,"GoA","GOA"
"Afognak","Chum",2003,30694,26302,0,0,0,0,0,0,0,0,0.15442221383313,127,58.4,-152,"GoA","GOA"
"Afognak","Chum",2004,33786,9082,0,0,0,0,0,0,0,0,1.31375208282478,127,58.4,-152,"GoA","GOA"
"Afognak","Chum",2006,38119,22,0,0,0,0,0,0,0,0,7.45742567111715,127,58.4,-152,"GoA","GOA"
"Afognak","Chum",2007,32227,18,0,0,0,0,0,0,0,0,7.49018813160056,127,58.4,-152,"GoA","GOA"
"Afognak","Chum",2008,47136,6002,0,0,0,0,0,0,0,0,2.06094429326204,127,58.4,-152,"GoA","GOA"
"Afognak","Chum",2009,30147,12,0,0,0,0,0,0,0,0,7.82893404492907,127,58.4,-152,"GoA","GOA"
"Afognak","Chum",2010,35242,512,0,0,0,0,0,0,0,0,4.23166920708917,127,58.4,-152,"GoA","GOA"
"Afognak","Chum",2011,45618,328,0,0,0,0,0,0,0,0,4.93504404607235,127,58.4,-152,"GoA","GOA"
"Afognak","Chum",2012,22584,802,0,0,0,0,0,0,0,0,3.33788836206681,127,58.4,-152,"GoA","GOA"
"Afognak","Chum",2013,35430,2802,0,0,0,0,0,0,0,0,2.53722547096257,127,58.4,-152,"GoA","GOA"
"Afognak","Chum",2014,5331,96,0,0,0,0,0,0,0,0,4.01694592535492,127,58.4,-152,"GoA","GOA"
"Afognak","Chum",2015,21953,3258,0,0,0,0,0,0,0,0,1.90779029426193,127,58.4,-152,"GoA","GOA"
"Afognak","Chum",2016,14351,654,0,0,0,0,0,0,0,0,3.08846755371373,127,58.4,-152,"GoA","GOA"
"Afognak","Chum",2017,11875,1000,0,0,0,0,0,0,0,0,2.47443534992071,127,58.4,-152,"GoA","GOA"
"Afognak","Chum",2018,24480,212,0,0,0,0,0,0,0,0,4.74902546195425,127,58.4,-152,"GoA","GOA"
"Afognak","Chum",2019,49122,18,0,0,0,0,0,0,0,0,7.91169052070834,127,58.4,-152,"GoA","GOA"
"Afognak","Chum",2020,7362,68,0,0,0,0,0,0,0,0,4.68457920876286,127,58.4,-152,"GoA","GOA"
"E Kodiak","Chum",1984,460759,307160,0,0,0,0,0,0,0,0,0.405506345266322,124,57.089858,-153.187928,"GoA","GOA"
"E Kodiak","Chum",1985,616126,390142,0,0,0,0,0,0,0,0,0.456940712652954,124,57.089858,-153.187928,"GoA","GOA"
"E Kodiak","Chum",1986,198560,190156,0,0,0,0,0,0,0,0,0.0432465335435594,124,57.089858,-153.187928,"GoA","GOA"
"E Kodiak","Chum",1987,773742,141788,0,0,0,0,0,0,0,0,1.6969055004056,124,57.089858,-153.187928,"GoA","GOA"
"E Kodiak","Chum",1988,343012,172986,0,0,0,0,0,0,0,0,0.68455476560901,124,57.089858,-153.187928,"GoA","GOA"
"E Kodiak","Chum",1989,996338,616126,0,0,0,0,0,0,0,0,0.480635069374112,124,57.089858,-153.187928,"GoA","GOA"
"E Kodiak","Chum",1990,479299,106134,0,0,0,0,0,0,0,0,1.50762217309802,124,57.089858,-153.187928,"GoA","GOA"
"E Kodiak","Chum",1991,521445,439668,0,0,0,0,0,0,0,0,0.170583907229147,124,57.089858,-153.187928,"GoA","GOA"
"E Kodiak","Chum",1992,124937,141436,0,0,0,0,0,0,0,0,-0.124037707694835,124,57.089858,-153.187928,"GoA","GOA"
"E Kodiak","Chum",1993,282749,885444,0,0,0,0,0,0,0,0,-1.14152963581958,124,57.089858,-153.187928,"GoA","GOA"
"E Kodiak","Chum",1994,96828,292540,0,0,0,0,0,0,0,0,-1.10566520080457,124,57.089858,-153.187928,"GoA","GOA"
"E Kodiak","Chum",1995,778725,166012,0,0,0,0,0,0,0,0,1.54559789195719,124,57.089858,-153.187928,"GoA","GOA"
"E Kodiak","Chum",1996,473736,79680,0,0,0,0,0,0,0,0,1.78263159123245,124,57.089858,-153.187928,"GoA","GOA"
"E Kodiak","Chum",1997,312683,118424,0,0,0,0,0,0,0,0,0.970918493168495,124,57.089858,-153.187928,"GoA","GOA"
"E Kodiak","Chum",1998,523148,68788,0,0,0,0,0,0,0,0,2.02883509570248,124,57.089858,-153.187928,"GoA","GOA"
"E Kodiak","Chum",1999,290142,583702,0,0,0,0,0,0,0,0,-0.699020120310597,124,57.089858,-153.187928,"GoA","GOA"
"E Kodiak","Chum",2000,232319,245466,0,0,0,0,0,0,0,0,-0.0550470175524077,124,57.089858,-153.187928,"GoA","GOA"
"E Kodiak","Chum",2001,251668,131748,0,0,0,0,0,0,0,0,0.64721975153953,124,57.089858,-153.187928,"GoA","GOA"
"E Kodiak","Chum",2002,969800,324772,0,0,0,0,0,0,0,0,1.09396646699631,124,57.089858,-153.187928,"GoA","GOA"
"E Kodiak","Chum",2003,438640,194132,0,0,0,0,0,0,0,0,0.81514069103688,124,57.089858,-153.187928,"GoA","GOA"
"E Kodiak","Chum",2004,375441,155812,0,0,0,0,0,0,0,0,0.87945118273059,124,57.089858,-153.187928,"GoA","GOA"
"E Kodiak","Chum",2005,470146,188312,0,0,0,0,0,0,0,0,0.914943123037864,124,57.089858,-153.187928,"GoA","GOA"
"E Kodiak","Chum",2006,274089,705918,0,0,0,0,0,0,0,0,-0.94604621227431,124,57.089858,-153.187928,"GoA","GOA"
"E Kodiak","Chum",2007,426122,251700,0,0,0,0,0,0,0,0,0.526487788104276,124,57.089858,-153.187928,"GoA","GOA"
"E Kodiak","Chum",2008,439546,95892,0,0,0,0,0,0,0,0,1.52251981785932,124,57.089858,-153.187928,"GoA","GOA"
"E Kodiak","Chum",2009,669516,182378,0,0,0,0,0,0,0,0,1.30047360694664,124,57.089858,-153.187928,"GoA","GOA"
"E Kodiak","Chum",2010,205860,171480,0,0,0,0,0,0,0,0,0.182729684368637,124,57.089858,-153.187928,"GoA","GOA"
"E Kodiak","Chum",2011,433404,238260,0,0,0,0,0,0,0,0,0.598307804037784,124,57.089858,-153.187928,"GoA","GOA"
"E Kodiak","Chum",2012,184127,246526,0,0,0,0,0,0,0,0,-0.291841727684083,124,57.089858,-153.187928,"GoA","GOA"
"E Kodiak","Chum",2013,994084,339008,0,0,0,0,0,0,0,0,1.07579800420625,124,57.089858,-153.187928,"GoA","GOA"
"E Kodiak","Chum",2014,236842,131218,0,0,0,0,0,0,0,0,0.590533189925878,124,57.089858,-153.187928,"GoA","GOA"
"E Kodiak","Chum",2015,224463,309786,0,0,0,0,0,0,0,0,-0.322170853607089,124,57.089858,-153.187928,"GoA","GOA"
"E Kodiak","Chum",2016,276564,142670,0,0,0,0,0,0,0,0,0.661907987789631,124,57.089858,-153.187928,"GoA","GOA"
"E Kodiak","Chum",2017,252804,269238,0,0,0,0,0,0,0,0,-0.0629812618658453,124,57.089858,-153.187928,"GoA","GOA"
"E Kodiak","Chum",2018,269085,171668,0,0,0,0,0,0,0,0,0.449464935863409,124,57.089858,-153.187928,"GoA","GOA"
"E Kodiak","Chum",2019,443155,155128,0,0,0,0,0,0,0,0,1.04966901340177,124,57.089858,-153.187928,"GoA","GOA"
"E Kodiak","Chum",2020,124252,93792,0,0,0,0,0,0,0,0,0.281232196898185,124,57.089858,-153.187928,"GoA","GOA"
"NW Kodiak","Chum",1984,914983,173800,0,0,0,0,0,0,0,0,1.66100027303666,125,57.856839,-153.882906,"GoA","GOA"
"NW Kodiak","Chum",1985,820734,165600,0,0,0,0,0,0,0,0,1.60062381987562,125,57.856839,-153.882906,"GoA","GOA"
"NW Kodiak","Chum",1986,245533,423180,0,0,0,0,0,0,0,0,-0.544366262695131,125,57.856839,-153.882906,"GoA","GOA"
"NW Kodiak","Chum",1987,490588,171900,0,0,0,0,0,0,0,0,1.04869175929135,125,57.856839,-153.882906,"GoA","GOA"
"NW Kodiak","Chum",1988,497471,378500,0,0,0,0,0,0,0,0,0.273321190564844,125,57.856839,-153.882906,"GoA","GOA"
"NW Kodiak","Chum",1989,314803,820700,0,0,0,0,0,0,0,0,-0.958210588277598,125,57.856839,-153.882906,"GoA","GOA"
"NW Kodiak","Chum",1990,373238,77760,0,0,0,0,0,0,0,0,1.5685891257168,125,57.856839,-153.882906,"GoA","GOA"
"NW Kodiak","Chum",1991,807265,207006,0,0,0,0,0,0,0,0,1.36090421271742,125,57.856839,-153.882906,"GoA","GOA"
"NW Kodiak","Chum",1992,426597,271498,0,0,0,0,0,0,0,0,0.451885000799366,125,57.856839,-153.882906,"GoA","GOA"
"NW Kodiak","Chum",1993,418050,95800,0,0,0,0,0,0,0,0,1.47333835761925,125,57.856839,-153.882906,"GoA","GOA"
"NW Kodiak","Chum",1994,220912,122300,0,0,0,0,0,0,0,0,0.59128738948067,125,57.856839,-153.882906,"GoA","GOA"
"NW Kodiak","Chum",1995,342109,232600,0,0,0,0,0,0,0,0,0.385809159649991,125,57.856839,-153.882906,"GoA","GOA"
"NW Kodiak","Chum",1996,631553,177604,0,0,0,0,0,0,0,0,1.26862551259946,125,57.856839,-153.882906,"GoA","GOA"
"NW Kodiak","Chum",1997,607501,236320,0,0,0,0,0,0,0,0,0.944167002520814,125,57.856839,-153.882906,"GoA","GOA"
"NW Kodiak","Chum",1998,341563,99500,0,0,0,0,0,0,0,0,1.23337449806617,125,57.856839,-153.882906,"GoA","GOA"
"NW Kodiak","Chum",1999,408236,152600,0,0,0,0,0,0,0,0,0.984025319699411,125,57.856839,-153.882906,"GoA","GOA"
"NW Kodiak","Chum",2000,559439,328800,0,0,0,0,0,0,0,0,0.531484832710201,125,57.856839,-153.882906,"GoA","GOA"
"NW Kodiak","Chum",2001,328754,289800,0,0,0,0,0,0,0,0,0.126118720831751,125,57.856839,-153.882906,"GoA","GOA"
"NW Kodiak","Chum",2002,436942,137260,0,0,0,0,0,0,0,0,1.15792352569448,125,57.856839,-153.882906,"GoA","GOA"
"NW Kodiak","Chum",2003,256626,145800,0,0,0,0,0,0,0,0,0.565383952493431,125,57.856839,-153.882906,"GoA","GOA"
"NW Kodiak","Chum",2004,279871,82400,0,0,0,0,0,0,0,0,1.22274334580667,125,57.856839,-153.882906,"GoA","GOA"
"NW Kodiak","Chum",2005,503813,99300,0,0,0,0,0,0,0,0,1.6240595964249,125,57.856839,-153.882906,"GoA","GOA"
"NW Kodiak","Chum",2006,273731,83600,0,0,0,0,0,0,0,0,1.18610235223863,125,57.856839,-153.882906,"GoA","GOA"
"NW Kodiak","Chum",2007,273870,84020,0,0,0,0,0,0,0,0,1.18159867550386,125,57.856839,-153.882906,"GoA","GOA"
"NW Kodiak","Chum",2008,385498,73000,0,0,0,0,0,0,0,0,1.66407656377409,125,57.856839,-153.882906,"GoA","GOA"
"NW Kodiak","Chum",2009,334023,175000,0,0,0,0,0,0,0,0,0.646423878957738,125,57.856839,-153.882906,"GoA","GOA"
"NW Kodiak","Chum",2010,231079,77000,0,0,0,0,0,0,0,0,1.09895422154439,125,57.856839,-153.882906,"GoA","GOA"
"NW Kodiak","Chum",2011,615575,159100,0,0,0,0,0,0,0,0,1.35302385501012,125,57.856839,-153.882906,"GoA","GOA"
"NW Kodiak","Chum",2012,250137,99600,0,0,0,0,0,0,0,0,0.920846603174527,125,57.856839,-153.882906,"GoA","GOA"
"NW Kodiak","Chum",2013,698637,131800,0,0,0,0,0,0,0,0,1.66784567197083,125,57.856839,-153.882906,"GoA","GOA"
"NW Kodiak","Chum",2014,277689,107000,0,0,0,0,0,0,0,0,0.953672947975202,125,57.856839,-153.882906,"GoA","GOA"
"NW Kodiak","Chum",2015,378578,186600,0,0,0,0,0,0,0,0,0.70745483985162,125,57.856839,-153.882906,"GoA","GOA"
"NW Kodiak","Chum",2016,155654,80800,0,0,0,0,0,0,0,0,0.655658629713304,125,57.856839,-153.882906,"GoA","GOA"
"NW Kodiak","Chum",2017,356013,236800,0,0,0,0,0,0,0,0,0.407751344029388,125,57.856839,-153.882906,"GoA","GOA"
"NW Kodiak","Chum",2018,260447,117000,0,0,0,0,0,0,0,0,0.800225450801477,125,57.856839,-153.882906,"GoA","GOA"
"NW Kodiak","Chum",2019,391899,109000,0,0,0,0,0,0,0,0,1.27965627130184,125,57.856839,-153.882906,"GoA","GOA"
"NW Kodiak","Chum",2020,135207,53600,0,0,0,0,0,0,0,0,0.92525786933975,125,57.856839,-153.882906,"GoA","GOA"
"Alitak","Chum",1984,187567,221044,0,0,0,0,0,0,0,0,-0.164225661808145,123,56.88528,-154.1217,"GoA","GOA"
"Alitak","Chum",1985,126317,106336,0,0,0,0,0,0,0,0,0.172190728284826,123,56.88528,-154.1217,"GoA","GOA"
"Alitak","Chum",1986,83188,53268,0,0,0,0,0,0,0,0,0.445767331015776,123,56.88528,-154.1217,"GoA","GOA"
"Alitak","Chum",1987,362057,130086,0,0,0,0,0,0,0,0,1.023605887797,123,56.88528,-154.1217,"GoA","GOA"
"Alitak","Chum",1988,133343,94166,0,0,0,0,0,0,0,0,0.347865573564567,123,56.88528,-154.1217,"GoA","GOA"
"Alitak","Chum",1989,101123,106398,0,0,0,0,0,0,0,0,-0.050849182058409,123,56.88528,-154.1217,"GoA","GOA"
"Alitak","Chum",1990,250388,32882,0,0,0,0,0,0,0,0,2.03008631916622,123,56.88528,-154.1217,"GoA","GOA"
"Alitak","Chum",1991,238100,279040,0,0,0,0,0,0,0,0,-0.158664387227798,123,56.88528,-154.1217,"GoA","GOA"
"Alitak","Chum",1992,154046,98744,0,0,0,0,0,0,0,0,0.444720616668352,123,56.88528,-154.1217,"GoA","GOA"
"Alitak","Chum",1993,223489,47484,0,0,0,0,0,0,0,0,1.5489693836489,123,56.88528,-154.1217,"GoA","GOA"
"Alitak","Chum",1994,155998,138192,0,0,0,0,0,0,0,0,0.121199164116603,123,56.88528,-154.1217,"GoA","GOA"
"Alitak","Chum",1995,328098,132876,0,0,0,0,0,0,0,0,0.903895981741976,123,56.88528,-154.1217,"GoA","GOA"
"Alitak","Chum",1996,213375,88774,0,0,0,0,0,0,0,0,0.876957366781452,123,56.88528,-154.1217,"GoA","GOA"
"Alitak","Chum",1997,143132,137714,0,0,0,0,0,0,0,0,0.0385882105451922,123,56.88528,-154.1217,"GoA","GOA"
"Alitak","Chum",1998,99688,115444,0,0,0,0,0,0,0,0,-0.1467402552594,123,56.88528,-154.1217,"GoA","GOA"
"Alitak","Chum",1999,171084,249098,0,0,0,0,0,0,0,0,-0.375691729372024,123,56.88528,-154.1217,"GoA","GOA"
"Alitak","Chum",2000,107168,146152,0,0,0,0,0,0,0,0,-0.310249479422475,123,56.88528,-154.1217,"GoA","GOA"
"Alitak","Chum",2001,143623,90572,0,0,0,0,0,0,0,0,0.461046696409383,123,56.88528,-154.1217,"GoA","GOA"
"Alitak","Chum",2002,97373,89490,0,0,0,0,0,0,0,0,0.0844220776324543,123,56.88528,-154.1217,"GoA","GOA"
"Alitak","Chum",2003,119403,139176,0,0,0,0,0,0,0,0,-0.15323499297125,123,56.88528,-154.1217,"GoA","GOA"
"Alitak","Chum",2004,98590,68812,0,0,0,0,0,0,0,0,0.359591688252157,123,56.88528,-154.1217,"GoA","GOA"
"Alitak","Chum",2005,135121,120776,0,0,0,0,0,0,0,0,0.112233083035617,123,56.88528,-154.1217,"GoA","GOA"
"Alitak","Chum",2006,63758,50454,0,0,0,0,0,0,0,0,0.234032636282562,123,56.88528,-154.1217,"GoA","GOA"
"Alitak","Chum",2007,196913,71472,0,0,0,0,0,0,0,0,1.01345624221798,123,56.88528,-154.1217,"GoA","GOA"
"Alitak","Chum",2008,55778,19896,0,0,0,0,0,0,0,0,1.03086081991021,123,56.88528,-154.1217,"GoA","GOA"
"Alitak","Chum",2009,129512,62624,0,0,0,0,0,0,0,0,0.726624949725539,123,56.88528,-154.1217,"GoA","GOA"
"Alitak","Chum",2010,49611,44922,0,0,0,0,0,0,0,0,0.0992849308595658,123,56.88528,-154.1217,"GoA","GOA"
"Alitak","Chum",2011,159096,152214,0,0,0,0,0,0,0,0,0.0442203681786299,123,56.88528,-154.1217,"GoA","GOA"
"Alitak","Chum",2012,41737,28882,0,0,0,0,0,0,0,0,0.368169461859022,123,56.88528,-154.1217,"GoA","GOA"
"Alitak","Chum",2013,335606,95188,0,0,0,0,0,0,0,0,1.2600839694278,123,56.88528,-154.1217,"GoA","GOA"
"Alitak","Chum",2014,94383,36010,0,0,0,0,0,0,0,0,0.963564294527704,123,56.88528,-154.1217,"GoA","GOA"
"Alitak","Chum",2015,52367,106414,0,0,0,0,0,0,0,0,-0.709060525253581,123,56.88528,-154.1217,"GoA","GOA"
"Alitak","Chum",2016,34816,29540,0,0,0,0,0,0,0,0,0.164331774130244,123,56.88528,-154.1217,"GoA","GOA"
"Alitak","Chum",2017,51475,217120,0,0,0,0,0,0,0,0,-1.43935394317271,123,56.88528,-154.1217,"GoA","GOA"
"Alitak","Chum",2018,59748,65080,0,0,0,0,0,0,0,0,-0.0854815649027911,123,56.88528,-154.1217,"GoA","GOA"
"Alitak","Chum",2019,107510,18796,0,0,0,0,0,0,0,0,1.74393978525657,123,56.88528,-154.1217,"GoA","GOA"
"Alitak","Chum",2020,24463,26032,0,0,0,0,0,0,0,0,-0.0621647785152352,123,56.88528,-154.1217,"GoA","GOA"
"SW Kodiak","Chum",1984,158100,344,0,0,0,0,0,0,0,0,6.13034136582417,126,57.264508,-154.613211,"GoA","GOA"
"SW Kodiak","Chum",1985,76777,11928,0,0,0,0,0,0,0,0,1.86201653867168,126,57.264508,-154.613211,"GoA","GOA"
"SW Kodiak","Chum",1986,270189,188402,0,0,0,0,0,0,0,0,0.360543736315479,126,57.264508,-154.613211,"GoA","GOA"
"SW Kodiak","Chum",1987,137293,26172,0,0,0,0,0,0,0,0,1.65742719121838,126,57.264508,-154.613211,"GoA","GOA"
"SW Kodiak","Chum",1988,167740,129384,0,0,0,0,0,0,0,0,0.259630434738788,126,57.264508,-154.613211,"GoA","GOA"
"SW Kodiak","Chum",1989,50002,76758,0,0,0,0,0,0,0,0,-0.428594610934786,126,57.264508,-154.613211,"GoA","GOA"
"SW Kodiak","Chum",1990,218551,237834,0,0,0,0,0,0,0,0,-0.0845535544174009,126,57.264508,-154.613211,"GoA","GOA"
"SW Kodiak","Chum",1991,169548,103530,0,0,0,0,0,0,0,0,0.493274646793649,126,57.264508,-154.613211,"GoA","GOA"
"SW Kodiak","Chum",1992,99332,108148,0,0,0,0,0,0,0,0,-0.0850328844656305,126,57.264508,-154.613211,"GoA","GOA"
"SW Kodiak","Chum",1993,55689,3106,0,0,0,0,0,0,0,0,2.8864469161687,126,57.264508,-154.613211,"GoA","GOA"
"SW Kodiak","Chum",1994,103541,160476,0,0,0,0,0,0,0,0,-0.438176729148395,126,57.264508,-154.613211,"GoA","GOA"
"SW Kodiak","Chum",1995,219330,72782,0,0,0,0,0,0,0,0,1.10310877308995,126,57.264508,-154.613211,"GoA","GOA"
"SW Kodiak","Chum",1996,111004,19114,0,0,0,0,0,0,0,0,1.7591451858551,126,57.264508,-154.613211,"GoA","GOA"
"SW Kodiak","Chum",1997,58101,43656,0,0,0,0,0,0,0,0,0.285842145529774,126,57.264508,-154.613211,"GoA","GOA"
"SW Kodiak","Chum",1998,136464,51460,0,0,0,0,0,0,0,0,0.975256036723156,126,57.264508,-154.613211,"GoA","GOA"
"SW Kodiak","Chum",1999,54639,147700,0,0,0,0,0,0,0,0,-0.994435276052818,126,57.264508,-154.613211,"GoA","GOA"
"SW Kodiak","Chum",2000,91156,41994,0,0,0,0,0,0,0,0,0.775045573585067,126,57.264508,-154.613211,"GoA","GOA"
"SW Kodiak","Chum",2001,12573,7164,0,0,0,0,0,0,0,0,0.562483173412579,126,57.264508,-154.613211,"GoA","GOA"
"SW Kodiak","Chum",2002,60243,112476,0,0,0,0,0,0,0,0,-0.624353482503917,126,57.264508,-154.613211,"GoA","GOA"
"SW Kodiak","Chum",2003,34421,26136,0,0,0,0,0,0,0,0,0.275353168938832,126,57.264508,-154.613211,"GoA","GOA"
"SW Kodiak","Chum",2004,16476,21286,0,0,0,0,0,0,0,0,-0.256144803045018,126,57.264508,-154.613211,"GoA","GOA"
"SW Kodiak","Chum",2005,5502,5122,0,0,0,0,0,0,0,0,0.0715666747250493,126,57.264508,-154.613211,"GoA","GOA"
"SW Kodiak","Chum",2006,29705,42846,0,0,0,0,0,0,0,0,-0.366296909987323,126,57.264508,-154.613211,"GoA","GOA"
"SW Kodiak","Chum",2007,29723,6774,0,0,0,0,0,0,0,0,1.47882940248618,126,57.264508,-154.613211,"GoA","GOA"
"SW Kodiak","Chum",2008,42662,8174,0,0,0,0,0,0,0,0,1.65235020912754,126,57.264508,-154.613211,"GoA","GOA"
"SW Kodiak","Chum",2009,20291,4264,0,0,0,0,0,0,0,0,1.55996975112194,126,57.264508,-154.613211,"GoA","GOA"
"SW Kodiak","Chum",2010,21002,17226,0,0,0,0,0,0,0,0,0.19819780091682,126,57.264508,-154.613211,"GoA","GOA"
"SW Kodiak","Chum",2011,39906,17158,0,0,0,0,0,0,0,0,0.844062151379566,126,57.264508,-154.613211,"GoA","GOA"
"SW Kodiak","Chum",2012,33152,18650,0,0,0,0,0,0,0,0,0.575256900547193,126,57.264508,-154.613211,"GoA","GOA"
"SW Kodiak","Chum",2013,73545,800,0,0,0,0,0,0,0,0,4.52104101508552,126,57.264508,-154.613211,"GoA","GOA"
"SW Kodiak","Chum",2014,40935,2654,0,0,0,0,0,0,0,0,2.7359175069184,126,57.264508,-154.613211,"GoA","GOA"
"SW Kodiak","Chum",2015,43202,2694,0,0,0,0,0,0,0,0,2.77485971248655,126,57.264508,-154.613211,"GoA","GOA"
"SW Kodiak","Chum",2016,60719,13906,0,0,0,0,0,0,0,0,1.47393626223672,126,57.264508,-154.613211,"GoA","GOA"
"SW Kodiak","Chum",2017,37583,43488,0,0,0,0,0,0,0,0,-0.145933217472988,126,57.264508,-154.613211,"GoA","GOA"
"SW Kodiak","Chum",2018,55698,21130,0,0,0,0,0,0,0,0,0.969250408017885,126,57.264508,-154.613211,"GoA","GOA"
"SW Kodiak","Chum",2019,48663,25404,0,0,0,0,0,0,0,0,0.650012345795359,126,57.264508,-154.613211,"GoA","GOA"
"SW Kodiak","Chum",2020,28582,40248,0,0,0,0,0,0,0,0,-0.342283164129414,126,57.264508,-154.613211,"GoA","GOA"
"Mainland Kodiak","Chum",1979,785878,370060,0,0,0,0,0,0,0,0,0.753136409443355,128,58.03333,-154.6644,"GoA","GOA"
"Mainland Kodiak","Chum",1980,714260,756100,0,0,0,0,0,0,0,0,-0.0569266008513156,128,58.03333,-154.6644,"GoA","GOA"
"Mainland Kodiak","Chum",1981,808989,570570,0,0,0,0,0,0,0,0,0.349149458770997,128,58.03333,-154.6644,"GoA","GOA"
"Mainland Kodiak","Chum",1982,1038419,936396,0,0,0,0,0,0,0,0,0.103416179234154,128,58.03333,-154.6644,"GoA","GOA"
"Mainland Kodiak","Chum",1983,785432,512020,0,0,0,0,0,0,0,0,0.42787019810748,128,58.03333,-154.6644,"GoA","GOA"
"Mainland Kodiak","Chum",1984,814754,493500,0,0,0,0,0,0,0,0,0.501363368313519,128,58.03333,-154.6644,"GoA","GOA"
"Mainland Kodiak","Chum",1985,1243000,760800,0,0,0,0,0,0,0,0,0.490912580279531,128,58.03333,-154.6644,"GoA","GOA"
"Mainland Kodiak","Chum",1986,692648,637950,0,0,0,0,0,0,0,0,0.0822620232707673,128,58.03333,-154.6644,"GoA","GOA"
"Mainland Kodiak","Chum",1987,943748,554200,0,0,0,0,0,0,0,0,0.532333548926813,128,58.03333,-154.6644,"GoA","GOA"
"Mainland Kodiak","Chum",1988,549280,422600,0,0,0,0,0,0,0,0,0.262182224527426,128,58.03333,-154.6644,"GoA","GOA"
"Mainland Kodiak","Chum",1989,257817,1243000,0,0,0,0,0,0,0,0,-1.57303306058859,128,58.03333,-154.6644,"GoA","GOA"
"Mainland Kodiak","Chum",1990,457165,492000,0,0,0,0,0,0,0,0,-0.0734343404328613,128,58.03333,-154.6644,"GoA","GOA"
"Mainland Kodiak","Chum",1991,415874,721200,0,0,0,0,0,0,0,0,-0.550534161562093,128,58.03333,-154.6644,"GoA","GOA"
"Mainland Kodiak","Chum",1992,458758,435200,0,0,0,0,0,0,0,0,0.0527171423670931,128,58.03333,-154.6644,"GoA","GOA"
"Mainland Kodiak","Chum",1993,415928,173580,0,0,0,0,0,0,0,0,0.873873580142549,128,58.03333,-154.6644,"GoA","GOA"
"Mainland Kodiak","Chum",1994,432564,366200,0,0,0,0,0,0,0,0,0.166550660062638,128,58.03333,-154.6644,"GoA","GOA"
"Mainland Kodiak","Chum",1995,831272,315000,0,0,0,0,0,0,0,0,0.970384418959622,128,58.03333,-154.6644,"GoA","GOA"
"Mainland Kodiak","Chum",1996,1199624,418400,0,0,0,0,0,0,0,0,1.0533255405929,128,58.03333,-154.6644,"GoA","GOA"
"Mainland Kodiak","Chum",1997,797845,381000,0,0,0,0,0,0,0,0,0.73911496786796,128,58.03333,-154.6644,"GoA","GOA"
"Mainland Kodiak","Chum",1998,484027,407300,0,0,0,0,0,0,0,0,0.1725906756303,128,58.03333,-154.6644,"GoA","GOA"
"Mainland Kodiak","Chum",1999,434026,621200,0,0,0,0,0,0,0,0,-0.358548651134428,128,58.03333,-154.6644,"GoA","GOA"
"Mainland Kodiak","Chum",2000,878183,1004600,0,0,0,0,0,0,0,0,-0.134489731152963,128,58.03333,-154.6644,"GoA","GOA"
"Mainland Kodiak","Chum",2001,124902,589400,0,0,0,0,0,0,0,0,-1.55157564049002,128,58.03333,-154.6644,"GoA","GOA"
"Mainland Kodiak","Chum",2002,879419,394350,0,0,0,0,0,0,0,0,0.802022622309521,128,58.03333,-154.6644,"GoA","GOA"
"Mainland Kodiak","Chum",2003,227113,229500,0,0,0,0,0,0,0,0,-0.0104553385223702,128,58.03333,-154.6644,"GoA","GOA"
"Mainland Kodiak","Chum",2004,458660,728790,0,0,0,0,0,0,0,0,-0.463076429830276,128,58.03333,-154.6644,"GoA","GOA"
"Mainland Kodiak","Chum",2005,329119,75000,0,0,0,0,0,0,0,0,1.47893127395828,128,58.03333,-154.6644,"GoA","GOA"
"Mainland Kodiak","Chum",2006,464770,692280,0,0,0,0,0,0,0,0,-0.398447838491989,128,58.03333,-154.6644,"GoA","GOA"
"Mainland Kodiak","Chum",2007,389368,174700,0,0,0,0,0,0,0,0,0.801454694712019,128,58.03333,-154.6644,"GoA","GOA"
"Mainland Kodiak","Chum",2008,359692,244850,0,0,0,0,0,0,0,0,0.384602331549737,128,58.03333,-154.6644,"GoA","GOA"
"Mainland Kodiak","Chum",2009,308766,207312,0,0,0,0,0,0,0,0,0.398358803575374,128,58.03333,-154.6644,"GoA","GOA"
"Mainland Kodiak","Chum",2010,240036,289430,0,0,0,0,0,0,0,0,-0.187124559482174,128,58.03333,-154.6644,"GoA","GOA"
"Mainland Kodiak","Chum",2011,297485,277200,0,0,0,0,0,0,0,0,0.0706245362307296,128,58.03333,-154.6644,"GoA","GOA"
"Mainland Kodiak","Chum",2012,205252,288200,0,0,0,0,0,0,0,0,-0.339416191065986,128,58.03333,-154.6644,"GoA","GOA"
"Mainland Kodiak","Chum",2013,1127864,225400,0,0,0,0,0,0,0,0,1.61020425580761,128,58.03333,-154.6644,"GoA","GOA"
"Mainland Kodiak","Chum",2014,334216,214862,0,0,0,0,0,0,0,0,0.441791528957005,128,58.03333,-154.6644,"GoA","GOA"
"Mainland Kodiak","Chum",2015,637945,266400,0,0,0,0,0,0,0,0,0.873253134065976,128,58.03333,-154.6644,"GoA","GOA"
"Mainland Kodiak","Chum",2016,231313,137400,0,0,0,0,0,0,0,0,0.520875391933741,128,58.03333,-154.6644,"GoA","GOA"
"Mainland Kodiak","Chum",2017,296593,761000,0,0,0,0,0,0,0,0,-0.942272529245528,128,58.03333,-154.6644,"GoA","GOA"
"Mainland Kodiak","Chum",2018,380111,316400,0,0,0,0,0,0,0,0,0.183456079435654,128,58.03333,-154.6644,"GoA","GOA"
"Mainland Kodiak","Chum",2019,512488,518600,0,0,0,0,0,0,0,0,-0.011855577000274,128,58.03333,-154.6644,"GoA","GOA"
"Mainland Kodiak","Chum",2020,121541,210900,0,0,0,0,0,0,0,0,-0.551132433067415,128,58.03333,-154.6644,"GoA","GOA"
"Chignik","Chum",1980,653183,356010,0,0,0,0,0,0,0,0,0.606898514692943,122,56.59639,-157.9933,"GoA","GOA"
"Chignik","Chum",1981,116823,350370,0,0,0,0,0,0,0,0,-1.098329770142,122,56.59639,-157.9933,"GoA","GOA"
"Chignik","Chum",1982,266590,467870,0,0,0,0,0,0,0,0,-0.562478581888706,122,56.59639,-157.9933,"GoA","GOA"
"Chignik","Chum",1983,283063,122810,0,0,0,0,0,0,0,0,0.835031042086927,122,56.59639,-157.9933,"GoA","GOA"
"Chignik","Chum",1984,804215,589880,0,0,0,0,0,0,0,0,0.309947519983084,122,56.59639,-157.9933,"GoA","GOA"
"Chignik","Chum",1985,212304,94018,0,0,0,0,0,0,0,0,0.814532956494122,122,56.59639,-157.9933,"GoA","GOA"
"Chignik","Chum",1986,655934,89950,0,0,0,0,0,0,0,0,1.98680621372995,122,56.59639,-157.9933,"GoA","GOA"
"Chignik","Chum",1987,861796,155802,0,0,0,0,0,0,0,0,1.7104326133981,122,56.59639,-157.9933,"GoA","GOA"
"Chignik","Chum",1988,1092564,536440,0,0,0,0,0,0,0,0,0.71132778664689,122,56.59639,-157.9933,"GoA","GOA"
"Chignik","Chum",1989,310870,210680,0,0,0,0,0,0,0,0,0.389034423744136,122,56.59639,-157.9933,"GoA","GOA"
"Chignik","Chum",1990,757776,385930,0,0,0,0,0,0,0,0,0.674731821588292,122,56.59639,-157.9933,"GoA","GOA"
"Chignik","Chum",1991,795904,600700,0,0,0,0,0,0,0,0,0.281382933700064,122,56.59639,-157.9933,"GoA","GOA"
"Chignik","Chum",1992,547091,870430,0,0,0,0,0,0,0,0,-0.464372191859704,122,56.59639,-157.9933,"GoA","GOA"
"Chignik","Chum",1993,686945,188510,0,0,0,0,0,0,0,0,1.29310317491453,122,56.59639,-157.9933,"GoA","GOA"
"Chignik","Chum",1994,504760,530500,0,0,0,0,0,0,0,0,-0.049736889269328,122,56.59639,-157.9933,"GoA","GOA"
"Chignik","Chum",1995,293389,414950,0,0,0,0,0,0,0,0,-0.346658657517608,122,56.59639,-157.9933,"GoA","GOA"
"Chignik","Chum",1996,456919,426200,0,0,0,0,0,0,0,0,0.0695974126319082,122,56.59639,-157.9933,"GoA","GOA"
"Chignik","Chum",1997,732369,531040,0,0,0,0,0,0,0,0,0.321447137335408,122,56.59639,-157.9933,"GoA","GOA"
"Chignik","Chum",1998,407939,375764,0,0,0,0,0,0,0,0,0.0821563666678419,122,56.59639,-157.9933,"GoA","GOA"
"Chignik","Chum",1999,409388,152792,0,0,0,0,0,0,0,0,0.985585842269651,122,56.59639,-157.9933,"GoA","GOA"
"Chignik","Chum",2000,595243,335962,0,0,0,0,0,0,0,0,0.571971667203661,122,56.59639,-157.9933,"GoA","GOA"
"Chignik","Chum",2001,349861,533366,0,0,0,0,0,0,0,0,-0.421671934939852,122,56.59639,-157.9933,"GoA","GOA"
"Chignik","Chum",2002,247930,353380,0,0,0,0,0,0,0,0,-0.354397516930343,122,56.59639,-157.9933,"GoA","GOA"
"Chignik","Chum",2003,552513,345344,0,0,0,0,0,0,0,0,0.469935940821679,122,56.59639,-157.9933,"GoA","GOA"
"Chignik","Chum",2004,603595,594738,0,0,0,0,0,0,0,0,0.0147824707930893,122,56.59639,-157.9933,"GoA","GOA"
"Chignik","Chum",2005,686725,341040,0,0,0,0,0,0,0,0,0.699934148506702,122,56.59639,-157.9933,"GoA","GOA"
"Chignik","Chum",2006,884629,186300,0,0,0,0,0,0,0,0,1.55781007046816,122,56.59639,-157.9933,"GoA","GOA"
"Chignik","Chum",2007,774003,473960,0,0,0,0,0,0,0,0,0.490452819602669,122,56.59639,-157.9933,"GoA","GOA"
"Chignik","Chum",2008,473912,394270,0,0,0,0,0,0,0,0,0.183985696661615,122,56.59639,-157.9933,"GoA","GOA"
"Chignik","Chum",2009,534955,430300,0,0,0,0,0,0,0,0,0.217699991364295,122,56.59639,-157.9933,"GoA","GOA"
"Chignik","Chum",2010,214392,303300,0,0,0,0,0,0,0,0,-0.346916299626888,122,56.59639,-157.9933,"GoA","GOA"
"Chignik","Chum",2011,592237,504500,0,0,0,0,0,0,0,0,0.160339052814369,122,56.59639,-157.9933,"GoA","GOA"
"Chignik","Chum",2012,354135,302800,0,0,0,0,0,0,0,0,0.156605674804992,122,56.59639,-157.9933,"GoA","GOA"
"Chignik","Chum",2013,1189236,379990,0,0,0,0,0,0,0,0,1.14092142653312,122,56.59639,-157.9933,"GoA","GOA"
"Chignik","Chum",2015,733117,491220,0,0,0,0,0,0,0,0,0.400413214540826,122,56.59639,-157.9933,"GoA","GOA"
"Chignik","Chum",2016,200190,235700,0,0,0,0,0,0,0,0,-0.163292894358461,122,56.59639,-157.9933,"GoA","GOA"
"Chignik","Chum",2017,855387,580000,0,0,0,0,0,0,0,0,0.38852589456847,122,56.59639,-157.9933,"GoA","GOA"
"Chignik","Chum",2018,547286,165000,0,0,0,0,0,0,0,0,1.19902604380152,122,56.59639,-157.9933,"GoA","GOA"
"Chignik","Chum",2019,1127995,575600,0,0,0,0,0,0,0,0,0.672784024410854,122,56.59639,-157.9933,"GoA","GOA"
"Chignik","Chum",2020,407281,200190,0,0,0,0,0,0,0,0,0.710236449320739,122,56.59639,-157.9933,"GoA","GOA"
"NW AK Peninsula","Chum",1962,152100,174750,0,0,0,0,0,0,0,0,-0.138818181848672,130,54.982,-163.37,"BS","BS"
"NW AK Peninsula","Chum",1963,91100,233700,0,0,0,0,0,0,0,0,-0.9420804372789,130,54.982,-163.37,"BS","BS"
"NW AK Peninsula","Chum",1964,292750,167250,0,0,0,0,0,0,0,0,0.559829303469489,130,54.982,-163.37,"BS","BS"
"NW AK Peninsula","Chum",1965,160850,38700,0,0,0,0,0,0,0,0,1.4246326536493,130,54.982,-163.37,"BS","BS"
"NW AK Peninsula","Chum",1966,108029,96000,0,0,0,0,0,0,0,0,0.118051518130257,130,54.982,-163.37,"BS","BS"
"NW AK Peninsula","Chum",1967,133720,72300,0,0,0,0,0,0,0,0,0.614923932387179,130,54.982,-163.37,"BS","BS"
"NW AK Peninsula","Chum",1968,174858,243750,0,0,0,0,0,0,0,0,-0.332168893912229,130,54.982,-163.37,"BS","BS"
"NW AK Peninsula","Chum",1969,216483,154950,0,0,0,0,0,0,0,0,0.334409538185825,130,54.982,-163.37,"BS","BS"
"NW AK Peninsula","Chum",1970,137531,95550,0,0,0,0,0,0,0,0,0.364199675554742,130,54.982,-163.37,"BS","BS"
"NW AK Peninsula","Chum",1971,141277,90000,0,0,0,0,0,0,0,0,0.450912831871845,130,54.982,-163.37,"BS","BS"
"NW AK Peninsula","Chum",1972,294995,115500,0,0,0,0,0,0,0,0,0.937687877081791,130,54.982,-163.37,"BS","BS"
"NW AK Peninsula","Chum",1973,696484,113400,0,0,0,0,0,0,0,0,1.81512342965948,130,54.982,-163.37,"BS","BS"
"NW AK Peninsula","Chum",1974,376050,123150,0,0,0,0,0,0,0,0,1.11631898870587,130,54.982,-163.37,"BS","BS"
"NW AK Peninsula","Chum",1975,315940,137400,0,0,0,0,0,0,0,0,0.832655942352702,130,54.982,-163.37,"BS","BS"
"NW AK Peninsula","Chum",1976,975461,249000,0,0,0,0,0,0,0,0,1.36545728330156,130,54.982,-163.37,"BS","BS"
"NW AK Peninsula","Chum",1977,752396,653550,0,0,0,0,0,0,0,0,0.140843739860077,130,54.982,-163.37,"BS","BS"
"NW AK Peninsula","Chum",1978,380419,245400,0,0,0,0,0,0,0,0,0.438383744570858,130,54.982,-163.37,"BS","BS"
"NW AK Peninsula","Chum",1979,459876,285600,0,0,0,0,0,0,0,0,0.476364657461086,130,54.982,-163.37,"BS","BS"
"NW AK Peninsula","Chum",1980,873805,607950,0,0,0,0,0,0,0,0,0.362764596891748,130,54.982,-163.37,"BS","BS"
"NW AK Peninsula","Chum",1981,573727,396900,0,0,0,0,0,0,0,0,0.368469313636255,130,54.982,-163.37,"BS","BS"
"NW AK Peninsula","Chum",1982,362113,285300,0,0,0,0,0,0,0,0,0.238415059592309,130,54.982,-163.37,"BS","BS"
"NW AK Peninsula","Chum",1983,725500,290250,0,0,0,0,0,0,0,0,0.916118451746242,130,54.982,-163.37,"BS","BS"
"NW AK Peninsula","Chum",1984,712585,691350,0,0,0,0,0,0,0,0,0.0302529954383229,130,54.982,-163.37,"BS","BS"
"NW AK Peninsula","Chum",1985,190742,330600,0,0,0,0,0,0,0,0,-0.549987455813516,130,54.982,-163.37,"BS","BS"
"NW AK Peninsula","Chum",1986,196922,248550,0,0,0,0,0,0,0,0,-0.232836321293564,130,54.982,-163.37,"BS","BS"
"NW AK Peninsula","Chum",1987,395440,512250,0,0,0,0,0,0,0,0,-0.258813718120305,130,54.982,-163.37,"BS","BS"
"NW AK Peninsula","Chum",1988,427682,534300,0,0,0,0,0,0,0,0,-0.222577550190486,130,54.982,-163.37,"BS","BS"
"NW AK Peninsula","Chum",1989,376894,165000,0,0,0,0,0,0,0,0,0.826018506903795,130,54.982,-163.37,"BS","BS"
"NW AK Peninsula","Chum",1990,414339,166350,0,0,0,0,0,0,0,0,0.91259047687349,130,54.982,-163.37,"BS","BS"
"NW AK Peninsula","Chum",1991,639155,332700,0,0,0,0,0,0,0,0,0.652905808448777,130,54.982,-163.37,"BS","BS"
"NW AK Peninsula","Chum",1992,587781,322950,0,0,0,0,0,0,0,0,0.598856917064206,130,54.982,-163.37,"BS","BS"
"NW AK Peninsula","Chum",1993,387011,328500,0,0,0,0,0,0,0,0,0.163916278473779,130,54.982,-163.37,"BS","BS"
"NW AK Peninsula","Chum",1994,555679,374100,0,0,0,0,0,0,0,0,0.395667648043154,130,54.982,-163.37,"BS","BS"
"NW AK Peninsula","Chum",1995,558100,612450,0,0,0,0,0,0,0,0,-0.0929291486393066,130,54.982,-163.37,"BS","BS"
"NW AK Peninsula","Chum",1996,404409,580050,0,0,0,0,0,0,0,0,-0.360687564629864,130,54.982,-163.37,"BS","BS"
"NW AK Peninsula","Chum",1997,723426,340800,0,0,0,0,0,0,0,0,0.752702465304851,130,54.982,-163.37,"BS","BS"
"NW AK Peninsula","Chum",1998,647489,523650,0,0,0,0,0,0,0,0,0.212278282793245,130,54.982,-163.37,"BS","BS"
"NW AK Peninsula","Chum",1999,370577,550200,0,0,0,0,0,0,0,0,-0.395220598086967,130,54.982,-163.37,"BS","BS"
"NW AK Peninsula","Chum",2000,449878,373800,0,0,0,0,0,0,0,0,0.185255539874531,130,54.982,-163.37,"BS","BS"
"NW AK Peninsula","Chum",2001,323064.5,610200,0,0,0,0,0,0,0,0,-0.63593477859291,130,54.982,-163.37,"BS","BS"
"NW AK Peninsula","Chum",2002,329578,625650,0,0,0,0,0,0,0,0,-0.640978061076281,130,54.982,-163.37,"BS","BS"
"NW AK Peninsula","Chum",2003,599181,354000,0,0,0,0,0,0,0,0,0.526266809621236,130,54.982,-163.37,"BS","BS"
"NW AK Peninsula","Chum",2004,466765,443400,0,0,0,0,0,0,0,0,0.0513536218416066,130,54.982,-163.37,"BS","BS"
"NW AK Peninsula","Chum",2005,180859,289447.5,0,0,0,0,0,0,0,0,-0.47025621125892,130,54.982,-163.37,"BS","BS"
"NW AK Peninsula","Chum",2006,355220,290190,0,0,0,0,0,0,0,0,0.202201434976615,130,54.982,-163.37,"BS","BS"
"NW AK Peninsula","Chum",2007,456498,503175,0,0,0,0,0,0,0,0,-0.0973537032526433,130,54.982,-163.37,"BS","BS"
"NW AK Peninsula","Chum",2008,397601,362625,0,0,0,0,0,0,0,0,0.0920797474282313,130,54.982,-163.37,"BS","BS"
"NW AK Peninsula","Chum",2009,225582,126690,0,0,0,0,0,0,0,0,0.576940571592729,130,54.982,-163.37,"BS","BS"
"NW AK Peninsula","Chum",2010,177101.5,216150,0,0,0,0,0,0,0,0,-0.199249596569643,130,54.982,-163.37,"BS","BS"
"NW AK Peninsula","Chum",2011,289802,227100,0,0,0,0,0,0,0,0,0.243807482062504,130,54.982,-163.37,"BS","BS"
"NW AK Peninsula","Chum",2012,239778,210000,0,0,0,0,0,0,0,0,0.132605964548022,130,54.982,-163.37,"BS","BS"
"NW AK Peninsula","Chum",2013,351213,139200,0,0,0,0,0,0,0,0,0.9254811291209,130,54.982,-163.37,"BS","BS"
"NW AK Peninsula","Chum",2014,285345,81787.5,0,0,0,0,0,0,0,0,1.24957455429236,130,54.982,-163.37,"BS","BS"
"NW AK Peninsula","Chum",2015,446272,134700,0,0,0,0,0,0,0,0,1.19787854818223,130,54.982,-163.37,"BS","BS"
"NW AK Peninsula","Chum",2016,136278,169875,0,0,0,0,0,0,0,0,-0.220365955453974,130,54.982,-163.37,"BS","BS"
"NW AK Peninsula","Chum",2017,121102,293550,0,0,0,0,0,0,0,0,-0.885414816810893,130,54.982,-163.37,"BS","BS"
"NW AK Peninsula","Chum",2018,85707,179640,0,0,0,0,0,0,0,0,-0.740020345671409,130,54.982,-163.37,"BS","BS"
"NW AK Peninsula","Chum",2019,199650,260400,0,0,0,0,0,0,0,0,-0.265653076825184,130,54.982,-163.37,"BS","BS"
"NW AK Peninsula","Chum",2020,248677.5,93150,0,0,0,0,0,0,0,0,0.981945779222743,130,54.982,-163.37,"BS","BS"
"S AK Peninsula","Chum",1962,890400,599100,0,0,0,0,0,0,0,0,0.396242270871456,131,55.5,-161,"BS","BS"
"S AK Peninsula","Chum",1963,397550,670050,0,0,0,0,0,0,0,0,-0.522031624118745,131,55.5,-161,"BS","BS"
"S AK Peninsula","Chum",1964,587650,682200,0,0,0,0,0,0,0,0,-0.149191337405682,131,55.5,-161,"BS","BS"
"S AK Peninsula","Chum",1965,340300,341250,0,0,0,0,0,0,0,0,-0.00278776499230941,131,55.5,-161,"BS","BS"
"S AK Peninsula","Chum",1966,972187,633000,0,0,0,0,0,0,0,0,0.429077750643565,131,55.5,-161,"BS","BS"
"S AK Peninsula","Chum",1967,1371560,274350,0,0,0,0,0,0,0,0,1.60929939363724,131,55.5,-161,"BS","BS"
"S AK Peninsula","Chum",1968,594754,418650,0,0,0,0,0,0,0,0,0.351112626024932,131,55.5,-161,"BS","BS"
"S AK Peninsula","Chum",1969,411063,201900,0,0,0,0,0,0,0,0,0.710973962102081,131,55.5,-161,"BS","BS"
"S AK Peninsula","Chum",1970,457776,420750,0,0,0,0,0,0,0,0,0.084341148433751,131,55.5,-161,"BS","BS"
"S AK Peninsula","Chum",1971,319878,514800,0,0,0,0,0,0,0,0,-0.475838802622458,131,55.5,-161,"BS","BS"
"S AK Peninsula","Chum",1972,613033,381750,0,0,0,0,0,0,0,0,0.473652823993713,131,55.5,-161,"BS","BS"
"S AK Peninsula","Chum",1973,1289521,318750,0,0,0,0,0,0,0,0,1.39761901409809,131,55.5,-161,"BS","BS"
"S AK Peninsula","Chum",1974,1325040,385950,0,0,0,0,0,0,0,0,1.23349009924804,131,55.5,-161,"BS","BS"
"S AK Peninsula","Chum",1975,995477,289950,0,0,0,0,0,0,0,0,1.23351352494705,131,55.5,-161,"BS","BS"
"S AK Peninsula","Chum",1976,1387847,490800,0,0,0,0,0,0,0,0,1.03947219160661,131,55.5,-161,"BS","BS"
"S AK Peninsula","Chum",1977,1776478,1162350,0,0,0,0,0,0,0,0,0.424188934605403,131,55.5,-161,"BS","BS"
"S AK Peninsula","Chum",1978,1757801,900750,0,0,0,0,0,0,0,0,0.668591125395115,131,55.5,-161,"BS","BS"
"S AK Peninsula","Chum",1979,1588190,616650,0,0,0,0,0,0,0,0,0.946048679993074,131,55.5,-161,"BS","BS"
"S AK Peninsula","Chum",1980,2367052,543600,0,0,0,0,0,0,0,0,1.47118689573248,131,55.5,-161,"BS","BS"
"S AK Peninsula","Chum",1981,1670147,571950,0,0,0,0,0,0,0,0,1.07161535051733,131,55.5,-161,"BS","BS"
"S AK Peninsula","Chum",1982,2214782,580350,0,0,0,0,0,0,0,0,1.33927788795649,131,55.5,-161,"BS","BS"
"S AK Peninsula","Chum",1983,1863796,669750,0,0,0,0,0,0,0,0,1.02346603877151,131,55.5,-161,"BS","BS"
"S AK Peninsula","Chum",1984,2126396,1049550,0,0,0,0,0,0,0,0,0.706067026983577,131,55.5,-161,"BS","BS"
"S AK Peninsula","Chum",1985,1004666,755250,0,0,0,0,0,0,0,0,0.285361606681323,131,55.5,-161,"BS","BS"
"S AK Peninsula","Chum",1986,1251240,816900,0,0,0,0,0,0,0,0,0.426373650241678,131,55.5,-161,"BS","BS"
"S AK Peninsula","Chum",1987,1690897,931050,0,0,0,0,0,0,0,0,0.596701454811951,131,55.5,-161,"BS","BS"
"S AK Peninsula","Chum",1988,1387755,744600,0,0,0,0,0,0,0,0,0.622595451079586,131,55.5,-161,"BS","BS"
"S AK Peninsula","Chum",1989,1109951,465750,0,0,0,0,0,0,0,0,0.868422139706156,131,55.5,-161,"BS","BS"
"S AK Peninsula","Chum",1990,2464897,532050,0,0,0,0,0,0,0,0,1.53316783072617,131,55.5,-161,"BS","BS"
"S AK Peninsula","Chum",1991,2265156,881400,0,0,0,0,0,0,0,0,0.943887357309716,131,55.5,-161,"BS","BS"
"S AK Peninsula","Chum",1992,1328975,503250,0,0,0,0,0,0,0,0,0.97107618288022,131,55.5,-161,"BS","BS"
"S AK Peninsula","Chum",1993,1497504,595545,0,0,0,0,0,0,0,0,0.922078048413606,131,55.5,-161,"BS","BS"
"S AK Peninsula","Chum",1994,1579742.5,868650,0,0,0,0,0,0,0,0,0.598076855715743,131,55.5,-161,"BS","BS"
"S AK Peninsula","Chum",1995,1660379,1089600,0,0,0,0,0,0,0,0,0.421235233148849,131,55.5,-161,"BS","BS"
"S AK Peninsula","Chum",1996,1599208.5,915450,0,0,0,0,0,0,0,0,0.55784835067103,131,55.5,-161,"BS","BS"
"S AK Peninsula","Chum",1997,2011424.5,1213575,0,0,0,0,0,0,0,0,0.505272628552963,131,55.5,-161,"BS","BS"
"S AK Peninsula","Chum",1998,1341658,1113352.5,0,0,0,0,0,0,0,0,0.186530428813049,131,55.5,-161,"BS","BS"
"S AK Peninsula","Chum",1999,1090264,1087770,0,0,0,0,0,0,0,0,0.00229013972236576,131,55.5,-161,"BS","BS"
"S AK Peninsula","Chum",2000,1405412,783112.5,0,0,0,0,0,0,0,0,0.584809413385019,131,55.5,-161,"BS","BS"
"S AK Peninsula","Chum",2001,1765016,1126831.5,0,0,0,0,0,0,0,0,0.448750043599075,131,55.5,-161,"BS","BS"
"S AK Peninsula","Chum",2002,2025104,904125,0,0,0,0,0,0,0,0,0.806408711077108,131,55.5,-161,"BS","BS"
"S AK Peninsula","Chum",2003,1472239.5,736560,0,0,0,0,0,0,0,0,0.692549290878751,131,55.5,-161,"BS","BS"
"S AK Peninsula","Chum",2004,1279397,1098600,0,0,0,0,0,0,0,0,0.15235223125562,131,55.5,-161,"BS","BS"
"S AK Peninsula","Chum",2005,1752289,1455465,0,0,0,0,0,0,0,0,0.185597496053555,131,55.5,-161,"BS","BS"
"S AK Peninsula","Chum",2006,952678,1147125,0,0,0,0,0,0,0,0,-0.185737124957165,131,55.5,-161,"BS","BS"
"S AK Peninsula","Chum",2007,1288372.5,1089991.5,0,0,0,0,0,0,0,0,0.167209895898593,131,55.5,-161,"BS","BS"
"S AK Peninsula","Chum",2008,534115,887925,0,0,0,0,0,0,0,0,-0.508276108386104,131,55.5,-161,"BS","BS"
"S AK Peninsula","Chum",2009,1303435,768345,0,0,0,0,0,0,0,0,0.528519515355014,131,55.5,-161,"BS","BS"
"S AK Peninsula","Chum",2010,582105.5,437418,0,0,0,0,0,0,0,0,0.285762443122101,131,55.5,-161,"BS","BS"
"S AK Peninsula","Chum",2011,1856518,746587.5,0,0,0,0,0,0,0,0,0.910945145459991,131,55.5,-161,"BS","BS"
"S AK Peninsula","Chum",2012,1093208,307863,0,0,0,0,0,0,0,0,1.26721689316915,131,55.5,-161,"BS","BS"
"S AK Peninsula","Chum",2013,3966420,753900,0,0,0,0,0,0,0,0,1.66035947040635,131,55.5,-161,"BS","BS"
"S AK Peninsula","Chum",2014,976211.5,470317.5,0,0,0,0,0,0,0,0,0.730271265206514,131,55.5,-161,"BS","BS"
"S AK Peninsula","Chum",2015,1626182.5,1359630,0,0,0,0,0,0,0,0,0.179022639540006,131,55.5,-161,"BS","BS"
"S AK Peninsula","Chum",2016,1046901,940164,0,0,0,0,0,0,0,0,0.107535322394553,131,55.5,-161,"BS","BS"
"S AK Peninsula","Chum",2017,1935112.5,2660439,0,0,0,0,0,0,0,0,-0.318325682443795,131,55.5,-161,"BS","BS"
"S AK Peninsula","Chum",2018,864318,517264.5,0,0,0,0,0,0,0,0,0.513386407544922,131,55.5,-161,"BS","BS"
"S AK Peninsula","Chum",2019,2283956,1008712.5,0,0,0,0,0,0,0,0,0.817234261970031,131,55.5,-161,"BS","BS"
"S AK Peninsula","Chum",2020,698209.5,623625,0,0,0,0,0,0,0,0,0.112969974813667,131,55.5,-161,"BS","BS"
"N AK Peninsula","Chum",1962,154950,51600,0,0,0,0,0,0,0,0,1.09958081174624,129,56.46,-159.68,"BS","BS"
"N AK Peninsula","Chum",1963,132700,70500,0,0,0,0,0,0,0,0,0.632478231519939,129,56.46,-159.68,"BS","BS"
"N AK Peninsula","Chum",1964,157050,66900,0,0,0,0,0,0,0,0,0.853365258850473,129,56.46,-159.68,"BS","BS"
"N AK Peninsula","Chum",1965,89350,35250,0,0,0,0,0,0,0,0,0.930095712347159,129,56.46,-159.68,"BS","BS"
"N AK Peninsula","Chum",1966,194660,128250,0,0,0,0,0,0,0,0,0.417272962947469,129,56.46,-159.68,"BS","BS"
"N AK Peninsula","Chum",1967,94534,111600,0,0,0,0,0,0,0,0,-0.165961491796037,129,56.46,-159.68,"BS","BS"
"N AK Peninsula","Chum",1968,95829,132450,0,0,0,0,0,0,0,0,-0.323639862562425,129,56.46,-159.68,"BS","BS"
"N AK Peninsula","Chum",1969,111790,65250,0,0,0,0,0,0,0,0,0.538396065079432,129,56.46,-159.68,"BS","BS"
"N AK Peninsula","Chum",1970,54536,159150,0,0,0,0,0,0,0,0,-1.07098611966762,129,56.46,-159.68,"BS","BS"
"N AK Peninsula","Chum",1971,31293,74100,0,0,0,0,0,0,0,0,-0.862021101940097,129,56.46,-159.68,"BS","BS"
"N AK Peninsula","Chum",1972,218694,70500,0,0,0,0,0,0,0,0,1.13206078264591,129,56.46,-159.68,"BS","BS"
"N AK Peninsula","Chum",1973,454484,62100,0,0,0,0,0,0,0,0,1.99041672053809,129,56.46,-159.68,"BS","BS"
"N AK Peninsula","Chum",1974,253504,34500,0,0,0,0,0,0,0,0,1.99442027796214,129,56.46,-159.68,"BS","BS"
"N AK Peninsula","Chum",1975,207721,26400,0,0,0,0,0,0,0,0,2.06283182298518,129,56.46,-159.68,"BS","BS"
"N AK Peninsula","Chum",1976,878985,191100,0,0,0,0,0,0,0,0,1.52597098144693,129,56.46,-159.68,"BS","BS"
"N AK Peninsula","Chum",1977,765922,368250,0,0,0,0,0,0,0,0,0.732318281536822,129,56.46,-159.68,"BS","BS"
"N AK Peninsula","Chum",1978,637264,220350,0,0,0,0,0,0,0,0,1.06196682112667,129,56.46,-159.68,"BS","BS"
"N AK Peninsula","Chum",1979,477331,172350,0,0,0,0,0,0,0,0,1.0186828776095,129,56.46,-159.68,"BS","BS"
"N AK Peninsula","Chum",1980,1228218,546300,0,0,0,0,0,0,0,0,0.810151341979786,129,56.46,-159.68,"BS","BS"
"N AK Peninsula","Chum",1981,609339,414600,0,0,0,0,0,0,0,0,0.385060563082245,129,56.46,-159.68,"BS","BS"
"N AK Peninsula","Chum",1982,274503,401250,0,0,0,0,0,0,0,0,-0.379622484592612,129,56.46,-159.68,"BS","BS"
"N AK Peninsula","Chum",1983,397546,298650,0,0,0,0,0,0,0,0,0.286038331491091,129,56.46,-159.68,"BS","BS"
"N AK Peninsula","Chum",1984,430940,613950,0,0,0,0,0,0,0,0,-0.353944622330435,129,56.46,-159.68,"BS","BS"
"N AK Peninsula","Chum",1985,284700,185850,0,0,0,0,0,0,0,0,0.426496097540731,129,56.46,-159.68,"BS","BS"
"N AK Peninsula","Chum",1986,268941,116850,0,0,0,0,0,0,0,0,0.833600963705424,129,56.46,-159.68,"BS","BS"
"N AK Peninsula","Chum",1987,250788,242100,0,0,0,0,0,0,0,0,0.0352570967801017,129,56.46,-159.68,"BS","BS"
"N AK Peninsula","Chum",1988,441484,216150,0,0,0,0,0,0,0,0,0.714169168183086,129,56.46,-159.68,"BS","BS"
"N AK Peninsula","Chum",1989,361663,153450,0,0,0,0,0,0,0,0,0.857338057940465,129,56.46,-159.68,"BS","BS"
"N AK Peninsula","Chum",1990,389858,173400,0,0,0,0,0,0,0,0,0.810181505911715,129,56.46,-159.68,"BS","BS"
"N AK Peninsula","Chum",1991,594288,122250,0,0,0,0,0,0,0,0,1.58129592199146,129,56.46,-159.68,"BS","BS"
"N AK Peninsula","Chum",1992,714825,204600,0,0,0,0,0,0,0,0,1.25098090397427,129,56.46,-159.68,"BS","BS"
"N AK Peninsula","Chum",1993,292669,275100,0,0,0,0,0,0,0,0,0.0619076096698447,129,56.46,-159.68,"BS","BS"
"N AK Peninsula","Chum",1994,608087,346200,0,0,0,0,0,0,0,0,0.563301321092623,129,56.46,-159.68,"BS","BS"
"N AK Peninsula","Chum",1995,491470,521700,0,0,0,0,0,0,0,0,-0.0596918099438763,129,56.46,-159.68,"BS","BS"
"N AK Peninsula","Chum",1996,571437,654600,0,0,0,0,0,0,0,0,-0.135870121129146,129,56.46,-159.68,"BS","BS"
"N AK Peninsula","Chum",1997,490147,241500,0,0,0,0,0,0,0,0,0.707835873021043,129,56.46,-159.68,"BS","BS"
"N AK Peninsula","Chum",1998,423401,570600,0,0,0,0,0,0,0,0,-0.298368718248642,129,56.46,-159.68,"BS","BS"
"N AK Peninsula","Chum",1999,344168,449250,0,0,0,0,0,0,0,0,-0.266449615412085,129,56.46,-159.68,"BS","BS"
"N AK Peninsula","Chum",2000,217505,508350,0,0,0,0,0,0,0,0,-0.848948347950916,129,56.46,-159.68,"BS","BS"
"N AK Peninsula","Chum",2001,164427.5,428850,0,0,0,0,0,0,0,0,-0.958637463864071,129,56.46,-159.68,"BS","BS"
"N AK Peninsula","Chum",2002,666204.5,394200,0,0,0,0,0,0,0,0,0.524738285746456,129,56.46,-159.68,"BS","BS"
"N AK Peninsula","Chum",2003,450004,321990,0,0,0,0,0,0,0,0,0.334735982452206,129,56.46,-159.68,"BS","BS"
"N AK Peninsula","Chum",2004,416029.5,209025,0,0,0,0,0,0,0,0,0.68830230917244,129,56.46,-159.68,"BS","BS"
"N AK Peninsula","Chum",2005,283021.5,155512.5,0,0,0,0,0,0,0,0,0.598796752248371,129,56.46,-159.68,"BS","BS"
"N AK Peninsula","Chum",2006,337958,573874.5,0,0,0,0,0,0,0,0,-0.529489103892099,129,56.46,-159.68,"BS","BS"
"N AK Peninsula","Chum",2007,209812,365001,0,0,0,0,0,0,0,0,-0.553688201647483,129,56.46,-159.68,"BS","BS"
"N AK Peninsula","Chum",2008,306061,342805.5,0,0,0,0,0,0,0,0,-0.113378802444884,129,56.46,-159.68,"BS","BS"
"N AK Peninsula","Chum",2009,249700.5,231196.5,0,0,0,0,0,0,0,0,0.0769942014112751,129,56.46,-159.68,"BS","BS"
"N AK Peninsula","Chum",2010,320900,217965,0,0,0,0,0,0,0,0,0.386795048675042,129,56.46,-159.68,"BS","BS"
"N AK Peninsula","Chum",2011,320365,145428,0,0,0,0,0,0,0,0,0.789779852000964,129,56.46,-159.68,"BS","BS"
"N AK Peninsula","Chum",2012,435502,210627,0,0,0,0,0,0,0,0,0.72641059209401,129,56.46,-159.68,"BS","BS"
"N AK Peninsula","Chum",2013,376227,205876.5,0,0,0,0,0,0,0,0,0.60291621018073,129,56.46,-159.68,"BS","BS"
"N AK Peninsula","Chum",2014,405807.5,287379,0,0,0,0,0,0,0,0,0.345077007150032,129,56.46,-159.68,"BS","BS"
"N AK Peninsula","Chum",2015,357867.5,283791,0,0,0,0,0,0,0,0,0.231924754411087,129,56.46,-159.68,"BS","BS"
"N AK Peninsula","Chum",2016,248708.5,416511,0,0,0,0,0,0,0,0,-0.515631343872891,129,56.46,-159.68,"BS","BS"
"N AK Peninsula","Chum",2017,149535,351660,0,0,0,0,0,0,0,0,-0.855134320573616,129,56.46,-159.68,"BS","BS"
"N AK Peninsula","Chum",2018,250561,354163.5,0,0,0,0,0,0,0,0,-0.346056267059519,129,56.46,-159.68,"BS","BS"
"N AK Peninsula","Chum",2019,243664,312595.5,0,0,0,0,0,0,0,0,-0.249119795380952,129,56.46,-159.68,"BS","BS"
"N AK Peninsula","Chum",2020,84950,238222.5,0,0,0,0,0,0,0,0,-1.03114226278063,129,56.46,-159.68,"BS","BS"
"Yukon - Summer","Chum",1978,2485000,1629200,0,0,0.00554108249496982,0.568401207243461,0.416892152917505,0.00916536820925553,0,0,0.422183562756472,136,62.55,-165,"BS","BS"
"Yukon - Summer","Chum",1979,2282885,1294100,0,0,0.0336043339896666,0.608189199193126,0.338770590721828,0.0194359155191786,0,0,0.567624521116317,136,62.55,-165,"BS","BS"
"Yukon - Summer","Chum",1980,4293574,1724900,0,0,0.00816295701436612,0.680172276057196,0.2973648526845,0.0143000609748429,0,0,0.9119504085492,136,62.55,-165,"BS","BS"
"Yukon - Summer","Chum",1981,6370508,4065200,0,0,0.0130413696992453,0.515329860664173,0.454678025677073,0.0169507675055113,0,0,0.449216272945435,136,62.55,-165,"BS","BS"
"Yukon - Summer","Chum",1982,2344371,1307200,0,0,0.0265141140203492,0.683471600698012,0.273508672475474,0.0165058047553054,0,0,0.584129690517281,136,62.55,-165,"BS","BS"
"Yukon - Summer","Chum",1983,2390760,1356500,0,0,0.00613243487426592,0.51176320500594,0.47444829259315,0.00765605079556292,0,0,0.566703453909746,136,62.55,-165,"BS","BS"
"Yukon - Summer","Chum",1984,5692183,2813000,0,0,0.00281200551703977,0.589601388430414,0.399130175540737,0.00845637605115647,0,0,0.704842300589581,136,62.55,-165,"BS","BS"
"Yukon - Summer","Chum",1985,2462377,3636300,0,0,0.0101499079954044,0.6088316289504,0.373730383284119,0.0072881731757566,0,0,-0.389839537584416,136,62.55,-165,"BS","BS"
"Yukon - Summer","Chum",1986,2450299,3292500,0,0,0.0117947687200623,0.384317791420557,0.561053977494175,0.0428333848236481,0,0,-0.295437096708712,136,62.55,-165,"BS","BS"
"Yukon - Summer","Chum",1987,3180348,1155900,0,0,0.00710809320237911,0.402300943167226,0.572508731748853,0.0180823167779124,0,0,1.01211136344881,136,62.55,-165,"BS","BS"
"Yukon - Summer","Chum",1988,1670507,2922600,0,0,0.0103842785453757,0.541947145387598,0.416144320257263,0.0315243815201014,0,0,-0.559346457890353,136,62.55,-165,"BS","BS"
"Yukon - Summer","Chum",1989,3496679,2370500,0,0,0.000726819934000233,0.322471407870153,0.642352357765754,0.0344493446495947,0,0,0.388712757542572,136,62.55,-165,"BS","BS"
"Yukon - Summer","Chum",1990,3483598,1384900,0,0,0.00328413898503788,0.450613130447313,0.504171549070817,0.0419311298261166,0,0,0.92243773285102,136,62.55,-165,"BS","BS"
"Yukon - Summer","Chum",1991,4327419,2049300,0,0,0.000735793321608099,0.53862567964877,0.44675220957342,0.0138860577170826,0,0,0.747473018964944,136,62.55,-165,"BS","BS"
"Yukon - Summer","Chum",1992,3479966,2248200,0,0,0.0265667222036077,0.661115941937364,0.30569321654292,0.00662408195942144,0,0,0.436892627578153,136,62.55,-165,"BS","BS"
"Yukon - Summer","Chum",1993,805233.7,1663300,0,0,0.0264307492346632,0.653227007265096,0.300868306927542,0.0194738744789246,0,0,-0.725426313950876,136,62.55,-165,"BS","BS"
"Yukon - Summer","Chum",1994,1440844,3561900,0,0,0.00305843241877677,0.518119102414973,0.470994431041806,0.00782818264850324,0,0,-0.905065057354731,136,62.55,-165,"BS","BS"
"Yukon - Summer","Chum",1995,684774.6,3587100,0,0,0.00124166828033633,0.659444144102308,0.318815125444197,0.020499066408129,0,0,-1.6560096225755,136,62.55,-165,"BS","BS"
"Yukon - Summer","Chum",1996,766585.6,3804000,0,0,0.000807321061079154,0.417346738576879,0.539647105293916,0.0421988359812655,0,0,-1.60186205513736,136,62.55,-165,"BS","BS"
"Yukon - Summer","Chum",1997,541426.1,1374400,0,0,0.00608082802066616,0.209033328832873,0.740465042228293,0.044420817540935,0,0,-0.93156596686305,136,62.55,-165,"BS","BS"
"Yukon - Summer","Chum",1998,1153904,897990,0,0,0.00111881837657205,0.715079157364911,0.278897291282464,0.0049043741940404,0,0,0.250747322316776,136,62.55,-165,"BS","BS"
"Yukon - Summer","Chum",1999,1569494,1046800,0,0,0.0107112355956761,0.574414046820185,0.406020284244476,0.00885463722702986,0,0,0.405015382745184,136,62.55,-165,"BS","BS"
"Yukon - Summer","Chum",2000,969982.1,481370,0,0,0.0152470030117051,0.787740825320385,0.195746189543085,0.001265958413047,0,0,0.700641412550273,136,62.55,-165,"BS","BS"
"Yukon - Summer","Chum",2001,5635964,483980,0,0,0.00993615998966636,0.453643067982691,0.499670508896082,0.036750287972031,0,0,2.45487990194051,136,62.55,-165,"BS","BS"
"Yukon - Summer","Chum",2002,2041555,1189400,0,0,0.000448926724971896,0.574835848164757,0.375491671789396,0.0492237044801634,0,0,0.540262794099009,136,62.55,-165,"BS","BS"
"Yukon - Summer","Chum",2003,2315333,1183100,0,0,0.012347204484193,0.501113230796607,0.467574210707488,0.0189653756068781,0,0,0.671415409408531,136,62.55,-165,"BS","BS"
"Yukon - Summer","Chum",2004,1494493,1366900,0,0,0.0159556652322895,0.573823229683913,0.404845121388993,0.00537586860560739,0,0,0.0892416167136666,136,62.55,-165,"BS","BS"
"Yukon - Summer","Chum",2005,1310733,2641300,0,0,0.0204792051470437,0.770401752301956,0.192083437282803,0.0170355976388784,0,0,-0.700684697487071,136,62.55,-165,"BS","BS"
"Yukon - Summer","Chum",2006,2621352,3836500,0,0,0.0171513745578617,0.484974928967952,0.465923691286023,0.0319499899288611,0,0,-0.380870277426196,136,62.55,-165,"BS","BS"
"Yukon - Summer","Chum",2007,1901571,1882800,0,0,0.0721539190490389,0.60251918019364,0.303684006539856,0.0216432623341437,0,0,0.00992035608718598,136,62.55,-165,"BS","BS"
"Yukon - Summer","Chum",2008,3852665,1847900,0,0,0.0043056974847281,0.468908664521831,0.488384533822692,0.0384012625027092,0,0,0.734715257425344,136,62.55,-165,"BS","BS"
"Yukon - Summer","Chum",2009,2858494,1465600,0,0,0.00424104091175283,0.498855691143658,0.487464028261035,0.00943937961737894,0,0,0.668030197778984,136,62.55,-165,"BS","BS"
"Yukon - Summer","Chum",2010,2128753,1369300,0,0,0.000416349008081257,0.431574165720495,0.537931831452498,0.0300776604894978,0,0,0.441236701915462,136,62.55,-165,"BS","BS"
"Yukon - Summer","Chum",2011,1634272,2053300,0,0,0.00460446302696246,0.465880832566427,0.501429627381489,0.0280848169704921,0,0,-0.228250809726579,136,62.55,-165,"BS","BS"
"Yukon - Summer","Chum",2012,3354594,2057300,0,0,0.0133899333272521,0.499117329846771,0.471632632741846,0.0158602352475441,0,0,0.488936306190067,136,62.55,-165,"BS","BS"
"Yukon - Summer","Chum",2013,2849457,2772400,0,0,0.00830477175124945,0.700037235164454,0.286197019291746,0.00546094571702609,0,0,0.0274150787506329,136,62.55,-165,"BS","BS"
"Yukon - Summer","Chum",2014,1746248,1869000,0,0,0.00706641324714473,0.679353677140933,0.309202702021706,0.00437685025265598,0,0,-0.0679340421964286,136,62.55,-165,"BS","BS"
"Yukon - Summer","Chum",2015,1749049,1553200,0,0,0.0112455340016203,0.643442236323854,0.342812008125559,0.00250002715761537,0,0,0.118754892777797,136,62.55,-165,"BS","BS"
"Yukon - Summer","Chum",2016,189533.9,1869700,0,0,0.0447544106885365,0.822871264718343,0.128924166072666,0.00345024557612121,0,0,-2.2889653688274,136,62.55,-165,"BS","BS"
"Yukon - Summer","Chum",2017,345299.3,3005200,0,0,0,0.365749365840012,0.611716270493453,0.0225342767853859,0,0,-2.16368782332382,136,62.55,-165,"BS","BS"
"Yukon - Fall","Chum",1974,859921,671600,0,0,0.13017591150815,0.755601968087766,0.114222120404084,0,0,0,0.24717759935962,137,62.55,-165,"BS","BS"
"Yukon - Fall","Chum",1975,2014809,2289000,0,0,0.0974757408766786,0.869670524600595,0.0328537345227265,0,0,0,-0.127590639146438,137,62.55,-165,"BS","BS"
"Yukon - Fall","Chum",1976,921489,545700,0,0,0.158368683728183,0.687297406697204,0.149146652862921,0.00518725671169162,0,0,0.523921465787302,137,62.55,-165,"BS","BS"
"Yukon - Fall","Chum",1977,1381521,726700,0,0,0.0801102552910886,0.77649489222386,0.138833213537833,0.0045609151073346,0,0,0.64242660749397,137,62.55,-165,"BS","BS"
"Yukon - Fall","Chum",1978,494795,550900,0,0,0.0446892147252903,0.741024060469487,0.214286724805222,0,0,0,-0.107409769104362,137,62.55,-165,"BS","BS"
"Yukon - Fall","Chum",1979,1254382,1381000,0,0,0.0351081249571502,0.71701443419947,0.24451801763737,0.00335942320600901,0,0,-0.0961648534058995,137,62.55,-165,"BS","BS"
"Yukon - Fall","Chum",1980,621509,321900,0,0,0.0217647692953763,0.653057316949553,0.32065344186488,0.00452447189018984,0,0,0.65790945363528,137,62.55,-165,"BS","BS"
"Yukon - Fall","Chum",1981,1387507,548800,0,0,0.0368444988025286,0.715383057526917,0.241331395084854,0.0064417693027855,0,0,0.927529814241233,137,62.55,-165,"BS","BS"
"Yukon - Fall","Chum",1982,675117,234100,0,0,0.0183345997804825,0.723958958225019,0.256567380172622,0.0011390618218768,0,0,1.05913763468851,137,62.55,-165,"BS","BS"
"Yukon - Fall","Chum",1983,1184271,500250,0,0,0.0126753082698132,0.790216090742744,0.193735217699327,0.00337338328811564,0,0,0.861774700925037,137,62.55,-165,"BS","BS"
"Yukon - Fall","Chum",1984,596637,351400,0,0,0.0110351855483317,0.70418696795539,0.26973017094146,0.0150476755548181,0,0,0.52938371250719,137,62.55,-165,"BS","BS"
"Yukon - Fall","Chum",1985,1257055,693000,0,0,0.0372290790776855,0.72205114334695,0.2386578152905,0.00206275779500499,0,0,0.595496963415279,137,62.55,-165,"BS","BS"
"Yukon - Fall","Chum",1986,860781,523400,0,0,0.00167057590722844,0.598040616602829,0.393801675455197,0.00648713203474519,0,0,0.497494126577167,137,62.55,-165,"BS","BS"
"Yukon - Fall","Chum",1987,1033782,718200,0,0,0.0115565951041902,0.652112340899725,0.329021012166975,0.00731005182910904,0,0,0.36423111932679,137,62.55,-165,"BS","BS"
"Yukon - Fall","Chum",1988,411528,341200,0,0,0.0293661670651815,0.505224431873408,0.384141540794308,0.0812654302987889,0,0,0.187408245927136,137,62.55,-165,"BS","BS"
"Yukon - Fall","Chum",1989,733045,528700,0,0,0.00438990785013198,0.404376266122816,0.562674869892026,0.0285616844804889,0,0,0.326785928302473,137,62.55,-165,"BS","BS"
"Yukon - Fall","Chum",1990,1159238,483450,0,0,0.000575377963800358,0.576985053975111,0.393742268628185,0.0286972994329033,0,0,0.874570274768057,137,62.55,-165,"BS","BS"
"Yukon - Fall","Chum",1991,1540403,588700,0,0,0,0.733125032864776,0.258447951607469,0.00842701552775475,0,0,0.961882633450734,137,62.55,-165,"BS","BS"
"Yukon - Fall","Chum",1992,918056,407800,0,0,0.00854849813083298,0.761555939942661,0.225421978615684,0.00447249405265038,0,0,0.811481532798228,137,62.55,-165,"BS","BS"
"Yukon - Fall","Chum",1993,601315,371600,0,0,0.0164356452109128,0.799434572561802,0.178749906455019,0.00537987577226578,0,0,0.481300916745135,137,62.55,-165,"BS","BS"
"Yukon - Fall","Chum",1994,391564,945200,0,0,0.0115843131646423,0.603684199773217,0.378341727022913,0.0063897600392273,0,0,-0.881247569423637,137,62.55,-165,"BS","BS"
"Yukon - Fall","Chum",1995,340156,1153000,0,0,0.00730547160714496,0.778122390902997,0.213343289549501,0.00122590811274827,0,0,-1.22071818435677,137,62.55,-165,"BS","BS"
"Yukon - Fall","Chum",1996,310686,879100,0,0,0.00134219115119445,0.555760478425162,0.41605672608357,0.0268406043400733,0,0,-1.04011590101631,137,62.55,-165,"BS","BS"
"Yukon - Fall","Chum",1997,367459,535100,0,0,0.00680892290024193,0.659306208311676,0.323998051483295,0.0098895386968342,0,0,-0.375841897514014,137,62.55,-165,"BS","BS"
"Yukon - Fall","Chum",1998,336499,279600,0,0,0.00129866656364506,0.802174746433125,0.177795476361,0.0187281388651972,0,0,0.18523516695251,137,62.55,-165,"BS","BS"
"Yukon - Fall","Chum",1999,961719,285100,0,0,0.0303030303030303,0.748514898842593,0.20325687648887,0.0179251943655059,0,0,1.21588231228553,137,62.55,-165,"BS","BS"
"Yukon - Fall","Chum",2000,443612,221600,0,0,0.0204052189751404,0.721231616818301,0.258363164206559,0,0,0,0.694076351634856,137,62.55,-165,"BS","BS"
"Yukon - Fall","Chum",2001,2942432,326800,0,0,0.044483950691129,0.698957868864939,0.24473768637644,0.0118204940674925,0,0,2.19764336628087,137,62.55,-165,"BS","BS"
"Yukon - Fall","Chum",2002,731235,398700,0,0,0,0.636603827770826,0.342571129664198,0.0208250425649757,0,0,0.606525631127853,137,62.55,-165,"BS","BS"
"Yukon - Fall","Chum",2003,1398926,713150,0,0,0.0197594440306349,0.626065996342909,0.341466239100567,0.0127083205258891,0,0,0.673768301372118,137,62.55,-165,"BS","BS"
"Yukon - Fall","Chum",2004,518424,576000,0,0,0,0.699174806721911,0.295966236131043,0.00485895714704566,0,0,-0.10531422043317,137,62.55,-165,"BS","BS"
"Yukon - Fall","Chum",2005,491818,1898000,0,0,0.004955085011122,0.799795859443941,0.187296926911988,0.0079541619054203,0,0,-1.35044724981355,137,62.55,-165,"BS","BS"
"Yukon - Fall","Chum",2006,814655,942600,0,0,0.0325401550349534,0.486353118804893,0.443510443070993,0.0375975106026477,0,0,-0.145877303754395,137,62.55,-165,"BS","BS"
"Yukon - Fall","Chum",2007,1159707,955200,0,0,0.0818706794043668,0.747132680927165,0.163154141520229,0.00784163586147191,0,0,0.194001923349908,137,62.55,-165,"BS","BS"
"Yukon - Fall","Chum",2008,1295232,639450,0,0,0.00962453058602629,0.661947820930922,0.321096143393616,0.00733073302697895,0,0,0.705836676787911,137,62.55,-165,"BS","BS"
"Yukon - Fall","Chum",2009,1250109,497600,0,0,0.00958636406905318,0.630758597850267,0.341458224842794,0.0181968132378857,0,0,0.921189485069678,137,62.55,-165,"BS","BS"
"Yukon - Fall","Chum",2010,755903,505600,0,0,0.00304668720722103,0.657909811179477,0.326905700863735,0.0121378007495671,0,0,0.402167218236547,137,62.55,-165,"BS","BS"
"Yukon - Fall","Chum",2011,696064,916450,0,0,0.0330400652813534,0.702715554891504,0.261662720669364,0.00258165915777859,0,0,-0.275065900287961,137,62.55,-165,"BS","BS"
"Yukon - Fall","Chum",2012,1577342,692600,0,0,0.0440373742663291,0.741686964526399,0.210692418004466,0.00358387718072555,0,0,0.823043798952246,137,62.55,-165,"BS","BS"
"Yukon - Fall","Chum",2013,2275559,857700,0,0,0.0127994923445184,0.845497743631345,0.140280256411721,0.00142250761241524,0,0,0.975726627491578,137,62.55,-165,"BS","BS"
"Yukon - Fall","Chum",2014,947138,743200,0,0,0.0609974470457315,0.802470178580101,0.133910792302706,0.0026215820714616,0,0,0.242479618406689,137,62.55,-165,"BS","BS"
"Yukon - Fall","Chum",2015,781689,545800,0,0,0.038077803320758,0.850512160206937,0.11085994557938,0.000550090892925447,0,0,0.359204354958448,137,62.55,-165,"BS","BS"
"Yukon - Fall","Chum",2016,104613,833500,0,0,0.077036314798352,0.855734946899525,0.0615315496162045,0.00569718868591858,0,0,-2.07536587529972,137,62.55,-165,"BS","BS"
"Yukon - Fall","Chum",2017,148046,1733500,0,0,0.0376301960201559,0.590654256109588,0.360077273279927,0.01163827459033,0,0,-2.46037472884183,137,62.55,-165,"BS","BS"
"Yukon - Fall","Chum",2018,246642,656200,0,0,0.00381119193000381,0.753079361990253,0.22977027432473,0.0133391717550133,0,0,-0.978527727997229,137,62.55,-165,"BS","BS"
"Yukon - Fall","Chum",2019,339618,529300,0,0,0.00838000341560224,0.742363478967546,0.249256517616852,0,0,0,-0.443733922297818,137,62.55,-165,"BS","BS"
"Kwiniuk Inlet","Chum",1965,36257.90904,37124,0,0,0.0375727724810907,0.880300346188965,0.0758348344899483,0.00629204677931974,0,0,-0.0236061228165545,139,64.72,-161.96,"BS","BS"
"Kwiniuk Inlet","Chum",1966,97256.05252,30510,0,0,0.00999544269082987,0.856234408268579,0.13198919313901,0.00178095582549354,0,0,1.15929271854287,139,64.72,-161.96,"BS","BS"
"Kwiniuk Inlet","Chum",1967,58443.95285,27816,0,0,0.0268840004376946,0.803553260514958,0.166759474603197,0.00280326450061463,0,0,0.742456829348768,139,64.72,-161.96,"BS","BS"
"Kwiniuk Inlet","Chum",1968,48276.06522,19176,0,0,0.0599975518468736,0.738579878196627,0.190955472012679,0.0104670980515342,0,0,0.92327639660451,139,64.72,-161.96,"BS","BS"
"Kwiniuk Inlet","Chum",1969,54621.43325,20263,0,0,0.0402603356256676,0.617447616682596,0.342292047600197,0,0,0,0.99162979320623,139,64.72,-161.96,"BS","BS"
"Kwiniuk Inlet","Chum",1970,46672.75985,68695,0,0,0.0445667406788245,0.833653151325269,0.119334852104316,0.00244525593872718,0,0,-0.386515722743719,139,64.72,-161.96,"BS","BS"
"Kwiniuk Inlet","Chum",1971,47155.76816,39717,0,0,0.160736532321606,0.689391478889653,0.146826039255852,0.00304594958802597,0,0,0.17167703034663,139,64.72,-161.96,"BS","BS"
"Kwiniuk Inlet","Chum",1972,19163.62411,31114,0,0,0.00593139819731102,0.283873542695991,0.704789171008218,0.00540588799933417,0,0,-0.48464397421755,139,64.72,-161.96,"BS","BS"
"Kwiniuk Inlet","Chum",1973,45122.26634,29321,0,0,0.0193911455866824,0.711546698432081,0.26402900244926,0.00503315344111326,0,0,0.431071852246182,139,64.72,-161.96,"BS","BS"
"Kwiniuk Inlet","Chum",1974,34110.12883,37053,0,0,0.0475386886716722,0.668165402235451,0.281157512854811,0.0031383962908357,0,0,-0.0827549468022948,139,64.72,-161.96,"BS","BS"
"Kwiniuk Inlet","Chum",1975,24158.99689,14548,0,0,0.0857621760718725,0.799029037004028,0.115208786965492,0,0,0,0.507203325626273,139,64.72,-161.96,"BS","BS"
"Kwiniuk Inlet","Chum",1976,44602.56601,7010,0,0,0.024827876847976,0.541224981643158,0.400215667771174,0.0337314739843148,0,0,1.85045369018101,139,64.72,-161.96,"BS","BS"
"Kwiniuk Inlet","Chum",1977,57239.35365,22972,0,0.000262871011821777,0.0196374787156598,0.601729244194566,0.359222113787793,0.019148292251899,0,0,0.912965579693724,139,64.72,-161.96,"BS","BS"
"Kwiniuk Inlet","Chum",1978,81191.97331,13870,0,0,0.00422802445617761,0.541496076368734,0.442777448242808,0.011498451008642,0,0,1.76708815709275,139,64.72,-161.96,"BS","BS"
"Kwiniuk Inlet","Chum",1979,85961.36589,10989,0,0,0.0116681119665257,0.711468460357663,0.274252774440181,0.00261065334614589,0,0,2.05700318901576,139,64.72,-161.96,"BS","BS"
"Kwiniuk Inlet","Chum",1980,43464.43885,19969,0,0.00384608225765694,0.0100867366587433,0.816182338219696,0.162640619274899,0.00724422342335152,0,0,0.777762034998765,139,64.72,-161.96,"BS","BS"
"Kwiniuk Inlet","Chum",1981,32667.72054,36339,0,0,0.0124839552946659,0.472287448740371,0.486741580898806,0.0198053587702205,0.0086816561704308,0,-0.10650409379213,139,64.72,-161.96,"BS","BS"
"Kwiniuk Inlet","Chum",1982,32775.35751,45135,0,0.000917166336044644,0.00342353744473312,0.576407592632237,0.410598558868321,0.00865314489745744,0,0,-0.319981061150693,139,64.72,-161.96,"BS","BS"
"Kwiniuk Inlet","Chum",1983,18609.99743,62779,0,0,0.00845959563359273,0.625788704367382,0.365751700321433,0,0,0,-1.2159216900909,139,64.72,-161.96,"BS","BS"
"Kwiniuk Inlet","Chum",1984,23581.01526,53860,0,0,0.00548743041269717,0.697568581277446,0.270449611209827,0.0264943770576229,0,0,-0.825946137221466,139,64.72,-161.96,"BS","BS"
"Kwiniuk Inlet","Chum",1985,8907.941595,10052,0,0,0.031837873494724,0.379022599215863,0.589139527356769,0,0,0,-0.120828426773816,139,64.72,-161.96,"BS","BS"
"Kwiniuk Inlet","Chum",1986,25966.41032,23867,0,0,0,0.41384028048433,0.569763320677588,0.0163963989998291,0,0,0.084307040334682,139,64.72,-161.96,"BS","BS"
"Kwiniuk Inlet","Chum",1987,16779.73512,16460,0,0,0.00744665291832092,0.62045622326844,0.340459370433733,0.0316377535642529,0,0,0.0192387202066651,139,64.72,-161.96,"BS","BS"
"Kwiniuk Inlet","Chum",1988,15242.31083,14087,0,0,0,0.485578146551942,0.467336740370095,0.0470851128483384,0,0,0.0788227817508673,139,64.72,-161.96,"BS","BS"
"Kwiniuk Inlet","Chum",1989,22718.94767,9376,0,0,0.00250421972779693,0.406211376074709,0.521230884986672,0.0700535193846855,0,0,0.885046042604063,139,64.72,-161.96,"BS","BS"
"Kwiniuk Inlet","Chum",1990,38119.60671,14377,0,0,0.00186098374019662,0.555402729127475,0.402601587334163,0.038657302060082,0.00147739794847427,0,0.975099054135975,139,64.72,-161.96,"BS","BS"
"Kwiniuk Inlet","Chum",1991,34095.35434,23261,0,0,0.0105246878833288,0.636836981762249,0.345759985141718,0.00660709704769709,0.000271248238096475,0,0.382383000217048,139,64.72,-161.96,"BS","BS"
"Kwiniuk Inlet","Chum",1992,23637.0037,12863,0,0,0.00480947521703015,0.529915292943834,0.450313836097593,0.0149613958980765,0,0,0.608458464369317,139,64.72,-161.96,"BS","BS"
"Kwiniuk Inlet","Chum",1993,21920.97716,15922,0,0,0,0.560070251904774,0.436330117867793,0.00359963045552482,0,0,0.319742238886991,139,64.72,-161.96,"BS","BS"
"Kwiniuk Inlet","Chum",1994,16029.01414,31867,0,0,0.0737833551502501,0.607813597636517,0.315058346314491,0.00334470068725013,0,0,-0.687170527791128,139,64.72,-161.96,"BS","BS"
"Kwiniuk Inlet","Chum",1995,7028.161563,35991,0,0,0.050120355322287,0.656798219935856,0.266987169002848,0.0260942557105527,0,0,-1.63334374866561,139,64.72,-161.96,"BS","BS"
"Kwiniuk Inlet","Chum",1996,29398.15556,24443,0,0,0.00134204706888761,0.475975395852351,0.511540983559582,0.0111415735157774,0,0,0.184588059961111,139,64.72,-161.96,"BS","BS"
"Kwiniuk Inlet","Chum",1997,4331.063418,21847,0,0,0,0.375803188481504,0.605009310210013,0.0191875013569704,0,0,-1.61825050741101,139,64.72,-161.96,"BS","BS"
"Kwiniuk Inlet","Chum",1998,45121.83759,18069,0,0,0.0137174590499651,0.794866090248697,0.1866287400464,0.00478771065936989,0,0,0.915168570359523,139,64.72,-161.96,"BS","BS"
"Kwiniuk Inlet","Chum",1999,7722.82013,9353,0,0,0.0106030473922225,0.581073153907574,0.400946058807147,0.00737773993319718,0,0,-0.19151754830872,139,64.72,-161.96,"BS","BS"
"Kwiniuk Inlet","Chum",2000,9376.658384,14975,0,0,0.0118169009003325,0.741092881218482,0.224829288075299,0.0180799513811103,0.0041809784930307,0,-0.468158693495656,139,64.72,-161.96,"BS","BS"
"Kwiniuk Inlet","Chum",2001,20675.25087,16607,0,0,0.0208974782660037,0.460219424316954,0.47147907061889,0.0474040270399873,0,0,0.219113081589757,139,64.72,-161.96,"BS","BS"
"Kwiniuk Inlet","Chum",2002,46676.84153,38054,0,0,0.0146480241440621,0.646493105164479,0.322519370774572,0.0163394998397613,0,0,0.204241939343006,139,64.72,-161.96,"BS","BS"
"Kwiniuk Inlet","Chum",2003,23576.1153,12124,0,0,0.00359536601986333,0.60361555663074,0.330684073766809,0.0450384521999687,0.0170665512863351,0,0.665047176794556,139,64.72,-161.96,"BS","BS"
"Kwiniuk Inlet","Chum",2004,3592.467888,10359,0,0,0.0327381700732407,0.495363621744362,0.332518134118949,0.112001830898481,0.0273782431065115,0,-1.059016306767,139,64.72,-161.96,"BS","BS"
"Kwiniuk Inlet","Chum",2005,5489.341968,12084,0,0,0,0.322391946305503,0.659690521944178,0.0179175317849318,0,0,-0.789073875296073,139,64.72,-161.96,"BS","BS"
"Kwiniuk Inlet","Chum",2006,117092.216,39553,0,0,0.0464752301468101,0.682103886820282,0.268794528066665,0.0026263553138323,0,0,1.08532025060719,139,64.72,-161.96,"BS","BS"
"Kwiniuk Inlet","Chum",2007,17848.32391,27756,0,0,0.078902109806007,0.793530355086435,0.124917150609914,0.00265038433404361,0,0,-0.441542427819844,139,64.72,-161.96,"BS","BS"
"Kwiniuk Inlet","Chum",2008,9178.076073,9480,0,0.0219197889404986,0.0107163482202268,0.527728331458122,0.355634367599341,0.0840011638134087,0,0,-0.0323667117036663,139,64.72,-161.96,"BS","BS"
"Kwiniuk Inlet","Chum",2009,23520.83725,8739,0,0,0.00326865239204017,0.162906545811842,0.775749070752148,0.0580757311264504,0,0,0.990090953115393,139,64.72,-161.96,"BS","BS"
"Kwiniuk Inlet","Chum",2010,65363.34519,72162,0,0,0.00108558362356974,0.471805132683418,0.518280510759153,0.00882877281330282,0,0,-0.0989519613169378,139,64.72,-161.96,"BS","BS"
"Kwiniuk Inlet","Chum",2011,24396.01643,32240,0,0,0,0.744698020766172,0.236546047038385,0.0187559321831462,0,0,-0.278788059733384,139,64.72,-161.96,"BS","BS"
"Kwiniuk Inlet","Chum",2012,8733.638926,5587,0,0,0.0469216725550717,0.63872824629755,0.314350081135928,0,0,0,0.446739642536458,139,64.72,-161.96,"BS","BS"
"Kwiniuk Inlet","Chum",2013,37930.71333,5686,0,0,0.0101426711027794,0.820305220450227,0.169552108446994,0,0,0,1.89775414878079,139,64.72,-161.96,"BS","BS"
"Kwiniuk Inlet","Chum",2014,62480.4851,39774,0,0,0.0781163442183326,0.874920818596525,0.0469628371371272,0,0,0,0.451640837098488,139,64.72,-161.96,"BS","BS"
"Kwiniuk Inlet","Chum",2015,27743.49383,37812,0,0,0,0.865942176468839,0.127347718447039,0.00671010504447341,0,0,-0.309625156436511,139,64.72,-161.96,"BS","BS"
"Kwiniuk Inlet","Chum",2016,4292.089781,8531,0,0.0832439940752488,0.106819349406335,0.394665115230962,0.41527154135735,0,0,0,-0.686932845156945,139,64.72,-161.96,"BS","BS"
"Kwiniuk Inlet","Chum",2017,3807.138959,32560,0,0,0.063562468327545,0.650886996426021,0.264702704012859,0.0208478310470831,0,0,-2.14620656348076,139,64.72,-161.96,"BS","BS"
"Kwiniuk Inlet","Chum",2018,15713.57872,41849,0,0,0.0048644771335705,0.737530286162591,0.257605236409189,0,0,0,-0.97954267660785,139,64.72,-161.96,"BS","BS"
