"Stock.ID","Species","Stock","Ocean.Region2","BY","R0.1","R","S","Lat","Lon","ocean.basin","sst_raw","early_sst","np_all_spp_sec","det_np_all_spp_sec","RS","RS_stnd","lnRS","S_stnd","early_sst_stnd","np_all_spp_sec_stnd","det_np_all_spp_sec_stnd"
205,"Pink","Hecate Lowlands-Even","WC",1954,2271842,2271842,617914,52.45,-129.1,"SC",9.48628757216713,-1.02422511013478,397.4,58.3344681052386,3.67663137588726,0.869700089199007,1.30199694597116,-0.552450738683739,-1.4695112229854,-0.388122211207484,1.26865186751365
205,"Pink","Hecate Lowlands-Even","WC",1956,1264102,1264102,997293,52.45,-129.1,"SC",10.9793109677055,0.468798285403554,307.9,-19.1785619368125,1.26753321240598,-0.637525003063788,0.23707265922155,0.441508242408772,0.563625316657438,-0.894536308575085,0.324084797770589
205,"Pink","Hecate Lowlands-Even","WC",1958,1343417,1343417,386030,52.45,-129.1,"SC",10.6442790681666,0.133766385864647,262.6,-53.1084101486452,3.48008444939512,0.746732721614453,1.24705656055951,-1.1599782622727,0.107392950216257,-1.15085539919802,-0.0893813934606266
205,"Pink","Hecate Lowlands-Even","WC",1960,3794721,3794721,485666,52.45,-129.1,"SC",10.8799587488174,0.369446066515528,265.4,-40.3358527437175,7.81343762997616,3.45784626045439,2.05584502449805,-0.898935618794453,0.428331638661852,-1.13501227659881,0.0662638846887711
205,"Pink","Hecate Lowlands-Even","WC",1962,2805238,2805238,1174319,52.45,-129.1,"SC",11.2858126163483,0.775299934046358,245.6,-52.5949846808577,2.38882109546043,0.0639961132645348,0.870799978750247,0.90530983023225,0.981006385955261,-1.2470457864075,-0.0831248351842119
205,"Pink","Hecate Lowlands-Even","WC",1964,3895026,3895026,842691,52.45,-129.1,"SC",9.44184652241793,-1.06866615988398,275.7,-18.5092087584094,4.62212839581768,1.46123963486846,1.53085529074322,0.0364567071501933,-1.53002917761036,-1.076732218466,0.332241477621762
205,"Pink","Hecate Lowlands-Even","WC",1966,4919483,4919483,1205156,52.45,-129.1,"SC",10.3827498826114,-0.127762799690542,270.1,-24.6809132509208,4.08203004424323,1.12333319331174,1.40659442453774,0.986101632361386,-0.248746508096495,-1.10841846366442,0.257033621282655
205,"Pink","Hecate Lowlands-Even","WC",1968,2650760,2650760,1316518,52.45,-129.1,"SC",9.88650803132491,-0.624004650977001,268.2,-32.3923262416599,2.01346278592469,-0.170842579196249,0.699856018856322,1.27786596315572,-0.924507814560633,-1.1191691539996,0.163063010557084
205,"Pink","Hecate Lowlands-Even","WC",1970,2212040,2212040,788075,52.45,-129.1,"SC",9.2581906968897,-1.25232198541221,224.7,-87.1723874627344,2.80689020715033,0.325556337331318,1.03207718266762,-0.106635197544976,-1.78012396561941,-1.36530338009446,-0.504482070313381
205,"Pink","Hecate Lowlands-Even","WC",1972,1792555,1792555,749848,52.45,-129.1,"SC",10.0162372155623,-0.494275466739616,238.3,-90.0646047927034,2.39055781971813,0.0650826752067677,0.871526736082092,-0.206788526986572,-0.74784806125785,-1.28835107032687,-0.539726380166148
205,"Pink","Hecate Lowlands-Even","WC",1974,2907742,2907742,782915,52.45,-129.1,"SC",9.53590950098905,-0.974603181312863,305,-44.3992786635226,3.7139944949324,0.893075903187699,1.31210798068181,-0.120154207143392,-1.40193816488271,-0.910945256981409,0.0167473284129282
205,"Pink","Hecate Lowlands-Even","WC",1976,2160680,2160680,1388152,52.45,-129.1,"SC",10.139318596233,-0.371194086068894,349.6,-24.4406377061709,1.55651542482379,-0.45672654147502,0.442449620791826,1.46554439989466,-0.580241007584651,-0.65858694700828,0.259961598257779
205,"Pink","Hecate Lowlands-Even","WC",1978,1279809,1279809,1038646,52.45,-129.1,"SC",10.4818764708259,-0.0286362114760266,408,6.74270672233649,1.23218979325006,-0.659637214598246,0.208792906209099,0.549851576502432,-0.11376008447358,-0.328144675653332,0.639959132293599
205,"Pink","Hecate Lowlands-Even","WC",1980,853385,853385,702365,52.45,-129.1,"SC",10.6061469208111,0.0956342385091394,373.1,-56.9617813504172,1.21501640884725,-0.670381548840559,0.194757581925393,-0.331192234886102,0.055466193840431,-0.52561788233634,-0.13633824113792
205,"Pink","Hecate Lowlands-Even","WC",1982,1588954,1588954,628620,52.45,-129.1,"SC",11.354180671952,0.843667989650078,479.5,19.9166533387223,2.52768604244217,0.1508754009994,0.927304276500213,-0.524401413730127,1.07410713200361,0.0764207764336346,0.800495704604606
205,"Pink","Hecate Lowlands-Even","WC",1984,2865332,2865332,1016612,52.45,-129.1,"SC",9.99589357592843,-0.514619106373483,442.8,-46.2703012600903,2.81851089697938,0.332826690845857,1.03620869476561,0.492123309546717,-0.775551175095545,-0.131237294777438,-0.00605279087674762
205,"Pink","Hecate Lowlands-Even","WC",1986,2204648,2204648,1328543,52.45,-129.1,"SC",10.3949065100063,-0.115606172295613,384.8,-133.050532238686,1.65944798173638,-0.392327948283104,0.506485005941731,1.30937101943885,-0.232192123597689,-0.459416262903928,-1.06354916848718
205,"Pink","Hecate Lowlands-Even","WC",1988,2909735,2909735,929644,52.45,-129.1,"SC",10.7381285970861,0.227615914784208,523,-22.2964046529494,3.12994544148082,0.527672200748909,1.14101557356335,0.264270358625202,0.235193296175222,0.322555002528502,0.286091036506148
205,"Pink","Hecate Lowlands-Even","WC",1990,729752,729752,1350469,52.45,-129.1,"SC",10.4126507585699,-0.0978619237320205,472.3,-98.5345494540033,0.540369308736446,-1.09246689725988,-0.615502468112822,1.36681633037972,-0.208028751321706,0.0356813183213807,-0.642940392123488
205,"Pink","Hecate Lowlands-Even","WC",1992,708367,708367,364747,52.45,-129.1,"SC",11.2821352806958,0.771622598393912,698.6,104.586515589127,1.94207765930906,-0.215503878465998,0.663758358415129,-1.21573893693996,0.975998744744908,1.31614511982181,1.8322753116981
205,"Pink","Hecate Lowlands-Even","WC",1994,1513255,1513255,477515,52.45,-129.1,"SC",11.246404951269,0.735892268967064,677.1,62.4949727182841,3.16902086845439,0.552119300878834,1.15342266587309,-0.920290938026369,0.927342683126391,1.19449257129216,1.31935141633615
205,"Pink","Hecate Lowlands-Even","WC",1996,519469,519469,1305916,52.45,-129.1,"SC",11.2667862068523,0.756273524550395,636.1,3.41288756017445,0.397781327436068,-1.18167545942177,-0.921852853241468,1.25008911436456,0.955097020783858,0.962503990375158,0.599382244419762
205,"Pink","Hecate Lowlands-Even","WC",1998,1189307,1189307,457943,52.45,-129.1,"SC",9.5777269710194,-0.93278571128251,567.9,-80.751501994812,2.59706338998522,0.194280555939372,0.954381341310411,-0.971568855828732,-1.34499289090495,0.576610789922975,-0.426237716192518
205,"Pink","Hecate Lowlands-Even","WC",2000,1651720,1651720,1103046,52.45,-129.1,"SC",9.96001044186679,-0.550502240435121,574.2,-88.905210980894,1.49741715214053,-0.493700709173065,0.403741725363862,0.718577200172582,-0.824415319646551,0.612257815771197,-0.525598107604684
205,"Pink","Hecate Lowlands-Even","WC",2002,1025609,1025609,1351720,52.45,-129.1,"SC",11.2913944504478,0.78088176814586,594.2,-82.4804935346892,0.758743674725535,-0.955843438359345,-0.276091273083988,1.3700939042184,0.988607493144763,0.725422977194125,-0.447307057328407
205,"Pink","Hecate Lowlands-Even","WC",2004,459758,459758,850779,52.45,-129.1,"SC",11.754961122166,1.24444843986411,580.1,-109.715062898771,0.540396507201047,-1.09244988084729,-0.615452136275516,0.0576469687067799,1.61987311272413,0.645641538390961,-0.779185160480728
205,"Pink","Hecate Lowlands-Even","WC",2006,368844,368844,427320,52.45,-129.1,"SC",10.1893921657042,-0.321120516597704,524.7,-177.889254199671,0.863156416736872,-0.890518784056327,-0.147159356654793,-1.05179998585437,-0.512052924218742,0.332174041249451,-1.6099499502749
205,"Pink","Hecate Lowlands-Even","WC",2008,393015,393015,367560,52.45,-129.1,"SC",10.0246757160534,-0.485836966248558,647.1,-67.5953162617703,1.06925399934705,-0.761576156199323,0.0669612084471311,-1.20836898073835,-0.736356865781989,1.02474482915777,-0.265917576467456
205,"Pink","Hecate Lowlands-Even","WC",2010,764768,764768,388933,52.45,-129.1,"SC",10.4344050559131,-0.0761076263888586,652.5,-73.0666645614638,1.96632324847724,-0.200334899084028,0.676165427577468,-1.15237250939204,-0.178404663075795,1.05529942274196,-0.33259095290728
205,"Pink","Hecate Lowlands-Even","WC",2012,1637689,1637689,752950,52.45,-129.1,"SC",10.873517296531,0.363004614229071,609.4,-125.22893264939,2.17503021448967,-0.0697597399342636,0.777042556163549,-0.19866140144892,0.419559939537044,0.81142849987555,-0.968235833416212
205,"Pink","Hecate Lowlands-Even","WC",2014,348086,348086,1397904,52.45,-129.1,"SC",12.1574323610826,1.64691967878069,685.7,-55.8769898456429,0.2490056541794,-1.27475528126129,-1.39027967522745,1.49109428005042,2.16794153847145,1.24315359070402,-0.12311906582777
205,"Pink","Hecate Lowlands-Even","WC",2016,113096,113096,263258,52.45,-129.1,"SC",11.0103232101961,0.499810527894148,950.1,203.542244476451,0.429601379635187,-1.16176760268159,-0.844897524351329,-1.48163637204338,0.605856485688219,2.73919702471512,3.03814125215585
205,"Pink","Hecate Lowlands-Even","WC",2018,537834,537834,110542,52.45,-129.1,"SC",11.6693568338047,1.15884415150283,486.1,-264.058998644764,4.8654267156375,1.61345648435038,1.58215442312506,-1.88174665689447,1.50330078898322,0.113765279703201,-2.66000699186977
206,"Pink","Hecate Strait-Fjords-Even","WC",1954,3825450,3825450,719647,52.45,-129.1,"SC",9.48628757216713,-1.02422511013478,397.4,58.3344681052386,5.31573118487258,0.537087050811124,1.67067057239271,-1.19547787879823,-1.4695112229854,-0.388122211207484,1.26865186751365
206,"Pink","Hecate Strait-Fjords-Even","WC",1956,3283417,3283417,1827670,52.45,-129.1,"SC",10.9793109677055,0.468798285403554,307.9,-19.1785619368125,1.79650429235037,-0.379370363105056,0.585842716853508,-0.752198425147735,0.563625316657438,-0.894536308575085,0.324084797770589
206,"Pink","Hecate Strait-Fjords-Even","WC",1958,9013461,9013461,961989,52.45,-129.1,"SC",10.6442790681666,0.133766385864647,262.6,-53.1084101486452,9.3696092159058,1.59277532841168,2.23747138950077,-1.09852571322354,0.107392950216257,-1.15085539919802,-0.0893813934606266
206,"Pink","Hecate Strait-Fjords-Even","WC",1960,32855873,32855873,3255508,52.45,-129.1,"SC",10.8799587488174,0.369446066515528,265.4,-40.3358527437175,10.0923951039285,1.7809991929087,2.31178218022337,-0.180972693785282,0.428331638661852,-1.13501227659881,0.0662638846887711
206,"Pink","Hecate Strait-Fjords-Even","WC",1962,9702463,9702463,10716162,52.45,-129.1,"SC",11.2858126163483,0.775299934046358,245.6,-52.5949846808577,0.905404658869472,-0.611425553231279,-0.0993732983457685,2.80376194529297,0.981006385955261,-1.2470457864075,-0.0831248351842119
206,"Pink","Hecate Strait-Fjords-Even","WC",1964,9539214,9539214,3180325,52.45,-129.1,"SC",9.44184652241793,-1.06866615988398,275.7,-18.5092087584094,2.99944628300567,-0.0661069278347548,1.0984276993011,-0.211050660726226,-1.53002917761036,-1.076732218466,0.332241477621762
206,"Pink","Hecate Strait-Fjords-Even","WC",1966,18335306,18335306,3259006,52.45,-129.1,"SC",10.3827498826114,-0.127762799690542,270.1,-24.6809132509208,5.62604241906888,0.617896569459937,1.72740624986663,-0.179573271996322,-0.248746508096495,-1.10841846366442,0.257033621282655
206,"Pink","Hecate Strait-Fjords-Even","WC",1968,6081341,6081341,5029544,52.45,-129.1,"SC",9.88650803132491,-0.624004650977001,268.2,-32.3923262416599,1.20912372970591,-0.53233272895012,0.189895906930475,0.528754188090197,-0.924507814560633,-1.1191691539996,0.163063010557084
206,"Pink","Hecate Strait-Fjords-Even","WC",1970,11684463,11684463,2035198,52.45,-129.1,"SC",9.2581906968897,-1.25232198541221,224.7,-87.1723874627344,5.74119225746094,0.647883247309521,1.74766689912171,-0.669174066937499,-1.78012396561941,-1.36530338009446,-0.504482070313381
206,"Pink","Hecate Strait-Fjords-Even","WC",1972,8041627,8041627,4109698,52.45,-129.1,"SC",10.0162372155623,-0.494275466739616,238.3,-90.0646047927034,1.95674402352679,-0.337641627185072,0.671281879412616,0.160757465709348,-0.74784806125785,-1.28835107032687,-0.539726380166148
206,"Pink","Hecate Strait-Fjords-Even","WC",1974,6932165,6932165,3003212,52.45,-129.1,"SC",9.53590950098905,-0.974603181312863,305,-44.3992786635226,2.30825030001212,-0.246104325680714,0.836489791644433,-0.281907090488424,-1.40193816488271,-0.910945256981409,0.0167473284129282
206,"Pink","Hecate Strait-Fjords-Even","WC",1976,10217631,10217631,3395333,52.45,-129.1,"SC",10.139318596233,-0.371194086068894,349.6,-24.4406377061709,3.00931631742748,-0.0635366285907082,1.10171291589397,-0.125033828250288,-0.580241007584651,-0.65858694700828,0.259961598257779
206,"Pink","Hecate Strait-Fjords-Even","WC",1978,6155318,6155318,4842456,52.45,-129.1,"SC",10.4818764708259,-0.0286362114760266,408,6.74270672233649,1.27111490532903,-0.516189333189561,0.239894393572628,0.453907125868055,-0.11376008447358,-0.328144675653332,0.639959132293599
206,"Pink","Hecate Strait-Fjords-Even","WC",1980,1434578,1434578,3592315,52.45,-129.1,"SC",10.6061469208111,0.0956342385091394,373.1,-56.9617813504172,0.399346382485946,-0.743210423439786,-0.917926112164974,-0.0462285387039679,0.055466193840431,-0.52561788233634,-0.13633824113792
206,"Pink","Hecate Strait-Fjords-Even","WC",1982,3916650,3916650,1079426,52.45,-129.1,"SC",11.354180671952,0.843667989650078,479.5,19.9166533387223,3.62845623507309,0.0976963311208221,1.28880727822555,-1.05154346718862,1.07410713200361,0.0764207764336346,0.800495704604606
206,"Pink","Hecate Strait-Fjords-Even","WC",1984,17097241,17097241,2721936,52.45,-129.1,"SC",9.99589357592843,-0.514619106373483,442.8,-46.2703012600903,6.28127957453812,0.788529770257275,1.83757371363244,-0.394435324654139,-0.775551175095545,-0.131237294777438,-0.00605279087674762
206,"Pink","Hecate Strait-Fjords-Even","WC",1986,17251900,17251900,8735211,52.45,-129.1,"SC",10.3949065100063,-0.115606172295613,384.8,-133.050532238686,1.97498377543485,-0.332891732854687,0.680560183349644,2.01125594407421,-0.232192123597689,-0.459416262903928,-1.06354916848718
206,"Pink","Hecate Strait-Fjords-Even","WC",1988,10876291,10876291,7203354,52.45,-129.1,"SC",10.7381285970861,0.227615914784208,523,-22.2964046529494,1.50989261391291,-0.454008175795422,0.412038531683958,1.39841601743849,0.235193296175222,0.322555002528502,0.286091036506148
206,"Pink","Hecate Strait-Fjords-Even","WC",1990,14144346,14144346,5431473,52.45,-129.1,"SC",10.4126507585699,-0.0978619237320205,472.3,-98.5345494540033,2.60414550528006,-0.169048948777833,0.957104600388937,0.689551272199724,-0.208028751321706,0.0356813183213807,-0.642940392123488
206,"Pink","Hecate Strait-Fjords-Even","WC",1992,1862120,1862120,7867158,52.45,-129.1,"SC",11.2821352806958,0.771622598393912,698.6,104.586515589127,0.236695386059362,-0.785567087590293,-1.44098125543055,1.66397970560292,0.975998744744908,1.31614511982181,1.8322753116981
206,"Pink","Hecate Strait-Fjords-Even","WC",1994,5667216,5667216,1253868,52.45,-129.1,"SC",11.246404951269,0.735892268967064,677.1,62.4949727182841,4.5197867718133,0.329811651784337,1.50846481835381,-0.981755606779851,0.927342683126391,1.19449257129216,1.31935141633615
206,"Pink","Hecate Strait-Fjords-Even","WC",1996,2964731,2964731,5169371,52.45,-129.1,"SC",11.2667862068523,0.756273524550395,636.1,3.41288756017445,0.573518712431358,-0.697853437956214,-0.555964714468361,0.584693853752,0.955097020783858,0.962503990375158,0.599382244419762
206,"Pink","Hecate Strait-Fjords-Even","WC",1998,6226675,6226675,2545948,52.45,-129.1,"SC",9.5777269710194,-0.93278571128251,567.9,-80.751501994812,2.44571962978034,-0.210305330532128,0.894339406729633,-0.464841683086269,-1.34499289090495,0.576610789922975,-0.426237716192518
206,"Pink","Hecate Strait-Fjords-Even","WC",2000,6843433,6843433,5756327,52.45,-129.1,"SC",9.96001044186679,-0.550502240435121,574.2,-88.905210980894,1.18885410783647,-0.53761123067986,0.172989908612885,0.819513469406983,-0.824415319646551,0.612257815771197,-0.525598107604684
206,"Pink","Hecate Strait-Fjords-Even","WC",2002,2906515,2906515,5848438,52.45,-129.1,"SC",11.2913944504478,0.78088176814586,594.2,-82.4804935346892,0.496972866943276,-0.717787079561162,-0.699219848051298,0.856363709659397,0.988607493144763,0.725422977194125,-0.447307057328407
206,"Pink","Hecate Strait-Fjords-Even","WC",2004,853749,853749,2542878,52.45,-129.1,"SC",11.754961122166,1.24444843986411,580.1,-109.715062898771,0.335741234931444,-0.759774120757346,-1.09141454985718,-0.466069877738101,1.61987311272413,0.645641538390961,-0.779185160480728
206,"Pink","Hecate Strait-Fjords-Even","WC",2006,924241,924241,815178,52.45,-129.1,"SC",10.1893921657042,-0.321120516597704,524.7,-177.889254199671,1.13379041141935,-0.551950610992716,0.12556636584227,-1.15725942170241,-0.512052924218742,0.332174041249451,-1.6099499502749
206,"Pink","Hecate Strait-Fjords-Even","WC",2008,839848,839848,921529,52.45,-129.1,"SC",10.0246757160534,-0.485836966248558,647.1,-67.5953162617703,0.911363614167324,-0.609873755370927,-0.0928133239607938,-1.11471227856983,-0.736356865781989,1.02474482915777,-0.265917576467456
206,"Pink","Hecate Strait-Fjords-Even","WC",2010,3502607,3502607,829663,52.45,-129.1,"SC",10.4344050559131,-0.0761076263888586,652.5,-73.0666645614638,4.22172255482045,0.252191432961093,1.4402432331078,-1.15146450328814,-0.178404663075795,1.05529942274196,-0.33259095290728
206,"Pink","Hecate Strait-Fjords-Even","WC",2012,4307992,4307992,3435342,52.45,-129.1,"SC",10.873517296531,0.363004614229071,609.4,-125.22893264939,1.25402128812794,-0.520640757520251,0.226355418245213,-0.109027691499424,0.419559939537044,0.81142849987555,-0.968235833416212
206,"Pink","Hecate Strait-Fjords-Even","WC",2014,8531692,8531692,3636577,52.45,-129.1,"SC",12.1574323610826,1.64691967878069,685.7,-55.8769898456429,2.34607764389424,-0.236253540037085,0.85274484597272,-0.0285209322937415,2.16794153847145,1.24315359070402,-0.12311906582777
206,"Pink","Hecate Strait-Fjords-Even","WC",2016,748633,748633,5911812,52.45,-129.1,"SC",11.0103232101961,0.499810527894148,950.1,203.542244476451,0.126633424743547,-0.814228808905381,-2.06645878560738,0.881717327856534,0.605856485688219,2.73919702471512,3.03814125215585
206,"Pink","Hecate Strait-Fjords-Even","WC",2018,14208909,14208909,726093,52.45,-129.1,"SC",11.6693568338047,1.15884415150283,486.1,-264.058998644764,19.5689932281402,4.24884195351387,2.97394633543163,-1.19289907009279,1.50330078898322,0.113765279703201,-2.66000699186977
207,"Pink","N Haida Gwaii-Even","SEAK",1954,870934,870934,680033,54.09,-132.14,"NC",8.87386859380282,-0.889536563915497,397.4,58.3344681052386,1.28072314137696,-0.310745347541431,0.247424872605734,-0.401816562083338,-1.16800859660886,-0.265014718796208,1.54194735079984
207,"Pink","N Haida Gwaii-Even","SEAK",1956,1193728,1193728,724076,54.09,-132.14,"NC",10.2543368614637,0.490931703745376,307.9,-19.1785619368125,1.64862252028793,-0.0518010028604606,0.499940103053554,-0.350446153330461,0.702027935265285,-0.85279310965018,0.449766008349264
207,"Pink","N Haida Gwaii-Even","SEAK",1958,167077,167077,643036,54.09,-132.14,"NC",10.0490013911174,0.285596233399071,262.6,-53.1084101486452,0.25982526639255,-1.02929978491658,-1.34774592623136,-0.444968731840851,0.423872442790407,-1.15029435105448,-0.0283155109648425
207,"Pink","N Haida Gwaii-Even","SEAK",1960,339237,339237,126966,54.09,-132.14,"NC",10.2211002478233,0.457695090104958,265.4,-40.3358527437175,2.67187278484004,0.668409153469272,0.982779644076927,-1.04689700296445,0.657004313093452,-1.13190575335179,0.15165357146521
207,"Pink","N Haida Gwaii-Even","SEAK",1962,870420,870420,219796,54.09,-132.14,"NC",10.5157748093972,0.752369651678869,245.6,-52.5949846808577,3.9601266629056,1.57514092677607,1.37627601033708,-0.938622928888449,1.05618204724807,-1.26193940853512,-0.0210811954394096
207,"Pink","N Haida Gwaii-Even","SEAK",1964,2959786,2959786,640373,54.09,-132.14,"NC",8.56792898361499,-1.19547617410332,275.7,-18.5092087584094,4.62197188201251,2.0409777462053,1.53082142832276,-0.44807477362976,-1.58244640803932,-1.06426198323116,0.459197391080208
207,"Pink","N Haida Gwaii-Even","SEAK",1966,2869152,2869152,1672758,54.09,-132.14,"NC",9.72710977150844,-0.0362953862098752,270.1,-24.6809132509208,1.71522240515364,-0.0049249695455053,0.539542754515212,0.756067529127505,-0.0121745871010047,-1.10103917863655,0.372236263458408
207,"Pink","N Haida Gwaii-Even","SEAK",1968,887472,887472,2040700,54.09,-132.14,"NC",9.05015664834243,-0.713248509375887,268.2,-32.3923262416599,0.434886068505905,-0.906084016472628,-0.832671193678933,1.18522382950102,-0.929201874393733,-1.11351715564909,0.263580191210334
207,"Pink","N Haida Gwaii-Even","SEAK",1970,713316,713316,629830,54.09,-132.14,"NC",8.45040537760808,-1.31299978011024,224.7,-87.1723874627344,1.132553228649,-0.415034082864533,0.124474578285109,-0.460371806517655,-1.74164850035754,-1.39919715567309,-0.508286948695048
207,"Pink","N Haida Gwaii-Even","SEAK",1972,372717,372717,521552,54.09,-132.14,"NC",9.13892914698674,-0.624476010731578,238.3,-90.0646047927034,0.714630564162346,-0.709187095036408,-0.33598956329944,-0.586663955529847,-0.808947161279684,-1.30988110968858,-0.54903913970591
207,"Pink","N Haida Gwaii-Even","SEAK",1974,435976,435976,295904,54.09,-132.14,"NC",8.61841071569003,-1.14499444202829,305,-44.3992786635226,1.4733697415378,-0.175151893207993,0.387552118567167,-0.849852884400928,-1.51406187115131,-0.871838442985113,0.0943987076876805
207,"Pink","N Haida Gwaii-Even","SEAK",1976,351773,351773,430632,54.09,-132.14,"NC",9.49857760392703,-0.26482755379129,349.6,-24.4406377061709,0.816876126251649,-0.637222010044624,-0.202267815872667,-0.692710263996834,-0.321753236677481,-0.578934351006486,0.375621816401965
207,"Pink","N Haida Gwaii-Even","SEAK",1978,535336,535336,333926,54.09,-132.14,"NC",9.75496938595405,-0.00843577176426856,408,6.74270672233649,1.60315758581243,-0.0838012951647618,0.47197517560312,-0.805505185978889,0.0255651407853097,-0.195400741778866,0.815004291342622
207,"Pink","N Haida Gwaii-Even","SEAK",1980,563470,563470,429222,54.09,-132.14,"NC",10.0282931969716,0.264888039253288,373.1,-56.9617813504172,1.31277054764201,-0.288188922905453,0.272139825778227,-0.694354844891449,0.395820309707063,-0.424601477430303,-0.0826106421167082
207,"Pink","N Haida Gwaii-Even","SEAK",1982,2529414,2529414,545373,54.09,-132.14,"NC",10.6206875947806,0.857282437062237,479.5,19.9166533387223,4.6379523738799,2.05222554446614,1.53427297010444,-0.558879869366273,1.19830102667235,0.274165235272072,1.00062906556511
207,"Pink","N Haida Gwaii-Even","SEAK",1984,2108245,2108245,1848423,54.09,-132.14,"NC",9.07471423882705,-0.68869091889127,442.8,-46.2703012600903,1.14056414576101,-0.409395634417017,0.131523004703887,0.960957814838606,-0.89593519784864,0.0331432582403321,0.0680354501790261
207,"Pink","N Haida Gwaii-Even","SEAK",1986,1033016,1033016,1241513,54.09,-132.14,"NC",9.51334503980783,-0.250060117910482,384.8,-133.050532238686,0.832062169304711,-0.626533381055055,-0.183848118230523,0.253076544802319,-0.301748688057169,-0.347763408458331,-1.15472347328139
207,"Pink","N Haida Gwaii-Even","SEAK",1988,3483143,3483143,847675,54.09,-132.14,"NC",9.87476796370287,0.111362805984547,523,-22.2964046529494,4.10905476745215,1.67996331204495,1.41319301846958,-0.206284058299542,0.187848999172329,0.55984523529607,0.405834689428912
207,"Pink","N Haida Gwaii-Even","SEAK",1990,1928340,1928340,2113319,54.09,-132.14,"NC",9.59014876072223,-0.173256396996085,472.3,-98.5345494540033,0.912469911073529,-0.569938748954188,-0.0916001682351455,1.26992441105144,-0.197707351317749,0.226880269750859,-0.668383145812264
207,"Pink","N Haida Gwaii-Even","SEAK",1992,1038130,1038130,1483057,54.09,-132.14,"NC",10.4675488747083,0.704143716990003,698.6,104.586515589127,0.699993324599122,-0.719489451125883,-0.356684480271172,0.534806082113691,0.990853302093518,1.71307300550789,2.19365227427704
207,"Pink","N Haida Gwaii-Even","SEAK",1994,4925891,4925891,961015,54.09,-132.14,"NC",10.2803451189628,0.516939961244482,677.1,62.4949727182841,5.12571708037856,2.39553656786792,1.63427043335949,-0.0740877472387382,0.737259742321691,1.57187484457648,1.60057008185657
207,"Pink","N Haida Gwaii-Even","SEAK",1996,1201654,1201654,4417164,54.09,-132.14,"NC",10.4369420455052,0.673536887786912,636.1,3.41288756017445,0.272041970821097,-1.0207011117365,-1.30179892010053,3.95705878775762,0.949392089202623,1.30261323535846,0.768086162085195
207,"Pink","N Haida Gwaii-Even","SEAK",1998,737354,737354,1132489,54.09,-132.14,"NC",8.79255071053139,-0.97085444718693,567.9,-80.751501994812,0.651091533780902,-0.75390875951024,-0.42910504177133,0.125914284196239,-1.2781649949663,0.854719534171415,-0.417814787998033
207,"Pink","N Haida Gwaii-Even","SEAK",2000,1504019,1504019,736793,54.09,-132.14,"NC",9.22741647867056,-0.535988679047757,574.2,-88.905210980894,2.0413046812334,0.224586592940678,0.713589153055635,-0.335613433304343,-0.689078746529958,0.896093879002477,-0.532702940629136
207,"Pink","N Haida Gwaii-Even","SEAK",2002,305669,305669,1504019,54.09,-132.14,"NC",10.5462204768108,0.782815319092433,594.2,-82.4804935346892,0.203234799560378,-1.06913073378207,-1.59339332026171,0.55925551808031,1.0974249440494,1.02744100545029,-0.442176786233483
207,"Pink","N Haida Gwaii-Even","SEAK",2004,375987,375987,305669,54.09,-132.14,"NC",11.1490329504013,1.38562779268299,580.1,-109.715062898771,1.23004622647373,-0.346414069132955,0.207051751177093,-0.838463286928643,1.91401839562788,0.934841281304582,-0.825919861597577
207,"Pink","N Haida Gwaii-Even","SEAK",2006,916824,916824,375914,54.09,-132.14,"NC",9.38788641416109,-0.375518743557222,524.7,-177.889254199671,2.43891954010758,0.504446046281882,0.891555129803856,-0.756531666402208,-0.471699869619397,0.571009741044135,-1.78651422534655
207,"Pink","N Haida Gwaii-Even","SEAK",2008,1991804,1991804,916824,54.09,-132.14,"NC",9.41353148680467,-0.349873670913647,647.1,-67.5953162617703,2.17250421018647,0.316930798978131,0.775880516100973,-0.125630778667078,-0.436960047032013,1.37485415490476,-0.232440269834477
207,"Pink","N Haida Gwaii-Even","SEAK",2010,276306,276306,1803804,54.09,-132.14,"NC",9.82773258135869,0.0643274236403708,652.5,-73.0666645614638,0.153179613749609,-1.10436185411182,-1.8761441000497,0.908915577294738,0.124133022981643,1.41031787904567,-0.309533173153209
207,"Pink","N Haida Gwaii-Even","SEAK",2018,1559698,1559698,1114194,54.09,-132.14,"NC",11.1311795069621,1.3677743492438,486.1,-264.058998644764,1.39984419230403,-0.226902524644239,0.336360939216482,0.104575555496244,1.88983341996915,0.317509786999852,-3.00067121437934
166,"Pink","S Southeast Alaska-Even","SEAK",1960,18018178,18018178,1645697.5,55.71556,-131.8714,"NC",9.97797310352326,0.538409418275916,265.4,-40.3358527437175,10.9486573322254,4.22646562639638,2.39321683068269,-1.7634737199148,0.611258857622534,-1.23358133470831,0.171557064888422
166,"Pink","S Southeast Alaska-Even","SEAK",1962,18498952,18498952,7277750,55.71556,-131.8714,"NC",10.1324439287186,0.692880243471225,245.6,-52.5949846808577,2.54185043454364,-0.10310313817143,0.932892333327226,-0.917827637305267,0.805392126124801,-1.34635142589339,0.0321050679330813
166,"Pink","S Southeast Alaska-Even","SEAK",1964,24066917.5,24066917.5,7241005,55.71556,-131.8714,"NC",8.04369090795517,-1.39587277729218,275.7,-18.5092087584094,3.32369850593944,0.299554497450755,1.20107817069523,-0.923344855993389,-1.81967607366039,-1.17491810545547,0.419842922826136
166,"Pink","S Southeast Alaska-Even","SEAK",1966,22660571,22660571,8505362.5,55.71556,-131.8714,"NC",9.41866927146912,-0.0208944137782226,270.1,-24.6809132509208,2.66426868931218,-0.0400568164812134,0.979929606943601,-0.733503059083119,-0.091653688259368,-1.20681267669973,0.349637583613535
166,"Pink","S Southeast Alaska-Even","SEAK",1968,11799014,11799014,7466695,55.71556,-131.8714,"NC",8.64490840435028,-0.79465528089706,268.2,-32.3923262416599,1.58021909291862,-0.598350509783742,0.457563503829769,-0.889457766982031,-1.0640879714517,-1.21763404908618,0.261917511228313
166,"Pink","S Southeast Alaska-Even","SEAK",1970,15278597.5,15278597.5,6428255,55.71556,-131.8714,"NC",8.07322098016739,-1.36634270507995,224.7,-87.1723874627344,2.37678771299521,-0.18811168090455,0.865749875595177,-1.04537831602255,-1.78256376180202,-1.4653865221443,-0.361225217782623
166,"Pink","S Southeast Alaska-Even","SEAK",1972,9844297.5,9844297.5,6125952.5,55.71556,-131.8714,"NC",8.74462995529175,-0.694933729955595,238.3,-90.0646047927034,1.60698234274588,-0.584567234885112,0.47435809898243,-1.09076868212586,-0.938761583119763,-1.38792827769395,-0.394125221172839
166,"Pink","S Southeast Alaska-Even","SEAK",1974,13648641,13648641,5623492.5,55.71556,-131.8714,"NC",8.18626902103424,-1.2532946642131,305,-44.3992786635226,2.42707552290681,-0.162213080677177,0.886687044062872,-1.16621246228736,-1.64048912962788,-1.00804115233816,0.125334146177499
166,"Pink","S Southeast Alaska-Even","SEAK",1976,28963338,28963338,8486705,55.71556,-131.8714,"NC",9.27609044313431,-0.163473242113037,349.6,-24.4406377061709,3.4127895337472,0.34543704666288,1.22753000196606,-0.736304460843185,-0.270841531199057,-0.754023674214196,0.352370803608777
166,"Pink","S Southeast Alaska-Even","SEAK",1978,25022308,25022308,10538360,55.71556,-131.8714,"NC",9.35692638158799,-0.082637303659357,408,6.74270672233649,2.37440246869532,-0.189340099654064,0.864745813703709,-0.428250866950682,-0.169249888087037,-0.421408859809727,0.707092465354428
166,"Pink","S Southeast Alaska-Even","SEAK",1980,23055869.5,23055869.5,12098035,55.71556,-131.8714,"NC",9.80967165231706,0.370107967069713,373.1,-56.9617813504172,1.9057532483581,-0.43069797198376,0.644877336388585,-0.1940674935013,0.399743765532981,-0.620180384171302,-0.0175688012275165
166,"Pink","S Southeast Alaska-Even","SEAK",1982,38863370,38863370,10094797.5,55.71556,-131.8714,"NC",10.3812678098679,0.941704124620514,479.5,19.9166533387223,3.84984146536867,0.570522077718389,1.34803196962554,-0.494851256509815,1.11810485532694,-0.0141835305302834,0.85695080547656
166,"Pink","S Southeast Alaska-Even","SEAK",1984,73580617,73580617,19186855,55.71556,-131.8714,"NC",8.65117158889771,-0.788392096349634,442.8,-46.2703012600903,3.83494934422551,0.562852523353181,1.34415622592508,0.870310522031066,-1.05621663078988,-0.223206881363229,0.104050597001439
166,"Pink","S Southeast Alaska-Even","SEAK",1986,17230951.5,17230951.5,28561160,55.71556,-131.8714,"NC",9.16053687334061,-0.279026811906738,384.8,-133.050532238686,0.603300128566207,-1.10147112205099,-0.50534048043051,2.27785143192794,-0.416065020248154,-0.553543512107393,-0.883105473123534
166,"Pink","S Southeast Alaska-Even","SEAK",1988,39534644.5,39534644.5,8176162.5,55.71556,-131.8714,"NC",9.56327167749405,0.123707992246709,523,-22.2964046529494,4.83535454438436,1.07806872365788,1.57595445494163,-0.782932053289948,0.0900773129145959,0.23356894252784,0.376762219146405
166,"Pink","S Southeast Alaska-Even","SEAK",1990,32723773.5,32723773.5,12851392.5,55.71556,-131.8714,"NC",9.14892909526825,-0.290634589979093,472.3,-98.5345494540033,2.54632122550144,-0.100800647211501,0.934649660873173,-0.0809517477444007,-0.430653250060392,-0.0551908364157658,-0.490473861776101
166,"Pink","S Southeast Alaska-Even","SEAK",1992,34227825,34227825,13714197.5,55.71556,-131.8714,"NC",10.0918286919594,0.652265006712042,698.6,104.586515589127,2.49579495993112,-0.126822053896104,0.914607299669401,0.0485974118747466,0.754348385968145,1.23369156940155,1.82010067883595
166,"Pink","S Southeast Alaska-Even","SEAK",1994,83426595.5,83426595.5,13167560,55.71556,-131.8714,"NC",9.85513020753861,0.415566522291264,677.1,62.4949727182841,6.33576725680384,1.85079255242136,1.84621092037845,-0.0334795681396386,0.456874410723699,1.11123919766018,1.34129437033319
166,"Pink","S Southeast Alaska-Even","SEAK",1996,41128807.5,41128807.5,29750272.5,55.71556,-131.8714,"NC",10.0756526947021,0.636089009454802,636.1,3.41288756017445,1.38246826142517,-0.7001936749262,0.323870496773011,2.45639528026867,0.734018985805615,0.87772537247896,0.669214585089769
166,"Pink","S Southeast Alaska-Even","SEAK",1998,25882719.5,25882719.5,17380042.5,55.71556,-131.8714,"NC",8.51812323331833,-0.921440451929011,567.9,-80.751501994812,1.48922072543839,-0.645215353268814,0.398252980082077,0.599019742579892,-1.22342692506272,0.489295058397029,-0.288185356125649
166,"Pink","S Southeast Alaska-Even","SEAK",2000,45432341,45432341,13505942.5,55.71556,-131.8714,"NC",8.94442708492279,-0.495136600324555,574.2,-88.905210980894,3.36387786339235,0.320247168654673,1.21309443449331,0.0173281676811159,-0.687663877364626,0.525176451046826,-0.380936703164916
166,"Pink","S Southeast Alaska-Even","SEAK",2002,41564106,41564106,22113080,55.71556,-131.8714,"NC",10.2591275453567,0.819563860109406,594.2,-82.4804935346892,1.87961631758217,-0.444158687861549,0.631067669620935,1.30967977650518,0.964603449897836,0.639085634062055,-0.307853251388633
166,"Pink","S Southeast Alaska-Even","SEAK",2004,14086079.5,14086079.5,20639850,55.71556,-131.8714,"NC",10.9140431046486,1.47447941940125,580.1,-109.715062898771,0.682470051865687,-1.06069801625916,-0.382036632936055,1.08847601849994,1.78767730839223,0.558779660036319,-0.617656188783718
166,"Pink","S Southeast Alaska-Even","SEAK",2006,29374171.5,29374171.5,10818897.5,55.71556,-131.8714,"NC",9.09853909015655,-0.341024595090789,524.7,-177.889254199671,2.71507993305233,-0.0138886438963484,0.998821394224089,-0.386128490090723,-0.493981560631731,0.243251223084134,-1.393161923323
166,"Pink","S Southeast Alaska-Even","SEAK",2008,28551619.5,28551619.5,15735922.5,55.71556,-131.8714,"NC",9.15956048965454,-0.280003195592801,647.1,-67.5953162617703,1.81442298664092,-0.477733743496433,0.595767503475077,0.352157051342553,-0.41729210345981,0.940375423137336,-0.138529052384455
166,"Pink","S Southeast Alaska-Even","SEAK",2010,34759613,34759613,14856927.5,55.71556,-131.8714,"NC",9.71476824283599,0.275204557588648,652.5,-73.0666645614638,2.3396232498274,-0.207251658882117,0.849989912059752,0.220176982196648,0.280472640702299,0.971130902551448,-0.200767590181647
166,"Pink","S Southeast Alaska-Even","SEAK",2012,57328413.5,57328413.5,16173400,55.71556,-131.8714,"NC",9.69651737213135,0.256953686884007,609.4,-125.22893264939,3.5446111207291,0.413326155148289,1.26542845600607,0.417843785282766,0.257535615678808,0.725656613153629,-0.794131988891114
166,"Pink","S Southeast Alaska-Even","SEAK",2014,32767718,32767718,24113942.5,55.71556,-131.8714,"NC",10.9430837512016,1.50352006595429,685.7,-55.8769898456429,1.35887020548382,-0.712346851173934,0.306653623237629,1.61010693604699,1.82417452802987,1.16022014635673,-0.00522891106264642
166,"Pink","S Southeast Alaska-Even","SEAK",2016,17568846.5,17568846.5,16497770,55.71556,-131.8714,"NC",10.0014069318771,0.561843246629791,950.1,203.542244476451,1.06492250164719,-0.863732128894353,0.0629020281072474,0.466547560649926,0.640709633755224,2.66609954581806,2.94575737902216
166,"Pink","S Southeast Alaska-Even","SEAK",2018,20411052.5,20411052.5,12170842.5,55.71556,-131.8714,"NC",10.8851174473763,1.44555376212891,486.1,-264.058998644764,1.67704515936345,-0.548484357512405,0.51703341113888,-0.183135532700226,1.7513246030658,0.0234064998647423,-2.37337349145161
166,"Pink","S Southeast Alaska-Even","SEAK",2020,28709119,28709119,14160287.5,55.71556,-131.8714,"NC",9.51252958774566,0.0729659024983193,531.8,-221.360704309551,2.02743899091032,-0.368028899592838,0.706773415758304,0.115577302596874,0.0263065152831645,0.28368898305454,-1.88766516869565
168,"Pink","N Southeast Alaska Outside-Even","SEAK",1960,399494,399494,344205,57.17694,-135.7869,"NC",9.72170857020787,0.589016229905731,265.4,-40.3358527437175,1.16062811405994,-0.579469549390178,0.148961336210031,-0.97196658805209,0.652282689685472,-1.23358133470831,0.171557064888422
168,"Pink","N Southeast Alaska Outside-Even","SEAK",1962,404448.5,404448.5,334630,57.17694,-135.7869,"NC",9.79219150543213,0.659499165129989,245.6,-52.5949846808577,1.20864387532499,-0.527527045806477,0.18949896688857,-0.976120603163621,0.73662106677565,-1.34635142589339,0.0321050679330813
168,"Pink","N Southeast Alaska Outside-Even","SEAK",1964,159136,159136,328802.5,57.17694,-135.7869,"NC",7.67934584617615,-1.453346494126,275.7,-18.5092087584094,0.48398658769322,-1.31144700808698,-0.725698084027117,-0.978648804005651,-1.79156498814263,-1.17491810545547,0.419842922826136
168,"Pink","N Southeast Alaska Outside-Even","SEAK",1966,111655,111655,130035,57.17694,-135.7869,"NC",9.19688328674861,0.0641909464464738,270.1,-24.6809132509208,0.858653439458607,-0.906139796917493,-0.152389884901863,-1.06488203624389,0.0242879485184994,-1.20681267669973,0.349637583613535
168,"Pink","N Southeast Alaska Outside-Even","SEAK",1968,213220,213220,51895,57.17694,-135.7869,"NC",8.28274085691997,-0.84995148338217,268.2,-32.3923262416599,4.10868099046151,2.60967591166259,1.41310205010508,-1.09878227027157,-1.06955538697422,-1.21763404908618,0.261917511228313
168,"Pink","N Southeast Alaska Outside-Even","SEAK",1970,356041.5,356041.5,145265,57.17694,-135.7869,"NC",7.64945457662855,-1.48323776367359,224.7,-87.1723874627344,2.45097924482842,0.816406855946748,0.89648763646786,-1.05827465763829,-1.82733224378809,-1.4653865221443,-0.361225217782623
168,"Pink","N Southeast Alaska Outside-Even","SEAK",1972,532618.5,532618.5,306307.5,57.17694,-135.7869,"NC",8.3390115414347,-0.793680798867444,238.3,-90.0646047927034,1.73883597365393,0.046024309871942,0.553215908700366,-0.988408028019634,-1.00222308597646,-1.38792827769395,-0.394125221172839
168,"Pink","N Southeast Alaska Outside-Even","SEAK",1974,758496,758496,470397.5,57.17694,-135.7869,"NC",7.74732514790126,-1.38536719240088,305,-44.3992786635226,1.61245754920041,-0.0906893773034676,0.477759443263988,-0.917219271920308,-1.71022240550219,-1.00804115233816,0.125334146177499
168,"Pink","N Southeast Alaska Outside-Even","SEAK",1976,956662,956662,652855,57.17694,-135.7869,"NC",9.15548509359359,0.0227927532914533,349.6,-24.4406377061709,1.46535141800247,-0.249825888849217,0.38209508947304,-0.838061965161866,-0.0252482465058885,-0.754023674214196,0.352370803608777
168,"Pink","N Southeast Alaska Outside-Even","SEAK",1978,639867,639867,794675,57.17694,-135.7869,"NC",9.11449051754816,-0.0182018227539838,408,6.74270672233649,0.805193318023091,-0.963971901961521,-0.21667288378162,-0.776534819144398,-0.0743014819049461,-0.421408859809727,0.707092465354428
168,"Pink","N Southeast Alaska Outside-Even","SEAK",1980,2033582,2033582,530225,57.17694,-135.7869,"NC",9.66385444572994,0.531162105427801,373.1,-56.9617813504172,3.83531896836249,2.31395826732189,1.34425260433642,-0.89126372736834,0.583055678197982,-0.620180384171302,-0.0175688012275165
168,"Pink","N Southeast Alaska Outside-Even","SEAK",1982,3397863.5,3397863.5,1530970,57.17694,-135.7869,"NC",10.0963703819684,0.963678041666221,479.5,19.9166533387223,2.21941873452778,0.565909262672327,0.797245330306599,-0.457100818460914,1.10059502317453,-0.0141835305302834,0.85695080547656
168,"Pink","N Southeast Alaska Outside-Even","SEAK",1984,1040061.5,1040061.5,2123057.5,57.17694,-135.7869,"NC",8.27235272100994,-0.860339619292203,442.8,-46.2703012600903,0.489888521625062,-1.30506241235574,-0.713577420648711,-0.200229756074666,-1.08198560885498,-0.223206881363229,0.104050597001439
168,"Pink","N Southeast Alaska Outside-Even","SEAK",1986,484092.5,484092.5,827742.5,57.17694,-135.7869,"NC",8.77094945737294,-0.361742882929206,384.8,-133.050532238686,0.584834655705126,-1.20235155700787,-0.53642611152074,-0.762188824919799,-0.485375387763589,-0.553543512107393,-0.883105473123534
168,"Pink","N Southeast Alaska Outside-Even","SEAK",1988,933788,933788,417487.5,57.17694,-135.7869,"NC",9.23623843703951,0.103546096737374,523,-22.2964046529494,2.23668493068655,0.584587493157997,0.804994828013832,-0.940173730359063,0.0713794820239347,0.23356894252784,0.376762219146405
168,"Pink","N Southeast Alaska Outside-Even","SEAK",1990,1747888.5,1747888.5,745900,57.17694,-135.7869,"NC",8.79964772292546,-0.333044617376684,472.3,-98.5345494540033,2.3433281941279,0.699952072361533,0.851572224034519,-0.79769535043055,-0.451035655255263,-0.0551908364157658,-0.490473861776101
168,"Pink","N Southeast Alaska Outside-Even","SEAK",1992,4296108.5,4296108.5,1315177.5,57.17694,-135.7869,"NC",9.741847549166,0.609155208863857,698.6,104.586515589127,3.26656173786428,1.69868791223304,1.18373797543057,-0.550720171563259,0.676380562400016,1.23369156940155,1.82010067883595
168,"Pink","N Southeast Alaska Outside-Even","SEAK",1994,5736248.5,5736248.5,3300272.5,57.17694,-135.7869,"NC",9.30486461094448,0.172172270642338,677.1,62.4949727182841,1.73811359516525,0.0452428550694274,0.552800384411173,0.310492844397438,0.153496098118847,1.11123919766018,1.34129437033319
168,"Pink","N Southeast Alaska Outside-Even","SEAK",1996,11951037,11951037,3878027.5,57.17694,-135.7869,"NC",9.80373926673617,0.671046926434025,636.1,3.41288756017445,3.08173085415201,1.49874150741386,1.1254914047757,0.56114589930734,0.75043887167138,0.87772537247896,0.669214585089769
168,"Pink","N Southeast Alaska Outside-Even","SEAK",1998,6389978.5,6389978.5,6097485,57.17694,-135.7869,"NC",8.14791422230857,-0.984778117993571,567.9,-80.751501994812,1.04796953170036,-0.701341381967079,0.046854512671233,1.52403467156841,-1.23088606248421,0.489295058397029,-0.288185356125649
168,"Pink","N Southeast Alaska Outside-Even","SEAK",2000,8748618.5,8748618.5,3832782.5,57.17694,-135.7869,"NC",8.69893119164875,-0.433761148653389,574.2,-88.905210980894,2.28257630063798,0.634231872115255,0.825304761466265,0.541516822156301,-0.571550908585774,0.525176451046826,-0.380936703164916
168,"Pink","N Southeast Alaska Outside-Even","SEAK",2002,7728965,7728965,5741702.5,57.17694,-135.7869,"NC",9.91638875859124,0.7836964182891,594.2,-82.4804935346892,1.34611032180786,-0.378818555074441,0.297219190573926,1.36968209909654,0.885232851134091,0.639085634062055,-0.307853251388633
168,"Pink","N Southeast Alaska Outside-Even","SEAK",2004,7438618,7438618,5469000,57.17694,-135.7869,"NC",10.7082901171276,1.57559777682542,580.1,-109.715062898771,1.360142256354,-0.363639085016151,0.307589294538026,1.25137292876212,1.83280512777041,0.558779660036319,-0.617656188783718
168,"Pink","N Southeast Alaska Outside-Even","SEAK",2006,6163690.5,6163690.5,4895000,57.17694,-135.7869,"NC",8.69326000554221,-0.439432334759931,524.7,-177.889254199671,1.2591808988764,-0.472857090404982,0.230461429312774,1.00234894191945,-0.578336928930703,0.243251223084134,-1.393161923323
168,"Pink","N Southeast Alaska Outside-Even","SEAK",2008,8832845,8832845,4325597.5,57.17694,-135.7869,"NC",8.94569429329464,-0.186998047007506,647.1,-67.5953162617703,2.04199419848934,0.37397489870086,0.713926878646049,0.755319533089868,-0.276279443906623,0.940375423137336,-0.138529052384455
168,"Pink","N Southeast Alaska Outside-Even","SEAK",2010,7755054.5,7755054.5,5023750,57.17694,-135.7869,"NC",9.50301427500588,0.370321934703738,652.5,-73.0666645614638,1.54367842746952,-0.165093274750179,0.434168157546583,1.05820580307972,0.390597760169818,0.971130902551448,-0.200767590181647
168,"Pink","N Southeast Alaska Outside-Even","SEAK",2012,9874553,9874553,6174197.5,57.17694,-135.7869,"NC",9.38092491456441,0.248232574262265,609.4,-125.22893264939,1.59932574233332,-0.104895106990628,0.469582129385471,1.55731559942672,0.244508235281987,0.725656613153629,-0.794131988891114
168,"Pink","N Southeast Alaska Outside-Even","SEAK",2014,5892479.5,5892479.5,6865000,57.17694,-135.7869,"NC",10.6252930419786,1.49260070167642,685.7,-55.8769898456429,0.858336416605972,-0.906482745987241,-0.152759162396564,1.85701314763382,1.73349259773706,1.16022014635673,-0.00522891106264642
168,"Pink","N Southeast Alaska Outside-Even","SEAK",2016,6648956,6648956,4250592.5,57.17694,-135.7869,"NC",9.61502396208899,0.482331621786851,950.1,203.542244476451,1.56424216153395,-0.142847832791239,0.447401464877836,0.722779386516464,0.524626162887603,2.66609954581806,2.94575737902216
168,"Pink","N Southeast Alaska Outside-Even","SEAK",2018,5128848.5,5128848.5,4756250,57.17694,-135.7869,"NC",10.6958487118993,1.56315637159721,486.1,-264.058998644764,1.07833871222076,-0.668488601412229,0.0754216274213973,0.942153683775863,1.81791800761388,0.0234064998647423,-2.37337349145161
168,"Pink","N Southeast Alaska Outside-Even","SEAK",2020,4078363,4078363,4462907.5,57.17694,-135.7869,"NC",9.1750641805785,0.0423718402763616,531.8,-221.360704309551,0.913835431274343,-0.846445006454368,-0.0901047770498772,0.814890062067859,-0.00182032858560474,0.28368898305454,-1.88766516869565
170,"Pink","N Southeast Alaska Inside-Even","SEAK",1960,3992860,3992860,2583020,57.57528,-134.7503,"NC",9.71873002582127,0.586038311322536,265.4,-40.3358527437175,1.54581071768705,-0.411263182272308,0.435548509090746,-1.10214964073994,0.648559685146517,-1.23358133470831,0.171557064888422
170,"Pink","N Southeast Alaska Inside-Even","SEAK",1962,11392450.5,11392450.5,3568425,57.57528,-134.7503,"NC",9.78363521893819,0.650943504439461,245.6,-52.5949846808577,3.19257109228861,0.901411657279824,1.16082657720868,-0.827786495517057,0.726126934112088,-1.34635142589339,0.0321050679330813
170,"Pink","N Southeast Alaska Inside-Even","SEAK",1964,10493756,10493756,4185822.5,57.57528,-134.7503,"NC",7.6285507414076,-1.50414097309113,275.7,-18.5092087584094,2.50697586913922,0.354906158710801,0.919077193736621,-0.655886495057604,-1.84938307029252,-1.17491810545547,0.419842922826136
170,"Pink","N Southeast Alaska Inside-Even","SEAK",1966,16086508,16086508,5734900,57.57528,-134.7503,"NC",9.17691398991479,0.0442222754160552,270.1,-24.6809132509208,2.80501979110359,0.592484596641536,1.03141059460167,-0.224581828353045,0.0010432487500335,-1.20681267669973,0.349637583613535
170,"Pink","N Southeast Alaska Inside-Even","SEAK",1968,10250289.5,10250289.5,6264590,57.57528,-134.7503,"NC",8.27425485187107,-0.858436862627665,268.2,-32.3923262416599,1.63622671236266,-0.339190278931728,0.492392805818407,-0.0771019450633209,-1.07771151229893,-1.21763404908618,0.261917511228313
170,"Pink","N Southeast Alaska Inside-Even","SEAK",1970,8612151.5,8612151.5,5073757.5,57.57528,-134.7503,"NC",7.66566585169898,-1.46702586279975,224.7,-87.1723874627344,1.69739123322311,-0.290434473991863,0.529092503713372,-0.408661608484587,-1.80502734369958,-1.4653865221443,-0.361225217782623
170,"Pink","N Southeast Alaska Inside-Even","SEAK",1972,3792081.5,3792081.5,5424437.5,57.57528,-134.7503,"NC",8.34169464641147,-0.790997068087259,238.3,-90.0646047927034,0.699073682755124,-1.08621894305872,-0.357999130636902,-0.311022903823294,-0.997115198166114,-1.38792827769395,-0.394125221172839
170,"Pink","N Southeast Alaska Inside-Even","SEAK",1974,1789825.5,1789825.5,3190347.5,57.57528,-134.7503,"NC",7.74443762832218,-1.38825408617656,305,-44.3992786635226,0.561012710997783,-1.19627087699223,-0.578011715966065,-0.933053397996754,-1.7108883431764,-1.00804115233816,0.125334146177499
170,"Pink","N Southeast Alaska Inside-Even","SEAK",1976,7258726.5,7258726.5,1751792.5,57.57528,-134.7503,"NC",9.13632326655917,0.00363155206043908,349.6,-24.4406377061709,4.14359948452799,1.65950072806791,1.42156485079983,-1.33358564045149,-0.0474661322874089,-0.754023674214196,0.352370803608777
170,"Pink","N Southeast Alaska Inside-Even","SEAK",1978,5346887.5,5346887.5,4638797.5,57.57528,-134.7503,"NC",9.06219025452932,-0.0705014599694083,408,6.74270672233649,1.15264516288974,-0.724665508148565,0.142059442742049,-0.529766122512978,-0.136061412950512,-0.421408859809727,0.707092465354428
170,"Pink","N Southeast Alaska Inside-Even","SEAK",1980,16905742,16905742,4024252.5,57.57528,-134.7503,"NC",9.64483998881446,0.512148274315733,373.1,-56.9617813504172,4.20096452695252,1.70522787150779,1.43531414819837,-0.700871910570679,0.560254780387095,-0.620180384171302,-0.0175688012275165
170,"Pink","N Southeast Alaska Inside-Even","SEAK",1982,9158969.5,9158969.5,6136870,57.57528,-134.7503,"NC",10.1252095301946,0.992517815695867,479.5,19.9166533387223,1.49244965267311,-0.453798652845831,0.400418832163273,-0.112662613933346,1.13433740802192,-0.0141835305302834,0.85695080547656
170,"Pink","N Southeast Alaska Inside-Even","SEAK",1984,5386122.5,5386122.5,5425692.5,57.57528,-134.7503,"NC",8.26386280854543,-0.868828905953301,442.8,-46.2703012600903,0.992706921743169,-0.852156373409466,-0.00731980276730313,-0.310673478209202,-1.09013089159957,-0.223206881363229,0.104050597001439
170,"Pink","N Southeast Alaska Inside-Even","SEAK",1986,6599175,6599175,4454837.5,57.57528,-134.7503,"NC",8.78738237751855,-0.345309336980186,384.8,-133.050532238686,1.48135032983807,-0.462646207138691,0.392954056831526,-0.580985513722889,-0.46448029578774,-0.553543512107393,-0.883105473123534
170,"Pink","N Southeast Alaska Inside-Even","SEAK",1988,12401213.5,12401213.5,4635070,57.57528,-134.7503,"NC",9.26345735126072,0.130765636761984,523,-22.2964046529494,2.6755180612159,0.489255453455979,0.984143029341056,-0.530803958350851,0.104469956744629,0.23356894252784,0.376762219146405
170,"Pink","N Southeast Alaska Inside-Even","SEAK",1990,25095579,25095579,6962582.5,57.57528,-134.7503,"NC",8.77630375491248,-0.356387959586251,472.3,-98.5345494540033,3.60434924828539,1.22965056391791,1.2821412407906,0.117237862063683,-0.477720195965406,-0.0551908364157658,-0.490473861776101
170,"Pink","N Southeast Alaska Inside-Even","SEAK",1992,51158638.5,51158638.5,9595585,57.57528,-134.7503,"NC",9.73616392082638,0.603472206327651,698.6,104.586515589127,5.33147676770098,2.60638811140928,1.67362826691263,0.850336280764343,0.669394678609447,1.23369156940155,1.82010067883595
170,"Pink","N Southeast Alaska Inside-Even","SEAK",1994,20660790.5,20660790.5,15953572.5,57.57528,-134.7503,"NC",9.34032436211904,0.207632647620313,677.1,62.4949727182841,1.29505729829479,-0.611145150313667,0.258554939960165,2.62057029397495,0.196332599503372,1.11123919766018,1.34129437033319
170,"Pink","N Southeast Alaska Inside-Even","SEAK",1996,24989592,24989592,11597542.5,57.57528,-134.7503,"NC",9.79146434201135,0.658772627512616,636.1,3.41288756017445,2.15473165974602,0.074123284541716,0.767666195963038,1.40773486946903,0.73548340482628,0.87772537247896,0.669214585089769
170,"Pink","N Southeast Alaska Inside-Even","SEAK",1998,14723841.5,14723841.5,12143160,57.57528,-134.7503,"NC",8.18081576294369,-0.951875951555038,567.9,-80.751501994812,1.21252141123068,-0.676936618204298,0.192702002420544,1.55964939536311,-1.18937920367901,0.489295058397029,-0.288185356125649
170,"Pink","N Southeast Alaska Inside-Even","SEAK",2000,32508616.5,32508616.5,9408837.5,57.57528,-134.7503,"NC",8.69847916232215,-0.434212552176585,574.2,-88.905210980894,3.45511509790662,1.11069220335404,1.23985577009648,0.798340774893649,-0.570727230675614,0.525176451046826,-0.380936703164916
170,"Pink","N Southeast Alaska Inside-Even","SEAK",2002,35020603,35020603,13519392.5,57.57528,-134.7503,"NC",9.93677469094594,0.804082976447206,594.2,-82.4804935346892,2.59039768244024,0.42140382107808,0.95181140926829,1.94282938456344,0.909141681950244,0.639085634062055,-0.307853251388633
170,"Pink","N Southeast Alaska Inside-Even","SEAK",2004,15568345,15568345,12895080,57.57528,-134.7503,"NC",10.7053812212414,1.57268950674269,580.1,-109.715062898771,1.2073089116159,-0.681091635048903,0.188393842771771,1.76900406289168,1.82769212805387,0.558779660036319,-0.617656188783718
170,"Pink","N Southeast Alaska Inside-Even","SEAK",2006,4082274.5,4082274.5,9772645,57.57528,-134.7503,"NC",8.73301381535,-0.399677899148729,524.7,-177.889254199671,0.417724628286406,-1.31048947484281,-0.872932847554727,0.899634527163706,-0.529455370895063,0.243251223084134,-1.393161923323
170,"Pink","N Southeast Alaska Inside-Even","SEAK",2008,14594099,14594099,3649692.5,57.57528,-134.7503,"NC",8.94518019093408,-0.187511523564656,647.1,-67.5953162617703,3.99872016615098,1.54401371554432,1.38597435146001,-0.805159446837173,-0.2758984321243,0.940375423137336,-0.138529052384455
170,"Pink","N Southeast Alaska Inside-Even","SEAK",2010,6325041.5,6325041.5,7956215,57.57528,-134.7503,"NC",9.54862614472706,0.415934430228332,652.5,-73.0666645614638,0.794981219084703,-1.00976859132267,-0.229436788399678,0.39389176365306,0.4452710196144,0.971130902551448,-0.200767590181647
170,"Pink","N Southeast Alaska Inside-Even","SEAK",2012,4381206,4381206,5215137.5,57.57528,-134.7503,"NC",9.36548805236817,0.232796337869436,609.4,-125.22893264939,0.840094053128992,-0.973807996749125,-0.174241425402022,-0.369297629743246,0.226405358441628,0.725656613153629,-0.794131988891114
170,"Pink","N Southeast Alaska Inside-Even","SEAK",2014,4906400,4906400,3431365,57.57528,-134.7503,"NC",10.5964108308156,1.4637191163169,685.7,-55.8769898456429,1.42986828856738,-0.503683859797277,0.357582334132869,-0.865947670550925,1.69746320494127,1.16022014635673,-0.00522891106264642
170,"Pink","N Southeast Alaska Inside-Even","SEAK",2016,4213840,4213840,4444035,57.57528,-134.7503,"NC",9.66123467021518,0.528542955716448,950.1,203.542244476451,0.94820135304965,-0.887632901230387,-0.053188401548622,-0.583993219058533,0.579847824839325,2.66609954581806,2.94575737902216
170,"Pink","N Southeast Alaska Inside-Even","SEAK",2018,6858788,6858788,3436850,57.57528,-134.7503,"NC",10.6881365776062,1.55544486310747,486.1,-264.058998644764,1.99566114319799,-0.0526758952343246,0.690975395540184,-0.864420499639932,1.80708330614087,0.0234064998647423,-2.37337349145161
170,"Pink","N Southeast Alaska Inside-Even","SEAK",2020,10593966,10593966,5712505,57.57528,-134.7503,"NC",9.13632623354594,0.00363451904720565,531.8,-221.360704309551,1.85452196540747,-0.165181545976323,0.617626962259931,-0.230817196183802,-0.0474625864848291,0.28368898305454,-1.88766516869565
199,"Pink","Auke Creek-Even","SEAK",1978,9232,9232,18875,58.376,-134.65,"NC",9.09363872475095,-0.0956659356934429,408,6.74270672233649,0.489112582781457,-0.743763078062549,-0.715162585369345,1.56727037119205,-0.464164319385219,-1.23699284791893,0.53581437707905
199,"Pink","Auke Creek-Even","SEAK",1980,4437,4437,9232,58.376,-134.65,"NC",9.71252355310653,0.523218892662135,373.1,-56.9617813504172,0.480610918544194,-0.751737179619185,-0.732697237368971,0.221249629442152,0.425669163505956,-1.49696545054672,-0.180693933282324
199,"Pink","Auke Creek-Even","SEAK",1982,2007,2007,4437,58.376,-134.65,"NC",10.2024426725176,1.01313801207317,479.5,19.9166533387223,0.452332657200811,-0.778260660375914,-0.793337402582571,-0.44806173182413,1.13007556739025,-0.704384220758848,0.683986703966245
199,"Pink","Auke Creek-Even","SEAK",1984,6787,6787,2007,58.376,-134.65,"NC",8.31893326176538,-0.870371398679014,442.8,-46.2703012600903,3.38166417538615,1.96929397918292,1.21836794790742,-0.787253933675447,-1.57803693147517,-0.977765152461996,-0.0604428400464168
199,"Pink","Auke Creek-Even","SEAK",1986,19589,19589,6787,58.376,-134.65,"NC",8.84362122747633,-0.345683432968061,384.8,-133.050532238686,2.88625313098571,1.50462519550959,1.05995916647964,-0.120036351432938,-0.82363983112904,-1.40981131155689,-1.03649270014783
199,"Pink","Auke Creek-Even","SEAK",1988,21319,21319,19589,58.376,-134.65,"NC",9.33993248144786,0.150627821003469,523,-22.2964046529494,1.08831487059064,-0.181743717780564,0.0846305096811416,1.66693425272367,-0.11004280711889,-0.380349601437677,0.209200581797633
199,"Pink","Auke Creek-Even","SEAK",1990,21312,21312,21319,58.376,-134.65,"NC",8.81566825177934,-0.373636408665046,472.3,-98.5345494540033,0.999671654392795,-0.26488626358592,-0.00032839952442638,1.90841676679889,-0.863830659182963,-0.758017537060283,-0.648278474530456
199,"Pink","Auke Creek-Even","SEAK",1992,3858,3858,21312,58.376,-134.65,"NC",9.78183046976725,0.592525809322864,698.6,104.586515589127,0.181024774774775,-1.03273279044411,-1.70912137987444,1.90743966992113,0.52531874645749,0.927707390580656,1.63630045414164
199,"Pink","Auke Creek-Even","SEAK",1994,2267,2267,3858,58.376,-134.65,"NC",9.38844690057967,0.19914224013528,677.1,62.4949727182841,0.587610160705028,-0.651377673566965,-0.531691542958145,-0.528881602141789,-0.0402887065680542,0.767552348847204,1.16288105818875
199,"Pink","Auke Creek-Even","SEAK",1996,2180,2180,2267,58.376,-134.65,"NC",9.83696375952827,0.647659099083877,636.1,3.41288756017445,0.961623290692545,-0.300573572298935,-0.0391324947243942,-0.750961763930038,0.604589468574956,0.462140408797365,0.498362649989353
199,"Pink","Auke Creek-Even","SEAK",1998,4923,4923,2180,58.376,-134.65,"NC",8.23860222763486,-0.950702432809536,567.9,-80.751501994812,2.25825688073395,0.91559865471244,0.814593223975066,-0.763105682267925,-1.69353700614099,-0.0458862817245617,-0.448265858880682
199,"Pink","Auke Creek-Even","SEAK",2000,6798,6798,4923,58.376,-134.65,"NC",8.75135593944125,-0.437948721003136,574.2,-88.905210980894,1.38086532602072,0.0926527976469241,0.322710350497861,-0.380223291453866,-0.956298992964298,0.00104287003919447,-0.53997368709718
199,"Pink","Auke Creek-Even","SEAK",2002,12895,12895,6798,58.376,-134.65,"NC",10.0093437963062,0.820039135861794,594.2,-82.4804935346892,1.89688143571639,0.576648018904681,0.640211188059384,-0.118500913482171,0.852437729639248,0.150024304209847,-0.467712476290931
199,"Pink","Auke Creek-Even","SEAK",2004,3133,3133,12895,58.376,-134.65,"NC",10.7682060665554,1.57890140611106,580.1,-109.715062898771,0.242962388522683,-0.974638656352494,-1.41484862736325,0.732550467047656,1.94353097677026,0.0449923931195369,-0.774029909627685
199,"Pink","Auke Creek-Even","SEAK",2006,5835,5835,3133,58.376,-134.65,"NC",8.80149902237786,-0.38780563806653,524.7,-177.889254199671,1.86243217363549,0.544336472986391,0.621883253768465,-0.630080921624178,-0.884203197287844,-0.367686179533172,-1.54081065140956
199,"Pink","Auke Creek-Even","SEAK",2008,5890,5890,5835,58.376,-134.65,"NC",9.01226545704736,-0.177039203397034,647.1,-67.5953162617703,1.00942587832048,-0.255737328738011,0.00938173192497609,-0.252921526808434,-0.581162918958774,0.544080197591224,-0.300293295321008
199,"Pink","Auke Creek-Even","SEAK",2010,584,584,5890,58.376,-134.65,"NC",9.65267932415008,0.46337466370569,652.5,-73.0666645614638,0.099151103565365,-1.10952586893066,-2.31111029381741,-0.245244337054597,0.339625046340016,0.5843051848173,-0.361831605167165
199,"Pink","Auke Creek-Even","SEAK",2012,667,667,584,58.376,-134.65,"NC",9.41229459974501,0.222989939300619,609.4,-125.22893264939,1.14212328767123,-0.131274330796092,0.132889063087397,-0.985883770397432,-0.00600045092666304,0.263250194179543,-0.948520231086481
199,"Pink","Auke Creek-Even","SEAK",2014,351,351,667,58.376,-134.65,"NC",10.6302803887261,1.44097572828174,685.7,-55.8769898456429,0.52623688155922,-0.70894249230297,-0.642003822449758,-0.974298193132552,1.7452212418086,0.831614365540585,-0.168492875685055
199,"Pink","Auke Creek-Even","SEAK",2016,1304,1304,351,58.376,-134.65,"NC",9.71883090337117,0.52952624292678,950.1,203.542244476451,3.71509971509971,2.28203849391143,1.31240551902073,-1.01840713790005,0.434737880651142,2.80114892527662,2.7492927134101
176,"Pink","Prince William Sound-Even","GOA",1960,12.527895,12.527895,3.872483,60.5,-147,"GoA",11.1567446451921,0.731043011044306,265.4,-40.3358527437175,3.23510651951216,0.456252755047813,1.17406185461701,0.0486564027625062,0.794920292188125,-1.18318549898665,0.0290077283814798
176,"Pink","Prince William Sound-Even","GOA",1962,9.486942,9.486942,5.785579,60.5,-147,"GoA",10.7361867427826,0.31048510863482,245.6,-52.5949846808577,1.63975671233597,-0.418403552827174,0.494547884695124,1.15528227527228,0.356145034980743,-1.29228511253979,-0.135265789425609
176,"Pink","Prince William Sound-Even","GOA",1964,6.779607,6.779607,5.280046,60.5,-147,"GoA",8.74218430885901,-1.68351732528876,275.7,-18.5092087584094,1.284005290863,-0.613445557675995,0.24998432586909,0.862857902837502,-1.7242318306169,-1.12643165961304,0.321486805022033
176,"Pink","Prince William Sound-Even","GOA",1966,5.76785,5.76785,4.080189,60.5,-147,"GoA",10.5452762750479,0.119574640900119,270.1,-24.6809132509208,1.41362324147239,-0.542382046962312,0.346156083224067,0.168803448951257,0.156964876662582,-1.15728811597151,0.238785385945279
176,"Pink","Prince William Sound-Even","GOA",1968,5.617393,5.617393,3.315682,60.5,-147,"GoA",9.49696557338421,-0.928736060763565,268.2,-32.3923262416599,1.69418931007256,-0.388560684040545,0.527204343275515,-0.27342382344638,-0.936755619660113,-1.16775727080741,0.135451728574796
176,"Pink","Prince William Sound-Even","GOA",1970,1.893028,1.893028,2.807397,60.5,-147,"GoA",8.53532615074745,-1.89037548340032,224.7,-87.1723874627344,0.674300072273355,-0.947718651253917,-0.394080056058817,-0.567440083795379,-1.94005048724143,-1.40744581573477,-0.5986062299019
176,"Pink","Prince William Sound-Even","GOA",1972,2.801687,2.801687,1.838245,60.5,-147,"GoA",9.27297908526201,-1.15272254888577,238.3,-90.0646047927034,1.52410968070089,-0.481807456630366,0.421410423638649,-1.12804377414578,-1.17044455612696,-1.33250870743564,-0.637362213399984
176,"Pink","Prince William Sound-Even","GOA",1974,2.490854,2.490854,2.746904,60.5,-147,"GoA",8.76887967036321,-1.65682196378457,305,-44.3992786635226,0.9067859670378,-0.82025741771567,-0.0978488357245716,-0.602432117078463,-1.69638010308274,-0.96498627188036,-0.0254425600743119
176,"Pink","Prince William Sound-Even","GOA",1976,5.335368,5.335368,2.042081,60.5,-147,"GoA",11.0823314648408,0.656629830693039,349.6,-24.4406377061709,2.61271124896613,0.115022294539461,0.960388474870146,-1.0101353203364,0.717283747585866,-0.719236637311159,0.242005100781652
176,"Pink","Prince William Sound-Even","GOA",1978,16.058329,16.058329,2.165671,60.5,-147,"GoA",10.4951708133404,0.0694691791926347,408,6.74270672233649,7.41494391345685,2.74786373971113,2.00349741163099,-0.938644976107217,0.104688990934985,-0.397447878144313,0.659864840975948
176,"Pink","Prince William Sound-Even","GOA",1980,20.246569,20.246569,3.139455,60.5,-147,"GoA",11.3989129066467,0.973211272498958,373.1,-56.9617813504172,6.44907125599825,2.21832055824082,1.86393612912184,-0.375361916273284,1.04757858394404,-0.589749722235459,-0.193781274382872
176,"Pink","Prince William Sound-Even","GOA",1982,27.866302,27.866302,5.30137,60.5,-147,"GoA",11.3268881210914,0.901186486943627,479.5,19.9166533387223,5.25643409156501,1.56445291480275,1.65945286749134,0.875192720382152,0.972433892508476,-0.00347705142463011,0.836396961290279
176,"Pink","Prince William Sound-Even","GOA",1984,7.404669,7.404669,10.234627,60.5,-147,"GoA",9.35454971056718,-1.07115192358059,442.8,-46.2703012600903,0.723491828280601,-0.920749092920287,-0.323666027679843,3.72882360557555,-1.08534052670844,-0.205697042202425,-0.0505144383615137
176,"Pink","Prince William Sound-Even","GOA",1986,3.580072,3.580072,2.826646,60.5,-147,"GoA",9.89646772237924,-0.52923391176853,384.8,-133.050532238686,1.26654416577102,-0.623018682727059,0.236292062153995,-0.556305545110472,-0.519948190347985,-0.525281768772238,-1.21337767305569
176,"Pink","Prince William Sound-Even","GOA",1988,15.231063,15.231063,2.7843,60.5,-147,"GoA",10.6583847541075,0.232683119959774,523,-22.2964046529494,5.47033832561146,1.68172668557598,1.69934046563846,-0.58080048901151,0.274972888656643,0.236211493502729,0.270738024813883
176,"Pink","Prince William Sound-Even","GOA",1990,2.418285,2.418285,3.543306,60.5,-147,"GoA",9.61847313550802,-0.807228498639752,472.3,-98.5345494540033,0.682493975964819,-0.943226313888393,-0.382001578387149,-0.141755257099388,-0.809984700559401,-0.0431496381712275,-0.750860266302715
176,"Pink","Prince William Sound-Even","GOA",1992,7.297728,7.297728,1.555439,60.5,-147,"GoA",11.0452946149386,0.619592980790817,698.6,104.586515589127,4.69174811741251,1.25486178498324,1.5458052459343,-1.29163223834256,0.678642568217001,1.2037818036003,1.97098105708396
176,"Pink","Prince William Sound-Even","GOA",1994,7.269432,7.269432,4.04037,60.5,-147,"GoA",9.84594561503484,-0.579756019112935,677.1,62.4949727182841,1.79919957825645,-0.330988424310715,0.587341887256787,0.145770242244711,-0.572658769599249,1.08531505150977,1.40695043462422
176,"Pink","Prince William Sound-Even","GOA",1996,7.925572,7.925572,4.252683,60.5,-147,"GoA",11.7656290622858,1.33992742813801,636.1,3.41288756017445,1.86366395049901,-0.295645598830349,0.622544415943221,0.268582196725912,1.43017982527313,0.859401710313864,0.615244951881467
176,"Pink","Prince William Sound-Even","GOA",1998,10.487301,10.487301,4.071402,60.5,-147,"GoA",9.39904754895431,-1.02665408519346,567.9,-80.751501994812,2.57584512656819,0.0948103094580705,0.946177684760889,0.163720629510025,-1.03891517036244,0.483614152519705,-0.512565762382624
176,"Pink","Prince William Sound-Even","GOA",2000,3.025531,3.025531,4.756388,60.5,-147,"GoA",10.4514286609796,0.0257270268318665,574.2,-88.905210980894,0.636098442767915,-0.968662832942307,-0.452401943393575,0.55994916686883,0.0590520547534534,0.518327665922978,-0.621826227576005
176,"Pink","Prince William Sound-Even","GOA",2002,8.675473,8.675473,2.704062,60.5,-147,"GoA",11.1667210138761,0.741019379728338,594.2,-82.4804935346892,3.20831142185349,0.441562245742672,1.16574476193026,-0.627213971010552,0.80532880837639,0.628529295774638,-0.535734411188323
176,"Pink","Prince William Sound-Even","GOA",2004,5.537897,5.537897,5.737165,60.5,-147,"GoA",12.3378198421918,1.91211820804407,580.1,-109.715062898771,0.965267165926028,-0.788194888689375,-0.0353503600787745,1.12727731107201,2.02715625868828,0.550837146729218,-0.900680195142627
176,"Pink","Prince William Sound-Even","GOA",2006,3.900803,3.900803,3.413995,60.5,-147,"GoA",10.1527810830336,-0.272920551114139,524.7,-177.889254199671,1.14259189014629,-0.690975966617371,0.133299269564057,-0.216554900295605,-0.25253207451118,0.245578632040121,-1.81422075299593
176,"Pink","Prince William Sound-Even","GOA",2008,8.134097,8.134097,2.47253,60.5,-147,"GoA",10.3715079197517,-0.054193714396097,647.1,-67.5953162617703,3.28978697932887,0.48623151511727,1.19082281475669,-0.761143110747362,-0.0243306223704217,0.920012606732277,-0.336271639570993
176,"Pink","Prince William Sound-Even","GOA",2010,6.529904,6.529904,5.735115,60.5,-147,"GoA",10.6871160452182,0.261414411070475,652.5,-73.0666645614638,1.13858292292308,-0.693173897412283,0.129784439111355,1.12609149340334,0.304948736393118,0.949767046792225,-0.409588219973842
176,"Pink","Prince William Sound-Even","GOA",2012,4.219081,4.219081,3.227329,60.5,-147,"GoA",10.6531962614793,0.227494627331528,609.4,-125.22893264939,1.30729807837999,-0.600675202586419,0.267962471669494,-0.32453140807039,0.269559645499318,0.712282534461899,-1.10856750492957
176,"Pink","Prince William Sound-Even","GOA",2014,5.985591,5.985591,2.32906,60.5,-147,"GoA",11.4901725237186,1.06447088957084,685.7,-55.8769898456429,2.56995998385615,0.0915837586585645,0.943890328301918,-0.844132994124348,1.14279130429467,1.13270175234598,-0.179244966470512
176,"Pink","Prince William Sound-Even","GOA",2016,8.550356,8.550356,3.803139,60.5,-147,"GoA",10.9976413891866,0.57193975503879,950.1,203.542244476451,2.24823652251469,-0.084802293847224,0.810146141138539,0.00854452938902268,0.62892514223044,2.58956729898492,3.29699710576003
184,"Pink","Kodiak-Even","GOA",1978,27587356,27587356,8760500,58.03333,-154.6644,"GoA",9.25944266716639,0.18757363732003,408,6.74270672233649,3.14906181154044,0.760543944119904,1.1471045708689,-0.0936216307605839,-0.249990779420212,-1.23838800639491,0.637260151407807
184,"Pink","Kodiak-Even","GOA",1980,17158108,17158108,11322500,58.03333,-154.6644,"GoA",10.0965767065684,1.02470767672204,373.1,-56.9617813504172,1.5153992492824,-0.672572499143854,0.415678935122643,0.591096269805195,0.748531392157195,-1.50827370686041,0.0220312838213856
184,"Pink","Kodiak-Even","GOA",1982,18346429,18346429,9397500,58.03333,-154.6644,"GoA",10.0350020607312,0.963133030884883,479.5,19.9166533387223,1.95226698590051,-0.289334031578399,0.66899125420176,0.0766224374128749,0.675085986545273,-0.685470310598822,0.764488114517513
184,"Pink","Kodiak-Even","GOA",1984,18651799,18651799,7910000,58.03333,-154.6644,"GoA",7.99715234041214,-1.07471668943423,442.8,-46.2703012600903,2.35800240202276,0.066593875379059,0.857814820784192,-0.320925523981191,-1.75563362621232,-0.969275617392057,0.125284718356211
184,"Pink","Kodiak-Even","GOA",1986,21529241,21529241,7189000,58.03333,-154.6644,"GoA",9.00515424410502,-0.0667147857413453,384.8,-133.050532238686,2.99474767005147,0.625173189653755,1.09685997761797,-0.513619359386315,-0.553302574725557,-1.41779626573014,-0.712799141180903
184,"Pink","Kodiak-Even","GOA",1988,15904561.5,15904561.5,7710500,58.03333,-154.6644,"GoA",9.13916183312734,0.0672928032809708,523,-22.2964046529494,2.06271467479411,-0.192444745669118,0.724022918558918,-0.374243721156395,-0.393460133132811,-0.349079824345259,0.356813668787468
184,"Pink","Kodiak-Even","GOA",1990,8601130,8601130,10544425.5,58.03333,-154.6644,"GoA",8.71650832891464,-0.355360700931725,472.3,-98.5345494540033,0.815703994494532,-1.28637414831927,-0.203703741673333,0.383148752973123,-0.897595522434063,-0.741148735909756,-0.37945953443293
184,"Pink","Kodiak-Even","GOA",1992,13075758.25,13075758.25,6152888,58.03333,-154.6644,"GoA",9.70204898516337,0.63017995531701,698.6,104.586515589127,2.12514160017215,-0.137681261869867,0.75383843553147,-0.790529754933157,0.277944056578005,1.00885510407142,1.58219099616573
184,"Pink","Kodiak-Even","GOA",1994,8371807.75,8371807.75,6989463.25,58.03333,-154.6644,"GoA",8.72274202108383,-0.349127008762533,677.1,62.4949727182841,1.19777548726649,-0.95120521475627,0.180466075842102,-0.566947378334683,-0.890160058638835,0.84259313960127,1.17569008800648
184,"Pink","Kodiak-Even","GOA",1996,28186622.25,28186622.25,5864020.75,58.03333,-154.6644,"GoA",10.561123919487,1.48925488964063,636.1,3.41288756017445,4.80670574878167,2.21469784249495,1.57001197397013,-0.867732165925433,1.30263703117177,0.525535439914004,0.605102277851631
184,"Pink","Kodiak-Even","GOA",1998,14118492.25,14118492.25,12405286.25,58.03333,-154.6644,"GoA",8.01652927597364,-1.05533975387273,567.9,-80.751501994812,1.13810289947965,-1.00355247957406,0.129362752951743,0.880480784973616,-1.73252107927873,-0.00186297761457047,-0.207718979229675
184,"Pink","Kodiak-Even","GOA",2000,26281139.75,26281139.75,7867046.25,58.03333,-154.6644,"GoA",9.42953338623047,0.357664356384106,574.2,-88.905210980894,3.34066165557372,0.928623260714719,1.20616888784047,-0.3324053059958,-0.0471088678372773,0.0468556445324977,-0.286463778817539
184,"Pink","Kodiak-Even","GOA",2002,32823705.5,32823705.5,14693351.75,58.03333,-154.6644,"GoA",9.80390155712764,0.73203252728127,594.2,-82.4804935346892,2.23391545091133,-0.0422603360968145,0.803755853427378,1.49198718837603,0.399432428274306,0.201517937062871,-0.224416790315298
184,"Pink","Kodiak-Even","GOA",2004,37798244,37798244,15376406.5,58.03333,-154.6644,"GoA",10.8754429419835,1.80357391213718,580.1,-109.715062898771,2.45819749887596,0.154489163030296,0.899428357336651,1.67453980913774,1.67755251440255,0.0924810208289578,-0.487435829883315
184,"Pink","Kodiak-Even","GOA",2006,12202377,12202377,10263001,58.03333,-154.6644,"GoA",8.97410363356273,-0.0977653962836403,524.7,-177.889254199671,1.18896772980924,-0.958931744292955,0.173085476725734,0.30793548489827,-0.590339323451776,-0.335933529480177,-1.14583105102962
184,"Pink","Kodiak-Even","GOA",2008,11970026,11970026,5532114,58.03333,-154.6644,"GoA",8.91287442445755,-0.158994605388817,647.1,-67.5953162617703,2.16373451450928,-0.103825959429948,0.771835670698978,-0.956437276403033,-0.663372696797031,0.610599700805709,-0.0806625426242663
184,"Pink","Kodiak-Even","GOA",2010,23572828.5,23572828.5,6355699,58.03333,-154.6644,"GoA",8.90902016560237,-0.162848864244,652.5,-73.0666645614638,3.70892776703239,1.25168154216224,1.31074282326588,-0.736326662766238,-0.667970004684126,0.65235851978891,-0.133502327079437
184,"Pink","Kodiak-Even","GOA",2012,10126808,10126808,9667654.5,58.03333,-154.6644,"GoA",9.20561049381892,0.133741463972552,609.4,-125.22893264939,1.04749378455757,-1.08303854695686,0.0464004391999579,0.148823695050813,-0.314201068455947,0.319061279385955,-0.637261702554272
184,"Pink","Kodiak-Even","GOA",2014,5200977.5,5200977.5,5228881,58.03333,-154.6644,"GoA",10.2646615584691,1.19279252862277,685.7,-55.8769898456429,0.994663580984153,-1.12938338902595,-0.00535070855913521,-1.03747906529541,0.94902073248921,0.909097925389331,0.0325077050161913
184,"Pink","Kodiak-Even","GOA",2016,11783572.5,11783572.5,3088025.5,58.03333,-154.6644,"GoA",10.0853940526644,1.01352502281807,950.1,203.542244476451,3.81589222627857,1.34551519479772,1.33917451059774,-1.60964225162433,0.735192873670757,2.95373343264087,2.53786025694071
184,"Pink","Kodiak-Even","GOA",2018,36165176.5,36165176.5,9020798.5,58.03333,-154.6644,"GoA",11.1971430142721,2.12527398442569,486.1,-264.058998644764,4.00908816442358,1.51499467123543,1.3885638250433,-0.0240544791444944,2.06127201409891,-0.634431754063798,-1.97801911028569
184,"Pink","Kodiak-Even","GOA",2020,21558610,21558610,19098600.5,58.03333,-154.6644,"GoA",9.40949256022771,0.337623530381346,531.8,-221.360704309551,1.12880574678757,-1.0117083268747,0.121160212602661,2.6693301530794,-0.0710132943192962,-0.281028415631895,-1.56565847343818
186,"Pink","Chignik-Even","GOA",1980,1618304,1618304,1233670,56.38528,-158.2261,"GoA",9.31182267268499,0.974355643283424,373.1,-56.9617813504172,1.3117802978106,-0.358525898146733,0.271385220562542,-0.197488962974454,0.605049334468818,-1.90496070995825,0.21330095299761
186,"Pink","Chignik-Even","GOA",1982,1892284,1892284,744920,56.38528,-158.2261,"GoA",9.31132857998212,0.973861550580555,479.5,19.9166533387223,2.54025130215325,0.429970288635773,0.932263013992029,-0.857134715164367,0.604491341967387,-0.803097053858451,1.08928475182606
186,"Pink","Chignik-Even","GOA",1984,1654225,1654225,1447480,56.38528,-158.2261,"GoA",7.23150991565652,-1.10595711374505,442.8,-46.2703012600903,1.14283098902921,-0.466966297035063,0.133508507763224,0.0910815910423755,-1.74430517393195,-1.18315716832144,0.335123976352511
186,"Pink","Chignik-Even","GOA",1986,5412979,5412979,1007100,56.38528,-158.2261,"GoA",8.50306380457348,0.165596775171918,384.8,-133.050532238686,5.37481779366498,2.24934157362139,1.68172467458612,-0.503281163636692,-0.308304336313321,-1.78379713123299,-0.653684871059928
186,"Pink","Chignik-Even","GOA",1988,2181148,2181148,2415820,56.38528,-158.2261,"GoA",8.36451956298616,0.0270525335845926,523,-22.2964046529494,0.902860312440496,-0.620991880675978,-0.102187430288236,1.39801022055763,-0.464766165183264,-0.352617081674794,0.6082921945604
186,"Pink","Chignik-Even","GOA",1990,4069383,4069383,1631140,56.38528,-158.2261,"GoA",8.28452860646778,-0.0529384229337894,472.3,-98.5345494540033,2.49480915188151,0.400803167815008,0.914212234045941,0.338959931394702,-0.555102156102334,-0.877659256150919,-0.260395883812963
186,"Pink","Chignik-Even","GOA",1992,2433723,2433723,2515310,56.38528,-158.2261,"GoA",9.03309374716547,0.695626717763902,698.6,104.586515589127,0.96756383904966,-0.579461812955734,-0.0329738727411561,1.53228777735635,0.290273079995256,1.46587218534705,2.05404720933834
186,"Pink","Chignik-Even","GOA",1994,2471888,2471888,2002660,56.38528,-158.2261,"GoA",8.23114745484459,-0.10631957455698,677.1,62.4949727182841,1.23430237783748,-0.408255231800266,0.210505934232289,0.840385179176997,-0.615386961262452,1.2432211646126,1.57443924422246
186,"Pink","Chignik-Even","GOA",1996,3337618,3337618,2282820,56.38528,-158.2261,"GoA",9.84537354111672,1.50790651171515,636.1,3.41288756017445,1.46205920747146,-0.262069126434137,0.37984585809408,1.21850559643229,1.20760302932849,0.818630846002714,0.901234208131657
186,"Pink","Chignik-Even","GOA",1998,2051808,2051808,2560630,56.38528,-158.2261,"GoA",7.28621553215716,-1.05125149724441,567.9,-80.751501994812,0.801290307463398,-0.686184759736869,-0.221531966285998,1.59345431544177,-1.68252461409719,0.112361096510176,-0.0577686902308121
186,"Pink","Chignik-Even","GOA",2000,1731808,1731808,1623744,56.38528,-158.2261,"GoA",8.84153060780631,0.504063578404746,574.2,-88.905210980894,1.06655236293406,-0.515925861889602,0.0644313556462349,0.328977854702739,0.073935549219504,0.177603023516085,-0.150675329147835
186,"Pink","Chignik-Even","GOA",2002,1662500,1662500,1665758,56.38528,-158.2261,"GoA",9.13880713449584,0.801340105094276,594.2,-82.4804935346892,0.998044133661672,-0.559897984433433,-0.00195778154255748,0.385682420702754,0.409658120674277,0.384720252106272,-0.0774695150898007
186,"Pink","Chignik-Even","GOA",2004,1096424,1096424,1660120,56.38528,-158.2261,"GoA",10.0623203979598,1.72485336855825,580.1,-109.715062898771,0.660448642266824,-0.776584220167781,-0.414835913884195,0.378073044230433,1.4526070915714,0.23870260595019,-0.387791149856065
186,"Pink","Chignik-Even","GOA",2006,4071338,4071338,712850,56.38528,-158.2261,"GoA",8.38404263224866,0.0465756028471011,524.7,-177.889254199671,5.71135301956933,2.46534727616181,1.74245595173999,-0.90041827377865,-0.442718225211387,-0.335012117244628,-1.16459529941111
186,"Pink","Chignik-Even","GOA",2008,1085081,1085081,1681380,56.38528,-158.2261,"GoA",7.99078927603033,-0.346677753371238,647.1,-67.5953162617703,0.645351437509665,-0.786274386512786,-0.437960246214981,0.406766790913927,-0.886830074381113,0.932545321727317,0.0921381803125673
186,"Pink","Chignik-Even","GOA",2010,697406,697406,595300,56.38528,-158.2261,"GoA",7.95322180456585,-0.384245224835713,652.5,-73.0666645614638,1.17152024189484,-0.448552051679475,0.158302257429195,-1.05907066901123,-0.929256054876638,0.988466973446667,0.0297954376740246
186,"Pink","Chignik-Even","GOA",2012,788695,788695,559700,56.38528,-158.2261,"GoA",8.47692077358564,0.139453744184073,609.4,-125.22893264939,1.4091388243702,-0.296036163613612,0.342978754940448,-1.10711852328839,-0.33782838143925,0.542129345834814,-0.5645624201561
186,"Pink","Chignik-Even","GOA",2014,416953,416953,436580,56.38528,-158.2261,"GoA",9.63861407836279,1.30114704896122,685.7,-55.8769898456429,0.955043749141051,-0.587497853787154,-0.0459981289317796,-1.27328851819299,0.974103871889628,1.33228157290638,0.225661503614065
186,"Pink","Chignik-Even","GOA",2018,534510,534510,288410,56.38528,-158.2261,"GoA",10.6798472801844,2.34238025078286,486.1,-264.058998644764,1.8532991227766,-0.0109511267054523,0.616967360490525,-1.47326746673924,2.14999721231717,-0.734748368423689,-2.14644801777496
186,"Pink","Chignik-Even","GOA",2020,2514282,2514282,534510,56.38528,-158.2261,"GoA",8.95254176855087,0.615074739149308,531.8,-221.360704309551,4.70390076892855,1.8187123493401,1.54839211533312,-1.14111642916596,0.199303511366971,-0.261485501095112,-1.65992648249012
188,"Pink","S AKPen-Even","GOA",1962,4859900,4859900,2398200,55,-161,"GoA",7.46159067153931,-0.53855122691658,245.6,-52.5949846808577,2.02647819197732,-0.307125243994984,0.706299405605828,-0.414231962838584,-0.714981440903909,-1.40137095873496,0.0372067643124012
188,"Pink","S AKPen-Even","GOA",1964,1367900,1367900,2154600,55,-161,"GoA",6.77383910566569,-1.2263027927902,275.7,-18.5092087584094,0.634874222593521,-0.922950037071531,-0.454328374364693,-0.510808895334904,-1.4317102905873,-1.22822016091089,0.418620933248965
188,"Pink","S AKPen-Even","GOA",1966,2376050,2376050,1079100,55,-161,"GoA",8.60918425917626,0.609042360720369,270.1,-24.6809132509208,2.20188119729404,-0.229504367775432,0.789312084662474,-0.937198431048334,0.480964119650746,-1.26043426283165,0.34956058545788
188,"Pink","S AKPen-Even","GOA",1968,3578890,3578890,1234950,55,-161,"GoA",7.8676724255085,-0.132469472947388,268.2,-32.3923262416599,2.89800396777197,0.0785499857022106,1.06402221303902,-0.875410602930307,-0.291790098503917,-1.2713640474119,0.26327115540702
188,"Pink","S AKPen-Even","GOA",1970,227397,227397,1948350,55,-161,"GoA",5.83920395262539,-2.1609379458305,224.7,-87.1723874627344,0.116712602971745,-1.15225146133025,-2.14804075090413,-0.592578157762514,-2.40572476231201,-1.52159858911779,-0.349708627493269
188,"Pink","S AKPen-Even","GOA",1972,527201,527201,167100,55,-161,"GoA",6.96857309341431,-1.03156880504158,238.3,-90.0646047927034,3.15500299222023,0.192279447915372,1.1489894443985,-1.2987672423646,-1.22877150577183,-1.44336434159595,-0.382072058849619
188,"Pink","S AKPen-Even","GOA",1974,4527609,4527609,426600,55,-161,"GoA",6.7760076597333,-1.22413423872259,305,-44.3992786635226,10.6132419127989,3.49276474475925,2.36210245852715,-1.19588664309205,-1.42945036805208,-1.05967137764692,0.128915352861549
188,"Pink","S AKPen-Even","GOA",1976,9788253,9788253,2184600,55,-161,"GoA",8.45197984725237,0.45183794879648,349.6,-24.4406377061709,4.48056989837957,0.77888094062034,1.49975024779618,-0.498915184436342,0.317136157761281,-0.80310906592089,0.352249228879847
188,"Pink","S AKPen-Even","GOA",1978,10297564,10297564,4288050,55,-161,"GoA",8.44014931917191,0.440007420716016,408,6.74270672233649,2.40145613973718,-0.14118671394772,0.876075278261258,0.335012355216298,0.304807169790913,-0.467162003032988,0.701185671662385
188,"Pink","S AKPen-Even","GOA",1980,8455580,8455580,3962400,55,-161,"GoA",8.88092688918114,0.880784990725248,373.1,-56.9617813504172,2.13395416919039,-0.259564031980586,0.757976676168334,0.205906123412413,0.764156179513139,-0.66792488821771,-0.0116569648403243
188,"Pink","S AKPen-Even","GOA",1982,17196782,17196782,3439500,55,-161,"GoA",8.76805209219456,0.767910193738667,479.5,19.9166533387223,4.99979124872801,1.0086513262142,1.60939616130814,-0.0014012575495141,0.646525588153199,-0.055856951723314,0.848599945338762
188,"Pink","S AKPen-Even","GOA",1984,6314548,6314548,6527400,55,-161,"GoA",6.95858121663332,-1.04156068182257,442.8,-46.2703012600903,0.967390997947115,-0.775801797427402,-0.0331525240457753,1.22281840523942,-1.23918437388696,-0.26697436966828,0.107978920891948
188,"Pink","S AKPen-Even","GOA",1986,11124000,11124000,2575050,55,-161,"GoA",8.14780759811401,0.147665699658123,384.8,-133.050532238686,4.31991611813363,0.707787020831704,1.46323598496881,-0.344118537091564,0.000148109971643829,-0.600620425276127,-0.863077444500208
188,"Pink","S AKPen-Even","GOA",1988,4748167,4748167,4259400,55,-161,"GoA",7.99660994410514,-0.00353195435074438,523,-22.2964046529494,1.11475019955862,-0.710591111171228,0.108630343541915,0.323653861308172,-0.15742000911355,0.194377589982572,0.376242840463211
188,"Pink","S AKPen-Even","GOA",1990,13378550,13378550,2397600,55,-161,"GoA",7.97721752822399,-0.0229243702318979,472.3,-98.5345494540033,5.57997580914248,1.26539968618162,1.7191844411047,-0.414469837056555,-0.177629492620034,-0.0972750827642881,-0.476849332257697
188,"Pink","S AKPen-Even","GOA",1992,11264587.5,11264587.5,4251600,55,-161,"GoA",8.70446872413159,0.704326825675696,698.6,104.586515589127,2.64949372001129,-0.0314229486035108,0.974368572693592,0.320561496474546,0.580263239200375,1.20451978592633,1.79604163531781
188,"Pink","S AKPen-Even","GOA",1994,7287683,7287683,4607587.5,55,-161,"GoA",7.96208018362523,-0.038061714830664,677.1,62.4949727182841,1.5816700171185,-0.503965658558101,0.458481261696176,0.461695243424602,-0.193404624397092,1.08084064462342,1.32504426445358
188,"Pink","S AKPen-Even","GOA",1996,14569625.5,14569625.5,5471325,55,-161,"GoA",9.42057831287384,1.42043641441795,636.1,3.41288756017445,2.66290624300329,-0.0254875212995465,0.979418098928224,0.804130047332811,1.32654493051796,0.844987398417875,0.663925548514986
188,"Pink","S AKPen-Even","GOA",1998,7381938.5,7381938.5,7002097.5,55,-161,"GoA",7.06477884203195,-0.935363056423935,567.9,-80.751501994812,1.05424674535023,-0.737365630350559,0.0528265264690129,1.41101556621509,-1.12851228578436,0.452665657168647,-0.277859985990829
188,"Pink","S AKPen-Even","GOA",2000,7737451,7737451,4189477.5,55,-161,"GoA",8.53517409563065,0.535032197174758,574.2,-88.905210980894,1.8468773253944,-0.386603794597833,0.61349628070833,0.29593259463135,0.403835659295233,0.4889065218295,-0.369098634738412
188,"Pink","S AKPen-Even","GOA",2002,18772955,18772955,5644200,55,-161,"GoA",8.80025640428066,0.800114505824773,594.2,-82.4804935346892,3.3260612664328,0.267977655622866,1.20178880105592,0.872667556385772,0.680086776090299,0.603956885832206,-0.297207114035707
188,"Pink","S AKPen-Even","GOA",2004,7222880,7222880,12467115,55,-161,"GoA",9.52804237008095,1.52790047162506,580.1,-109.715062898771,0.579354565992212,-0.947519082425233,-0.54584061233734,3.57766017290107,1.43853680945541,0.522846379210298,-0.601957419969195
188,"Pink","S AKPen-Even","GOA",2006,15746337,15746337,4293375,55,-161,"GoA",8.0517138287425,0.0515719302866136,524.7,-177.889254199671,3.66758948379771,0.419113717617343,1.29953462986419,0.337123488900793,-0.099994412707889,0.204156870922802,-1.36481529291643
188,"Pink","S AKPen-Even","GOA",2008,1615710,1615710,5007555,55,-161,"GoA",7.55637932568788,-0.443762572768005,647.1,-67.5953162617703,0.322654469097194,-1.0611162605959,-1.13117328347293,0.620265170551948,-0.61619902233588,0.908265098619363,-0.130644453647954
188,"Pink","S AKPen-Even","GOA",2010,946896,946896,1114368,55,-161,"GoA",7.57265003919601,-0.427491859259875,652.5,-73.0666645614638,0.849715713301172,-0.827876496416225,-0.1628534403801,-0.923216184515985,-0.59924276901002,0.939328696900094,-0.191867932011423
188,"Pink","S AKPen-Even","GOA",2012,2551519,2551519,718365,55,-161,"GoA",8.1501058101654,0.149963911709516,609.4,-125.22893264939,3.55184203016572,0.367892139316141,1.26746635065157,-1.08021435774809,0.00254315341706449,0.691395162474262,-0.775555044719925
188,"Pink","S AKPen-Even","GOA",2014,1917727,1917727,2010570,55,-161,"GoA",9.20974581241608,1.20960391396019,685.7,-55.8769898456429,0.953822547834694,-0.781806226968194,-0.0472776333946094,-0.567910601358898,1.10682934857375,1.13031230114459,0.000481671850954068
188,"Pink","S AKPen-Even","GOA",2016,1515223,1515223,1557240,55,-161,"GoA",9.01470228731632,1.01456038886043,950.1,203.542244476451,0.973018288767306,-0.773311559341591,-0.0273524007062778,-0.747636466747061,0.903567984558721,2.65127811326036,2.90333979924823
188,"Pink","S AKPen-Even","GOA",2018,8110591,8110591,1098633,55,-161,"GoA",10.2440864622593,2.2439445638034,486.1,-264.058998644764,7.38243890361932,2.06304146258143,1.9991040587628,-0.929454435882281,2.18475024461883,-0.0178903316024209,-2.32904041543613
188,"Pink","S AKPen-Even","GOA",2020,12370464,12370464,4814625,55,-161,"GoA",8.69780618548393,0.697664287028045,531.8,-221.360704309551,2.56935150712672,-0.0668881835066481,0.943653535208783,0.543776715763299,0.573319985418268,0.244999750143762,-1.8512535965024
190,"Pink","NW AK Peninsula-Even","BS",1962,29300,29300,6000,54.982,-163.37,"BS",8.74414827227593,-0.439616175138786,245.6,-52.5949846808577,4.88333333333333,-0.161946394982123,1.58582804679497,-0.788037130362108,-0.673880399315703,-1.40137095873496,0.0372067643124012
190,"Pink","NW AK Peninsula-Even","BS",1964,18550,18550,22500,54.982,-163.37,"BS",8.27330450415611,-0.910459943258599,275.7,-18.5092087584094,0.824444444444444,-0.223162440081853,-0.19304552015693,-0.566446572126181,-1.18068615354743,-1.22822016091089,0.418620933248965
190,"Pink","NW AK Peninsula-Even","BS",1966,39750,39750,2550,54.982,-163.37,"BS",9.7684612929821,0.58469684556739,270.1,-24.6809132509208,15.5882352941176,-0.000495372508099357,2.74651648193001,-0.83436970162962,0.428667341947541,-1.26043426283165,0.34956058545788
190,"Pink","NW AK Peninsula-Even","BS",1968,24495,24495,39750,54.982,-163.37,"BS",9.30889755487442,0.125133107459709,268.2,-32.3923262416599,0.61622641509434,-0.226302778392213,-0.484140826009803,-0.33478371578862,-0.065996838995699,-1.2713640474119,0.26327115540702
190,"Pink","NW AK Peninsula-Even","BS",1970,1832,1832,16650,54.982,-163.37,"BS",6.961318603158,-2.22244584425672,224.7,-87.1723874627344,0.11003003003003,-0.233937217665051,-2.20700195017451,-0.645010497318919,-2.59287858151974,-1.52159858911779,-0.349708627493269
190,"Pink","NW AK Peninsula-Even","BS",1972,57500,57500,1800,54.982,-163.37,"BS",8.06905292272568,-1.11471152468903,238.3,-90.0646047927034,31.9444444444444,0.246188501925606,3.46399828290119,-0.844441999731253,-1.40053801055137,-1.44336434159595,-0.382072058849619
190,"Pink","NW AK Peninsula-Even","BS",1974,56035,56035,34500,54.982,-163.37,"BS",8.00758728086948,-1.17617716654523,305,-44.3992786635226,1.62420289855072,-0.211100506154693,0.485017171466677,-0.405289802500052,-1.46669825963922,-1.05967137764692,0.128915352861549
190,"Pink","NW AK Peninsula-Even","BS",1976,603382,603382,55950,54.982,-163.37,"BS",9.94355095624924,0.759786508834526,349.6,-24.4406377061709,10.7843074173369,-0.0729480741245174,2.37809206056417,-0.117222076793346,0.617129959186005,-0.80310906592089,0.352249228879847
190,"Pink","NW AK Peninsula-Even","BS",1978,438929,438929,135600,54.982,-163.37,"BS",9.71028962731361,0.526525179898902,408,6.74270672233649,3.2369395280236,-0.186777258845791,1.17462829328168,0.952455981600086,0.36605265552669,-0.467162003032988,0.701185671662385
190,"Pink","NW AK Peninsula-Even","BS",1980,82635,82635,141000,54.982,-163.37,"BS",9.93337757587433,0.749613128459617,373.1,-56.9617813504172,0.586063829787234,-0.226757689633449,-0.534326570785379,1.02497652793184,0.606179558940546,-0.66792488821771,-0.0116569648403243
190,"Pink","NW AK Peninsula-Even","BS",1982,59369,59369,77550,54.982,-163.37,"BS",9.873072463274,0.689308015859286,479.5,19.9166533387223,0.765557704706641,-0.224050568191355,-0.267150685005483,0.172860108533687,0.541268477718244,-0.055856951723314,0.848599945338762
190,"Pink","NW AK Peninsula-Even","BS",1984,29235,29235,49500,54.982,-163.37,"BS",8.21510318517685,-0.96866126223786,442.8,-46.2703012600903,0.590606060606061,-0.22668918383931,-0.526606047947011,-0.20384384046739,-1.24333275813212,-0.26697436966828,0.107978920891948
190,"Pink","NW AK Peninsula-Even","BS",1986,72905,72905,19350,54.982,-163.37,"BS",9.40221741199493,0.218452964580222,384.8,-133.050532238686,3.76770025839793,-0.178772340825812,1.32646480429246,-0.608750224153039,0.0344505785449828,-0.600620425276127,-0.863077444500208
190,"Pink","NW AK Peninsula-Even","BS",1988,33430,33430,42750,54.982,-163.37,"BS",9.2758236348629,0.0920591874481868,523,-22.2964046529494,0.781988304093567,-0.223802762365519,-0.245915494950762,-0.294494523382088,-0.101596870496114,0.194377589982572,0.376242840463211
190,"Pink","NW AK Peninsula-Even","BS",1990,9220.5,9220.5,33300,54.982,-163.37,"BS",9.31780771017075,0.134043262756035,472.3,-98.5345494540033,0.276891891891892,-0.231420611879383,-1.28412813095336,-0.421405479462664,-0.0564061461140482,-0.0972750827642881,-0.476849332257697
190,"Pink","NW AK Peninsula-Even","BS",1992,330186,330186,904.5,54.982,-163.37,"BS",9.80212068557739,0.618356238162679,698.6,104.586515589127,365.048092868988,5.27004811549183,5.90002910618764,-0.856468323664603,0.464897563108494,1.20451978592633,1.79604163531781
190,"Pink","NW AK Peninsula-Even","BS",1994,328067,328067,142050,54.982,-163.37,"BS",9.41298075914383,0.229216311729122,677.1,62.4949727182841,2.30951777543119,-0.200764606956892,0.837038747516703,1.03907774527413,0.0460360058973272,1.08084064462342,1.32504426445358
190,"Pink","NW AK Peninsula-Even","BS",1996,210405,210405,324900,54.982,-163.37,"BS",10.5874964296818,1.40373198226707,636.1,3.41288756017445,0.647599261311173,-0.22582961403086,-0.43448319783531,3.49470402245227,1.31025853695247,0.844987398417875,0.663925548514986
190,"Pink","NW AK Peninsula-Even","BS",1998,71719,71719,194250,54.982,-163.37,"BS",8.50707461237907,-0.676689835035639,567.9,-80.751501994812,0.369209781209781,-0.230028276136597,-0.996390283720133,1.74010969314779,-0.929061211185187,0.452665657168647,-0.277859985990829
190,"Pink","NW AK Peninsula-Even","BS",2000,21628,21628,53850,54.982,-163.37,"BS",9.57869287729263,0.39492842987792,574.2,-88.905210980894,0.401634168987929,-0.229539252455759,-0.912213632082639,-0.145424511477918,0.224404842250638,0.4889065218295,-0.369098634738412
190,"Pink","NW AK Peninsula-Even","BS",2002,139384,139384,17850,54.982,-163.37,"BS",10.1474801957607,0.963715748346015,594.2,-82.4804935346892,7.80862745098039,-0.117827193511476,2.05522920589496,-0.628894820356306,0.836634854521529,0.603956885832206,-0.297207114035707
190,"Pink","NW AK Peninsula-Even","BS",2004,250387.5,250387.5,127950,54.982,-163.37,"BS",10.5284509778023,1.34468653038757,580.1,-109.715062898771,1.95691676436108,-0.206082525231267,0.671370155246299,0.849718540963429,1.24670332649861,0.522846379210298,-0.601957419969195
190,"Pink","NW AK Peninsula-Even","BS",2006,34391,34391,193372.5,54.982,-163.37,"BS",9.3833077609539,0.199543313539191,524.7,-177.889254199671,0.177848453115102,-0.232914382165037,-1.72682347831961,1.72832510436888,0.0140966509643381,0.204156870922802,-1.36481529291643
190,"Pink","NW AK Peninsula-Even","BS",2008,29400,29400,17850,54.982,-163.37,"BS",8.65102622509002,-0.532738222324687,647.1,-67.5953162617703,1.64705882352941,-0.210755793753691,0.498991166118988,-0.628894820356306,-0.774114898644669,0.908265098619363,-0.130644453647954
190,"Pink","NW AK Peninsula-Even","BS",2010,17248.5,17248.5,22950,54.982,-163.37,"BS",8.57493772506714,-0.608826722347573,652.5,-73.0666645614638,0.75156862745098,-0.224261551050858,-0.285592753331862,-0.560403193265201,-0.856014866858004,0.939328696900094,-0.191867932011423
190,"Pink","NW AK Peninsula-Even","BS",2012,12814,12814,16354.5,54.982,-163.37,"BS",9.39419061541557,0.21042616800086,609.4,-125.22893264939,0.783515240453698,-0.223779733155397,-0.243964765615579,-0.648978982770962,0.0258107133287291,0.691395162474262,-0.775555044719925
190,"Pink","NW AK Peninsula-Even","BS",2014,53187,53187,11250,54.982,-163.37,"BS",10.2471726715565,1.06340822414176,685.7,-55.8769898456429,4.72773333333333,-0.16429314969216,1.55344587693392,-0.717531043650677,0.943941616993182,1.13031230114459,0.000481671850954068
190,"Pink","NW AK Peninsula-Even","BS",2016,19159,19159,51375,54.982,-163.37,"BS",9.96892265081406,0.785158203399347,950.1,203.542244476451,0.372924574209246,-0.229972249735773,-0.986379093702543,-0.178663095213308,0.644439486614622,2.65127811326036,2.90333979924823
190,"Pink","NW AK Peninsula-Even","BS",2018,75101,75101,16650,54.982,-163.37,"BS",11.4726868927479,2.28892244533317,486.1,-264.058998644764,4.51057057057057,-0.167568392213743,1.50642365783421,-0.645010497318919,2.26305785309164,-0.0178903316024209,-2.32904041543613
190,"Pink","NW AK Peninsula-Even","BS",2020,51741,51741,70050,54.982,-163.37,"BS",10.0457873821259,0.862022934711142,531.8,-221.360704309551,0.738629550321199,-0.224456697838762,-0.302958768805643,0.0721371275173559,0.727174972913722,0.244999750143762,-1.8512535965024
201,"Pink","Kwiniuk-Even","BS",1966,138075.5,138075.5,10111,64.68,-162.01,"BS",8.1946555592797,0.952743592355426,270.1,-24.6809132509208,13.6559687469093,4.08101252599485,2.61417669689178,-1.07700674386736,0.42831401584614,-1.35449395324362,0.357105426540186
201,"Pink","Kwiniuk-Even","BS",1968,250759.7,250759.7,129275,64.68,-162.01,"BS",7.15186411684209,-0.0900478500821846,268.2,-32.3923262416599,1.93973854186811,-0.0503692751653772,0.662553191759711,-0.935664225780922,-0.590800124944475,-1.36506561336649,0.277712608041524
201,"Pink","Kwiniuk-Even","BS",1970,66693.3,66693.3,240971,64.68,-162.01,"BS",6.55687527223067,-0.68503669469361,224.7,-87.1723874627344,0.276768988799482,-0.636766266961864,-1.28457209619893,-0.803179633956354,-1.17227933591571,-1.60710098986394,-0.286275271105055
201,"Pink","Kwiniuk-Even","BS",1972,74812.9,74812.9,62655,64.68,-162.01,"BS",6.59228016029705,-0.649631806627232,238.3,-90.0646047927034,1.1940451679834,-0.313315972200017,0.177346843386733,-1.01468338051657,-1.13767834034442,-1.53143015951072,-0.316052081893515
201,"Pink","Kwiniuk-Even","BS",1974,37800.2,37800.2,66735,64.68,-162.01,"BS",6.63780483603477,-0.604107130889505,305,-44.3992786635226,0.566422417022552,-0.534628558751798,-0.568415159309279,-1.00984402069487,-1.09318733388701,-1.1603092488813,0.154095082239727
201,"Pink","Kwiniuk-Even","BS",1976,119597.5,119597.5,31753,64.68,-162.01,"BS",7.59009683132172,0.348184864397442,349.6,-24.4406377061709,3.76649450445627,0.593782146146776,1.32614472922408,-1.05133678669551,-0.162517787644834,-0.912153437575869,0.359579182353407
201,"Pink","Kwiniuk-Even","BS",1978,334645.9,334645.9,98354,64.68,-162.01,"BS",8.05018709870902,0.80827513178474,408,6.74270672233649,3.40246355003355,0.465417404771696,1.22449974278472,-0.972340168194325,0.287125811691266,-0.587213989588491,0.680627167640529
201,"Pink","Kwiniuk-Even","BS",1980,475407,475407,330966,64.68,-162.01,"BS",7.93098241090775,0.689070443983467,373.1,-56.9617813504172,1.43642247239898,-0.227848789757158,0.362155628192396,-0.696434980242237,0.170627748854433,-0.781398693950811,0.0247578911299591
201,"Pink","Kwiniuk-Even","BS",1990,1328703.4,1328703.4,388114,64.68,-162.01,"BS",7.29878691651605,0.0568749495917674,472.3,-98.5345494540033,3.42348742895129,0.472830853400689,1.23065974758488,-0.628650731445589,-0.447213309154865,-0.229446754903758,-0.403254359867196
201,"Pink","Kwiniuk-Even","BS",1992,2379328.5,2379328.5,1324397,64.68,-162.01,"BS",7.32191704349084,0.0800050765665633,698.6,104.586515589127,1.79653721655969,-0.100864984017759,0.585861043504751,0.481891016578352,-0.424608367726505,1.02969360604733,1.68797767109661
201,"Pink","Kwiniuk-Even","BS",1994,1072603.9,1072603.9,2372787,64.68,-162.01,"BS",7.17923025651412,-0.0626817104101606,677.1,62.4949727182841,0.452043904488688,-0.574960755785863,-0.79397597004256,1.72540485076184,-0.564055352419859,0.910066925709512,1.25462437676693
201,"Pink","Kwiniuk-Even","BS",1996,746456.2,746456.2,1031690,64.68,-162.01,"BS",7.33404377644713,0.0921318095228469,636.1,3.41288756017445,0.723527610037899,-0.479230062483596,-0.323616571872467,0.134706091252522,-0.412756980637586,0.681941628321113,0.646345029115154
201,"Pink","Kwiniuk-Even","BS",1998,1444142.6,1444142.6,668798,64.68,-162.01,"BS",6.77696730331941,-0.464944663604869,567.9,-80.751501994812,2.15931058406275,0.0270563065525552,0.769788996704175,-0.295726498064921,-0.957184646767178,0.302474670226264,-0.22016907303634
201,"Pink","Kwiniuk-Even","BS",2000,1120269.5,1120269.5,1416770,64.68,-162.01,"BS",6.00454312833873,-1.23736883858555,574.2,-88.905210980894,0.790720794483226,-0.455536374793849,-0.234810351423157,0.591456257953252,-1.71207039608942,0.337528069581067,-0.304115548007961
201,"Pink","Kwiniuk-Even","BS",2002,3050352.5,3050352.5,1114428,64.68,-162.01,"BS",8.18521371212872,0.943301745204444,594.2,-82.4804935346892,2.73714632080314,0.230812976151115,1.00691588891572,0.232843089519077,0.419086552371511,0.448808702453457,-0.23796989782371
201,"Pink","Kwiniuk-Even","BS",2004,1350092,1350092,3044489,64.68,-162.01,"BS",8.99671514467759,1.75480317775331,580.1,-109.715062898771,0.443454385941286,-0.577989595266346,-0.813160332710704,2.52212241717197,1.21216228307484,0.370355856278422,-0.518363286818494
201,"Pink","Kwiniuk-Even","BS",2006,1454056.5,1454056.5,1347075,64.68,-162.01,"BS",7.43233932961117,0.190427362686891,524.7,-177.889254199671,1.0794176270809,-0.353735981717463,0.0764216615127352,0.508789791587283,-0.316693296060211,0.0621085032219026,-1.22025037323774
201,"Pink","Kwiniuk-Even","BS",2008,644848,644848,1443831,64.68,-162.01,"BS",7.85954257033088,0.617630603406603,647.1,-67.5953162617703,0.446622908082733,-0.576872309716075,-0.806040646483324,0.623553786417697,0.100809999317171,0.743145976400927,-0.0847196207385011
201,"Pink","Kwiniuk-Even","BS",2010,447711,447711,634190,64.68,-162.01,"BS",8.07438857988878,0.832476612964498,652.5,-73.0666645614638,0.705957205253946,-0.485425745676319,-0.348200659113718,-0.336775656081902,0.310777781485643,0.773191747276472,-0.141049863071805
201,"Pink","Kwiniuk-Even","BS",2012,343436.5,343436.5,415174,64.68,-162.01,"BS",8.66191306439313,1.42000109746885,609.4,-125.22893264939,0.827211000688868,-0.44266918362397,-0.189695476611288,-0.596554389098748,0.884962115813765,0.533381983436472,-0.678086264540215
201,"Pink","Kwiniuk-Even","BS",2014,1958359,1958359,326054,64.68,-162.01,"BS",8.36216277425939,1.12025080733512,685.7,-55.8769898456429,6.0062412974538,1.38356255997097,1.79279914482034,-0.702261189909927,0.592017863540952,0.957917597844639,0.0359263572918497
201,"Pink","Kwiniuk-Even","BS",2016,1843542.5,1843542.5,1933803,64.68,-162.01,"BS",9.83787048946727,2.59595852254299,950.1,203.542244476451,0.953324873319568,-0.398198859198616,-0.0477995380160375,1.20471820076975,2.03421861341154,2.42904756441763,2.70677594222916
201,"Pink","Kwiniuk-Even","BS",2018,1770416.5,1770416.5,1835039,64.68,-162.01,"BS",10.3901951746507,3.14828320772643,486.1,-264.058998644764,0.964784127203836,-0.394158092490911,-0.0358509050477052,1.0875724817918,2.57400238423189,-0.15266311822181,-2.10741059783227
201,"Pink","Kwiniuk-Even","BS",2020,413299.5,413299.5,1767447,64.68,-162.01,"BS",7.73279477655888,0.490882809634598,531.8,-221.360704309551,0.233839826597346,-0.651903965381672,-1.45311889972344,1.00740042074569,-0.0230598980470769,0.1016131278916,-1.66781049647224
