"Stock.ID","Species","Stock","Ocean.Region2","BY","R0.1","R","S","Lat","Lon","ocean.basin","sst_raw","early_sst","np_all_spp_sec","np_pinks_sec","det_np_pinks_sec","RS","RS_stnd","lnRS","S_stnd","early_sst_stnd","np_all_spp_sec_stnd","np_pinks_sec_stnd","det_np_pinks_sec_stnd"
163,"Pink","Nisqually-Odd","WC",1959,8764,8764,4000,47.101,-122.706,"SC",12.247164050738,-0.0662743560799658,295.2,182.1,-20.9204295127874,2.191,-0.275669861498264,0.784358060613329,-0.380065452474637,-0.043278740194037,-1.20380555120088,-1.17170433413941,-0.98346978474081
163,"Pink","Nisqually-Odd","WC",1961,19593,19593,5000,47.101,-122.706,"SC",12.1647284825643,-0.148709924253702,318.2,224.2,26.8582160885894,3.9186,-0.150390036529203,1.36573444715453,-0.375409803542296,-0.181402466782504,-1.10045817478618,-0.935262594992193,-0.326910336243967
163,"Pink","Nisqually-Odd","WC",1963,9057,9057,9000,47.101,-122.706,"SC",11.6598021586736,-0.653636248144385,344.5,205.1,11.278580937552,1.00633333333333,-0.3615779609696,0.00631336205659203,-0.356787207812932,-1.02742448195697,-0.982282696538062,-1.04253188757442,-0.54100088933098
163,"Pink","Nisqually-Odd","WC",1965,17416,17416,4000,47.101,-122.706,"SC",12.0731655359268,-0.240272870891178,272.9,175.2,-17.7751125688447,4.354,-0.118816271889513,1.47109496281236,-0.380065452474637,-0.334819440634557,-1.30400757268122,-1.21045606810891,-0.940247806970824
163,"Pink","Nisqually-Odd","WC",1967,6295,6295,7000,47.101,-122.706,"SC",11.9149852991104,-0.398453107707573,305.9,220.8,25.6382346910747,0.899285714285714,-0.369340699437788,-0.106154481559003,-0.366098505677614,-0.599856053661598,-1.15572655434708,-0.954357652310496,-0.343674945274776
163,"Pink","Nisqually-Odd","WC",1969,20545,20545,3500,47.101,-122.706,"SC",11.6897964080175,-0.623641998800511,324.9,202.8,2.28046936379511,5.87,-0.00888097746192808,1.76985463384001,-0.382393276940808,-0.977168050329449,-1.07035263470016,-1.05544913223092,-0.66465017026013
163,"Pink","Nisqually-Odd","WC",1971,25160,25160,10000,47.101,-122.706,"SC",11.7714772224426,-0.541961184375357,258.2,158.6,-50.3442287528231,2.516,-0.252101938880213,0.922670338838194,-0.352131558880591,-0.840308940492225,-1.37006002630279,-1.30368487736885,-1.3878025815073
163,"Pink","Nisqually-Odd","WC",1973,13645,13645,8000,47.101,-122.706,"SC",11.7557787100474,-0.557659696770599,339.2,228.3,8.18300003622602,1.705625,-0.310867647469761,0.533931612480466,-0.361442856745273,-0.866612356383727,-1.00609752675536,-0.912236202343652,-0.58353940970489
163,"Pink","Nisqually-Odd","WC",1975,10690,10690,6000,47.101,-122.706,"SC",11.535138686498,-0.77829972031999,381.4,279.1,45.5262969845521,1.78166666666667,-0.305353357882845,0.577549255808899,-0.370754154609955,-1.23630256368576,-0.816477557855345,-0.626933581234898,-0.0703793119071344
163,"Pink","Nisqually-Odd","WC",1977,4654,4654,5200,47.101,-122.706,"SC",12.6400055090586,0.326567102240639,457,319.9,71.1046092155224,0.895,-0.369651485230553,-0.110931560707282,-0.374478673755828,0.614941096021969,-0.476779224944412,-0.397792893415268,0.28110998546554
163,"Pink","Nisqually-Odd","WC",1979,1281,1281,1300,47.101,-122.706,"SC",12.4531836509705,0.139745244152467,453.5,297.9,32.6075384498225,0.985384615384615,-0.363097092549794,-0.0147232415528938,-0.392635704591958,0.301914427813217,-0.492505999616214,-0.521349146651343,-0.247904917165847
163,"Pink","Nisqually-Odd","WC",1981,1178,1178,500,47.101,-122.706,"SC",11.7076369126638,-0.60580149415421,597.3,431,148.341946054577,2.356,-0.263704608476792,0.85696526578934,-0.396360223737831,-0.947275650233745,0.15363977118527,0.226166185426909,1.34248170582576
163,"Pink","Nisqually-Odd","WC",1983,1440,1440,500,47.101,-122.706,"SC",11.8460661967595,-0.467372210058452,524.2,326.3,25.7214716941774,2.88,-0.225705865547996,1.05779029414785,-0.396360223737831,-0.71533246100282,-0.174825151245804,-0.361849256110228,-0.342531127986451
163,"Pink","Nisqually-Odd","WC",1985,12576,12576,500,47.101,-122.706,"SC",12.230163693428,-0.0832747133899507,437.7,270.3,-48.5060334477533,25.152,1.38938574229579,3.2249374162468,-0.396360223737831,-0.0717634435449229,-0.563501153848922,-0.676356082529328,-1.3625426671557
163,"Pink","Nisqually-Odd","WC",1987,22582,22582,7700,47.101,-122.706,"SC",12.2657570441564,-0.0476813626615948,557.7,364.4,27.286769793309,2.93272727272727,-0.221882258521851,1.07593279989869,-0.362839551424976,-0.012125518395798,-0.0242974508156947,-0.147872290278663,-0.321021283080563
163,"Pink","Nisqually-Odd","WC",1989,3213,3213,12300,47.101,-122.706,"SC",12.6095175743103,0.29607916749231,688.9,486,130.743381846267,0.261219512195122,-0.415611145210294,-1.34239418224465,-0.341423566336207,0.563857476939607,0.5652319311673,0.535056818517096,1.10064765076809
163,"Pink","Nisqually-Odd","WC",1991,690,690,1900,47.101,-122.706,"SC",13.4799647331238,1.16652632630579,650.2,398.6,25.6305823493315,0.363157894736842,-0.408218911636287,-1.01291756756323,-0.389842315232554,2.02232265207218,0.391338736939085,0.0442015215701446,-0.343780101400727
163,"Pink","Nisqually-Odd","WC",1993,892,892,500,47.101,-122.706,"SC",12.7267109553019,0.413272548483932,690.5,434.9,44.9103454445051,1.784,-0.305184152284562,0.578858034157818,-0.396360223737831,0.760219155189338,0.57242131387441,0.248069339409668,-0.0788435284696552
163,"Pink","Nisqually-Odd","WC",1995,46,46,579,47.101,-122.706,"SC",12.4049975077311,0.0915591009131358,609.6,402,-4.11073275407784,0.079447322970639,-0.42879266179416,-2.5326610810839,-0.395992427472176,0.221176830904622,0.208908150746176,0.063296578888447,-0.752476103476236
163,"Pink","Nisqually-Odd","WC",2005,1452,1452,581,47.101,-122.706,"SC",12.3554545640945,0.0420161572765541,765.7,550,76.9215300470468,2.49913941480207,-0.253324612625567,0.91594643853283,-0.395983116174311,0.138165866671015,0.910322301108566,0.894493191567495,0.36104432192537
163,"Pink","Nisqually-Odd","WC",2007,14978,14978,1000,47.101,-122.706,"SC",10.9832590421041,-1.33017936471391,878.5,657.6,173.201478578285,14.978,0.651600989323326,2.70658245782718,-0.394032399271661,-2.16099653742478,1.4171737819598,1.49879559375848,1.68409375359768
163,"Pink","Nisqually-Odd","WC",2009,853033,853033,12300,47.101,-122.706,"SC",12.2522352139155,-0.0612031929024726,861.4,654.8,159.758485773777,69.3522764227642,4.59464326361322,4.23919897135209,-0.341423566336207,-0.0347818259162418,1.34033725427756,1.48307025243752,1.49936428228716
163,"Pink","Nisqually-Odd","WC",2011,861745,861745,765447,47.101,-122.706,"SC",12.2336014906565,-0.0798369161614496,798.8,578.3,73.4142570728227,1.12580622825617,-0.352914182684998,0.118499426326117,3.16496446010964,-0.0660032920111174,1.0590526558619,1.05343146277572,0.312848455744977
163,"Pink","Nisqually-Odd","WC",2013,271035,271035,763662,47.101,-122.706,"SC",12.8390357891719,0.525597382353871,818.9,552.7,38.850982827287,0.354914870715055,-0.408816668412546,-1.03587731906619,3.15665412676541,0.948423409569542,1.14936927611996,0.909656913555559,-0.16210942535997
163,"Pink","Nisqually-Odd","WC",2015,43869,43869,221658,47.101,-122.706,"SC",13.6416697104772,1.3282313036592,736.6,512.8,-9.16732517828621,0.197913001109818,-0.420201923531763,-1.61992773318119,0.633273782840847,2.29326509323889,0.779565403123008,0.68557079973195,-0.821962240881853
163,"Pink","Nisqually-Odd","WC",2017,438034,438034,39347,47.101,-122.706,"SC",13.1297036806742,0.816265273856249,854.2,638.8,109.373894221988,11.132589523979,0.37274456922023,2.40987679985926,-0.215502229663179,1.43544780041631,1.30798503209557,1.39321115917492,0.806994726273048
163,"Pink","Nisqually-Odd","WC",2019,94464,94464,420680,47.101,-122.706,"SC",12.7598340113958,0.446395604577789,982.8,797.2,260.684735027627,0.224550727393743,-0.418270243926285,-1.49365364011388,1.55985034465322,0.815718013813569,1.88583166717951,2.28281618247466,2.88626174903019
164,"Pink","S South Misc.-Odd","WC",1959,122,122,100,47.16,-122.91,"SC",12.0588191151619,-0.102356469794486,295.2,182.1,-20.9204295127874,1.22,-0.496187704339661,0.198850858745165,-0.572877068633163,-0.202175311517111,-1.3329488853113,-1.29460390560577,-0.997965699780003
164,"Pink","S South Misc.-Odd","WC",1961,368,368,100,47.16,-122.91,"SC",12.0088534355164,-0.15232214944004,318.2,224.2,26.8582160885894,3.68,0.0856530258336098,1.30291275218084,-0.572877068633163,-0.280901263187345,-1.22545787065027,-1.0486059793058,-0.330144449718376
164,"Pink","S South Misc.-Odd","WC",1963,719,719,200,47.16,-122.91,"SC",11.5033093690872,-0.657866215869169,344.5,205.1,11.278580937552,3.595,0.0655487729617692,1.27954399117301,-0.284297459799428,-1.07743676562025,-1.10254423214657,-1.16021073921862,-0.547907245023943
164,"Pink","S South Misc.-Odd","WC",1965,813,813,500,47.16,-122.91,"SC",11.9232601523399,-0.237915432616464,272.9,175.2,-17.7751125688447,1.626,-0.40016033179887,0.486123011125619,0.581441366701777,-0.415762086105088,-1.43716843430874,-1.33492185552192,-0.954002346133092
164,"Pink","S South Misc.-Odd","WC",1967,452,452,400,47.16,-122.91,"SC",11.7619813382626,-0.399194246693832,305.9,220.8,25.6382346910747,1.13,-0.51747456032161,0.122217632724249,0.292861757868042,-0.66987307213702,-1.28294219588204,-1.06847279520651,-0.347196617934645
164,"Pink","S South Misc.-Odd","WC",1969,720,720,300,47.16,-122.91,"SC",11.5449758172035,-0.616199767752871,324.9,202.8,2.28046936379511,2.4,-0.217093370354109,0.8754687373539,0.00428214903430708,-1.01178708760239,-1.19414527072728,-1.17365005585733,-0.67367745143614
164,"Pink","S South Misc.-Odd","WC",1971,975,975,500,47.16,-122.91,"SC",11.6143099069595,-0.54686567799685,258.2,158.6,-50.3442287528231,1.95,-0.323527650263853,0.667829372575655,0.581441366701777,-0.902544258565483,-1.50586921324426,-1.43191866256657,-1.40923391684049
164,"Pink","S South Misc.-Odd","WC",1973,174,174,600,47.16,-122.91,"SC",11.5989210009575,-0.56225458399891,339.2,228.3,8.18300003622602,0.29,-0.7161518828198,-1.23787435600162,0.870020975535511,-0.926791027122823,-1.12731390074238,-1.024648936602,-0.591175418099382
164,"Pink","S South Misc.-Odd","WC",1975,1419,1419,100,47.16,-122.91,"SC",11.3544702529907,-0.806705331965676,381.4,279.1,45.5262969845521,14.19,2.5714847632812,2.65253749117195,-0.572877068633163,-1.31194775683612,-0.93009125645127,-0.727815334320803,-0.0692132122737937
164,"Pink","S South Misc.-Odd","WC",1977,2374,2374,700,47.16,-122.91,"SC",12.490875929594,0.329700344637643,457,319.9,71.1046092155224,3.39142857142857,0.0173999320502179,1.22125124012621,1.15860058436925,0.478573637222651,-0.576772964782843,-0.48941354351228,0.288305093939161
164,"Pink","S South Misc.-Odd","WC",1979,429,429,800,47.16,-122.91,"SC",12.268968462944,0.107792877987639,453.5,297.9,32.6075384498225,0.53625,-0.657908679646968,-0.62315480873991,1.44718019320298,0.128936113652879,-0.593130293100825,-0.61796352875217,-0.24978387025952
164,"Pink","S South Misc.-Odd","WC",1981,241,241,100,47.16,-122.91,"SC",11.5431434810162,-0.618032103940229,597.3,431,148.341946054577,2.41,-0.214728164133892,0.879626747502564,-0.572877068633163,-1.01467411748276,0.0789222246494375,0.159763881949166,1.36788226047571
164,"Pink","S South Misc.-Odd","WC",1983,195,195,100,47.16,-122.91,"SC",11.667573839426,-0.493601745530353,524.2,326.3,25.7214716941774,1.95,-0.323527650263853,0.667829372575655,-0.572877068633163,-0.818621577980128,-0.262712261077573,-0.452017184169766,-0.346033181031742
164,"Pink","S South Misc.-Odd","WC",1985,142,142,100,47.16,-122.91,"SC",12.0660051107407,-0.0951704742157288,437.7,270.3,-48.5060334477533,1.42,-0.44888357993533,0.350656871613169,-0.572877068633163,-0.190853053025906,-0.666971946650576,-0.779235328416759,-1.38354072543588
164,"Pink","S South Misc.-Odd","WC",1987,98,98,100,47.16,-122.91,"SC",12.0980773568153,-0.0630982281410498,557.7,364.4,27.286769793309,0.98,-0.552952653624859,-0.0202027073175195,-0.572877068633163,-0.140320004894824,-0.106149261462596,-0.229391982458866,-0.324154383085007
164,"Pink","S South Misc.-Odd","WC",1989,83,83,50,47.16,-122.91,"SC",12.4953028857708,0.334127300814406,688.9,486,130.743381846267,1.66,-0.392118630650133,0.506817602368452,-0.71716687305003,0.485548751751071,0.507016874342929,0.481138845048891,1.12190008578332
164,"Pink","S South Misc.-Odd","WC",1991,66,66,50,47.16,-122.91,"SC",13.3135947287083,1.15241914375188,650.2,398.6,25.6305823493315,1.32,-0.472535642137496,0.27763173659828,-0.71716687305003,1.77484981872803,0.326151558369806,-0.0295551872223088,-0.347303577777573
164,"Pink","S South Misc.-Odd","WC",1993,71,71,50,47.16,-122.91,"SC",12.6190385818481,0.457862996891749,690.5,434.9,44.9103454445051,1.42,-0.44888357993533,0.350656871613169,-0.71716687305003,0.680506780909679,0.514494510145436,0.18255228842351,-0.0778226134460962
164,"Pink","S South Misc.-Odd","WC",1995,326,326,31,47.16,-122.91,"SC",12.2267499864101,0.0655744014537559,609.6,402,-4.11073275407784,10.5161290322581,1.70253851676358,2.35291017688156,-0.77199699872844,0.0624166593639572,0.136406549881206,-0.00968837132159859,-0.763009841126806
164,"Pink","S South Misc.-Odd","WC",1997,20,20,233,47.16,-122.91,"SC",13.1233178973198,0.962142312363403,699.2,501.1,79.8710331213849,0.0858369098712446,-0.764440663890917,-2.45530618001171,-0.189066188884295,1.47504954105509,0.555154154821564,0.569370880372634,0.410836909098327
164,"Pink","S South Misc.-Odd","WC",1999,174,174,17,47.16,-122.91,"SC",12.5151653587818,0.35398977382542,601.2,401.8,-33.5617709907838,10.2352941176471,1.63611526807439,2.32584195515831,-0.812398143965162,0.516844074889051,0.0971489619180473,-0.0108570075510521,-1.1746587885445
164,"Pink","S South Misc.-Odd","WC",2001,204,204,114,47.16,-122.91,"SC",11.7017004191876,-0.459475165768839,675.5,466.3,17.6774341079921,1.78947368421053,-0.361495434325224,0.581921545449721,-0.53247592339644,-0.764851720589338,0.444391674496938,0.366028176447717,-0.458467913509678
164,"Pink","S South Misc.-Odd","WC",2003,107,107,186,47.16,-122.91,"SC",13.2963645458221,1.13518896086575,813,594.5,133.341193044483,0.575268817204301,-0.648679924731257,-0.552917839251295,-0.324698605036151,1.74770193332378,1.08700100127483,1.11512399952744,1.15821073251641
164,"Pink","S South Misc.-Odd","WC",2005,143,143,95,47.16,-122.91,"SC",12.2210455238819,0.0598699389255212,765.7,550,76.9215300470468,1.50526315789474,-0.428717084794537,0.408967738659366,-0.587306049074849,0.0534287051424154,0.865943392863237,0.855102438474026,0.369610524269445
164,"Pink","S South Misc.-Odd","WC",2007,1852,1852,129,47.16,-122.91,"SC",10.8361941128969,-1.32498147205947,878.5,657.6,173.201478578285,14.3565891472868,2.61088653201954,2.66420901084445,-0.489188982071379,-2.12854392136942,1.39311671693994,1.48382872992004,1.71535389507249
164,"Pink","S South Misc.-Odd","WC",2009,577,577,1492,47.16,-122.91,"SC",12.0913799405098,-0.0697956444465878,861.4,654.8,159.758485773777,0.386729222520107,-0.693273426941674,-0.950030514255607,3.44415108633243,-0.150872457620885,1.31319948430065,1.46746782270768,1.52745580490525
164,"Pink","S South Misc.-Odd","WC",2011,1573,1573,315,47.16,-122.91,"SC",12.0366941690445,-0.124481415911897,798.8,578.3,73.4142570728227,4.99365079365079,0.396358528667136,1.60816726423264,0.0475690903593673,-0.237035388495986,1.02063698352759,1.0204644649417,0.320587966336448
164,"Pink","S South Misc.-Odd","WC",2013,697,697,1085,47.16,-122.91,"SC",12.6821024119854,0.520926827029012,818.9,552.7,38.850982827287,0.642396313364055,-0.632802887584796,-0.442549855214036,2.26963207837913,0.779870185525506,1.11457478329657,0.87087902757165,-0.162516749637573
164,"Pink","S South Misc.-Odd","WC",2015,91,91,607,47.16,-122.91,"SC",13.5276555716991,1.36647998674275,736.6,512.8,-9.16732517828621,0.1499176276771,-0.749284252655882,-1.89766928454265,0.890221548153873,2.11212419784854,0.729943891705152,0.637736099795666,-0.833687857032926
164,"Pink","S South Misc.-Odd","WC",2017,14,14,86,47.16,-122.91,"SC",12.9859167635441,0.824741178587695,854.2,638.8,109.373894221988,0.162790697674419,-0.746239506132788,-1.81528996663825,-0.613278213869885,1.25856024092357,1.27955012318937,1.3739769243514,0.82321020542366
164,"Pink","S South Misc.-Odd","WC",2019,172,172,14,47.16,-122.91,"SC",12.625431984663,0.464256399706621,982.8,797.2,260.684735027627,12.2857142857143,2.12108192163139,2.50843714719819,-0.821055532230174,0.690580229816658,1.88056510081582,2.29953681807861,2.93814238030694
156,"Pink","Puyallup-Odd","WC",1959,35762,35762,14000,47.26972,-122.4272,"SC",12.247164050738,-0.0662743560799658,295.2,182.1,-20.9204295127874,2.55442857142857,-0.135030901585515,0.937828547537753,-0.525108159702912,-0.14792384545282,-1.3329488853113,-1.29460390560577,-0.997965699780003
156,"Pink","Puyallup-Odd","WC",1961,115338,115338,10000,47.26972,-122.4272,"SC",12.1647284825643,-0.148709924253702,318.2,224.2,26.8582160885894,11.5338,2.93964373597351,2.44528185500473,-0.538363337888927,-0.27959698188101,-1.22545787065027,-1.0486059793058,-0.330144449718376
156,"Pink","Puyallup-Odd","WC",1963,36145,36145,10221,47.26972,-122.4272,"SC",11.6598021586736,-0.653636248144385,344.5,205.1,11.278580937552,3.53634673710987,0.201192953747206,1.26309419910532,-0.537630989294149,-1.08610846963739,-1.10254423214657,-1.16021073921862,-0.547907245023943
156,"Pink","Puyallup-Odd","WC",1965,45313,45313,25131,47.26972,-122.4272,"SC",12.0731655359268,-0.240272870891178,272.9,175.2,-17.7751125688447,1.80307190322709,-0.392306960367225,0.589491823196991,-0.488222312605779,-0.425849147438408,-1.43716843430874,-1.33492185552192,-0.954002346133092
156,"Pink","Puyallup-Odd","WC",1967,24152,24152,22038,47.26972,-122.4272,"SC",11.9149852991104,-0.398453107707573,305.9,220.8,25.6382346910747,1.09592522007442,-0.634444841511699,0.0915989563389524,-0.498471879138115,-0.678508143597354,-1.28294219588204,-1.06847279520651,-0.347196617934645
156,"Pink","Puyallup-Odd","WC",1969,66498,66498,16003,47.26972,-122.4272,"SC",11.6897964080175,-0.623641998800511,324.9,202.8,2.28046936379511,4.15534587264888,0.413147761258219,1.42439566735772,-0.518470629226265,-1.03819909055003,-1.19414527072728,-1.17365005585733,-0.67367745143614
156,"Pink","Puyallup-Odd","WC",1971,32721,32721,40000,47.26972,-122.4272,"SC",11.7714772224426,-0.541961184375357,258.2,158.6,-50.3442287528231,0.818025,-0.729602143471177,-0.200862380499221,-0.438949501493815,-0.907731511328621,-1.50586921324426,-1.43191866256657,-1.40923391684049
156,"Pink","Puyallup-Odd","WC",1973,38204,38204,12194,47.26972,-122.4272,"SC",11.7557787100474,-0.557659696770599,339.2,228.3,8.18300003622602,3.13301623749385,0.0630863983398321,1.14199619468687,-0.531092872653897,-0.932806517301551,-1.12731390074238,-1.024648936602,-0.591175418099382
156,"Pink","Puyallup-Odd","WC",1975,57846,57846,11800,47.26972,-122.4272,"SC",11.535138686498,-0.77829972031999,381.4,279.1,45.5262969845521,4.90220338983051,0.668883241655203,1.58968477543868,-0.53239850770522,-1.28523162415723,-0.93009125645127,-0.727815334320803,-0.0692132122737937
156,"Pink","Puyallup-Odd","WC",1977,111968,111968,29429,47.26972,-122.4272,"SC",12.6400055090586,0.326567102240639,457,319.9,71.1046092155224,3.80468245608074,0.293075223684908,1.33623253345025,-0.473979623644906,0.479556113526562,-0.576772964782843,-0.48941354351228,0.288305093939161
156,"Pink","Puyallup-Odd","WC",1979,37940,37940,29481,47.26972,-122.4272,"SC",12.4531836509705,0.139745244152467,453.5,297.9,32.6075384498225,1.28693056544893,-0.569041678747703,0.252259976458469,-0.473807306328488,0.181148271465384,-0.593130293100825,-0.61796352875217,-0.24978387025952
156,"Pink","Puyallup-Odd","WC",1981,25827,25827,12115,47.26972,-122.4272,"SC",11.7076369126638,-0.60580149415421,597.3,431,148.341946054577,2.13182005777961,-0.279738544973389,0.756976102075438,-0.531354662423071,-1.00970271144715,0.0789222246494375,0.159763881949166,1.36788226047571
156,"Pink","Puyallup-Odd","WC",1983,54789,54789,11600,47.26972,-122.4272,"SC",11.8460661967595,-0.467372210058452,524.2,326.3,25.7214716941774,4.72318965517241,0.607586190507878,1.5524843457657,-0.533061266614521,-0.788591625368599,-0.262712261077573,-0.452017184169766,-0.346033181031742
156,"Pink","Puyallup-Odd","WC",1985,48423,48423,34100,47.26972,-122.4272,"SC",12.230163693428,-0.0832747133899507,437.7,270.3,-48.5060334477533,1.4200293255132,-0.523466619834559,0.350677523169781,-0.458500889318187,-0.175078269410788,-0.666971946650576,-0.779235328416759,-1.38354072543588
156,"Pink","Puyallup-Odd","WC",1987,113178,113178,34400,47.26972,-122.4272,"SC",12.2657570441564,-0.0476813626615948,557.7,364.4,27.286769793309,3.29005813953488,0.116859956665219,1.19090523621229,-0.457506750954236,-0.118225526957266,-0.106149261462596,-0.229391982458866,-0.324154383085007
156,"Pink","Puyallup-Odd","WC",1989,24600,24600,49850,47.26972,-122.4272,"SC",12.6095175743103,0.29607916749231,688.9,486,130.743381846267,0.493480441323972,-0.840731183099035,-0.70627205346953,-0.406308625210753,0.430858177908894,0.507016874342929,0.481138845048891,1.12190008578332
156,"Pink","Puyallup-Odd","WC",1991,14312,14312,14000,47.26972,-122.4272,"SC",13.4799647331238,1.16652632630579,650.2,398.6,25.6305823493315,1.02228571428571,-0.659660138882121,0.0220410165911594,-0.525108159702912,1.82121078947121,0.326151558369806,-0.0295551872223088,-0.347303577777573
156,"Pink","Puyallup-Odd","WC",1993,27926,27926,10069,47.26972,-122.4272,"SC",12.7267109553019,0.413272548483932,690.5,434.9,44.9103454445051,2.77346310457841,-0.0600301145947347,1.02009675758653,-0.538134686065218,0.618049464214689,0.514494510145436,0.18255228842351,-0.0778226134460962
156,"Pink","Puyallup-Odd","WC",1995,3703,3703,17596,47.26972,-122.4272,"SC",12.4049975077311,0.0915591009131358,609.6,402,-4.11073275407784,0.210445555808138,-0.937646673338245,-1.558528301555,-0.513191754513684,0.104181244328156,0.136406549881206,-0.00968837132159859,-0.763009841126806
156,"Pink","Puyallup-Odd","WC",1997,4832,4832,2732,47.26972,-122.4272,"SC",13.2548669179281,0.941428511110069,699.2,501.1,79.8710331213849,1.76866764275256,-0.404087507362799,0.57022651892397,-0.562447996652916,1.46166531672712,0.555154154821564,0.569370880372634,0.410836909098327
156,"Pink","Puyallup-Odd","WC",1999,18875,18875,4653,47.26972,-122.4272,"SC",12.6896610657374,0.376222658919411,601.2,401.8,-33.5617709907838,4.05652267354395,0.379309180650722,1.40032612227258,-0.556082197329082,0.558870213420942,0.0971489619180473,-0.0108570075510521,-1.1746587885445
156,"Pink","Puyallup-Odd","WC",2001,213130,213130,16577,47.26972,-122.4272,"SC",11.8111705382665,-0.502267868551482,675.5,466.3,17.6774341079921,12.856970501297,3.39271763027296,2.55388611573042,-0.516568511156572,-0.844329954142175,0.444391674496938,0.366028176447717,-0.458467913509678
156,"Pink","Puyallup-Odd","WC",2003,323833,323833,191515,47.26972,-122.4272,"SC",13.4064484039942,1.09300999717625,813,594.5,133.341193044483,1.69090149596637,-0.430715829967139,0.525261816277908,0.0631400792196976,1.7037842240987,1.08700100127483,1.11512399952744,1.15821073251641
156,"Pink","Puyallup-Odd","WC",2005,471705,471705,287230,47.26972,-122.4272,"SC",12.3554545640945,0.0420161572765541,765.7,550,76.9215300470468,1.64225533544546,-0.447373022194687,0.49607050164829,0.380319924238302,0.0250470196114016,0.865943392863237,0.855102438474026,0.369610524269445
156,"Pink","Puyallup-Odd","WC",2007,1502355,1502355,417767,47.26972,-122.4272,"SC",10.9832590421041,-1.33017936471391,878.5,657.6,173.201478578285,3.59615527315465,0.221672314730237,1.27986529508614,0.812892722955259,-2.16674096918985,1.39311671693994,1.48382872992004,1.71535389507249
156,"Pink","Puyallup-Odd","WC",2009,993190,993190,1203364,47.26972,-122.4272,"SC",12.2522352139155,-0.0612031929024726,861.4,654.8,159.758485773777,0.825344617256291,-0.727095794144435,-0.19195426198087,3.41619977730495,-0.139823750121247,1.31319948430065,1.46746782270768,1.52745580490525
156,"Pink","Puyallup-Odd","WC",2011,1002599,1002599,792785,47.26972,-122.4272,"SC",12.2336014906565,-0.0798369161614496,798.8,578.3,73.4142570728227,1.26465435143198,-0.576669396434137,0.234798844867919,2.05562532619599,-0.169587125799976,1.02063698352759,1.0204644649417,0.320587966336448
156,"Pink","Puyallup-Odd","WC",2013,829302,829302,746661,47.26972,-122.4272,"SC",12.8390357891719,0.525597382353871,818.9,552.7,38.850982827287,1.11068075070213,-0.629392321282901,0.104973116260282,1.90277986653306,0.797464290873727,1.11457478329657,0.87087902757165,-0.162516749637573
156,"Pink","Puyallup-Odd","WC",2015,110778,110778,626096,47.26972,-122.4272,"SC",13.6416697104772,1.3282313036592,736.6,512.8,-9.16732517828621,0.176934527612379,-0.949121363887761,-1.73197551533341,1.50325222703383,2.07949980252561,0.729943891705152,0.637736099795666,-0.833687857032926
156,"Pink","Puyallup-Odd","WC",2017,613735,613735,92344,47.26972,-122.4272,"SC",13.1297036806742,0.816265273856249,854.2,638.8,109.373894221988,6.64618166854371,1.26604817960971,1.89404250457893,-0.265492239751624,1.26174389470232,1.27955012318937,1.3739769243514,0.82321020542366
156,"Pink","Puyallup-Odd","WC",2019,610026,610026,560549,47.26972,-122.4272,"SC",12.7598340113958,0.446395604577789,982.8,797.2,260.684735027627,1.08826525424182,-0.637067731416342,0.0845849185740131,1.28604293589415,0.670956440906754,1.88056510081582,2.29953681807861,2.93814238030694
157,"Pink","Hood Canal-Odd","WC",1959,44967,44967,30500,47.5644,-122.9956,"SC",11.9889928272792,-0.129124559768248,295.2,182.1,-20.9204295127874,1.47432786885246,-0.355262995042492,0.388202203803202,-0.442722988058602,-0.240589226563736,-1.3329488853113,-1.29460390560577,-0.997965699780003
157,"Pink","Hood Canal-Odd","WC",1961,901739,901739,36800,47.5644,-122.9956,"SC",11.955741746085,-0.162375640962464,318.2,224.2,26.8582160885894,24.503777173913,4.23843627409383,3.19882727603145,-0.394545258960976,-0.292245964827041,-1.22545787065027,-1.0486059793058,-0.330144449718376
157,"Pink","Hood Canal-Odd","WC",1963,221037,221037,503000,47.5644,-122.9956,"SC",11.4511053221566,-0.667012064890846,344.5,205.1,11.278580937552,0.439437375745527,-0.56169327649854,-0.822260061780807,3.1706066942634,-1.07621661278098,-1.10254423214657,-1.16021073921862,-0.547907245023943
157,"Pink","Hood Canal-Odd","WC",1965,501233,501233,160000,47.5644,-122.9956,"SC",11.8796458584922,-0.238471528555322,272.9,175.2,-17.7751125688447,3.13270625,-0.0244651780163201,1.14189724759985,0.547596998948168,-0.410463634963491,-1.43716843430874,-1.33492185552192,-0.954002346133092
157,"Pink","Hood Canal-Odd","WC",1967,60227,60227,269000,47.5644,-122.9956,"SC",11.7018674441746,-0.416249942872854,305.9,220.8,25.6382346910747,0.22389219330855,-0.604688214584576,-1.49659062285197,1.38114818492298,-0.686648729927068,-1.28294219588204,-1.06847279520651,-0.347196617934645
157,"Pink","Hood Canal-Odd","WC",1969,143701,143701,42000,47.5644,-122.9956,"SC",11.4922501359667,-0.62586725108078,324.9,202.8,2.28046936379511,3.42145238095238,0.0331312010004557,1.23006513371964,-0.354779514308966,-1.01229667990828,-1.19414527072728,-1.17365005585733,-0.67367745143614
157,"Pink","Hood Canal-Odd","WC",1971,72276,72276,104000,47.5644,-122.9956,"SC",11.5526133605412,-0.56550402650627,258.2,158.6,-50.3442287528231,0.694961538461538,-0.510723705148118,-0.363898775291788,0.119350518080376,-0.918520261801405,-1.50586921324426,-1.43191866256657,-1.40923391684049
157,"Pink","Hood Canal-Odd","WC",1973,19748,19748,46500,47.5644,-122.9956,"SC",11.5574064935957,-0.560710893451827,339.2,228.3,8.18300003622602,0.424688172043011,-0.564635309778237,-0.856400092196694,-0.320366850667805,-0.911073958981705,-1.12731390074238,-1.024648936602,-0.591175418099382
157,"Pink","Hood Canal-Odd","WC",1975,81580,81580,12500,47.5644,-122.9956,"SC",11.3088447366442,-0.809272650403294,381.4,279.1,45.5262969845521,6.5264,0.652477127139964,1.87585548958116,-0.58037364262325,-1.29722349637908,-0.93009125645127,-0.727815334320803,-0.0692132122737937
157,"Pink","Hood Canal-Odd","WC",1977,76320,76320,44000,47.5644,-122.9956,"SC",12.4562704903739,0.338153103326392,457,319.9,71.1046092155224,1.73454545454545,-0.303357223550524,0.55074539322177,-0.339484997135117,0.48534325658714,-0.576772964782843,-0.48941354351228,0.288305093939161
157,"Pink","Hood Canal-Odd","WC",1979,12426,12426,37100,47.5644,-122.9956,"SC",12.2047363689968,0.0866189819492704,453.5,297.9,32.6075384498225,0.334932614555256,-0.582538909355054,-1.09382591797189,-0.392251081384898,0.0945760452482029,-0.593130293100825,-0.61796352875217,-0.24978387025952
157,"Pink","Hood Canal-Odd","WC",1981,29372,29372,6450,47.5644,-122.9956,"SC",11.4832988807133,-0.634818506334158,597.3,431,148.341946054577,4.5537984496124,0.259001009657578,1.51596170878168,-0.626639557074146,-1.02620277357937,0.0789222246494375,0.159763881949166,1.36788226047571
157,"Pink","Hood Canal-Odd","WC",1983,91463,91463,25000,47.5644,-122.9956,"SC",11.5957348006112,-0.522382586436264,524.2,326.3,25.7214716941774,3.65852,0.0804192335508316,1.29705869404834,-0.484782910286689,-0.851529569672555,-0.262712261077573,-0.452017184169766,-0.346033181031742
157,"Pink","Hood Canal-Odd","WC",1985,81812,81812,63800,47.5644,-122.9956,"SC",12.0046112196786,-0.113506167368875,437.7,270.3,-48.5060334477533,1.2823197492163,-0.393562979864406,0.248670741765176,-0.188069277114004,-0.216325498008397,-0.666971946650576,-0.779235328416759,-1.38354072543588
157,"Pink","Hood Canal-Odd","WC",1987,120813,120813,62100,47.5644,-122.9956,"SC",12.0460322925023,-0.0720850945452171,557.7,364.4,27.286769793309,1.94545893719807,-0.261286173640555,0.665497906665146,-0.201069616711777,-0.151976386924178,-0.106149261462596,-0.229391982458866,-0.324154383085007
157,"Pink","Hood Canal-Odd","WC",1989,166550,166550,60800,47.5644,-122.9956,"SC",12.4806068965367,0.362489509489207,688.9,486,130.743381846267,2.73930921052632,-0.102936341993026,1.00770577566757,-0.211011052874779,0.523150729856331,0.507016874342929,0.481138845048891,1.12190008578332
157,"Pink","Hood Canal-Odd","WC",1991,39519,39519,118200,47.5644,-122.9956,"SC",13.253890650613,1.13577326356549,650.2,398.6,25.6305823493315,0.334340101522843,-0.582657098315976,-1.0955965360562,0.227941590014709,1.72447456814803,0.326151558369806,-0.0295551872223088,-0.347303577777573
157,"Pink","Hood Canal-Odd","WC",1993,36244,36244,35326,47.5644,-122.9956,"SC",12.6135498455593,0.495432458511768,690.5,434.9,44.9103454445051,1.02598652550529,-0.444693935139045,0.0256546136265625,-0.405817318118103,0.729682333490468,0.514494510145436,0.18255228842351,-0.0778226134460962
157,"Pink","Hood Canal-Odd","WC",1995,9685,9685,31286,47.5644,-122.9956,"SC",12.1608693940299,0.0427520069824108,609.6,402,-4.11073275407784,0.309563382982804,-0.587599326518713,-1.17259241628062,-0.43671224280928,0.0264271381185246,0.136406549881206,-0.00968837132159859,-0.763009841126806
157,"Pink","Hood Canal-Odd","WC",1997,12981,12981,8299,47.5644,-122.9956,"SC",13.1130666051592,0.994949218111728,699.2,501.1,79.8710331213849,1.56416435715146,-0.337343252143984,0.447351724294547,-0.612499775946922,1.50569940066715,0.555154154821564,0.569370880372634,0.410836909098327
157,"Pink","Hood Canal-Odd","WC",1999,104022,104022,12663,47.5644,-122.9956,"SC",12.4737072672163,0.355589880168788,601.2,401.8,-33.5617709907838,8.21464108031272,0.989231676240463,2.10591805976333,-0.579127139473581,0.512431910103164,0.0971489619180473,-0.0108570075510521,-1.1746587885445
157,"Pink","Hood Canal-Odd","WC",2001,40521,40521,98261,47.5644,-122.9956,"SC",11.695175579616,-0.422941807431477,675.5,466.3,17.6774341079921,0.41238131099826,-0.567090167375471,-0.885806845523192,0.0754629010500138,-0.697044779727049,0.444391674496938,0.366028176447717,-0.458467913509678
157,"Pink","Hood Canal-Odd","WC",2003,17954,17954,37462,47.5644,-122.9956,"SC",13.2947526318686,1.17663524482115,813,594.5,133.341193044483,0.479258982435535,-0.553750034646572,-0.735514154539204,-0.389482773776431,1.78795511057956,1.08700100127483,1.11512399952744,1.15821073251641
157,"Pink","Hood Canal-Odd","WC",2005,30709,30709,17442,47.5644,-122.9956,"SC",12.1863466671535,0.0682292801060069,765.7,550,76.9215300470468,1.76063524825135,-0.298153075388269,0.565674680434596,-0.542580890686667,0.0660069888223649,0.865943392863237,0.855102438474026,0.369610524269445
157,"Pink","Hood Canal-Odd","WC",2007,11673,11673,28964,47.5644,-122.9956,"SC",10.7951271363667,-1.32299025068078,878.5,657.6,173.201478578285,0.403017539013948,-0.56895796507879,-0.908775196856048,-0.454469177248119,-2.09530207505108,1.39311671693994,1.48382872992004,1.71535389507249
157,"Pink","Hood Canal-Odd","WC",2009,15276,15276,10797,47.5644,-122.9956,"SC",12.067200422287,-0.0509169647604926,861.4,654.8,159.758485773777,1.41483745484857,-0.367129586714323,0.347014651598266,-0.593396923996783,-0.119090943788471,1.31319948430065,1.46746782270768,1.52745580490525
157,"Pink","Hood Canal-Odd","WC",2011,203213,203213,14275,47.5644,-122.9956,"SC",11.9866244792938,-0.131492907753664,798.8,578.3,73.4142570728227,14.2355866900175,2.19023362294062,2.6557449344938,-0.566799758631458,-0.244268539464405,1.02063698352759,1.0204644649417,0.320587966336448
157,"Pink","Hood Canal-Odd","WC",2013,590943,590943,191676,47.5644,-122.9956,"SC",12.6004411833627,0.48232379631521,818.9,552.7,38.850982827287,3.08303073937269,-0.0343739845118578,1.12591311945849,0.789831561947601,0.709317560143264,1.11457478329657,0.87087902757165,-0.162516749637573
157,"Pink","Hood Canal-Odd","WC",2015,28498,28498,549512,47.5644,-122.9956,"SC",13.516598701477,1.39848131442956,736.6,512.8,-9.16732517828621,0.0518605599149791,-0.639003476670097,-2.95919670226621,3.52629598565845,2.13260087669973,0.729943891705152,0.637736099795666,-0.833687857032926
157,"Pink","Hood Canal-Odd","WC",2017,56834,56834,27174,47.5644,-122.9956,"SC",12.9600353240967,0.841917937049198,854.2,638.8,109.373894221988,2.09148450724958,-0.23215835796702,0.73787410438981,-0.468157770118715,1.267959858131,1.27955012318937,1.3739769243514,0.82321020542366
157,"Pink","Hood Canal-Odd","WC",2019,466969,466969,55297,47.5644,-122.9956,"SC",12.5824665682656,0.464349181218156,982.8,797.2,260.684735027627,8.44474383782122,1.03513042331822,2.13354421680045,-0.253093916878626,0.681393355753373,1.88056510081582,2.29953681807861,2.93814238030694
158,"Pink","Snohomish-Odd","WC",1959,82669,82669,85000,48.02139,-122.2072,"SC",12.1069246133169,-0.0958523668654866,295.2,182.1,-20.9204295127874,0.972576470588235,-0.495190856889991,-0.027806573585333,-0.593430436068806,-0.190477084055974,-1.3329488853113,-1.29460390560577,-0.997965699780003
158,"Pink","Snohomish-Odd","WC",1961,983024,983024,50168,48.02139,-122.2072,"SC",12.0468501647313,-0.155926815451014,318.2,224.2,26.8582160885894,19.5946420028704,4.41669203571981,2.97525616166436,-0.659646949406282,-0.284334591444585,-1.22545787065027,-1.0486059793058,-0.330144449718376
158,"Pink","Snohomish-Odd","WC",1963,303210,303210,275042,48.02139,-122.2072,"SC",11.5310045083364,-0.67177247184596,344.5,205.1,11.278580937552,1.10241344958225,-0.46094417062185,0.0975018214770048,-0.232155785526759,-1.09026770687788,-1.10254423214657,-1.16021073921862,-0.547907245023943
158,"Pink","Snohomish-Odd","WC",1965,210943,210943,185015,48.02139,-122.2072,"SC",11.9558103481928,-0.246966631989507,272.9,175.2,-17.7751125688447,1.14013998864957,-0.450993161614771,0.131151051928487,-0.403299390436983,-0.426570940751301,-1.43716843430874,-1.33492185552192,-0.954002346133092
158,"Pink","Snohomish-Odd","WC",1967,109266,109266,95013,48.02139,-122.2072,"SC",11.7783599297206,-0.42441705046179,305.9,220.8,25.6382346910747,1.15001105111932,-0.448389502917888,0.13977155199796,-0.574395469714645,-0.70381117108255,-1.28294219588204,-1.06847279520651,-0.347196617934645
158,"Pink","Snohomish-Odd","WC",1969,191706,191706,70009,48.02139,-122.2072,"SC",11.5663098891576,-0.636467091024739,324.9,202.8,2.28046936379511,2.73830507506178,-0.0294502487780567,1.007339143253,-0.621928706378926,-1.03510823193792,-1.19414527072728,-1.17365005585733,-0.67367745143614
158,"Pink","Snohomish-Odd","WC",1971,207379,207379,125000,48.02139,-122.2072,"SC",11.6215970118841,-0.581179968298293,258.2,158.6,-50.3442287528231,1.659032,-0.314126669052723,0.506234299750432,-0.517389423967892,-0.948730218456784,-1.50586921324426,-1.43191866256657,-1.40923391684049
158,"Pink","Snohomish-Odd","WC",1973,129011,129011,110000,48.02139,-122.2072,"SC",11.6481247742971,-0.554652205885286,339.2,228.3,8.18300003622602,1.17282727272727,-0.442371340840442,0.159417306251693,-0.545904803505735,-0.907284483784124,-1.12731390074238,-1.024648936602,-0.591175418099382
158,"Pink","Snohomish-Odd","WC",1975,237583,237583,65751,48.02139,-122.2072,"SC",11.4163659016291,-0.78641107855323,381.4,279.1,45.5262969845521,3.61337470152545,0.201364078484308,1.28464215603951,-0.630023272117068,-1.26937370167914,-0.93009125645127,-0.727815334320803,-0.0692132122737937
158,"Pink","Snohomish-Odd","WC",1977,404441,404441,125990,48.02139,-122.2072,"SC",12.539906779925,0.33712979974267,457,319.9,71.1046092155224,3.21010397650607,0.0949946442301318,1.16630332805225,-0.515507408918394,0.485993992390196,-0.576772964782843,-0.48941354351228,0.288305093939161
158,"Pink","Snohomish-Odd","WC",1979,205267,205267,180724,48.02139,-122.2072,"SC",12.3092483679454,0.106471387762999,453.5,297.9,32.6075384498225,1.13580376707023,-0.452136912964867,0.127340565122563,-0.411456690010109,0.125624082780361,-0.593130293100825,-0.61796352875217,-0.24978387025952
158,"Pink","Snohomish-Odd","WC",1981,265291,265291,90096,48.02139,-122.2072,"SC",11.5666562716166,-0.636120708565734,597.3,431,148.341946054577,2.94453693837684,0.0249468727212879,1.07995156819622,-0.58374281112715,-1.03456706019235,0.0789222246494375,0.159763881949166,1.36788226047571
158,"Pink","Snohomish-Odd","WC",1983,565630,565630,198283,48.02139,-122.2072,"SC",11.6946057478587,-0.50817123232367,524.2,326.3,25.7214716941774,2.85263991365876,0.000707487309826082,1.04824485103719,-0.37807658672311,-0.834664785689381,-0.262712261077573,-0.452017184169766,-0.346033181031742
158,"Pink","Snohomish-Odd","WC",1985,244729,244729,302192,48.02139,-122.2072,"SC",12.0917661587397,-0.111010821442623,437.7,270.3,-48.5060334477533,0.809846058135225,-0.53811373929794,-0.21091110106267,-0.180542948563263,-0.21415994417325,-0.666971946650576,-0.779235328416759,-1.38354072543588
158,"Pink","Snohomish-Odd","WC",1987,329570,329570,152418,48.02139,-122.2072,"SC",12.137734413147,-0.0650425670353777,557.7,364.4,27.286769793309,2.16227742130195,-0.181387227695257,0.771162027961021,-0.465267112223321,-0.142341294493476,-0.106149261462596,-0.229391982458866,-0.324154383085007
158,"Pink","Snohomish-Odd","WC",1989,292600,292600,80149,48.02139,-122.2072,"SC",12.5468460321426,0.344069051960288,688.9,486,130.743381846267,3.65070057018802,0.211209403935325,1.29491908621466,-0.602652309811344,0.496835555344524,0.507016874342929,0.481138845048891,1.12190008578332
158,"Pink","Snohomish-Odd","WC",1991,125514,125514,174000,48.02139,-122.2072,"SC",13.3306065400442,1.1278295598618,650.2,398.6,25.6305823493315,0.721344827586207,-0.561457426900965,-0.326637993079491,-0.424239184144272,1.7213462981529,0.326151558369806,-0.0295551872223088,-0.347303577777573
158,"Pink","Snohomish-Odd","WC",1993,169436,169436,1e+05,48.02139,-122.2072,"SC",12.6877340873082,0.484957107125894,690.5,434.9,44.9103454445051,1.69436,-0.304808315053307,0.52730508840977,-0.564915056530963,0.716952460118887,0.514494510145436,0.18255228842351,-0.0778226134460962
158,"Pink","Snohomish-Odd","WC",1995,147012,147012,101600,48.02139,-122.2072,"SC",12.254433631897,0.0516566517146283,609.6,402,-4.11073275407784,1.44696850393701,-0.370061981741486,0.369470680955652,-0.561873416046927,0.0399841041405209,0.136406549881206,-0.00968837132159859,-0.763009841126806
158,"Pink","Snohomish-Odd","WC",1997,253347,253347,103537,48.02139,-122.2072,"SC",13.2002125581106,0.997435577928198,699.2,501.1,79.8710331213849,2.44692235625911,-0.106307340125298,0.894831053781035,-0.55819113003594,1.51762484234395,0.555154154821564,0.569370880372634,0.410836909098327
158,"Pink","Snohomish-Odd","WC",1999,1195100,1195100,237057,48.02139,-122.2072,"SC",12.5825641552607,0.37978717507837,601.2,401.8,-33.5617709907838,5.04140354429525,0.578030696416393,1.6176845243256,-0.304366231643089,0.55263987953553,0.0971489619180473,-0.0108570075510521,-1.1746587885445
158,"Pink","Snohomish-Odd","WC",2001,1648022,1648022,1073369,48.02139,-122.2072,"SC",11.7507197062175,-0.452057273964897,675.5,466.3,17.6774341079921,1.53537320343703,-0.346743755825692,0.428773480762965,1.2854840411604,-0.746994962906662,0.444391674496938,0.366028176447717,-0.458467913509678
158,"Pink","Snohomish-Odd","WC",2003,541646,541646,1392568,48.02139,-122.2072,"SC",13.3639675378799,1.16119055769759,813,594.5,133.341193044483,0.38895479430807,-0.649130886931625,-0.944292152121559,1.89228941670039,1.77346796010051,1.08700100127483,1.11512399952744,1.15821073251641
158,"Pink","Snohomish-Odd","WC",2005,1259510,1259510,482245,48.02139,-122.2072,"SC",12.2671165466309,0.0643395664485057,765.7,550,76.9215300470468,2.61176373005423,-0.0628276561699992,0.960025751754007,0.161742360231884,0.0597992966453556,0.865943392863237,0.855102438474026,0.369610524269445
158,"Pink","Snohomish-Odd","WC",2007,2517254,2517254,1143695,48.02139,-122.2072,"SC",10.8781929413478,-1.3245840388346,878.5,657.6,173.201478578285,2.20098365385876,-0.171177808057912,0.788904375828316,1.41917554658562,-2.11018995193646,1.39311671693994,1.48382872992004,1.71535389507249
158,"Pink","Snohomish-Odd","WC",2009,897289,897289,1929839,48.02139,-122.2072,"SC",12.1781110366186,-0.0246659435637938,861.4,654.8,159.758485773777,0.464955366743029,-0.629084458090277,-0.765813863500546,2.91365518201215,-0.0792587473367413,1.31319948430065,1.46746782270768,1.52745580490525
158,"Pink","Snohomish-Odd","WC",2011,3054656,3054656,433326,48.02139,-122.2072,"SC",12.1125862598419,-0.0901907203404312,798.8,578.3,73.4142570728227,7.049325450123,1.10765385996044,1.95293193141286,0.0687461034577684,-0.181631592452326,1.02063698352759,1.0204644649417,0.320587966336448
158,"Pink","Snohomish-Odd","WC",2013,569619,569619,1907088,48.02139,-122.2072,"SC",12.6539690494537,0.451192069271393,818.9,552.7,38.850982827287,0.298685220608593,-0.672941004773226,-1.20836503403143,2.87040495535445,0.664199544952404,1.11457478329657,0.87087902757165,-0.162516749637573
158,"Pink","Snohomish-Odd","WC",2015,72484,72484,389446,48.02139,-122.2072,"SC",13.5869159301122,1.38413894992985,736.6,512.8,-9.16732517828621,0.186120797235047,-0.702631764078445,-1.68135936856845,-0.0146708868169343,2.12179209563422,0.729943891705152,0.637736099795666,-0.833687857032926
158,"Pink","Snohomish-Odd","WC",2017,628168,628168,57491,48.02139,-122.2072,"SC",13.0466420650482,0.84386508486587,854.2,638.8,109.373894221988,10.9263710841697,2.13028983397356,2.39117923280239,-0.645725741115907,1.27769349005281,1.27955012318937,1.3739769243514,0.82321020542366
158,"Pink","Snohomish-Odd","WC",2019,849784,849784,595953,48.02139,-122.2072,"SC",12.6422004699707,0.439423489788353,982.8,797.2,260.684735027627,1.42592452760536,-0.375612684329053,0.354820394648535,0.377904145331152,0.645812867058719,1.88056510081582,2.29953681807861,2.93814238030694
159,"Pink","Dungeness-Odd","WC",1959,83783,83783,40000,48.1508,-123.1333,"SC",11.9889928272792,-0.129124559768248,295.2,182.1,-20.9204295127874,2.094575,-0.230076305689313,0.73935066883261,-0.206227742945531,-0.240589226563736,-1.3329488853113,-1.29460390560577,-0.997965699780003
159,"Pink","Dungeness-Odd","WC",1961,638225,638225,70000,48.1508,-123.1333,"SC",11.955741746085,-0.162375640962464,318.2,224.2,26.8582160885894,9.1175,1.6927354981103,2.2101956437007,0.0710245962930534,-0.292245964827041,-1.22545787065027,-1.0486059793058,-0.330144449718376
159,"Pink","Dungeness-Odd","WC",1963,101214,101214,4e+05,48.1508,-123.1333,"SC",11.4511053221566,-0.667012064890846,344.5,205.1,11.278580937552,0.253035,-0.734272897446897,-1.37422745990175,3.12080032791748,-1.07621661278098,-1.10254423214657,-1.16021073921862,-0.547907245023943
159,"Pink","Dungeness-Odd","WC",1965,206141,206141,75000,48.1508,-123.1333,"SC",11.8796458584922,-0.238471528555322,272.9,175.2,-17.7751125688447,2.74854666666667,-0.0510249218261547,1.01107228713266,0.117233319499484,-0.410463634963491,-1.43716843430874,-1.33492185552192,-0.954002346133092
159,"Pink","Dungeness-Odd","WC",1967,20471,20471,95000,48.1508,-123.1333,"SC",11.7018674441746,-0.416249942872854,305.9,220.8,25.6382346910747,0.215484210526316,-0.744553955729876,-1.53486764114206,0.302068212325207,-0.686648729927068,-1.28294219588204,-1.06847279520651,-0.347196617934645
159,"Pink","Dungeness-Odd","WC",1969,62553,62553,14400,48.1508,-123.1333,"SC",11.4922501359667,-0.62586725108078,324.9,202.8,2.28046936379511,4.34395833333333,0.385784012426492,1.46878599081154,-0.442816405762457,-1.01229667990828,-1.19414527072728,-1.17365005585733,-0.67367745143614
159,"Pink","Dungeness-Odd","WC",1971,71434,71434,46000,48.1508,-123.1333,"SC",11.5526133605412,-0.56550402650627,258.2,158.6,-50.3442287528231,1.55291304347826,-0.378378331365109,0.44013254998993,-0.150777275097814,-0.918520261801405,-1.50586921324426,-1.43191866256657,-1.40923391684049
159,"Pink","Dungeness-Odd","WC",1973,36419,36419,47000,48.1508,-123.1333,"SC",11.5574064935957,-0.560710893451827,339.2,228.3,8.18300003622602,0.774872340425532,-0.591398668000675,-0.255056985228526,-0.141535530456528,-0.911073958981705,-1.12731390074238,-1.024648936602,-0.591175418099382
159,"Pink","Dungeness-Odd","WC",1975,65109,65109,24300,48.1508,-123.1333,"SC",11.3088447366442,-0.809272650403294,381.4,279.1,45.5262969845521,2.67938271604938,-0.0699613707622214,0.985586438160456,-0.351323133813724,-1.29722349637908,-0.93009125645127,-0.727815334320803,-0.0692132122737937
159,"Pink","Dungeness-Odd","WC",1977,115931,115931,35700,48.1508,-123.1333,"SC",12.4562704903739,0.338153103326392,457,319.9,71.1046092155224,3.24736694677871,0.085547449738979,1.17784449775445,-0.245967244903062,0.48534325658714,-0.576772964782843,-0.48941354351228,0.288305093939161
159,"Pink","Dungeness-Odd","WC",1979,6184,6184,50100,48.1508,-123.1333,"SC",12.2047363689968,0.0866189819492704,453.5,297.9,32.6075384498225,0.123433133732535,-0.769756687784048,-2.0920556968057,-0.112886122068541,0.0945760452482029,-0.593130293100825,-0.61796352875217,-0.24978387025952
159,"Pink","Dungeness-Odd","WC",1981,5712,5712,2900,48.1508,-123.1333,"SC",11.4832988807133,-0.634818506334158,597.3,431,148.341946054577,1.96965517241379,-0.264278197210491,0.677858488044855,-0.549096469137247,-1.02620277357937,0.0789222246494375,0.159763881949166,1.36788226047571
159,"Pink","Dungeness-Odd","WC",1983,6559,6559,4888,48.1508,-123.1333,"SC",11.5957348006112,-0.522382586436264,524.2,326.3,25.7214716941774,1.34185761047463,-0.436163353679232,0.294054930442304,-0.53072388079037,-0.851529569672555,-0.262712261077573,-0.452017184169766,-0.346033181031742
159,"Pink","Dungeness-Odd","WC",1985,2308,2308,4730,48.1508,-123.1333,"SC",12.0046112196786,-0.113506167368875,437.7,270.3,-48.5060334477533,0.487949260042283,-0.66995554932056,-0.717543853857988,-0.532184076443694,-0.216325498008397,-0.666971946650576,-0.779235328416759,-1.38354072543588
159,"Pink","Dungeness-Odd","WC",1987,15663,15663,1906,48.1508,-123.1333,"SC",12.0460322925023,-0.0720850945452171,557.7,364.4,27.286769793309,8.21773347324239,1.44638775862663,2.10629443786451,-0.558282763310686,-0.151976386924178,-0.106149261462596,-0.229391982458866,-0.324154383085007
159,"Pink","Dungeness-Odd","WC",1989,13887,13887,10902,48.1508,-123.1333,"SC",12.4806068965367,0.362489509489207,688.9,486,130.743381846267,1.27380297193176,-0.454796083246123,0.242006892075154,-0.475144028517675,0.523150729856331,0.507016874342929,0.481138845048891,1.12190008578332
159,"Pink","Dungeness-Odd","WC",1991,1861,1861,9895,48.1508,-123.1333,"SC",13.253890650613,1.13577326356549,650.2,398.6,25.6305823493315,0.188074785245073,-0.752058402447752,-1.67091560139442,-0.484450465371451,1.72447456814803,0.326151558369806,-0.0295551872223088,-0.347303577777573
159,"Pink","Dungeness-Odd","WC",1993,9460,9460,1695,48.1508,-123.1333,"SC",12.6135498455593,0.495432458511768,690.5,434.9,44.9103454445051,5.5811209439528,0.724507673994664,1.71938964223137,-0.560232771429997,0.729682333490468,0.514494510145436,0.18255228842351,-0.0778226134460962
159,"Pink","Dungeness-Odd","WC",1995,5615,5615,8252,48.1508,-123.1333,"SC",12.1608693940299,0.0427520069824108,609.6,402,-4.11073275407784,0.680441105186621,-0.617253065387057,-0.385014007018599,-0.499634651817084,0.0264271381185246,0.136406549881206,-0.00968837132159859,-0.763009841126806
159,"Pink","Dungeness-Odd","WC",1997,7332,7332,4935,48.1508,-123.1333,"SC",13.1130666051592,0.994949218111728,699.2,501.1,79.8710331213849,1.48571428571429,-0.396776728703717,0.395895657092014,-0.53028951879223,1.50569940066715,0.555154154821564,0.569370880372634,0.410836909098327
159,"Pink","Dungeness-Odd","WC",1999,81138,81138,7306,48.1508,-123.1333,"SC",12.4737072672163,0.355589880168788,601.2,401.8,-33.5617709907838,11.1056665754175,2.2370770878514,2.40745548034619,-0.50837734224774,0.512431910103164,0.0971489619180473,-0.0108570075510521,-1.1746587885445
159,"Pink","Dungeness-Odd","WC",2001,15461,15461,80344,48.1508,-123.1333,"SC",11.695175579616,-0.422941807431477,675.5,466.3,17.6774341079921,0.192435029373693,-0.750864607999148,-1.64799669197058,0.166621202862517,-0.697044779727049,0.444391674496938,0.366028176447717,-0.458467913509678
159,"Pink","Dungeness-Odd","WC",2003,8779,8779,15116,48.1508,-123.1333,"SC",13.2947526318686,1.17663524482115,813,594.5,133.341193044483,0.580775337390844,-0.644540629294185,-0.543391279543171,-0.436199316599296,1.78795511057956,1.08700100127483,1.11512399952744,1.15821073251641
159,"Pink","Dungeness-Odd","WC",2005,6359,6359,8667,48.1508,-123.1333,"SC",12.1863466671535,0.0682292801060069,765.7,550,76.9215300470468,0.733702549901927,-0.602670575244273,-0.309651577866937,-0.49579932779095,0.0660069888223649,0.865943392863237,0.855102438474026,0.369610524269445
159,"Pink","Dungeness-Odd","WC",2007,44172,44172,6223,48.1508,-123.1333,"SC",10.7951271363667,-1.32299025068078,878.5,657.6,173.201478578285,7.09818415555198,1.13986552707911,1.9598389985978,-0.518386151694253,-2.09530207505108,1.39311671693994,1.48382872992004,1.71535389507249
159,"Pink","Dungeness-Odd","WC",2009,29325,29325,41477,48.1508,-123.1333,"SC",12.067200422287,-0.0509169647604926,861.4,654.8,159.758485773777,0.707018347517901,-0.60997646265144,-0.346698662194708,-0.192577686110351,-0.119090943788471,1.31319948430065,1.46746782270768,1.52745580490525
159,"Pink","Dungeness-Odd","WC",2011,414519,414519,27405,48.1508,-123.1333,"SC",11.9866244792938,-0.131492907753664,798.8,578.3,73.4142570728227,15.1256704980843,3.33771692009003,2.71639333338619,-0.32262751670253,-0.244268539464405,1.02063698352759,1.0204644649417,0.320587966336448
159,"Pink","Dungeness-Odd","WC",2013,356797,356797,394016,48.1508,-123.1333,"SC",12.6004411833627,0.48232379631521,818.9,552.7,38.850982827287,0.905539368959636,-0.555623246102706,-0.0992245250117036,3.06549772798403,0.709317560143264,1.11457478329657,0.87087902757165,-0.162516749637573
159,"Pink","Dungeness-Odd","WC",2015,18403,18403,337616,48.1508,-123.1333,"SC",13.516598701477,1.39848131442956,736.6,512.8,-9.16732517828621,0.0545086725747595,-0.78862756672476,-2.90939546016064,2.54426333021549,2.13260087669973,0.729943891705152,0.637736099795666,-0.833687857032926
159,"Pink","Dungeness-Odd","WC",2017,49343,49343,17753,48.1508,-123.1333,"SC",12.9600353240967,0.841917937049198,854.2,638.8,109.373894221988,2.77941756322875,-0.0425727563390606,1.02224139612239,-0.411828835980224,1.267959858131,1.27955012318937,1.3739769243514,0.82321020542366
159,"Pink","Dungeness-Odd","WC",2019,160226,160226,48233,48.1508,-123.1333,"SC",12.5824665682656,0.464349181218156,982.8,797.2,260.684735027627,3.32191653017644,0.105958435037197,1.20054188449868,-0.130140459313822,0.681393355753373,1.88056510081582,2.29953681807861,2.93814238030694
160,"Pink","Stillaguamish-Odd","WC",1959,205979,205979,125000,48.23861,-122.3758,"SC",12.1069246133169,-0.0958523668654866,295.2,182.1,-20.9204295127874,1.647832,-0.331661993525573,0.499460484543294,-0.29059680083525,-0.190477084055974,-1.3329488853113,-1.29460390560577,-0.997965699780003
160,"Pink","Stillaguamish-Odd","WC",1961,2287418,2287418,125000,48.23861,-122.3758,"SC",12.0468501647313,-0.155926815451014,318.2,224.2,26.8582160885894,18.299344,4.31434364074182,2.90686521221032,-0.29059680083525,-0.284334591444585,-1.22545787065027,-1.0486059793058,-0.330144449718376
160,"Pink","Stillaguamish-Odd","WC",1963,303185,303185,640000,48.23861,-122.3758,"SC",11.5310045083364,-0.67177247184596,344.5,205.1,11.278580937552,0.4737265625,-0.659253894960649,-0.74712499610481,2.1111738755841,-1.09026770687788,-1.10254423214657,-1.16021073921862,-0.547907245023943
160,"Pink","Stillaguamish-Odd","WC",1965,233114,233114,185000,48.23861,-122.3758,"SC",11.9558103481928,-0.246966631989507,272.9,175.2,-17.7751125688447,1.26007567567568,-0.439851452088473,0.231171779219913,-0.0107788579514419,-0.426570940751301,-1.43716843430874,-1.33492185552192,-0.954002346133092
160,"Pink","Stillaguamish-Odd","WC",1967,117056,117056,105000,48.23861,-122.3758,"SC",11.7783599297206,-0.42441705046179,305.9,220.8,25.6382346910747,1.11481904761905,-0.480380090710946,0.108692102610877,-0.383869448463186,-0.70381117108255,-1.28294219588204,-1.06847279520651,-0.347196617934645
160,"Pink","Stillaguamish-Odd","WC",1969,306729,306729,75000,48.23861,-122.3758,"SC",11.5663098891576,-0.636467091024739,324.9,202.8,2.28046936379511,4.08972,0.349659042441006,1.40847650805354,-0.52377841990509,-1.03510823193792,-1.19414527072728,-1.17365005585733,-0.67367745143614
160,"Pink","Stillaguamish-Odd","WC",1971,65984,65984,2e+05,48.23861,-122.3758,"SC",11.6215970118841,-0.581179968298293,258.2,158.6,-50.3442287528231,0.32992,-0.699377944933986,-1.10890507815354,0.0591756277695101,-0.948730218456784,-1.50586921324426,-1.43191866256657,-1.40923391684049
160,"Pink","Stillaguamish-Odd","WC",1973,58918,58918,35000,48.23861,-122.3758,"SC",11.6481247742971,-0.554652205885286,339.2,228.3,8.18300003622602,1.68337142857143,-0.321745993982619,0.520798585197597,-0.710323715160962,-0.907284483784124,-1.12731390074238,-1.024648936602,-0.591175418099382
160,"Pink","Stillaguamish-Odd","WC",1975,71653,71653,30000,48.23861,-122.3758,"SC",11.4163659016291,-0.78641107855323,381.4,279.1,45.5262969845521,2.38843333333333,-0.125023823525599,0.870637641937866,-0.733641877067946,-1.26937370167914,-0.93009125645127,-0.727815334320803,-0.0692132122737937
160,"Pink","Stillaguamish-Odd","WC",1977,299923,299923,38000,48.23861,-122.3758,"SC",12.539906779925,0.33712979974267,457,319.9,71.1046092155224,7.89271052631579,1.4107467930506,2.06593961531862,-0.696332818016771,0.485993992390196,-0.576772964782843,-0.48941354351228,0.288305093939161
160,"Pink","Stillaguamish-Odd","WC",1979,46884,46884,135000,48.23861,-122.3758,"SC",12.3092483679454,0.106471387762999,453.5,297.9,32.6075384498225,0.347288888888889,-0.694531781075789,-1.0575983125775,-0.243960477021282,0.125624082780361,-0.593130293100825,-0.61796352875217,-0.24978387025952
160,"Pink","Stillaguamish-Odd","WC",1981,168700,168700,18000,48.23861,-122.3758,"SC",11.5666562716166,-0.636120708565734,597.3,431,148.341946054577,9.37222222222222,1.82355132846731,2.23775023165576,-0.789605465644707,-1.03456706019235,0.0789222246494375,0.159763881949166,1.36788226047571
160,"Pink","Stillaguamish-Odd","WC",1983,374856,374856,126100,48.23861,-122.3758,"SC",11.6946057478587,-0.50817123232367,524.2,326.3,25.7214716941774,2.97268834258525,0.0379915269622935,1.08946670925266,-0.285466805215713,-0.834664785689381,-0.262712261077573,-0.452017184169766,-0.346033181031742
160,"Pink","Stillaguamish-Odd","WC",1985,188426,188426,2e+05,48.23861,-122.3758,"SC",12.0917661587397,-0.111010821442623,437.7,270.3,-48.5060334477533,0.94213,-0.528562759540921,-0.0596120096811995,0.0591756277695101,-0.21415994417325,-0.666971946650576,-0.779235328416759,-1.38354072543588
160,"Pink","Stillaguamish-Odd","WC",1987,339913,339913,119000,48.23861,-122.3758,"SC",12.137734413147,-0.0650425670353777,557.7,364.4,27.286769793309,2.85641176470588,0.00554872921750779,1.04956620940226,-0.318578595123631,-0.142341294493476,-0.106149261462596,-0.229391982458866,-0.324154383085007
160,"Pink","Stillaguamish-Odd","WC",1989,146866,146866,70400,48.23861,-122.3758,"SC",12.5468460321426,0.344069051960288,688.9,486,130.743381846267,2.08616477272727,-0.209360995767835,0.735327343261195,-0.545231128859515,0.496835555344524,0.507016874342929,0.481138845048891,1.12190008578332
160,"Pink","Stillaguamish-Odd","WC",1991,131730,131730,86000,48.23861,-122.3758,"SC",13.3306065400442,1.1278295598618,650.2,398.6,25.6305823493315,1.53174418604651,-0.364052123484804,0.426407076988228,-0.472478463709725,1.7213462981529,0.326151558369806,-0.0295551872223088,-0.347303577777573
160,"Pink","Stillaguamish-Odd","WC",1993,310020,310020,110000,48.23861,-122.3758,"SC",12.6877340873082,0.484957107125894,690.5,434.9,44.9103454445051,2.81836363636364,-0.00506723278350472,1.03615644573473,-0.360551286556202,0.716952460118887,0.514494510145436,0.18255228842351,-0.0778226134460962
160,"Pink","Stillaguamish-Odd","WC",1995,128134,128134,208000,48.23861,-122.3758,"SC",12.254433631897,0.0516566517146283,609.6,402,-4.11073275407784,0.616028846153846,-0.619549559905377,-0.484461488373194,0.0964846868206845,0.0399841041405209,0.136406549881206,-0.00968837132159859,-0.763009841126806
160,"Pink","Stillaguamish-Odd","WC",1997,237809,237809,88572,48.23861,-122.3758,"SC",13.2002125581106,0.997435577928198,699.2,501.1,79.8710331213849,2.68492300049677,-0.0422990436891858,0.987652049894782,-0.460483601224772,1.51762484234395,0.555154154821564,0.569370880372634,0.410836909098327
160,"Pink","Stillaguamish-Odd","WC",1999,854506,854506,224486,48.23861,-122.3758,"SC",12.5825641552607,0.37978717507837,601.2,401.8,-33.5617709907838,3.80650018263945,0.270636737007524,1.33671017974507,0.173369330260392,0.55263987953553,0.0971489619180473,-0.0108570075510521,-1.1746587885445
160,"Pink","Stillaguamish-Odd","WC",2001,217964,217964,774279,48.23861,-122.3758,"SC",11.7507197062175,-0.452057273964897,675.5,466.3,17.6774341079921,0.281505762134838,-0.712886197031472,-1.26760236221637,2.73740176812568,-0.746994962906662,0.444391674496938,0.366028176447717,-0.458467913509678
160,"Pink","Stillaguamish-Odd","WC",2003,125761,125761,184433,48.23861,-122.3758,"SC",13.3639675378799,1.16119055769759,813,594.5,133.341193044483,0.681879056351087,-0.601176426727196,-0.382902973593304,-0.0134231375116939,1.77346796010051,1.08700100127483,1.11512399952744,1.15821073251641
160,"Pink","Stillaguamish-Odd","WC",2005,258475,258475,117879,48.23861,-122.3758,"SC",12.2671165466309,0.0643395664485057,765.7,550,76.9215300470468,2.19271456323857,-0.179632108262272,0.785140302842503,-0.323806527023176,0.0597992966453556,0.865943392863237,0.855102438474026,0.369610524269445
160,"Pink","Stillaguamish-Odd","WC",2007,1216236,1216236,239896,48.23861,-122.3758,"SC",10.8781929413478,-1.3245840388346,878.5,657.6,173.201478578285,5.06984693367126,0.623128217860865,1.62331062654996,0.245235905257717,-2.11018995193646,1.39311671693994,1.48382872992004,1.71535389507249
160,"Pink","Stillaguamish-Odd","WC",2009,335028,335028,952534,48.23861,-122.3758,"SC",12.1781110366186,-0.0246659435637938,861.4,654.8,159.758485773777,0.351722878133484,-0.693294635823594,-1.04491169148001,3.56871755827157,-0.0792587473367413,1.31319948430065,1.46746782270768,1.52745580490525
160,"Pink","Stillaguamish-Odd","WC",2011,389283,389283,179577,48.23861,-122.3758,"SC",12.1125862598419,-0.0901907203404312,798.8,578.3,73.4142570728227,2.16777761071852,-0.186589868128741,0.773702500234046,-0.0360697363557567,-0.181631592452326,1.02063698352759,1.0204644649417,0.320587966336448
160,"Pink","Stillaguamish-Odd","WC",2013,125343,125343,246481,48.23861,-122.3758,"SC",12.6539690494537,0.451192069271393,818.9,552.7,38.850982827287,0.508530069254831,-0.649543227936825,-0.676230931997318,0.275945924489215,0.664199544952404,1.11457478329657,0.87087902757165,-0.162516749637573
160,"Pink","Stillaguamish-Odd","WC",2015,22359,22359,91228,48.23861,-122.3758,"SC",13.5869159301122,1.38413894992985,736.6,512.8,-9.16732517828621,0.245089226991713,-0.723046921622455,-1.40613294293624,-0.448096993619783,2.12179209563422,0.729943891705152,0.637736099795666,-0.833687857032926
160,"Pink","Stillaguamish-Odd","WC",2017,57880,57880,21462,48.23861,-122.3758,"SC",13.0466420650482,0.84386508486587,854.2,638.8,109.373894221988,2.69685956574411,-0.0389685743964923,0.992087972258347,-0.773459970340312,1.27769349005281,1.27955012318937,1.3739769243514,0.82321020542366
160,"Pink","Stillaguamish-Odd","WC",2019,250162,250162,55322,48.23861,-122.3758,"SC",12.6422004699707,0.439423489788353,982.8,797.2,260.684735027627,4.52192617765084,0.47025063415538,1.50893804856791,-0.615549377906216,0.645812867058719,1.88056510081582,2.29953681807861,2.93814238030694
161,"Pink","Skagit-Odd","WC",1959,615898,615898,2e+05,48.3875,-122.3656,"SC",12.1069246133169,-0.0958523668654866,295.2,182.1,-20.9204295127874,3.07949,0.0758064275571612,1.12476399885929,-0.724878435803873,-0.190477084055974,-1.3329488853113,-1.29460390560577,-0.997965699780003
161,"Pink","Skagit-Odd","WC",1961,5008979,5008979,4e+05,48.3875,-122.3656,"SC",12.0468501647313,-0.155926815451014,318.2,224.2,26.8582160885894,12.5224475,3.5515495111538,2.52752283378726,-0.103532129019401,-0.284334591444585,-1.22545787065027,-1.0486059793058,-0.330144449718376
161,"Pink","Skagit-Odd","WC",1963,266258,266258,1190000,48.3875,-122.3656,"SC",11.5310045083364,-0.67177247184596,344.5,205.1,11.278580937552,0.223746218487395,-0.975329479505487,-1.49724282258498,2.35078578277926,-1.09026770687788,-1.10254423214657,-1.16021073921862,-0.547907245023943
161,"Pink","Skagit-Odd","WC",1965,243063,243063,150000,48.3875,-122.3656,"SC",11.9558103481928,-0.246966631989507,272.9,175.2,-17.7751125688447,1.62042,-0.46124485759194,0.482685374901678,-0.88021501249999,-0.426570940751301,-1.43716843430874,-1.33492185552192,-0.954002346133092
161,"Pink","Skagit-Odd","WC",1967,155912,155912,1e+05,48.3875,-122.3656,"SC",11.7783599297206,-0.42441705046179,305.9,220.8,25.6382346910747,1.55912,-0.483808027131194,0.444121559531632,-1.03555158919611,-0.70381117108255,-1.28294219588204,-1.06847279520651,-0.347196617934645
161,"Pink","Skagit-Odd","WC",1969,499705,499705,1e+05,48.3875,-122.3656,"SC",11.5663098891576,-0.636467091024739,324.9,202.8,2.28046936379511,4.99705,0.781617706214464,1.60884773831561,-1.03555158919611,-1.03510823193792,-1.19414527072728,-1.17365005585733,-0.67367745143614
161,"Pink","Skagit-Odd","WC",1971,510767,510767,300555,48.3875,-122.3656,"SC",11.6215970118841,-0.581179968298293,258.2,158.6,-50.3442287528231,1.69941275307348,-0.43216937831022,0.530282752015707,-0.41248104641031,-0.948730218456784,-1.50586921324426,-1.43191866256657,-1.40923391684049
161,"Pink","Skagit-Odd","WC",1973,212626,212626,251181,48.3875,-122.3656,"SC",11.6481247742971,-0.554652205885286,339.2,228.3,8.18300003622602,0.846505109861017,-0.746105752782141,-0.16663904096997,-0.565872809166193,-0.907284483784124,-1.12731390074238,-1.024648936602,-0.591175418099382
161,"Pink","Skagit-Odd","WC",1975,934557,934557,103135,48.3875,-122.3656,"SC",11.4163659016291,-0.78641107855323,381.4,279.1,45.5262969845521,9.06149221893635,2.27764868285988,2.20403381056952,-1.02581198583726,-1.26937370167914,-0.93009125645127,-0.727815334320803,-0.0692132122737937
161,"Pink","Skagit-Odd","WC",1977,1146601,1146601,504924,48.3875,-122.3656,"SC",12.539906779925,0.33712979974267,457,319.9,71.1046092155224,2.27083877969754,-0.221840139845928,0.820149269717293,0.222438570445868,0.485993992390196,-0.576772964782843,-0.48941354351228,0.288305093939161
161,"Pink","Skagit-Odd","WC",1979,408984,408984,300384,48.3875,-122.3656,"SC",12.3092483679454,0.106471387762999,453.5,297.9,32.6075384498225,1.3615372323426,-0.556533858855322,0.30861437931862,-0.413012297502611,0.125624082780361,-0.593130293100825,-0.61796352875217,-0.24978387025952
161,"Pink","Skagit-Odd","WC",1981,556769,556769,100268,48.3875,-122.3656,"SC",11.5666562716166,-0.636120708565734,597.3,431,148.341946054577,5.55280847329158,0.98618006601471,1.71430383099143,-1.03471898514502,-1.03456706019235,0.0789222246494375,0.159763881949166,1.36788226047571
161,"Pink","Skagit-Odd","WC",1983,1320537,1320537,470128,48.3875,-122.3656,"SC",11.6946057478587,-0.50817123232367,524.2,326.3,25.7214716941774,2.80888821767689,-0.0237960829188711,1.03278875298244,0.114336739991506,-0.834664785689381,-0.262712261077573,-0.452017184169766,-0.346033181031742
161,"Pink","Skagit-Odd","WC",1985,1162609,1162609,710030,48.3875,-122.3656,"SC",12.0917661587397,-0.111010821442623,437.7,270.3,-48.5060334477533,1.63740827852344,-0.454991849296597,0.493114673843022,0.859647848442547,-0.21415994417325,-0.666971946650576,-0.779235328416759,-1.38354072543588
161,"Pink","Skagit-Odd","WC",1987,1443525,1443525,593535,48.3875,-122.3656,"SC",12.137734413147,-0.0650425670353777,557.7,364.4,27.286769793309,2.43208066921075,-0.162490578835876,0.888747133459546,0.497729158398262,-0.142341294493476,-0.106149261462596,-0.229391982458866,-0.324154383085007
161,"Pink","Skagit-Odd","WC",1989,708469,708469,401300,48.3875,-122.3656,"SC",12.5468460321426,0.344069051960288,688.9,486,130.743381846267,1.76543483678046,-0.407868114557929,0.568397026489885,-0.0994933780253023,0.496835555344524,0.507016874342929,0.481138845048891,1.12190008578332
161,"Pink","Skagit-Odd","WC",1991,782503,782503,351000,48.3875,-122.3656,"SC",13.3306065400442,1.1278295598618,650.2,398.6,25.6305823493315,2.22935327635328,-0.237110032918977,0.801711532806908,-0.255761974181597,1.7213462981529,0.326151558369806,-0.0295551872223088,-0.347303577777573
161,"Pink","Skagit-Odd","WC",1993,1716170,1716170,530000,48.3875,-122.3656,"SC",12.6877340873082,0.484957107125894,690.5,434.9,44.9103454445051,3.23805660377358,0.134171275260378,1.17497333619394,0.300342970390505,0.716952460118887,0.514494510145436,0.18255228842351,-0.0778226134460962
161,"Pink","Skagit-Odd","WC",1995,140873,140873,857000,48.3875,-122.3656,"SC",12.254433631897,0.0516566517146283,609.6,402,-4.11073275407784,0.164379229871645,-0.997181150454462,-1.80557914332176,1.31624418198312,0.0399841041405209,0.136406549881206,-0.00968837132159859,-0.763009841126806
161,"Pink","Skagit-Odd","WC",1997,353892,353892,60000,48.3875,-122.3656,"SC",13.2002125581106,0.997435577928198,699.2,501.1,79.8710331213849,5.8982,1.11331102155376,1.77464721961809,-1.159820850553,1.51762484234395,0.555154154821564,0.569370880372634,0.410836909098327
161,"Pink","Skagit-Odd","WC",1999,1200342,1200342,320000,48.3875,-122.3656,"SC",12.5825641552607,0.37978717507837,601.2,401.8,-33.5617709907838,3.75106875,0.322999660757986,1.32204079937753,-0.35207065173319,0.55263987953553,0.0971489619180473,-0.0108570075510521,-1.1746587885445
161,"Pink","Skagit-Odd","WC",2001,876931,876931,894061,48.3875,-122.3656,"SC",11.7507197062175,-0.452057273964897,675.5,466.3,17.6774341079921,0.980840233496372,-0.69665997513677,-0.0193456935400111,1.43138275936181,-0.746994962906662,0.444391674496938,0.366028176447717,-0.458467913509678
161,"Pink","Skagit-Odd","WC",2003,85276,85276,567080,48.3875,-122.3656,"SC",13.3639675378799,1.16119055769759,813,594.5,133.341193044483,0.150377371799393,-1.0023349236608,-1.89460733224714,0.415540575668346,1.77346796010051,1.08700100127483,1.11512399952744,1.15821073251641
161,"Pink","Skagit-Odd","WC",2005,315038,315038,60000,48.3875,-122.3656,"SC",12.2671165466309,0.0643395664485057,765.7,550,76.9215300470468,5.25063333333333,0.874956103316083,1.65834870424836,-1.159820850553,0.0597992966453556,0.865943392863237,0.855102438474026,0.369610524269445
161,"Pink","Skagit-Odd","WC",2007,1585213,1585213,3e+05,48.3875,-122.3656,"SC",10.8781929413478,-1.3245840388346,878.5,657.6,173.201478578285,5.28404333333333,0.887253582831686,1.66469158748439,-0.414205282411637,-2.11018995193646,1.39311671693994,1.48382872992004,1.71535389507249
161,"Pink","Skagit-Odd","WC",2009,1308070,1308070,1110000,48.3875,-122.3656,"SC",12.1781110366186,-0.0246659435637938,861.4,654.8,159.758485773777,1.17844144144144,-0.623927355952006,0.164192753098362,2.10224726006547,-0.0792587473367413,1.31319948430065,1.46746782270768,1.52745580490525
161,"Pink","Skagit-Odd","WC",2011,1624120,1624120,908497,48.3875,-122.3656,"SC",12.1125862598419,-0.0901907203404312,798.8,578.3,73.4142570728227,1.78769990434751,-0.399672837325984,0.580929823933009,1.47623153578551,-0.181631592452326,1.02063698352759,1.0204644649417,0.320587966336448
161,"Pink","Skagit-Odd","WC",2013,412392,412392,9e+05,48.3875,-122.3656,"SC",12.6539690494537,0.451192069271393,818.9,552.7,38.850982827287,0.458213333333333,-0.889027338173534,-0.780420410011757,1.44983363794178,0.664199544952404,1.11457478329657,0.87087902757165,-0.162516749637573
161,"Pink","Skagit-Odd","WC",2015,117609,117609,290000,48.3875,-122.3656,"SC",13.5869159301122,1.38413894992985,736.6,512.8,-9.16732517828621,0.405548275862069,-0.908412177007444,-0.902515359832066,-0.445272597750861,2.12179209563422,0.729943891705152,0.637736099795666,-0.833687857032926
161,"Pink","Skagit-Odd","WC",2017,307732,307732,110000,48.3875,-122.3656,"SC",13.0466420650482,0.84386508486587,854.2,638.8,109.373894221988,2.79756363636364,-0.0279644099683324,1.02874890852829,-1.00448427385688,1.27769349005281,1.27955012318937,1.3739769243514,0.82321020542366
161,"Pink","Skagit-Odd","WC",2019,619972,619972,3e+05,48.3875,-122.3656,"SC",12.6422004699707,0.439423489788353,982.8,797.2,260.684735027627,2.06657333333333,-0.297025717290089,0.725891841072812,-0.414205282411637,0.645812867058719,1.88056510081582,2.29953681807861,2.93814238030694
162,"Pink","Nooksack-Odd","WC",1959,182400,182400,30000,48.775,-122.5978,"SC",12.0896712303162,-0.0788657554208307,295.2,182.1,-20.9204295127874,6.08,1.5198417060881,1.80500469597808,-0.55804731129871,-0.162846760846646,-1.3329488853113,-1.29460390560577,-0.997965699780003
162,"Pink","Nooksack-Odd","WC",1961,591801,591801,1e+05,48.775,-122.5978,"SC",12.0213764190674,-0.147160566669628,318.2,224.2,26.8582160885894,5.91801,1.4426732675256,1.77800024373664,0.423999305740933,-0.269018670320614,-1.22545787065027,-1.0486059793058,-0.330144449718376
162,"Pink","Nooksack-Odd","WC",1963,31244,31244,150000,48.775,-122.5978,"SC",11.4867887020111,-0.681748283725888,344.5,205.1,11.278580937552,0.208293333333333,-1.27730895237031,-1.5688079363482,1.12546117505496,-1.10009496533258,-1.10254423214657,-1.16021073921862,-0.547907245023943
162,"Pink","Nooksack-Odd","WC",1965,62741,62741,15251,48.775,-122.5978,"SC",11.9090961933136,-0.259440792423409,272.9,175.2,-17.7751125688447,4.11389417087404,0.58323255192873,1.41437006675649,-0.764964533508963,-0.443570817789314,-1.43716843430874,-1.33492185552192,-0.954002346133092
162,"Pink","Nooksack-Odd","WC",1967,31759,31759,20000,48.775,-122.5978,"SC",11.7282702445984,-0.440266741138618,305.9,220.8,25.6382346910747,1.58795,-0.620071155475395,0.462443876183149,-0.698339685161516,-0.724684945004558,-1.28294219588204,-1.06847279520651,-0.347196617934645
162,"Pink","Nooksack-Odd","WC",1969,69924,69924,15000,48.775,-122.5978,"SC",11.5248473644257,-0.643689621311344,324.9,202.8,2.28046936379511,4.6616,0.844147445596418,1.53935873684673,-0.768485872092919,-1.04092852520792,-1.19414527072728,-1.17365005585733,-0.67367745143614
162,"Pink","Nooksack-Odd","WC",1971,203146,203146,40000,48.775,-122.5978,"SC",11.5642496109009,-0.604287374836123,258.2,158.6,-50.3442287528231,5.07865,1.04282080384378,1.62504547824163,-0.417754937435904,-0.97967333364442,-1.50586921324426,-1.43191866256657,-1.40923391684049
162,"Pink","Nooksack-Odd","WC",1973,105782,105782,75000,48.775,-122.5978,"SC",11.6140748500824,-0.55446213565462,339.2,228.3,8.18300003622602,1.41042666666667,-0.704639329077119,0.343892259088601,0.0732683710839176,-0.902214436150352,-1.12731390074238,-1.024648936602,-0.591175418099382
162,"Pink","Nooksack-Odd","WC",1975,58222,58222,36000,48.775,-122.5978,"SC",11.3850476264954,-0.783489359241646,381.4,279.1,45.5262969845521,1.61727777777778,-0.606100053446757,0.480744351727536,-0.473871886981026,-1.25826282701817,-0.93009125645127,-0.727815334320803,-0.0692132122737937
162,"Pink","Nooksack-Odd","WC",1977,141271,141271,25000,48.775,-122.5978,"SC",12.5053750514984,0.336838065761402,457,319.9,71.1046092155224,5.65084,1.3153994127769,1.73180420667405,-0.628193498230113,0.48341124416863,-0.576772964782843,-0.48941354351228,0.288305093939161
162,"Pink","Nooksack-Odd","WC",1979,56041,56041,31000,48.775,-122.5978,"SC",12.2779029369354,0.109365951198418,453.5,297.9,32.6075384498225,1.80777419354839,-0.515351791475213,0.59209636122131,-0.544018073912429,0.129780443912798,-0.593130293100825,-0.61796352875217,-0.24978387025952
162,"Pink","Nooksack-Odd","WC",1981,83007,83007,15000,48.775,-122.5978,"SC",11.5220394134521,-0.646497572284858,597.3,431,148.341946054577,5.5338,1.2596441559749,1.71087474048759,-0.768485872092919,-1.04529379851516,0.0789222246494375,0.159763881949166,1.36788226047571
162,"Pink","Nooksack-Odd","WC",1983,40138,40138,60000,48.775,-122.5978,"SC",11.6553834915161,-0.513153494220889,524.2,326.3,25.7214716941774,0.668966666666667,-1.05785440690013,-0.402021045705609,-0.137170189710292,-0.837995540767257,-0.262712261077573,-0.452017184169766,-0.346033181031742
162,"Pink","Nooksack-Odd","WC",1985,47614,47614,23000,48.775,-122.5978,"SC",12.0524895191193,-0.116047466617739,437.7,270.3,-48.5060334477533,2.07017391304348,-0.39035039242173,0.727632619711167,-0.656251973002674,-0.220649882388399,-0.666971946650576,-0.779235328416759,-1.38354072543588
162,"Pink","Nooksack-Odd","WC",1987,212294,212294,37000,48.775,-122.5978,"SC",12.1059006690979,-0.0626363166391001,557.7,364.4,27.286769793309,5.73767567567568,1.35676600024163,1.74705419377206,-0.459842649594746,-0.137616286178959,-0.106149261462596,-0.229391982458866,-0.324154383085007
162,"Pink","Nooksack-Odd","WC",1989,58266,58266,136000,48.775,-122.5978,"SC",12.5176969528198,0.349159967082824,688.9,486,130.743381846267,0.428426470588235,-1.1724424144493,-0.84763615289578,0.929051851647035,0.502567015562144,0.507016874342929,0.481138845048891,1.12190008578332
162,"Pink","Nooksack-Odd","WC",1991,63098,63098,24000,48.775,-122.5978,"SC",13.2755833148956,1.10704632915863,650.2,398.6,25.6305823493315,2.62908333333333,-0.124098356730396,0.966635242975824,-0.642222735616394,1.68078598644017,0.326151558369806,-0.0295551872223088,-0.347303577777573
162,"Pink","Nooksack-Odd","WC",1993,260726,260726,56000,48.775,-122.5978,"SC",12.6793529510498,0.510815965312801,690.5,434.9,44.9103454445051,4.65582142857143,0.841394662497061,1.53811835672359,-0.193287139255414,0.753879314346765,0.514494510145436,0.18255228842351,-0.0778226134460962
162,"Pink","Nooksack-Odd","WC",1995,30971,30971,220000,48.775,-122.5978,"SC",12.2084557533264,0.0399187675894222,609.6,402,-4.11073275407784,0.140777272727273,-1.30947210426155,-1.9605762635763,2.10750779209461,0.0218170429379371,0.136406549881206,-0.00968837132159859,-0.763009841126806
162,"Pink","Nooksack-Odd","WC",1997,97851,97851,26000,48.775,-122.5978,"SC",13.1894389152527,1.02090192951568,699.2,501.1,79.8710331213849,3.7635,0.416312550399308,1.32534937549245,-0.614164260843832,1.54686489882985,0.555154154821564,0.569370880372634,0.410836909098327
162,"Pink","Nooksack-Odd","WC",1999,240729,240729,95000,48.775,-122.5978,"SC",12.5694643497467,0.400927364009702,601.2,401.8,-33.5617709907838,2.53398947368421,-0.169398959644182,0.929794927858832,0.35385311880953,0.583045214121046,0.0971489619180473,-0.0108570075510521,-1.1746587885445
162,"Pink","Nooksack-Odd","WC",2001,53973,53973,226000,48.775,-122.5978,"SC",11.7137022018433,-0.454834783893737,675.5,466.3,17.6774341079921,0.238818584070796,-1.26276740081689,-1.43205107774969,2.19168321641229,-0.747332594047393,0.444391674496938,0.366028176447717,-0.458467913509678
162,"Pink","Nooksack-Odd","WC",2003,5622,5622,51000,48.775,-122.5978,"SC",13.3364649772644,1.1679279915274,813,594.5,133.341193044483,0.110235294117647,-1.32402162460178,-2.20513816023999,-0.263433326186817,1.77543332827254,1.08700100127483,1.11512399952744,1.15821073251641
162,"Pink","Nooksack-Odd","WC",2005,10181,10181,3700,48.775,-122.5978,"SC",12.2394476413727,0.0709106556356767,765.7,550,76.9215300470468,2.75162162162162,-0.0657238374926129,1.01219041847488,-0.92701625455789,0.0699973932735891,0.865943392863237,0.855102438474026,0.369610524269445
162,"Pink","Nooksack-Odd","WC",2007,51202,51202,9300,48.775,-122.5978,"SC",10.8433406829834,-1.32519630275361,878.5,657.6,173.201478578285,5.50559139784946,1.24620620436068,1.70576419362333,-0.848452525194719,-2.10040675444553,1.39311671693994,1.48382872992004,1.71535389507249
162,"Pink","Nooksack-Odd","WC",2009,65073,65073,45000,48.775,-122.5978,"SC",12.1676364421845,-0.000900543552544164,861.4,654.8,159.758485773777,1.44606666666667,-0.687661224562227,0.368847226869289,-0.347608750504501,-0.0416411338709328,1.31319948430065,1.46746782270768,1.52745580490525
162,"Pink","Nooksack-Odd","WC",2011,328285,328285,53850,48.775,-122.5978,"SC",12.0982347011566,-0.0703022845803892,798.8,578.3,73.4142570728227,6.09628597957289,1.52759998508125,1.80767972994358,-0.223449999635917,-0.149533889279549,1.02063698352759,1.0204644649417,0.320587966336448
162,"Pink","Nooksack-Odd","WC",2013,336099,336099,224000,48.775,-122.5978,"SC",12.5731621742249,0.40462518848786,818.9,552.7,38.850982827287,1.50044196428571,-0.661758040330897,0.405759707566625,2.16362474163973,0.588793895149175,1.11457478329657,0.87087902757165,-0.162516749637573
162,"Pink","Nooksack-Odd","WC",2015,35523,35523,247000,48.775,-122.5978,"SC",13.5580549240112,1.38951793827422,736.6,512.8,-9.16732517828621,0.143817813765182,-1.30802365803474,-1.93920796261105,2.48629720152418,2.11991964189068,0.729943891705152,0.637736099795666,-0.833687857032926
162,"Pink","Nooksack-Odd","WC",2017,69276,69276,24000,48.775,-122.5978,"SC",13.0248155593872,0.856278573650207,854.2,638.8,109.373894221988,2.8865,-0.00147077338185751,1.06004469551885,-0.642222735616394,1.29093951128355,1.27955012318937,1.3739769243514,0.82321020542366
162,"Pink","Nooksack-Odd","WC",2019,130045,130045,50000,48.775,-122.5978,"SC",12.5897170066834,0.421180020946347,982.8,797.2,260.684735027627,2.6009,-0.137524270841265,0.95585753897617,-0.277462563573098,0.61453023061888,1.88056510081582,2.29953681807861,2.93814238030694
165,"Pink","Fraser-Odd","WC",1961,6460055,6460055,1092561,49.12333,-123.0569,"SC",11.8123912811279,-0.149506545813355,318.2,224.2,26.8582160885894,5.91276368092949,1.62030541817207,1.777113350021,-0.971894524843373,-0.272617830078751,-1.28859841392565,-1.10580203421814,-0.363592651456706
165,"Pink","Fraser-Odd","WC",1963,1889246,1889246,1954038,49.12333,-123.0569,"SC",11.2862903390612,-0.675607487880084,344.5,205.1,11.278580937552,0.966841995907961,-0.901610858737855,-0.0337201930449512,-0.816744857874787,-1.06855414347278,-1.16387392442821,-1.21884229354539,-0.581464911456866
165,"Pink","Fraser-Odd","WC",1965,5482350,5482350,1194099,49.12333,-123.0569,"SC",11.7131859234401,-0.248711903501167,272.9,175.2,-17.7751125688447,4.59120223700045,0.946443693576906,1.52414191504845,-0.953607806933718,-0.42270527595327,-1.50342804792694,-1.39580060526709,-0.987764147878274
165,"Pink","Fraser-Odd","WC",1967,2319887,2319887,1831219,49.12333,-123.0569,"SC",11.540483048984,-0.421414777957299,305.9,220.8,25.6382346910747,1.2668539371861,-0.748635327348421,0.236536612283138,-0.838864226061535,-0.683986863222753,-1.34692963905183,-1.12592438404603,-0.380653391432827
165,"Pink","Fraser-Odd","WC",1969,12962791,12962791,1530913,49.12333,-123.0569,"SC",11.3427294322423,-0.619168394699027,324.9,202.8,2.28046936379511,8.46735967360653,2.92288916800616,2.13621873322012,-0.89294852069583,-0.983167632699085,-1.25682449454797,-1.23245447137013,-0.707298339858909
165,"Pink","Fraser-Odd","WC",1971,3931461,3931461,1804952,49.12333,-123.0569,"SC",11.3774076529912,-0.584490173950117,258.2,158.6,-50.3442287528231,2.17815266001534,-0.283965801910866,0.778477113888857,-0.843594841391096,-0.930703071298526,-1.57314097551677,-1.49404501913265,-1.44322455374912
165,"Pink","Fraser-Odd","WC",1973,9763328,9763328,1754261,49.12333,-123.0569,"SC",11.3970979281834,-0.564799898757867,339.2,228.3,8.18300003622602,5.56549339009418,1.44323294215671,1.7165856402933,-0.852724152757858,-0.900913721397979,-1.18900851736876,-1.08153684766099,-0.624754834516477
165,"Pink","Fraser-Odd","WC",1975,6803984,6803984,1367089,49.12333,-123.0569,"SC",11.1267367090498,-0.835161117891516,381.4,279.1,45.5262969845521,4.97698686771673,1.14315455993201,1.60482466127875,-0.922452777967308,-1.30994228385712,-0.98888024904967,-0.780885267879628,-0.102530249465966
165,"Pink","Fraser-Odd","WC",1977,4893955,4893955,2387811,49.12333,-123.0569,"SC",12.2922778470176,0.330380020076278,457,319.9,71.1046092155224,2.04955710481273,-0.349536436558369,0.717623723376112,-0.738623519185578,0.453400911877939,-0.63035662144486,-0.539417069944993,0.255167773544552
165,"Pink","Fraser-Odd","WC",1979,8209485,8209485,3560654,49.12333,-123.0569,"SC",12.0313435622624,0.0694457353211179,453.5,297.9,32.6075384498225,2.30561155338317,-0.218974749020818,0.835345957259921,-0.527397681633981,0.0586343261534297,-0.646954937537675,-0.669620510007786,-0.28319167645519
165,"Pink","Fraser-Odd","WC",1981,14404120,14404120,4488336,49.12333,-123.0569,"SC",11.316054889134,-0.645842937807279,597.3,431,148.341946054577,3.20923388979791,0.241780601247894,1.16603224504287,-0.360324674051943,-1.02352345760913,0.0349987350757077,0.118110302372112,1.33528762040745
165,"Pink","Fraser-Odd","WC",1983,18684689,18684689,4631721,49.12333,-123.0569,"SC",11.4281222139086,-0.533775613032677,524.2,326.3,25.7214716941774,4.03407048913352,0.662363250575963,1.39477591313581,-0.334501425145366,-0.853977185780335,-0.311668952462806,-0.501539705563089,-0.379489369695103
165,"Pink","Fraser-Odd","WC",1985,15346097,15346097,6460950,49.12333,-123.0569,"SC",11.8420831475939,-0.119814679347369,437.7,270.3,-48.5060334477533,2.37520751592258,-0.183487897041966,0.865084808794918,-0.00506225246950923,-0.227697106994915,-0.72188447875667,-0.832966643904745,-1.41751844692732
165,"Pink","Fraser-Odd","WC",1987,19038024,19038024,3223521,49.12333,-123.0569,"SC",11.8831453323364,-0.0787524946048481,557.7,364.4,27.286769793309,5.90597176193361,1.6168422312965,1.77596400205964,-0.58811441890511,-0.16557426833305,-0.152799355574431,-0.276051020727071,-0.357599573745097
165,"Pink","Fraser-Odd","WC",1989,7171773,7171773,7189201,49.12333,-123.0569,"SC",12.346659387861,0.384761560919704,688.9,486,130.743381846267,0.997575808493879,-0.885939744808442,-0.00242713461575371,0.126093773889337,0.535674558767005,0.469400379104817,0.443618902529095,1.08918179574267
165,"Pink","Fraser-Odd","WC",1991,16484275,16484275,12942835,49.12333,-123.0569,"SC",13.0729782581329,1.11108043119166,650.2,398.6,25.6305823493315,1.27362166016951,-0.745184477974653,0.241864543006004,1.16230762400853,1.6345198900104,0.285870426878545,-0.0736438548112737,-0.380760405042178
165,"Pink","Fraser-Odd","WC",1993,22173639,22173639,10768335,49.12333,-123.0569,"SC",12.503628219877,0.541730392935693,690.5,434.9,44.9103454445051,2.05915204161089,-0.344643996113856,0.722294267772512,0.77068608237342,0.773152167116786,0.476988180747247,0.141191821292335,-0.111143978399898
165,"Pink","Fraser-Odd","WC",1995,16983498,16983498,7174584,49.12333,-123.0569,"SC",11.9836242539542,0.021726427012932,609.6,402,-4.11073275407784,2.36717529545964,-0.18758351133092,0.861697385863041,0.123461291905395,-0.0135600519507501,0.0933299602018875,-0.0535215049833877,-0.79667563502914
165,"Pink","Fraser-Odd","WC",1997,12903708,12903708,2842108,49.12333,-123.0569,"SC",12.9769259861537,1.01502815921246,699.2,501.1,79.8710331213849,4.54018918352153,0.920432232398096,1.51296868156426,-0.65680586386242,1.48920273670535,0.518246852177959,0.532985809117649,0.37776118282362
165,"Pink","Fraser-Odd","WC",1999,8175964,8175964,3444982,49.12333,-123.0569,"SC",12.3161041736603,0.354206346719001,601.2,401.8,-33.5617709907838,2.37329658035949,-0.184462279534774,0.864279950832283,-0.548229894539944,0.489447679852221,0.0534940015791309,-0.0547051726203221,-1.20853150955872
165,"Pink","Fraser-Odd","WC",2001,3608265,3608265,19813620,49.12333,-123.0569,"SC",11.5603755882808,-0.401522238660462,675.5,466.3,17.6774341079921,0.182110336223265,-1.30174407385906,-1.70314253261141,2.39971733380085,-0.653891508651117,0.405852540349467,0.327027640291049,-0.491980620705671
165,"Pink","Fraser-Odd","WC",2003,21261774,21261774,22181030,49.12333,-123.0569,"SC",13.1624470778874,1.20054925094612,813,594.5,133.341193044483,0.958556658550121,-0.905835536861187,-0.0423266065584137,2.82608144227745,1.76987696099251,1.05792924399578,1.08575859556605,1.12551069506041
165,"Pink","Fraser-Odd","WC",2005,24250000,24250000,8809624,49.12333,-123.0569,"SC",12.0542481967381,0.0923503697968294,765.7,550,76.9215300470468,2.75267139664531,0.00898023435265431,1.01257185712029,0.417927553314947,0.0932866692049715,0.83361485794145,0.82239254634813,0.3365140743738
165,"Pink","Fraser-Odd","WC",2007,9870000,9870000,7650052,49.12333,-123.0569,"SC",10.64023906844,-1.32165875850126,878.5,657.6,173.201478578285,1.29018730853071,-0.736737684656794,0.254787408244427,0.209091786804527,-2.0459628981154,1.36855487373275,1.45920573501888,1.68293392155509
165,"Pink","Fraser-Odd","WC",2009,8490000,8490000,15428836,49.12333,-123.0569,"SC",11.9152426719666,-0.0466551549747182,861.4,654.8,159.758485773777,0.550268341694733,-1.11402099096331,-0.597349225746771,1.61002964935984,-0.117014313137757,1.28746024367929,1.4426343881018,1.49494137904108
165,"Pink","Fraser-Odd","WC",2011,19936153,19936153,12784508,49.12333,-123.0569,"SC",11.8035734721592,-0.158324354782035,798.8,578.3,73.4142570728227,1.55939931360675,-0.599466983505799,0.444300691728298,1.13379336150107,-0.285958263067092,0.990587504419217,0.989881516974359,0.287466873850571
165,"Pink","Fraser-Odd","WC",2013,20645120,20645120,9344490,49.12333,-123.0569,"SC",12.4263485499791,0.464450723037802,818.9,552.7,38.850982827287,2.20933619705302,-0.268065374319153,0.792692107087139,0.514255466622928,0.6562360192057,1.08590926255224,0.838372059446746,-0.195880688520218
165,"Pink","Fraser-Odd","WC",2015,15897819,15897819,5315845,49.12333,-123.0569,"SC",13.3842803069523,1.42238248001106,736.6,512.8,-9.16732517828621,2.99064758283961,0.130323849496803,1.09548994684141,-0.211292551588421,2.10548769348165,0.695611715569757,0.602230365878316,-0.867389179260541
165,"Pink","Fraser-Odd","WC",2017,5812085,5812085,3392159,49.12333,-123.0569,"SC",12.817697252546,0.85579942560476,854.2,638.8,109.373894221988,1.71338814011961,-0.520948367001795,0.538472778684006,-0.557743173313819,1.24830613097747,1.25331513628835,1.34794097714704,0.790341770375523
165,"Pink","Fraser-Odd","WC",2019,3563091,3563091,8307419,49.12333,-123.0569,"SC",12.4238950525011,0.461997225559856,982.8,797.2,260.684735027627,0.428904693503482,-1.17590408966372,-0.846520544400778,0.327481797363298,0.652524131274372,1.86318469329865,2.28540574559915,2.90633707637944
167,"Pink","S Southeast Alaska-Odd","SEAK",1961,11375279,11375279,3051815,55.71556,-131.8714,"NC",9.55573003292083,0.11616634767349,318.2,224.2,26.8582160885894,3.7273815745712,0.719689337612996,1.31570599641328,-1.43186302710391,0.18731173972037,-1.28859841392565,-1.10580203421814,-0.363592651456706
167,"Pink","S Southeast Alaska-Odd","SEAK",1963,11499633,11499633,6239135,55.71556,-131.8714,"NC",8.6860656619072,-0.753498023340146,344.5,205.1,11.278580937552,1.84314540397026,-0.581731509079344,0.611473570838919,-1.05157054938565,-1.18471447811087,-1.16387392442821,-1.21884229354539,-0.581464911456866
167,"Pink","S Southeast Alaska-Odd","SEAK",1965,4335652.5,4335652.5,5789175,55.71556,-131.8714,"NC",8.87628720998764,-0.563276475259705,272.9,175.2,-17.7751125688447,0.748924069491767,-1.33749794526428,-0.289117676449234,-1.10525715859782,-0.884611404026537,-1.50342804792694,-1.39580060526709,-0.987764147878274
167,"Pink","S Southeast Alaska-Odd","SEAK",1967,5491592.5,5491592.5,3694112.5,55.71556,-131.8714,"NC",9.46052409410476,0.0209604088574197,305.9,220.8,25.6382346910747,1.48657965884905,-0.828007480827163,0.396477950213322,-1.35522782646286,0.0371100659451923,-1.34692963905183,-1.12592438404603,-0.380653391432827
167,"Pink","S Southeast Alaska-Odd","SEAK",1969,13509161.5,13509161.5,4292452.5,55.71556,-131.8714,"NC",9.01095705032349,-0.428606634923858,324.9,202.8,2.28046936379511,3.14718951461897,0.31895717160942,1.14650983699325,-1.28383737896529,-0.672149495903786,-1.25682449454797,-1.23245447137013,-0.707298339858909
167,"Pink","S Southeast Alaska-Odd","SEAK",1971,10606552.5,10606552.5,7249917.5,55.71556,-131.8714,"NC",8.67248433828354,-0.767079346963806,258.2,158.6,-50.3442287528231,1.46298940643118,-0.844301004300688,0.380481881021461,-0.930969862489058,-1.20614105680673,-1.57314097551677,-1.49404501913265,-1.44322455374912
167,"Pink","S Southeast Alaska-Odd","SEAK",1973,11491834.5,11491834.5,6048047.5,55.71556,-131.8714,"NC",8.90219048261643,-0.537373202630916,339.2,228.3,8.18300003622602,1.90008998771918,-0.542400522044199,0.641901247008314,-1.07436999808738,-0.843745099324523,-1.18900851736876,-1.08153684766099,-0.624754834516477
167,"Pink","S Southeast Alaska-Odd","SEAK",1975,23897760.5,23897760.5,8158852.5,55.71556,-131.8714,"NC",8.47890875339508,-0.960654931852265,381.4,279.1,45.5262969845521,2.92905901902259,0.168296878224898,1.07468121753081,-0.82252102671642,-1.5115356279209,-0.98888024904967,-0.780885267879628,-0.102530249465966
167,"Pink","S Southeast Alaska-Odd","SEAK",1977,15575736,15575736,12599507.5,55.71556,-131.8714,"NC",9.42759029865265,-0.0119733865946924,457,319.9,71.1046092155224,1.23621784422923,-1.00092958573402,0.212056592881801,-0.292687909037,-0.0148479448910141,-0.63035662144486,-0.539417069944993,0.255167773544552
167,"Pink","S Southeast Alaska-Odd","SEAK",1979,25227801.5,25227801.5,8585955,55.71556,-131.8714,"NC",9.20764516592026,-0.231918519327083,453.5,297.9,32.6075384498225,2.93826388561319,0.174654576616925,1.07781889183033,-0.771561641413199,-0.361844439919877,-0.646954937537675,-0.669620510007786,-0.28319167645519
167,"Pink","S Southeast Alaska-Odd","SEAK",1981,47769994.5,47769994.5,11702867.5,55.71556,-131.8714,"NC",8.58016706705093,-0.85939661819641,597.3,431,148.341946054577,4.08190509719092,0.964554769122553,1.40656381502158,-0.399669776945242,-1.35178542342847,0.0349987350757077,0.118110302372112,1.33528762040745
167,"Pink","S Southeast Alaska-Odd","SEAK",1983,55599110,55599110,16308112.5,55.71556,-131.8714,"NC",9.50105065107346,0.0614869658261161,524.2,326.3,25.7214716941774,3.40929154124979,0.499988109630778,1.22650451054622,0.149801261905459,0.10104679893412,-0.311668952462806,-0.501539705563089,-0.379489369695103
167,"Pink","S Southeast Alaska-Odd","SEAK",1985,15904991.5,15904991.5,24886955,55.71556,-131.8714,"NC",9.11736867427826,-0.322195010969084,437.7,270.3,-48.5060334477533,0.639089494877939,-1.41335945738271,-0.447710779829265,1.17337883500126,-0.50426917009743,-0.72188447875667,-0.832966643904745,-1.41751844692732
167,"Pink","S Southeast Alaska-Odd","SEAK",1987,64093612.5,64093612.5,11273662.5,55.71556,-131.8714,"NC",9.43829997777939,-0.00126370746795437,557.7,364.4,27.286769793309,5.68525201991811,2.07196855422768,1.73787545690033,-0.450880020315555,0.00204818312825618,-0.152799355574431,-0.276051020727071,-0.357599573745097
167,"Pink","S Southeast Alaska-Odd","SEAK",1989,57573642.5,57573642.5,18330132.5,55.71556,-131.8714,"NC",9.74989912509918,0.310335439851837,688.9,486,130.743381846267,3.14092887762813,0.314633019668927,1.14451857707447,0.391056923651337,0.493642657762551,0.469400379104817,0.443618902529095,1.08918179574267
167,"Pink","S Southeast Alaska-Odd","SEAK",1991,55400183.5,55400183.5,14076367.5,55.71556,-131.8714,"NC",9.79048969745637,0.350926012209023,650.2,398.6,25.6305823493315,3.93568749181918,0.863563904626234,1.3700855786342,-0.116477566604177,0.557680384645538,0.285870426878545,-0.0736438548112737,-0.380760405042178
167,"Pink","S Southeast Alaska-Odd","SEAK",1993,60780765,60780765,16181232.5,55.71556,-131.8714,"NC",9.9455040216446,0.505940336397251,690.5,434.9,44.9103454445051,3.75625064407177,0.739628880998721,1.32342129076806,0.134662678527294,0.802238772932443,0.476988180747247,0.141191821292335,-0.111143978399898
167,"Pink","S Southeast Alaska-Odd","SEAK",1995,30225545,30225545,19465300,55.71556,-131.8714,"NC",9.34697796106339,-0.0925857241839566,609.6,402,-4.11073275407784,1.55279112060949,-0.782275964805189,0.440054034547127,0.526498505042676,-0.142026019950271,0.0933299602018875,-0.0535215049833877,-0.79667563502914
167,"Pink","S Southeast Alaska-Odd","SEAK",1997,67046610,67046610,14927440,55.71556,-131.8714,"NC",10.0508590817452,0.611295396497808,699.2,501.1,79.8710331213849,4.49150088695717,1.247457999533,1.50218691916171,-0.0149325476720105,0.968452210503389,0.518246852177959,0.532985809117649,0.37776118282362
167,"Pink","S Southeast Alaska-Odd","SEAK",1999,79477237.5,79477237.5,28189610,55.71556,-131.8714,"NC",9.44352049827575,0.00395681302840982,601.2,401.8,-33.5617709907838,2.81938052708072,0.0925431706621137,1.03651718957079,1.56743241386958,0.0102843386274042,0.0534940015791309,-0.0547051726203221,-1.20853150955872
167,"Pink","S Southeast Alaska-Odd","SEAK",2001,53720969.5,53720969.5,27465697.5,55.71556,-131.8714,"NC",9.09957709312439,-0.339986592122954,675.5,466.3,17.6774341079921,1.9559295554027,-0.503832757245137,0.670865556343786,1.48105938628647,-0.53233806266495,0.405852540349467,0.327027640291049,-0.491980620705671
167,"Pink","S Southeast Alaska-Odd","SEAK",2003,52353478.5,52353478.5,24443422.5,55.71556,-131.8714,"NC",10.5574103713036,1.11784668605621,813,594.5,133.341193044483,2.1418227541581,-0.375438404194669,0.761657220776415,1.12045911769218,1.76761298230814,1.05792924399578,1.08575859556605,1.12551069506041
167,"Pink","S Southeast Alaska-Odd","SEAK",2005,58255286,58255286,23489197.5,55.71556,-131.8714,"NC",9.71037573814392,0.270812052896579,765.7,550,76.9215300470468,2.48008838956716,-0.141802113527036,0.908294200496268,1.00660654262889,0.431288576202445,0.83361485794145,0.82239254634813,0.3365140743738
167,"Pink","S Southeast Alaska-Odd","SEAK",2007,44429724,44429724,26478430,55.71556,-131.8714,"NC",8.54390122890472,-0.895662456342621,878.5,657.6,173.201478578285,1.67795915392265,-0.695823804277317,0.517578265628744,1.3632643723733,-1.40900023227505,1.36855487373275,1.45920573501888,1.68293392155509
167,"Pink","S Southeast Alaska-Odd","SEAK",2009,24951347.5,24951347.5,18004420,55.71556,-131.8714,"NC",9.47125407457352,0.0316903893261731,861.4,654.8,159.758485773777,1.38584567011878,-0.89758332007147,0.32631054544729,0.352194803233931,0.0540382223818965,1.28746024367929,1.4426343881018,1.49494137904108
167,"Pink","S Southeast Alaska-Odd","SEAK",2011,89582792,89582792,13744262.5,55.71556,-131.8714,"NC",8.80293754339218,-0.636626141855166,798.8,578.3,73.4142570728227,6.51783185893023,2.64702213611522,1.87454178366199,-0.156102402928305,-1.00033152433094,0.990587504419217,0.989881516974359,0.287466873850571
167,"Pink","S Southeast Alaska-Odd","SEAK",2013,23207578.5,23207578.5,36119565,55.71556,-131.8714,"NC",10.3158974528313,0.876333767583932,818.9,552.7,38.850982827287,0.642520985510208,-1.41098936518634,-0.442355800473466,2.51358850586671,1.38659006457876,1.08590926255224,0.838372059446746,-0.195880688520218
167,"Pink","S Southeast Alaska-Odd","SEAK",2015,25386238.5,25386238.5,10739137.5,55.71556,-131.8714,"NC",11.0130035877228,1.57343990247544,736.6,512.8,-9.16732517828621,2.36389919581531,-0.222052690003771,0.860312457270599,-0.514656433305889,2.48637973696394,0.695611715569757,0.602230365878316,-0.867389179260541
167,"Pink","S Southeast Alaska-Odd","SEAK",2017,32110449,32110449,15971112.5,55.71556,-131.8714,"NC",10.3068763613701,0.867312676122743,854.2,638.8,109.373894221988,2.0105330170331,-0.466118757070359,0.698399869519823,0.109592382661752,1.37235793732284,1.25331513628835,1.34794097714704,0.790341770375523
167,"Pink","S Southeast Alaska-Odd","SEAK",2019,62668696.5,62668696.5,14071900,55.71556,-131.8714,"NC",10.0462985634804,0.606734878233036,982.8,797.2,260.684735027627,4.45346374689985,1.22118617236424,1.49368216349511,-0.117010602711065,0.961257307694076,1.86318469329865,2.28540574559915,2.90633707637944
169,"Pink","N Southeast Alaska Outside-Odd","SEAK",1961,3349217,3349217,875087.5,57.17694,-135.7869,"NC",9.32966526065553,0.196972920353395,318.2,224.2,26.8582160885894,3.82729384204437,1.50946031532399,1.34215798479845,-0.931760886093748,0.321374751903747,-1.28859841392565,-1.10580203421814,-0.363592651456706
169,"Pink","N Southeast Alaska Outside-Odd","SEAK",1963,1566841.5,1566841.5,2049505,57.17694,-135.7869,"NC",8.36810736145292,-0.764584978849219,344.5,205.1,11.278580937552,0.764497525012137,-0.988873095203307,-0.268536491012457,-0.618541703903003,-1.15849792399148,-1.16387392442821,-1.21884229354539,-0.581464911456866
169,"Pink","N Southeast Alaska Outside-Odd","SEAK",1965,626929.5,626929.5,948287.5,57.17694,-135.7869,"NC",8.51056687320982,-0.622125467092322,272.9,175.2,-17.7751125688447,0.661117540830181,-1.07320050118368,-0.413823632200491,-0.912238319258392,-0.939247539750208,-1.50342804792694,-1.39580060526709,-0.987764147878274
169,"Pink","N Southeast Alaska Outside-Odd","SEAK",1967,1189566,1189566,500072.5,57.17694,-135.7869,"NC",9.28795214210238,0.155259801800236,305.9,220.8,25.6382346910747,2.378787075874,0.327908401742986,0.86659072579115,-1.03177803639103,0.257176741129368,-1.34692963905183,-1.12592438404603,-0.380653391432827
169,"Pink","N Southeast Alaska Outside-Odd","SEAK",1969,665671,665671,1052220,57.17694,-135.7869,"NC",8.68634779964174,-0.446344540660396,324.9,202.8,2.28046936379511,0.632634810210792,-1.0964339617745,-0.457861942418092,-0.884519341422112,-0.668714283057214,-1.25682449454797,-1.23245447137013,-0.707298339858909
169,"Pink","N Southeast Alaska Outside-Odd","SEAK",1971,1150366.5,1150366.5,573925,57.17694,-135.7869,"NC",8.18045997619629,-0.952232364105852,258.2,158.6,-50.3442287528231,2.00438471925774,0.0225071214446904,0.695337140475162,-1.01208144667508,-1.44729409359787,-1.57314097551677,-1.49404501913265,-1.44322455374912
169,"Pink","N Southeast Alaska Outside-Odd","SEAK",1973,1826655.5,1826655.5,891607.5,57.17694,-135.7869,"NC",8.63110197441918,-0.501590365882956,339.2,228.3,8.18300003622602,2.04872155068233,0.0586728261796062,0.717215964796369,-0.927354973469157,-0.753739622947768,-1.18900851736876,-1.08153684766099,-0.624754834516477
169,"Pink","N Southeast Alaska Outside-Odd","SEAK",1975,6468893.5,6468893.5,1260847.5,57.17694,-135.7869,"NC",8.21195165600095,-0.920740684301188,381.4,279.1,45.5262969845521,5.13059152673103,2.57256468547375,1.63522095989027,-0.828878025678349,-1.39882724984399,-0.98888024904967,-0.780885267879628,-0.102530249465966
169,"Pink","N Southeast Alaska Outside-Odd","SEAK",1977,5872271.5,5872271.5,4270717.5,57.17694,-135.7869,"NC",9.05679084573474,-0.0759014945674028,457,319.9,71.1046092155224,1.37500818070968,-0.490877469398833,0.318459680707877,-0.0261404814060121,-0.0985889246747092,-0.63035662144486,-0.539417069944993,0.255167773544552
169,"Pink","N Southeast Alaska Outside-Odd","SEAK",1979,6424193,6424193,4060197.5,57.17694,-135.7869,"NC",8.9458247423172,-0.186867597984937,453.5,297.9,32.6075384498225,1.58223657839305,-0.321840558043249,0.458839402029018,-0.0822865301789533,-0.269369804884161,-0.646954937537675,-0.669620510007786,-0.28319167645519
169,"Pink","N Southeast Alaska Outside-Odd","SEAK",1981,5645862.5,5645862.5,3676025,57.17694,-135.7869,"NC",8.19470633779253,-0.93798600250961,597.3,431,148.341946054577,1.53586074632245,-0.359669482565148,0.4290909706693,-0.184746001593654,-1.42536842352154,0.0349987350757077,0.118110302372112,1.33528762040745
169,"Pink","N Southeast Alaska Outside-Odd","SEAK",1983,10032670,10032670,3089277.5,57.17694,-135.7869,"NC",9.39235499926976,0.25966265896762,524.2,326.3,25.7214716941774,3.24757811494759,1.03658421789633,1.17790952314479,-0.341232576514808,0.417856545991382,-0.311668952462806,-0.501539705563089,-0.379489369695103
169,"Pink","N Southeast Alaska Outside-Odd","SEAK",1985,1483886,1483886,4401620,57.17694,-135.7869,"NC",8.72146941934313,-0.411222920959013,437.7,270.3,-48.5060334477533,0.337122695734752,-1.33748420227055,-1.08730833259268,0.00877144216181957,-0.614660829414576,-0.72188447875667,-0.832966643904745,-1.41751844692732
169,"Pink","N Southeast Alaska Outside-Odd","SEAK",1987,2014203.5,2014203.5,1055085,57.17694,-135.7869,"NC",9.07289298091616,-0.0597993593859824,557.7,364.4,27.286769793309,1.90904382111394,-0.0552627746132847,0.646602499490069,-0.883755240957859,-0.0738071513687897,-0.152799355574431,-0.276051020727071,-0.357599573745097
169,"Pink","N Southeast Alaska Outside-Odd","SEAK",1989,2178632,2178632,1103322.5,57.17694,-135.7869,"NC",9.42749526671001,0.29480292640787,688.9,486,130.743381846267,1.97461032472373,-0.00177995381032305,0.680371074948752,-0.870890216125611,0.471938699184239,0.469400379104817,0.443618902529095,1.08918179574267
169,"Pink","N Southeast Alaska Outside-Odd","SEAK",1991,2128692.5,2128692.5,1804080,57.17694,-135.7869,"NC",9.27925935813359,0.146567017831451,650.2,398.6,25.6305823493315,1.17993243093433,-0.65000142437331,0.165457174917985,-0.683996976656657,0.243798229566484,0.285870426878545,-0.0736438548112737,-0.380760405042178
169,"Pink","N Southeast Alaska Outside-Odd","SEAK",1993,5134409.5,5134409.5,1071387.5,57.17694,-135.7869,"NC",9.54350670746395,0.410814367161806,690.5,434.9,44.9103454445051,4.79229923813746,2.29661851092173,1.56701030421775,-0.879407335960135,0.650484537563143,0.476988180747247,0.141191821292335,-0.111143978399898
169,"Pink","N Southeast Alaska Outside-Odd","SEAK",1995,9947565,9947565,3379847.5,57.17694,-135.7869,"NC",9.08215215376445,-0.0505401865376889,609.6,402,-4.11073275407784,2.94319936032617,0.788301428767791,1.07949720746883,-0.263737054037354,-0.0595569466635468,0.0933299602018875,-0.0535215049833877,-0.79667563502914
169,"Pink","N Southeast Alaska Outside-Odd","SEAK",1997,17653762.5,17653762.5,7189815,57.17694,-135.7869,"NC",9.65765535831452,0.524963018012376,699.2,501.1,79.8710331213849,2.45538480475506,0.390389430654336,0.898283492244623,0.752387879832686,0.82616347434287,0.518246852177959,0.532985809117649,0.37776118282362
169,"Pink","N Southeast Alaska Outside-Odd","SEAK",1999,7936232,7936232,15010427.5,57.17694,-135.7869,"NC",9.08315627915518,-0.0495360611469573,601.2,401.8,-33.5617709907838,0.528714588575176,-1.1812020412899,-0.637306522826214,2.83815878454138,-0.0580115610657075,0.0534940015791309,-0.0547051726203221,-1.20853150955872
169,"Pink","N Southeast Alaska Outside-Odd","SEAK",2001,10655910,10655910,5932160,57.17694,-135.7869,"NC",8.80267592838832,-0.330016411913819,675.5,466.3,17.6774341079921,1.79629511004423,-0.147232283095742,0.585726271551144,0.416969112164372,-0.489681050307693,0.405852540349467,0.327027640291049,-0.491980620705671
169,"Pink","N Southeast Alaska Outside-Odd","SEAK",2003,14609015,14609015,8764025,57.17694,-135.7869,"NC",10.2000353932381,1.06734305293593,813,594.5,133.341193044483,1.66692986384681,-0.252755956001713,0.510983529606291,1.17223241450327,1.66090612925744,1.05792924399578,1.08575859556605,1.12551069506041
169,"Pink","N Southeast Alaska Outside-Odd","SEAK",2005,10038371,10038371,9587990,57.17694,-135.7869,"NC",9.35354197025299,0.220849629950847,765.7,550,76.9215300470468,1.04697345324724,-0.758456516322446,0.0459035765022359,1.39198530770675,0.358121878782801,0.83361485794145,0.82239254634813,0.3365140743738
169,"Pink","N Southeast Alaska Outside-Odd","SEAK",2007,5912584,5912584,5765000,57.17694,-135.7869,"NC",8.31498261008944,-0.817709730212704,878.5,657.6,173.201478578285,1.0256,-0.775890915093587,0.0252778071842686,0.37238725052232,-1.24025885385514,1.36855487373275,1.45920573501888,1.68293392155509
169,"Pink","N Southeast Alaska Outside-Odd","SEAK",2009,13953096.5,13953096.5,4542700,57.17694,-135.7869,"NC",9.2220361999103,0.0893438596081595,861.4,654.8,159.758485773777,3.07154258480639,0.892991435070412,1.12217990602399,0.0463977226144442,0.155729702072401,1.28746024367929,1.4426343881018,1.49494137904108
169,"Pink","N Southeast Alaska Outside-Odd","SEAK",2011,24510114,24510114,6835462.5,57.17694,-135.7869,"NC",8.41805845499039,-0.714633885311755,798.8,578.3,73.4142570728227,3.58572869063359,1.31241479674592,1.27696171438253,0.657881454087799,-1.08162136926869,0.990587504419217,0.989881516974359,0.287466873850571
169,"Pink","N Southeast Alaska Outside-Odd","SEAK",2013,13641419,13641419,13342500,57.17694,-135.7869,"NC",10.1695878505707,1.03689551026854,818.9,552.7,38.850982827287,1.02240352257823,-0.778498292637565,0.0221562500364377,2.39331963023428,1.6140462506386,1.08590926255224,0.838372059446746,-0.195880688520218
169,"Pink","N Southeast Alaska Outside-Odd","SEAK",2015,15274244,15274244,7100000,57.17694,-135.7869,"NC",10.7628800868988,1.63018774659666,736.6,512.8,-9.16732517828621,2.15130197183099,0.142348025864437,0.766073227150564,0.728434063708129,2.52714464033604,0.695611715569757,0.602230365878316,-0.867389179260541
169,"Pink","N Southeast Alaska Outside-Odd","SEAK",2017,5154067,5154067,7100000,57.17694,-135.7869,"NC",9.95130116598947,0.818608825687329,854.2,638.8,109.373894221988,0.725924929577465,-1.02033689296527,-0.320308672289639,0.728434063708129,1.27809508192439,1.25331513628835,1.34794097714704,0.790341770375523
169,"Pink","N Southeast Alaska Outside-Odd","SEAK",2019,7282487,7282487,3828750,57.17694,-135.7869,"NC",9.76697407449995,0.634281734197807,982.8,797.2,260.684735027627,1.90205341168789,-0.0609648754435777,0.642934045583741,-0.144013979463465,0.994408965520179,1.86318469329865,2.28540574559915,2.90633707637944
171,"Pink","N Southeast Alaska Inside-Odd","SEAK",1961,19817391.5,19817391.5,5080937.5,57.57528,-134.7503,"NC",9.2976222038269,0.164930489328167,318.2,224.2,26.8582160885894,3.9003415216188,1.05553521370248,1.36106411894745,-0.726079447466054,0.272878357909821,-1.28859841392565,-1.10580203421814,-0.363592651456706
171,"Pink","N Southeast Alaska Inside-Odd","SEAK",1963,8895533,8895533,7216002.5,57.57528,-134.7503,"NC",8.35868243376414,-0.774009280734594,344.5,205.1,11.278580937552,1.23275082013899,-0.873339726600045,0.209248111414102,-0.321493326009556,-1.18072283230232,-1.16387392442821,-1.21884229354539,-0.581464911456866
171,"Pink","N Southeast Alaska Inside-Odd","SEAK",1965,4652519,4652519,4349850,57.57528,-134.7503,"NC",8.47966478930579,-0.653026925192938,272.9,175.2,-17.7751125688447,1.06958147982114,-0.99132381291066,0.0672674316044019,-0.864617551022774,-0.993426371318177,-1.50342804792694,-1.39580060526709,-0.987764147878274
171,"Pink","N Southeast Alaska Inside-Odd","SEAK",1967,6990350.5,6990350.5,2344105,57.57528,-134.7503,"NC",9.28162998623318,0.148938271734448,305.9,220.8,25.6382346910747,2.9820978582444,0.391573838221634,1.09262703211678,-1.24469805919501,0.248120319886991,-1.34692963905183,-1.12592438404603,-0.380653391432827
171,"Pink","N Southeast Alaska Inside-Odd","SEAK",1969,8495051,8495051,3518827.5,57.57528,-134.7503,"NC",8.67903690867954,-0.453654805819193,324.9,202.8,2.28046936379511,2.41417091346478,-0.0190813837733664,0.881355921107259,-1.02209293004781,-0.684772334864463,-1.25682449454797,-1.23245447137013,-0.707298339858909
171,"Pink","N Southeast Alaska Inside-Odd","SEAK",1971,5139530.5,5139530.5,5571785,57.57528,-134.7503,"NC",8.18890574243334,-0.943785972065396,258.2,158.6,-50.3442287528231,0.922420822052538,-1.09773238031601,-0.0807537365043852,-0.633065845420394,-1.44355928726709,-1.57314097551677,-1.49404501913265,-1.44322455374912
171,"Pink","N Southeast Alaska Inside-Odd","SEAK",1973,1519038,1519038,3514997.5,57.57528,-134.7503,"NC",8.64015632205539,-0.492535392443338,339.2,228.3,8.18300003622602,0.432159055589655,-1.45222965570167,-0.838961574265896,-1.02281869944835,-0.744964552507162,-1.18900851736876,-1.08153684766099,-0.624754834516477
171,"Pink","N Southeast Alaska Inside-Odd","SEAK",1975,4361038,4361038,1468105,57.57528,-134.7503,"NC",8.22952699661255,-0.903164717886184,381.4,279.1,45.5262969845521,2.97052186321823,0.383203496136295,1.08873764890044,-1.4106964912783,-1.38067228928759,-0.98888024904967,-0.780885267879628,-0.102530249465966
171,"Pink","N Southeast Alaska Inside-Odd","SEAK",1977,8459854,8459854,4030935,57.57528,-134.7503,"NC",9.04972698953417,-0.0829647249645595,457,319.9,71.1046092155224,2.0987324280843,-0.247167869949776,0.741333556811992,-0.925050644593367,-0.110895756291045,-0.63035662144486,-0.539417069944993,0.255167773544552
171,"Pink","N Southeast Alaska Inside-Odd","SEAK",1979,7040838,7040838,6439570,57.57528,-134.7503,"NC",8.9160360760159,-0.216655638482831,453.5,297.9,32.6075384498225,1.09337083066105,-0.974122267465284,0.0892654294761662,-0.46862412237771,-0.317866722062063,-0.646954937537675,-0.669620510007786,-0.28319167645519
171,"Pink","N Southeast Alaska Inside-Odd","SEAK",1981,8712904,8712904,4413365,57.57528,-134.7503,"NC",8.19544271628062,-0.937248998218112,597.3,431,148.341946054577,1.97420879532964,-0.337208112841109,0.680167708127802,-0.852581717217101,-1.4334391994108,0.0349987350757077,0.118110302372112,1.33528762040745
171,"Pink","N Southeast Alaska Inside-Odd","SEAK",1983,26286087,26286087,5211760,57.57528,-134.7503,"NC",9.4084742863973,0.27578257189857,524.2,326.3,25.7214716941774,5.04361041183784,1.88220727817912,1.6181221771811,-0.701289116551425,0.444491835471925,-0.311668952462806,-0.501539705563089,-0.379489369695103
171,"Pink","N Southeast Alaska Inside-Odd","SEAK",1985,12069622.5,12069622.5,10695640,57.57528,-134.7503,"NC",8.71148812770843,-0.421203586790299,437.7,270.3,-48.5060334477533,1.12846192467211,-0.94874868529311,0.120855576938518,0.337883807801164,-0.634533616569378,-0.72188447875667,-0.832966643904745,-1.41751844692732
171,"Pink","N Southeast Alaska Inside-Odd","SEAK",1987,20040981.5,20040981.5,6863337.5,57.57528,-134.7503,"NC",9.14283454418182,0.0101428296830905,557.7,364.4,27.286769793309,2.92000524526151,0.346676063951325,1.07158541260101,-0.388321907117605,0.0332468783792488,-0.152799355574431,-0.276051020727071,-0.357599573745097
171,"Pink","N Southeast Alaska Inside-Odd","SEAK",1989,27106517.5,27106517.5,7315862.5,57.57528,-134.7503,"NC",9.43251880009969,0.299827085600958,688.9,486,130.743381846267,3.70517044299288,0.914411388962612,1.30972926119677,-0.30257026273577,0.481715877790983,0.469400379104817,0.443618902529095,1.08918179574267
171,"Pink","N Southeast Alaska Inside-Odd","SEAK",1991,26335067,26335067,9057182.5,57.57528,-134.7503,"NC",9.26661099327935,0.133919278780621,650.2,398.6,25.6305823493315,2.90764451307015,0.337738296041702,1.067343307725,0.0274027849300526,0.224868960503192,0.285870426878545,-0.0736438548112737,-0.380760405042178
171,"Pink","N Southeast Alaska Inside-Odd","SEAK",1993,12676186.5,12676186.5,9325460,57.57528,-134.7503,"NC",9.53948307037354,0.406791355874805,690.5,434.9,44.9103454445051,1.35930951395427,-0.781827976749403,0.30697686049169,0.0782402784953753,0.647310514995289,0.476988180747247,0.141191821292335,-0.111143978399898
171,"Pink","N Southeast Alaska Inside-Odd","SEAK",1995,25410215,25410215,7835727.5,57.57528,-134.7503,"NC",9.06213755077786,-0.0705541637208713,609.6,402,-4.11073275407784,3.24286608997059,0.580129491502555,1.17645753445,-0.204057962627351,-0.0916825893018351,0.0933299602018875,-0.0535215049833877,-0.79667563502914
171,"Pink","N Southeast Alaska Inside-Odd","SEAK",1997,61107592.5,61107592.5,14585400,57.57528,-134.7503,"NC",9.67387425899506,0.541182544496327,699.2,501.1,79.8710331213849,4.18964118227817,1.26472130262322,1.43261509357923,1.07497748494759,0.855365597933368,0.518246852177959,0.532985809117649,0.37776118282362
171,"Pink","N Southeast Alaska Inside-Odd","SEAK",1999,26026036,26026036,24789822.5,57.57528,-134.7503,"NC",9.0999782482783,-0.0327134662204354,601.2,401.8,-33.5617709907838,1.04986778344218,-1.0055783441268,0.0486642357095161,3.00867398644915,-0.0331002556113424,0.0534940015791309,-0.0547051726203221,-1.20853150955872
171,"Pink","N Southeast Alaska Inside-Odd","SEAK",2001,37758050.5,37758050.5,13017995,57.57528,-134.7503,"NC",8.7787516646915,-0.353940049807234,675.5,466.3,17.6774341079921,2.90045053020838,0.332536488562262,1.06486608017032,0.777960621432181,-0.530400890984726,0.405852540349467,0.327027640291049,-0.491980620705671
171,"Pink","N Southeast Alaska Inside-Odd","SEAK",2003,41711053.5,41711053.5,16460747.5,57.57528,-134.7503,"NC",10.2024398644765,1.06974814997779,813,594.5,133.341193044483,2.53397079932123,0.0675432237990856,0.929787558281341,1.43034819797419,1.67365407364859,1.05792924399578,1.08575859556605,1.12551069506041
171,"Pink","N Southeast Alaska Inside-Odd","SEAK",2005,20457741,20457741,16474872.5,57.57528,-134.7503,"NC",9.3670705821779,0.23437886767917,765.7,550,76.9215300470468,1.24175413193638,-0.86682963399248,0.216525002510459,1.43302482794357,0.380393502808384,0.83361485794145,0.82239254634813,0.3365140743738
171,"Pink","N Southeast Alaska Inside-Odd","SEAK",2007,19248129,19248129,11711570,57.57528,-134.7503,"NC",8.34487885899014,-0.787812855508593,878.5,657.6,173.201478578285,1.6435139780576,-0.576326110054895,0.496836619140789,0.530398404954553,-1.20209256586822,1.36855487373275,1.45920573501888,1.68293392155509
171,"Pink","N Southeast Alaska Inside-Odd","SEAK",2009,55424812.5,55424812.5,9018960,57.57528,-134.7503,"NC",9.24420519669851,0.111513482199775,861.4,654.8,159.758485773777,6.14536626174193,2.67886219530446,1.81569834445448,0.0201597768589302,0.190181865956763,1.28746024367929,1.4426343881018,1.49494137904108
171,"Pink","N Southeast Alaska Inside-Odd","SEAK",2011,43509411,43509411,14867477.5,57.57528,-134.7503,"NC",8.45766463544633,-0.675027079052398,798.8,578.3,73.4142570728227,2.92648238411661,0.351359537624978,1.07380115029368,1.128430022306,-1.0274854780411,0.990587504419217,0.989881516974359,0.287466873850571
171,"Pink","N Southeast Alaska Inside-Odd","SEAK",2013,29099878,29099878,13420840,57.57528,-134.7503,"NC",10.1043493350347,0.971657620535962,818.9,552.7,38.850982827287,2.16826055597116,-0.196893641803489,0.773925258999569,0.854298108158881,1.52179714427851,1.08590926255224,0.838372059446746,-0.195880688520218
171,"Pink","N Southeast Alaska Inside-Odd","SEAK",2015,28780103,28780103,13017170,57.57528,-134.7503,"NC",10.7693647676044,1.63667305310567,736.6,512.8,-9.16732517828621,2.21093394339937,-0.166037473508092,0.793415025083173,0.777804287292376,2.55132774369933,0.695611715569757,0.602230365878316,-0.867389179260541
171,"Pink","N Southeast Alaska Inside-Odd","SEAK",2017,5901844,5901844,11635105,57.57528,-134.7503,"NC",9.96973215209113,0.837040437592402,854.2,638.8,109.373894221988,0.507244584384928,-1.39793699573992,-0.678761976755231,0.515908598893768,1.31339219266304,1.25331513628835,1.34794097714704,0.790341770375523
171,"Pink","N Southeast Alaska Inside-Odd","SEAK",2019,17740136,17740136,4123800,57.57528,-134.7503,"NC",9.74848314126333,0.615791426764597,982.8,797.2,260.684735027627,4.30189048935448,1.34588625621438,1.45905457476944,-0.907453105329196,0.970869875761865,1.86318469329865,2.28540574559915,2.90633707637944
200,"Pink","Auke Creek-Odd","SEAK",1979,21563,21563,12047,58.376,-134.65,"NC",8.97213097413381,-0.217173686310577,453.5,297.9,32.6075384498225,1.78990620071387,0.0614833053255879,0.582163216643813,0.0479586934494031,-0.52268184693009,-1.7222842685943,-1.49596862246301,-0.379064956610551
200,"Pink","Auke Creek-Odd","SEAK",1981,24118,24118,21563,58.376,-134.65,"NC",8.24803535143534,-0.941269309009048,597.3,431,148.341946054577,1.11849000602885,-0.223979062174823,0.111979566752872,1.10760962958846,-1.6516539510354,-0.612964134066531,-0.321513435158059,1.3817400300838
200,"Pink","Auke Creek-Odd","SEAK",1983,6922,6922,24118,58.376,-134.65,"NC",9.49413526058198,0.304830600137585,524.2,326.3,25.7214716941774,0.287005556016253,-0.577496778189584,-1.24825370446825,1.39212078362748,0.29119999291191,-1.17688139299546,-1.24537112194114,-0.483830867915497
200,"Pink","Auke Creek-Odd","SEAK",1985,4299,4299,6922,58.376,-134.65,"NC",8.75791219870249,-0.431392461741898,437.7,270.3,-48.5060334477533,0.621063276509679,-0.435467276177676,-0.476322307699008,-0.522733934515358,-0.856680581429097,-1.84417062551738,-1.73950703846313,-1.61314205469884
200,"Pink","Auke Creek-Odd","SEAK",1987,5566,5566,4299,58.376,-134.65,"NC",9.22908022668627,0.0397755662418758,557.7,364.4,27.286769793309,1.29471970225634,-0.149052441835291,0.258294225589554,-0.814817205374201,-0.122059982622498,-0.918451459012981,-0.909182221593141,-0.460016129017564
200,"Pink","Auke Creek-Odd","SEAK",1989,1637,1637,5566,58.376,-134.65,"NC",9.49408034483592,0.304775684391526,688.9,486,130.743381846267,0.294107078692059,-0.574477462462705,-1.2238113647147,-0.6737308522754,0.291114371146727,0.0936681630318264,0.163798625711754,1.11399217308972
200,"Pink","Auke Creek-Odd","SEAK",1991,1548,1548,1637,58.376,-134.65,"NC",9.28803937964969,0.0987347192053044,650.2,398.6,25.6305823493315,0.945632254123396,-0.297472051307855,-0.0559015232214625,-1.11124330793853,-0.0301339484209251,-0.204876268165841,-0.607406358288639,-0.485213675456954
200,"Pink","Auke Creek-Odd","SEAK",1993,2666,2666,1548,58.376,-134.65,"NC",9.5785532395045,0.389248579060106,690.5,434.9,44.9103454445051,1.72222222222222,0.0327064767429279,0.543615446588982,-1.12115387259977,0.422820099843786,0.106011085251885,-0.287100398114563,-0.191887743239775
200,"Pink","Auke Creek-Odd","SEAK",1995,28127,28127,2666,58.376,-134.65,"NC",9.09847349590726,-0.0908311645371346,609.6,402,-4.11073275407784,10.5502625656414,3.78607631913078,2.3561507473509,-0.996659363709118,-0.325695180841748,-0.518077919499829,-0.577405249071232,-0.937703622299521
200,"Pink","Auke Creek-Odd","SEAK",1997,7857,7857,28127,58.376,-134.65,"NC",9.70739886495802,0.518094204513634,699.2,501.1,79.8710331213849,0.279340135812564,-0.580755843157859,-1.27532511491374,1.83854161201981,0.623709474552252,0.173125724823454,0.297038846059648,0.340010716982568
200,"Pink","Auke Creek-Odd","SEAK",1999,10576,10576,7857,58.376,-134.65,"NC",9.16149653328789,-0.0278081271564979,601.2,401.8,-33.5617709907838,1.34606083746977,-0.127224010939219,0.297182428915646,-0.418617328242762,-0.227432950152427,-0.582878261155137,-0.579170020201668,-1.38577724244209
200,"Pink","Auke Creek-Odd","SEAK",2001,10004,10004,10576,58.376,-134.65,"NC",8.81068015098572,-0.378624509458674,675.5,466.3,17.6774341079921,0.945915279878971,-0.297351718788489,-0.0556022700939578,-0.115844010108873,-0.774407544207151,-0.00970381056116451,-0.0100313306361607,-0.606214364647803
200,"Pink","Auke Creek-Odd","SEAK",2003,2930,2930,10004,58.376,-134.65,"NC",10.2469938993454,1.05768923890101,813,594.5,133.341193044483,0.292882846861255,-0.574997962444024,-1.2279825899864,-0.179538875122696,1.46501789051373,1.05101606772512,1.12118696397311,1.15351575995536
200,"Pink","Auke Creek-Odd","SEAK",2005,8698,8698,2930,58.376,-134.65,"NC",9.4203485780292,0.231043917584813,765.7,550,76.9215300470468,2.96860068259386,0.562622419962192,1.08809069114647,-0.967261733702739,0.176155648428637,0.686128429594641,0.728525387451172,0.295136423943445
200,"Pink","Auke Creek-Odd","SEAK",2007,26995,26995,8698,58.376,-134.65,"NC",8.44427253140344,-0.745032129040954,878.5,657.6,173.201478578285,3.10358703150149,0.620013830899916,1.1325585494948,-0.324968059926984,-1.34569118171684,1.55630444610877,1.67797225562557,1.75995762103675
200,"Pink","Auke Creek-Odd","SEAK",2009,9211,9211,26995,58.376,-134.65,"NC",9.34493758943346,0.155632928989069,861.4,654.8,159.758485773777,0.341211335432487,-0.554450402116361,-1.07525324166415,1.71248813790155,0.0585787707362673,1.4243894648819,1.65326545979947,1.55543340687987
200,"Pink","Auke Creek-Odd","SEAK",2011,25235,25235,9211,58.376,-134.65,"NC",8.55506506231096,-0.63423959813343,798.8,578.3,73.4142570728227,2.73965910324612,0.465284575303042,1.00783349778613,-0.26784311980095,-1.17294924982712,0.941472633022104,0.978240502407821,0.241776115021293
200,"Pink","Auke Creek-Odd","SEAK",2013,10711,10711,25235,58.376,-134.65,"NC",10.1612269481023,0.97192228765793,818.9,552.7,38.850982827287,0.424450168416881,-0.519060200748276,-0.856960669009733,1.51650393785902,1.33129453634298,1.09653059341159,0.752349797712054,-0.284076022709992
200,"Pink","Auke Creek-Odd","SEAK",2015,2094,2094,10711,58.376,-134.65,"NC",10.827104224099,1.63779956365466,736.6,512.8,-9.16732517828621,0.195499953319018,-0.616401717022284,-1.63219513833415,-0.100811131128338,2.369495632707,0.461641531717325,0.400277957190135,-1.01463556795421
177,"Pink","Prince William Sound-Odd","GOA",1961,9.182247,9.182247,6.304415,60.5,-147,"GoA",10.6543053205197,0.228603686371896,318.2,224.2,26.8582160885894,1.45647883269106,-0.746934595890164,0.376021764315564,0.0735554841170769,0.410933380721254,-1.28526428825253,-1.11871801344038,-0.309607635529271
177,"Pink","Prince William Sound-Odd","GOA",1963,5.25851,5.25851,3.886869,60.5,-147,"GoA",9.63930458288927,-0.786397051258506,344.5,205.1,11.278580937552,1.35289097728789,-0.812455508672278,0.302243767440839,-0.569196348737657,-0.90638580075285,-1.15433453365787,-1.24185413562003,-0.565725861191767
177,"Pink","Prince William Sound-Odd","GOA",1965,5.041076,5.041076,2.798039,60.5,-147,"GoA",9.42910169638121,-0.996599937766567,272.9,175.2,-17.7751125688447,1.80164608141631,-0.528610998872466,0.588700736686913,-0.858683075429608,-1.17919771520007,-1.51078207848591,-1.434616965629,-1.04334811342434
177,"Pink","Prince William Sound-Odd","GOA",1967,5.98847,5.98847,2.414736,60.5,-147,"GoA",11.1616090811216,0.735907446973817,305.9,220.8,25.6382346910747,2.47996882474937,-0.0995614241798521,0.908245989432304,-0.960591666119804,1.06933780339686,-1.34649759553444,-1.14063753257184,-0.329663270198733
177,"Pink","Prince William Sound-Odd","GOA",1969,10.500614,10.500614,1.159891,60.5,-147,"GoA",9.56631567844978,-0.859385955697994,324.9,202.8,2.28046936379511,9.05310412788788,4.05804781703621,2.20310769645829,-1.29421672380168,-1.00111448447518,-1.25190955989572,-1.25668204562072,-0.71364847608242
177,"Pink","Prince William Sound-Odd","GOA",1971,10.823034,10.823034,3.18965,60.5,-147,"GoA",8.98176648983589,-1.44393514431189,258.2,158.6,-50.3442287528231,3.39317291865879,0.478054219627339,1.22176544785711,-0.754565640635782,-1.75977192198002,-1.5839633481643,-1.54163579432963,-1.57876143777814
177,"Pink","Prince William Sound-Odd","GOA",1973,5.685204,5.685204,3.51207,60.5,-147,"GoA",10.1868050556916,-0.238896578456124,339.2,228.3,8.18300003622602,1.61876158504813,-0.644288257457484,0.481661403226593,-0.668843984895199,-0.19581205637066,-1.18071961728341,-1.0922856521348,-0.616615030299782
177,"Pink","Prince William Sound-Odd","GOA",1975,8.649844,8.649844,3.628326,60.5,-147,"GoA",9.8056930578672,-0.620008576280573,381.4,279.1,45.5262969845521,2.38397652250652,-0.16027803269085,0.868769901212717,-0.637935056138369,-0.690438440777168,-0.970634611812135,-0.764782248641297,-0.00271753770310191
177,"Pink","Prince William Sound-Odd","GOA",1977,22.753414,22.753414,4.35111,60.5,-147,"GoA",9.86609111382411,-0.55961052032366,457,319.9,71.1046092155224,5.22933550289466,1.63945531309778,1.65428421510882,-0.445768809556887,-0.612050795639554,-0.594273796323308,-0.501748019063836,0.417771894849575
177,"Pink","Prince William Sound-Odd","GOA",1979,23.613324,23.613324,8.319888,60.5,-147,"GoA",9.98023241299849,-0.445469221149278,453.5,297.9,32.6075384498225,2.83817811008994,0.127011461716815,1.04316233578548,0.609408355094188,-0.463912457186899,-0.611697908151494,-0.643580201679133,-0.215092826443856
177,"Pink","Prince William Sound-Odd","GOA",1981,15.307092,15.307092,6.210777,60.5,-147,"GoA",9.31918632984161,-1.10651530430616,597.3,431,148.341946054577,2.46460177204881,-0.109281321515238,0.9020302415222,0.0486599925215287,-1.32185142500859,0.104184172103708,0.214504503143418,1.68749929695744
177,"Pink","Prince William Sound-Odd","GOA",1983,24.321751,24.321751,5.74285,60.5,-147,"GoA",11.3919862783872,0.966284644239442,524.2,326.3,25.7214716941774,4.23513603872642,1.01060885106553,1.44341545007368,-0.0757475417682914,1.36833295648488,-0.259730849222128,-0.460487747757567,-0.328294912510159
177,"Pink","Prince William Sound-Odd","GOA",1985,15.628835,15.628835,6.731643,60.5,-147,"GoA",9.6645643894489,-0.761137244698872,437.7,270.3,-48.5060334477533,2.32169694679293,-0.199670822825903,0.842298360887623,0.18714239416837,-0.873602349009736,-0.690355327261593,-0.821515121687416,-1.54854280201476
177,"Pink","Prince William Sound-Odd","GOA",1987,7.046989,7.046989,3.934108,60.5,-147,"GoA",10.2540157024677,-0.171685931680078,557.7,364.4,27.286769793309,1.7912545868085,-0.535183779139267,0.582916260831633,-0.556636937734837,-0.108582687056048,-0.0929572074380582,-0.214860195137438,-0.302562514549878
177,"Pink","Prince William Sound-Odd","GOA",1989,10.766782,10.766782,3.536915,60.5,-147,"GoA",10.7959599953431,0.370258361195368,688.9,486,130.743381846267,3.04411669491633,0.257270786059087,1.11321077530811,-0.662238456277636,0.594779966612491,0.560198070235672,0.569084959681663,1.39819129997654
177,"Pink","Prince William Sound-Odd","GOA",1991,3.532463,3.532463,4.947798,60.5,-147,"GoA",9.93066411751967,-0.495037516628099,650.2,398.6,25.6305823493315,0.71394648690185,-1.21659773233603,-0.336947267768055,-0.287127647964749,-0.52824469262908,0.367537176592583,0.0056243796554344,-0.329789069305736
177,"Pink","Prince William Sound-Odd","GOA",1993,6.156249,6.156249,3.055161,60.5,-147,"GoA",10.81899866691,0.393297032762251,690.5,434.9,44.9103454445051,2.01503259566353,-0.393640744546262,0.700635371775766,-0.790322168639303,0.624680717267698,0.568163378499986,0.239647480970675,-0.0128433470690802
177,"Pink","Prince William Sound-Odd","GOA",1995,5.244801,5.244801,3.412225,60.5,-147,"GoA",10.5721569244678,0.146455290320044,609.6,402,-4.11073275407784,1.53706188777118,-0.695964573361258,0.429872729049136,-0.695389728699611,0.30431704653112,0.16541747938562,0.0275438987868894,-0.818715336147562
177,"Pink","Prince William Sound-Odd","GOA",1997,14.003294,14.003294,4.078807,60.5,-147,"GoA",10.4175568727347,-0.0081447614131172,699.2,501.1,79.8710331213849,3.43318377162734,0.503361699905672,1.2334880439567,-0.518165881770546,0.103669297170428,0.611474742187193,0.66643341229489,0.561885727709472
177,"Pink","Prince William Sound-Odd","GOA",1999,12.589343,12.589343,7.060958,60.5,-147,"GoA",10.28505222614,-0.140649408007821,601.2,401.8,-33.5617709907838,1.7829511236294,-0.540435847392148,0.578269926070839,0.274697220358464,-0.0683019203098206,0.123599610997973,0.0262545153085685,-1.30286965580768
177,"Pink","Prince William Sound-Odd","GOA",2001,12.659282,12.659282,5.735052,60.5,-147,"GoA",10.2667506199617,-0.158951014186106,675.5,466.3,17.6774341079921,2.20735260988043,-0.271995375707255,0.79179388337582,-0.0778207924086521,-0.0920546684375946,0.493488613522045,0.442080687067055,-0.460533223212769
177,"Pink","Prince William Sound-Odd","GOA",2003,25.874686,25.874686,8.161502,60.5,-147,"GoA",11.6424522216504,1.21675058750258,813,594.5,133.341193044483,3.17033384296175,0.337105074707154,1.15383689558128,0.567298342793065,1.69340029794988,1.17800729248651,1.26857549667074,1.44089748585594
177,"Pink","Prince William Sound-Odd","GOA",2005,14.344498,14.344498,13.578314,60.5,-147,"GoA",10.2974403729806,-0.128261261167217,765.7,550,76.9215300470468,1.05642703505015,-0.999973514782151,0.0548924927928127,2.00746363488245,-0.0522239581458287,0.942532866922735,0.981687672744347,0.513397975161861
177,"Pink","Prince William Sound-Odd","GOA",2007,6.240186,6.240186,4.326643,60.5,-147,"GoA",9.86016920896677,-0.565532425181004,878.5,657.6,173.201478578285,1.44226967651364,-0.755922105854384,0.366218036990305,-0.452273839489909,-0.619736542624976,1.50408709955686,1.67537598408099,2.09617249752
177,"Pink","Prince William Sound-Odd","GOA",2009,16.975482,16.975482,5.245478,60.5,-147,"GoA",10.4494855862397,0.0237839520919683,861.4,654.8,159.758485773777,3.23621260064383,0.37877440282947,1.17440369563022,-0.207983604540468,0.145107992907964,1.418957867482,1.65732461538449,1.87517916671949
177,"Pink","Prince William Sound-Odd","GOA",2011,30.710798,30.710798,11.259802,60.5,-147,"GoA",9.67347564147069,-0.752225992677086,798.8,578.3,73.4142570728227,2.72747229480589,0.0569883297630961,1.0033752809488,1.39104192563857,-0.86203687641052,1.10731518164073,1.16413543492675,0.455740878422181
177,"Pink","Prince William Sound-Odd","GOA",2013,43.162613,43.162613,13.429584,60.5,-147,"GoA",11.9072793538754,1.48157771972761,818.9,552.7,38.850982827287,3.21399478941418,0.36472129528977,1.16751464609875,1.96792085881925,2.03710631521767,1.20737936671117,0.999094349701679,-0.112454999532215
177,"Pink","Prince William Sound-Odd","GOA",2015,27.098249,27.098249,17.627357,60.5,-147,"GoA",12.0632483775799,1.63754674343213,736.6,512.8,-9.16732517828621,1.53728372324904,-0.695824259007414,0.430017042998389,3.08398081782649,2.23953078549088,0.797663822865528,0.741862345776661,-0.901842153112876
177,"Pink","Prince William Sound-Odd","GOA",2017,21.107973,21.107973,7.164925,60.5,-147,"GoA",10.9110289261891,0.485327292041362,854.2,638.8,109.373894221988,2.94601450817699,0.195219643132475,1.08045324273197,0.302338878389545,0.744122232263476,1.38311398029259,1.55417393711882,1.04689197874164
185,"Pink","Kodiak-Odd","GOA",1979,14854242,14854242,5360250,58.03333,-154.6644,"GoA",8.35209027131399,-0.71977875853238,453.5,297.9,32.6075384498225,2.77118455295928,-0.252886516554427,1.01927486523624,-0.599509577718339,-1.0457698397401,-1.70666245697936,-1.44688691410595,-0.481180641572693
185,"Pink","Kodiak-Odd","GOA",1981,8042049,8042049,5580750,58.03333,-154.6644,"GoA",7.73625240723292,-1.33561662261345,597.3,431,148.341946054577,1.44103373202527,-0.997878611587477,0.365360725504865,-0.556372878265072,-1.74633452923138,-0.710166142745467,-0.451123479423933,1.02154727206488
185,"Pink","Kodiak-Odd","GOA",1983,9333555,9333555,3657500,58.03333,-154.6644,"GoA",10.0800932725271,1.00822424268069,524.2,326.3,25.7214716941774,2.55189473684211,-0.375706558430454,0.936836117312925,-0.932620756829679,0.919971399297249,-1.21672998537758,-1.23441748101076,-0.570591258026693
185,"Pink","Kodiak-Odd","GOA",1985,8318944,8318944,5607000,58.03333,-154.6644,"GoA",8.1501200457414,-0.921748984104967,437.7,270.3,-48.5060334477533,1.48367112537899,-0.97399822110737,0.394519506559243,-0.551237556901588,-1.27552708043181,-1.81615231626236,-1.65337129274775,-1.53438194262059
185,"Pink","Kodiak-Odd","GOA",1987,25808525.25,25808525.25,4357500,58.03333,-154.6644,"GoA",9.24252353111903,0.170654501272661,557.7,364.4,27.286769793309,5.922782616179,1.51226342499241,1.77880637498008,-0.795678853803435,-0.0328309859415453,-0.984583764745899,-0.949379262668277,-0.550266989769651
185,"Pink","Kodiak-Odd","GOA",1989,22801308,22801308,25625290.25,58.03333,-154.6644,"GoA",9.35392315785091,0.282054128004539,688.9,486,130.743381846267,0.889797062884,-1.30661575217295,-0.11676186148775,3.36496638905087,0.0938949746768634,-0.0754021484212349,-0.0396509857536791,0.793042592919798
185,"Pink","Kodiak-Odd","GOA",1991,29269282.75,29269282.75,7556472,58.03333,-154.6644,"GoA",8.84115619659424,-0.230712833252129,650.2,398.6,25.6305823493315,3.87340583674498,0.36444659370214,1.35413418118932,-0.169859834649618,-0.489418341938037,-0.343583006285293,-0.693518184786046,-0.57177139069751
185,"Pink","Kodiak-Odd","GOA",1993,56638964.25,56638964.25,7510574.75,58.03333,-154.6644,"GoA",9.29696458180746,0.225095551961094,690.5,434.9,44.9103454445051,7.54122901845827,2.41872437435009,2.02038516853237,-0.178838772876291,0.0291000514233484,-0.0643145677343486,-0.421946338963679,-0.321437555055647
185,"Pink","Kodiak-Odd","GOA",1995,15503762,15503762,18371029.25,58.03333,-154.6644,"GoA",9.37843009630839,0.306561066462024,609.6,402,-4.11073275407784,0.843924517729457,-1.3323080894488,-0.169692222355473,1.9458059513522,0.121773571840532,-0.62493036621503,-0.668081703359158,-0.957940943202725
185,"Pink","Kodiak-Odd","GOA",1997,14980426.75,14980426.75,5692652,58.03333,-154.6644,"GoA",9.38844647407532,0.316577444228953,699.2,501.1,79.8710331213849,2.6315374187637,-0.331100211898146,0.967568245267391,-0.534481345647297,0.133168000454606,-0.00402584774940481,0.0733169170539726,0.132501790548729
185,"Pink","Kodiak-Odd","GOA",1999,12380010.5,12380010.5,7143151.75,58.03333,-154.6644,"GoA",9.02145148515701,-0.0504175446893525,601.2,401.8,-33.5617709907838,1.73312998705368,-0.834281072451181,0.549929014875974,-0.250718208355737,-0.284318070883422,-0.683140164821182,-0.669577966972504,-1.34034145969431
185,"Pink","Kodiak-Odd","GOA",2001,17453625.5,17453625.5,5939608.5,58.03333,-154.6644,"GoA",9.57272355556487,0.500854525718508,675.5,466.3,17.6774341079921,2.93851446606287,-0.159168224942046,1.0779041699997,-0.486168926969153,0.342797878550401,-0.168260636673906,-0.187032951668297,-0.675037291572674
185,"Pink","Kodiak-Odd","GOA",2003,23386264,23386264,8920327.5,58.03333,-154.6644,"GoA",10.128683368365,1.05681433851861,813,594.5,133.341193044483,2.62168221962703,-0.336619920893732,0.96381618029511,0.0969529762401109,0.975246508848751,0.784578328605373,0.772072024486731,0.826773299999165
185,"Pink","Kodiak-Odd","GOA",2005,21340782.5,21340782.5,6850564,58.03333,-154.6644,"GoA",9.06161684989929,-0.0102521799470726,765.7,550,76.9215300470468,3.11518620948582,-0.06021775241339,1.13628892877887,-0.307957527337404,-0.238626764907999,0.456801724549301,0.439153370517162,0.0942046177986464
185,"Pink","Kodiak-Odd","GOA",2007,27701238.5,27701238.5,4416436.5,58.03333,-154.6644,"GoA",8.51676347255706,-0.555105557289301,878.5,657.6,173.201478578285,6.2723053982549,1.70802446620852,1.83614397418648,-0.78414903027814,-0.858440939026051,1.23847616297477,1.24414319449751,1.34433039435757
185,"Pink","Kodiak-Odd","GOA",2009,19336513,19336513,8991489.5,58.03333,-154.6644,"GoA",8.65266962051392,-0.419199409332449,861.4,654.8,159.758485773777,2.15053501424875,-0.600500480962296,0.765716655019708,0.110874490101759,-0.703836855879234,1.11997764438368,1.22319550391066,1.16978281643111
185,"Pink","Kodiak-Odd","GOA",2011,25316830.25,25316830.25,4865364,58.03333,-154.6644,"GoA",8.09587216377258,-0.975996866073784,798.8,578.3,73.4142570728227,5.20348122977027,1.10939644300271,1.64932786885765,-0.696324764319834,-1.33723837297104,0.686176050009258,0.650874671805674,0.048665204687272
185,"Pink","Kodiak-Odd","GOA",2013,39215048.25,39215048.25,8883684.25,58.03333,-154.6644,"GoA",10.6171972354253,1.54532820557895,818.9,552.7,38.850982827287,4.41427758421288,0.667378539424923,1.48484419308262,0.0897844099714446,1.53096999639361,0.825463782388265,0.459352929297338,-0.400114013787283
185,"Pink","Kodiak-Odd","GOA",2015,35831854,35831854,11145979.25,58.03333,-154.6644,"GoA",11.206414826711,2.13454579686465,736.6,512.8,-9.16732517828621,3.21477845923677,-0.00443803358502674,1.16775844683527,0.532360099266813,2.20125200235278,0.255146350806559,0.160848338434735,-1.02359715332216
185,"Pink","Kodiak-Odd","GOA",2017,37897940,37897940,10655953,58.03333,-154.6644,"GoA",9.66265172958374,0.590782699737373,854.2,638.8,109.373894221988,3.55650404989587,0.186955949491841,1.26877805392152,0.436495631827078,0.445098349149186,1.07008353129269,1.10349441484295,0.515575189597499
185,"Pink","Kodiak-Odd","GOA",2019,24527456,24527456,9787904,58.03333,-154.6644,"GoA",10.3430178244909,1.2711487946445,982.8,797.2,260.684735027627,2.50589462258723,-0.401470344725334,0.918645805544747,0.266678086141323,1.21906904796328,1.96124782900117,2.28853519661328,2.48023746091726
187,"Pink","Chignik-Odd","GOA",1981,522658,522658,990100,56.38528,-158.2261,"GoA",6.94518926077418,-1.39227776862738,597.3,431,148.341946054577,0.527884052115948,-1.08172526586279,-0.638878617656355,-0.865201617145695,-1.71266456682989,-0.842439059747721,-0.540797027604914,0.978194712144263
187,"Pink","Chignik-Odd","GOA",1983,872408,872408,201480,56.38528,-158.2261,"GoA",9.12061142259174,0.783144393190176,524.2,326.3,25.7214716941774,4.32999801469128,1.42161651992793,1.46556708351344,-1.63193417059377,0.509725495401574,-1.37889356793674,-1.35002167802988,-0.583148498436537
187,"Pink","Chignik-Odd","GOA",1985,822559,822559,712280,56.38528,-158.2261,"GoA",7.33554712765747,-1.0019199017441,437.7,270.3,-48.5060334477533,1.15482534958163,-0.668942176604565,0.143949120056555,-1.13531097019145,-1.31387877743145,-2.01368583822881,-1.78284479573568,-1.52829743703119
187,"Pink","Chignik-Odd","GOA",1987,2278514,2278514,575784,56.38528,-158.2261,"GoA",8.51064019070731,0.173173161305747,557.7,364.4,27.286769793309,3.95723743626082,1.17618801850331,1.37554616471249,-1.26801864513686,-0.113415165652667,-1.13304916267912,-1.05554737830503,-0.563217344423619
187,"Pink","Chignik-Odd","GOA",1989,2390248,2390248,2250802,56.38528,-158.2261,"GoA",8.52701054347886,0.189543514077299,688.9,486,130.743381846267,1.06195391687052,-0.730089459537265,0.060110529100965,0.360510720351566,-0.0966913729317529,-0.170219730744792,-0.115702894143856,0.754109795771692
187,"Pink","Chignik-Odd","GOA",1991,2709177,2709177,1221000,56.38528,-158.2261,"GoA",8.27296479211913,-0.0645022372824362,650.2,398.6,25.6305823493315,2.21881818181818,0.0315990862132027,0.796974703602984,-0.64071004123948,-0.356222034650437,-0.454225058609566,-0.791216117134702,-0.584305804850734
187,"Pink","Chignik-Odd","GOA",1993,6075498,6075498,1060800,56.38528,-158.2261,"GoA",8.46112966537476,0.123662635973195,690.5,434.9,44.9103454445051,5.72727941176471,2.34159759946209,1.745240620726,-0.796463832751718,-0.163994635424636,-0.158477908404129,-0.510653989050403,-0.338813953940253
187,"Pink","Chignik-Odd","GOA",1995,4114331,4114331,4017500,56.38528,-158.2261,"GoA",8.63387458191978,0.296407552518212,609.6,402,-4.11073275407784,1.02410230242688,-0.755011260679757,0.0238164263409249,2.07817558899755,0.0124798864262842,-0.752173800503877,-0.764937570702564,-0.96300602316802
187,"Pink","Chignik-Odd","GOA",1997,3375473,3375473,3269900,56.38528,-158.2261,"GoA",8.81906982594066,0.4816027965391,699.2,501.1,79.8710331213849,1.0322863084498,-0.749622846641148,0.03177605925101,1.35132456194045,0.201673541390561,-0.0946317494267767,0.00100476795181701,0.106345246643957
187,"Pink","Chignik-Odd","GOA",1999,4066929,4066929,1676822,56.38528,-158.2261,"GoA",8.40573191642761,0.0682648870260482,601.2,401.8,-33.5617709907838,2.42537908018859,0.167600408974942,0.885987833899734,-0.197538975355015,-0.220588435419425,-0.813818367792355,-0.766483367551513,-1.33801010658304
187,"Pink","Chignik-Odd","GOA",2001,3922248,3922248,2785162,56.38528,-158.2261,"GoA",9.2769583662351,0.93949133683353,675.5,466.3,17.6774341079921,1.40826565923275,-0.502075080142349,0.342358918370664,0.88004003391261,0.669448008076056,-0.26855749284784,-0.267963883765362,-0.685574325251828
187,"Pink","Chignik-Odd","GOA",2003,3022145,3022145,3419610,56.38528,-158.2261,"GoA",9.3798973162969,1.04243028689533,813,594.5,133.341193044483,0.883768909320069,-0.847407872239536,-0.1235596653156,1.49687949407089,0.774609435429884,0.740505364552843,0.722891896411142,0.787188079784723
187,"Pink","Chignik-Odd","GOA",2005,4412948,4412948,2828100,56.38528,-158.2261,"GoA",8.41355862551265,0.0760915961110893,765.7,550,76.9215300470468,1.56039319684594,-0.401913110925992,0.444937838762585,0.921786327919804,-0.212592745757038,0.393387741607009,0.378952097519922,0.0687888220441814
187,"Pink","Chignik-Odd","GOA",2007,3138519,3138519,2393200,56.38528,-158.2261,"GoA",7.7070022109482,-0.630464818453364,878.5,657.6,173.201478578285,1.31143197392612,-0.565831141398332,0.271119650070764,0.498956590537331,-0.934403887380236,1.22118621662371,1.21059080225465,1.29473452759159
187,"Pink","Chignik-Odd","GOA",2009,2331766,2331766,1730180,56.38528,-158.2261,"GoA",7.64645018511348,-0.691016844288081,861.4,654.8,159.758485773777,1.34770139523055,-0.541951068683119,0.298400471060345,-0.145661879178299,-0.996263246370412,1.09569549035788,1.18894964636936,1.12356306821919
187,"Pink","Chignik-Odd","GOA",2011,1943481,1943481,1426600,56.38528,-158.2261,"GoA",7.23162459333738,-1.10584243606419,798.8,578.3,73.4142570728227,1.36231669704192,-0.532328238832025,0.309186704223553,-0.440816286339879,-1.42004502487002,0.636296691279463,0.597682351646248,0.0241302372970432
187,"Pink","Chignik-Odd","GOA",2013,3853031,3853031,1071610,56.38528,-158.2261,"GoA",10.0362070997556,1.69874007035404,818.9,552.7,38.850982827287,3.59555341962094,0.938052412622115,1.27969792080533,-0.785953854685255,1.44508910880293,0.783803334434036,0.399820354980738,-0.415968643906907
187,"Pink","Chignik-Odd","GOA",2015,9544624,9544624,1874820,56.38528,-158.2261,"GoA",10.7990692986382,2.46160226923667,736.6,512.8,-9.16732517828621,5.09095486500037,1.92263650494494,1.62746540923572,-0.00503623370807361,2.22442169049931,0.179833347786209,0.0914338836153508,-1.02739230361094
187,"Pink","Chignik-Odd","GOA",2017,4080388,4080388,2466700,56.38528,-158.2261,"GoA",9.0442690120803,0.706801982678732,854.2,638.8,109.373894221988,1.65418899744598,-0.340157216893101,0.503310856969533,0.570416663422159,0.431734833439357,1.0428572898249,1.06528589845341,0.482009197647332
187,"Pink","Chignik-Odd","GOA",2019,2835454,2835454,1627550,56.38528,-158.2261,"GoA",9.8663628631168,1.52889583371523,982.8,797.2,260.684735027627,1.74216091671531,-0.282235812208548,0.55512624885709,-0.245443474826869,1.27157789325201,1.98660626045565,2.28955700282126,2.40867075405909
189,"Pink","S AKPen-Odd","GOA",1963,4359200,4359200,1976850,55,-161,"GoA",7.36734789907932,-0.632793999376568,344.5,205.1,11.278580937552,2.20512431393378,-0.371409016525764,0.790783885510881,-0.812745531230755,-0.662375567326665,-1.22409931079774,-1.26296330412605,-0.585052446782819
189,"Pink","S AKPen-Odd","GOA",1965,725550,725550,1553100,55,-161,"GoA",7.35438950955868,-0.645752388897212,272.9,175.2,-17.7751125688447,0.467162449294958,-1.20035351665622,-0.761078224638863,-0.953104282904798,-0.676338434972306,-1.56809094811052,-1.44076488241669,-0.98522976378269
189,"Pink","S AKPen-Odd","GOA",1967,4840450,4840450,668250,55,-161,"GoA",8.14584772586823,0.145705827412337,305.9,220.8,25.6382346910747,7.24347175458287,2.03169917914249,1.98010061557633,-1.24619323020575,0.176470187872378,-1.40954731638815,-1.16960260917076,-0.387266657142453
189,"Pink","S AKPen-Odd","GOA",1969,2479841,2479841,3712350,55,-161,"GoA",7.27774314582348,-0.722398752632409,324.9,202.8,2.28046936379511,0.667997629533853,-1.10456245157072,-0.403470654053804,-0.237895705790514,-0.758926092230894,-1.31826461933587,-1.27664034860994,-0.708989878244286
189,"Pink","S AKPen-Odd","GOA",1971,204821,204821,1054050,55,-161,"GoA",6.46107232570648,-1.53906957274941,258.2,158.6,-50.3442287528231,0.194318106351691,-1.33049032925052,-1.63825873933523,-1.11840466054003,-1.63890169052454,-1.63871492951412,-1.53947746434393,-1.43382751362444
189,"Pink","S AKPen-Odd","GOA",1973,883545,883545,166200,55,-161,"GoA",7.85303649306297,-0.147105405392914,339.2,228.3,8.18300003622602,5.31615523465704,1.11243940612376,1.6707503418274,-1.41248729811832,-0.139038501097293,-1.24956237892285,-1.1250035510711,-0.627690098321888
189,"Pink","S AKPen-Odd","GOA",1975,5459950,5459950,828150,55,-161,"GoA",6.9099755525589,-1.09016634589699,381.4,279.1,45.5262969845521,6.59294813741472,1.72142311058872,1.8860006137897,-1.19322953842361,-1.15520143346281,-1.04681870441727,-0.822919264209419,-0.113334139503075
189,"Pink","S AKPen-Odd","GOA",1977,10354351,10354351,4016700,55,-161,"GoA",7.43581598699093,-0.56432591146496,457,319.9,71.1046092155224,2.57782532925038,-0.193644208720884,0.946946147857864,-0.137085827154538,-0.588600130345327,-0.683609657198742,-0.580300388147278,0.238974263548024
189,"Pink","S AKPen-Odd","GOA",1979,8041978,8041978,3944250,55,-161,"GoA",7.36689933240413,-0.633242566051755,453.5,297.9,32.6075384498225,2.03891183368194,-0.450686314929799,0.712416250678013,-0.161083447352259,-0.662858904944037,-0.700424890866267,-0.711124291906276,-0.291273447916963
189,"Pink","S AKPen-Odd","GOA",1981,4048547,4048547,3460200,55,-161,"GoA",6.72401159405708,-1.27613030439881,597.3,431,148.341946054577,1.17003265707185,-0.865110031228374,0.15703166044735,-0.321415373600803,-1.35558051106993,-0.00955900475483894,0.0803603258356602,1.30281938952703
189,"Pink","S AKPen-Odd","GOA",1983,6745101,6745101,1276800,55,-161,"GoA",8.61710346341133,0.616961564955441,524.2,326.3,25.7214716941774,5.28281719924812,1.09653837764917,1.66445951588906,-1.04462315744766,0.68425562525876,-0.360757170782275,-0.542242525235569,-0.386120174318526
189,"Pink","S AKPen-Odd","GOA",1985,3502324,3502324,2420700,55,-161,"GoA",7.08068013936281,-0.919461759093077,437.7,270.3,-48.5060334477533,1.4468228198455,-0.73309120631065,0.369369993604471,-0.665729054698545,-0.971264567832271,-0.776333659993948,-0.875248825713018,-1.40850873392634
189,"Pink","S AKPen-Odd","GOA",1987,9899773,9899773,2310750,55,-161,"GoA",7.97715666294098,-0.0229852355149092,557.7,364.4,27.286769793309,4.28422503516174,0.620246291421602,1.45493968042198,-0.702147803362996,-0.00529707424790687,-0.199811362821685,-0.315679310089306,-0.364560203174837
189,"Pink","S AKPen-Odd","GOA",1989,14416812,14416812,2806350,55,-161,"GoA",8.08881444633007,0.0886725478741842,688.9,486,130.743381846267,5.13721096798332,1.02708950938142,1.63651031896642,-0.537990169546699,0.115015935990274,0.430519682086655,0.407420085233154,1.06042176781395
189,"Pink","S AKPen-Odd","GOA",1991,14332056,14332056,4420200,55,-161,"GoA",8.01411734521389,0.0139754467579985,650.2,398.6,25.6305823493315,3.24239989140763,0.12333364875434,1.17631376284061,-0.00343448485252832,0.0345286397304421,0.244591241248601,-0.112307605154863,-0.387372058322749
189,"Pink","S AKPen-Odd","GOA",1993,25741639,25741639,4485150,55,-161,"GoA",8.06556886732579,0.0654269688698963,690.5,434.9,44.9103454445051,5.7393039251753,1.31426591732596,1.74733793558693,0.0180789096518472,0.0899684605716588,0.438206646048952,0.103551836047482,-0.121818080955946
189,"Pink","S AKPen-Odd","GOA",1995,9562901.5,9562901.5,9609450,55,-161,"GoA",8.30672722458839,0.306585326132503,609.6,402,-4.11073275407784,0.995155966262377,-0.948519842454382,-0.0048558040951045,1.7154012723735,0.349820367225153,0.0495345307053183,-0.0920893654830185,-0.797020479770773
189,"Pink","S AKPen-Odd","GOA",1997,15948056,15948056,7864912.5,55,-161,"GoA",8.4046983987093,0.404556500253407,699.2,501.1,79.8710331213849,2.02774741613464,-0.456011335409995,0.706925529715076,1.13755795497278,0.455385841635298,0.480004512593941,0.497212855540466,0.359720494919922
189,"Pink","S AKPen-Odd","GOA",1999,8429834,8429834,7522965,55,-161,"GoA",8.18789257407188,0.187750675615996,601.2,401.8,-33.5617709907838,1.12054675251048,-0.888713005065001,0.11381673807423,1.02429465293606,0.221774170262589,0.00917796990326003,-0.0932786736990094,-1.20267071015648
189,"Pink","S AKPen-Odd","GOA",2001,12306776,12306776,4447704,55,-161,"GoA",8.9579857468605,0.957843848404613,675.5,466.3,17.6774341079921,2.7669952856575,-0.103417030470234,1.01776199702939,0.00567566761010975,1.05156162412243,0.366141358902419,0.290273225958052,-0.496916461832779
189,"Pink","S AKPen-Odd","GOA",2003,17003266,17003266,8266830,55,-161,"GoA",8.98144586086273,0.981303962406844,813,594.5,133.341193044483,2.05680605504165,-0.44215142317984,0.721154320878888,1.27068512565349,1.07684026436109,1.0267398244123,1.05261979240821,1.09620328093363
189,"Pink","S AKPen-Odd","GOA",2005,11052121.5,11052121.5,9248451,55,-161,"GoA",8.07340717017651,0.0732652717206171,765.7,550,76.9215300470468,1.19502406402975,-0.853190040479566,0.178166322444111,1.59582754023054,0.0984143546464363,0.799493952276903,0.787998714350238,0.319094877852968
189,"Pink","S AKPen-Odd","GOA",2007,10251963,10251963,4020319.5,55,-161,"GoA",7.35428714305162,-0.645854755404266,878.5,657.6,173.201478578285,2.55003688139711,-0.206898286088062,0.936107822358728,-0.135886939834929,-0.676448736486785,1.34142491161883,1.42784653455334,1.64522752517486
189,"Pink","S AKPen-Odd","GOA",2009,8011354,8011354,4600500,55,-161,"GoA",7.25846182405949,-0.741680074396402,861.4,654.8,159.758485773777,1.74140941202043,-0.592584132844838,0.554694792256181,0.0562863008155071,-0.77970201839014,1.25927048427178,1.41119621952946,1.46006756292179
189,"Pink","S AKPen-Odd","GOA",2011,10970385,10970385,3742425,55,-161,"GoA",6.93963019251823,-1.06051170593766,798.8,578.3,73.4142570728227,2.9313573418305,-0.0250223169458057,1.07546557235621,-0.227933960760197,-1.12324809449491,0.958518019246919,0.956285826912949,0.270786696708904
189,"Pink","S AKPen-Odd","GOA",2013,27841698,27841698,3481185,55,-161,"GoA",9.76363818645477,1.76349628799888,818.9,552.7,38.850982827287,7.99776455431125,2.39146936774372,2.07916207192071,-0.314464510110821,1.91966474484754,1.05508550402327,0.804054375266116,-0.205278019512598
189,"Pink","S AKPen-Odd","GOA",2015,28598777.5,28598777.5,11731200,55,-161,"GoA",10.3278173208237,2.32767542236778,736.6,512.8,-9.16732517828621,2.43783905312329,-0.260412563107881,0.891112012933785,2.41818872102105,2.52757659755698,0.659687295212629,0.566787386175933,-0.866668546686467
189,"Pink","S AKPen-Odd","GOA",2017,17831062,17831062,8495455.5,55,-161,"GoA",8.63649057149887,0.636348673042981,854.2,638.8,109.373894221988,2.09889416759349,-0.422076926649985,0.741410619173579,1.34641277115403,0.705145537838314,1.22467914644145,1.31605156225019,0.766084518704367
189,"Pink","S AKPen-Odd","GOA",2019,19093416,19093416,6355050,55,-161,"GoA",9.54804471731186,1.54790281885597,982.8,797.2,260.684735027627,3.00444780135483,0.00983916975735222,1.10009379115277,0.637446059516846,1.68735940550646,1.84251887491105,2.25798366931498,2.85019703587068
191,"Pink","NW AK Peninsula-Odd","BS",1963,3350,3350,6600,54.982,-163.37,"BS",8.37818608283997,-0.805578364574746,344.5,205.1,11.278580937552,0.507575757575758,-0.653693474933441,-0.678109303195405,-0.355450721768909,-0.799709642675115,-1.22409931079774,-1.26296330412605,-0.585052446782819
191,"Pink","NW AK Peninsula-Odd","BS",1965,1350,1350,1350,54.982,-163.37,"BS",8.52067900896072,-0.663085438453989,272.9,175.2,-17.7751125688447,1,-0.567989565883424,0,-0.403942795402408,-0.64901588149774,-1.56809094811052,-1.44076488241669,-0.98522976378269
191,"Pink","NW AK Peninsula-Odd","BS",1967,6600,6600,1050,54.982,-163.37,"BS",9.190598487854,0.00683404043929192,305.9,220.8,25.6382346910747,6.28571428571429,0.35196184466664,1.83827948486295,-0.406713771038608,0.0594591895725441,-1.40954731638815,-1.16960260917076,-0.387266657142453
191,"Pink","NW AK Peninsula-Odd","BS",1969,13026,13026,6600,54.982,-163.37,"BS",8.41959508061409,-0.764169366800622,324.9,202.8,2.28046936379511,1.97363636363636,-0.398533159866377,0.67987771109183,-0.355450721768909,-0.755917450381442,-1.31826461933587,-1.27664034860994,-0.708989878244286
191,"Pink","NW AK Peninsula-Odd","BS",1971,334,334,12750,54.982,-163.37,"BS",7.6894983202219,-1.49426612719281,258.2,158.6,-50.3442287528231,0.0261960784313725,-0.737475134497579,-3.64214555760987,-0.29864572122681,-1.52803316055836,-1.63871492951412,-1.53947746434393,-1.43382751362444
191,"Pink","NW AK Peninsula-Odd","BS",1973,909,909,300,54.982,-163.37,"BS",9.18921885490418,0.00545440748946382,339.2,228.3,8.18300003622602,3.03,-0.214678497128927,1.10856261952128,-0.413641210129108,0.0580001551915837,-1.24956237892285,-1.1250035510711,-0.627690098321888
191,"Pink","NW AK Peninsula-Odd","BS",1975,9600,9600,900,54.982,-163.37,"BS",8.03256888091564,-1.15119556649907,381.4,279.1,45.5262969845521,10.6666666666667,1.11444409485228,2.36712361413162,-0.408099258856708,-1.16521800511438,-1.04681870441727,-0.822919264209419,-0.113334139503075
191,"Pink","NW AK Peninsula-Odd","BS",1977,17327,17327,9600,54.982,-163.37,"BS",8.56628546714783,-0.617478980266885,457,319.9,71.1046092155224,1.80489583333333,-0.427901582084882,0.590502880054919,-0.32774096540691,-0.600784654128816,-0.683609657198742,-0.580300388147278,0.238974263548024
191,"Pink","NW AK Peninsula-Odd","BS",1979,17613,17613,13950,54.982,-163.37,"BS",8.47861310839653,-0.705151339018181,453.5,297.9,32.6075384498225,1.26258064516129,-0.522288753875453,0.233157757482784,-0.28756181868201,-0.693502783029676,-0.700424890866267,-0.711124291906276,-0.291273447916963
191,"Pink","NW AK Peninsula-Odd","BS",1981,7168,7168,8550,54.982,-163.37,"BS",7.83753848671913,-1.34622596069558,597.3,431,148.341946054577,0.838362573099415,-0.596121729454347,-0.176304607276039,-0.33743938013361,-1.3714729010274,-0.00955900475483894,0.0803603258356602,1.30281938952703
191,"Pink","NW AK Peninsula-Odd","BS",1983,4052,4052,5850,54.982,-163.37,"BS",9.71521873474121,0.531454287326499,524.2,326.3,25.7214716941774,0.692649572649573,-0.621482328429893,-0.367231074857328,-0.362378160859409,0.614272683445489,-0.360757170782275,-0.542242525235569,-0.386120174318526
191,"Pink","NW AK Peninsula-Odd","BS",1985,2496,2496,2100,54.982,-163.37,"BS",8.35152653455734,-0.832237912857371,437.7,270.3,-48.5060334477533,1.18857142857143,-0.53516967772326,0.172752105777804,-0.397015356311909,-0.827903516654473,-0.776333659993948,-0.875248825713018,-1.40850873392634
191,"Pink","NW AK Peninsula-Odd","BS",1987,6045,6045,1650,54.982,-163.37,"BS",9.07212617993355,-0.111638267481163,557.7,364.4,27.286769793309,3.66363636363636,-0.104397344006721,1.29845619615427,-0.401171819766208,-0.0658315049337067,-0.199811362821685,-0.315679310089306,-0.364560203174837
191,"Pink","NW AK Peninsula-Odd","BS",1989,5209,5209,2850,54.982,-163.37,"BS",9.18572414517403,0.00195969775931638,688.9,486,130.743381846267,1.82771929824561,-0.423929275296291,0.603068904482495,-0.390087917221409,0.0543043159117251,0.430519682086655,0.407420085233154,1.06042176781395
191,"Pink","NW AK Peninsula-Odd","BS",1991,1106,1106,1800,54.982,-163.37,"BS",9.07373494505882,-0.110029502355892,650.2,398.6,25.6305823493315,0.614444444444444,-0.635093529133458,-0.487036761801976,-0.399786331948109,-0.0641301512302069,0.244591241248601,-0.112307605154863,-0.387372058322749
191,"Pink","NW AK Peninsula-Odd","BS",1993,9184,9184,1050,54.982,-163.37,"BS",9.0949027478695,-0.088861699545217,690.5,434.9,44.9103454445051,8.74666666666667,0.780277960857878,2.16867267540778,-0.406713771038608,-0.0417440868251686,0.438206646048952,0.103551836047482,-0.121818080955946
191,"Pink","NW AK Peninsula-Odd","BS",1995,12336,12336,7800,54.982,-163.37,"BS",9.23977063298225,0.0560061855675397,609.6,402,-4.11073275407784,1.58153846153846,-0.466775784913966,0.458398083125428,-0.344366819224109,0.111461318353701,0.0495345307053183,-0.0920893654830185,-0.797020479770773
191,"Pink","NW AK Peninsula-Odd","BS",1997,22922,22922,7200,54.982,-163.37,"BS",9.47244193553925,0.288677488124535,699.2,501.1,79.8710331213849,3.18361111111111,-0.187943272577581,1.1580161220525,-0.349908770496509,0.357523453891847,0.480004512593941,0.497212855540466,0.359720494919922
191,"Pink","NW AK Peninsula-Odd","BS",1999,14507,14507,21750,54.982,-163.37,"BS",9.35993400812149,0.176169560706778,601.2,401.8,-33.5617709907838,0.666988505747126,-0.625948505263727,-0.404982465977928,-0.215516452140812,0.238540405354511,0.00917796990326003,-0.0932786736990094,-1.20267071015648
191,"Pink","NW AK Peninsula-Odd","BS",2001,1904,1904,10350,54.982,-163.37,"BS",10.0683003127575,0.884535865342777,675.5,466.3,17.6774341079921,0.183961352657005,-0.710016899202502,-1.6930295833422,-0.32081352631641,0.987675016054092,0.366141358902419,0.290273225958052,-0.496916461832779
191,"Pink","NW AK Peninsula-Odd","BS",2003,15055,15055,1200,54.982,-163.37,"BS",10.0948992013931,0.911134753978416,813,594.5,133.341193044483,12.5458333333333,1.44150339700392,2.52938860513974,-0.405328283220508,1.01580473926748,1.0267398244123,1.05261979240821,1.09620328093363
191,"Pink","NW AK Peninsula-Odd","BS",2005,160642,160642,13107,54.982,-163.37,"BS",9.2982992708683,0.11453482345359,765.7,550,76.9215300470468,12.2561989776455,1.39109402569551,2.50603184798766,-0.295348260219732,0.173358430159539,0.799493952276903,0.787998714350238,0.319094877852968
191,"Pink","NW AK Peninsula-Odd","BS",2007,386453,386453,23625,54.982,-163.37,"BS",8.64861546754837,-0.53514897986634,878.5,657.6,173.201478578285,16.3577989417989,2.10495642320213,2.79470478311357,-0.198197854414562,-0.51371635006733,1.34142491161883,1.42784653455334,1.64522752517486
191,"Pink","NW AK Peninsula-Odd","BS",2009,112095,112095,111600,54.982,-163.37,"BS",8.5176102489233,-0.666154198491411,861.4,654.8,159.758485773777,1.00443548387097,-0.567217592707614,0.00442567610315253,0.614390750901074,-0.652261256582521,1.25927048427178,1.41119621952946,1.46006756292179
191,"Pink","NW AK Peninsula-Odd","BS",2011,13773,13773,3600,54.982,-163.37,"BS",8.09070129990578,-1.09306314750893,798.8,578.3,73.4142570728227,3.82583333333333,-0.0761677948873234,1.34177630847313,-0.383160478130909,-1.10373991562284,0.958518019246919,0.956285826912949,0.270786696708904
191,"Pink","NW AK Peninsula-Odd","BS",2013,254787,254787,10650,54.982,-163.37,"BS",11.1409781932831,1.95721374586836,818.9,552.7,38.850982827287,23.923661971831,3.42175600605473,3.17486800983283,-0.31804255068021,2.12208827254928,1.05508550402327,0.804054375266116,-0.205278019512598
191,"Pink","NW AK Peninsula-Odd","BS",2015,472565.5,472565.5,248700,54.982,-163.37,"BS",11.6650629401207,2.48129849270599,736.6,512.8,-9.16732517828621,1.90014274225975,-0.411324347016726,0.641929010855597,1.88072661664445,2.67633544696498,0.659687295212629,0.566787386175933,-0.866668546686467
191,"Pink","NW AK Peninsula-Odd","BS",2017,763654,763654,467572.5,54.982,-163.37,"BS",9.90676814317703,0.72300369576232,854.2,638.8,109.373894221988,1.63323121013319,-0.457778927646547,0.490560390085487,3.90236116642503,0.816846253897913,1.22467914644145,1.31605156225019,0.766084518704367
191,"Pink","NW AK Peninsula-Odd","BS",2019,135871,135871,303300,54.982,-163.37,"BS",10.5974811553955,1.4137167079808,982.8,797.2,260.684735027627,0.447975601714474,-0.664066575803039,-0.80301650850894,2.38504418243284,1.5473115797145,1.84251887491105,2.25798366931498,2.85019703587068
202,"Pink","Kwiniuk-Odd","BS",1965,4830.4,4830.4,8643,64.68,-162.01,"BS",7.2643973691897,0.0224854022654175,272.9,175.2,-17.7751125688447,0.558880018512091,-0.583079422304624,-0.581820464800064,-0.584512198660104,-0.222371386246242,-1.60189604679674,-1.49551206762897,-1.03177086850779
202,"Pink","Kwiniuk-Odd","BS",1967,64682.5,64682.5,3905,64.68,-162.01,"BS",6.84206772392446,-0.399844242999816,305.9,220.8,25.6382346910747,16.5640204865557,2.92447642285303,2.80723290249466,-0.610846083478444,-0.548389827875813,-1.44857699409104,-1.23144692860243,-0.431288303248508
202,"Pink","Kwiniuk-Odd","BS",1969,19310.2,19310.2,57526,64.68,-162.01,"BS",6.37606879255988,-0.865843174364396,324.9,202.8,2.28046936379511,0.335677780481869,-0.631994601538341,-1.09160356580194,-0.312819650839316,-0.908118885752188,-1.36030238798776,-1.33568316769186,-0.754367073435813
202,"Pink","Kwiniuk-Odd","BS",1971,56887.5,56887.5,18117,64.68,-162.01,"BS",6.94284274903211,-0.299069217892171,258.2,158.6,-50.3442287528231,3.14000662361318,-0.0174207997582819,1.14422490934889,-0.53185554505754,-0.470596291454419,-1.67019271572928,-1.5916410436781,-1.48225874075805
202,"Pink","Kwiniuk-Odd","BS",1973,60821.5,60821.5,51586,64.68,-162.01,"BS",8.49241983348673,1.25050786656245,339.2,228.3,8.18300003622602,1.1790311324778,-0.447172169943136,0.164693027040197,-0.345834272160747,0.725603672063459,-1.29386413181529,-1.18801516231517,-0.672724744903012
202,"Pink","Kwiniuk-Odd","BS",1975,51832,51832,57722,64.68,-162.01,"BS",7.42912871187384,0.187216744949558,381.4,279.1,45.5262969845521,0.897959183673469,-0.508769602274763,-0.107630664192365,-0.31173027949605,-0.0952066081362369,-1.09780158562801,-0.893837331996138,-0.156201597942804
202,"Pink","Kwiniuk-Odd","BS",1977,327614.1,327614.1,46309,64.68,-162.01,"BS",8.61769554289904,1.37578357597477,457,319.9,71.1046092155224,7.07452331080351,0.844835737857204,1.95650006469452,-0.375163928173068,0.822310573922062,-0.74656157397495,-0.657568523393448,0.197591221843662
202,"Pink","Kwiniuk-Odd","BS",1979,652727.5,652727.5,302954,64.68,-162.01,"BS",7.48796453259208,0.246052565667801,453.5,297.9,32.6075384498225,2.15454326399387,-0.23338689978239,0.767578758630494,1.05127335954385,-0.0497881469943203,-0.762822685625554,-0.784968371169409,-0.334890636096322
202,"Pink","Kwiniuk-Odd","BS",1983,26976.9,26976.9,311201,64.68,-162.01,"BS",6.86114052750847,-0.380771439415803,524.2,326.3,25.7214716941774,0.0866864181027696,-0.686561514602949,-2.44545806141445,1.09711032621689,-0.533666528738094,-0.434348230283344,-0.620506749494987,-0.430136989832191
202,"Pink","Kwiniuk-Odd","BS",1989,80001.5,80001.5,25247,64.68,-162.01,"BS",7.34032717618075,0.0984152092564743,688.9,486,130.743381846267,3.16875272309581,-0.0111210394114666,1.15333804771661,-0.492226883437709,-0.163757179012667,0.330853223675098,0.304300327315053,1.02249981421307
202,"Pink","Kwiniuk-Odd","BS",1991,51863.2,51863.2,77513,64.68,-162.01,"BS",4.4434118270874,-2.79850013983688,650.2,398.6,25.6305823493315,0.669090346135487,-0.558926627168335,-0.401836181431533,-0.201731563911466,-2.4000383357642,0.151051789138415,-0.201824522485808,-0.431394148526291
202,"Pink","Kwiniuk-Odd","BS",1993,26364.2,26364.2,50655,64.68,-162.01,"BS",7.1464204788208,-0.0954914881034768,690.5,434.9,44.9103454445051,0.520465896752542,-0.591497947439304,-0.653030913241681,-0.35100878604126,-0.313443946218238,0.338286874715374,0.00838522634452673,-0.164721285646872
202,"Pink","Kwiniuk-Odd","BS",1995,11393.8,11393.8,23451,64.68,-162.01,"BS",7.69694399562749,0.455032028703212,609.6,402,-4.11073275407784,0.485855613833099,-0.599082854325878,-0.721843790100279,-0.502209082072942,0.111534079932471,-0.0375771060085966,-0.18213545510225,-0.842768583226192
202,"Pink","Kwiniuk-Odd","BS",1997,2186.8,2186.8,10474,64.68,-162.01,"BS",5.62486139752648,-1.6170505693978,699.2,501.1,79.8710331213849,0.208783654764178,-0.659803681581465,-1.56645670781859,-0.574335469427859,-1.48801534108057,0.378707352246877,0.391742950106735,0.318846205561598
202,"Pink","Kwiniuk-Odd","BS",1999,9259,9259,1092,64.68,-162.01,"BS",5.86676438288255,-1.37514758404173,601.2,401.8,-33.5617709907838,8.47893772893773,1.15261572961584,2.1375851741432,-0.626480785461135,-1.30127771753108,-0.0766037739700471,-0.183293635536577,-1.25012798087977
202,"Pink","Kwiniuk-Odd","BS",2001,24095.8,24095.8,8286,64.68,-162.01,"BS",7.43068232319572,0.188770356271442,675.5,466.3,17.6774341079921,2.90801351677528,-0.0682625139906731,1.06747020779502,-0.586496410749625,-0.0940072939328957,0.268596396212784,0.190219554533852,-0.541400106584631
202,"Pink","Kwiniuk-Odd","BS",2003,343345,343345,22329,64.68,-162.01,"BS",8.88674653118307,1.64483456425879,813,594.5,133.341193044483,15.3766402436294,2.66425986806449,2.73284949051489,-0.508445177211435,1.03000516723948,0.907425782486529,0.932613212937404,1.05843208921193
202,"Pink","Kwiniuk-Odd","BS",2005,55384,55384,340899,64.68,-162.01,"BS",8.68734689192338,1.44543492499911,765.7,550,76.9215300470468,0.162464542283785,-0.669954599909704,-1.81729550235227,1.26217231678993,0.876078109592099,0.687668473608361,0.674918066299665,0.27804941646089
202,"Pink","Kwiniuk-Odd","BS",2007,44277,44277,54255,64.68,-162.01,"BS",7.58447976003994,0.342567793115657,878.5,657.6,173.201478578285,0.81609068288637,-0.52671123415506,-0.203229799204422,-0.330999924634333,0.0247170278112806,1.21174087194784,1.29801913996754,1.60976959299853
202,"Pink","Kwiniuk-Odd","BS",2009,31402,31402,42960,64.68,-162.01,"BS",7.463244847276,0.221332880351718,861.4,654.8,159.758485773777,0.730959031657356,-0.54536799143079,-0.313397865047279,-0.393777727298568,-0.0688705708181594,1.13229372645489,1.28180461388697,1.42382947749249
202,"Pink","Kwiniuk-Odd","BS",2011,14325.5,14325.5,30999,64.68,-162.01,"BS",6.92253046685999,-0.319381500064289,798.8,578.3,73.4142570728227,0.462127810574535,-0.604282845864752,-0.771913779894694,-0.460257169323084,-0.4862764092343,0.841452129504077,0.838800597756923,0.22953769355647
202,"Pink","Kwiniuk-Odd","BS",2013,70085,70085,13212,64.68,-162.01,"BS",9.40877311338078,2.1668611464565,818.9,552.7,38.850982827287,5.30464729034211,0.456964166647396,1.66858328358648,-0.559117618724479,1.4329849123872,0.934837370697548,0.690553502163079,-0.248532874429444
202,"Pink","Kwiniuk-Odd","BS",2015,511805.5,511805.5,67294,64.68,-162.01,"BS",8.34820251031355,1.10629054338928,736.6,512.8,-9.16732517828621,7.60551460754302,0.961203452987552,2.028873590423,-0.258528940221853,0.614274743384116,0.552468945313335,0.459496505514859,-0.912710105407841
202,"Pink","Kwiniuk-Odd","BS",2017,720047,720047,507685,64.68,-162.01,"BS",10.5577324953946,3.31582052847034,854.2,638.8,109.373894221988,1.41829480878891,-0.394737097095473,0.349455311147385,2.18917174973876,2.3199270236486,1.09884229677364,1.18915017914081,0.726922404112051
202,"Pink","Kwiniuk-Odd","BS",2019,127604.5,127604.5,710901,64.68,-162.01,"BS",9.08932892300866,1.84741695608438,982.8,797.2,260.684735027627,0.179496863838987,-0.666221935448131,-1.71759754285553,3.31864974409159,1.18638915880865,1.69632199913585,2.10642908312773,2.81981612397485
