"Stock.ID","Species","Stock","Ocean.Region2","BY","R0.1","R","S","Lat","Lon","ocean.basin","sst_raw","early_sst","np_all_spp_sec","np_pinks_sec","det_np_pinks_sec","RS","RS_stnd","lnRS","S_stnd","early_sst_stnd","np_all_spp_sec_stnd","np_pinks_sec_stnd","det_np_pinks_sec_stnd"
164,"Pink","Nisqually-Odd","WC",1959,8764,8764,4000,47.101,-122.706,"SC",12.247164050738,-0.0662743560799658,295.2,182.1,-20.9204295127874,2.191,-0.275669861498264,0.784358060613329,-0.380065452474637,-0.043278740194037,-1.20380555120088,-1.17170433413941,-0.98346978474081
164,"Pink","Nisqually-Odd","WC",1961,19593,19593,5000,47.101,-122.706,"SC",12.1647284825643,-0.148709924253702,318.2,224.2,26.8582160885894,3.9186,-0.150390036529203,1.36573444715453,-0.375409803542296,-0.181402466782504,-1.10045817478618,-0.935262594992193,-0.326910336243967
164,"Pink","Nisqually-Odd","WC",1963,9057,9057,9000,47.101,-122.706,"SC",11.6598021586736,-0.653636248144385,344.5,205.1,11.278580937552,1.00633333333333,-0.3615779609696,0.00631336205659203,-0.356787207812932,-1.02742448195697,-0.982282696538062,-1.04253188757442,-0.54100088933098
164,"Pink","Nisqually-Odd","WC",1965,17416,17416,4000,47.101,-122.706,"SC",12.0731655359268,-0.240272870891178,272.9,175.2,-17.7751125688447,4.354,-0.118816271889513,1.47109496281236,-0.380065452474637,-0.334819440634557,-1.30400757268122,-1.21045606810891,-0.940247806970824
164,"Pink","Nisqually-Odd","WC",1967,6295,6295,7000,47.101,-122.706,"SC",11.9149852991104,-0.398453107707573,305.9,220.8,25.6382346910747,0.899285714285714,-0.369340699437788,-0.106154481559003,-0.366098505677614,-0.599856053661598,-1.15572655434708,-0.954357652310496,-0.343674945274776
164,"Pink","Nisqually-Odd","WC",1969,20545,20545,3500,47.101,-122.706,"SC",11.6897964080175,-0.623641998800511,324.9,202.8,2.28046936379511,5.87,-0.00888097746192808,1.76985463384001,-0.382393276940808,-0.977168050329449,-1.07035263470016,-1.05544913223092,-0.66465017026013
164,"Pink","Nisqually-Odd","WC",1971,25160,25160,10000,47.101,-122.706,"SC",11.7714772224426,-0.541961184375357,258.2,158.6,-50.3442287528231,2.516,-0.252101938880213,0.922670338838194,-0.352131558880591,-0.840308940492225,-1.37006002630279,-1.30368487736885,-1.3878025815073
164,"Pink","Nisqually-Odd","WC",1973,13645,13645,8000,47.101,-122.706,"SC",11.7557787100474,-0.557659696770599,339.2,228.3,8.18300003622602,1.705625,-0.310867647469761,0.533931612480466,-0.361442856745273,-0.866612356383727,-1.00609752675536,-0.912236202343652,-0.58353940970489
164,"Pink","Nisqually-Odd","WC",1975,10690,10690,6000,47.101,-122.706,"SC",11.535138686498,-0.77829972031999,381.4,279.1,45.5262969845521,1.78166666666667,-0.305353357882845,0.577549255808899,-0.370754154609955,-1.23630256368576,-0.816477557855345,-0.626933581234898,-0.0703793119071344
164,"Pink","Nisqually-Odd","WC",1977,4654,4654,5200,47.101,-122.706,"SC",12.6400055090586,0.326567102240639,457,319.9,71.1046092155224,0.895,-0.369651485230553,-0.110931560707282,-0.374478673755828,0.614941096021969,-0.476779224944412,-0.397792893415268,0.28110998546554
164,"Pink","Nisqually-Odd","WC",1979,1281,1281,1300,47.101,-122.706,"SC",12.4531836509705,0.139745244152467,453.5,297.9,32.6075384498225,0.985384615384615,-0.363097092549794,-0.0147232415528938,-0.392635704591958,0.301914427813217,-0.492505999616214,-0.521349146651343,-0.247904917165847
164,"Pink","Nisqually-Odd","WC",1981,1178,1178,500,47.101,-122.706,"SC",11.7076369126638,-0.60580149415421,597.3,431,148.341946054577,2.356,-0.263704608476792,0.85696526578934,-0.396360223737831,-0.947275650233745,0.15363977118527,0.226166185426909,1.34248170582576
164,"Pink","Nisqually-Odd","WC",1983,1440,1440,500,47.101,-122.706,"SC",11.8460661967595,-0.467372210058452,524.2,326.3,25.7214716941774,2.88,-0.225705865547996,1.05779029414785,-0.396360223737831,-0.71533246100282,-0.174825151245804,-0.361849256110228,-0.342531127986451
164,"Pink","Nisqually-Odd","WC",1985,12576,12576,500,47.101,-122.706,"SC",12.230163693428,-0.0832747133899507,437.7,270.3,-48.5060334477533,25.152,1.38938574229579,3.2249374162468,-0.396360223737831,-0.0717634435449229,-0.563501153848922,-0.676356082529328,-1.3625426671557
164,"Pink","Nisqually-Odd","WC",1987,22582,22582,7700,47.101,-122.706,"SC",12.2657570441564,-0.0476813626615948,557.7,364.4,27.286769793309,2.93272727272727,-0.221882258521851,1.07593279989869,-0.362839551424976,-0.012125518395798,-0.0242974508156947,-0.147872290278663,-0.321021283080563
164,"Pink","Nisqually-Odd","WC",1989,3213,3213,12300,47.101,-122.706,"SC",12.6095175743103,0.29607916749231,688.9,486,130.743381846267,0.261219512195122,-0.415611145210294,-1.34239418224465,-0.341423566336207,0.563857476939607,0.5652319311673,0.535056818517096,1.10064765076809
164,"Pink","Nisqually-Odd","WC",1991,690,690,1900,47.101,-122.706,"SC",13.4799647331238,1.16652632630579,650.2,398.6,25.6305823493315,0.363157894736842,-0.408218911636287,-1.01291756756323,-0.389842315232554,2.02232265207218,0.391338736939085,0.0442015215701446,-0.343780101400727
164,"Pink","Nisqually-Odd","WC",1993,892,892,500,47.101,-122.706,"SC",12.7267109553019,0.413272548483932,690.5,434.9,44.9103454445051,1.784,-0.305184152284562,0.578858034157818,-0.396360223737831,0.760219155189338,0.57242131387441,0.248069339409668,-0.0788435284696552
164,"Pink","Nisqually-Odd","WC",1995,46,46,579,47.101,-122.706,"SC",12.4049975077311,0.0915591009131358,609.6,402,-4.11073275407784,0.079447322970639,-0.42879266179416,-2.5326610810839,-0.395992427472176,0.221176830904622,0.208908150746176,0.063296578888447,-0.752476103476236
164,"Pink","Nisqually-Odd","WC",2005,1452,1452,581,47.101,-122.706,"SC",12.3554545640945,0.0420161572765541,765.7,550,76.9215300470468,2.49913941480207,-0.253324612625567,0.91594643853283,-0.395983116174311,0.138165866671015,0.910322301108566,0.894493191567495,0.36104432192537
164,"Pink","Nisqually-Odd","WC",2007,14978,14978,1000,47.101,-122.706,"SC",10.9832590421041,-1.33017936471391,878.5,657.6,173.201478578285,14.978,0.651600989323326,2.70658245782718,-0.394032399271661,-2.16099653742478,1.4171737819598,1.49879559375848,1.68409375359768
164,"Pink","Nisqually-Odd","WC",2009,853033,853033,12300,47.101,-122.706,"SC",12.2522352139155,-0.0612031929024726,861.4,654.8,159.758485773777,69.3522764227642,4.59464326361322,4.23919897135209,-0.341423566336207,-0.0347818259162418,1.34033725427756,1.48307025243752,1.49936428228716
164,"Pink","Nisqually-Odd","WC",2011,861745,861745,765447,47.101,-122.706,"SC",12.2336014906565,-0.0798369161614496,798.8,578.3,73.4142570728227,1.12580622825617,-0.352914182684998,0.118499426326117,3.16496446010964,-0.0660032920111174,1.0590526558619,1.05343146277572,0.312848455744977
164,"Pink","Nisqually-Odd","WC",2013,271035,271035,763662,47.101,-122.706,"SC",12.8390357891719,0.525597382353871,818.9,552.7,38.850982827287,0.354914870715055,-0.408816668412546,-1.03587731906619,3.15665412676541,0.948423409569542,1.14936927611996,0.909656913555559,-0.16210942535997
164,"Pink","Nisqually-Odd","WC",2015,43869,43869,221658,47.101,-122.706,"SC",13.6416697104772,1.3282313036592,736.6,512.8,-9.16732517828621,0.197913001109818,-0.420201923531763,-1.61992773318119,0.633273782840847,2.29326509323889,0.779565403123008,0.68557079973195,-0.821962240881853
164,"Pink","Nisqually-Odd","WC",2017,438034,438034,39347,47.101,-122.706,"SC",13.1297036806742,0.816265273856249,854.2,638.8,109.373894221988,11.132589523979,0.37274456922023,2.40987679985926,-0.215502229663179,1.43544780041631,1.30798503209557,1.39321115917492,0.806994726273048
164,"Pink","Nisqually-Odd","WC",2019,94464,94464,420680,47.101,-122.706,"SC",12.7598340113958,0.446395604577789,982.8,797.2,260.684735027627,0.224550727393743,-0.418270243926285,-1.49365364011388,1.55985034465322,0.815718013813569,1.88583166717951,2.28281618247466,2.88626174903019
165,"Pink","S South Misc.-Odd","WC",1959,122,122,100,47.16,-122.91,"SC",12.0588191151619,-0.102356469794486,295.2,182.1,-20.9204295127874,1.22,-0.496187704339661,0.198850858745165,-0.572877068633163,-0.202175311517111,-1.3329488853113,-1.29460390560577,-0.997965699780003
165,"Pink","S South Misc.-Odd","WC",1961,368,368,100,47.16,-122.91,"SC",12.0088534355164,-0.15232214944004,318.2,224.2,26.8582160885894,3.68,0.0856530258336098,1.30291275218084,-0.572877068633163,-0.280901263187345,-1.22545787065027,-1.0486059793058,-0.330144449718376
165,"Pink","S South Misc.-Odd","WC",1963,719,719,200,47.16,-122.91,"SC",11.5033093690872,-0.657866215869169,344.5,205.1,11.278580937552,3.595,0.0655487729617692,1.27954399117301,-0.284297459799428,-1.07743676562025,-1.10254423214657,-1.16021073921862,-0.547907245023943
165,"Pink","S South Misc.-Odd","WC",1965,813,813,500,47.16,-122.91,"SC",11.9232601523399,-0.237915432616464,272.9,175.2,-17.7751125688447,1.626,-0.40016033179887,0.486123011125619,0.581441366701777,-0.415762086105088,-1.43716843430874,-1.33492185552192,-0.954002346133092
165,"Pink","S South Misc.-Odd","WC",1967,452,452,400,47.16,-122.91,"SC",11.7619813382626,-0.399194246693832,305.9,220.8,25.6382346910747,1.13,-0.51747456032161,0.122217632724249,0.292861757868042,-0.66987307213702,-1.28294219588204,-1.06847279520651,-0.347196617934645
165,"Pink","S South Misc.-Odd","WC",1969,720,720,300,47.16,-122.91,"SC",11.5449758172035,-0.616199767752871,324.9,202.8,2.28046936379511,2.4,-0.217093370354109,0.8754687373539,0.00428214903430708,-1.01178708760239,-1.19414527072728,-1.17365005585733,-0.67367745143614
165,"Pink","S South Misc.-Odd","WC",1971,975,975,500,47.16,-122.91,"SC",11.6143099069595,-0.54686567799685,258.2,158.6,-50.3442287528231,1.95,-0.323527650263853,0.667829372575655,0.581441366701777,-0.902544258565483,-1.50586921324426,-1.43191866256657,-1.40923391684049
165,"Pink","S South Misc.-Odd","WC",1973,174,174,600,47.16,-122.91,"SC",11.5989210009575,-0.56225458399891,339.2,228.3,8.18300003622602,0.29,-0.7161518828198,-1.23787435600162,0.870020975535511,-0.926791027122823,-1.12731390074238,-1.024648936602,-0.591175418099382
165,"Pink","S South Misc.-Odd","WC",1975,1419,1419,100,47.16,-122.91,"SC",11.3544702529907,-0.806705331965676,381.4,279.1,45.5262969845521,14.19,2.5714847632812,2.65253749117195,-0.572877068633163,-1.31194775683612,-0.93009125645127,-0.727815334320803,-0.0692132122737937
165,"Pink","S South Misc.-Odd","WC",1977,2374,2374,700,47.16,-122.91,"SC",12.490875929594,0.329700344637643,457,319.9,71.1046092155224,3.39142857142857,0.0173999320502179,1.22125124012621,1.15860058436925,0.478573637222651,-0.576772964782843,-0.48941354351228,0.288305093939161
165,"Pink","S South Misc.-Odd","WC",1979,429,429,800,47.16,-122.91,"SC",12.268968462944,0.107792877987639,453.5,297.9,32.6075384498225,0.53625,-0.657908679646968,-0.62315480873991,1.44718019320298,0.128936113652879,-0.593130293100825,-0.61796352875217,-0.24978387025952
165,"Pink","S South Misc.-Odd","WC",1981,241,241,100,47.16,-122.91,"SC",11.5431434810162,-0.618032103940229,597.3,431,148.341946054577,2.41,-0.214728164133892,0.879626747502564,-0.572877068633163,-1.01467411748276,0.0789222246494375,0.159763881949166,1.36788226047571
165,"Pink","S South Misc.-Odd","WC",1983,195,195,100,47.16,-122.91,"SC",11.667573839426,-0.493601745530353,524.2,326.3,25.7214716941774,1.95,-0.323527650263853,0.667829372575655,-0.572877068633163,-0.818621577980128,-0.262712261077573,-0.452017184169766,-0.346033181031742
165,"Pink","S South Misc.-Odd","WC",1985,142,142,100,47.16,-122.91,"SC",12.0660051107407,-0.0951704742157288,437.7,270.3,-48.5060334477533,1.42,-0.44888357993533,0.350656871613169,-0.572877068633163,-0.190853053025906,-0.666971946650576,-0.779235328416759,-1.38354072543588
165,"Pink","S South Misc.-Odd","WC",1987,98,98,100,47.16,-122.91,"SC",12.0980773568153,-0.0630982281410498,557.7,364.4,27.286769793309,0.98,-0.552952653624859,-0.0202027073175195,-0.572877068633163,-0.140320004894824,-0.106149261462596,-0.229391982458866,-0.324154383085007
165,"Pink","S South Misc.-Odd","WC",1989,83,83,50,47.16,-122.91,"SC",12.4953028857708,0.334127300814406,688.9,486,130.743381846267,1.66,-0.392118630650133,0.506817602368452,-0.71716687305003,0.485548751751071,0.507016874342929,0.481138845048891,1.12190008578332
165,"Pink","S South Misc.-Odd","WC",1991,66,66,50,47.16,-122.91,"SC",13.3135947287083,1.15241914375188,650.2,398.6,25.6305823493315,1.32,-0.472535642137496,0.27763173659828,-0.71716687305003,1.77484981872803,0.326151558369806,-0.0295551872223088,-0.347303577777573
165,"Pink","S South Misc.-Odd","WC",1993,71,71,50,47.16,-122.91,"SC",12.6190385818481,0.457862996891749,690.5,434.9,44.9103454445051,1.42,-0.44888357993533,0.350656871613169,-0.71716687305003,0.680506780909679,0.514494510145436,0.18255228842351,-0.0778226134460962
165,"Pink","S South Misc.-Odd","WC",1995,326,326,31,47.16,-122.91,"SC",12.2267499864101,0.0655744014537559,609.6,402,-4.11073275407784,10.5161290322581,1.70253851676358,2.35291017688156,-0.77199699872844,0.0624166593639572,0.136406549881206,-0.00968837132159859,-0.763009841126806
165,"Pink","S South Misc.-Odd","WC",1997,20,20,233,47.16,-122.91,"SC",13.1233178973198,0.962142312363403,699.2,501.1,79.8710331213849,0.0858369098712446,-0.764440663890917,-2.45530618001171,-0.189066188884295,1.47504954105509,0.555154154821564,0.569370880372634,0.410836909098327
165,"Pink","S South Misc.-Odd","WC",1999,174,174,17,47.16,-122.91,"SC",12.5151653587818,0.35398977382542,601.2,401.8,-33.5617709907838,10.2352941176471,1.63611526807439,2.32584195515831,-0.812398143965162,0.516844074889051,0.0971489619180473,-0.0108570075510521,-1.1746587885445
165,"Pink","S South Misc.-Odd","WC",2001,204,204,114,47.16,-122.91,"SC",11.7017004191876,-0.459475165768839,675.5,466.3,17.6774341079921,1.78947368421053,-0.361495434325224,0.581921545449721,-0.53247592339644,-0.764851720589338,0.444391674496938,0.366028176447717,-0.458467913509678
165,"Pink","S South Misc.-Odd","WC",2003,107,107,186,47.16,-122.91,"SC",13.2963645458221,1.13518896086575,813,594.5,133.341193044483,0.575268817204301,-0.648679924731257,-0.552917839251295,-0.324698605036151,1.74770193332378,1.08700100127483,1.11512399952744,1.15821073251641
165,"Pink","S South Misc.-Odd","WC",2005,143,143,95,47.16,-122.91,"SC",12.2210455238819,0.0598699389255212,765.7,550,76.9215300470468,1.50526315789474,-0.428717084794537,0.408967738659366,-0.587306049074849,0.0534287051424154,0.865943392863237,0.855102438474026,0.369610524269445
165,"Pink","S South Misc.-Odd","WC",2007,1852,1852,129,47.16,-122.91,"SC",10.8361941128969,-1.32498147205947,878.5,657.6,173.201478578285,14.3565891472868,2.61088653201954,2.66420901084445,-0.489188982071379,-2.12854392136942,1.39311671693994,1.48382872992004,1.71535389507249
165,"Pink","S South Misc.-Odd","WC",2009,577,577,1492,47.16,-122.91,"SC",12.0913799405098,-0.0697956444465878,861.4,654.8,159.758485773777,0.386729222520107,-0.693273426941674,-0.950030514255607,3.44415108633243,-0.150872457620885,1.31319948430065,1.46746782270768,1.52745580490525
165,"Pink","S South Misc.-Odd","WC",2011,1573,1573,315,47.16,-122.91,"SC",12.0366941690445,-0.124481415911897,798.8,578.3,73.4142570728227,4.99365079365079,0.396358528667136,1.60816726423264,0.0475690903593673,-0.237035388495986,1.02063698352759,1.0204644649417,0.320587966336448
165,"Pink","S South Misc.-Odd","WC",2013,697,697,1085,47.16,-122.91,"SC",12.6821024119854,0.520926827029012,818.9,552.7,38.850982827287,0.642396313364055,-0.632802887584796,-0.442549855214036,2.26963207837913,0.779870185525506,1.11457478329657,0.87087902757165,-0.162516749637573
165,"Pink","S South Misc.-Odd","WC",2015,91,91,607,47.16,-122.91,"SC",13.5276555716991,1.36647998674275,736.6,512.8,-9.16732517828621,0.1499176276771,-0.749284252655882,-1.89766928454265,0.890221548153873,2.11212419784854,0.729943891705152,0.637736099795666,-0.833687857032926
165,"Pink","S South Misc.-Odd","WC",2017,14,14,86,47.16,-122.91,"SC",12.9859167635441,0.824741178587695,854.2,638.8,109.373894221988,0.162790697674419,-0.746239506132788,-1.81528996663825,-0.613278213869885,1.25856024092357,1.27955012318937,1.3739769243514,0.82321020542366
165,"Pink","S South Misc.-Odd","WC",2019,172,172,14,47.16,-122.91,"SC",12.625431984663,0.464256399706621,982.8,797.2,260.684735027627,12.2857142857143,2.12108192163139,2.50843714719819,-0.821055532230174,0.690580229816658,1.88056510081582,2.29953681807861,2.93814238030694
157,"Pink","Puyallup-Odd","WC",1959,35762,35762,14000,47.26972,-122.4272,"SC",12.247164050738,-0.0662743560799658,295.2,182.1,-20.9204295127874,2.55442857142857,-0.135030901585515,0.937828547537753,-0.525108159702912,-0.14792384545282,-1.3329488853113,-1.29460390560577,-0.997965699780003
157,"Pink","Puyallup-Odd","WC",1961,115338,115338,10000,47.26972,-122.4272,"SC",12.1647284825643,-0.148709924253702,318.2,224.2,26.8582160885894,11.5338,2.93964373597351,2.44528185500473,-0.538363337888927,-0.27959698188101,-1.22545787065027,-1.0486059793058,-0.330144449718376
157,"Pink","Puyallup-Odd","WC",1963,36145,36145,10221,47.26972,-122.4272,"SC",11.6598021586736,-0.653636248144385,344.5,205.1,11.278580937552,3.53634673710987,0.201192953747206,1.26309419910532,-0.537630989294149,-1.08610846963739,-1.10254423214657,-1.16021073921862,-0.547907245023943
157,"Pink","Puyallup-Odd","WC",1965,45313,45313,25131,47.26972,-122.4272,"SC",12.0731655359268,-0.240272870891178,272.9,175.2,-17.7751125688447,1.80307190322709,-0.392306960367225,0.589491823196991,-0.488222312605779,-0.425849147438408,-1.43716843430874,-1.33492185552192,-0.954002346133092
157,"Pink","Puyallup-Odd","WC",1967,24152,24152,22038,47.26972,-122.4272,"SC",11.9149852991104,-0.398453107707573,305.9,220.8,25.6382346910747,1.09592522007442,-0.634444841511699,0.0915989563389524,-0.498471879138115,-0.678508143597354,-1.28294219588204,-1.06847279520651,-0.347196617934645
157,"Pink","Puyallup-Odd","WC",1969,66498,66498,16003,47.26972,-122.4272,"SC",11.6897964080175,-0.623641998800511,324.9,202.8,2.28046936379511,4.15534587264888,0.413147761258219,1.42439566735772,-0.518470629226265,-1.03819909055003,-1.19414527072728,-1.17365005585733,-0.67367745143614
157,"Pink","Puyallup-Odd","WC",1971,32721,32721,40000,47.26972,-122.4272,"SC",11.7714772224426,-0.541961184375357,258.2,158.6,-50.3442287528231,0.818025,-0.729602143471177,-0.200862380499221,-0.438949501493815,-0.907731511328621,-1.50586921324426,-1.43191866256657,-1.40923391684049
157,"Pink","Puyallup-Odd","WC",1973,38204,38204,12194,47.26972,-122.4272,"SC",11.7557787100474,-0.557659696770599,339.2,228.3,8.18300003622602,3.13301623749385,0.0630863983398321,1.14199619468687,-0.531092872653897,-0.932806517301551,-1.12731390074238,-1.024648936602,-0.591175418099382
157,"Pink","Puyallup-Odd","WC",1975,57846,57846,11800,47.26972,-122.4272,"SC",11.535138686498,-0.77829972031999,381.4,279.1,45.5262969845521,4.90220338983051,0.668883241655203,1.58968477543868,-0.53239850770522,-1.28523162415723,-0.93009125645127,-0.727815334320803,-0.0692132122737937
157,"Pink","Puyallup-Odd","WC",1977,111968,111968,29429,47.26972,-122.4272,"SC",12.6400055090586,0.326567102240639,457,319.9,71.1046092155224,3.80468245608074,0.293075223684908,1.33623253345025,-0.473979623644906,0.479556113526562,-0.576772964782843,-0.48941354351228,0.288305093939161
157,"Pink","Puyallup-Odd","WC",1979,37940,37940,29481,47.26972,-122.4272,"SC",12.4531836509705,0.139745244152467,453.5,297.9,32.6075384498225,1.28693056544893,-0.569041678747703,0.252259976458469,-0.473807306328488,0.181148271465384,-0.593130293100825,-0.61796352875217,-0.24978387025952
157,"Pink","Puyallup-Odd","WC",1981,25827,25827,12115,47.26972,-122.4272,"SC",11.7076369126638,-0.60580149415421,597.3,431,148.341946054577,2.13182005777961,-0.279738544973389,0.756976102075438,-0.531354662423071,-1.00970271144715,0.0789222246494375,0.159763881949166,1.36788226047571
157,"Pink","Puyallup-Odd","WC",1983,54789,54789,11600,47.26972,-122.4272,"SC",11.8460661967595,-0.467372210058452,524.2,326.3,25.7214716941774,4.72318965517241,0.607586190507878,1.5524843457657,-0.533061266614521,-0.788591625368599,-0.262712261077573,-0.452017184169766,-0.346033181031742
157,"Pink","Puyallup-Odd","WC",1985,48423,48423,34100,47.26972,-122.4272,"SC",12.230163693428,-0.0832747133899507,437.7,270.3,-48.5060334477533,1.4200293255132,-0.523466619834559,0.350677523169781,-0.458500889318187,-0.175078269410788,-0.666971946650576,-0.779235328416759,-1.38354072543588
157,"Pink","Puyallup-Odd","WC",1987,113178,113178,34400,47.26972,-122.4272,"SC",12.2657570441564,-0.0476813626615948,557.7,364.4,27.286769793309,3.29005813953488,0.116859956665219,1.19090523621229,-0.457506750954236,-0.118225526957266,-0.106149261462596,-0.229391982458866,-0.324154383085007
157,"Pink","Puyallup-Odd","WC",1989,24600,24600,49850,47.26972,-122.4272,"SC",12.6095175743103,0.29607916749231,688.9,486,130.743381846267,0.493480441323972,-0.840731183099035,-0.70627205346953,-0.406308625210753,0.430858177908894,0.507016874342929,0.481138845048891,1.12190008578332
157,"Pink","Puyallup-Odd","WC",1991,14312,14312,14000,47.26972,-122.4272,"SC",13.4799647331238,1.16652632630579,650.2,398.6,25.6305823493315,1.02228571428571,-0.659660138882121,0.0220410165911594,-0.525108159702912,1.82121078947121,0.326151558369806,-0.0295551872223088,-0.347303577777573
157,"Pink","Puyallup-Odd","WC",1993,27926,27926,10069,47.26972,-122.4272,"SC",12.7267109553019,0.413272548483932,690.5,434.9,44.9103454445051,2.77346310457841,-0.0600301145947347,1.02009675758653,-0.538134686065218,0.618049464214689,0.514494510145436,0.18255228842351,-0.0778226134460962
157,"Pink","Puyallup-Odd","WC",1995,3703,3703,17596,47.26972,-122.4272,"SC",12.4049975077311,0.0915591009131358,609.6,402,-4.11073275407784,0.210445555808138,-0.937646673338245,-1.558528301555,-0.513191754513684,0.104181244328156,0.136406549881206,-0.00968837132159859,-0.763009841126806
157,"Pink","Puyallup-Odd","WC",1997,4832,4832,2732,47.26972,-122.4272,"SC",13.2548669179281,0.941428511110069,699.2,501.1,79.8710331213849,1.76866764275256,-0.404087507362799,0.57022651892397,-0.562447996652916,1.46166531672712,0.555154154821564,0.569370880372634,0.410836909098327
157,"Pink","Puyallup-Odd","WC",1999,18875,18875,4653,47.26972,-122.4272,"SC",12.6896610657374,0.376222658919411,601.2,401.8,-33.5617709907838,4.05652267354395,0.379309180650722,1.40032612227258,-0.556082197329082,0.558870213420942,0.0971489619180473,-0.0108570075510521,-1.1746587885445
157,"Pink","Puyallup-Odd","WC",2001,213130,213130,16577,47.26972,-122.4272,"SC",11.8111705382665,-0.502267868551482,675.5,466.3,17.6774341079921,12.856970501297,3.39271763027296,2.55388611573042,-0.516568511156572,-0.844329954142175,0.444391674496938,0.366028176447717,-0.458467913509678
157,"Pink","Puyallup-Odd","WC",2003,323833,323833,191515,47.26972,-122.4272,"SC",13.4064484039942,1.09300999717625,813,594.5,133.341193044483,1.69090149596637,-0.430715829967139,0.525261816277908,0.0631400792196976,1.7037842240987,1.08700100127483,1.11512399952744,1.15821073251641
157,"Pink","Puyallup-Odd","WC",2005,471705,471705,287230,47.26972,-122.4272,"SC",12.3554545640945,0.0420161572765541,765.7,550,76.9215300470468,1.64225533544546,-0.447373022194687,0.49607050164829,0.380319924238302,0.0250470196114016,0.865943392863237,0.855102438474026,0.369610524269445
157,"Pink","Puyallup-Odd","WC",2007,1502355,1502355,417767,47.26972,-122.4272,"SC",10.9832590421041,-1.33017936471391,878.5,657.6,173.201478578285,3.59615527315465,0.221672314730237,1.27986529508614,0.812892722955259,-2.16674096918985,1.39311671693994,1.48382872992004,1.71535389507249
157,"Pink","Puyallup-Odd","WC",2009,993190,993190,1203364,47.26972,-122.4272,"SC",12.2522352139155,-0.0612031929024726,861.4,654.8,159.758485773777,0.825344617256291,-0.727095794144435,-0.19195426198087,3.41619977730495,-0.139823750121247,1.31319948430065,1.46746782270768,1.52745580490525
157,"Pink","Puyallup-Odd","WC",2011,1002599,1002599,792785,47.26972,-122.4272,"SC",12.2336014906565,-0.0798369161614496,798.8,578.3,73.4142570728227,1.26465435143198,-0.576669396434137,0.234798844867919,2.05562532619599,-0.169587125799976,1.02063698352759,1.0204644649417,0.320587966336448
157,"Pink","Puyallup-Odd","WC",2013,829302,829302,746661,47.26972,-122.4272,"SC",12.8390357891719,0.525597382353871,818.9,552.7,38.850982827287,1.11068075070213,-0.629392321282901,0.104973116260282,1.90277986653306,0.797464290873727,1.11457478329657,0.87087902757165,-0.162516749637573
157,"Pink","Puyallup-Odd","WC",2015,110778,110778,626096,47.26972,-122.4272,"SC",13.6416697104772,1.3282313036592,736.6,512.8,-9.16732517828621,0.176934527612379,-0.949121363887761,-1.73197551533341,1.50325222703383,2.07949980252561,0.729943891705152,0.637736099795666,-0.833687857032926
157,"Pink","Puyallup-Odd","WC",2017,613735,613735,92344,47.26972,-122.4272,"SC",13.1297036806742,0.816265273856249,854.2,638.8,109.373894221988,6.64618166854371,1.26604817960971,1.89404250457893,-0.265492239751624,1.26174389470232,1.27955012318937,1.3739769243514,0.82321020542366
157,"Pink","Puyallup-Odd","WC",2019,610026,610026,560549,47.26972,-122.4272,"SC",12.7598340113958,0.446395604577789,982.8,797.2,260.684735027627,1.08826525424182,-0.637067731416342,0.0845849185740131,1.28604293589415,0.670956440906754,1.88056510081582,2.29953681807861,2.93814238030694
158,"Pink","Hood Canal-Odd","WC",1959,44967,44967,30500,47.5644,-122.9956,"SC",11.9889928272792,-0.129124559768248,295.2,182.1,-20.9204295127874,1.47432786885246,-0.355262995042492,0.388202203803202,-0.442722988058602,-0.240589226563736,-1.3329488853113,-1.29460390560577,-0.997965699780003
158,"Pink","Hood Canal-Odd","WC",1961,901739,901739,36800,47.5644,-122.9956,"SC",11.955741746085,-0.162375640962464,318.2,224.2,26.8582160885894,24.503777173913,4.23843627409383,3.19882727603145,-0.394545258960976,-0.292245964827041,-1.22545787065027,-1.0486059793058,-0.330144449718376
158,"Pink","Hood Canal-Odd","WC",1963,221037,221037,503000,47.5644,-122.9956,"SC",11.4511053221566,-0.667012064890846,344.5,205.1,11.278580937552,0.439437375745527,-0.56169327649854,-0.822260061780807,3.1706066942634,-1.07621661278098,-1.10254423214657,-1.16021073921862,-0.547907245023943
158,"Pink","Hood Canal-Odd","WC",1965,501233,501233,160000,47.5644,-122.9956,"SC",11.8796458584922,-0.238471528555322,272.9,175.2,-17.7751125688447,3.13270625,-0.0244651780163201,1.14189724759985,0.547596998948168,-0.410463634963491,-1.43716843430874,-1.33492185552192,-0.954002346133092
158,"Pink","Hood Canal-Odd","WC",1967,60227,60227,269000,47.5644,-122.9956,"SC",11.7018674441746,-0.416249942872854,305.9,220.8,25.6382346910747,0.22389219330855,-0.604688214584576,-1.49659062285197,1.38114818492298,-0.686648729927068,-1.28294219588204,-1.06847279520651,-0.347196617934645
158,"Pink","Hood Canal-Odd","WC",1969,143701,143701,42000,47.5644,-122.9956,"SC",11.4922501359667,-0.62586725108078,324.9,202.8,2.28046936379511,3.42145238095238,0.0331312010004557,1.23006513371964,-0.354779514308966,-1.01229667990828,-1.19414527072728,-1.17365005585733,-0.67367745143614
158,"Pink","Hood Canal-Odd","WC",1971,72276,72276,104000,47.5644,-122.9956,"SC",11.5526133605412,-0.56550402650627,258.2,158.6,-50.3442287528231,0.694961538461538,-0.510723705148118,-0.363898775291788,0.119350518080376,-0.918520261801405,-1.50586921324426,-1.43191866256657,-1.40923391684049
158,"Pink","Hood Canal-Odd","WC",1973,19748,19748,46500,47.5644,-122.9956,"SC",11.5574064935957,-0.560710893451827,339.2,228.3,8.18300003622602,0.424688172043011,-0.564635309778237,-0.856400092196694,-0.320366850667805,-0.911073958981705,-1.12731390074238,-1.024648936602,-0.591175418099382
158,"Pink","Hood Canal-Odd","WC",1975,81580,81580,12500,47.5644,-122.9956,"SC",11.3088447366442,-0.809272650403294,381.4,279.1,45.5262969845521,6.5264,0.652477127139964,1.87585548958116,-0.58037364262325,-1.29722349637908,-0.93009125645127,-0.727815334320803,-0.0692132122737937
158,"Pink","Hood Canal-Odd","WC",1977,76320,76320,44000,47.5644,-122.9956,"SC",12.4562704903739,0.338153103326392,457,319.9,71.1046092155224,1.73454545454545,-0.303357223550524,0.55074539322177,-0.339484997135117,0.48534325658714,-0.576772964782843,-0.48941354351228,0.288305093939161
158,"Pink","Hood Canal-Odd","WC",1979,12426,12426,37100,47.5644,-122.9956,"SC",12.2047363689968,0.0866189819492704,453.5,297.9,32.6075384498225,0.334932614555256,-0.582538909355054,-1.09382591797189,-0.392251081384898,0.0945760452482029,-0.593130293100825,-0.61796352875217,-0.24978387025952
158,"Pink","Hood Canal-Odd","WC",1981,29372,29372,6450,47.5644,-122.9956,"SC",11.4832988807133,-0.634818506334158,597.3,431,148.341946054577,4.5537984496124,0.259001009657578,1.51596170878168,-0.626639557074146,-1.02620277357937,0.0789222246494375,0.159763881949166,1.36788226047571
158,"Pink","Hood Canal-Odd","WC",1983,91463,91463,25000,47.5644,-122.9956,"SC",11.5957348006112,-0.522382586436264,524.2,326.3,25.7214716941774,3.65852,0.0804192335508316,1.29705869404834,-0.484782910286689,-0.851529569672555,-0.262712261077573,-0.452017184169766,-0.346033181031742
158,"Pink","Hood Canal-Odd","WC",1985,81812,81812,63800,47.5644,-122.9956,"SC",12.0046112196786,-0.113506167368875,437.7,270.3,-48.5060334477533,1.2823197492163,-0.393562979864406,0.248670741765176,-0.188069277114004,-0.216325498008397,-0.666971946650576,-0.779235328416759,-1.38354072543588
158,"Pink","Hood Canal-Odd","WC",1987,120813,120813,62100,47.5644,-122.9956,"SC",12.0460322925023,-0.0720850945452171,557.7,364.4,27.286769793309,1.94545893719807,-0.261286173640555,0.665497906665146,-0.201069616711777,-0.151976386924178,-0.106149261462596,-0.229391982458866,-0.324154383085007
158,"Pink","Hood Canal-Odd","WC",1989,166550,166550,60800,47.5644,-122.9956,"SC",12.4806068965367,0.362489509489207,688.9,486,130.743381846267,2.73930921052632,-0.102936341993026,1.00770577566757,-0.211011052874779,0.523150729856331,0.507016874342929,0.481138845048891,1.12190008578332
158,"Pink","Hood Canal-Odd","WC",1991,39519,39519,118200,47.5644,-122.9956,"SC",13.253890650613,1.13577326356549,650.2,398.6,25.6305823493315,0.334340101522843,-0.582657098315976,-1.0955965360562,0.227941590014709,1.72447456814803,0.326151558369806,-0.0295551872223088,-0.347303577777573
158,"Pink","Hood Canal-Odd","WC",1993,36244,36244,35326,47.5644,-122.9956,"SC",12.6135498455593,0.495432458511768,690.5,434.9,44.9103454445051,1.02598652550529,-0.444693935139045,0.0256546136265625,-0.405817318118103,0.729682333490468,0.514494510145436,0.18255228842351,-0.0778226134460962
158,"Pink","Hood Canal-Odd","WC",1995,9685,9685,31286,47.5644,-122.9956,"SC",12.1608693940299,0.0427520069824108,609.6,402,-4.11073275407784,0.309563382982804,-0.587599326518713,-1.17259241628062,-0.43671224280928,0.0264271381185246,0.136406549881206,-0.00968837132159859,-0.763009841126806
158,"Pink","Hood Canal-Odd","WC",1997,12981,12981,8299,47.5644,-122.9956,"SC",13.1130666051592,0.994949218111728,699.2,501.1,79.8710331213849,1.56416435715146,-0.337343252143984,0.447351724294547,-0.612499775946922,1.50569940066715,0.555154154821564,0.569370880372634,0.410836909098327
158,"Pink","Hood Canal-Odd","WC",1999,104022,104022,12663,47.5644,-122.9956,"SC",12.4737072672163,0.355589880168788,601.2,401.8,-33.5617709907838,8.21464108031272,0.989231676240463,2.10591805976333,-0.579127139473581,0.512431910103164,0.0971489619180473,-0.0108570075510521,-1.1746587885445
158,"Pink","Hood Canal-Odd","WC",2001,40521,40521,98261,47.5644,-122.9956,"SC",11.695175579616,-0.422941807431477,675.5,466.3,17.6774341079921,0.41238131099826,-0.567090167375471,-0.885806845523192,0.0754629010500138,-0.697044779727049,0.444391674496938,0.366028176447717,-0.458467913509678
158,"Pink","Hood Canal-Odd","WC",2003,17954,17954,37462,47.5644,-122.9956,"SC",13.2947526318686,1.17663524482115,813,594.5,133.341193044483,0.479258982435535,-0.553750034646572,-0.735514154539204,-0.389482773776431,1.78795511057956,1.08700100127483,1.11512399952744,1.15821073251641
158,"Pink","Hood Canal-Odd","WC",2005,30709,30709,17442,47.5644,-122.9956,"SC",12.1863466671535,0.0682292801060069,765.7,550,76.9215300470468,1.76063524825135,-0.298153075388269,0.565674680434596,-0.542580890686667,0.0660069888223649,0.865943392863237,0.855102438474026,0.369610524269445
158,"Pink","Hood Canal-Odd","WC",2007,11673,11673,28964,47.5644,-122.9956,"SC",10.7951271363667,-1.32299025068078,878.5,657.6,173.201478578285,0.403017539013948,-0.56895796507879,-0.908775196856048,-0.454469177248119,-2.09530207505108,1.39311671693994,1.48382872992004,1.71535389507249
158,"Pink","Hood Canal-Odd","WC",2009,15276,15276,10797,47.5644,-122.9956,"SC",12.067200422287,-0.0509169647604926,861.4,654.8,159.758485773777,1.41483745484857,-0.367129586714323,0.347014651598266,-0.593396923996783,-0.119090943788471,1.31319948430065,1.46746782270768,1.52745580490525
158,"Pink","Hood Canal-Odd","WC",2011,203213,203213,14275,47.5644,-122.9956,"SC",11.9866244792938,-0.131492907753664,798.8,578.3,73.4142570728227,14.2355866900175,2.19023362294062,2.6557449344938,-0.566799758631458,-0.244268539464405,1.02063698352759,1.0204644649417,0.320587966336448
158,"Pink","Hood Canal-Odd","WC",2013,590943,590943,191676,47.5644,-122.9956,"SC",12.6004411833627,0.48232379631521,818.9,552.7,38.850982827287,3.08303073937269,-0.0343739845118578,1.12591311945849,0.789831561947601,0.709317560143264,1.11457478329657,0.87087902757165,-0.162516749637573
158,"Pink","Hood Canal-Odd","WC",2015,28498,28498,549512,47.5644,-122.9956,"SC",13.516598701477,1.39848131442956,736.6,512.8,-9.16732517828621,0.0518605599149791,-0.639003476670097,-2.95919670226621,3.52629598565845,2.13260087669973,0.729943891705152,0.637736099795666,-0.833687857032926
158,"Pink","Hood Canal-Odd","WC",2017,56834,56834,27174,47.5644,-122.9956,"SC",12.9600353240967,0.841917937049198,854.2,638.8,109.373894221988,2.09148450724958,-0.23215835796702,0.73787410438981,-0.468157770118715,1.267959858131,1.27955012318937,1.3739769243514,0.82321020542366
158,"Pink","Hood Canal-Odd","WC",2019,466969,466969,55297,47.5644,-122.9956,"SC",12.5824665682656,0.464349181218156,982.8,797.2,260.684735027627,8.44474383782122,1.03513042331822,2.13354421680045,-0.253093916878626,0.681393355753373,1.88056510081582,2.29953681807861,2.93814238030694
159,"Pink","Snohomish-Odd","WC",1959,82669,82669,85000,48.02139,-122.2072,"SC",12.1069246133169,-0.0958523668654866,295.2,182.1,-20.9204295127874,0.972576470588235,-0.495190856889991,-0.027806573585333,-0.593430436068806,-0.190477084055974,-1.3329488853113,-1.29460390560577,-0.997965699780003
159,"Pink","Snohomish-Odd","WC",1961,983024,983024,50168,48.02139,-122.2072,"SC",12.0468501647313,-0.155926815451014,318.2,224.2,26.8582160885894,19.5946420028704,4.41669203571981,2.97525616166436,-0.659646949406282,-0.284334591444585,-1.22545787065027,-1.0486059793058,-0.330144449718376
159,"Pink","Snohomish-Odd","WC",1963,303210,303210,275042,48.02139,-122.2072,"SC",11.5310045083364,-0.67177247184596,344.5,205.1,11.278580937552,1.10241344958225,-0.46094417062185,0.0975018214770048,-0.232155785526759,-1.09026770687788,-1.10254423214657,-1.16021073921862,-0.547907245023943
159,"Pink","Snohomish-Odd","WC",1965,210943,210943,185015,48.02139,-122.2072,"SC",11.9558103481928,-0.246966631989507,272.9,175.2,-17.7751125688447,1.14013998864957,-0.450993161614771,0.131151051928487,-0.403299390436983,-0.426570940751301,-1.43716843430874,-1.33492185552192,-0.954002346133092
159,"Pink","Snohomish-Odd","WC",1967,109266,109266,95013,48.02139,-122.2072,"SC",11.7783599297206,-0.42441705046179,305.9,220.8,25.6382346910747,1.15001105111932,-0.448389502917888,0.13977155199796,-0.574395469714645,-0.70381117108255,-1.28294219588204,-1.06847279520651,-0.347196617934645
159,"Pink","Snohomish-Odd","WC",1969,191706,191706,70009,48.02139,-122.2072,"SC",11.5663098891576,-0.636467091024739,324.9,202.8,2.28046936379511,2.73830507506178,-0.0294502487780567,1.007339143253,-0.621928706378926,-1.03510823193792,-1.19414527072728,-1.17365005585733,-0.67367745143614
159,"Pink","Snohomish-Odd","WC",1971,207379,207379,125000,48.02139,-122.2072,"SC",11.6215970118841,-0.581179968298293,258.2,158.6,-50.3442287528231,1.659032,-0.314126669052723,0.506234299750432,-0.517389423967892,-0.948730218456784,-1.50586921324426,-1.43191866256657,-1.40923391684049
159,"Pink","Snohomish-Odd","WC",1973,129011,129011,110000,48.02139,-122.2072,"SC",11.6481247742971,-0.554652205885286,339.2,228.3,8.18300003622602,1.17282727272727,-0.442371340840442,0.159417306251693,-0.545904803505735,-0.907284483784124,-1.12731390074238,-1.024648936602,-0.591175418099382
159,"Pink","Snohomish-Odd","WC",1975,237583,237583,65751,48.02139,-122.2072,"SC",11.4163659016291,-0.78641107855323,381.4,279.1,45.5262969845521,3.61337470152545,0.201364078484308,1.28464215603951,-0.630023272117068,-1.26937370167914,-0.93009125645127,-0.727815334320803,-0.0692132122737937
159,"Pink","Snohomish-Odd","WC",1977,404441,404441,125990,48.02139,-122.2072,"SC",12.539906779925,0.33712979974267,457,319.9,71.1046092155224,3.21010397650607,0.0949946442301318,1.16630332805225,-0.515507408918394,0.485993992390196,-0.576772964782843,-0.48941354351228,0.288305093939161
159,"Pink","Snohomish-Odd","WC",1979,205267,205267,180724,48.02139,-122.2072,"SC",12.3092483679454,0.106471387762999,453.5,297.9,32.6075384498225,1.13580376707023,-0.452136912964867,0.127340565122563,-0.411456690010109,0.125624082780361,-0.593130293100825,-0.61796352875217,-0.24978387025952
159,"Pink","Snohomish-Odd","WC",1981,265291,265291,90096,48.02139,-122.2072,"SC",11.5666562716166,-0.636120708565734,597.3,431,148.341946054577,2.94453693837684,0.0249468727212879,1.07995156819622,-0.58374281112715,-1.03456706019235,0.0789222246494375,0.159763881949166,1.36788226047571
159,"Pink","Snohomish-Odd","WC",1983,565630,565630,198283,48.02139,-122.2072,"SC",11.6946057478587,-0.50817123232367,524.2,326.3,25.7214716941774,2.85263991365876,0.000707487309826082,1.04824485103719,-0.37807658672311,-0.834664785689381,-0.262712261077573,-0.452017184169766,-0.346033181031742
159,"Pink","Snohomish-Odd","WC",1985,244729,244729,302192,48.02139,-122.2072,"SC",12.0917661587397,-0.111010821442623,437.7,270.3,-48.5060334477533,0.809846058135225,-0.53811373929794,-0.21091110106267,-0.180542948563263,-0.21415994417325,-0.666971946650576,-0.779235328416759,-1.38354072543588
159,"Pink","Snohomish-Odd","WC",1987,329570,329570,152418,48.02139,-122.2072,"SC",12.137734413147,-0.0650425670353777,557.7,364.4,27.286769793309,2.16227742130195,-0.181387227695257,0.771162027961021,-0.465267112223321,-0.142341294493476,-0.106149261462596,-0.229391982458866,-0.324154383085007
159,"Pink","Snohomish-Odd","WC",1989,292600,292600,80149,48.02139,-122.2072,"SC",12.5468460321426,0.344069051960288,688.9,486,130.743381846267,3.65070057018802,0.211209403935325,1.29491908621466,-0.602652309811344,0.496835555344524,0.507016874342929,0.481138845048891,1.12190008578332
159,"Pink","Snohomish-Odd","WC",1991,125514,125514,174000,48.02139,-122.2072,"SC",13.3306065400442,1.1278295598618,650.2,398.6,25.6305823493315,0.721344827586207,-0.561457426900965,-0.326637993079491,-0.424239184144272,1.7213462981529,0.326151558369806,-0.0295551872223088,-0.347303577777573
159,"Pink","Snohomish-Odd","WC",1993,169436,169436,1e+05,48.02139,-122.2072,"SC",12.6877340873082,0.484957107125894,690.5,434.9,44.9103454445051,1.69436,-0.304808315053307,0.52730508840977,-0.564915056530963,0.716952460118887,0.514494510145436,0.18255228842351,-0.0778226134460962
159,"Pink","Snohomish-Odd","WC",1995,147012,147012,101600,48.02139,-122.2072,"SC",12.254433631897,0.0516566517146283,609.6,402,-4.11073275407784,1.44696850393701,-0.370061981741486,0.369470680955652,-0.561873416046927,0.0399841041405209,0.136406549881206,-0.00968837132159859,-0.763009841126806
159,"Pink","Snohomish-Odd","WC",1997,253347,253347,103537,48.02139,-122.2072,"SC",13.2002125581106,0.997435577928198,699.2,501.1,79.8710331213849,2.44692235625911,-0.106307340125298,0.894831053781035,-0.55819113003594,1.51762484234395,0.555154154821564,0.569370880372634,0.410836909098327
159,"Pink","Snohomish-Odd","WC",1999,1195100,1195100,237057,48.02139,-122.2072,"SC",12.5825641552607,0.37978717507837,601.2,401.8,-33.5617709907838,5.04140354429525,0.578030696416393,1.6176845243256,-0.304366231643089,0.55263987953553,0.0971489619180473,-0.0108570075510521,-1.1746587885445
159,"Pink","Snohomish-Odd","WC",2001,1648022,1648022,1073369,48.02139,-122.2072,"SC",11.7507197062175,-0.452057273964897,675.5,466.3,17.6774341079921,1.53537320343703,-0.346743755825692,0.428773480762965,1.2854840411604,-0.746994962906662,0.444391674496938,0.366028176447717,-0.458467913509678
159,"Pink","Snohomish-Odd","WC",2003,541646,541646,1392568,48.02139,-122.2072,"SC",13.3639675378799,1.16119055769759,813,594.5,133.341193044483,0.38895479430807,-0.649130886931625,-0.944292152121559,1.89228941670039,1.77346796010051,1.08700100127483,1.11512399952744,1.15821073251641
159,"Pink","Snohomish-Odd","WC",2005,1259510,1259510,482245,48.02139,-122.2072,"SC",12.2671165466309,0.0643395664485057,765.7,550,76.9215300470468,2.61176373005423,-0.0628276561699992,0.960025751754007,0.161742360231884,0.0597992966453556,0.865943392863237,0.855102438474026,0.369610524269445
159,"Pink","Snohomish-Odd","WC",2007,2517254,2517254,1143695,48.02139,-122.2072,"SC",10.8781929413478,-1.3245840388346,878.5,657.6,173.201478578285,2.20098365385876,-0.171177808057912,0.788904375828316,1.41917554658562,-2.11018995193646,1.39311671693994,1.48382872992004,1.71535389507249
159,"Pink","Snohomish-Odd","WC",2009,897289,897289,1929839,48.02139,-122.2072,"SC",12.1781110366186,-0.0246659435637938,861.4,654.8,159.758485773777,0.464955366743029,-0.629084458090277,-0.765813863500546,2.91365518201215,-0.0792587473367413,1.31319948430065,1.46746782270768,1.52745580490525
159,"Pink","Snohomish-Odd","WC",2011,3054656,3054656,433326,48.02139,-122.2072,"SC",12.1125862598419,-0.0901907203404312,798.8,578.3,73.4142570728227,7.049325450123,1.10765385996044,1.95293193141286,0.0687461034577684,-0.181631592452326,1.02063698352759,1.0204644649417,0.320587966336448
159,"Pink","Snohomish-Odd","WC",2013,569619,569619,1907088,48.02139,-122.2072,"SC",12.6539690494537,0.451192069271393,818.9,552.7,38.850982827287,0.298685220608593,-0.672941004773226,-1.20836503403143,2.87040495535445,0.664199544952404,1.11457478329657,0.87087902757165,-0.162516749637573
159,"Pink","Snohomish-Odd","WC",2015,72484,72484,389446,48.02139,-122.2072,"SC",13.5869159301122,1.38413894992985,736.6,512.8,-9.16732517828621,0.186120797235047,-0.702631764078445,-1.68135936856845,-0.0146708868169343,2.12179209563422,0.729943891705152,0.637736099795666,-0.833687857032926
159,"Pink","Snohomish-Odd","WC",2017,628168,628168,57491,48.02139,-122.2072,"SC",13.0466420650482,0.84386508486587,854.2,638.8,109.373894221988,10.9263710841697,2.13028983397356,2.39117923280239,-0.645725741115907,1.27769349005281,1.27955012318937,1.3739769243514,0.82321020542366
159,"Pink","Snohomish-Odd","WC",2019,849784,849784,595953,48.02139,-122.2072,"SC",12.6422004699707,0.439423489788353,982.8,797.2,260.684735027627,1.42592452760536,-0.375612684329053,0.354820394648535,0.377904145331152,0.645812867058719,1.88056510081582,2.29953681807861,2.93814238030694
160,"Pink","Dungeness-Odd","WC",1959,83783,83783,40000,48.1508,-123.1333,"SC",11.9889928272792,-0.129124559768248,295.2,182.1,-20.9204295127874,2.094575,-0.230076305689313,0.73935066883261,-0.206227742945531,-0.240589226563736,-1.3329488853113,-1.29460390560577,-0.997965699780003
160,"Pink","Dungeness-Odd","WC",1961,638225,638225,70000,48.1508,-123.1333,"SC",11.955741746085,-0.162375640962464,318.2,224.2,26.8582160885894,9.1175,1.6927354981103,2.2101956437007,0.0710245962930534,-0.292245964827041,-1.22545787065027,-1.0486059793058,-0.330144449718376
160,"Pink","Dungeness-Odd","WC",1963,101214,101214,4e+05,48.1508,-123.1333,"SC",11.4511053221566,-0.667012064890846,344.5,205.1,11.278580937552,0.253035,-0.734272897446897,-1.37422745990175,3.12080032791748,-1.07621661278098,-1.10254423214657,-1.16021073921862,-0.547907245023943
160,"Pink","Dungeness-Odd","WC",1965,206141,206141,75000,48.1508,-123.1333,"SC",11.8796458584922,-0.238471528555322,272.9,175.2,-17.7751125688447,2.74854666666667,-0.0510249218261547,1.01107228713266,0.117233319499484,-0.410463634963491,-1.43716843430874,-1.33492185552192,-0.954002346133092
160,"Pink","Dungeness-Odd","WC",1967,20471,20471,95000,48.1508,-123.1333,"SC",11.7018674441746,-0.416249942872854,305.9,220.8,25.6382346910747,0.215484210526316,-0.744553955729876,-1.53486764114206,0.302068212325207,-0.686648729927068,-1.28294219588204,-1.06847279520651,-0.347196617934645
160,"Pink","Dungeness-Odd","WC",1969,62553,62553,14400,48.1508,-123.1333,"SC",11.4922501359667,-0.62586725108078,324.9,202.8,2.28046936379511,4.34395833333333,0.385784012426492,1.46878599081154,-0.442816405762457,-1.01229667990828,-1.19414527072728,-1.17365005585733,-0.67367745143614
160,"Pink","Dungeness-Odd","WC",1971,71434,71434,46000,48.1508,-123.1333,"SC",11.5526133605412,-0.56550402650627,258.2,158.6,-50.3442287528231,1.55291304347826,-0.378378331365109,0.44013254998993,-0.150777275097814,-0.918520261801405,-1.50586921324426,-1.43191866256657,-1.40923391684049
160,"Pink","Dungeness-Odd","WC",1973,36419,36419,47000,48.1508,-123.1333,"SC",11.5574064935957,-0.560710893451827,339.2,228.3,8.18300003622602,0.774872340425532,-0.591398668000675,-0.255056985228526,-0.141535530456528,-0.911073958981705,-1.12731390074238,-1.024648936602,-0.591175418099382
160,"Pink","Dungeness-Odd","WC",1975,65109,65109,24300,48.1508,-123.1333,"SC",11.3088447366442,-0.809272650403294,381.4,279.1,45.5262969845521,2.67938271604938,-0.0699613707622214,0.985586438160456,-0.351323133813724,-1.29722349637908,-0.93009125645127,-0.727815334320803,-0.0692132122737937
160,"Pink","Dungeness-Odd","WC",1977,115931,115931,35700,48.1508,-123.1333,"SC",12.4562704903739,0.338153103326392,457,319.9,71.1046092155224,3.24736694677871,0.085547449738979,1.17784449775445,-0.245967244903062,0.48534325658714,-0.576772964782843,-0.48941354351228,0.288305093939161
160,"Pink","Dungeness-Odd","WC",1979,6184,6184,50100,48.1508,-123.1333,"SC",12.2047363689968,0.0866189819492704,453.5,297.9,32.6075384498225,0.123433133732535,-0.769756687784048,-2.0920556968057,-0.112886122068541,0.0945760452482029,-0.593130293100825,-0.61796352875217,-0.24978387025952
160,"Pink","Dungeness-Odd","WC",1981,5712,5712,2900,48.1508,-123.1333,"SC",11.4832988807133,-0.634818506334158,597.3,431,148.341946054577,1.96965517241379,-0.264278197210491,0.677858488044855,-0.549096469137247,-1.02620277357937,0.0789222246494375,0.159763881949166,1.36788226047571
160,"Pink","Dungeness-Odd","WC",1983,6559,6559,4888,48.1508,-123.1333,"SC",11.5957348006112,-0.522382586436264,524.2,326.3,25.7214716941774,1.34185761047463,-0.436163353679232,0.294054930442304,-0.53072388079037,-0.851529569672555,-0.262712261077573,-0.452017184169766,-0.346033181031742
160,"Pink","Dungeness-Odd","WC",1985,2308,2308,4730,48.1508,-123.1333,"SC",12.0046112196786,-0.113506167368875,437.7,270.3,-48.5060334477533,0.487949260042283,-0.66995554932056,-0.717543853857988,-0.532184076443694,-0.216325498008397,-0.666971946650576,-0.779235328416759,-1.38354072543588
160,"Pink","Dungeness-Odd","WC",1987,15663,15663,1906,48.1508,-123.1333,"SC",12.0460322925023,-0.0720850945452171,557.7,364.4,27.286769793309,8.21773347324239,1.44638775862663,2.10629443786451,-0.558282763310686,-0.151976386924178,-0.106149261462596,-0.229391982458866,-0.324154383085007
160,"Pink","Dungeness-Odd","WC",1989,13887,13887,10902,48.1508,-123.1333,"SC",12.4806068965367,0.362489509489207,688.9,486,130.743381846267,1.27380297193176,-0.454796083246123,0.242006892075154,-0.475144028517675,0.523150729856331,0.507016874342929,0.481138845048891,1.12190008578332
160,"Pink","Dungeness-Odd","WC",1991,1861,1861,9895,48.1508,-123.1333,"SC",13.253890650613,1.13577326356549,650.2,398.6,25.6305823493315,0.188074785245073,-0.752058402447752,-1.67091560139442,-0.484450465371451,1.72447456814803,0.326151558369806,-0.0295551872223088,-0.347303577777573
160,"Pink","Dungeness-Odd","WC",1993,9460,9460,1695,48.1508,-123.1333,"SC",12.6135498455593,0.495432458511768,690.5,434.9,44.9103454445051,5.5811209439528,0.724507673994664,1.71938964223137,-0.560232771429997,0.729682333490468,0.514494510145436,0.18255228842351,-0.0778226134460962
160,"Pink","Dungeness-Odd","WC",1995,5615,5615,8252,48.1508,-123.1333,"SC",12.1608693940299,0.0427520069824108,609.6,402,-4.11073275407784,0.680441105186621,-0.617253065387057,-0.385014007018599,-0.499634651817084,0.0264271381185246,0.136406549881206,-0.00968837132159859,-0.763009841126806
160,"Pink","Dungeness-Odd","WC",1997,7332,7332,4935,48.1508,-123.1333,"SC",13.1130666051592,0.994949218111728,699.2,501.1,79.8710331213849,1.48571428571429,-0.396776728703717,0.395895657092014,-0.53028951879223,1.50569940066715,0.555154154821564,0.569370880372634,0.410836909098327
160,"Pink","Dungeness-Odd","WC",1999,81138,81138,7306,48.1508,-123.1333,"SC",12.4737072672163,0.355589880168788,601.2,401.8,-33.5617709907838,11.1056665754175,2.2370770878514,2.40745548034619,-0.50837734224774,0.512431910103164,0.0971489619180473,-0.0108570075510521,-1.1746587885445
160,"Pink","Dungeness-Odd","WC",2001,15461,15461,80344,48.1508,-123.1333,"SC",11.695175579616,-0.422941807431477,675.5,466.3,17.6774341079921,0.192435029373693,-0.750864607999148,-1.64799669197058,0.166621202862517,-0.697044779727049,0.444391674496938,0.366028176447717,-0.458467913509678
160,"Pink","Dungeness-Odd","WC",2003,8779,8779,15116,48.1508,-123.1333,"SC",13.2947526318686,1.17663524482115,813,594.5,133.341193044483,0.580775337390844,-0.644540629294185,-0.543391279543171,-0.436199316599296,1.78795511057956,1.08700100127483,1.11512399952744,1.15821073251641
160,"Pink","Dungeness-Odd","WC",2005,6359,6359,8667,48.1508,-123.1333,"SC",12.1863466671535,0.0682292801060069,765.7,550,76.9215300470468,0.733702549901927,-0.602670575244273,-0.309651577866937,-0.49579932779095,0.0660069888223649,0.865943392863237,0.855102438474026,0.369610524269445
160,"Pink","Dungeness-Odd","WC",2007,44172,44172,6223,48.1508,-123.1333,"SC",10.7951271363667,-1.32299025068078,878.5,657.6,173.201478578285,7.09818415555198,1.13986552707911,1.9598389985978,-0.518386151694253,-2.09530207505108,1.39311671693994,1.48382872992004,1.71535389507249
160,"Pink","Dungeness-Odd","WC",2009,29325,29325,41477,48.1508,-123.1333,"SC",12.067200422287,-0.0509169647604926,861.4,654.8,159.758485773777,0.707018347517901,-0.60997646265144,-0.346698662194708,-0.192577686110351,-0.119090943788471,1.31319948430065,1.46746782270768,1.52745580490525
160,"Pink","Dungeness-Odd","WC",2011,414519,414519,27405,48.1508,-123.1333,"SC",11.9866244792938,-0.131492907753664,798.8,578.3,73.4142570728227,15.1256704980843,3.33771692009003,2.71639333338619,-0.32262751670253,-0.244268539464405,1.02063698352759,1.0204644649417,0.320587966336448
160,"Pink","Dungeness-Odd","WC",2013,356797,356797,394016,48.1508,-123.1333,"SC",12.6004411833627,0.48232379631521,818.9,552.7,38.850982827287,0.905539368959636,-0.555623246102706,-0.0992245250117036,3.06549772798403,0.709317560143264,1.11457478329657,0.87087902757165,-0.162516749637573
160,"Pink","Dungeness-Odd","WC",2015,18403,18403,337616,48.1508,-123.1333,"SC",13.516598701477,1.39848131442956,736.6,512.8,-9.16732517828621,0.0545086725747595,-0.78862756672476,-2.90939546016064,2.54426333021549,2.13260087669973,0.729943891705152,0.637736099795666,-0.833687857032926
160,"Pink","Dungeness-Odd","WC",2017,49343,49343,17753,48.1508,-123.1333,"SC",12.9600353240967,0.841917937049198,854.2,638.8,109.373894221988,2.77941756322875,-0.0425727563390606,1.02224139612239,-0.411828835980224,1.267959858131,1.27955012318937,1.3739769243514,0.82321020542366
160,"Pink","Dungeness-Odd","WC",2019,160226,160226,48233,48.1508,-123.1333,"SC",12.5824665682656,0.464349181218156,982.8,797.2,260.684735027627,3.32191653017644,0.105958435037197,1.20054188449868,-0.130140459313822,0.681393355753373,1.88056510081582,2.29953681807861,2.93814238030694
161,"Pink","Stillaguamish-Odd","WC",1959,205979,205979,125000,48.23861,-122.3758,"SC",12.1069246133169,-0.0958523668654866,295.2,182.1,-20.9204295127874,1.647832,-0.331661993525573,0.499460484543294,-0.29059680083525,-0.190477084055974,-1.3329488853113,-1.29460390560577,-0.997965699780003
161,"Pink","Stillaguamish-Odd","WC",1961,2287418,2287418,125000,48.23861,-122.3758,"SC",12.0468501647313,-0.155926815451014,318.2,224.2,26.8582160885894,18.299344,4.31434364074182,2.90686521221032,-0.29059680083525,-0.284334591444585,-1.22545787065027,-1.0486059793058,-0.330144449718376
161,"Pink","Stillaguamish-Odd","WC",1963,303185,303185,640000,48.23861,-122.3758,"SC",11.5310045083364,-0.67177247184596,344.5,205.1,11.278580937552,0.4737265625,-0.659253894960649,-0.74712499610481,2.1111738755841,-1.09026770687788,-1.10254423214657,-1.16021073921862,-0.547907245023943
161,"Pink","Stillaguamish-Odd","WC",1965,233114,233114,185000,48.23861,-122.3758,"SC",11.9558103481928,-0.246966631989507,272.9,175.2,-17.7751125688447,1.26007567567568,-0.439851452088473,0.231171779219913,-0.0107788579514419,-0.426570940751301,-1.43716843430874,-1.33492185552192,-0.954002346133092
161,"Pink","Stillaguamish-Odd","WC",1967,117056,117056,105000,48.23861,-122.3758,"SC",11.7783599297206,-0.42441705046179,305.9,220.8,25.6382346910747,1.11481904761905,-0.480380090710946,0.108692102610877,-0.383869448463186,-0.70381117108255,-1.28294219588204,-1.06847279520651,-0.347196617934645
161,"Pink","Stillaguamish-Odd","WC",1969,306729,306729,75000,48.23861,-122.3758,"SC",11.5663098891576,-0.636467091024739,324.9,202.8,2.28046936379511,4.08972,0.349659042441006,1.40847650805354,-0.52377841990509,-1.03510823193792,-1.19414527072728,-1.17365005585733,-0.67367745143614
161,"Pink","Stillaguamish-Odd","WC",1971,65984,65984,2e+05,48.23861,-122.3758,"SC",11.6215970118841,-0.581179968298293,258.2,158.6,-50.3442287528231,0.32992,-0.699377944933986,-1.10890507815354,0.0591756277695101,-0.948730218456784,-1.50586921324426,-1.43191866256657,-1.40923391684049
161,"Pink","Stillaguamish-Odd","WC",1973,58918,58918,35000,48.23861,-122.3758,"SC",11.6481247742971,-0.554652205885286,339.2,228.3,8.18300003622602,1.68337142857143,-0.321745993982619,0.520798585197597,-0.710323715160962,-0.907284483784124,-1.12731390074238,-1.024648936602,-0.591175418099382
161,"Pink","Stillaguamish-Odd","WC",1975,71653,71653,30000,48.23861,-122.3758,"SC",11.4163659016291,-0.78641107855323,381.4,279.1,45.5262969845521,2.38843333333333,-0.125023823525599,0.870637641937866,-0.733641877067946,-1.26937370167914,-0.93009125645127,-0.727815334320803,-0.0692132122737937
161,"Pink","Stillaguamish-Odd","WC",1977,299923,299923,38000,48.23861,-122.3758,"SC",12.539906779925,0.33712979974267,457,319.9,71.1046092155224,7.89271052631579,1.4107467930506,2.06593961531862,-0.696332818016771,0.485993992390196,-0.576772964782843,-0.48941354351228,0.288305093939161
161,"Pink","Stillaguamish-Odd","WC",1979,46884,46884,135000,48.23861,-122.3758,"SC",12.3092483679454,0.106471387762999,453.5,297.9,32.6075384498225,0.347288888888889,-0.694531781075789,-1.0575983125775,-0.243960477021282,0.125624082780361,-0.593130293100825,-0.61796352875217,-0.24978387025952
161,"Pink","Stillaguamish-Odd","WC",1981,168700,168700,18000,48.23861,-122.3758,"SC",11.5666562716166,-0.636120708565734,597.3,431,148.341946054577,9.37222222222222,1.82355132846731,2.23775023165576,-0.789605465644707,-1.03456706019235,0.0789222246494375,0.159763881949166,1.36788226047571
161,"Pink","Stillaguamish-Odd","WC",1983,374856,374856,126100,48.23861,-122.3758,"SC",11.6946057478587,-0.50817123232367,524.2,326.3,25.7214716941774,2.97268834258525,0.0379915269622935,1.08946670925266,-0.285466805215713,-0.834664785689381,-0.262712261077573,-0.452017184169766,-0.346033181031742
161,"Pink","Stillaguamish-Odd","WC",1985,188426,188426,2e+05,48.23861,-122.3758,"SC",12.0917661587397,-0.111010821442623,437.7,270.3,-48.5060334477533,0.94213,-0.528562759540921,-0.0596120096811995,0.0591756277695101,-0.21415994417325,-0.666971946650576,-0.779235328416759,-1.38354072543588
161,"Pink","Stillaguamish-Odd","WC",1987,339913,339913,119000,48.23861,-122.3758,"SC",12.137734413147,-0.0650425670353777,557.7,364.4,27.286769793309,2.85641176470588,0.00554872921750779,1.04956620940226,-0.318578595123631,-0.142341294493476,-0.106149261462596,-0.229391982458866,-0.324154383085007
161,"Pink","Stillaguamish-Odd","WC",1989,146866,146866,70400,48.23861,-122.3758,"SC",12.5468460321426,0.344069051960288,688.9,486,130.743381846267,2.08616477272727,-0.209360995767835,0.735327343261195,-0.545231128859515,0.496835555344524,0.507016874342929,0.481138845048891,1.12190008578332
161,"Pink","Stillaguamish-Odd","WC",1991,131730,131730,86000,48.23861,-122.3758,"SC",13.3306065400442,1.1278295598618,650.2,398.6,25.6305823493315,1.53174418604651,-0.364052123484804,0.426407076988228,-0.472478463709725,1.7213462981529,0.326151558369806,-0.0295551872223088,-0.347303577777573
161,"Pink","Stillaguamish-Odd","WC",1993,310020,310020,110000,48.23861,-122.3758,"SC",12.6877340873082,0.484957107125894,690.5,434.9,44.9103454445051,2.81836363636364,-0.00506723278350472,1.03615644573473,-0.360551286556202,0.716952460118887,0.514494510145436,0.18255228842351,-0.0778226134460962
161,"Pink","Stillaguamish-Odd","WC",1995,128134,128134,208000,48.23861,-122.3758,"SC",12.254433631897,0.0516566517146283,609.6,402,-4.11073275407784,0.616028846153846,-0.619549559905377,-0.484461488373194,0.0964846868206845,0.0399841041405209,0.136406549881206,-0.00968837132159859,-0.763009841126806
161,"Pink","Stillaguamish-Odd","WC",1997,237809,237809,88572,48.23861,-122.3758,"SC",13.2002125581106,0.997435577928198,699.2,501.1,79.8710331213849,2.68492300049677,-0.0422990436891858,0.987652049894782,-0.460483601224772,1.51762484234395,0.555154154821564,0.569370880372634,0.410836909098327
161,"Pink","Stillaguamish-Odd","WC",1999,854506,854506,224486,48.23861,-122.3758,"SC",12.5825641552607,0.37978717507837,601.2,401.8,-33.5617709907838,3.80650018263945,0.270636737007524,1.33671017974507,0.173369330260392,0.55263987953553,0.0971489619180473,-0.0108570075510521,-1.1746587885445
161,"Pink","Stillaguamish-Odd","WC",2001,217964,217964,774279,48.23861,-122.3758,"SC",11.7507197062175,-0.452057273964897,675.5,466.3,17.6774341079921,0.281505762134838,-0.712886197031472,-1.26760236221637,2.73740176812568,-0.746994962906662,0.444391674496938,0.366028176447717,-0.458467913509678
161,"Pink","Stillaguamish-Odd","WC",2003,125761,125761,184433,48.23861,-122.3758,"SC",13.3639675378799,1.16119055769759,813,594.5,133.341193044483,0.681879056351087,-0.601176426727196,-0.382902973593304,-0.0134231375116939,1.77346796010051,1.08700100127483,1.11512399952744,1.15821073251641
161,"Pink","Stillaguamish-Odd","WC",2005,258475,258475,117879,48.23861,-122.3758,"SC",12.2671165466309,0.0643395664485057,765.7,550,76.9215300470468,2.19271456323857,-0.179632108262272,0.785140302842503,-0.323806527023176,0.0597992966453556,0.865943392863237,0.855102438474026,0.369610524269445
161,"Pink","Stillaguamish-Odd","WC",2007,1216236,1216236,239896,48.23861,-122.3758,"SC",10.8781929413478,-1.3245840388346,878.5,657.6,173.201478578285,5.06984693367126,0.623128217860865,1.62331062654996,0.245235905257717,-2.11018995193646,1.39311671693994,1.48382872992004,1.71535389507249
161,"Pink","Stillaguamish-Odd","WC",2009,335028,335028,952534,48.23861,-122.3758,"SC",12.1781110366186,-0.0246659435637938,861.4,654.8,159.758485773777,0.351722878133484,-0.693294635823594,-1.04491169148001,3.56871755827157,-0.0792587473367413,1.31319948430065,1.46746782270768,1.52745580490525
161,"Pink","Stillaguamish-Odd","WC",2011,389283,389283,179577,48.23861,-122.3758,"SC",12.1125862598419,-0.0901907203404312,798.8,578.3,73.4142570728227,2.16777761071852,-0.186589868128741,0.773702500234046,-0.0360697363557567,-0.181631592452326,1.02063698352759,1.0204644649417,0.320587966336448
161,"Pink","Stillaguamish-Odd","WC",2013,125343,125343,246481,48.23861,-122.3758,"SC",12.6539690494537,0.451192069271393,818.9,552.7,38.850982827287,0.508530069254831,-0.649543227936825,-0.676230931997318,0.275945924489215,0.664199544952404,1.11457478329657,0.87087902757165,-0.162516749637573
161,"Pink","Stillaguamish-Odd","WC",2015,22359,22359,91228,48.23861,-122.3758,"SC",13.5869159301122,1.38413894992985,736.6,512.8,-9.16732517828621,0.245089226991713,-0.723046921622455,-1.40613294293624,-0.448096993619783,2.12179209563422,0.729943891705152,0.637736099795666,-0.833687857032926
161,"Pink","Stillaguamish-Odd","WC",2017,57880,57880,21462,48.23861,-122.3758,"SC",13.0466420650482,0.84386508486587,854.2,638.8,109.373894221988,2.69685956574411,-0.0389685743964923,0.992087972258347,-0.773459970340312,1.27769349005281,1.27955012318937,1.3739769243514,0.82321020542366
161,"Pink","Stillaguamish-Odd","WC",2019,250162,250162,55322,48.23861,-122.3758,"SC",12.6422004699707,0.439423489788353,982.8,797.2,260.684735027627,4.52192617765084,0.47025063415538,1.50893804856791,-0.615549377906216,0.645812867058719,1.88056510081582,2.29953681807861,2.93814238030694
162,"Pink","Skagit-Odd","WC",1959,615898,615898,2e+05,48.3875,-122.3656,"SC",12.1069246133169,-0.0958523668654866,295.2,182.1,-20.9204295127874,3.07949,0.0758064275571612,1.12476399885929,-0.724878435803873,-0.190477084055974,-1.3329488853113,-1.29460390560577,-0.997965699780003
162,"Pink","Skagit-Odd","WC",1961,5008979,5008979,4e+05,48.3875,-122.3656,"SC",12.0468501647313,-0.155926815451014,318.2,224.2,26.8582160885894,12.5224475,3.5515495111538,2.52752283378726,-0.103532129019401,-0.284334591444585,-1.22545787065027,-1.0486059793058,-0.330144449718376
162,"Pink","Skagit-Odd","WC",1963,266258,266258,1190000,48.3875,-122.3656,"SC",11.5310045083364,-0.67177247184596,344.5,205.1,11.278580937552,0.223746218487395,-0.975329479505487,-1.49724282258498,2.35078578277926,-1.09026770687788,-1.10254423214657,-1.16021073921862,-0.547907245023943
162,"Pink","Skagit-Odd","WC",1965,243063,243063,150000,48.3875,-122.3656,"SC",11.9558103481928,-0.246966631989507,272.9,175.2,-17.7751125688447,1.62042,-0.46124485759194,0.482685374901678,-0.88021501249999,-0.426570940751301,-1.43716843430874,-1.33492185552192,-0.954002346133092
162,"Pink","Skagit-Odd","WC",1967,155912,155912,1e+05,48.3875,-122.3656,"SC",11.7783599297206,-0.42441705046179,305.9,220.8,25.6382346910747,1.55912,-0.483808027131194,0.444121559531632,-1.03555158919611,-0.70381117108255,-1.28294219588204,-1.06847279520651,-0.347196617934645
162,"Pink","Skagit-Odd","WC",1969,499705,499705,1e+05,48.3875,-122.3656,"SC",11.5663098891576,-0.636467091024739,324.9,202.8,2.28046936379511,4.99705,0.781617706214464,1.60884773831561,-1.03555158919611,-1.03510823193792,-1.19414527072728,-1.17365005585733,-0.67367745143614
162,"Pink","Skagit-Odd","WC",1971,510767,510767,300555,48.3875,-122.3656,"SC",11.6215970118841,-0.581179968298293,258.2,158.6,-50.3442287528231,1.69941275307348,-0.43216937831022,0.530282752015707,-0.41248104641031,-0.948730218456784,-1.50586921324426,-1.43191866256657,-1.40923391684049
162,"Pink","Skagit-Odd","WC",1973,212626,212626,251181,48.3875,-122.3656,"SC",11.6481247742971,-0.554652205885286,339.2,228.3,8.18300003622602,0.846505109861017,-0.746105752782141,-0.16663904096997,-0.565872809166193,-0.907284483784124,-1.12731390074238,-1.024648936602,-0.591175418099382
162,"Pink","Skagit-Odd","WC",1975,934557,934557,103135,48.3875,-122.3656,"SC",11.4163659016291,-0.78641107855323,381.4,279.1,45.5262969845521,9.06149221893635,2.27764868285988,2.20403381056952,-1.02581198583726,-1.26937370167914,-0.93009125645127,-0.727815334320803,-0.0692132122737937
162,"Pink","Skagit-Odd","WC",1977,1146601,1146601,504924,48.3875,-122.3656,"SC",12.539906779925,0.33712979974267,457,319.9,71.1046092155224,2.27083877969754,-0.221840139845928,0.820149269717293,0.222438570445868,0.485993992390196,-0.576772964782843,-0.48941354351228,0.288305093939161
162,"Pink","Skagit-Odd","WC",1979,408984,408984,300384,48.3875,-122.3656,"SC",12.3092483679454,0.106471387762999,453.5,297.9,32.6075384498225,1.3615372323426,-0.556533858855322,0.30861437931862,-0.413012297502611,0.125624082780361,-0.593130293100825,-0.61796352875217,-0.24978387025952
162,"Pink","Skagit-Odd","WC",1981,556769,556769,100268,48.3875,-122.3656,"SC",11.5666562716166,-0.636120708565734,597.3,431,148.341946054577,5.55280847329158,0.98618006601471,1.71430383099143,-1.03471898514502,-1.03456706019235,0.0789222246494375,0.159763881949166,1.36788226047571
162,"Pink","Skagit-Odd","WC",1983,1320537,1320537,470128,48.3875,-122.3656,"SC",11.6946057478587,-0.50817123232367,524.2,326.3,25.7214716941774,2.80888821767689,-0.0237960829188711,1.03278875298244,0.114336739991506,-0.834664785689381,-0.262712261077573,-0.452017184169766,-0.346033181031742
162,"Pink","Skagit-Odd","WC",1985,1162609,1162609,710030,48.3875,-122.3656,"SC",12.0917661587397,-0.111010821442623,437.7,270.3,-48.5060334477533,1.63740827852344,-0.454991849296597,0.493114673843022,0.859647848442547,-0.21415994417325,-0.666971946650576,-0.779235328416759,-1.38354072543588
162,"Pink","Skagit-Odd","WC",1987,1443525,1443525,593535,48.3875,-122.3656,"SC",12.137734413147,-0.0650425670353777,557.7,364.4,27.286769793309,2.43208066921075,-0.162490578835876,0.888747133459546,0.497729158398262,-0.142341294493476,-0.106149261462596,-0.229391982458866,-0.324154383085007
162,"Pink","Skagit-Odd","WC",1989,708469,708469,401300,48.3875,-122.3656,"SC",12.5468460321426,0.344069051960288,688.9,486,130.743381846267,1.76543483678046,-0.407868114557929,0.568397026489885,-0.0994933780253023,0.496835555344524,0.507016874342929,0.481138845048891,1.12190008578332
162,"Pink","Skagit-Odd","WC",1991,782503,782503,351000,48.3875,-122.3656,"SC",13.3306065400442,1.1278295598618,650.2,398.6,25.6305823493315,2.22935327635328,-0.237110032918977,0.801711532806908,-0.255761974181597,1.7213462981529,0.326151558369806,-0.0295551872223088,-0.347303577777573
162,"Pink","Skagit-Odd","WC",1993,1716170,1716170,530000,48.3875,-122.3656,"SC",12.6877340873082,0.484957107125894,690.5,434.9,44.9103454445051,3.23805660377358,0.134171275260378,1.17497333619394,0.300342970390505,0.716952460118887,0.514494510145436,0.18255228842351,-0.0778226134460962
162,"Pink","Skagit-Odd","WC",1995,140873,140873,857000,48.3875,-122.3656,"SC",12.254433631897,0.0516566517146283,609.6,402,-4.11073275407784,0.164379229871645,-0.997181150454462,-1.80557914332176,1.31624418198312,0.0399841041405209,0.136406549881206,-0.00968837132159859,-0.763009841126806
162,"Pink","Skagit-Odd","WC",1997,353892,353892,60000,48.3875,-122.3656,"SC",13.2002125581106,0.997435577928198,699.2,501.1,79.8710331213849,5.8982,1.11331102155376,1.77464721961809,-1.159820850553,1.51762484234395,0.555154154821564,0.569370880372634,0.410836909098327
162,"Pink","Skagit-Odd","WC",1999,1200342,1200342,320000,48.3875,-122.3656,"SC",12.5825641552607,0.37978717507837,601.2,401.8,-33.5617709907838,3.75106875,0.322999660757986,1.32204079937753,-0.35207065173319,0.55263987953553,0.0971489619180473,-0.0108570075510521,-1.1746587885445
162,"Pink","Skagit-Odd","WC",2001,876931,876931,894061,48.3875,-122.3656,"SC",11.7507197062175,-0.452057273964897,675.5,466.3,17.6774341079921,0.980840233496372,-0.69665997513677,-0.0193456935400111,1.43138275936181,-0.746994962906662,0.444391674496938,0.366028176447717,-0.458467913509678
162,"Pink","Skagit-Odd","WC",2003,85276,85276,567080,48.3875,-122.3656,"SC",13.3639675378799,1.16119055769759,813,594.5,133.341193044483,0.150377371799393,-1.0023349236608,-1.89460733224714,0.415540575668346,1.77346796010051,1.08700100127483,1.11512399952744,1.15821073251641
162,"Pink","Skagit-Odd","WC",2005,315038,315038,60000,48.3875,-122.3656,"SC",12.2671165466309,0.0643395664485057,765.7,550,76.9215300470468,5.25063333333333,0.874956103316083,1.65834870424836,-1.159820850553,0.0597992966453556,0.865943392863237,0.855102438474026,0.369610524269445
162,"Pink","Skagit-Odd","WC",2007,1585213,1585213,3e+05,48.3875,-122.3656,"SC",10.8781929413478,-1.3245840388346,878.5,657.6,173.201478578285,5.28404333333333,0.887253582831686,1.66469158748439,-0.414205282411637,-2.11018995193646,1.39311671693994,1.48382872992004,1.71535389507249
162,"Pink","Skagit-Odd","WC",2009,1308070,1308070,1110000,48.3875,-122.3656,"SC",12.1781110366186,-0.0246659435637938,861.4,654.8,159.758485773777,1.17844144144144,-0.623927355952006,0.164192753098362,2.10224726006547,-0.0792587473367413,1.31319948430065,1.46746782270768,1.52745580490525
162,"Pink","Skagit-Odd","WC",2011,1624120,1624120,908497,48.3875,-122.3656,"SC",12.1125862598419,-0.0901907203404312,798.8,578.3,73.4142570728227,1.78769990434751,-0.399672837325984,0.580929823933009,1.47623153578551,-0.181631592452326,1.02063698352759,1.0204644649417,0.320587966336448
162,"Pink","Skagit-Odd","WC",2013,412392,412392,9e+05,48.3875,-122.3656,"SC",12.6539690494537,0.451192069271393,818.9,552.7,38.850982827287,0.458213333333333,-0.889027338173534,-0.780420410011757,1.44983363794178,0.664199544952404,1.11457478329657,0.87087902757165,-0.162516749637573
162,"Pink","Skagit-Odd","WC",2015,117609,117609,290000,48.3875,-122.3656,"SC",13.5869159301122,1.38413894992985,736.6,512.8,-9.16732517828621,0.405548275862069,-0.908412177007444,-0.902515359832066,-0.445272597750861,2.12179209563422,0.729943891705152,0.637736099795666,-0.833687857032926
162,"Pink","Skagit-Odd","WC",2017,307732,307732,110000,48.3875,-122.3656,"SC",13.0466420650482,0.84386508486587,854.2,638.8,109.373894221988,2.79756363636364,-0.0279644099683324,1.02874890852829,-1.00448427385688,1.27769349005281,1.27955012318937,1.3739769243514,0.82321020542366
162,"Pink","Skagit-Odd","WC",2019,619972,619972,3e+05,48.3875,-122.3656,"SC",12.6422004699707,0.439423489788353,982.8,797.2,260.684735027627,2.06657333333333,-0.297025717290089,0.725891841072812,-0.414205282411637,0.645812867058719,1.88056510081582,2.29953681807861,2.93814238030694
163,"Pink","Nooksack-Odd","WC",1959,182400,182400,30000,48.775,-122.5978,"SC",12.0896712303162,-0.0788657554208307,295.2,182.1,-20.9204295127874,6.08,1.5198417060881,1.80500469597808,-0.55804731129871,-0.162846760846646,-1.3329488853113,-1.29460390560577,-0.997965699780003
163,"Pink","Nooksack-Odd","WC",1961,591801,591801,1e+05,48.775,-122.5978,"SC",12.0213764190674,-0.147160566669628,318.2,224.2,26.8582160885894,5.91801,1.4426732675256,1.77800024373664,0.423999305740933,-0.269018670320614,-1.22545787065027,-1.0486059793058,-0.330144449718376
163,"Pink","Nooksack-Odd","WC",1963,31244,31244,150000,48.775,-122.5978,"SC",11.4867887020111,-0.681748283725888,344.5,205.1,11.278580937552,0.208293333333333,-1.27730895237031,-1.5688079363482,1.12546117505496,-1.10009496533258,-1.10254423214657,-1.16021073921862,-0.547907245023943
163,"Pink","Nooksack-Odd","WC",1965,62741,62741,15251,48.775,-122.5978,"SC",11.9090961933136,-0.259440792423409,272.9,175.2,-17.7751125688447,4.11389417087404,0.58323255192873,1.41437006675649,-0.764964533508963,-0.443570817789314,-1.43716843430874,-1.33492185552192,-0.954002346133092
163,"Pink","Nooksack-Odd","WC",1967,31759,31759,20000,48.775,-122.5978,"SC",11.7282702445984,-0.440266741138618,305.9,220.8,25.6382346910747,1.58795,-0.620071155475395,0.462443876183149,-0.698339685161516,-0.724684945004558,-1.28294219588204,-1.06847279520651,-0.347196617934645
163,"Pink","Nooksack-Odd","WC",1969,69924,69924,15000,48.775,-122.5978,"SC",11.5248473644257,-0.643689621311344,324.9,202.8,2.28046936379511,4.6616,0.844147445596418,1.53935873684673,-0.768485872092919,-1.04092852520792,-1.19414527072728,-1.17365005585733,-0.67367745143614
163,"Pink","Nooksack-Odd","WC",1971,203146,203146,40000,48.775,-122.5978,"SC",11.5642496109009,-0.604287374836123,258.2,158.6,-50.3442287528231,5.07865,1.04282080384378,1.62504547824163,-0.417754937435904,-0.97967333364442,-1.50586921324426,-1.43191866256657,-1.40923391684049
163,"Pink","Nooksack-Odd","WC",1973,105782,105782,75000,48.775,-122.5978,"SC",11.6140748500824,-0.55446213565462,339.2,228.3,8.18300003622602,1.41042666666667,-0.704639329077119,0.343892259088601,0.0732683710839176,-0.902214436150352,-1.12731390074238,-1.024648936602,-0.591175418099382
163,"Pink","Nooksack-Odd","WC",1975,58222,58222,36000,48.775,-122.5978,"SC",11.3850476264954,-0.783489359241646,381.4,279.1,45.5262969845521,1.61727777777778,-0.606100053446757,0.480744351727536,-0.473871886981026,-1.25826282701817,-0.93009125645127,-0.727815334320803,-0.0692132122737937
163,"Pink","Nooksack-Odd","WC",1977,141271,141271,25000,48.775,-122.5978,"SC",12.5053750514984,0.336838065761402,457,319.9,71.1046092155224,5.65084,1.3153994127769,1.73180420667405,-0.628193498230113,0.48341124416863,-0.576772964782843,-0.48941354351228,0.288305093939161
163,"Pink","Nooksack-Odd","WC",1979,56041,56041,31000,48.775,-122.5978,"SC",12.2779029369354,0.109365951198418,453.5,297.9,32.6075384498225,1.80777419354839,-0.515351791475213,0.59209636122131,-0.544018073912429,0.129780443912798,-0.593130293100825,-0.61796352875217,-0.24978387025952
163,"Pink","Nooksack-Odd","WC",1981,83007,83007,15000,48.775,-122.5978,"SC",11.5220394134521,-0.646497572284858,597.3,431,148.341946054577,5.5338,1.2596441559749,1.71087474048759,-0.768485872092919,-1.04529379851516,0.0789222246494375,0.159763881949166,1.36788226047571
163,"Pink","Nooksack-Odd","WC",1983,40138,40138,60000,48.775,-122.5978,"SC",11.6553834915161,-0.513153494220889,524.2,326.3,25.7214716941774,0.668966666666667,-1.05785440690013,-0.402021045705609,-0.137170189710292,-0.837995540767257,-0.262712261077573,-0.452017184169766,-0.346033181031742
163,"Pink","Nooksack-Odd","WC",1985,47614,47614,23000,48.775,-122.5978,"SC",12.0524895191193,-0.116047466617739,437.7,270.3,-48.5060334477533,2.07017391304348,-0.39035039242173,0.727632619711167,-0.656251973002674,-0.220649882388399,-0.666971946650576,-0.779235328416759,-1.38354072543588
163,"Pink","Nooksack-Odd","WC",1987,212294,212294,37000,48.775,-122.5978,"SC",12.1059006690979,-0.0626363166391001,557.7,364.4,27.286769793309,5.73767567567568,1.35676600024163,1.74705419377206,-0.459842649594746,-0.137616286178959,-0.106149261462596,-0.229391982458866,-0.324154383085007
163,"Pink","Nooksack-Odd","WC",1989,58266,58266,136000,48.775,-122.5978,"SC",12.5176969528198,0.349159967082824,688.9,486,130.743381846267,0.428426470588235,-1.1724424144493,-0.84763615289578,0.929051851647035,0.502567015562144,0.507016874342929,0.481138845048891,1.12190008578332
163,"Pink","Nooksack-Odd","WC",1991,63098,63098,24000,48.775,-122.5978,"SC",13.2755833148956,1.10704632915863,650.2,398.6,25.6305823493315,2.62908333333333,-0.124098356730396,0.966635242975824,-0.642222735616394,1.68078598644017,0.326151558369806,-0.0295551872223088,-0.347303577777573
163,"Pink","Nooksack-Odd","WC",1993,260726,260726,56000,48.775,-122.5978,"SC",12.6793529510498,0.510815965312801,690.5,434.9,44.9103454445051,4.65582142857143,0.841394662497061,1.53811835672359,-0.193287139255414,0.753879314346765,0.514494510145436,0.18255228842351,-0.0778226134460962
163,"Pink","Nooksack-Odd","WC",1995,30971,30971,220000,48.775,-122.5978,"SC",12.2084557533264,0.0399187675894222,609.6,402,-4.11073275407784,0.140777272727273,-1.30947210426155,-1.9605762635763,2.10750779209461,0.0218170429379371,0.136406549881206,-0.00968837132159859,-0.763009841126806
163,"Pink","Nooksack-Odd","WC",1997,97851,97851,26000,48.775,-122.5978,"SC",13.1894389152527,1.02090192951568,699.2,501.1,79.8710331213849,3.7635,0.416312550399308,1.32534937549245,-0.614164260843832,1.54686489882985,0.555154154821564,0.569370880372634,0.410836909098327
163,"Pink","Nooksack-Odd","WC",1999,240729,240729,95000,48.775,-122.5978,"SC",12.5694643497467,0.400927364009702,601.2,401.8,-33.5617709907838,2.53398947368421,-0.169398959644182,0.929794927858832,0.35385311880953,0.583045214121046,0.0971489619180473,-0.0108570075510521,-1.1746587885445
163,"Pink","Nooksack-Odd","WC",2001,53973,53973,226000,48.775,-122.5978,"SC",11.7137022018433,-0.454834783893737,675.5,466.3,17.6774341079921,0.238818584070796,-1.26276740081689,-1.43205107774969,2.19168321641229,-0.747332594047393,0.444391674496938,0.366028176447717,-0.458467913509678
163,"Pink","Nooksack-Odd","WC",2003,5622,5622,51000,48.775,-122.5978,"SC",13.3364649772644,1.1679279915274,813,594.5,133.341193044483,0.110235294117647,-1.32402162460178,-2.20513816023999,-0.263433326186817,1.77543332827254,1.08700100127483,1.11512399952744,1.15821073251641
163,"Pink","Nooksack-Odd","WC",2005,10181,10181,3700,48.775,-122.5978,"SC",12.2394476413727,0.0709106556356767,765.7,550,76.9215300470468,2.75162162162162,-0.0657238374926129,1.01219041847488,-0.92701625455789,0.0699973932735891,0.865943392863237,0.855102438474026,0.369610524269445
163,"Pink","Nooksack-Odd","WC",2007,51202,51202,9300,48.775,-122.5978,"SC",10.8433406829834,-1.32519630275361,878.5,657.6,173.201478578285,5.50559139784946,1.24620620436068,1.70576419362333,-0.848452525194719,-2.10040675444553,1.39311671693994,1.48382872992004,1.71535389507249
163,"Pink","Nooksack-Odd","WC",2009,65073,65073,45000,48.775,-122.5978,"SC",12.1676364421845,-0.000900543552544164,861.4,654.8,159.758485773777,1.44606666666667,-0.687661224562227,0.368847226869289,-0.347608750504501,-0.0416411338709328,1.31319948430065,1.46746782270768,1.52745580490525
163,"Pink","Nooksack-Odd","WC",2011,328285,328285,53850,48.775,-122.5978,"SC",12.0982347011566,-0.0703022845803892,798.8,578.3,73.4142570728227,6.09628597957289,1.52759998508125,1.80767972994358,-0.223449999635917,-0.149533889279549,1.02063698352759,1.0204644649417,0.320587966336448
163,"Pink","Nooksack-Odd","WC",2013,336099,336099,224000,48.775,-122.5978,"SC",12.5731621742249,0.40462518848786,818.9,552.7,38.850982827287,1.50044196428571,-0.661758040330897,0.405759707566625,2.16362474163973,0.588793895149175,1.11457478329657,0.87087902757165,-0.162516749637573
163,"Pink","Nooksack-Odd","WC",2015,35523,35523,247000,48.775,-122.5978,"SC",13.5580549240112,1.38951793827422,736.6,512.8,-9.16732517828621,0.143817813765182,-1.30802365803474,-1.93920796261105,2.48629720152418,2.11991964189068,0.729943891705152,0.637736099795666,-0.833687857032926
163,"Pink","Nooksack-Odd","WC",2017,69276,69276,24000,48.775,-122.5978,"SC",13.0248155593872,0.856278573650207,854.2,638.8,109.373894221988,2.8865,-0.00147077338185751,1.06004469551885,-0.642222735616394,1.29093951128355,1.27955012318937,1.3739769243514,0.82321020542366
163,"Pink","Nooksack-Odd","WC",2019,130045,130045,50000,48.775,-122.5978,"SC",12.5897170066834,0.421180020946347,982.8,797.2,260.684735027627,2.6009,-0.137524270841265,0.95585753897617,-0.277462563573098,0.61453023061888,1.88056510081582,2.29953681807861,2.93814238030694
166,"Pink","Fraser-Odd","WC",1961,6460055,6460055,1092561,49.12333,-123.0569,"SC",11.8123912811279,-0.149506545813355,318.2,224.2,26.8582160885894,5.91276368092949,1.62030541817207,1.777113350021,-0.971894524843373,-0.272617830078751,-1.28859841392565,-1.10580203421814,-0.363592651456706
166,"Pink","Fraser-Odd","WC",1963,1889246,1889246,1954038,49.12333,-123.0569,"SC",11.2862903390612,-0.675607487880084,344.5,205.1,11.278580937552,0.966841995907961,-0.901610858737855,-0.0337201930449512,-0.816744857874787,-1.06855414347278,-1.16387392442821,-1.21884229354539,-0.581464911456866
166,"Pink","Fraser-Odd","WC",1965,5482350,5482350,1194099,49.12333,-123.0569,"SC",11.7131859234401,-0.248711903501167,272.9,175.2,-17.7751125688447,4.59120223700045,0.946443693576906,1.52414191504845,-0.953607806933718,-0.42270527595327,-1.50342804792694,-1.39580060526709,-0.987764147878274
166,"Pink","Fraser-Odd","WC",1967,2319887,2319887,1831219,49.12333,-123.0569,"SC",11.540483048984,-0.421414777957299,305.9,220.8,25.6382346910747,1.2668539371861,-0.748635327348421,0.236536612283138,-0.838864226061535,-0.683986863222753,-1.34692963905183,-1.12592438404603,-0.380653391432827
166,"Pink","Fraser-Odd","WC",1969,12962791,12962791,1530913,49.12333,-123.0569,"SC",11.3427294322423,-0.619168394699027,324.9,202.8,2.28046936379511,8.46735967360653,2.92288916800616,2.13621873322012,-0.89294852069583,-0.983167632699085,-1.25682449454797,-1.23245447137013,-0.707298339858909
166,"Pink","Fraser-Odd","WC",1971,3931461,3931461,1804952,49.12333,-123.0569,"SC",11.3774076529912,-0.584490173950117,258.2,158.6,-50.3442287528231,2.17815266001534,-0.283965801910866,0.778477113888857,-0.843594841391096,-0.930703071298526,-1.57314097551677,-1.49404501913265,-1.44322455374912
166,"Pink","Fraser-Odd","WC",1973,9763328,9763328,1754261,49.12333,-123.0569,"SC",11.3970979281834,-0.564799898757867,339.2,228.3,8.18300003622602,5.56549339009418,1.44323294215671,1.7165856402933,-0.852724152757858,-0.900913721397979,-1.18900851736876,-1.08153684766099,-0.624754834516477
166,"Pink","Fraser-Odd","WC",1975,6803984,6803984,1367089,49.12333,-123.0569,"SC",11.1267367090498,-0.835161117891516,381.4,279.1,45.5262969845521,4.97698686771673,1.14315455993201,1.60482466127875,-0.922452777967308,-1.30994228385712,-0.98888024904967,-0.780885267879628,-0.102530249465966
166,"Pink","Fraser-Odd","WC",1977,4893955,4893955,2387811,49.12333,-123.0569,"SC",12.2922778470176,0.330380020076278,457,319.9,71.1046092155224,2.04955710481273,-0.349536436558369,0.717623723376112,-0.738623519185578,0.453400911877939,-0.63035662144486,-0.539417069944993,0.255167773544552
166,"Pink","Fraser-Odd","WC",1979,8209485,8209485,3560654,49.12333,-123.0569,"SC",12.0313435622624,0.0694457353211179,453.5,297.9,32.6075384498225,2.30561155338317,-0.218974749020818,0.835345957259921,-0.527397681633981,0.0586343261534297,-0.646954937537675,-0.669620510007786,-0.28319167645519
166,"Pink","Fraser-Odd","WC",1981,14404120,14404120,4488336,49.12333,-123.0569,"SC",11.316054889134,-0.645842937807279,597.3,431,148.341946054577,3.20923388979791,0.241780601247894,1.16603224504287,-0.360324674051943,-1.02352345760913,0.0349987350757077,0.118110302372112,1.33528762040745
166,"Pink","Fraser-Odd","WC",1983,18684689,18684689,4631721,49.12333,-123.0569,"SC",11.4281222139086,-0.533775613032677,524.2,326.3,25.7214716941774,4.03407048913352,0.662363250575963,1.39477591313581,-0.334501425145366,-0.853977185780335,-0.311668952462806,-0.501539705563089,-0.379489369695103
166,"Pink","Fraser-Odd","WC",1985,15346097,15346097,6460950,49.12333,-123.0569,"SC",11.8420831475939,-0.119814679347369,437.7,270.3,-48.5060334477533,2.37520751592258,-0.183487897041966,0.865084808794918,-0.00506225246950923,-0.227697106994915,-0.72188447875667,-0.832966643904745,-1.41751844692732
166,"Pink","Fraser-Odd","WC",1987,19038024,19038024,3223521,49.12333,-123.0569,"SC",11.8831453323364,-0.0787524946048481,557.7,364.4,27.286769793309,5.90597176193361,1.6168422312965,1.77596400205964,-0.58811441890511,-0.16557426833305,-0.152799355574431,-0.276051020727071,-0.357599573745097
166,"Pink","Fraser-Odd","WC",1989,7171773,7171773,7189201,49.12333,-123.0569,"SC",12.346659387861,0.384761560919704,688.9,486,130.743381846267,0.997575808493879,-0.885939744808442,-0.00242713461575371,0.126093773889337,0.535674558767005,0.469400379104817,0.443618902529095,1.08918179574267
166,"Pink","Fraser-Odd","WC",1991,16484275,16484275,12942835,49.12333,-123.0569,"SC",13.0729782581329,1.11108043119166,650.2,398.6,25.6305823493315,1.27362166016951,-0.745184477974653,0.241864543006004,1.16230762400853,1.6345198900104,0.285870426878545,-0.0736438548112737,-0.380760405042178
166,"Pink","Fraser-Odd","WC",1993,22173639,22173639,10768335,49.12333,-123.0569,"SC",12.503628219877,0.541730392935693,690.5,434.9,44.9103454445051,2.05915204161089,-0.344643996113856,0.722294267772512,0.77068608237342,0.773152167116786,0.476988180747247,0.141191821292335,-0.111143978399898
166,"Pink","Fraser-Odd","WC",1995,16983498,16983498,7174584,49.12333,-123.0569,"SC",11.9836242539542,0.021726427012932,609.6,402,-4.11073275407784,2.36717529545964,-0.18758351133092,0.861697385863041,0.123461291905395,-0.0135600519507501,0.0933299602018875,-0.0535215049833877,-0.79667563502914
166,"Pink","Fraser-Odd","WC",1997,12903708,12903708,2842108,49.12333,-123.0569,"SC",12.9769259861537,1.01502815921246,699.2,501.1,79.8710331213849,4.54018918352153,0.920432232398096,1.51296868156426,-0.65680586386242,1.48920273670535,0.518246852177959,0.532985809117649,0.37776118282362
166,"Pink","Fraser-Odd","WC",1999,8175964,8175964,3444982,49.12333,-123.0569,"SC",12.3161041736603,0.354206346719001,601.2,401.8,-33.5617709907838,2.37329658035949,-0.184462279534774,0.864279950832283,-0.548229894539944,0.489447679852221,0.0534940015791309,-0.0547051726203221,-1.20853150955872
166,"Pink","Fraser-Odd","WC",2001,3608265,3608265,19813620,49.12333,-123.0569,"SC",11.5603755882808,-0.401522238660462,675.5,466.3,17.6774341079921,0.182110336223265,-1.30174407385906,-1.70314253261141,2.39971733380085,-0.653891508651117,0.405852540349467,0.327027640291049,-0.491980620705671
166,"Pink","Fraser-Odd","WC",2003,21261774,21261774,22181030,49.12333,-123.0569,"SC",13.1624470778874,1.20054925094612,813,594.5,133.341193044483,0.958556658550121,-0.905835536861187,-0.0423266065584137,2.82608144227745,1.76987696099251,1.05792924399578,1.08575859556605,1.12551069506041
166,"Pink","Fraser-Odd","WC",2005,24250000,24250000,8809624,49.12333,-123.0569,"SC",12.0542481967381,0.0923503697968294,765.7,550,76.9215300470468,2.75267139664531,0.00898023435265431,1.01257185712029,0.417927553314947,0.0932866692049715,0.83361485794145,0.82239254634813,0.3365140743738
166,"Pink","Fraser-Odd","WC",2007,9870000,9870000,7650052,49.12333,-123.0569,"SC",10.64023906844,-1.32165875850126,878.5,657.6,173.201478578285,1.29018730853071,-0.736737684656794,0.254787408244427,0.209091786804527,-2.0459628981154,1.36855487373275,1.45920573501888,1.68293392155509
166,"Pink","Fraser-Odd","WC",2009,8490000,8490000,15428836,49.12333,-123.0569,"SC",11.9152426719666,-0.0466551549747182,861.4,654.8,159.758485773777,0.550268341694733,-1.11402099096331,-0.597349225746771,1.61002964935984,-0.117014313137757,1.28746024367929,1.4426343881018,1.49494137904108
166,"Pink","Fraser-Odd","WC",2011,19936153,19936153,12784508,49.12333,-123.0569,"SC",11.8035734721592,-0.158324354782035,798.8,578.3,73.4142570728227,1.55939931360675,-0.599466983505799,0.444300691728298,1.13379336150107,-0.285958263067092,0.990587504419217,0.989881516974359,0.287466873850571
166,"Pink","Fraser-Odd","WC",2013,20645120,20645120,9344490,49.12333,-123.0569,"SC",12.4263485499791,0.464450723037802,818.9,552.7,38.850982827287,2.20933619705302,-0.268065374319153,0.792692107087139,0.514255466622928,0.6562360192057,1.08590926255224,0.838372059446746,-0.195880688520218
166,"Pink","Fraser-Odd","WC",2015,15897819,15897819,5315845,49.12333,-123.0569,"SC",13.3842803069523,1.42238248001106,736.6,512.8,-9.16732517828621,2.99064758283961,0.130323849496803,1.09548994684141,-0.211292551588421,2.10548769348165,0.695611715569757,0.602230365878316,-0.867389179260541
166,"Pink","Fraser-Odd","WC",2017,5812085,5812085,3392159,49.12333,-123.0569,"SC",12.817697252546,0.85579942560476,854.2,638.8,109.373894221988,1.71338814011961,-0.520948367001795,0.538472778684006,-0.557743173313819,1.24830613097747,1.25331513628835,1.34794097714704,0.790341770375523
166,"Pink","Fraser-Odd","WC",2019,3563091,3563091,8307419,49.12333,-123.0569,"SC",12.4238950525011,0.461997225559856,982.8,797.2,260.684735027627,0.428904693503482,-1.17590408966372,-0.846520544400778,0.327481797363298,0.652524131274372,1.86318469329865,2.28540574559915,2.90633707637944
206,"Pink","Hecate Lowlands-Even","WC",1954,2271842,2271842,617914,52.45,-129.1,"SC",9.48628757216713,-1.02422511013478,397.4,260.8,37.9015701708315,3.67663137588726,0.869700089199007,1.30199694597116,-0.552450738683739,-1.4695112229854,-0.388122211207484,-0.245186834919384,1.20167329781544
206,"Pink","Hecate Lowlands-Even","WC",1956,1264102,1264102,997293,52.45,-129.1,"SC",10.9793109677055,0.468798285403554,307.9,187,-27.3109075478651,1.26753321240598,-0.637525003063788,0.23707265922155,0.441508242408772,0.563625316657438,-0.894536308575085,-0.816491865308466,0.284634348752906
206,"Pink","Hecate Lowlands-Even","WC",1958,1343417,1343417,386030,52.45,-129.1,"SC",10.6442790681666,0.133766385864647,262.6,125.1,-81.3866324102306,3.48008444939512,0.746732721614453,1.24705656055951,-1.1599782622727,0.107392950216257,-1.15085539919802,-1.29567589486245,-0.475795980416458
206,"Pink","Hecate Lowlands-Even","WC",1960,3794721,3794721,485666,52.45,-129.1,"SC",10.8799587488174,0.369446066515528,265.4,162.9,-37.047339703769,7.81343762997616,3.45784626045439,2.05584502449805,-0.898935618794453,0.428331638661852,-1.13501227659881,-1.00305624515097,0.147717491362762
206,"Pink","Hecate Lowlands-Even","WC",1962,2805238,2805238,1174319,52.45,-129.1,"SC",11.2858126163483,0.775299934046358,245.6,146.2,-49.0768726509801,2.38882109546043,0.0639961132645348,0.870799978750247,0.90530983023225,0.981006385955261,-1.2470457864075,-1.13233529674308,-0.0214456908615011
206,"Pink","Hecate Lowlands-Even","WC",1964,3895026,3895026,842691,52.45,-129.1,"SC",9.44184652241793,-1.06866615988398,275.7,161.1,-31.9369804200911,4.62212839581768,1.46123963486846,1.53085529074322,0.0364567071501933,-1.53002917761036,-1.076732218466,-1.01699051418485,0.219581016117201
206,"Pink","Hecate Lowlands-Even","WC",1966,4919483,4919483,1205156,52.45,-129.1,"SC",10.3827498826114,-0.127762799690542,270.1,172,-21.6750197658039,4.08203004424323,1.12333319331174,1.40659442453774,0.986101632361386,-0.248746508096495,-1.10841846366442,-0.932610773924133,0.363888025188728
206,"Pink","Hecate Lowlands-Even","WC",1968,2650760,2650760,1316518,52.45,-129.1,"SC",9.88650803132491,-0.624004650977001,268.2,132.2,-65.2451763112484,2.01346278592469,-0.170842579196249,0.699856018856322,1.27786596315572,-0.924507814560633,-1.1191691539996,-1.24071294478437,-0.248809605183152
206,"Pink","Hecate Lowlands-Even","WC",1970,2212040,2212040,788075,52.45,-129.1,"SC",9.2581906968897,-1.25232198541221,224.7,126.2,-78.1640583855578,2.80689020715033,0.325556337331318,1.03207718266762,-0.106635197544976,-1.78012396561941,-1.36530338009446,-1.28716050823064,-0.430479102416361
206,"Pink","Hecate Lowlands-Even","WC",1972,1792555,1792555,749848,52.45,-129.1,"SC",10.0162372155623,-0.494275466739616,238.3,133.9,-80.3137308338856,2.39055781971813,0.0650826752067677,0.871526736082092,-0.206788526986572,-0.74784806125785,-1.28835107032687,-1.22755280180793,-0.460708491511909
206,"Pink","Hecate Lowlands-Even","WC",1974,2907742,2907742,782915,52.45,-129.1,"SC",9.53590950098905,-0.974603181312863,305,199,-27.5920951201788,3.7139944949324,0.893075903187699,1.31210798068181,-0.120154207143392,-1.40193816488271,-0.910945256981409,-0.723596738415932,0.28068019818503
206,"Pink","Hecate Lowlands-Even","WC",1976,2160680,2160680,1388152,52.45,-129.1,"SC",10.139318596233,-0.371194086068894,349.6,234.1,-6.89603449935734,1.55651542482379,-0.45672654147502,0.442449620791826,1.46554439989466,-0.580241007584651,-0.65858694700828,-0.451878492255271,0.571714895000593
206,"Pink","Hecate Lowlands-Even","WC",1978,1279809,1279809,1038646,52.45,-129.1,"SC",10.4818764708259,-0.0286362114760266,408,244.5,-12.4122105457951,1.23218979325006,-0.659637214598246,0.208792906209099,0.549851576502432,-0.11376008447358,-0.328144675653332,-0.371369382281742,0.494144643701601
206,"Pink","Hecate Lowlands-Even","WC",1980,853385,853385,702365,52.45,-129.1,"SC",10.6061469208111,0.0956342385091394,373.1,223.2,-50.6883073338683,1.21501640884725,-0.670381548840559,0.194757581925393,-0.331192234886102,0.055466193840431,-0.52561788233634,-0.53625823251599,-0.0441062064525997
206,"Pink","Hecate Lowlands-Even","WC",1982,1588954,1588954,628620,52.45,-129.1,"SC",11.354180671952,0.843667989650078,479.5,308.8,17.2345438819623,2.52768604244217,0.1508754009994,0.927304276500213,-0.524401413730127,1.07410713200361,0.0764207764336346,0.12639367265075,0.911046891164451
206,"Pink","Hecate Lowlands-Even","WC",1984,2865332,2865332,1016612,52.45,-129.1,"SC",9.99589357592843,-0.514619106373483,442.8,261.8,-47.8680562837991,2.81851089697938,0.332826690845857,1.03620869476561,0.492123309546717,-0.775551175095545,-0.131237294777438,-0.237445574345006,-0.00444692421823573
206,"Pink","Hecate Lowlands-Even","WC",1986,2204648,2204648,1328543,52.45,-129.1,"SC",10.3949065100063,-0.115606172295613,384.8,212.2,-115.764248823289,1.65944798173638,-0.392327948283104,0.506485005941731,1.30937101943885,-0.232192123597689,-0.459416262903928,-0.621412098834145,-0.959225138908117
206,"Pink","Hecate Lowlands-Even","WC",1988,2909735,2909735,929644,52.45,-129.1,"SC",10.7381285970861,0.227615914784208,523,303,-43.2216979870615,3.12994544148082,0.527672200748909,1.14101557356335,0.264270358625202,0.235193296175222,0.322555002528502,0.0814943613193588,0.0608916686165313
206,"Pink","Hecate Lowlands-Even","WC",1990,729752,729752,1350469,52.45,-129.1,"SC",10.4126507585699,-0.0978619237320205,472.3,277.2,-86.9838643363977,0.540369308736446,-1.09246689725988,-0.615502468112822,1.36681633037972,-0.208028751321706,0.0356813183213807,-0.118230161499588,-0.554506065706774
206,"Pink","Hecate Lowlands-Even","WC",1992,708367,708367,364747,52.45,-129.1,"SC",11.2821352806958,0.771622598393912,698.6,453.7,72.1190405954069,1.94207765930906,-0.215503878465998,0.663758358415129,-1.21573893693996,0.975998744744908,1.31614511982181,1.24810232987809,1.68285043163157
206,"Pink","Hecate Lowlands-Even","WC",1994,1513255,1513255,477515,52.45,-129.1,"SC",11.246404951269,0.735892268967064,677.1,424.3,26.1281093358687,3.16902086845439,0.552119300878834,1.15342266587309,-0.920290938026369,0.927342683126391,1.19449257129216,1.02050926899139,1.03611108443817
206,"Pink","Hecate Lowlands-Even","WC",1996,519469,519469,1305916,52.45,-129.1,"SC",11.2667862068523,0.756273524550395,636.1,443.6,29.8031196413841,0.397781327436068,-1.18167545942177,-0.921852853241468,1.25008911436456,0.955097020783858,0.962503990375158,1.16991559807688,1.08779026772118
206,"Pink","Hecate Lowlands-Even","WC",1998,1189307,1189307,457943,52.45,-129.1,"SC",9.5777269710194,-0.93278571128251,567.9,381.8,-46.6131174327623,2.59706338998522,0.194280555939372,0.954381341310411,-0.971568855828732,-1.34499289090495,0.576610789922975,0.691505694580329,0.0132004317073708
206,"Pink","Hecate Lowlands-Even","WC",2000,1651720,1651720,1103046,52.45,-129.1,"SC",9.96001044186679,-0.550502240435121,574.2,382.9,-59.1918651272497,1.49741715214053,-0.493700709173065,0.403741725363862,0.718577200172582,-0.824415319646551,0.612257815771197,0.700021081212145,-0.163685985889492
206,"Pink","Hecate Lowlands-Even","WC",2002,1025609,1025609,1351720,52.45,-129.1,"SC",11.2913944504478,0.78088176814586,594.2,361.3,-93.6727903862989,0.758743674725535,-0.955843438359345,-0.276091273083988,1.3700939042184,0.988607493144763,0.725422977194125,0.532809852805584,-0.648567906779863
206,"Pink","Hecate Lowlands-Even","WC",2004,459758,459758,850779,52.45,-129.1,"SC",11.754961122166,1.24444843986411,580.1,347.5,-119.692201844423,0.540396507201047,-1.09244988084729,-0.615452136275516,0.0576469687067799,1.61987311272413,0.645641538390961,0.425980456879171,-1.01446128445079
206,"Pink","Hecate Lowlands-Even","WC",2006,368844,368844,427320,52.45,-129.1,"SC",10.1893921657042,-0.321120516597704,524.7,331.7,-147.116423405168,0.863156416736872,-0.890518784056327,-0.147159356654793,-1.05179998585437,-0.512052924218742,0.332174041249451,0.303668539804001,-1.40010955605009
206,"Pink","Hecate Lowlands-Even","WC",2008,393015,393015,367560,52.45,-129.1,"SC",10.0246757160534,-0.485836966248558,647.1,410.3,-79.512118210272,1.06925399934705,-0.761576156199323,0.0669612084471311,-1.20836898073835,-0.736356865781989,1.02474482915777,0.912131620950097,-0.44943595558581
206,"Pink","Hecate Lowlands-Even","WC",2010,764768,764768,388933,52.45,-129.1,"SC",10.4344050559131,-0.0761076263888586,652.5,437.6,-62.470593004989,1.96632324847724,-0.200334899084028,0.676165427577468,-1.15237250939204,-0.178404663075795,1.05529942274196,1.12346803463061,-0.209792517529557
206,"Pink","Hecate Lowlands-Even","WC",2012,1637689,1637689,752950,52.45,-129.1,"SC",10.873517296531,0.363004614229071,609.4,359.3,-150.178710666804,2.17503021448967,-0.0697597399342636,0.777042556163549,-0.19866140144892,0.419559939537044,0.81142849987555,0.517327331656829,-1.44317242975736
206,"Pink","Hecate Lowlands-Even","WC",2014,348086,348086,1397904,52.45,-129.1,"SC",12.1574323610826,1.64691967878069,685.7,432.2,-85.8055900084864,0.2490056541794,-1.27475528126129,-1.39027967522745,1.49109428005042,2.16794153847145,1.24315359070402,1.08166522752897,-0.537936791095922
206,"Pink","Hecate Lowlands-Even","WC",2016,113096,113096,263258,52.45,-129.1,"SC",11.0103232101961,0.499810527894148,950.1,701.3,175.537619931456,0.429601379635187,-1.16176760268159,-0.844897524351329,-1.48163637204338,0.605856485688219,2.73919702471512,3.16483844809404,3.13715593612369
206,"Pink","Hecate Lowlands-Even","WC",2018,537834,537834,110542,52.45,-129.1,"SC",11.6693568338047,1.15884415150283,486.1,312.9,-220.09763796564,4.8654267156375,1.61345648435038,1.58215442312506,-1.88174665689447,1.50330078898322,0.113765279703201,0.158132841005699,-2.42639499471323
207,"Pink","Hecate Strait-Fjords-Even","WC",1954,3825450,3825450,719647,52.45,-129.1,"SC",9.48628757216713,-1.02422511013478,397.4,260.8,37.9015701708315,5.31573118487258,0.537087050811124,1.67067057239271,-1.19547787879823,-1.4695112229854,-0.388122211207484,-0.245186834919384,1.20167329781544
207,"Pink","Hecate Strait-Fjords-Even","WC",1956,3283417,3283417,1827670,52.45,-129.1,"SC",10.9793109677055,0.468798285403554,307.9,187,-27.3109075478651,1.79650429235037,-0.379370363105056,0.585842716853508,-0.752198425147735,0.563625316657438,-0.894536308575085,-0.816491865308466,0.284634348752906
207,"Pink","Hecate Strait-Fjords-Even","WC",1958,9013461,9013461,961989,52.45,-129.1,"SC",10.6442790681666,0.133766385864647,262.6,125.1,-81.3866324102306,9.3696092159058,1.59277532841168,2.23747138950077,-1.09852571322354,0.107392950216257,-1.15085539919802,-1.29567589486245,-0.475795980416458
207,"Pink","Hecate Strait-Fjords-Even","WC",1960,32855873,32855873,3255508,52.45,-129.1,"SC",10.8799587488174,0.369446066515528,265.4,162.9,-37.047339703769,10.0923951039285,1.7809991929087,2.31178218022337,-0.180972693785282,0.428331638661852,-1.13501227659881,-1.00305624515097,0.147717491362762
207,"Pink","Hecate Strait-Fjords-Even","WC",1962,9702463,9702463,10716162,52.45,-129.1,"SC",11.2858126163483,0.775299934046358,245.6,146.2,-49.0768726509801,0.905404658869472,-0.611425553231279,-0.0993732983457685,2.80376194529297,0.981006385955261,-1.2470457864075,-1.13233529674308,-0.0214456908615011
207,"Pink","Hecate Strait-Fjords-Even","WC",1964,9539214,9539214,3180325,52.45,-129.1,"SC",9.44184652241793,-1.06866615988398,275.7,161.1,-31.9369804200911,2.99944628300567,-0.0661069278347548,1.0984276993011,-0.211050660726226,-1.53002917761036,-1.076732218466,-1.01699051418485,0.219581016117201
207,"Pink","Hecate Strait-Fjords-Even","WC",1966,18335306,18335306,3259006,52.45,-129.1,"SC",10.3827498826114,-0.127762799690542,270.1,172,-21.6750197658039,5.62604241906888,0.617896569459937,1.72740624986663,-0.179573271996322,-0.248746508096495,-1.10841846366442,-0.932610773924133,0.363888025188728
207,"Pink","Hecate Strait-Fjords-Even","WC",1968,6081341,6081341,5029544,52.45,-129.1,"SC",9.88650803132491,-0.624004650977001,268.2,132.2,-65.2451763112484,1.20912372970591,-0.53233272895012,0.189895906930475,0.528754188090197,-0.924507814560633,-1.1191691539996,-1.24071294478437,-0.248809605183152
207,"Pink","Hecate Strait-Fjords-Even","WC",1970,11684463,11684463,2035198,52.45,-129.1,"SC",9.2581906968897,-1.25232198541221,224.7,126.2,-78.1640583855578,5.74119225746094,0.647883247309521,1.74766689912171,-0.669174066937499,-1.78012396561941,-1.36530338009446,-1.28716050823064,-0.430479102416361
207,"Pink","Hecate Strait-Fjords-Even","WC",1972,8041627,8041627,4109698,52.45,-129.1,"SC",10.0162372155623,-0.494275466739616,238.3,133.9,-80.3137308338856,1.95674402352679,-0.337641627185072,0.671281879412616,0.160757465709348,-0.74784806125785,-1.28835107032687,-1.22755280180793,-0.460708491511909
207,"Pink","Hecate Strait-Fjords-Even","WC",1974,6932165,6932165,3003212,52.45,-129.1,"SC",9.53590950098905,-0.974603181312863,305,199,-27.5920951201788,2.30825030001212,-0.246104325680714,0.836489791644433,-0.281907090488424,-1.40193816488271,-0.910945256981409,-0.723596738415932,0.28068019818503
207,"Pink","Hecate Strait-Fjords-Even","WC",1976,10217631,10217631,3395333,52.45,-129.1,"SC",10.139318596233,-0.371194086068894,349.6,234.1,-6.89603449935734,3.00931631742748,-0.0635366285907082,1.10171291589397,-0.125033828250288,-0.580241007584651,-0.65858694700828,-0.451878492255271,0.571714895000593
207,"Pink","Hecate Strait-Fjords-Even","WC",1978,6155318,6155318,4842456,52.45,-129.1,"SC",10.4818764708259,-0.0286362114760266,408,244.5,-12.4122105457951,1.27111490532903,-0.516189333189561,0.239894393572628,0.453907125868055,-0.11376008447358,-0.328144675653332,-0.371369382281742,0.494144643701601
207,"Pink","Hecate Strait-Fjords-Even","WC",1980,1434578,1434578,3592315,52.45,-129.1,"SC",10.6061469208111,0.0956342385091394,373.1,223.2,-50.6883073338683,0.399346382485946,-0.743210423439786,-0.917926112164974,-0.0462285387039679,0.055466193840431,-0.52561788233634,-0.53625823251599,-0.0441062064525997
207,"Pink","Hecate Strait-Fjords-Even","WC",1982,3916650,3916650,1079426,52.45,-129.1,"SC",11.354180671952,0.843667989650078,479.5,308.8,17.2345438819623,3.62845623507309,0.0976963311208221,1.28880727822555,-1.05154346718862,1.07410713200361,0.0764207764336346,0.12639367265075,0.911046891164451
207,"Pink","Hecate Strait-Fjords-Even","WC",1984,17097241,17097241,2721936,52.45,-129.1,"SC",9.99589357592843,-0.514619106373483,442.8,261.8,-47.8680562837991,6.28127957453812,0.788529770257275,1.83757371363244,-0.394435324654139,-0.775551175095545,-0.131237294777438,-0.237445574345006,-0.00444692421823573
207,"Pink","Hecate Strait-Fjords-Even","WC",1986,17251900,17251900,8735211,52.45,-129.1,"SC",10.3949065100063,-0.115606172295613,384.8,212.2,-115.764248823289,1.97498377543485,-0.332891732854687,0.680560183349644,2.01125594407421,-0.232192123597689,-0.459416262903928,-0.621412098834145,-0.959225138908117
207,"Pink","Hecate Strait-Fjords-Even","WC",1988,10876291,10876291,7203354,52.45,-129.1,"SC",10.7381285970861,0.227615914784208,523,303,-43.2216979870615,1.50989261391291,-0.454008175795422,0.412038531683958,1.39841601743849,0.235193296175222,0.322555002528502,0.0814943613193588,0.0608916686165313
207,"Pink","Hecate Strait-Fjords-Even","WC",1990,14144346,14144346,5431473,52.45,-129.1,"SC",10.4126507585699,-0.0978619237320205,472.3,277.2,-86.9838643363977,2.60414550528006,-0.169048948777833,0.957104600388937,0.689551272199724,-0.208028751321706,0.0356813183213807,-0.118230161499588,-0.554506065706774
207,"Pink","Hecate Strait-Fjords-Even","WC",1992,1862120,1862120,7867158,52.45,-129.1,"SC",11.2821352806958,0.771622598393912,698.6,453.7,72.1190405954069,0.236695386059362,-0.785567087590293,-1.44098125543055,1.66397970560292,0.975998744744908,1.31614511982181,1.24810232987809,1.68285043163157
207,"Pink","Hecate Strait-Fjords-Even","WC",1994,5667216,5667216,1253868,52.45,-129.1,"SC",11.246404951269,0.735892268967064,677.1,424.3,26.1281093358687,4.5197867718133,0.329811651784337,1.50846481835381,-0.981755606779851,0.927342683126391,1.19449257129216,1.02050926899139,1.03611108443817
207,"Pink","Hecate Strait-Fjords-Even","WC",1996,2964731,2964731,5169371,52.45,-129.1,"SC",11.2667862068523,0.756273524550395,636.1,443.6,29.8031196413841,0.573518712431358,-0.697853437956214,-0.555964714468361,0.584693853752,0.955097020783858,0.962503990375158,1.16991559807688,1.08779026772118
207,"Pink","Hecate Strait-Fjords-Even","WC",1998,6226675,6226675,2545948,52.45,-129.1,"SC",9.5777269710194,-0.93278571128251,567.9,381.8,-46.6131174327623,2.44571962978034,-0.210305330532128,0.894339406729633,-0.464841683086269,-1.34499289090495,0.576610789922975,0.691505694580329,0.0132004317073708
207,"Pink","Hecate Strait-Fjords-Even","WC",2000,6843433,6843433,5756327,52.45,-129.1,"SC",9.96001044186679,-0.550502240435121,574.2,382.9,-59.1918651272497,1.18885410783647,-0.53761123067986,0.172989908612885,0.819513469406983,-0.824415319646551,0.612257815771197,0.700021081212145,-0.163685985889492
207,"Pink","Hecate Strait-Fjords-Even","WC",2002,2906515,2906515,5848438,52.45,-129.1,"SC",11.2913944504478,0.78088176814586,594.2,361.3,-93.6727903862989,0.496972866943276,-0.717787079561162,-0.699219848051298,0.856363709659397,0.988607493144763,0.725422977194125,0.532809852805584,-0.648567906779863
207,"Pink","Hecate Strait-Fjords-Even","WC",2004,853749,853749,2542878,52.45,-129.1,"SC",11.754961122166,1.24444843986411,580.1,347.5,-119.692201844423,0.335741234931444,-0.759774120757346,-1.09141454985718,-0.466069877738101,1.61987311272413,0.645641538390961,0.425980456879171,-1.01446128445079
207,"Pink","Hecate Strait-Fjords-Even","WC",2006,924241,924241,815178,52.45,-129.1,"SC",10.1893921657042,-0.321120516597704,524.7,331.7,-147.116423405168,1.13379041141935,-0.551950610992716,0.12556636584227,-1.15725942170241,-0.512052924218742,0.332174041249451,0.303668539804001,-1.40010955605009
207,"Pink","Hecate Strait-Fjords-Even","WC",2008,839848,839848,921529,52.45,-129.1,"SC",10.0246757160534,-0.485836966248558,647.1,410.3,-79.512118210272,0.911363614167324,-0.609873755370927,-0.0928133239607938,-1.11471227856983,-0.736356865781989,1.02474482915777,0.912131620950097,-0.44943595558581
207,"Pink","Hecate Strait-Fjords-Even","WC",2010,3502607,3502607,829663,52.45,-129.1,"SC",10.4344050559131,-0.0761076263888586,652.5,437.6,-62.470593004989,4.22172255482045,0.252191432961093,1.4402432331078,-1.15146450328814,-0.178404663075795,1.05529942274196,1.12346803463061,-0.209792517529557
207,"Pink","Hecate Strait-Fjords-Even","WC",2012,4307992,4307992,3435342,52.45,-129.1,"SC",10.873517296531,0.363004614229071,609.4,359.3,-150.178710666804,1.25402128812794,-0.520640757520251,0.226355418245213,-0.109027691499424,0.419559939537044,0.81142849987555,0.517327331656829,-1.44317242975736
207,"Pink","Hecate Strait-Fjords-Even","WC",2014,8531692,8531692,3636577,52.45,-129.1,"SC",12.1574323610826,1.64691967878069,685.7,432.2,-85.8055900084864,2.34607764389424,-0.236253540037085,0.85274484597272,-0.0285209322937415,2.16794153847145,1.24315359070402,1.08166522752897,-0.537936791095922
207,"Pink","Hecate Strait-Fjords-Even","WC",2016,748633,748633,5911812,52.45,-129.1,"SC",11.0103232101961,0.499810527894148,950.1,701.3,175.537619931456,0.126633424743547,-0.814228808905381,-2.06645878560738,0.881717327856534,0.605856485688219,2.73919702471512,3.16483844809404,3.13715593612369
207,"Pink","Hecate Strait-Fjords-Even","WC",2018,14208909,14208909,726093,52.45,-129.1,"SC",11.6693568338047,1.15884415150283,486.1,312.9,-220.09763796564,19.5689932281402,4.24884195351387,2.97394633543163,-1.19289907009279,1.50330078898322,0.113765279703201,0.158132841005699,-2.42639499471323
208,"Pink","N Haida Gwaii-Even","SEAK",1954,870934,870934,680033,54.09,-132.14,"NC",8.87386859380282,-0.889536563915497,397.4,260.8,37.9015701708315,1.28072314137696,-0.310745347541431,0.247424872605734,-0.401816562083338,-1.16800859660886,-0.265014718796208,-0.104581596022776,1.50315103075278
208,"Pink","N Haida Gwaii-Even","SEAK",1956,1193728,1193728,724076,54.09,-132.14,"NC",10.2543368614637,0.490931703745376,307.9,187,-27.3109075478651,1.64862252028793,-0.0518010028604606,0.499940103053554,-0.350446153330461,0.702027935265285,-0.85279310965018,-0.796169569721778,0.391685992462632
208,"Pink","N Haida Gwaii-Even","SEAK",1958,167077,167077,643036,54.09,-132.14,"NC",10.0490013911174,0.285596233399071,262.6,125.1,-81.3866324102306,0.25982526639255,-1.02929978491658,-1.34774592623136,-0.444968731840851,0.423872442790407,-1.15029435105448,-1.3762413254395,-0.529967036333184
208,"Pink","N Haida Gwaii-Even","SEAK",1960,339237,339237,126966,54.09,-132.14,"NC",10.2211002478233,0.457695090104958,265.4,162.9,-37.047339703769,2.67187278484004,0.668409153469272,0.982779644076927,-1.04689700296445,0.657004313093452,-1.13190575335179,-1.02201333891075,0.225740696139862
208,"Pink","N Haida Gwaii-Even","SEAK",1962,870420,870420,219796,54.09,-132.14,"NC",10.5157748093972,0.752369651678869,245.6,146.2,-49.0768726509801,3.9601266629056,1.57514092677607,1.37627601033708,-0.938622928888449,1.05618204724807,-1.26193940853512,-1.17851088851472,0.0207123677352937
208,"Pink","N Haida Gwaii-Even","SEAK",1964,2959786,2959786,640373,54.09,-132.14,"NC",8.56792898361499,-1.19547617410332,275.7,161.1,-31.9369804200911,4.62197188201251,2.0409777462053,1.53082142832276,-0.44807477362976,-1.58244640803932,-1.06426198323116,-1.03888133826926,0.312840372085482
208,"Pink","N Haida Gwaii-Even","SEAK",1966,2869152,2869152,1672758,54.09,-132.14,"NC",9.72710977150844,-0.0362953862098752,270.1,172,-21.6750197658039,1.71522240515364,-0.0049249695455053,0.539542754515212,0.756067529127505,-0.0121745871010047,-1.10103917863655,-0.936736231042713,0.487742643714386
208,"Pink","N Haida Gwaii-Even","SEAK",1968,887472,887472,2040700,54.09,-132.14,"NC",9.05015664834243,-0.713248509375887,268.2,132.2,-65.2451763112484,0.434886068505905,-0.906084016472628,-0.832671193678933,1.18522382950102,-0.929201874393733,-1.11351715564909,-1.30970643908093,-0.25485612583376
208,"Pink","N Haida Gwaii-Even","SEAK",1970,713316,713316,629830,54.09,-132.14,"NC",8.45040537760808,-1.31299978011024,224.7,126.2,-78.1640583855578,1.132553228649,-0.415034082864533,0.124474578285109,-0.460371806517655,-1.74164850035754,-1.39919715567309,-1.3659331036093,-0.475042296666393
208,"Pink","N Haida Gwaii-Even","SEAK",1972,372717,372717,521552,54.09,-132.14,"NC",9.13892914698674,-0.624476010731578,238.3,133.9,-80.3137308338856,0.714630564162346,-0.709187095036408,-0.33598956329944,-0.586663955529847,-0.808947161279684,-1.30988110968858,-1.29377555079789,-0.511680772210881
208,"Pink","N Haida Gwaii-Even","SEAK",1974,435976,435976,295904,54.09,-132.14,"NC",8.61841071569003,-1.14499444202829,305,199,-27.5920951201788,1.4733697415378,-0.175151893207993,0.387552118567167,-0.849852884400928,-1.51406187115131,-0.871838442985113,-0.683716240665029,0.386893502332499
208,"Pink","N Haida Gwaii-Even","SEAK",1976,351773,351773,430632,54.09,-132.14,"NC",9.49857760392703,-0.26482755379129,349.6,234.1,-6.89603449935734,0.816876126251649,-0.637222010044624,-0.202267815872667,-0.692710263996834,-0.321753236677481,-0.578934351006486,-0.354790253174041,0.739631944653353
208,"Pink","N Haida Gwaii-Even","SEAK",1978,535336,535336,333926,54.09,-132.14,"NC",9.75496938595405,-0.00843577176426856,408,244.5,-12.4122105457951,1.60315758581243,-0.0838012951647618,0.47197517560312,-0.805505185978889,0.0255651407853097,-0.195400741778866,-0.257330701324859,0.64561563005914
208,"Pink","N Haida Gwaii-Even","SEAK",1980,563470,563470,429222,54.09,-132.14,"NC",10.0282931969716,0.264888039253288,373.1,223.2,-50.6883073338683,1.31277054764201,-0.288188922905453,0.272139825778227,-0.694354844891449,0.395820309707063,-0.424601477430303,-0.456935360400587,-0.00675251895777674
208,"Pink","N Haida Gwaii-Even","SEAK",1982,2529414,2529414,545373,54.09,-132.14,"NC",10.6206875947806,0.857282437062237,479.5,308.8,17.2345438819623,4.6379523738799,2.05222554446614,1.53427297010444,-0.558879869366273,1.19830102667235,0.274165235272072,0.345231720204217,1.15090744226977
208,"Pink","N Haida Gwaii-Even","SEAK",1984,2108245,2108245,1848423,54.09,-132.14,"NC",9.07471423882705,-0.68869091889127,442.8,261.8,-47.8680562837991,1.14056414576101,-0.409395634417017,0.131523004703887,0.960957814838606,-0.89593519784864,0.0331432582403321,-0.0952104852680466,0.0413151293054065
208,"Pink","N Haida Gwaii-Even","SEAK",1986,1033016,1033016,1241513,54.09,-132.14,"NC",9.51334503980783,-0.250060117910482,384.8,212.2,-115.764248823289,0.832062169304711,-0.626533381055055,-0.183848118230523,0.253076544802319,-0.301748688057169,-0.347763408458331,-0.560017578702606,-1.11589046815992
208,"Pink","N Haida Gwaii-Even","SEAK",1988,3483143,3483143,847675,54.09,-132.14,"NC",9.87476796370287,0.111362805984547,523,303,-43.2216979870615,4.10905476745215,1.67996331204495,1.41319301846958,-0.206284058299542,0.187848999172329,0.55984523529607,0.290879277826789,0.120506489346502
208,"Pink","N Haida Gwaii-Even","SEAK",1990,1928340,1928340,2113319,54.09,-132.14,"NC",9.59014876072223,-0.173256396996085,472.3,277.2,-86.9838643363977,0.912469911073529,-0.569938748954188,-0.0916001682351455,1.26992441105144,-0.197707351317749,0.226880269750859,0.0491046203547802,-0.625364846917407
208,"Pink","N Haida Gwaii-Even","SEAK",1992,1038130,1038130,1483057,54.09,-132.14,"NC",10.4675488747083,0.704143716990003,698.6,453.7,72.1190405954069,0.699993324599122,-0.719489451125883,-0.356684480271172,0.534806082113691,0.990853302093518,1.71307300550789,1.70310566856445,2.08634497470468
208,"Pink","N Haida Gwaii-Even","SEAK",1994,4925891,4925891,961015,54.09,-132.14,"NC",10.2803451189628,0.516939961244482,677.1,424.3,26.1281093358687,5.12571708037856,2.39553656786792,1.63427043335949,-0.0740877472387382,0.737259742321691,1.57187484457648,1.42759501237542,1.30248713090547
208,"Pink","N Haida Gwaii-Even","SEAK",1996,1201654,1201654,4417164,54.09,-132.14,"NC",10.4369420455052,0.673536887786912,636.1,443.6,29.8031196413841,0.272041970821097,-1.0207011117365,-1.30179892010053,3.95705878775762,0.949392089202623,1.30261323535846,1.60845744994169,1.36512308054007
208,"Pink","N Haida Gwaii-Even","SEAK",1998,737354,737354,1132489,54.09,-132.14,"NC",8.79255071053139,-0.97085444718693,567.9,381.8,-46.6131174327623,0.651091533780902,-0.75390875951024,-0.42910504177133,0.125914284196239,-1.2781649949663,0.854719534171415,1.02932280529944,0.0627039908686209
208,"Pink","N Haida Gwaii-Even","SEAK",2000,1504019,1504019,736793,54.09,-132.14,"NC",9.22741647867056,-0.535988679047757,574.2,382.9,-59.1918651272497,2.0413046812334,0.224586592940678,0.713589153055635,-0.335613433304343,-0.689078746529958,0.896093879002477,1.03963102712964,-0.151685015299859
208,"Pink","N Haida Gwaii-Even","SEAK",2002,305669,305669,1504019,54.09,-132.14,"NC",10.5462204768108,0.782815319092433,594.2,361.3,-93.6727903862989,0.203234799560378,-1.06913073378207,-1.59339332026171,0.55925551808031,1.0974249440494,1.02744100545029,0.837215034827491,-0.739369217066371
208,"Pink","N Haida Gwaii-Even","SEAK",2004,375987,375987,305669,54.09,-132.14,"NC",11.1490329504013,1.38562779268299,580.1,347.5,-119.692201844423,1.23004622647373,-0.346414069132955,0.207051751177093,-0.838463286928643,1.91401839562788,0.934841281304582,0.70789370641223,-1.18283750970418
208,"Pink","N Haida Gwaii-Even","SEAK",2006,916824,916824,375914,54.09,-132.14,"NC",9.38788641416109,-0.375518743557222,524.7,331.7,-147.116423405168,2.43891954010758,0.504446046281882,0.891555129803856,-0.756531666402208,-0.471699869619397,0.571009741044135,0.559830156487512,-1.6502490317533
208,"Pink","N Haida Gwaii-Even","SEAK",2008,1991804,1991804,916824,54.09,-132.14,"NC",9.41353148680467,-0.349873670913647,647.1,410.3,-79.512118210272,2.17250421018647,0.316930798978131,0.775880516100973,-0.125630778667078,-0.436960047032013,1.37485415490476,1.29639946180921,-0.49801828864076
208,"Pink","N Haida Gwaii-Even","SEAK",2010,276306,276306,1803804,54.09,-132.14,"NC",9.82773258135869,0.0643274236403708,652.5,437.6,-62.470593004989,0.153179613749609,-1.10436185411182,-1.8761441000497,0.908915577294738,0.124133022981643,1.41031787904567,1.55223078541332,-0.20756682708892
208,"Pink","N Haida Gwaii-Even","SEAK",2018,1559698,1559698,1114194,54.09,-132.14,"NC",11.1311795069621,1.3677743492438,486.1,312.9,-220.09763796564,1.39984419230403,-0.226902524644239,0.336360939216482,0.104575555496244,1.88983341996915,0.317509786999852,0.383653274298606,-2.89412246324324
167,"Pink","S Southeast Alaska-Even","SEAK",1960,18018178,18018178,1645697.5,55.71556,-131.8714,"NC",9.97797310352326,0.538409418275916,265.4,162.9,-37.047339703769,10.9486573322254,4.22646562639638,2.39321683068269,-1.7634737199148,0.611258857622534,-1.23358133470831,-1.09151697351325,0.240734056666873
167,"Pink","S Southeast Alaska-Even","SEAK",1962,18498952,18498952,7277750,55.71556,-131.8714,"NC",10.1324439287186,0.692880243471225,245.6,146.2,-49.0768726509801,2.54185043454364,-0.10310313817143,0.932892333327226,-0.917827637305267,0.805392126124801,-1.34635142589339,-1.22208639381636,0.0888221849702455
167,"Pink","S Southeast Alaska-Even","SEAK",1964,24066917.5,24066917.5,7241005,55.71556,-131.8714,"NC",8.04369090795517,-1.39587277729218,275.7,161.1,-31.9369804200911,3.32369850593944,0.299554497450755,1.20107817069523,-0.923344855993389,-1.81967607366039,-1.17491810545547,-1.1055903242046,0.30526891826395
167,"Pink","S Southeast Alaska-Even","SEAK",1966,22660571,22660571,8505362.5,55.71556,-131.8714,"NC",9.41866927146912,-0.0208944137782226,270.1,172,-21.6750197658039,2.66426868931218,-0.0400568164812134,0.979929606943601,-0.733503059083119,-0.091653688259368,-1.20681267669973,-1.0203683672403,0.434859456575859
167,"Pink","S Southeast Alaska-Even","SEAK",1968,11799014,11799014,7466695,55.71556,-131.8714,"NC",8.64490840435028,-0.79465528089706,268.2,132.2,-65.2451763112484,1.58021909291862,-0.598350509783742,0.457563503829769,-0.889457766982031,-1.0640879714517,-1.21763404908618,-1.33154578808244,-0.115355091235662
167,"Pink","S Southeast Alaska-Even","SEAK",1970,15278597.5,15278597.5,6428255,55.71556,-131.8714,"NC",8.07322098016739,-1.36634270507995,224.7,126.2,-78.1640583855578,2.37678771299521,-0.18811168090455,0.865749875595177,-1.04537831602255,-1.78256376180202,-1.4653865221443,-1.37845695705362,-0.278497880298919
167,"Pink","S Southeast Alaska-Even","SEAK",1972,9844297.5,9844297.5,6125952.5,55.71556,-131.8714,"NC",8.74462995529175,-0.694933729955595,238.3,133.9,-80.3137308338856,1.60698234274588,-0.584567234885112,0.47435809898243,-1.09076868212586,-0.938761583119763,-1.38792827769395,-1.31825429020728,-0.305644467501697
167,"Pink","S Southeast Alaska-Even","SEAK",1974,13648641,13648641,5623492.5,55.71556,-131.8714,"NC",8.18626902103424,-1.2532946642131,305,199,-27.5920951201788,2.42707552290681,-0.162213080677177,0.886687044062872,-1.16621246228736,-1.64048912962788,-1.00804115233816,-0.809268106869995,0.360137187972615
167,"Pink","S Southeast Alaska-Even","SEAK",1976,28963338,28963338,8486705,55.71556,-131.8714,"NC",9.27609044313431,-0.163473242113037,349.6,234.1,-6.89603449935734,3.4127895337472,0.34543704666288,1.22753000196606,-0.736304460843185,-0.270841531199057,-0.754023674214196,-0.534837768388604,0.62149208175382
167,"Pink","S Southeast Alaska-Even","SEAK",1978,25022308,25022308,10538360,55.71556,-131.8714,"NC",9.35692638158799,-0.082637303659357,408,244.5,-12.4122105457951,2.37440246869532,-0.189340099654064,0.864745813703709,-0.428250866950682,-0.169249888087037,-0.421408859809727,-0.453525075505228,0.551832467245117
167,"Pink","S Southeast Alaska-Even","SEAK",1980,23055869.5,23055869.5,12098035,55.71556,-131.8714,"NC",9.80967165231706,0.370107967069713,373.1,223.2,-50.6883073338683,1.9057532483581,-0.43069797198376,0.644877336388585,-0.1940674935013,0.399743765532981,-0.620180384171302,-0.620059725352911,0.0684725953503792
167,"Pink","S Southeast Alaska-Even","SEAK",1982,38863370,38863370,10094797.5,55.71556,-131.8714,"NC",10.3812678098679,0.941704124620514,479.5,308.8,17.2345438819623,3.84984146536867,0.570522077718389,1.34803196962554,-0.494851256509815,1.11810485532694,-0.0141835305302834,0.0492062853025638,0.92621890224757
167,"Pink","S Southeast Alaska-Even","SEAK",1984,73580617,73580617,19186855,55.71556,-131.8714,"NC",8.65117158889771,-0.788392096349634,442.8,261.8,-47.8680562837991,3.83494934422551,0.562852523353181,1.34415622592508,0.870310522031066,-1.05621663078988,-0.223206881363229,-0.318264538304998,0.104087412446808
167,"Pink","S Southeast Alaska-Even","SEAK",1986,17230951.5,17230951.5,28561160,55.71556,-131.8714,"NC",9.16053687334061,-0.279026811906738,384.8,212.2,-115.764248823289,0.603300128566207,-1.10147112205099,-0.50534048043051,2.27785143192794,-0.416065020248154,-0.553543512107393,-0.706063535133404,-0.753322242193167
167,"Pink","S Southeast Alaska-Even","SEAK",1988,39534644.5,39534644.5,8176162.5,55.71556,-131.8714,"NC",9.56327167749405,0.123707992246709,523,303,-43.2216979870615,4.83535454438436,1.07806872365788,1.57595445494163,-0.782932053289948,0.0900773129145959,0.23356894252784,0.00385882196375824,0.162762756579284
167,"Pink","S Southeast Alaska-Even","SEAK",1990,32723773.5,32723773.5,12851392.5,55.71556,-131.8714,"NC",9.14892909526825,-0.290634589979093,472.3,277.2,-86.9838643363977,2.54632122550144,-0.100800647211501,0.934649660873173,-0.0809517477444007,-0.430653250060392,-0.0551908364157658,-0.197859204612308,-0.389876537797319
167,"Pink","S Southeast Alaska-Even","SEAK",1992,34227825,34227825,13714197.5,55.71556,-131.8714,"NC",10.0918286919594,0.652265006712042,698.6,453.7,72.1190405954069,2.49579495993112,-0.126822053896104,0.914607299669401,0.0485974118747466,0.754348385968145,1.23369156940155,1.18211101595651,1.61931369316377
167,"Pink","S Southeast Alaska-Even","SEAK",1994,83426595.5,83426595.5,13167560,55.71556,-131.8714,"NC",9.85513020753861,0.415566522291264,677.1,424.3,26.1281093358687,6.33576725680384,1.85079255242136,1.84621092037845,-0.0334795681396386,0.456874410723699,1.11123919766018,0.952246287997742,1.03852901271388
167,"Pink","S Southeast Alaska-Even","SEAK",1996,41128807.5,41128807.5,29750272.5,55.71556,-131.8714,"NC",10.0756526947021,0.636089009454802,636.1,443.6,29.8031196413841,1.38246826142517,-0.7001936749262,0.323870496773011,2.45639528026867,0.734018985805615,0.87772537247896,1.1031438815217,1.08493793785379
167,"Pink","S Southeast Alaska-Even","SEAK",1998,25882719.5,25882719.5,17380042.5,55.71556,-131.8714,"NC",8.51812323331833,-0.921440451929011,567.9,381.8,-46.6131174327623,1.48922072543839,-0.645215353268814,0.398252980082077,0.599019742579892,-1.22342692506272,0.489295058397029,0.619958841118564,0.119935085882045
167,"Pink","S Southeast Alaska-Even","SEAK",2000,45432341,45432341,13505942.5,55.71556,-131.8714,"NC",8.94442708492279,-0.495136600324555,574.2,382.9,-59.1918651272497,3.36387786339235,0.320247168654673,1.21309443449331,0.0173281676811159,-0.687663877364626,0.525176451046826,0.628559222096613,-0.0389124033974316
167,"Pink","S Southeast Alaska-Even","SEAK",2002,41564106,41564106,22113080,55.71556,-131.8714,"NC",10.2591275453567,0.819563860109406,594.2,361.3,-93.6727903862989,1.87961631758217,-0.444158687861549,0.631067669620935,1.30967977650518,0.964603449897836,0.639085634062055,0.459679013800372,-0.474345924958056
167,"Pink","S Southeast Alaska-Even","SEAK",2004,14086079.5,14086079.5,20639850,55.71556,-131.8714,"NC",10.9140431046486,1.47447941940125,580.1,347.5,-119.692201844423,0.682470051865687,-1.06069801625916,-0.382036632936055,1.08847601849994,1.78767730839223,0.558779660036319,0.351783325166662,-0.802925389546891
167,"Pink","S Southeast Alaska-Even","SEAK",2006,29374171.5,29374171.5,10818897.5,55.71556,-131.8714,"NC",9.09853909015655,-0.341024595090789,524.7,331.7,-147.116423405168,2.71507993305233,-0.0138886438963484,0.998821394224089,-0.386128490090723,-0.493981560631731,0.243251223084134,0.228250580209227,-1.14924513823519
167,"Pink","S Southeast Alaska-Even","SEAK",2008,28551619.5,28551619.5,15735922.5,55.71556,-131.8714,"NC",9.15956048965454,-0.280003195592801,647.1,410.3,-79.512118210272,1.81442298664092,-0.477733743496433,0.595767503475077,0.352157051342553,-0.41729210345981,0.940375423137336,0.84278689373166,-0.295521508068178
167,"Pink","S Southeast Alaska-Even","SEAK",2010,34759613,34759613,14856927.5,55.71556,-131.8714,"NC",9.71476824283599,0.275204557588648,652.5,437.6,-62.470593004989,2.3396232498274,-0.207251658882117,0.849989912059752,0.220176982196648,0.280472640702299,0.971130902551448,1.05623271255052,-0.0803169775298605
167,"Pink","S Southeast Alaska-Even","SEAK",2012,57328413.5,57328413.5,16173400,55.71556,-131.8714,"NC",9.69651737213135,0.256953686884007,609.4,359.3,-150.178710666804,3.5446111207291,0.413326155148289,1.26542845600607,0.417843785282766,0.257535615678808,0.725656613153629,0.444041957476646,-1.18791644755611
167,"Pink","S Southeast Alaska-Even","SEAK",2014,32767718,32767718,24113942.5,55.71556,-131.8714,"NC",10.9430837512016,1.50352006595429,685.7,432.2,-85.8055900084864,1.35887020548382,-0.712346851173934,0.306653623237629,1.61010693604699,1.82417452802987,1.16022014635673,1.01401266047646,-0.374997002630778
167,"Pink","S Southeast Alaska-Even","SEAK",2016,17568846.5,17568846.5,16497770,55.71556,-131.8714,"NC",10.0014069318771,0.561843246629791,950.1,701.3,175.537619931456,1.06492250164719,-0.863732128894353,0.0629020281072474,0.466547560649926,0.640709633755224,2.66609954581806,3.1179785888338,2.92530869929471
167,"Pink","S Southeast Alaska-Even","SEAK",2018,20411052.5,20411052.5,12170842.5,55.71556,-131.8714,"NC",10.8851174473763,1.44555376212891,486.1,312.9,-220.09763796564,1.67704515936345,-0.548484357512405,0.51703341113888,-0.183135532700226,1.7513246030658,0.0234064998647423,0.0812622507662019,-2.07086968934836
167,"Pink","S Southeast Alaska-Even","SEAK",2020,28709119,28709119,14160287.5,55.71556,-131.8714,"NC",9.51252958774566,0.0729659024983193,531.8,299,-241.010764843178,2.02743899091032,-0.368028899592838,0.706773415758304,0.115577302596874,0.0263065152831645,0.28368898305454,-0.0274152906836938,-2.33496574868309
168,"Pink","S Southeast Alaska-Odd","SEAK",1961,11375279,11375279,3051815,55.71556,-131.8714,"NC",9.55573003292083,0.11616634767349,318.2,224.2,26.8582160885894,3.7273815745712,0.719689337612996,1.31570599641328,-1.43186302710391,0.18731173972037,-1.28859841392565,-1.10580203421814,-0.363592651456706
168,"Pink","S Southeast Alaska-Odd","SEAK",1963,11499633,11499633,6239135,55.71556,-131.8714,"NC",8.6860656619072,-0.753498023340146,344.5,205.1,11.278580937552,1.84314540397026,-0.581731509079344,0.611473570838919,-1.05157054938565,-1.18471447811087,-1.16387392442821,-1.21884229354539,-0.581464911456866
168,"Pink","S Southeast Alaska-Odd","SEAK",1965,4335652.5,4335652.5,5789175,55.71556,-131.8714,"NC",8.87628720998764,-0.563276475259705,272.9,175.2,-17.7751125688447,0.748924069491767,-1.33749794526428,-0.289117676449234,-1.10525715859782,-0.884611404026537,-1.50342804792694,-1.39580060526709,-0.987764147878274
168,"Pink","S Southeast Alaska-Odd","SEAK",1967,5491592.5,5491592.5,3694112.5,55.71556,-131.8714,"NC",9.46052409410476,0.0209604088574197,305.9,220.8,25.6382346910747,1.48657965884905,-0.828007480827163,0.396477950213322,-1.35522782646286,0.0371100659451923,-1.34692963905183,-1.12592438404603,-0.380653391432827
168,"Pink","S Southeast Alaska-Odd","SEAK",1969,13509161.5,13509161.5,4292452.5,55.71556,-131.8714,"NC",9.01095705032349,-0.428606634923858,324.9,202.8,2.28046936379511,3.14718951461897,0.31895717160942,1.14650983699325,-1.28383737896529,-0.672149495903786,-1.25682449454797,-1.23245447137013,-0.707298339858909
168,"Pink","S Southeast Alaska-Odd","SEAK",1971,10606552.5,10606552.5,7249917.5,55.71556,-131.8714,"NC",8.67248433828354,-0.767079346963806,258.2,158.6,-50.3442287528231,1.46298940643118,-0.844301004300688,0.380481881021461,-0.930969862489058,-1.20614105680673,-1.57314097551677,-1.49404501913265,-1.44322455374912
168,"Pink","S Southeast Alaska-Odd","SEAK",1973,11491834.5,11491834.5,6048047.5,55.71556,-131.8714,"NC",8.90219048261643,-0.537373202630916,339.2,228.3,8.18300003622602,1.90008998771918,-0.542400522044199,0.641901247008314,-1.07436999808738,-0.843745099324523,-1.18900851736876,-1.08153684766099,-0.624754834516477
168,"Pink","S Southeast Alaska-Odd","SEAK",1975,23897760.5,23897760.5,8158852.5,55.71556,-131.8714,"NC",8.47890875339508,-0.960654931852265,381.4,279.1,45.5262969845521,2.92905901902259,0.168296878224898,1.07468121753081,-0.82252102671642,-1.5115356279209,-0.98888024904967,-0.780885267879628,-0.102530249465966
168,"Pink","S Southeast Alaska-Odd","SEAK",1977,15575736,15575736,12599507.5,55.71556,-131.8714,"NC",9.42759029865265,-0.0119733865946924,457,319.9,71.1046092155224,1.23621784422923,-1.00092958573402,0.212056592881801,-0.292687909037,-0.0148479448910141,-0.63035662144486,-0.539417069944993,0.255167773544552
168,"Pink","S Southeast Alaska-Odd","SEAK",1979,25227801.5,25227801.5,8585955,55.71556,-131.8714,"NC",9.20764516592026,-0.231918519327083,453.5,297.9,32.6075384498225,2.93826388561319,0.174654576616925,1.07781889183033,-0.771561641413199,-0.361844439919877,-0.646954937537675,-0.669620510007786,-0.28319167645519
168,"Pink","S Southeast Alaska-Odd","SEAK",1981,47769994.5,47769994.5,11702867.5,55.71556,-131.8714,"NC",8.58016706705093,-0.85939661819641,597.3,431,148.341946054577,4.08190509719092,0.964554769122553,1.40656381502158,-0.399669776945242,-1.35178542342847,0.0349987350757077,0.118110302372112,1.33528762040745
168,"Pink","S Southeast Alaska-Odd","SEAK",1983,55599110,55599110,16308112.5,55.71556,-131.8714,"NC",9.50105065107346,0.0614869658261161,524.2,326.3,25.7214716941774,3.40929154124979,0.499988109630778,1.22650451054622,0.149801261905459,0.10104679893412,-0.311668952462806,-0.501539705563089,-0.379489369695103
168,"Pink","S Southeast Alaska-Odd","SEAK",1985,15904991.5,15904991.5,24886955,55.71556,-131.8714,"NC",9.11736867427826,-0.322195010969084,437.7,270.3,-48.5060334477533,0.639089494877939,-1.41335945738271,-0.447710779829265,1.17337883500126,-0.50426917009743,-0.72188447875667,-0.832966643904745,-1.41751844692732
168,"Pink","S Southeast Alaska-Odd","SEAK",1987,64093612.5,64093612.5,11273662.5,55.71556,-131.8714,"NC",9.43829997777939,-0.00126370746795437,557.7,364.4,27.286769793309,5.68525201991811,2.07196855422768,1.73787545690033,-0.450880020315555,0.00204818312825618,-0.152799355574431,-0.276051020727071,-0.357599573745097
168,"Pink","S Southeast Alaska-Odd","SEAK",1989,57573642.5,57573642.5,18330132.5,55.71556,-131.8714,"NC",9.74989912509918,0.310335439851837,688.9,486,130.743381846267,3.14092887762813,0.314633019668927,1.14451857707447,0.391056923651337,0.493642657762551,0.469400379104817,0.443618902529095,1.08918179574267
168,"Pink","S Southeast Alaska-Odd","SEAK",1991,55400183.5,55400183.5,14076367.5,55.71556,-131.8714,"NC",9.79048969745637,0.350926012209023,650.2,398.6,25.6305823493315,3.93568749181918,0.863563904626234,1.3700855786342,-0.116477566604177,0.557680384645538,0.285870426878545,-0.0736438548112737,-0.380760405042178
168,"Pink","S Southeast Alaska-Odd","SEAK",1993,60780765,60780765,16181232.5,55.71556,-131.8714,"NC",9.9455040216446,0.505940336397251,690.5,434.9,44.9103454445051,3.75625064407177,0.739628880998721,1.32342129076806,0.134662678527294,0.802238772932443,0.476988180747247,0.141191821292335,-0.111143978399898
168,"Pink","S Southeast Alaska-Odd","SEAK",1995,30225545,30225545,19465300,55.71556,-131.8714,"NC",9.34697796106339,-0.0925857241839566,609.6,402,-4.11073275407784,1.55279112060949,-0.782275964805189,0.440054034547127,0.526498505042676,-0.142026019950271,0.0933299602018875,-0.0535215049833877,-0.79667563502914
168,"Pink","S Southeast Alaska-Odd","SEAK",1997,67046610,67046610,14927440,55.71556,-131.8714,"NC",10.0508590817452,0.611295396497808,699.2,501.1,79.8710331213849,4.49150088695717,1.247457999533,1.50218691916171,-0.0149325476720105,0.968452210503389,0.518246852177959,0.532985809117649,0.37776118282362
168,"Pink","S Southeast Alaska-Odd","SEAK",1999,79477237.5,79477237.5,28189610,55.71556,-131.8714,"NC",9.44352049827575,0.00395681302840982,601.2,401.8,-33.5617709907838,2.81938052708072,0.0925431706621137,1.03651718957079,1.56743241386958,0.0102843386274042,0.0534940015791309,-0.0547051726203221,-1.20853150955872
168,"Pink","S Southeast Alaska-Odd","SEAK",2001,53720969.5,53720969.5,27465697.5,55.71556,-131.8714,"NC",9.09957709312439,-0.339986592122954,675.5,466.3,17.6774341079921,1.9559295554027,-0.503832757245137,0.670865556343786,1.48105938628647,-0.53233806266495,0.405852540349467,0.327027640291049,-0.491980620705671
168,"Pink","S Southeast Alaska-Odd","SEAK",2003,52353478.5,52353478.5,24443422.5,55.71556,-131.8714,"NC",10.5574103713036,1.11784668605621,813,594.5,133.341193044483,2.1418227541581,-0.375438404194669,0.761657220776415,1.12045911769218,1.76761298230814,1.05792924399578,1.08575859556605,1.12551069506041
168,"Pink","S Southeast Alaska-Odd","SEAK",2005,58255286,58255286,23489197.5,55.71556,-131.8714,"NC",9.71037573814392,0.270812052896579,765.7,550,76.9215300470468,2.48008838956716,-0.141802113527036,0.908294200496268,1.00660654262889,0.431288576202445,0.83361485794145,0.82239254634813,0.3365140743738
168,"Pink","S Southeast Alaska-Odd","SEAK",2007,44429724,44429724,26478430,55.71556,-131.8714,"NC",8.54390122890472,-0.895662456342621,878.5,657.6,173.201478578285,1.67795915392265,-0.695823804277317,0.517578265628744,1.3632643723733,-1.40900023227505,1.36855487373275,1.45920573501888,1.68293392155509
168,"Pink","S Southeast Alaska-Odd","SEAK",2009,24951347.5,24951347.5,18004420,55.71556,-131.8714,"NC",9.47125407457352,0.0316903893261731,861.4,654.8,159.758485773777,1.38584567011878,-0.89758332007147,0.32631054544729,0.352194803233931,0.0540382223818965,1.28746024367929,1.4426343881018,1.49494137904108
168,"Pink","S Southeast Alaska-Odd","SEAK",2011,89582792,89582792,13744262.5,55.71556,-131.8714,"NC",8.80293754339218,-0.636626141855166,798.8,578.3,73.4142570728227,6.51783185893023,2.64702213611522,1.87454178366199,-0.156102402928305,-1.00033152433094,0.990587504419217,0.989881516974359,0.287466873850571
168,"Pink","S Southeast Alaska-Odd","SEAK",2013,23207578.5,23207578.5,36119565,55.71556,-131.8714,"NC",10.3158974528313,0.876333767583932,818.9,552.7,38.850982827287,0.642520985510208,-1.41098936518634,-0.442355800473466,2.51358850586671,1.38659006457876,1.08590926255224,0.838372059446746,-0.195880688520218
168,"Pink","S Southeast Alaska-Odd","SEAK",2015,25386238.5,25386238.5,10739137.5,55.71556,-131.8714,"NC",11.0130035877228,1.57343990247544,736.6,512.8,-9.16732517828621,2.36389919581531,-0.222052690003771,0.860312457270599,-0.514656433305889,2.48637973696394,0.695611715569757,0.602230365878316,-0.867389179260541
168,"Pink","S Southeast Alaska-Odd","SEAK",2017,32110449,32110449,15971112.5,55.71556,-131.8714,"NC",10.3068763613701,0.867312676122743,854.2,638.8,109.373894221988,2.0105330170331,-0.466118757070359,0.698399869519823,0.109592382661752,1.37235793732284,1.25331513628835,1.34794097714704,0.790341770375523
168,"Pink","S Southeast Alaska-Odd","SEAK",2019,62668696.5,62668696.5,14071900,55.71556,-131.8714,"NC",10.0462985634804,0.606734878233036,982.8,797.2,260.684735027627,4.45346374689985,1.22118617236424,1.49368216349511,-0.117010602711065,0.961257307694076,1.86318469329865,2.28540574559915,2.90633707637944
169,"Pink","N Southeast Alaska Outside-Even","SEAK",1960,399494,399494,344205,57.17694,-135.7869,"NC",9.72170857020787,0.589016229905731,265.4,162.9,-37.047339703769,1.16062811405994,-0.579469549390178,0.148961336210031,-0.97196658805209,0.652282689685472,-1.23358133470831,-1.09151697351325,0.240734056666873
169,"Pink","N Southeast Alaska Outside-Even","SEAK",1962,404448.5,404448.5,334630,57.17694,-135.7869,"NC",9.79219150543213,0.659499165129989,245.6,146.2,-49.0768726509801,1.20864387532499,-0.527527045806477,0.18949896688857,-0.976120603163621,0.73662106677565,-1.34635142589339,-1.22208639381636,0.0888221849702455
169,"Pink","N Southeast Alaska Outside-Even","SEAK",1964,159136,159136,328802.5,57.17694,-135.7869,"NC",7.67934584617615,-1.453346494126,275.7,161.1,-31.9369804200911,0.48398658769322,-1.31144700808698,-0.725698084027117,-0.978648804005651,-1.79156498814263,-1.17491810545547,-1.1055903242046,0.30526891826395
169,"Pink","N Southeast Alaska Outside-Even","SEAK",1966,111655,111655,130035,57.17694,-135.7869,"NC",9.19688328674861,0.0641909464464738,270.1,172,-21.6750197658039,0.858653439458607,-0.906139796917493,-0.152389884901863,-1.06488203624389,0.0242879485184994,-1.20681267669973,-1.0203683672403,0.434859456575859
169,"Pink","N Southeast Alaska Outside-Even","SEAK",1968,213220,213220,51895,57.17694,-135.7869,"NC",8.28274085691997,-0.84995148338217,268.2,132.2,-65.2451763112484,4.10868099046151,2.60967591166259,1.41310205010508,-1.09878227027157,-1.06955538697422,-1.21763404908618,-1.33154578808244,-0.115355091235662
169,"Pink","N Southeast Alaska Outside-Even","SEAK",1970,356041.5,356041.5,145265,57.17694,-135.7869,"NC",7.64945457662855,-1.48323776367359,224.7,126.2,-78.1640583855578,2.45097924482842,0.816406855946748,0.89648763646786,-1.05827465763829,-1.82733224378809,-1.4653865221443,-1.37845695705362,-0.278497880298919
169,"Pink","N Southeast Alaska Outside-Even","SEAK",1972,532618.5,532618.5,306307.5,57.17694,-135.7869,"NC",8.3390115414347,-0.793680798867444,238.3,133.9,-80.3137308338856,1.73883597365393,0.046024309871942,0.553215908700366,-0.988408028019634,-1.00222308597646,-1.38792827769395,-1.31825429020728,-0.305644467501697
169,"Pink","N Southeast Alaska Outside-Even","SEAK",1974,758496,758496,470397.5,57.17694,-135.7869,"NC",7.74732514790126,-1.38536719240088,305,199,-27.5920951201788,1.61245754920041,-0.0906893773034676,0.477759443263988,-0.917219271920308,-1.71022240550219,-1.00804115233816,-0.809268106869995,0.360137187972615
169,"Pink","N Southeast Alaska Outside-Even","SEAK",1976,956662,956662,652855,57.17694,-135.7869,"NC",9.15548509359359,0.0227927532914533,349.6,234.1,-6.89603449935734,1.46535141800247,-0.249825888849217,0.38209508947304,-0.838061965161866,-0.0252482465058885,-0.754023674214196,-0.534837768388604,0.62149208175382
169,"Pink","N Southeast Alaska Outside-Even","SEAK",1978,639867,639867,794675,57.17694,-135.7869,"NC",9.11449051754816,-0.0182018227539838,408,244.5,-12.4122105457951,0.805193318023091,-0.963971901961521,-0.21667288378162,-0.776534819144398,-0.0743014819049461,-0.421408859809727,-0.453525075505228,0.551832467245117
169,"Pink","N Southeast Alaska Outside-Even","SEAK",1980,2033582,2033582,530225,57.17694,-135.7869,"NC",9.66385444572994,0.531162105427801,373.1,223.2,-50.6883073338683,3.83531896836249,2.31395826732189,1.34425260433642,-0.89126372736834,0.583055678197982,-0.620180384171302,-0.620059725352911,0.0684725953503792
169,"Pink","N Southeast Alaska Outside-Even","SEAK",1982,3397863.5,3397863.5,1530970,57.17694,-135.7869,"NC",10.0963703819684,0.963678041666221,479.5,308.8,17.2345438819623,2.21941873452778,0.565909262672327,0.797245330306599,-0.457100818460914,1.10059502317453,-0.0141835305302834,0.0492062853025638,0.92621890224757
169,"Pink","N Southeast Alaska Outside-Even","SEAK",1984,1040061.5,1040061.5,2123057.5,57.17694,-135.7869,"NC",8.27235272100994,-0.860339619292203,442.8,261.8,-47.8680562837991,0.489888521625062,-1.30506241235574,-0.713577420648711,-0.200229756074666,-1.08198560885498,-0.223206881363229,-0.318264538304998,0.104087412446808
169,"Pink","N Southeast Alaska Outside-Even","SEAK",1986,484092.5,484092.5,827742.5,57.17694,-135.7869,"NC",8.77094945737294,-0.361742882929206,384.8,212.2,-115.764248823289,0.584834655705126,-1.20235155700787,-0.53642611152074,-0.762188824919799,-0.485375387763589,-0.553543512107393,-0.706063535133404,-0.753322242193167
169,"Pink","N Southeast Alaska Outside-Even","SEAK",1988,933788,933788,417487.5,57.17694,-135.7869,"NC",9.23623843703951,0.103546096737374,523,303,-43.2216979870615,2.23668493068655,0.584587493157997,0.804994828013832,-0.940173730359063,0.0713794820239347,0.23356894252784,0.00385882196375824,0.162762756579284
169,"Pink","N Southeast Alaska Outside-Even","SEAK",1990,1747888.5,1747888.5,745900,57.17694,-135.7869,"NC",8.79964772292546,-0.333044617376684,472.3,277.2,-86.9838643363977,2.3433281941279,0.699952072361533,0.851572224034519,-0.79769535043055,-0.451035655255263,-0.0551908364157658,-0.197859204612308,-0.389876537797319
169,"Pink","N Southeast Alaska Outside-Even","SEAK",1992,4296108.5,4296108.5,1315177.5,57.17694,-135.7869,"NC",9.741847549166,0.609155208863857,698.6,453.7,72.1190405954069,3.26656173786428,1.69868791223304,1.18373797543057,-0.550720171563259,0.676380562400016,1.23369156940155,1.18211101595651,1.61931369316377
169,"Pink","N Southeast Alaska Outside-Even","SEAK",1994,5736248.5,5736248.5,3300272.5,57.17694,-135.7869,"NC",9.30486461094448,0.172172270642338,677.1,424.3,26.1281093358687,1.73811359516525,0.0452428550694274,0.552800384411173,0.310492844397438,0.153496098118847,1.11123919766018,0.952246287997742,1.03852901271388
169,"Pink","N Southeast Alaska Outside-Even","SEAK",1996,11951037,11951037,3878027.5,57.17694,-135.7869,"NC",9.80373926673617,0.671046926434025,636.1,443.6,29.8031196413841,3.08173085415201,1.49874150741386,1.1254914047757,0.56114589930734,0.75043887167138,0.87772537247896,1.1031438815217,1.08493793785379
169,"Pink","N Southeast Alaska Outside-Even","SEAK",1998,6389978.5,6389978.5,6097485,57.17694,-135.7869,"NC",8.14791422230857,-0.984778117993571,567.9,381.8,-46.6131174327623,1.04796953170036,-0.701341381967079,0.046854512671233,1.52403467156841,-1.23088606248421,0.489295058397029,0.619958841118564,0.119935085882045
169,"Pink","N Southeast Alaska Outside-Even","SEAK",2000,8748618.5,8748618.5,3832782.5,57.17694,-135.7869,"NC",8.69893119164875,-0.433761148653389,574.2,382.9,-59.1918651272497,2.28257630063798,0.634231872115255,0.825304761466265,0.541516822156301,-0.571550908585774,0.525176451046826,0.628559222096613,-0.0389124033974316
169,"Pink","N Southeast Alaska Outside-Even","SEAK",2002,7728965,7728965,5741702.5,57.17694,-135.7869,"NC",9.91638875859124,0.7836964182891,594.2,361.3,-93.6727903862989,1.34611032180786,-0.378818555074441,0.297219190573926,1.36968209909654,0.885232851134091,0.639085634062055,0.459679013800372,-0.474345924958056
169,"Pink","N Southeast Alaska Outside-Even","SEAK",2004,7438618,7438618,5469000,57.17694,-135.7869,"NC",10.7082901171276,1.57559777682542,580.1,347.5,-119.692201844423,1.360142256354,-0.363639085016151,0.307589294538026,1.25137292876212,1.83280512777041,0.558779660036319,0.351783325166662,-0.802925389546891
169,"Pink","N Southeast Alaska Outside-Even","SEAK",2006,6163690.5,6163690.5,4895000,57.17694,-135.7869,"NC",8.69326000554221,-0.439432334759931,524.7,331.7,-147.116423405168,1.2591808988764,-0.472857090404982,0.230461429312774,1.00234894191945,-0.578336928930703,0.243251223084134,0.228250580209227,-1.14924513823519
169,"Pink","N Southeast Alaska Outside-Even","SEAK",2008,8832845,8832845,4325597.5,57.17694,-135.7869,"NC",8.94569429329464,-0.186998047007506,647.1,410.3,-79.512118210272,2.04199419848934,0.37397489870086,0.713926878646049,0.755319533089868,-0.276279443906623,0.940375423137336,0.84278689373166,-0.295521508068178
169,"Pink","N Southeast Alaska Outside-Even","SEAK",2010,7755054.5,7755054.5,5023750,57.17694,-135.7869,"NC",9.50301427500588,0.370321934703738,652.5,437.6,-62.470593004989,1.54367842746952,-0.165093274750179,0.434168157546583,1.05820580307972,0.390597760169818,0.971130902551448,1.05623271255052,-0.0803169775298605
169,"Pink","N Southeast Alaska Outside-Even","SEAK",2012,9874553,9874553,6174197.5,57.17694,-135.7869,"NC",9.38092491456441,0.248232574262265,609.4,359.3,-150.178710666804,1.59932574233332,-0.104895106990628,0.469582129385471,1.55731559942672,0.244508235281987,0.725656613153629,0.444041957476646,-1.18791644755611
169,"Pink","N Southeast Alaska Outside-Even","SEAK",2014,5892479.5,5892479.5,6865000,57.17694,-135.7869,"NC",10.6252930419786,1.49260070167642,685.7,432.2,-85.8055900084864,0.858336416605972,-0.906482745987241,-0.152759162396564,1.85701314763382,1.73349259773706,1.16022014635673,1.01401266047646,-0.374997002630778
169,"Pink","N Southeast Alaska Outside-Even","SEAK",2016,6648956,6648956,4250592.5,57.17694,-135.7869,"NC",9.61502396208899,0.482331621786851,950.1,701.3,175.537619931456,1.56424216153395,-0.142847832791239,0.447401464877836,0.722779386516464,0.524626162887603,2.66609954581806,3.1179785888338,2.92530869929471
169,"Pink","N Southeast Alaska Outside-Even","SEAK",2018,5128848.5,5128848.5,4756250,57.17694,-135.7869,"NC",10.6958487118993,1.56315637159721,486.1,312.9,-220.09763796564,1.07833871222076,-0.668488601412229,0.0754216274213973,0.942153683775863,1.81791800761388,0.0234064998647423,0.0812622507662019,-2.07086968934836
169,"Pink","N Southeast Alaska Outside-Even","SEAK",2020,4078363,4078363,4462907.5,57.17694,-135.7869,"NC",9.1750641805785,0.0423718402763616,531.8,299,-241.010764843178,0.913835431274343,-0.846445006454368,-0.0901047770498772,0.814890062067859,-0.00182032858560474,0.28368898305454,-0.0274152906836938,-2.33496574868309
170,"Pink","N Southeast Alaska Outside-Odd","SEAK",1961,3349217,3349217,875087.5,57.17694,-135.7869,"NC",9.32966526065553,0.196972920353395,318.2,224.2,26.8582160885894,3.82729384204437,1.50946031532399,1.34215798479845,-0.931760886093748,0.321374751903747,-1.28859841392565,-1.10580203421814,-0.363592651456706
170,"Pink","N Southeast Alaska Outside-Odd","SEAK",1963,1566841.5,1566841.5,2049505,57.17694,-135.7869,"NC",8.36810736145292,-0.764584978849219,344.5,205.1,11.278580937552,0.764497525012137,-0.988873095203307,-0.268536491012457,-0.618541703903003,-1.15849792399148,-1.16387392442821,-1.21884229354539,-0.581464911456866
170,"Pink","N Southeast Alaska Outside-Odd","SEAK",1965,626929.5,626929.5,948287.5,57.17694,-135.7869,"NC",8.51056687320982,-0.622125467092322,272.9,175.2,-17.7751125688447,0.661117540830181,-1.07320050118368,-0.413823632200491,-0.912238319258392,-0.939247539750208,-1.50342804792694,-1.39580060526709,-0.987764147878274
170,"Pink","N Southeast Alaska Outside-Odd","SEAK",1967,1189566,1189566,500072.5,57.17694,-135.7869,"NC",9.28795214210238,0.155259801800236,305.9,220.8,25.6382346910747,2.378787075874,0.327908401742986,0.86659072579115,-1.03177803639103,0.257176741129368,-1.34692963905183,-1.12592438404603,-0.380653391432827
170,"Pink","N Southeast Alaska Outside-Odd","SEAK",1969,665671,665671,1052220,57.17694,-135.7869,"NC",8.68634779964174,-0.446344540660396,324.9,202.8,2.28046936379511,0.632634810210792,-1.0964339617745,-0.457861942418092,-0.884519341422112,-0.668714283057214,-1.25682449454797,-1.23245447137013,-0.707298339858909
170,"Pink","N Southeast Alaska Outside-Odd","SEAK",1971,1150366.5,1150366.5,573925,57.17694,-135.7869,"NC",8.18045997619629,-0.952232364105852,258.2,158.6,-50.3442287528231,2.00438471925774,0.0225071214446904,0.695337140475162,-1.01208144667508,-1.44729409359787,-1.57314097551677,-1.49404501913265,-1.44322455374912
170,"Pink","N Southeast Alaska Outside-Odd","SEAK",1973,1826655.5,1826655.5,891607.5,57.17694,-135.7869,"NC",8.63110197441918,-0.501590365882956,339.2,228.3,8.18300003622602,2.04872155068233,0.0586728261796062,0.717215964796369,-0.927354973469157,-0.753739622947768,-1.18900851736876,-1.08153684766099,-0.624754834516477
170,"Pink","N Southeast Alaska Outside-Odd","SEAK",1975,6468893.5,6468893.5,1260847.5,57.17694,-135.7869,"NC",8.21195165600095,-0.920740684301188,381.4,279.1,45.5262969845521,5.13059152673103,2.57256468547375,1.63522095989027,-0.828878025678349,-1.39882724984399,-0.98888024904967,-0.780885267879628,-0.102530249465966
170,"Pink","N Southeast Alaska Outside-Odd","SEAK",1977,5872271.5,5872271.5,4270717.5,57.17694,-135.7869,"NC",9.05679084573474,-0.0759014945674028,457,319.9,71.1046092155224,1.37500818070968,-0.490877469398833,0.318459680707877,-0.0261404814060121,-0.0985889246747092,-0.63035662144486,-0.539417069944993,0.255167773544552
170,"Pink","N Southeast Alaska Outside-Odd","SEAK",1979,6424193,6424193,4060197.5,57.17694,-135.7869,"NC",8.9458247423172,-0.186867597984937,453.5,297.9,32.6075384498225,1.58223657839305,-0.321840558043249,0.458839402029018,-0.0822865301789533,-0.269369804884161,-0.646954937537675,-0.669620510007786,-0.28319167645519
170,"Pink","N Southeast Alaska Outside-Odd","SEAK",1981,5645862.5,5645862.5,3676025,57.17694,-135.7869,"NC",8.19470633779253,-0.93798600250961,597.3,431,148.341946054577,1.53586074632245,-0.359669482565148,0.4290909706693,-0.184746001593654,-1.42536842352154,0.0349987350757077,0.118110302372112,1.33528762040745
170,"Pink","N Southeast Alaska Outside-Odd","SEAK",1983,10032670,10032670,3089277.5,57.17694,-135.7869,"NC",9.39235499926976,0.25966265896762,524.2,326.3,25.7214716941774,3.24757811494759,1.03658421789633,1.17790952314479,-0.341232576514808,0.417856545991382,-0.311668952462806,-0.501539705563089,-0.379489369695103
170,"Pink","N Southeast Alaska Outside-Odd","SEAK",1985,1483886,1483886,4401620,57.17694,-135.7869,"NC",8.72146941934313,-0.411222920959013,437.7,270.3,-48.5060334477533,0.337122695734752,-1.33748420227055,-1.08730833259268,0.00877144216181957,-0.614660829414576,-0.72188447875667,-0.832966643904745,-1.41751844692732
170,"Pink","N Southeast Alaska Outside-Odd","SEAK",1987,2014203.5,2014203.5,1055085,57.17694,-135.7869,"NC",9.07289298091616,-0.0597993593859824,557.7,364.4,27.286769793309,1.90904382111394,-0.0552627746132847,0.646602499490069,-0.883755240957859,-0.0738071513687897,-0.152799355574431,-0.276051020727071,-0.357599573745097
170,"Pink","N Southeast Alaska Outside-Odd","SEAK",1989,2178632,2178632,1103322.5,57.17694,-135.7869,"NC",9.42749526671001,0.29480292640787,688.9,486,130.743381846267,1.97461032472373,-0.00177995381032305,0.680371074948752,-0.870890216125611,0.471938699184239,0.469400379104817,0.443618902529095,1.08918179574267
170,"Pink","N Southeast Alaska Outside-Odd","SEAK",1991,2128692.5,2128692.5,1804080,57.17694,-135.7869,"NC",9.27925935813359,0.146567017831451,650.2,398.6,25.6305823493315,1.17993243093433,-0.65000142437331,0.165457174917985,-0.683996976656657,0.243798229566484,0.285870426878545,-0.0736438548112737,-0.380760405042178
170,"Pink","N Southeast Alaska Outside-Odd","SEAK",1993,5134409.5,5134409.5,1071387.5,57.17694,-135.7869,"NC",9.54350670746395,0.410814367161806,690.5,434.9,44.9103454445051,4.79229923813746,2.29661851092173,1.56701030421775,-0.879407335960135,0.650484537563143,0.476988180747247,0.141191821292335,-0.111143978399898
170,"Pink","N Southeast Alaska Outside-Odd","SEAK",1995,9947565,9947565,3379847.5,57.17694,-135.7869,"NC",9.08215215376445,-0.0505401865376889,609.6,402,-4.11073275407784,2.94319936032617,0.788301428767791,1.07949720746883,-0.263737054037354,-0.0595569466635468,0.0933299602018875,-0.0535215049833877,-0.79667563502914
170,"Pink","N Southeast Alaska Outside-Odd","SEAK",1997,17653762.5,17653762.5,7189815,57.17694,-135.7869,"NC",9.65765535831452,0.524963018012376,699.2,501.1,79.8710331213849,2.45538480475506,0.390389430654336,0.898283492244623,0.752387879832686,0.82616347434287,0.518246852177959,0.532985809117649,0.37776118282362
170,"Pink","N Southeast Alaska Outside-Odd","SEAK",1999,7936232,7936232,15010427.5,57.17694,-135.7869,"NC",9.08315627915518,-0.0495360611469573,601.2,401.8,-33.5617709907838,0.528714588575176,-1.1812020412899,-0.637306522826214,2.83815878454138,-0.0580115610657075,0.0534940015791309,-0.0547051726203221,-1.20853150955872
170,"Pink","N Southeast Alaska Outside-Odd","SEAK",2001,10655910,10655910,5932160,57.17694,-135.7869,"NC",8.80267592838832,-0.330016411913819,675.5,466.3,17.6774341079921,1.79629511004423,-0.147232283095742,0.585726271551144,0.416969112164372,-0.489681050307693,0.405852540349467,0.327027640291049,-0.491980620705671
170,"Pink","N Southeast Alaska Outside-Odd","SEAK",2003,14609015,14609015,8764025,57.17694,-135.7869,"NC",10.2000353932381,1.06734305293593,813,594.5,133.341193044483,1.66692986384681,-0.252755956001713,0.510983529606291,1.17223241450327,1.66090612925744,1.05792924399578,1.08575859556605,1.12551069506041
170,"Pink","N Southeast Alaska Outside-Odd","SEAK",2005,10038371,10038371,9587990,57.17694,-135.7869,"NC",9.35354197025299,0.220849629950847,765.7,550,76.9215300470468,1.04697345324724,-0.758456516322446,0.0459035765022359,1.39198530770675,0.358121878782801,0.83361485794145,0.82239254634813,0.3365140743738
170,"Pink","N Southeast Alaska Outside-Odd","SEAK",2007,5912584,5912584,5765000,57.17694,-135.7869,"NC",8.31498261008944,-0.817709730212704,878.5,657.6,173.201478578285,1.0256,-0.775890915093587,0.0252778071842686,0.37238725052232,-1.24025885385514,1.36855487373275,1.45920573501888,1.68293392155509
170,"Pink","N Southeast Alaska Outside-Odd","SEAK",2009,13953096.5,13953096.5,4542700,57.17694,-135.7869,"NC",9.2220361999103,0.0893438596081595,861.4,654.8,159.758485773777,3.07154258480639,0.892991435070412,1.12217990602399,0.0463977226144442,0.155729702072401,1.28746024367929,1.4426343881018,1.49494137904108
170,"Pink","N Southeast Alaska Outside-Odd","SEAK",2011,24510114,24510114,6835462.5,57.17694,-135.7869,"NC",8.41805845499039,-0.714633885311755,798.8,578.3,73.4142570728227,3.58572869063359,1.31241479674592,1.27696171438253,0.657881454087799,-1.08162136926869,0.990587504419217,0.989881516974359,0.287466873850571
170,"Pink","N Southeast Alaska Outside-Odd","SEAK",2013,13641419,13641419,13342500,57.17694,-135.7869,"NC",10.1695878505707,1.03689551026854,818.9,552.7,38.850982827287,1.02240352257823,-0.778498292637565,0.0221562500364377,2.39331963023428,1.6140462506386,1.08590926255224,0.838372059446746,-0.195880688520218
170,"Pink","N Southeast Alaska Outside-Odd","SEAK",2015,15274244,15274244,7100000,57.17694,-135.7869,"NC",10.7628800868988,1.63018774659666,736.6,512.8,-9.16732517828621,2.15130197183099,0.142348025864437,0.766073227150564,0.728434063708129,2.52714464033604,0.695611715569757,0.602230365878316,-0.867389179260541
170,"Pink","N Southeast Alaska Outside-Odd","SEAK",2017,5154067,5154067,7100000,57.17694,-135.7869,"NC",9.95130116598947,0.818608825687329,854.2,638.8,109.373894221988,0.725924929577465,-1.02033689296527,-0.320308672289639,0.728434063708129,1.27809508192439,1.25331513628835,1.34794097714704,0.790341770375523
170,"Pink","N Southeast Alaska Outside-Odd","SEAK",2019,7282487,7282487,3828750,57.17694,-135.7869,"NC",9.76697407449995,0.634281734197807,982.8,797.2,260.684735027627,1.90205341168789,-0.0609648754435777,0.642934045583741,-0.144013979463465,0.994408965520179,1.86318469329865,2.28540574559915,2.90633707637944
171,"Pink","N Southeast Alaska Inside-Even","SEAK",1960,3992860,3992860,2583020,57.57528,-134.7503,"NC",9.71873002582127,0.586038311322536,265.4,162.9,-37.047339703769,1.54581071768705,-0.411263182272308,0.435548509090746,-1.10214964073994,0.648559685146517,-1.23358133470831,-1.09151697351325,0.240734056666873
171,"Pink","N Southeast Alaska Inside-Even","SEAK",1962,11392450.5,11392450.5,3568425,57.57528,-134.7503,"NC",9.78363521893819,0.650943504439461,245.6,146.2,-49.0768726509801,3.19257109228861,0.901411657279824,1.16082657720868,-0.827786495517057,0.726126934112088,-1.34635142589339,-1.22208639381636,0.0888221849702455
171,"Pink","N Southeast Alaska Inside-Even","SEAK",1964,10493756,10493756,4185822.5,57.57528,-134.7503,"NC",7.6285507414076,-1.50414097309113,275.7,161.1,-31.9369804200911,2.50697586913922,0.354906158710801,0.919077193736621,-0.655886495057604,-1.84938307029252,-1.17491810545547,-1.1055903242046,0.30526891826395
171,"Pink","N Southeast Alaska Inside-Even","SEAK",1966,16086508,16086508,5734900,57.57528,-134.7503,"NC",9.17691398991479,0.0442222754160552,270.1,172,-21.6750197658039,2.80501979110359,0.592484596641536,1.03141059460167,-0.224581828353045,0.0010432487500335,-1.20681267669973,-1.0203683672403,0.434859456575859
171,"Pink","N Southeast Alaska Inside-Even","SEAK",1968,10250289.5,10250289.5,6264590,57.57528,-134.7503,"NC",8.27425485187107,-0.858436862627665,268.2,132.2,-65.2451763112484,1.63622671236266,-0.339190278931728,0.492392805818407,-0.0771019450633209,-1.07771151229893,-1.21763404908618,-1.33154578808244,-0.115355091235662
171,"Pink","N Southeast Alaska Inside-Even","SEAK",1970,8612151.5,8612151.5,5073757.5,57.57528,-134.7503,"NC",7.66566585169898,-1.46702586279975,224.7,126.2,-78.1640583855578,1.69739123322311,-0.290434473991863,0.529092503713372,-0.408661608484587,-1.80502734369958,-1.4653865221443,-1.37845695705362,-0.278497880298919
171,"Pink","N Southeast Alaska Inside-Even","SEAK",1972,3792081.5,3792081.5,5424437.5,57.57528,-134.7503,"NC",8.34169464641147,-0.790997068087259,238.3,133.9,-80.3137308338856,0.699073682755124,-1.08621894305872,-0.357999130636902,-0.311022903823294,-0.997115198166114,-1.38792827769395,-1.31825429020728,-0.305644467501697
171,"Pink","N Southeast Alaska Inside-Even","SEAK",1974,1789825.5,1789825.5,3190347.5,57.57528,-134.7503,"NC",7.74443762832218,-1.38825408617656,305,199,-27.5920951201788,0.561012710997783,-1.19627087699223,-0.578011715966065,-0.933053397996754,-1.7108883431764,-1.00804115233816,-0.809268106869995,0.360137187972615
171,"Pink","N Southeast Alaska Inside-Even","SEAK",1976,7258726.5,7258726.5,1751792.5,57.57528,-134.7503,"NC",9.13632326655917,0.00363155206043908,349.6,234.1,-6.89603449935734,4.14359948452799,1.65950072806791,1.42156485079983,-1.33358564045149,-0.0474661322874089,-0.754023674214196,-0.534837768388604,0.62149208175382
171,"Pink","N Southeast Alaska Inside-Even","SEAK",1978,5346887.5,5346887.5,4638797.5,57.57528,-134.7503,"NC",9.06219025452932,-0.0705014599694083,408,244.5,-12.4122105457951,1.15264516288974,-0.724665508148565,0.142059442742049,-0.529766122512978,-0.136061412950512,-0.421408859809727,-0.453525075505228,0.551832467245117
171,"Pink","N Southeast Alaska Inside-Even","SEAK",1980,16905742,16905742,4024252.5,57.57528,-134.7503,"NC",9.64483998881446,0.512148274315733,373.1,223.2,-50.6883073338683,4.20096452695252,1.70522787150779,1.43531414819837,-0.700871910570679,0.560254780387095,-0.620180384171302,-0.620059725352911,0.0684725953503792
171,"Pink","N Southeast Alaska Inside-Even","SEAK",1982,9158969.5,9158969.5,6136870,57.57528,-134.7503,"NC",10.1252095301946,0.992517815695867,479.5,308.8,17.2345438819623,1.49244965267311,-0.453798652845831,0.400418832163273,-0.112662613933346,1.13433740802192,-0.0141835305302834,0.0492062853025638,0.92621890224757
171,"Pink","N Southeast Alaska Inside-Even","SEAK",1984,5386122.5,5386122.5,5425692.5,57.57528,-134.7503,"NC",8.26386280854543,-0.868828905953301,442.8,261.8,-47.8680562837991,0.992706921743169,-0.852156373409466,-0.00731980276730313,-0.310673478209202,-1.09013089159957,-0.223206881363229,-0.318264538304998,0.104087412446808
171,"Pink","N Southeast Alaska Inside-Even","SEAK",1986,6599175,6599175,4454837.5,57.57528,-134.7503,"NC",8.78738237751855,-0.345309336980186,384.8,212.2,-115.764248823289,1.48135032983807,-0.462646207138691,0.392954056831526,-0.580985513722889,-0.46448029578774,-0.553543512107393,-0.706063535133404,-0.753322242193167
171,"Pink","N Southeast Alaska Inside-Even","SEAK",1988,12401213.5,12401213.5,4635070,57.57528,-134.7503,"NC",9.26345735126072,0.130765636761984,523,303,-43.2216979870615,2.6755180612159,0.489255453455979,0.984143029341056,-0.530803958350851,0.104469956744629,0.23356894252784,0.00385882196375824,0.162762756579284
171,"Pink","N Southeast Alaska Inside-Even","SEAK",1990,25095579,25095579,6962582.5,57.57528,-134.7503,"NC",8.77630375491248,-0.356387959586251,472.3,277.2,-86.9838643363977,3.60434924828539,1.22965056391791,1.2821412407906,0.117237862063683,-0.477720195965406,-0.0551908364157658,-0.197859204612308,-0.389876537797319
171,"Pink","N Southeast Alaska Inside-Even","SEAK",1992,51158638.5,51158638.5,9595585,57.57528,-134.7503,"NC",9.73616392082638,0.603472206327651,698.6,453.7,72.1190405954069,5.33147676770098,2.60638811140928,1.67362826691263,0.850336280764343,0.669394678609447,1.23369156940155,1.18211101595651,1.61931369316377
171,"Pink","N Southeast Alaska Inside-Even","SEAK",1994,20660790.5,20660790.5,15953572.5,57.57528,-134.7503,"NC",9.34032436211904,0.207632647620313,677.1,424.3,26.1281093358687,1.29505729829479,-0.611145150313667,0.258554939960165,2.62057029397495,0.196332599503372,1.11123919766018,0.952246287997742,1.03852901271388
171,"Pink","N Southeast Alaska Inside-Even","SEAK",1996,24989592,24989592,11597542.5,57.57528,-134.7503,"NC",9.79146434201135,0.658772627512616,636.1,443.6,29.8031196413841,2.15473165974602,0.074123284541716,0.767666195963038,1.40773486946903,0.73548340482628,0.87772537247896,1.1031438815217,1.08493793785379
171,"Pink","N Southeast Alaska Inside-Even","SEAK",1998,14723841.5,14723841.5,12143160,57.57528,-134.7503,"NC",8.18081576294369,-0.951875951555038,567.9,381.8,-46.6131174327623,1.21252141123068,-0.676936618204298,0.192702002420544,1.55964939536311,-1.18937920367901,0.489295058397029,0.619958841118564,0.119935085882045
171,"Pink","N Southeast Alaska Inside-Even","SEAK",2000,32508616.5,32508616.5,9408837.5,57.57528,-134.7503,"NC",8.69847916232215,-0.434212552176585,574.2,382.9,-59.1918651272497,3.45511509790662,1.11069220335404,1.23985577009648,0.798340774893649,-0.570727230675614,0.525176451046826,0.628559222096613,-0.0389124033974316
171,"Pink","N Southeast Alaska Inside-Even","SEAK",2002,35020603,35020603,13519392.5,57.57528,-134.7503,"NC",9.93677469094594,0.804082976447206,594.2,361.3,-93.6727903862989,2.59039768244024,0.42140382107808,0.95181140926829,1.94282938456344,0.909141681950244,0.639085634062055,0.459679013800372,-0.474345924958056
171,"Pink","N Southeast Alaska Inside-Even","SEAK",2004,15568345,15568345,12895080,57.57528,-134.7503,"NC",10.7053812212414,1.57268950674269,580.1,347.5,-119.692201844423,1.2073089116159,-0.681091635048903,0.188393842771771,1.76900406289168,1.82769212805387,0.558779660036319,0.351783325166662,-0.802925389546891
171,"Pink","N Southeast Alaska Inside-Even","SEAK",2006,4082274.5,4082274.5,9772645,57.57528,-134.7503,"NC",8.73301381535,-0.399677899148729,524.7,331.7,-147.116423405168,0.417724628286406,-1.31048947484281,-0.872932847554727,0.899634527163706,-0.529455370895063,0.243251223084134,0.228250580209227,-1.14924513823519
171,"Pink","N Southeast Alaska Inside-Even","SEAK",2008,14594099,14594099,3649692.5,57.57528,-134.7503,"NC",8.94518019093408,-0.187511523564656,647.1,410.3,-79.512118210272,3.99872016615098,1.54401371554432,1.38597435146001,-0.805159446837173,-0.2758984321243,0.940375423137336,0.84278689373166,-0.295521508068178
171,"Pink","N Southeast Alaska Inside-Even","SEAK",2010,6325041.5,6325041.5,7956215,57.57528,-134.7503,"NC",9.54862614472706,0.415934430228332,652.5,437.6,-62.470593004989,0.794981219084703,-1.00976859132267,-0.229436788399678,0.39389176365306,0.4452710196144,0.971130902551448,1.05623271255052,-0.0803169775298605
171,"Pink","N Southeast Alaska Inside-Even","SEAK",2012,4381206,4381206,5215137.5,57.57528,-134.7503,"NC",9.36548805236817,0.232796337869436,609.4,359.3,-150.178710666804,0.840094053128992,-0.973807996749125,-0.174241425402022,-0.369297629743246,0.226405358441628,0.725656613153629,0.444041957476646,-1.18791644755611
171,"Pink","N Southeast Alaska Inside-Even","SEAK",2014,4906400,4906400,3431365,57.57528,-134.7503,"NC",10.5964108308156,1.4637191163169,685.7,432.2,-85.8055900084864,1.42986828856738,-0.503683859797277,0.357582334132869,-0.865947670550925,1.69746320494127,1.16022014635673,1.01401266047646,-0.374997002630778
171,"Pink","N Southeast Alaska Inside-Even","SEAK",2016,4213840,4213840,4444035,57.57528,-134.7503,"NC",9.66123467021518,0.528542955716448,950.1,701.3,175.537619931456,0.94820135304965,-0.887632901230387,-0.053188401548622,-0.583993219058533,0.579847824839325,2.66609954581806,3.1179785888338,2.92530869929471
171,"Pink","N Southeast Alaska Inside-Even","SEAK",2018,6858788,6858788,3436850,57.57528,-134.7503,"NC",10.6881365776062,1.55544486310747,486.1,312.9,-220.09763796564,1.99566114319799,-0.0526758952343246,0.690975395540184,-0.864420499639932,1.80708330614087,0.0234064998647423,0.0812622507662019,-2.07086968934836
171,"Pink","N Southeast Alaska Inside-Even","SEAK",2020,10593966,10593966,5712505,57.57528,-134.7503,"NC",9.13632623354594,0.00363451904720565,531.8,299,-241.010764843178,1.85452196540747,-0.165181545976323,0.617626962259931,-0.230817196183802,-0.0474625864848291,0.28368898305454,-0.0274152906836938,-2.33496574868309
172,"Pink","N Southeast Alaska Inside-Odd","SEAK",1961,19817391.5,19817391.5,5080937.5,57.57528,-134.7503,"NC",9.2976222038269,0.164930489328167,318.2,224.2,26.8582160885894,3.9003415216188,1.05553521370248,1.36106411894745,-0.726079447466054,0.272878357909821,-1.28859841392565,-1.10580203421814,-0.363592651456706
172,"Pink","N Southeast Alaska Inside-Odd","SEAK",1963,8895533,8895533,7216002.5,57.57528,-134.7503,"NC",8.35868243376414,-0.774009280734594,344.5,205.1,11.278580937552,1.23275082013899,-0.873339726600045,0.209248111414102,-0.321493326009556,-1.18072283230232,-1.16387392442821,-1.21884229354539,-0.581464911456866
172,"Pink","N Southeast Alaska Inside-Odd","SEAK",1965,4652519,4652519,4349850,57.57528,-134.7503,"NC",8.47966478930579,-0.653026925192938,272.9,175.2,-17.7751125688447,1.06958147982114,-0.99132381291066,0.0672674316044019,-0.864617551022774,-0.993426371318177,-1.50342804792694,-1.39580060526709,-0.987764147878274
172,"Pink","N Southeast Alaska Inside-Odd","SEAK",1967,6990350.5,6990350.5,2344105,57.57528,-134.7503,"NC",9.28162998623318,0.148938271734448,305.9,220.8,25.6382346910747,2.9820978582444,0.391573838221634,1.09262703211678,-1.24469805919501,0.248120319886991,-1.34692963905183,-1.12592438404603,-0.380653391432827
172,"Pink","N Southeast Alaska Inside-Odd","SEAK",1969,8495051,8495051,3518827.5,57.57528,-134.7503,"NC",8.67903690867954,-0.453654805819193,324.9,202.8,2.28046936379511,2.41417091346478,-0.0190813837733664,0.881355921107259,-1.02209293004781,-0.684772334864463,-1.25682449454797,-1.23245447137013,-0.707298339858909
172,"Pink","N Southeast Alaska Inside-Odd","SEAK",1971,5139530.5,5139530.5,5571785,57.57528,-134.7503,"NC",8.18890574243334,-0.943785972065396,258.2,158.6,-50.3442287528231,0.922420822052538,-1.09773238031601,-0.0807537365043852,-0.633065845420394,-1.44355928726709,-1.57314097551677,-1.49404501913265,-1.44322455374912
172,"Pink","N Southeast Alaska Inside-Odd","SEAK",1973,1519038,1519038,3514997.5,57.57528,-134.7503,"NC",8.64015632205539,-0.492535392443338,339.2,228.3,8.18300003622602,0.432159055589655,-1.45222965570167,-0.838961574265896,-1.02281869944835,-0.744964552507162,-1.18900851736876,-1.08153684766099,-0.624754834516477
172,"Pink","N Southeast Alaska Inside-Odd","SEAK",1975,4361038,4361038,1468105,57.57528,-134.7503,"NC",8.22952699661255,-0.903164717886184,381.4,279.1,45.5262969845521,2.97052186321823,0.383203496136295,1.08873764890044,-1.4106964912783,-1.38067228928759,-0.98888024904967,-0.780885267879628,-0.102530249465966
172,"Pink","N Southeast Alaska Inside-Odd","SEAK",1977,8459854,8459854,4030935,57.57528,-134.7503,"NC",9.04972698953417,-0.0829647249645595,457,319.9,71.1046092155224,2.0987324280843,-0.247167869949776,0.741333556811992,-0.925050644593367,-0.110895756291045,-0.63035662144486,-0.539417069944993,0.255167773544552
172,"Pink","N Southeast Alaska Inside-Odd","SEAK",1979,7040838,7040838,6439570,57.57528,-134.7503,"NC",8.9160360760159,-0.216655638482831,453.5,297.9,32.6075384498225,1.09337083066105,-0.974122267465284,0.0892654294761662,-0.46862412237771,-0.317866722062063,-0.646954937537675,-0.669620510007786,-0.28319167645519
172,"Pink","N Southeast Alaska Inside-Odd","SEAK",1981,8712904,8712904,4413365,57.57528,-134.7503,"NC",8.19544271628062,-0.937248998218112,597.3,431,148.341946054577,1.97420879532964,-0.337208112841109,0.680167708127802,-0.852581717217101,-1.4334391994108,0.0349987350757077,0.118110302372112,1.33528762040745
172,"Pink","N Southeast Alaska Inside-Odd","SEAK",1983,26286087,26286087,5211760,57.57528,-134.7503,"NC",9.4084742863973,0.27578257189857,524.2,326.3,25.7214716941774,5.04361041183784,1.88220727817912,1.6181221771811,-0.701289116551425,0.444491835471925,-0.311668952462806,-0.501539705563089,-0.379489369695103
172,"Pink","N Southeast Alaska Inside-Odd","SEAK",1985,12069622.5,12069622.5,10695640,57.57528,-134.7503,"NC",8.71148812770843,-0.421203586790299,437.7,270.3,-48.5060334477533,1.12846192467211,-0.94874868529311,0.120855576938518,0.337883807801164,-0.634533616569378,-0.72188447875667,-0.832966643904745,-1.41751844692732
172,"Pink","N Southeast Alaska Inside-Odd","SEAK",1987,20040981.5,20040981.5,6863337.5,57.57528,-134.7503,"NC",9.14283454418182,0.0101428296830905,557.7,364.4,27.286769793309,2.92000524526151,0.346676063951325,1.07158541260101,-0.388321907117605,0.0332468783792488,-0.152799355574431,-0.276051020727071,-0.357599573745097
172,"Pink","N Southeast Alaska Inside-Odd","SEAK",1989,27106517.5,27106517.5,7315862.5,57.57528,-134.7503,"NC",9.43251880009969,0.299827085600958,688.9,486,130.743381846267,3.70517044299288,0.914411388962612,1.30972926119677,-0.30257026273577,0.481715877790983,0.469400379104817,0.443618902529095,1.08918179574267
172,"Pink","N Southeast Alaska Inside-Odd","SEAK",1991,26335067,26335067,9057182.5,57.57528,-134.7503,"NC",9.26661099327935,0.133919278780621,650.2,398.6,25.6305823493315,2.90764451307015,0.337738296041702,1.067343307725,0.0274027849300526,0.224868960503192,0.285870426878545,-0.0736438548112737,-0.380760405042178
172,"Pink","N Southeast Alaska Inside-Odd","SEAK",1993,12676186.5,12676186.5,9325460,57.57528,-134.7503,"NC",9.53948307037354,0.406791355874805,690.5,434.9,44.9103454445051,1.35930951395427,-0.781827976749403,0.30697686049169,0.0782402784953753,0.647310514995289,0.476988180747247,0.141191821292335,-0.111143978399898
172,"Pink","N Southeast Alaska Inside-Odd","SEAK",1995,25410215,25410215,7835727.5,57.57528,-134.7503,"NC",9.06213755077786,-0.0705541637208713,609.6,402,-4.11073275407784,3.24286608997059,0.580129491502555,1.17645753445,-0.204057962627351,-0.0916825893018351,0.0933299602018875,-0.0535215049833877,-0.79667563502914
172,"Pink","N Southeast Alaska Inside-Odd","SEAK",1997,61107592.5,61107592.5,14585400,57.57528,-134.7503,"NC",9.67387425899506,0.541182544496327,699.2,501.1,79.8710331213849,4.18964118227817,1.26472130262322,1.43261509357923,1.07497748494759,0.855365597933368,0.518246852177959,0.532985809117649,0.37776118282362
172,"Pink","N Southeast Alaska Inside-Odd","SEAK",1999,26026036,26026036,24789822.5,57.57528,-134.7503,"NC",9.0999782482783,-0.0327134662204354,601.2,401.8,-33.5617709907838,1.04986778344218,-1.0055783441268,0.0486642357095161,3.00867398644915,-0.0331002556113424,0.0534940015791309,-0.0547051726203221,-1.20853150955872
172,"Pink","N Southeast Alaska Inside-Odd","SEAK",2001,37758050.5,37758050.5,13017995,57.57528,-134.7503,"NC",8.7787516646915,-0.353940049807234,675.5,466.3,17.6774341079921,2.90045053020838,0.332536488562262,1.06486608017032,0.777960621432181,-0.530400890984726,0.405852540349467,0.327027640291049,-0.491980620705671
172,"Pink","N Southeast Alaska Inside-Odd","SEAK",2003,41711053.5,41711053.5,16460747.5,57.57528,-134.7503,"NC",10.2024398644765,1.06974814997779,813,594.5,133.341193044483,2.53397079932123,0.0675432237990856,0.929787558281341,1.43034819797419,1.67365407364859,1.05792924399578,1.08575859556605,1.12551069506041
172,"Pink","N Southeast Alaska Inside-Odd","SEAK",2005,20457741,20457741,16474872.5,57.57528,-134.7503,"NC",9.3670705821779,0.23437886767917,765.7,550,76.9215300470468,1.24175413193638,-0.86682963399248,0.216525002510459,1.43302482794357,0.380393502808384,0.83361485794145,0.82239254634813,0.3365140743738
172,"Pink","N Southeast Alaska Inside-Odd","SEAK",2007,19248129,19248129,11711570,57.57528,-134.7503,"NC",8.34487885899014,-0.787812855508593,878.5,657.6,173.201478578285,1.6435139780576,-0.576326110054895,0.496836619140789,0.530398404954553,-1.20209256586822,1.36855487373275,1.45920573501888,1.68293392155509
172,"Pink","N Southeast Alaska Inside-Odd","SEAK",2009,55424812.5,55424812.5,9018960,57.57528,-134.7503,"NC",9.24420519669851,0.111513482199775,861.4,654.8,159.758485773777,6.14536626174193,2.67886219530446,1.81569834445448,0.0201597768589302,0.190181865956763,1.28746024367929,1.4426343881018,1.49494137904108
172,"Pink","N Southeast Alaska Inside-Odd","SEAK",2011,43509411,43509411,14867477.5,57.57528,-134.7503,"NC",8.45766463544633,-0.675027079052398,798.8,578.3,73.4142570728227,2.92648238411661,0.351359537624978,1.07380115029368,1.128430022306,-1.0274854780411,0.990587504419217,0.989881516974359,0.287466873850571
172,"Pink","N Southeast Alaska Inside-Odd","SEAK",2013,29099878,29099878,13420840,57.57528,-134.7503,"NC",10.1043493350347,0.971657620535962,818.9,552.7,38.850982827287,2.16826055597116,-0.196893641803489,0.773925258999569,0.854298108158881,1.52179714427851,1.08590926255224,0.838372059446746,-0.195880688520218
172,"Pink","N Southeast Alaska Inside-Odd","SEAK",2015,28780103,28780103,13017170,57.57528,-134.7503,"NC",10.7693647676044,1.63667305310567,736.6,512.8,-9.16732517828621,2.21093394339937,-0.166037473508092,0.793415025083173,0.777804287292376,2.55132774369933,0.695611715569757,0.602230365878316,-0.867389179260541
172,"Pink","N Southeast Alaska Inside-Odd","SEAK",2017,5901844,5901844,11635105,57.57528,-134.7503,"NC",9.96973215209113,0.837040437592402,854.2,638.8,109.373894221988,0.507244584384928,-1.39793699573992,-0.678761976755231,0.515908598893768,1.31339219266304,1.25331513628835,1.34794097714704,0.790341770375523
172,"Pink","N Southeast Alaska Inside-Odd","SEAK",2019,17740136,17740136,4123800,57.57528,-134.7503,"NC",9.74848314126333,0.615791426764597,982.8,797.2,260.684735027627,4.30189048935448,1.34588625621438,1.45905457476944,-0.907453105329196,0.970869875761865,1.86318469329865,2.28540574559915,2.90633707637944
200,"Pink","Auke Creek-Even","SEAK",1978,9232,9232,18875,58.376,-134.65,"NC",9.09363872475095,-0.0956659356934429,408,244.5,-12.4122105457951,0.489112582781457,-0.743763078062549,-0.715162585369345,1.56727037119205,-0.464164319385219,-1.23699284791893,-1.0994309978571,0.401840270080528
200,"Pink","Auke Creek-Even","SEAK",1980,4437,4437,9232,58.376,-134.65,"NC",9.71252355310653,0.523218892662135,373.1,223.2,-50.6883073338683,0.480610918544194,-0.751737179619185,-0.732697237368971,0.221249629442152,0.425669163505956,-1.49696545054672,-1.29391551122274,-0.0847999796963365
200,"Pink","Auke Creek-Even","SEAK",1982,2007,2007,4437,58.376,-134.65,"NC",10.2024426725176,1.01313801207317,479.5,308.8,17.2345438819623,0.452332657200811,-0.778260660375914,-0.793337402582571,-0.44806173182413,1.13007556739025,-0.704384220758848,-0.512325166429384,0.778767522085303
200,"Pink","Auke Creek-Even","SEAK",1984,6787,6787,2007,58.376,-134.65,"NC",8.31893326176538,-0.870371398679014,442.8,261.8,-47.8680562837991,3.38166417538615,1.96929397918292,1.21836794790742,-0.787253933675447,-1.57803693147517,-0.977765152461996,-0.941469397799569,-0.048943458509286
200,"Pink","Auke Creek-Even","SEAK",1986,19589,19589,6787,58.376,-134.65,"NC",8.84362122747633,-0.345683432968061,384.8,212.2,-115.764248823289,2.88625313098571,1.50462519550959,1.05995916647964,-0.120036351432938,-0.82363983112904,-1.40981131155689,-1.39435352282002,-0.912172023304087
200,"Pink","Auke Creek-Even","SEAK",1988,21319,21319,19589,58.376,-134.65,"NC",9.33993248144786,0.150627821003469,523,303,-43.2216979870615,1.08831487059064,-0.181743717780564,0.0846305096811416,1.66693425272367,-0.11004280711889,-0.380349601437677,-0.56528339072613,0.010130092657555
200,"Pink","Auke Creek-Even","SEAK",1990,21312,21312,21319,58.376,-134.65,"NC",8.81566825177934,-0.373636408665046,472.3,277.2,-86.9838643363977,0.999671654392795,-0.26488626358592,-0.00032839952442638,1.90841676679889,-0.863830659182963,-0.758017537060283,-0.800856181563381,-0.546259752444249
200,"Pink","Auke Creek-Even","SEAK",1992,3858,3858,21312,58.376,-134.65,"NC",9.78183046976725,0.592525809322864,698.6,453.7,72.1190405954069,0.181024774774775,-1.03273279044411,-1.70912137987444,1.90743966992113,0.52531874645749,0.927707390580656,0.810717368156567,1.47656608125894
200,"Pink","Auke Creek-Even","SEAK",1994,2267,2267,3858,58.376,-134.65,"NC",9.38844690057967,0.19914224013528,677.1,424.3,26.1281093358687,0.587610160705028,-0.651377673566965,-0.531691542958145,-0.528881602141789,-0.0402887065680542,0.767552348847204,0.542273955342027,0.89183983815397
200,"Pink","Auke Creek-Even","SEAK",1996,2180,2180,2267,58.376,-134.65,"NC",9.83696375952827,0.647659099083877,636.1,443.6,29.8031196413841,0.961623290692545,-0.300573572298935,-0.0391324947243942,-0.750961763930038,0.604589468574956,0.462140408797365,0.718497012053613,0.938563722851791
200,"Pink","Auke Creek-Even","SEAK",1998,4923,4923,2180,58.376,-134.65,"NC",8.23860222763486,-0.950702432809536,567.9,381.8,-46.6131174327623,2.25825688073395,0.91559865471244,0.814593223975066,-0.763105682267925,-1.69353700614099,-0.0458862817245617,0.154218001443456,-0.0329882329985821
200,"Pink","Auke Creek-Even","SEAK",2000,6798,6798,4923,58.376,-134.65,"NC",8.75135593944125,-0.437948721003136,574.2,382.9,-59.1918651272497,1.38086532602072,0.0926527976469241,0.322710350497861,-0.380223291453866,-0.956298992964298,0.00104287003919447,0.164261802603183,-0.192913759204089
200,"Pink","Auke Creek-Even","SEAK",2002,12895,12895,6798,58.376,-134.65,"NC",10.0093437963062,0.820039135861794,594.2,361.3,-93.6727903862989,1.89688143571639,0.576648018904681,0.640211188059384,-0.118500913482171,0.852437729639248,0.150024304209847,-0.0329619292605611,-0.6313024009067
200,"Pink","Auke Creek-Even","SEAK",2004,3133,3133,12895,58.376,-134.65,"NC",10.7682060665554,1.57890140611106,580.1,347.5,-119.692201844423,0.242962388522683,-0.974638656352494,-1.41484862736325,0.732550467047656,1.94353097677026,0.0449923931195369,-0.158965980173509,-0.962111808175579
200,"Pink","Auke Creek-Even","SEAK",2006,5835,5835,3133,58.376,-134.65,"NC",8.80149902237786,-0.38780563806653,524.7,331.7,-147.116423405168,1.86243217363549,0.544336472986391,0.621883253768465,-0.630080921624178,-0.884203197287844,-0.367686179533172,-0.303231487740507,-1.31078189604137
200,"Pink","Auke Creek-Even","SEAK",2008,5890,5890,5835,58.376,-134.65,"NC",9.01226545704736,-0.177039203397034,647.1,410.3,-79.512118210272,1.00942587832048,-0.255737328738011,0.00938173192497609,-0.252921526808434,-0.581162918958774,0.544080197591224,0.414443758763674,-0.451264371352514
200,"Pink","Auke Creek-Even","SEAK",2010,584,584,5890,58.376,-134.65,"NC",9.65267932415008,0.46337466370569,652.5,437.6,-62.470593004989,0.099151103565365,-1.10952586893066,-2.31111029381741,-0.245244337054597,0.339625046340016,0.5843051848173,0.663712642091462,-0.234599330285376
200,"Pink","Auke Creek-Even","SEAK",2012,667,667,584,58.376,-134.65,"NC",9.41229459974501,0.222989939300619,609.4,359.3,-150.178710666804,1.14212328767123,-0.131274330796092,0.132889063087397,-0.985883770397432,-0.00600045092666304,0.263250194179543,-0.0512233859146115,-1.34971565269221
200,"Pink","Auke Creek-Even","SEAK",2014,351,351,667,58.376,-134.65,"NC",10.6302803887261,1.44097572828174,685.7,432.2,-85.8055900084864,0.52623688155922,-0.70894249230297,-0.642003822449758,-0.974298193132552,1.7452212418086,0.831614365540585,0.614406709125525,-0.531279235584988
200,"Pink","Auke Creek-Even","SEAK",2016,1304,1304,351,58.376,-134.65,"NC",9.71883090337117,0.52952624292678,950.1,701.3,175.537619931456,3.71509971509971,2.28203849391143,1.31240551902073,-1.01840713790005,0.434737880651142,2.80114892527662,3.07148570192801,2.79142437410727
201,"Pink","Auke Creek-Odd","SEAK",1979,21563,21563,12047,58.376,-134.65,"NC",8.97213097413381,-0.217173686310577,453.5,297.9,32.6075384498225,1.78990620071387,0.0614833053255879,0.582163216643813,0.0479586934494031,-0.52268184693009,-1.7222842685943,-1.49596862246301,-0.379064956610551
201,"Pink","Auke Creek-Odd","SEAK",1981,24118,24118,21563,58.376,-134.65,"NC",8.24803535143534,-0.941269309009048,597.3,431,148.341946054577,1.11849000602885,-0.223979062174823,0.111979566752872,1.10760962958846,-1.6516539510354,-0.612964134066531,-0.321513435158059,1.3817400300838
201,"Pink","Auke Creek-Odd","SEAK",1983,6922,6922,24118,58.376,-134.65,"NC",9.49413526058198,0.304830600137585,524.2,326.3,25.7214716941774,0.287005556016253,-0.577496778189584,-1.24825370446825,1.39212078362748,0.29119999291191,-1.17688139299546,-1.24537112194114,-0.483830867915497
201,"Pink","Auke Creek-Odd","SEAK",1985,4299,4299,6922,58.376,-134.65,"NC",8.75791219870249,-0.431392461741898,437.7,270.3,-48.5060334477533,0.621063276509679,-0.435467276177676,-0.476322307699008,-0.522733934515358,-0.856680581429097,-1.84417062551738,-1.73950703846313,-1.61314205469884
201,"Pink","Auke Creek-Odd","SEAK",1987,5566,5566,4299,58.376,-134.65,"NC",9.22908022668627,0.0397755662418758,557.7,364.4,27.286769793309,1.29471970225634,-0.149052441835291,0.258294225589554,-0.814817205374201,-0.122059982622498,-0.918451459012981,-0.909182221593141,-0.460016129017564
201,"Pink","Auke Creek-Odd","SEAK",1989,1637,1637,5566,58.376,-134.65,"NC",9.49408034483592,0.304775684391526,688.9,486,130.743381846267,0.294107078692059,-0.574477462462705,-1.2238113647147,-0.6737308522754,0.291114371146727,0.0936681630318264,0.163798625711754,1.11399217308972
201,"Pink","Auke Creek-Odd","SEAK",1991,1548,1548,1637,58.376,-134.65,"NC",9.28803937964969,0.0987347192053044,650.2,398.6,25.6305823493315,0.945632254123396,-0.297472051307855,-0.0559015232214625,-1.11124330793853,-0.0301339484209251,-0.204876268165841,-0.607406358288639,-0.485213675456954
201,"Pink","Auke Creek-Odd","SEAK",1993,2666,2666,1548,58.376,-134.65,"NC",9.5785532395045,0.389248579060106,690.5,434.9,44.9103454445051,1.72222222222222,0.0327064767429279,0.543615446588982,-1.12115387259977,0.422820099843786,0.106011085251885,-0.287100398114563,-0.191887743239775
201,"Pink","Auke Creek-Odd","SEAK",1995,28127,28127,2666,58.376,-134.65,"NC",9.09847349590726,-0.0908311645371346,609.6,402,-4.11073275407784,10.5502625656414,3.78607631913078,2.3561507473509,-0.996659363709118,-0.325695180841748,-0.518077919499829,-0.577405249071232,-0.937703622299521
201,"Pink","Auke Creek-Odd","SEAK",1997,7857,7857,28127,58.376,-134.65,"NC",9.70739886495802,0.518094204513634,699.2,501.1,79.8710331213849,0.279340135812564,-0.580755843157859,-1.27532511491374,1.83854161201981,0.623709474552252,0.173125724823454,0.297038846059648,0.340010716982568
201,"Pink","Auke Creek-Odd","SEAK",1999,10576,10576,7857,58.376,-134.65,"NC",9.16149653328789,-0.0278081271564979,601.2,401.8,-33.5617709907838,1.34606083746977,-0.127224010939219,0.297182428915646,-0.418617328242762,-0.227432950152427,-0.582878261155137,-0.579170020201668,-1.38577724244209
201,"Pink","Auke Creek-Odd","SEAK",2001,10004,10004,10576,58.376,-134.65,"NC",8.81068015098572,-0.378624509458674,675.5,466.3,17.6774341079921,0.945915279878971,-0.297351718788489,-0.0556022700939578,-0.115844010108873,-0.774407544207151,-0.00970381056116451,-0.0100313306361607,-0.606214364647803
201,"Pink","Auke Creek-Odd","SEAK",2003,2930,2930,10004,58.376,-134.65,"NC",10.2469938993454,1.05768923890101,813,594.5,133.341193044483,0.292882846861255,-0.574997962444024,-1.2279825899864,-0.179538875122696,1.46501789051373,1.05101606772512,1.12118696397311,1.15351575995536
201,"Pink","Auke Creek-Odd","SEAK",2005,8698,8698,2930,58.376,-134.65,"NC",9.4203485780292,0.231043917584813,765.7,550,76.9215300470468,2.96860068259386,0.562622419962192,1.08809069114647,-0.967261733702739,0.176155648428637,0.686128429594641,0.728525387451172,0.295136423943445
201,"Pink","Auke Creek-Odd","SEAK",2007,26995,26995,8698,58.376,-134.65,"NC",8.44427253140344,-0.745032129040954,878.5,657.6,173.201478578285,3.10358703150149,0.620013830899916,1.1325585494948,-0.324968059926984,-1.34569118171684,1.55630444610877,1.67797225562557,1.75995762103675
201,"Pink","Auke Creek-Odd","SEAK",2009,9211,9211,26995,58.376,-134.65,"NC",9.34493758943346,0.155632928989069,861.4,654.8,159.758485773777,0.341211335432487,-0.554450402116361,-1.07525324166415,1.71248813790155,0.0585787707362673,1.4243894648819,1.65326545979947,1.55543340687987
201,"Pink","Auke Creek-Odd","SEAK",2011,25235,25235,9211,58.376,-134.65,"NC",8.55506506231096,-0.63423959813343,798.8,578.3,73.4142570728227,2.73965910324612,0.465284575303042,1.00783349778613,-0.26784311980095,-1.17294924982712,0.941472633022104,0.978240502407821,0.241776115021293
201,"Pink","Auke Creek-Odd","SEAK",2013,10711,10711,25235,58.376,-134.65,"NC",10.1612269481023,0.97192228765793,818.9,552.7,38.850982827287,0.424450168416881,-0.519060200748276,-0.856960669009733,1.51650393785902,1.33129453634298,1.09653059341159,0.752349797712054,-0.284076022709992
201,"Pink","Auke Creek-Odd","SEAK",2015,2094,2094,10711,58.376,-134.65,"NC",10.827104224099,1.63779956365466,736.6,512.8,-9.16732517828621,0.195499953319018,-0.616401717022284,-1.63219513833415,-0.100811131128338,2.369495632707,0.461641531717325,0.400277957190135,-1.01463556795421
177,"Pink","Prince William Sound-Even","GOA",1960,12.527895,12.527895,3.872483,60.5,-147,"GoA",11.1567446451921,0.731043011044306,265.4,162.9,-37.047339703769,3.23510651951216,0.456252755047813,1.17406185461701,0.0486564027625062,0.794920292188125,-1.18318549898665,-1.0528425741445,0.10617357897424
177,"Pink","Prince William Sound-Even","GOA",1962,9.486942,9.486942,5.785579,60.5,-147,"GoA",10.7361867427826,0.31048510863482,245.6,146.2,-49.0768726509801,1.63975671233597,-0.418403552827174,0.494547884695124,1.15528227527228,0.356145034980743,-1.29228511253979,-1.17900029457357,-0.0754418224416741
177,"Pink","Prince William Sound-Even","GOA",1964,6.779607,6.779607,5.280046,60.5,-147,"GoA",8.74218430885901,-1.68351732528876,275.7,161.1,-31.9369804200911,1.284005290863,-0.613445557675995,0.24998432586909,0.862857902837502,-1.7242318306169,-1.12643165961304,-1.06644041227458,0.183327027637422
177,"Pink","Prince William Sound-Even","GOA",1966,5.76785,5.76785,4.080189,60.5,-147,"GoA",10.5452762750479,0.119574640900119,270.1,172,-21.6750197658039,1.41362324147239,-0.542382046962312,0.346156083224067,0.168803448951257,0.156964876662582,-1.15728811597151,-0.984097948042431,0.338256575752155
177,"Pink","Prince William Sound-Even","GOA",1968,5.617393,5.617393,3.315682,60.5,-147,"GoA",9.49696557338421,-0.928736060763565,268.2,132.2,-65.2451763112484,1.69418931007256,-0.388560684040545,0.527204343275515,-0.27342382344638,-0.936755619660113,-1.16775727080741,-1.28476125780753,-0.319542152218384
177,"Pink","Prince William Sound-Even","GOA",1970,1.893028,1.893028,2.807397,60.5,-147,"GoA",8.53532615074745,-1.89037548340032,224.7,126.2,-78.1640583855578,0.674300072273355,-0.947718651253917,-0.394080056058817,-0.567440083795379,-1.94005048724143,-1.40744581573477,-1.33008738490779,-0.514584467166656
177,"Pink","Prince William Sound-Even","GOA",1972,2.801687,2.801687,1.838245,60.5,-147,"GoA",9.27297908526201,-1.15272254888577,238.3,133.9,-80.3137308338856,1.52410968070089,-0.481807456630366,0.421410423638649,-1.12804377414578,-1.17044455612696,-1.33250870743564,-1.27191885512912,-0.547039062563587
177,"Pink","Prince William Sound-Even","GOA",1974,2.490854,2.490854,2.746904,60.5,-147,"GoA",8.76887967036321,-1.65682196378457,305,199,-27.5920951201788,0.9067859670378,-0.82025741771567,-0.0978488357245716,-0.602432117078463,-1.69638010308274,-0.96498627188036,-0.780130376091236,0.24892376288163
177,"Pink","Prince William Sound-Even","GOA",1976,5.335368,5.335368,2.042081,60.5,-147,"GoA",11.0823314648408,0.656629830693039,349.6,234.1,-6.89603449935734,2.61271124896613,0.115022294539461,0.960388474870146,-1.0101353203364,0.717283747585866,-0.719236637311159,-0.514972532554683,0.56138172561991
177,"Pink","Prince William Sound-Even","GOA",1978,16.058329,16.058329,2.165671,60.5,-147,"GoA",10.4951708133404,0.0694691791926347,408,244.5,-12.4122105457951,7.41494391345685,2.74786373971113,2.00349741163099,-0.938644976107217,0.104688990934985,-0.397447878144313,-0.43640724558089,0.478101474312488
177,"Pink","Prince William Sound-Even","GOA",1980,20.246569,20.246569,3.139455,60.5,-147,"GoA",11.3989129066467,0.973211272498958,373.1,223.2,-50.6883073338683,6.44907125599825,2.21832055824082,1.86393612912184,-0.375361916273284,1.04757858394404,-0.589749722235459,-0.597314996786832,-0.0997703943049828
177,"Pink","Prince William Sound-Even","GOA",1982,27.866302,27.866302,5.30137,60.5,-147,"GoA",11.3268881210914,0.901186486943627,479.5,308.8,17.2345438819623,5.25643409156501,1.56445291480275,1.65945286749134,0.875192720382152,0.972433892508476,-0.00347705142463011,0.0493377498436224,0.92569218541524
177,"Pink","Prince William Sound-Even","GOA",1984,7.404669,7.404669,10.234627,60.5,-147,"GoA",9.35454971056718,-1.07115192358059,442.8,261.8,-47.8680562837991,0.723491828280601,-0.920749092920287,-0.323666027679843,3.72882360557555,-1.08534052670844,-0.205697042202425,-0.305716912441791,-0.0571917647937913
177,"Pink","Prince William Sound-Even","GOA",1986,3.580072,3.580072,2.826646,60.5,-147,"GoA",9.89646772237924,-0.52923391176853,384.8,212.2,-115.764248823289,1.26654416577102,-0.623018682727059,0.236292062153995,-0.556305545110472,-0.519948190347985,-0.525281768772238,-0.680412896470652,-1.08225186619452
177,"Pink","Prince William Sound-Even","GOA",1988,15.231063,15.231063,2.7843,60.5,-147,"GoA",10.6583847541075,0.232683119959774,523,303,-43.2216979870615,5.47033832561146,1.68172668557598,1.69934046563846,-0.58080048901151,0.274972888656643,0.236211493502729,0.00552249364669898,0.0129564471847796
177,"Pink","Prince William Sound-Even","GOA",1990,2.418285,2.418285,3.543306,60.5,-147,"GoA",9.61847313550802,-0.807228498639752,472.3,277.2,-86.9838643363977,0.682493975964819,-0.943226313888393,-0.382001578387149,-0.141755257099388,-0.809984700559401,-0.0431496381712275,-0.189379852884443,-0.647741141262105
177,"Pink","Prince William Sound-Even","GOA",1992,7.297728,7.297728,1.555439,60.5,-147,"GoA",11.0452946149386,0.619592980790817,698.6,453.7,72.1190405954069,4.69174811741251,1.25486178498324,1.5458052459343,-1.29163223834256,0.678642568217001,1.2037818036003,1.14396371931503,1.75430871989455
177,"Pink","Prince William Sound-Even","GOA",1994,7.269432,7.269432,4.04037,60.5,-147,"GoA",9.84594561503484,-0.579756019112935,677.1,424.3,26.1281093358687,1.79919957825645,-0.330988424310715,0.587341887256787,0.145770242244711,-0.572658769599249,1.08531505150977,0.921865696523733,1.05996244071259
177,"Pink","Prince William Sound-Even","GOA",1996,7.925572,7.925572,4.252683,60.5,-147,"GoA",11.7656290622858,1.33992742813801,636.1,443.6,29.8031196413841,1.86366395049901,-0.295645598830349,0.622544415943221,0.268582196725912,1.43017982527313,0.859401710313864,1.06766473869625,1.1154457645268
177,"Pink","Prince William Sound-Even","GOA",1998,10.487301,10.487301,4.071402,60.5,-147,"GoA",9.39904754895431,-1.02665408519346,567.9,381.8,-46.6131174327623,2.57584512656819,0.0948103094580705,0.946177684760889,0.163720629510025,-1.03891517036244,0.483614152519705,0.600805629563519,-0.0382453747565693
177,"Pink","Prince William Sound-Even","GOA",2000,3.025531,3.025531,4.756388,60.5,-147,"GoA",10.4514286609796,0.0257270268318665,574.2,382.9,-59.1918651272497,0.636098442767915,-0.968662832942307,-0.452401943393575,0.55994916686883,0.0590520547534534,0.518327665922978,0.609115419531901,-0.228152524258452
177,"Pink","Prince William Sound-Even","GOA",2002,8.675473,8.675473,2.704062,60.5,-147,"GoA",11.1667210138761,0.741019379728338,594.2,361.3,-93.6727903862989,3.20831142185349,0.441562245742672,1.16574476193026,-0.627213971010552,0.80532880837639,0.628529295774638,0.445941361970945,-0.748726939707074
177,"Pink","Prince William Sound-Even","GOA",2004,5.537897,5.537897,5.737165,60.5,-147,"GoA",12.3378198421918,1.91211820804407,580.1,347.5,-119.692201844423,0.965267165926028,-0.788194888689375,-0.0353503600787745,1.12727731107201,2.02715625868828,0.550837146729218,0.341691269640335,-1.14155398272778
177,"Pink","Prince William Sound-Even","GOA",2006,3.900803,3.900803,3.413995,60.5,-147,"GoA",10.1527810830336,-0.272920551114139,524.7,331.7,-147.116423405168,1.14259189014629,-0.690975966617371,0.133299269564057,-0.216554900295605,-0.25253207451118,0.245578632040121,0.222332468276302,-1.55559009112286
177,"Pink","Prince William Sound-Even","GOA",2008,8.134097,8.134097,2.47253,60.5,-147,"GoA",10.3715079197517,-0.054193714396097,647.1,410.3,-79.512118210272,3.28978697932887,0.48623151511727,1.19082281475669,-0.761143110747362,-0.0243306223704217,0.920012606732277,0.81610473328978,-0.534936747448235
177,"Pink","Prince William Sound-Even","GOA",2010,6.529904,6.529904,5.735115,60.5,-147,"GoA",10.6871160452182,0.261414411070475,652.5,437.6,-62.470593004989,1.13858292292308,-0.693173897412283,0.129784439111355,1.12609149340334,0.304948736393118,0.949767046792225,1.02233861159599,-0.27765298967654
177,"Pink","Prince William Sound-Even","GOA",2012,4.219081,4.219081,3.227329,60.5,-147,"GoA",10.6531962614793,0.227494627331528,609.4,359.3,-150.178710666804,1.30729807837999,-0.600675202586419,0.267962471669494,-0.32453140807039,0.269559645499318,0.712282534461899,0.430832652937524,-1.60182285283634
177,"Pink","Prince William Sound-Even","GOA",2014,5.985591,5.985591,2.32906,60.5,-147,"GoA",11.4901725237186,1.06447088957084,685.7,432.2,-85.8055900084864,2.56995998385615,0.0915837586585645,0.943890328301918,-0.844132994124348,1.14279130429467,1.13270175234598,0.981545097205749,-0.62995219085308
177,"Pink","Prince William Sound-Even","GOA",2016,8.550356,8.550356,3.803139,60.5,-147,"GoA",10.9976413891866,0.57193975503879,950.1,701.3,175.537619931456,2.24823652251469,-0.084802293847224,0.810146141138539,0.00854452938902268,0.62892514223044,2.58956729898492,3.01442189765266,3.31566666142083
178,"Pink","Prince William Sound-Odd","GOA",1961,9.182247,9.182247,6.304415,60.5,-147,"GoA",10.6543053205197,0.228603686371896,318.2,224.2,26.8582160885894,1.45647883269106,-0.746934595890164,0.376021764315564,0.0735554841170769,0.410933380721254,-1.28526428825253,-1.11871801344038,-0.309607635529271
178,"Pink","Prince William Sound-Odd","GOA",1963,5.25851,5.25851,3.886869,60.5,-147,"GoA",9.63930458288927,-0.786397051258506,344.5,205.1,11.278580937552,1.35289097728789,-0.812455508672278,0.302243767440839,-0.569196348737657,-0.90638580075285,-1.15433453365787,-1.24185413562003,-0.565725861191767
178,"Pink","Prince William Sound-Odd","GOA",1965,5.041076,5.041076,2.798039,60.5,-147,"GoA",9.42910169638121,-0.996599937766567,272.9,175.2,-17.7751125688447,1.80164608141631,-0.528610998872466,0.588700736686913,-0.858683075429608,-1.17919771520007,-1.51078207848591,-1.434616965629,-1.04334811342434
178,"Pink","Prince William Sound-Odd","GOA",1967,5.98847,5.98847,2.414736,60.5,-147,"GoA",11.1616090811216,0.735907446973817,305.9,220.8,25.6382346910747,2.47996882474937,-0.0995614241798521,0.908245989432304,-0.960591666119804,1.06933780339686,-1.34649759553444,-1.14063753257184,-0.329663270198733
178,"Pink","Prince William Sound-Odd","GOA",1969,10.500614,10.500614,1.159891,60.5,-147,"GoA",9.56631567844978,-0.859385955697994,324.9,202.8,2.28046936379511,9.05310412788788,4.05804781703621,2.20310769645829,-1.29421672380168,-1.00111448447518,-1.25190955989572,-1.25668204562072,-0.71364847608242
178,"Pink","Prince William Sound-Odd","GOA",1971,10.823034,10.823034,3.18965,60.5,-147,"GoA",8.98176648983589,-1.44393514431189,258.2,158.6,-50.3442287528231,3.39317291865879,0.478054219627339,1.22176544785711,-0.754565640635782,-1.75977192198002,-1.5839633481643,-1.54163579432963,-1.57876143777814
178,"Pink","Prince William Sound-Odd","GOA",1973,5.685204,5.685204,3.51207,60.5,-147,"GoA",10.1868050556916,-0.238896578456124,339.2,228.3,8.18300003622602,1.61876158504813,-0.644288257457484,0.481661403226593,-0.668843984895199,-0.19581205637066,-1.18071961728341,-1.0922856521348,-0.616615030299782
178,"Pink","Prince William Sound-Odd","GOA",1975,8.649844,8.649844,3.628326,60.5,-147,"GoA",9.8056930578672,-0.620008576280573,381.4,279.1,45.5262969845521,2.38397652250652,-0.16027803269085,0.868769901212717,-0.637935056138369,-0.690438440777168,-0.970634611812135,-0.764782248641297,-0.00271753770310191
178,"Pink","Prince William Sound-Odd","GOA",1977,22.753414,22.753414,4.35111,60.5,-147,"GoA",9.86609111382411,-0.55961052032366,457,319.9,71.1046092155224,5.22933550289466,1.63945531309778,1.65428421510882,-0.445768809556887,-0.612050795639554,-0.594273796323308,-0.501748019063836,0.417771894849575
178,"Pink","Prince William Sound-Odd","GOA",1979,23.613324,23.613324,8.319888,60.5,-147,"GoA",9.98023241299849,-0.445469221149278,453.5,297.9,32.6075384498225,2.83817811008994,0.127011461716815,1.04316233578548,0.609408355094188,-0.463912457186899,-0.611697908151494,-0.643580201679133,-0.215092826443856
178,"Pink","Prince William Sound-Odd","GOA",1981,15.307092,15.307092,6.210777,60.5,-147,"GoA",9.31918632984161,-1.10651530430616,597.3,431,148.341946054577,2.46460177204881,-0.109281321515238,0.9020302415222,0.0486599925215287,-1.32185142500859,0.104184172103708,0.214504503143418,1.68749929695744
178,"Pink","Prince William Sound-Odd","GOA",1983,24.321751,24.321751,5.74285,60.5,-147,"GoA",11.3919862783872,0.966284644239442,524.2,326.3,25.7214716941774,4.23513603872642,1.01060885106553,1.44341545007368,-0.0757475417682914,1.36833295648488,-0.259730849222128,-0.460487747757567,-0.328294912510159
178,"Pink","Prince William Sound-Odd","GOA",1985,15.628835,15.628835,6.731643,60.5,-147,"GoA",9.6645643894489,-0.761137244698872,437.7,270.3,-48.5060334477533,2.32169694679293,-0.199670822825903,0.842298360887623,0.18714239416837,-0.873602349009736,-0.690355327261593,-0.821515121687416,-1.54854280201476
178,"Pink","Prince William Sound-Odd","GOA",1987,7.046989,7.046989,3.934108,60.5,-147,"GoA",10.2540157024677,-0.171685931680078,557.7,364.4,27.286769793309,1.7912545868085,-0.535183779139267,0.582916260831633,-0.556636937734837,-0.108582687056048,-0.0929572074380582,-0.214860195137438,-0.302562514549878
178,"Pink","Prince William Sound-Odd","GOA",1989,10.766782,10.766782,3.536915,60.5,-147,"GoA",10.7959599953431,0.370258361195368,688.9,486,130.743381846267,3.04411669491633,0.257270786059087,1.11321077530811,-0.662238456277636,0.594779966612491,0.560198070235672,0.569084959681663,1.39819129997654
178,"Pink","Prince William Sound-Odd","GOA",1991,3.532463,3.532463,4.947798,60.5,-147,"GoA",9.93066411751967,-0.495037516628099,650.2,398.6,25.6305823493315,0.71394648690185,-1.21659773233603,-0.336947267768055,-0.287127647964749,-0.52824469262908,0.367537176592583,0.0056243796554344,-0.329789069305736
178,"Pink","Prince William Sound-Odd","GOA",1993,6.156249,6.156249,3.055161,60.5,-147,"GoA",10.81899866691,0.393297032762251,690.5,434.9,44.9103454445051,2.01503259566353,-0.393640744546262,0.700635371775766,-0.790322168639303,0.624680717267698,0.568163378499986,0.239647480970675,-0.0128433470690802
178,"Pink","Prince William Sound-Odd","GOA",1995,5.244801,5.244801,3.412225,60.5,-147,"GoA",10.5721569244678,0.146455290320044,609.6,402,-4.11073275407784,1.53706188777118,-0.695964573361258,0.429872729049136,-0.695389728699611,0.30431704653112,0.16541747938562,0.0275438987868894,-0.818715336147562
178,"Pink","Prince William Sound-Odd","GOA",1997,14.003294,14.003294,4.078807,60.5,-147,"GoA",10.4175568727347,-0.0081447614131172,699.2,501.1,79.8710331213849,3.43318377162734,0.503361699905672,1.2334880439567,-0.518165881770546,0.103669297170428,0.611474742187193,0.66643341229489,0.561885727709472
178,"Pink","Prince William Sound-Odd","GOA",1999,12.589343,12.589343,7.060958,60.5,-147,"GoA",10.28505222614,-0.140649408007821,601.2,401.8,-33.5617709907838,1.7829511236294,-0.540435847392148,0.578269926070839,0.274697220358464,-0.0683019203098206,0.123599610997973,0.0262545153085685,-1.30286965580768
178,"Pink","Prince William Sound-Odd","GOA",2001,12.659282,12.659282,5.735052,60.5,-147,"GoA",10.2667506199617,-0.158951014186106,675.5,466.3,17.6774341079921,2.20735260988043,-0.271995375707255,0.79179388337582,-0.0778207924086521,-0.0920546684375946,0.493488613522045,0.442080687067055,-0.460533223212769
178,"Pink","Prince William Sound-Odd","GOA",2003,25.874686,25.874686,8.161502,60.5,-147,"GoA",11.6424522216504,1.21675058750258,813,594.5,133.341193044483,3.17033384296175,0.337105074707154,1.15383689558128,0.567298342793065,1.69340029794988,1.17800729248651,1.26857549667074,1.44089748585594
178,"Pink","Prince William Sound-Odd","GOA",2005,14.344498,14.344498,13.578314,60.5,-147,"GoA",10.2974403729806,-0.128261261167217,765.7,550,76.9215300470468,1.05642703505015,-0.999973514782151,0.0548924927928127,2.00746363488245,-0.0522239581458287,0.942532866922735,0.981687672744347,0.513397975161861
178,"Pink","Prince William Sound-Odd","GOA",2007,6.240186,6.240186,4.326643,60.5,-147,"GoA",9.86016920896677,-0.565532425181004,878.5,657.6,173.201478578285,1.44226967651364,-0.755922105854384,0.366218036990305,-0.452273839489909,-0.619736542624976,1.50408709955686,1.67537598408099,2.09617249752
178,"Pink","Prince William Sound-Odd","GOA",2009,16.975482,16.975482,5.245478,60.5,-147,"GoA",10.4494855862397,0.0237839520919683,861.4,654.8,159.758485773777,3.23621260064383,0.37877440282947,1.17440369563022,-0.207983604540468,0.145107992907964,1.418957867482,1.65732461538449,1.87517916671949
178,"Pink","Prince William Sound-Odd","GOA",2011,30.710798,30.710798,11.259802,60.5,-147,"GoA",9.67347564147069,-0.752225992677086,798.8,578.3,73.4142570728227,2.72747229480589,0.0569883297630961,1.0033752809488,1.39104192563857,-0.86203687641052,1.10731518164073,1.16413543492675,0.455740878422181
178,"Pink","Prince William Sound-Odd","GOA",2013,43.162613,43.162613,13.429584,60.5,-147,"GoA",11.9072793538754,1.48157771972761,818.9,552.7,38.850982827287,3.21399478941418,0.36472129528977,1.16751464609875,1.96792085881925,2.03710631521767,1.20737936671117,0.999094349701679,-0.112454999532215
178,"Pink","Prince William Sound-Odd","GOA",2015,27.098249,27.098249,17.627357,60.5,-147,"GoA",12.0632483775799,1.63754674343213,736.6,512.8,-9.16732517828621,1.53728372324904,-0.695824259007414,0.430017042998389,3.08398081782649,2.23953078549088,0.797663822865528,0.741862345776661,-0.901842153112876
178,"Pink","Prince William Sound-Odd","GOA",2017,21.107973,21.107973,7.164925,60.5,-147,"GoA",10.9110289261891,0.485327292041362,854.2,638.8,109.373894221988,2.94601450817699,0.195219643132475,1.08045324273197,0.302338878389545,0.744122232263476,1.38311398029259,1.55417393711882,1.04689197874164
185,"Pink","Kodiak-Even","GOA",1978,27587356,27587356,8760500,58.03333,-154.6644,"GoA",9.25944266716639,0.18757363732003,408,244.5,-12.4122105457951,3.14906181154044,0.760543944119904,1.1471045708689,-0.0936216307605839,-0.249990779420212,-1.23838800639491,-1.08916837955892,0.52306410062578
185,"Pink","Kodiak-Even","GOA",1980,17158108,17158108,11322500,58.03333,-154.6644,"GoA",10.0965767065684,1.02470767672204,373.1,223.2,-50.6883073338683,1.5153992492824,-0.672572499143854,0.415678935122643,0.591096269805195,0.748531392157195,-1.50827370686041,-1.2908136336624,0.110807471966135
185,"Pink","Kodiak-Even","GOA",1982,18346429,18346429,9397500,58.03333,-154.6644,"GoA",10.0350020607312,0.963133030884883,479.5,308.8,17.2345438819623,1.95226698590051,-0.289334031578399,0.66899125420176,0.0766224374128749,0.675085986545273,-0.685470310598822,-0.480445851913215,0.842377511780494
185,"Pink","Kodiak-Even","GOA",1984,18651799,18651799,7910000,58.03333,-154.6644,"GoA",7.99715234041214,-1.07471668943423,442.8,261.8,-47.8680562837991,2.35800240202276,0.066593875379059,0.857814820784192,-0.320925523981191,-1.75563362621232,-0.969275617392057,-0.925390778808213,0.141183275337957
185,"Pink","Kodiak-Even","GOA",1986,21529241,21529241,7189000,58.03333,-154.6644,"GoA",9.00515424410502,-0.0667147857413453,384.8,212.2,-115.764248823289,2.99474767005147,0.625173189653755,1.09685997761797,-0.513619359386315,-0.553302574725557,-1.41779626573014,-1.39494968038251,-0.590099634466941
185,"Pink","Kodiak-Even","GOA",1988,15904561.5,15904561.5,7710500,58.03333,-154.6644,"GoA",9.13916183312734,0.0672928032809708,523,303,-43.2216979870615,2.06271467479411,-0.192444745669118,0.724022918558918,-0.374243721156395,-0.393460133132811,-0.349079824345259,-0.535353949274726,0.191227354219968
185,"Pink","Kodiak-Even","GOA",1990,8601130,8601130,10544425.5,58.03333,-154.6644,"GoA",8.71650832891464,-0.355360700931725,472.3,277.2,-86.9838643363977,0.815703994494532,-1.28637414831927,-0.203703741673333,0.383148752973123,-0.897595522434063,-0.741148735909756,-0.779600313400065,-0.280117549674243
185,"Pink","Kodiak-Even","GOA",1992,13075758.25,13075758.25,6152888,58.03333,-154.6644,"GoA",9.70204898516337,0.63017995531701,698.6,453.7,72.1190405954069,2.12514160017215,-0.137681261869867,0.75383843553147,-0.790529754933157,0.277944056578005,1.00885510407142,0.891309890790724,1.43351661632515
185,"Pink","Kodiak-Even","GOA",1994,8371807.75,8371807.75,6989463.25,58.03333,-154.6644,"GoA",8.72274202108383,-0.349127008762533,677.1,424.3,26.1281093358687,1.19777548726649,-0.95120521475627,0.180466075842102,-0.566947378334683,-0.890160058638835,0.84259313960127,0.612982638647895,0.93816657123166
185,"Pink","Kodiak-Even","GOA",1996,28186622.25,28186622.25,5864020.75,58.03333,-154.6644,"GoA",10.561123919487,1.48925488964063,636.1,443.6,29.8031196413841,4.80670574878167,2.21469784249495,1.57001197397013,-0.867732165925433,1.30263703117177,0.525535439914004,0.79569406607499,0.977748646886598
185,"Pink","Kodiak-Even","GOA",1998,14118492.25,14118492.25,12405286.25,58.03333,-154.6644,"GoA",8.01652927597364,-1.05533975387273,567.9,381.8,-46.6131174327623,1.13810289947965,-1.00355247957406,0.129362752951743,0.880480784973616,-1.73252107927873,-0.00186297761457047,0.210638821774759,0.154699723025059
185,"Pink","Kodiak-Even","GOA",2000,26281139.75,26281139.75,7867046.25,58.03333,-154.6644,"GoA",9.42953338623047,0.357664356384106,574.2,382.9,-59.1918651272497,3.34066165557372,0.928623260714719,1.20616888784047,-0.3324053059958,-0.0471088678372773,0.0468556445324977,0.22105242644677,0.0192190300484048
185,"Pink","Kodiak-Even","GOA",2002,32823705.5,32823705.5,14693351.75,58.03333,-154.6644,"GoA",9.80390155712764,0.73203252728127,594.2,361.3,-93.6727903862989,2.23391545091133,-0.0422603360968145,0.803755853427378,1.49198718837603,0.399432428274306,0.201517937062871,0.016567098341835,-0.352161314166583
185,"Pink","Kodiak-Even","GOA",2004,37798244,37798244,15376406.5,58.03333,-154.6644,"GoA",10.8754429419835,1.80357391213718,580.1,347.5,-119.692201844423,2.45819749887596,0.154489163030296,0.899428357336651,1.67453980913774,1.67755251440255,0.0924810208289578,-0.114076305725207,-0.632406055599491
185,"Pink","Kodiak-Even","GOA",2006,12202377,12202377,10263001,58.03333,-154.6644,"GoA",8.97410363356273,-0.0977653962836403,524.7,331.7,-147.116423405168,1.18896772980924,-0.958931744292955,0.173085476725734,0.30793548489827,-0.590339323451776,-0.335933529480177,-0.263653536468632,-0.927781448415684
185,"Pink","Kodiak-Even","GOA",2008,11970026,11970026,5532114,58.03333,-154.6644,"GoA",8.91287442445755,-0.158994605388817,647.1,410.3,-79.512118210272,2.16373451450928,-0.103825959429948,0.771835670698978,-0.956437276403033,-0.663372696797031,0.610599700805709,0.480445851913215,-0.199642341211578
185,"Pink","Kodiak-Even","GOA",2010,23572828.5,23572828.5,6355699,58.03333,-154.6644,"GoA",8.90902016560237,-0.162848864244,652.5,437.6,-62.470593004989,3.70892776703239,1.25168154216224,1.31074282326588,-0.736326662766238,-0.667970004684126,0.65235851978891,0.738892586045842,-0.016094845048452
185,"Pink","Kodiak-Even","GOA",2012,10126808,10126808,9667654.5,58.03333,-154.6644,"GoA",9.20561049381892,0.133741463972552,609.4,359.3,-150.178710666804,1.04749378455757,-1.08303854695686,0.0464004391999579,0.148823695050813,-0.314201068455947,0.319061279385955,-0.00236672833454786,-0.960764127643906
185,"Pink","Kodiak-Even","GOA",2014,5200977.5,5200977.5,5228881,58.03333,-154.6644,"GoA",10.2646615584691,1.19279252862277,685.7,432.2,-85.8055900084864,0.994663580984153,-1.12938338902595,-0.00535070855913521,-1.03747906529541,0.94902073248921,0.909097925389331,0.687771254019608,-0.2674268251014
185,"Pink","Kodiak-Even","GOA",2016,11783572.5,11783572.5,3088025.5,58.03333,-154.6644,"GoA",10.0853940526644,1.01352502281807,950.1,701.3,175.537619931456,3.81589222627857,1.34551519479772,1.33917451059774,-1.60964225162433,0.735192873670757,2.95373343264087,3.23531763332692,2.54739703871802
185,"Pink","Kodiak-Even","GOA",2018,36165176.5,36165176.5,9020798.5,58.03333,-154.6644,"GoA",11.1971430142721,2.12527398442569,486.1,312.9,-220.09763796564,4.00908816442358,1.51499467123543,1.3885638250433,-0.0240544791444944,2.06127201409891,-0.634431754063798,-0.441631507226631,-1.71383310976381
185,"Pink","Kodiak-Even","GOA",2020,21558610,21558610,19098600.5,58.03333,-154.6644,"GoA",9.40949256022771,0.337623530381346,531.8,299,-241.010764843178,1.12880574678757,-1.0117083268747,0.121160212602661,2.6693301530794,-0.0710132943192962,-0.281028415631895,-0.573221602627492,-1.93908008907314
186,"Pink","Kodiak-Odd","GOA",1979,14854242,14854242,5360250,58.03333,-154.6644,"GoA",8.35209027131399,-0.71977875853238,453.5,297.9,32.6075384498225,2.77118455295928,-0.252886516554427,1.01927486523624,-0.599509577718339,-1.0457698397401,-1.70666245697936,-1.44688691410595,-0.481180641572693
186,"Pink","Kodiak-Odd","GOA",1981,8042049,8042049,5580750,58.03333,-154.6644,"GoA",7.73625240723292,-1.33561662261345,597.3,431,148.341946054577,1.44103373202527,-0.997878611587477,0.365360725504865,-0.556372878265072,-1.74633452923138,-0.710166142745467,-0.451123479423933,1.02154727206488
186,"Pink","Kodiak-Odd","GOA",1983,9333555,9333555,3657500,58.03333,-154.6644,"GoA",10.0800932725271,1.00822424268069,524.2,326.3,25.7214716941774,2.55189473684211,-0.375706558430454,0.936836117312925,-0.932620756829679,0.919971399297249,-1.21672998537758,-1.23441748101076,-0.570591258026693
186,"Pink","Kodiak-Odd","GOA",1985,8318944,8318944,5607000,58.03333,-154.6644,"GoA",8.1501200457414,-0.921748984104967,437.7,270.3,-48.5060334477533,1.48367112537899,-0.97399822110737,0.394519506559243,-0.551237556901588,-1.27552708043181,-1.81615231626236,-1.65337129274775,-1.53438194262059
186,"Pink","Kodiak-Odd","GOA",1987,25808525.25,25808525.25,4357500,58.03333,-154.6644,"GoA",9.24252353111903,0.170654501272661,557.7,364.4,27.286769793309,5.922782616179,1.51226342499241,1.77880637498008,-0.795678853803435,-0.0328309859415453,-0.984583764745899,-0.949379262668277,-0.550266989769651
186,"Pink","Kodiak-Odd","GOA",1989,22801308,22801308,25625290.25,58.03333,-154.6644,"GoA",9.35392315785091,0.282054128004539,688.9,486,130.743381846267,0.889797062884,-1.30661575217295,-0.11676186148775,3.36496638905087,0.0938949746768634,-0.0754021484212349,-0.0396509857536791,0.793042592919798
186,"Pink","Kodiak-Odd","GOA",1991,29269282.75,29269282.75,7556472,58.03333,-154.6644,"GoA",8.84115619659424,-0.230712833252129,650.2,398.6,25.6305823493315,3.87340583674498,0.36444659370214,1.35413418118932,-0.169859834649618,-0.489418341938037,-0.343583006285293,-0.693518184786046,-0.57177139069751
186,"Pink","Kodiak-Odd","GOA",1993,56638964.25,56638964.25,7510574.75,58.03333,-154.6644,"GoA",9.29696458180746,0.225095551961094,690.5,434.9,44.9103454445051,7.54122901845827,2.41872437435009,2.02038516853237,-0.178838772876291,0.0291000514233484,-0.0643145677343486,-0.421946338963679,-0.321437555055647
186,"Pink","Kodiak-Odd","GOA",1995,15503762,15503762,18371029.25,58.03333,-154.6644,"GoA",9.37843009630839,0.306561066462024,609.6,402,-4.11073275407784,0.843924517729457,-1.3323080894488,-0.169692222355473,1.9458059513522,0.121773571840532,-0.62493036621503,-0.668081703359158,-0.957940943202725
186,"Pink","Kodiak-Odd","GOA",1997,14980426.75,14980426.75,5692652,58.03333,-154.6644,"GoA",9.38844647407532,0.316577444228953,699.2,501.1,79.8710331213849,2.6315374187637,-0.331100211898146,0.967568245267391,-0.534481345647297,0.133168000454606,-0.00402584774940481,0.0733169170539726,0.132501790548729
186,"Pink","Kodiak-Odd","GOA",1999,12380010.5,12380010.5,7143151.75,58.03333,-154.6644,"GoA",9.02145148515701,-0.0504175446893525,601.2,401.8,-33.5617709907838,1.73312998705368,-0.834281072451181,0.549929014875974,-0.250718208355737,-0.284318070883422,-0.683140164821182,-0.669577966972504,-1.34034145969431
186,"Pink","Kodiak-Odd","GOA",2001,17453625.5,17453625.5,5939608.5,58.03333,-154.6644,"GoA",9.57272355556487,0.500854525718508,675.5,466.3,17.6774341079921,2.93851446606287,-0.159168224942046,1.0779041699997,-0.486168926969153,0.342797878550401,-0.168260636673906,-0.187032951668297,-0.675037291572674
186,"Pink","Kodiak-Odd","GOA",2003,23386264,23386264,8920327.5,58.03333,-154.6644,"GoA",10.128683368365,1.05681433851861,813,594.5,133.341193044483,2.62168221962703,-0.336619920893732,0.96381618029511,0.0969529762401109,0.975246508848751,0.784578328605373,0.772072024486731,0.826773299999165
186,"Pink","Kodiak-Odd","GOA",2005,21340782.5,21340782.5,6850564,58.03333,-154.6644,"GoA",9.06161684989929,-0.0102521799470726,765.7,550,76.9215300470468,3.11518620948582,-0.06021775241339,1.13628892877887,-0.307957527337404,-0.238626764907999,0.456801724549301,0.439153370517162,0.0942046177986464
186,"Pink","Kodiak-Odd","GOA",2007,27701238.5,27701238.5,4416436.5,58.03333,-154.6644,"GoA",8.51676347255706,-0.555105557289301,878.5,657.6,173.201478578285,6.2723053982549,1.70802446620852,1.83614397418648,-0.78414903027814,-0.858440939026051,1.23847616297477,1.24414319449751,1.34433039435757
186,"Pink","Kodiak-Odd","GOA",2009,19336513,19336513,8991489.5,58.03333,-154.6644,"GoA",8.65266962051392,-0.419199409332449,861.4,654.8,159.758485773777,2.15053501424875,-0.600500480962296,0.765716655019708,0.110874490101759,-0.703836855879234,1.11997764438368,1.22319550391066,1.16978281643111
186,"Pink","Kodiak-Odd","GOA",2011,25316830.25,25316830.25,4865364,58.03333,-154.6644,"GoA",8.09587216377258,-0.975996866073784,798.8,578.3,73.4142570728227,5.20348122977027,1.10939644300271,1.64932786885765,-0.696324764319834,-1.33723837297104,0.686176050009258,0.650874671805674,0.048665204687272
186,"Pink","Kodiak-Odd","GOA",2013,39215048.25,39215048.25,8883684.25,58.03333,-154.6644,"GoA",10.6171972354253,1.54532820557895,818.9,552.7,38.850982827287,4.41427758421288,0.667378539424923,1.48484419308262,0.0897844099714446,1.53096999639361,0.825463782388265,0.459352929297338,-0.400114013787283
186,"Pink","Kodiak-Odd","GOA",2015,35831854,35831854,11145979.25,58.03333,-154.6644,"GoA",11.206414826711,2.13454579686465,736.6,512.8,-9.16732517828621,3.21477845923677,-0.00443803358502674,1.16775844683527,0.532360099266813,2.20125200235278,0.255146350806559,0.160848338434735,-1.02359715332216
186,"Pink","Kodiak-Odd","GOA",2017,37897940,37897940,10655953,58.03333,-154.6644,"GoA",9.66265172958374,0.590782699737373,854.2,638.8,109.373894221988,3.55650404989587,0.186955949491841,1.26877805392152,0.436495631827078,0.445098349149186,1.07008353129269,1.10349441484295,0.515575189597499
186,"Pink","Kodiak-Odd","GOA",2019,24527456,24527456,9787904,58.03333,-154.6644,"GoA",10.3430178244909,1.2711487946445,982.8,797.2,260.684735027627,2.50589462258723,-0.401470344725334,0.918645805544747,0.266678086141323,1.21906904796328,1.96124782900117,2.28853519661328,2.48023746091726
187,"Pink","Chignik-Even","GOA",1980,1618304,1618304,1233670,56.38528,-158.2261,"GoA",9.31182267268499,0.974355643283424,373.1,223.2,-50.6883073338683,1.3117802978106,-0.358525898146733,0.271385220562542,-0.197488962974454,0.605049334468818,-1.90496070995825,-1.70860617571025,0.310544343737416
187,"Pink","Chignik-Even","GOA",1982,1892284,1892284,744920,56.38528,-158.2261,"GoA",9.31132857998212,0.973861550580555,479.5,308.8,17.2345438819623,2.54025130215325,0.429970288635773,0.932263013992029,-0.857134715164367,0.604491341967387,-0.803097053858451,-0.538693056158218,1.17001728781574
187,"Pink","Chignik-Even","GOA",1984,1654225,1654225,1447480,56.38528,-158.2261,"GoA",7.23150991565652,-1.10595711374505,442.8,261.8,-47.8680562837991,1.14283098902921,-0.466966297035063,0.133508507763224,0.0910815910423755,-1.74430517393195,-1.18315716832144,-1.18105189516459,0.346230853205941
187,"Pink","Chignik-Even","GOA",1986,5412979,5412979,1007100,56.38528,-158.2261,"GoA",8.50306380457348,0.165596775171918,384.8,212.2,-115.764248823289,5.37481779366498,2.24934157362139,1.68172467458612,-0.503281163636692,-0.308304336313321,-1.78379713123299,-1.85894547845643,-0.512904760936582
187,"Pink","Chignik-Even","GOA",1988,2181148,2181148,2415820,56.38528,-158.2261,"GoA",8.36451956298616,0.0270525335845926,523,303,-43.2216979870615,0.902860312440496,-0.620991880675978,-0.102187430288236,1.39801022055763,-0.464766165183264,-0.352617081674794,-0.617962870333472,0.405024310386506
187,"Pink","Chignik-Even","GOA",1990,4069383,4069383,1631140,56.38528,-158.2261,"GoA",8.28452860646778,-0.0529384229337894,472.3,277.2,-86.9838643363977,2.49480915188151,0.400803167815008,0.914212234045941,0.338959931394702,-0.555102156102334,-0.877659256150919,-0.970576871319951,-0.14872744293717
187,"Pink","Chignik-Even","GOA",1992,2433723,2433723,2515310,56.38528,-158.2261,"GoA",9.03309374716547,0.695626717763902,698.6,453.7,72.1190405954069,0.96756383904966,-0.579461812955734,-0.0329738727411561,1.53228777735635,0.290273079995256,1.46587218534705,1.44168557728909,1.864507273589
187,"Pink","Chignik-Even","GOA",1994,2471888,2471888,2002660,56.38528,-158.2261,"GoA",8.23114745484459,-0.10631957455698,677.1,424.3,26.1281093358687,1.23430237783748,-0.408255231800266,0.210505934232289,0.840385179176997,-0.615386961262452,1.2432211646126,1.0398696226766,1.28255347773117
187,"Pink","Chignik-Even","GOA",1996,3337618,3337618,2282820,56.38528,-158.2261,"GoA",9.84537354111672,1.50790651171515,636.1,443.6,29.8031196413841,1.46205920747146,-0.262069126434137,0.37984585809408,1.21850559643229,1.20760302932849,0.818630846002714,1.30364676294943,1.32905582370547
187,"Pink","Chignik-Even","GOA",1998,2051808,2051808,2560630,56.38528,-158.2261,"GoA",7.28621553215716,-1.05125149724441,567.9,381.8,-46.6131174327623,0.801290307463398,-0.686184759736869,-0.221531966285998,1.59345431544177,-1.68252461409719,0.112361096510176,0.459013225702747,0.362110427894459
187,"Pink","Chignik-Even","GOA",2000,1731808,1731808,1623744,56.38528,-158.2261,"GoA",8.84153060780631,0.504063578404746,574.2,382.9,-59.1918651272497,1.06655236293406,-0.515925861889602,0.0644313556462349,0.328977854702739,0.073935549219504,0.177603023516085,0.474047155977364,0.20294317975515
187,"Pink","Chignik-Even","GOA",2002,1662500,1662500,1665758,56.38528,-158.2261,"GoA",9.13880713449584,0.801340105094276,594.2,361.3,-93.6727903862989,0.998044133661672,-0.559897984433433,-0.00195778154255748,0.385682420702754,0.409658120674277,0.384720252106272,0.178835434221243,-0.233366866370132
187,"Pink","Chignik-Even","GOA",2004,1096424,1096424,1660120,56.38528,-158.2261,"GoA",10.0623203979598,1.72485336855825,580.1,347.5,-119.692201844423,0.660448642266824,-0.776584220167781,-0.414835913884195,0.378073044230433,1.4526070915714,0.23870260595019,-0.00977205467850089,-0.562607759071165
187,"Pink","Chignik-Even","GOA",2006,4071338,4071338,712850,56.38528,-158.2261,"GoA",8.38404263224866,0.0465756028471011,524.7,331.7,-147.116423405168,5.71135301956933,2.46534727616181,1.74245595173999,-0.90041827377865,-0.442718225211387,-0.335012117244628,-0.225713962259367,-0.909624646936674
187,"Pink","Chignik-Even","GOA",2008,1085081,1085081,1681380,56.38528,-158.2261,"GoA",7.99078927603033,-0.346677753371238,647.1,410.3,-79.512118210272,0.645351437509665,-0.786274386512786,-0.437960246214981,0.406766790913927,-0.886830074381113,0.932545321727317,0.84852869190874,-0.0541824772080165
187,"Pink","Chignik-Even","GOA",2010,697406,697406,595300,56.38528,-158.2261,"GoA",7.95322180456585,-0.384245224835713,652.5,437.6,-62.470593004989,1.17152024189484,-0.448552051679475,0.158302257429195,-1.05907066901123,-0.929256054876638,0.988466973446667,1.22164350690606,0.16145525851112
187,"Pink","Chignik-Even","GOA",2012,788695,788695,559700,56.38528,-158.2261,"GoA",8.47692077358564,0.139453744184073,609.4,359.3,-150.178710666804,1.4091388243702,-0.296036163613612,0.342978754940448,-1.10711852328839,-0.33782838143925,0.542129345834814,0.151501015540121,-0.948373801326681
187,"Pink","Chignik-Even","GOA",2014,416953,416953,436580,56.38528,-158.2261,"GoA",9.63861407836279,1.30114704896122,685.7,432.2,-85.8055900084864,0.955043749141051,-0.587497853787154,-0.0459981289317796,-1.27328851819299,0.974103871889628,1.33228157290638,1.14784057646703,-0.133817955372758
187,"Pink","Chignik-Even","GOA",2018,534510,534510,288410,56.38528,-158.2261,"GoA",10.6798472801844,2.34238025078286,486.1,312.9,-220.09763796564,1.8532991227766,-0.0109511267054523,0.616967360490525,-1.47326746673924,2.14999721231717,-0.734748368423689,-0.482657497861917,-1.83310442167973
187,"Pink","Chignik-Even","GOA",2020,2514282,2514282,534510,56.38528,-158.2261,"GoA",8.95254176855087,0.615074739149308,531.8,299,-241.010764843178,4.70390076892855,1.8187123493401,1.54839211533312,-1.14111642916596,0.199303511366971,-0.261485501095112,-0.672631707695717,-2.09773210449307
188,"Pink","Chignik-Odd","GOA",1981,522658,522658,990100,56.38528,-158.2261,"GoA",6.94518926077418,-1.39227776862738,597.3,431,148.341946054577,0.527884052115948,-1.08172526586279,-0.638878617656355,-0.865201617145695,-1.71266456682989,-0.842439059747721,-0.540797027604914,0.978194712144263
188,"Pink","Chignik-Odd","GOA",1983,872408,872408,201480,56.38528,-158.2261,"GoA",9.12061142259174,0.783144393190176,524.2,326.3,25.7214716941774,4.32999801469128,1.42161651992793,1.46556708351344,-1.63193417059377,0.509725495401574,-1.37889356793674,-1.35002167802988,-0.583148498436537
188,"Pink","Chignik-Odd","GOA",1985,822559,822559,712280,56.38528,-158.2261,"GoA",7.33554712765747,-1.0019199017441,437.7,270.3,-48.5060334477533,1.15482534958163,-0.668942176604565,0.143949120056555,-1.13531097019145,-1.31387877743145,-2.01368583822881,-1.78284479573568,-1.52829743703119
188,"Pink","Chignik-Odd","GOA",1987,2278514,2278514,575784,56.38528,-158.2261,"GoA",8.51064019070731,0.173173161305747,557.7,364.4,27.286769793309,3.95723743626082,1.17618801850331,1.37554616471249,-1.26801864513686,-0.113415165652667,-1.13304916267912,-1.05554737830503,-0.563217344423619
188,"Pink","Chignik-Odd","GOA",1989,2390248,2390248,2250802,56.38528,-158.2261,"GoA",8.52701054347886,0.189543514077299,688.9,486,130.743381846267,1.06195391687052,-0.730089459537265,0.060110529100965,0.360510720351566,-0.0966913729317529,-0.170219730744792,-0.115702894143856,0.754109795771692
188,"Pink","Chignik-Odd","GOA",1991,2709177,2709177,1221000,56.38528,-158.2261,"GoA",8.27296479211913,-0.0645022372824362,650.2,398.6,25.6305823493315,2.21881818181818,0.0315990862132027,0.796974703602984,-0.64071004123948,-0.356222034650437,-0.454225058609566,-0.791216117134702,-0.584305804850734
188,"Pink","Chignik-Odd","GOA",1993,6075498,6075498,1060800,56.38528,-158.2261,"GoA",8.46112966537476,0.123662635973195,690.5,434.9,44.9103454445051,5.72727941176471,2.34159759946209,1.745240620726,-0.796463832751718,-0.163994635424636,-0.158477908404129,-0.510653989050403,-0.338813953940253
188,"Pink","Chignik-Odd","GOA",1995,4114331,4114331,4017500,56.38528,-158.2261,"GoA",8.63387458191978,0.296407552518212,609.6,402,-4.11073275407784,1.02410230242688,-0.755011260679757,0.0238164263409249,2.07817558899755,0.0124798864262842,-0.752173800503877,-0.764937570702564,-0.96300602316802
188,"Pink","Chignik-Odd","GOA",1997,3375473,3375473,3269900,56.38528,-158.2261,"GoA",8.81906982594066,0.4816027965391,699.2,501.1,79.8710331213849,1.0322863084498,-0.749622846641148,0.03177605925101,1.35132456194045,0.201673541390561,-0.0946317494267767,0.00100476795181701,0.106345246643957
188,"Pink","Chignik-Odd","GOA",1999,4066929,4066929,1676822,56.38528,-158.2261,"GoA",8.40573191642761,0.0682648870260482,601.2,401.8,-33.5617709907838,2.42537908018859,0.167600408974942,0.885987833899734,-0.197538975355015,-0.220588435419425,-0.813818367792355,-0.766483367551513,-1.33801010658304
188,"Pink","Chignik-Odd","GOA",2001,3922248,3922248,2785162,56.38528,-158.2261,"GoA",9.2769583662351,0.93949133683353,675.5,466.3,17.6774341079921,1.40826565923275,-0.502075080142349,0.342358918370664,0.88004003391261,0.669448008076056,-0.26855749284784,-0.267963883765362,-0.685574325251828
188,"Pink","Chignik-Odd","GOA",2003,3022145,3022145,3419610,56.38528,-158.2261,"GoA",9.3798973162969,1.04243028689533,813,594.5,133.341193044483,0.883768909320069,-0.847407872239536,-0.1235596653156,1.49687949407089,0.774609435429884,0.740505364552843,0.722891896411142,0.787188079784723
188,"Pink","Chignik-Odd","GOA",2005,4412948,4412948,2828100,56.38528,-158.2261,"GoA",8.41355862551265,0.0760915961110893,765.7,550,76.9215300470468,1.56039319684594,-0.401913110925992,0.444937838762585,0.921786327919804,-0.212592745757038,0.393387741607009,0.378952097519922,0.0687888220441814
188,"Pink","Chignik-Odd","GOA",2007,3138519,3138519,2393200,56.38528,-158.2261,"GoA",7.7070022109482,-0.630464818453364,878.5,657.6,173.201478578285,1.31143197392612,-0.565831141398332,0.271119650070764,0.498956590537331,-0.934403887380236,1.22118621662371,1.21059080225465,1.29473452759159
188,"Pink","Chignik-Odd","GOA",2009,2331766,2331766,1730180,56.38528,-158.2261,"GoA",7.64645018511348,-0.691016844288081,861.4,654.8,159.758485773777,1.34770139523055,-0.541951068683119,0.298400471060345,-0.145661879178299,-0.996263246370412,1.09569549035788,1.18894964636936,1.12356306821919
188,"Pink","Chignik-Odd","GOA",2011,1943481,1943481,1426600,56.38528,-158.2261,"GoA",7.23162459333738,-1.10584243606419,798.8,578.3,73.4142570728227,1.36231669704192,-0.532328238832025,0.309186704223553,-0.440816286339879,-1.42004502487002,0.636296691279463,0.597682351646248,0.0241302372970432
188,"Pink","Chignik-Odd","GOA",2013,3853031,3853031,1071610,56.38528,-158.2261,"GoA",10.0362070997556,1.69874007035404,818.9,552.7,38.850982827287,3.59555341962094,0.938052412622115,1.27969792080533,-0.785953854685255,1.44508910880293,0.783803334434036,0.399820354980738,-0.415968643906907
188,"Pink","Chignik-Odd","GOA",2015,9544624,9544624,1874820,56.38528,-158.2261,"GoA",10.7990692986382,2.46160226923667,736.6,512.8,-9.16732517828621,5.09095486500037,1.92263650494494,1.62746540923572,-0.00503623370807361,2.22442169049931,0.179833347786209,0.0914338836153508,-1.02739230361094
188,"Pink","Chignik-Odd","GOA",2017,4080388,4080388,2466700,56.38528,-158.2261,"GoA",9.0442690120803,0.706801982678732,854.2,638.8,109.373894221988,1.65418899744598,-0.340157216893101,0.503310856969533,0.570416663422159,0.431734833439357,1.0428572898249,1.06528589845341,0.482009197647332
188,"Pink","Chignik-Odd","GOA",2019,2835454,2835454,1627550,56.38528,-158.2261,"GoA",9.8663628631168,1.52889583371523,982.8,797.2,260.684735027627,1.74216091671531,-0.282235812208548,0.55512624885709,-0.245443474826869,1.27157789325201,1.98660626045565,2.28955700282126,2.40867075405909
189,"Pink","S AKPen-Even","GOA",1962,4859900,4859900,2398200,55,-161,"GoA",7.46159067153931,-0.53855122691658,245.6,146.2,-49.0768726509801,2.02647819197732,-0.307125243994984,0.706299405605828,-0.414231962838584,-0.714981440903909,-1.40137095873496,-1.26351531985085,0.0953140410647876
189,"Pink","S AKPen-Even","GOA",1964,1367900,1367900,2154600,55,-161,"GoA",6.77383910566569,-1.2263027927902,275.7,161.1,-31.9369804200911,0.634874222593521,-0.922950037071531,-0.454328374364693,-0.510808895334904,-1.4317102905873,-1.22822016091089,-1.14655223420362,0.308335473137271
189,"Pink","S AKPen-Even","GOA",1966,2376050,2376050,1079100,55,-161,"GoA",8.60918425917626,0.609042360720369,270.1,172,-21.6750197658039,2.20188119729404,-0.229504367775432,0.789312084662474,-0.937198431048334,0.480964119650746,-1.26043426283165,-1.06098863463619,0.435875222220885
189,"Pink","S AKPen-Even","GOA",1968,3578890,3578890,1234950,55,-161,"GoA",7.8676724255085,-0.132469472947388,268.2,132.2,-65.2451763112484,2.89800396777197,0.0785499857022106,1.06402221303902,-0.875410602930307,-0.291790098503917,-1.2713640474119,-1.37341352113012,-0.105632099873375
189,"Pink","S AKPen-Even","GOA",1970,227397,227397,1948350,55,-161,"GoA",5.83920395262539,-2.1609379458305,224.7,126.2,-78.1640583855578,0.116712602971745,-1.15225146133025,-2.14804075090413,-0.592578157762514,-2.40572476231201,-1.52159858911779,-1.42051275024981,-0.266193130431395
189,"Pink","S AKPen-Even","GOA",1972,527201,527201,167100,55,-161,"GoA",6.96857309341431,-1.03156880504158,238.3,133.9,-80.3137308338856,3.15500299222023,0.192279447915372,1.1489894443985,-1.2987672423646,-1.22877150577183,-1.44336434159595,-1.36006873954621,-0.292910118920056
189,"Pink","S AKPen-Even","GOA",1974,4527609,4527609,426600,55,-161,"GoA",6.7760076597333,-1.22413423872259,305,199,-27.5920951201788,10.6132419127989,3.49276474475925,2.36210245852715,-1.19588664309205,-1.42945036805208,-1.05967137764692,-0.849042103597586,0.362335444450394
189,"Pink","S AKPen-Even","GOA",1976,9788253,9788253,2184600,55,-161,"GoA",8.45197984725237,0.45183794879648,349.6,234.1,-6.89603449935734,4.48056989837957,0.77888094062034,1.49975024779618,-0.498915184436342,0.317136157761281,-0.80310906592089,-0.573511613247408,0.619554358800456
189,"Pink","S AKPen-Even","GOA",1978,10297564,10297564,4288050,55,-161,"GoA",8.44014931917191,0.440007420716016,408,244.5,-12.4122105457951,2.40145613973718,-0.14118671394772,0.876075278261258,0.335012355216298,0.304807169790913,-0.467162003032988,-0.491872949439948,0.550997117882777
189,"Pink","S AKPen-Even","GOA",1980,8455580,8455580,3962400,55,-161,"GoA",8.88092688918114,0.880784990725248,373.1,223.2,-50.6883073338683,2.13395416919039,-0.259564031980586,0.757976676168334,0.205906123412413,0.764156179513139,-0.66792488821771,-0.659075212814843,0.0752864866778656
189,"Pink","S AKPen-Even","GOA",1982,17196782,17196782,3439500,55,-161,"GoA",8.76805209219456,0.767910193738667,479.5,308.8,17.2345438819623,4.99979124872801,1.0086513262142,1.60939616130814,-0.0014012575495141,0.646525588153199,-0.055856951723314,0.0128737892927148,0.919458832777386
189,"Pink","S AKPen-Even","GOA",1984,6314548,6314548,6527400,55,-161,"GoA",6.95858121663332,-1.04156068182257,442.8,261.8,-47.8680562837991,0.967390997947115,-0.775801797427402,-0.0331525240457753,1.22281840523942,-1.23918437388696,-0.26697436966828,-0.356070172144846,0.110337694083182
189,"Pink","S AKPen-Even","GOA",1986,11124000,11124000,2575050,55,-161,"GoA",8.14780759811401,0.147665699658123,384.8,212.2,-115.764248823289,4.31991611813363,0.707787020831704,1.46323598496881,-0.344118537091564,0.000148109971643829,-0.600620425276127,-0.745423799534272,-0.733503327330347
189,"Pink","S AKPen-Even","GOA",1988,4748167,4748167,4259400,55,-161,"GoA",7.99660994410514,-0.00353195435074438,523,303,-43.2216979870615,1.11475019955862,-0.710591111171228,0.108630343541915,0.323653861308172,-0.15742000911355,0.194377589982572,-0.0326554655229843,0.168084492310372
189,"Pink","S AKPen-Even","GOA",1990,13378550,13378550,2397600,55,-161,"GoA",7.97721752822399,-0.0229243702318979,472.3,277.2,-86.9838643363977,5.57997580914248,1.26539968618162,1.7191844411047,-0.414469837056555,-0.177629492620034,-0.0972750827642881,-0.235182150737645,-0.37580920437983
189,"Pink","S AKPen-Even","GOA",1992,11264587.5,11264587.5,4251600,55,-161,"GoA",8.70446872413159,0.704326825675696,698.6,453.7,72.1190405954069,2.64949372001129,-0.0314229486035108,0.974368572693592,0.320561496474546,0.580263239200375,1.20451978592633,1.15032017253319,1.60158529722536
189,"Pink","S AKPen-Even","GOA",1994,7287683,7287683,4607587.5,55,-161,"GoA",7.96208018362523,-0.038061714830664,677.1,424.3,26.1281093358687,1.5816700171185,-0.503965658558101,0.458481261696176,0.461695243424602,-0.193404624397092,1.08084064462342,0.91953394984672,1.02999161931424
189,"Pink","S AKPen-Even","GOA",1996,14569625.5,14569625.5,5471325,55,-161,"GoA",9.42057831287384,1.42043641441795,636.1,443.6,29.8031196413841,2.66290624300329,-0.0254875212995465,0.979418098928224,0.804130047332811,1.32654493051796,0.844987398417875,1.07103647018172,1.07566611642404
189,"Pink","S AKPen-Even","GOA",1998,7381938.5,7381938.5,7002097.5,55,-161,"GoA",7.06477884203195,-0.935363056423935,567.9,381.8,-46.6131174327623,1.05424674535023,-0.737365630350559,0.0528265264690129,1.41101556621509,-1.12851228578436,0.452665657168647,0.585914410248926,0.125934575767741
189,"Pink","S AKPen-Even","GOA",2000,7737451,7737451,4189477.5,55,-161,"GoA",8.53517409563065,0.535032197174758,574.2,382.9,-59.1918651272497,1.8468773253944,-0.386603794597833,0.61349628070833,0.29593259463135,0.403835659295233,0.4889065218295,0.594549268920869,-0.0303991287539932
189,"Pink","S AKPen-Even","GOA",2002,18772955,18772955,5644200,55,-161,"GoA",8.80025640428066,0.800114505824773,594.2,361.3,-93.6727903862989,3.3260612664328,0.267977655622866,1.20178880105592,0.872667556385772,0.680086776090299,0.603956885832206,0.42499204408999,-0.458941851130607
189,"Pink","S AKPen-Even","GOA",2004,7222880,7222880,12467115,55,-161,"GoA",9.52804237008095,1.52790047162506,580.1,347.5,-119.692201844423,0.579354565992212,-0.947519082425233,-0.54584061233734,3.57766017290107,1.43853680945541,0.522846379210298,0.316663817114706,-0.7823214976201
189,"Pink","S AKPen-Even","GOA",2006,15746337,15746337,4293375,55,-161,"GoA",8.0517138287425,0.0515719302866136,524.7,331.7,-147.116423405168,3.66758948379771,0.419113717617343,1.29953462986419,0.337123488900793,-0.099994412707889,0.204156870922802,0.192635847099526,-1.12316068561772
189,"Pink","S AKPen-Even","GOA",2008,1615710,1615710,5007555,55,-161,"GoA",7.55637932568788,-0.443762572768005,647.1,410.3,-79.512118210272,0.322654469097194,-1.0611162605959,-1.13117328347293,0.620265170551948,-0.61619902233588,0.908265098619363,0.809635748567447,-0.282947356800594
189,"Pink","S AKPen-Even","GOA",2010,946896,946896,1114368,55,-161,"GoA",7.57265003919601,-0.427491859259875,652.5,437.6,-62.470593004989,0.849715713301172,-0.827876496416225,-0.1628534403801,-0.923216184515985,-0.59924276901002,0.939328696900094,1.02393724106203,-0.0711484694431551
189,"Pink","S AKPen-Even","GOA",2012,2551519,2551519,718365,55,-161,"GoA",8.1501058101654,0.149963911709516,609.4,359.3,-150.178710666804,3.55184203016572,0.367892139316141,1.26746635065157,-1.08021435774809,0.00254315341706449,0.691395162474262,0.409292301050094,-1.16122001581091
189,"Pink","S AKPen-Even","GOA",2014,1917727,1917727,2010570,55,-161,"GoA",9.20974581241608,1.20960391396019,685.7,432.2,-85.8055900084864,0.953822547834694,-0.781806226968194,-0.0472776333946094,-0.567910601358898,1.10682934857375,1.13031230114459,0.98154793485431,-0.361165140034223
189,"Pink","S AKPen-Even","GOA",2016,1515223,1515223,1557240,55,-161,"GoA",9.01470228731632,1.01456038886043,950.1,701.3,175.537619931456,0.973018288767306,-0.773311559341591,-0.0273524007062778,-0.747636466747061,0.903567984558721,2.65127811326036,3.09394836087234,2.88691274131304
189,"Pink","S AKPen-Even","GOA",2018,8110591,8110591,1098633,55,-161,"GoA",10.2440864622593,2.2439445638034,486.1,312.9,-220.09763796564,7.38243890361932,2.06304146258143,1.9991040587628,-0.929454435882281,2.18475024461883,-0.0178903316024209,0.0450582625245017,-2.03020039337291
189,"Pink","S AKPen-Even","GOA",2020,12370464,12370464,4814625,55,-161,"GoA",8.69780618548393,0.697664287028045,531.8,299,-241.010764843178,2.56935150712672,-0.0668881835066481,0.943653535208783,0.543776715763299,0.573319985418268,0.244999750143762,-0.0640549516027767,-2.29011709393058
190,"Pink","S AKPen-Odd","GOA",1963,4359200,4359200,1976850,55,-161,"GoA",7.36734789907932,-0.632793999376568,344.5,205.1,11.278580937552,2.20512431393378,-0.371409016525764,0.790783885510881,-0.812745531230755,-0.662375567326665,-1.22409931079774,-1.26296330412605,-0.585052446782819
190,"Pink","S AKPen-Odd","GOA",1965,725550,725550,1553100,55,-161,"GoA",7.35438950955868,-0.645752388897212,272.9,175.2,-17.7751125688447,0.467162449294958,-1.20035351665622,-0.761078224638863,-0.953104282904798,-0.676338434972306,-1.56809094811052,-1.44076488241669,-0.98522976378269
190,"Pink","S AKPen-Odd","GOA",1967,4840450,4840450,668250,55,-161,"GoA",8.14584772586823,0.145705827412337,305.9,220.8,25.6382346910747,7.24347175458287,2.03169917914249,1.98010061557633,-1.24619323020575,0.176470187872378,-1.40954731638815,-1.16960260917076,-0.387266657142453
190,"Pink","S AKPen-Odd","GOA",1969,2479841,2479841,3712350,55,-161,"GoA",7.27774314582348,-0.722398752632409,324.9,202.8,2.28046936379511,0.667997629533853,-1.10456245157072,-0.403470654053804,-0.237895705790514,-0.758926092230894,-1.31826461933587,-1.27664034860994,-0.708989878244286
190,"Pink","S AKPen-Odd","GOA",1971,204821,204821,1054050,55,-161,"GoA",6.46107232570648,-1.53906957274941,258.2,158.6,-50.3442287528231,0.194318106351691,-1.33049032925052,-1.63825873933523,-1.11840466054003,-1.63890169052454,-1.63871492951412,-1.53947746434393,-1.43382751362444
190,"Pink","S AKPen-Odd","GOA",1973,883545,883545,166200,55,-161,"GoA",7.85303649306297,-0.147105405392914,339.2,228.3,8.18300003622602,5.31615523465704,1.11243940612376,1.6707503418274,-1.41248729811832,-0.139038501097293,-1.24956237892285,-1.1250035510711,-0.627690098321888
190,"Pink","S AKPen-Odd","GOA",1975,5459950,5459950,828150,55,-161,"GoA",6.9099755525589,-1.09016634589699,381.4,279.1,45.5262969845521,6.59294813741472,1.72142311058872,1.8860006137897,-1.19322953842361,-1.15520143346281,-1.04681870441727,-0.822919264209419,-0.113334139503075
190,"Pink","S AKPen-Odd","GOA",1977,10354351,10354351,4016700,55,-161,"GoA",7.43581598699093,-0.56432591146496,457,319.9,71.1046092155224,2.57782532925038,-0.193644208720884,0.946946147857864,-0.137085827154538,-0.588600130345327,-0.683609657198742,-0.580300388147278,0.238974263548024
190,"Pink","S AKPen-Odd","GOA",1979,8041978,8041978,3944250,55,-161,"GoA",7.36689933240413,-0.633242566051755,453.5,297.9,32.6075384498225,2.03891183368194,-0.450686314929799,0.712416250678013,-0.161083447352259,-0.662858904944037,-0.700424890866267,-0.711124291906276,-0.291273447916963
190,"Pink","S AKPen-Odd","GOA",1981,4048547,4048547,3460200,55,-161,"GoA",6.72401159405708,-1.27613030439881,597.3,431,148.341946054577,1.17003265707185,-0.865110031228374,0.15703166044735,-0.321415373600803,-1.35558051106993,-0.00955900475483894,0.0803603258356602,1.30281938952703
190,"Pink","S AKPen-Odd","GOA",1983,6745101,6745101,1276800,55,-161,"GoA",8.61710346341133,0.616961564955441,524.2,326.3,25.7214716941774,5.28281719924812,1.09653837764917,1.66445951588906,-1.04462315744766,0.68425562525876,-0.360757170782275,-0.542242525235569,-0.386120174318526
190,"Pink","S AKPen-Odd","GOA",1985,3502324,3502324,2420700,55,-161,"GoA",7.08068013936281,-0.919461759093077,437.7,270.3,-48.5060334477533,1.4468228198455,-0.73309120631065,0.369369993604471,-0.665729054698545,-0.971264567832271,-0.776333659993948,-0.875248825713018,-1.40850873392634
190,"Pink","S AKPen-Odd","GOA",1987,9899773,9899773,2310750,55,-161,"GoA",7.97715666294098,-0.0229852355149092,557.7,364.4,27.286769793309,4.28422503516174,0.620246291421602,1.45493968042198,-0.702147803362996,-0.00529707424790687,-0.199811362821685,-0.315679310089306,-0.364560203174837
190,"Pink","S AKPen-Odd","GOA",1989,14416812,14416812,2806350,55,-161,"GoA",8.08881444633007,0.0886725478741842,688.9,486,130.743381846267,5.13721096798332,1.02708950938142,1.63651031896642,-0.537990169546699,0.115015935990274,0.430519682086655,0.407420085233154,1.06042176781395
190,"Pink","S AKPen-Odd","GOA",1991,14332056,14332056,4420200,55,-161,"GoA",8.01411734521389,0.0139754467579985,650.2,398.6,25.6305823493315,3.24239989140763,0.12333364875434,1.17631376284061,-0.00343448485252832,0.0345286397304421,0.244591241248601,-0.112307605154863,-0.387372058322749
190,"Pink","S AKPen-Odd","GOA",1993,25741639,25741639,4485150,55,-161,"GoA",8.06556886732579,0.0654269688698963,690.5,434.9,44.9103454445051,5.7393039251753,1.31426591732596,1.74733793558693,0.0180789096518472,0.0899684605716588,0.438206646048952,0.103551836047482,-0.121818080955946
190,"Pink","S AKPen-Odd","GOA",1995,9562901.5,9562901.5,9609450,55,-161,"GoA",8.30672722458839,0.306585326132503,609.6,402,-4.11073275407784,0.995155966262377,-0.948519842454382,-0.0048558040951045,1.7154012723735,0.349820367225153,0.0495345307053183,-0.0920893654830185,-0.797020479770773
190,"Pink","S AKPen-Odd","GOA",1997,15948056,15948056,7864912.5,55,-161,"GoA",8.4046983987093,0.404556500253407,699.2,501.1,79.8710331213849,2.02774741613464,-0.456011335409995,0.706925529715076,1.13755795497278,0.455385841635298,0.480004512593941,0.497212855540466,0.359720494919922
190,"Pink","S AKPen-Odd","GOA",1999,8429834,8429834,7522965,55,-161,"GoA",8.18789257407188,0.187750675615996,601.2,401.8,-33.5617709907838,1.12054675251048,-0.888713005065001,0.11381673807423,1.02429465293606,0.221774170262589,0.00917796990326003,-0.0932786736990094,-1.20267071015648
190,"Pink","S AKPen-Odd","GOA",2001,12306776,12306776,4447704,55,-161,"GoA",8.9579857468605,0.957843848404613,675.5,466.3,17.6774341079921,2.7669952856575,-0.103417030470234,1.01776199702939,0.00567566761010975,1.05156162412243,0.366141358902419,0.290273225958052,-0.496916461832779
190,"Pink","S AKPen-Odd","GOA",2003,17003266,17003266,8266830,55,-161,"GoA",8.98144586086273,0.981303962406844,813,594.5,133.341193044483,2.05680605504165,-0.44215142317984,0.721154320878888,1.27068512565349,1.07684026436109,1.0267398244123,1.05261979240821,1.09620328093363
190,"Pink","S AKPen-Odd","GOA",2005,11052121.5,11052121.5,9248451,55,-161,"GoA",8.07340717017651,0.0732652717206171,765.7,550,76.9215300470468,1.19502406402975,-0.853190040479566,0.178166322444111,1.59582754023054,0.0984143546464363,0.799493952276903,0.787998714350238,0.319094877852968
190,"Pink","S AKPen-Odd","GOA",2007,10251963,10251963,4020319.5,55,-161,"GoA",7.35428714305162,-0.645854755404266,878.5,657.6,173.201478578285,2.55003688139711,-0.206898286088062,0.936107822358728,-0.135886939834929,-0.676448736486785,1.34142491161883,1.42784653455334,1.64522752517486
190,"Pink","S AKPen-Odd","GOA",2009,8011354,8011354,4600500,55,-161,"GoA",7.25846182405949,-0.741680074396402,861.4,654.8,159.758485773777,1.74140941202043,-0.592584132844838,0.554694792256181,0.0562863008155071,-0.77970201839014,1.25927048427178,1.41119621952946,1.46006756292179
190,"Pink","S AKPen-Odd","GOA",2011,10970385,10970385,3742425,55,-161,"GoA",6.93963019251823,-1.06051170593766,798.8,578.3,73.4142570728227,2.9313573418305,-0.0250223169458057,1.07546557235621,-0.227933960760197,-1.12324809449491,0.958518019246919,0.956285826912949,0.270786696708904
190,"Pink","S AKPen-Odd","GOA",2013,27841698,27841698,3481185,55,-161,"GoA",9.76363818645477,1.76349628799888,818.9,552.7,38.850982827287,7.99776455431125,2.39146936774372,2.07916207192071,-0.314464510110821,1.91966474484754,1.05508550402327,0.804054375266116,-0.205278019512598
190,"Pink","S AKPen-Odd","GOA",2015,28598777.5,28598777.5,11731200,55,-161,"GoA",10.3278173208237,2.32767542236778,736.6,512.8,-9.16732517828621,2.43783905312329,-0.260412563107881,0.891112012933785,2.41818872102105,2.52757659755698,0.659687295212629,0.566787386175933,-0.866668546686467
190,"Pink","S AKPen-Odd","GOA",2017,17831062,17831062,8495455.5,55,-161,"GoA",8.63649057149887,0.636348673042981,854.2,638.8,109.373894221988,2.09889416759349,-0.422076926649985,0.741410619173579,1.34641277115403,0.705145537838314,1.22467914644145,1.31605156225019,0.766084518704367
190,"Pink","S AKPen-Odd","GOA",2019,19093416,19093416,6355050,55,-161,"GoA",9.54804471731186,1.54790281885597,982.8,797.2,260.684735027627,3.00444780135483,0.00983916975735222,1.10009379115277,0.637446059516846,1.68735940550646,1.84251887491105,2.25798366931498,2.85019703587068
191,"Pink","NW AK Peninsula-Even","BS",1962,29300,29300,6000,54.982,-163.37,"BS",8.74414827227593,-0.439616175138786,245.6,146.2,-49.0768726509801,4.88333333333333,-0.161946394982123,1.58582804679497,-0.788037130362108,-0.673880399315703,-1.40137095873496,-1.26351531985085,0.0953140410647876
191,"Pink","NW AK Peninsula-Even","BS",1964,18550,18550,22500,54.982,-163.37,"BS",8.27330450415611,-0.910459943258599,275.7,161.1,-31.9369804200911,0.824444444444444,-0.223162440081853,-0.19304552015693,-0.566446572126181,-1.18068615354743,-1.22822016091089,-1.14655223420362,0.308335473137271
191,"Pink","NW AK Peninsula-Even","BS",1966,39750,39750,2550,54.982,-163.37,"BS",9.7684612929821,0.58469684556739,270.1,172,-21.6750197658039,15.5882352941176,-0.000495372508099357,2.74651648193001,-0.83436970162962,0.428667341947541,-1.26043426283165,-1.06098863463619,0.435875222220885
191,"Pink","NW AK Peninsula-Even","BS",1968,24495,24495,39750,54.982,-163.37,"BS",9.30889755487442,0.125133107459709,268.2,132.2,-65.2451763112484,0.61622641509434,-0.226302778392213,-0.484140826009803,-0.33478371578862,-0.065996838995699,-1.2713640474119,-1.37341352113012,-0.105632099873375
191,"Pink","NW AK Peninsula-Even","BS",1970,1832,1832,16650,54.982,-163.37,"BS",6.961318603158,-2.22244584425672,224.7,126.2,-78.1640583855578,0.11003003003003,-0.233937217665051,-2.20700195017451,-0.645010497318919,-2.59287858151974,-1.52159858911779,-1.42051275024981,-0.266193130431395
191,"Pink","NW AK Peninsula-Even","BS",1972,57500,57500,1800,54.982,-163.37,"BS",8.06905292272568,-1.11471152468903,238.3,133.9,-80.3137308338856,31.9444444444444,0.246188501925606,3.46399828290119,-0.844441999731253,-1.40053801055137,-1.44336434159595,-1.36006873954621,-0.292910118920056
191,"Pink","NW AK Peninsula-Even","BS",1974,56035,56035,34500,54.982,-163.37,"BS",8.00758728086948,-1.17617716654523,305,199,-27.5920951201788,1.62420289855072,-0.211100506154693,0.485017171466677,-0.405289802500052,-1.46669825963922,-1.05967137764692,-0.849042103597586,0.362335444450394
191,"Pink","NW AK Peninsula-Even","BS",1976,603382,603382,55950,54.982,-163.37,"BS",9.94355095624924,0.759786508834526,349.6,234.1,-6.89603449935734,10.7843074173369,-0.0729480741245174,2.37809206056417,-0.117222076793346,0.617129959186005,-0.80310906592089,-0.573511613247408,0.619554358800456
191,"Pink","NW AK Peninsula-Even","BS",1978,438929,438929,135600,54.982,-163.37,"BS",9.71028962731361,0.526525179898902,408,244.5,-12.4122105457951,3.2369395280236,-0.186777258845791,1.17462829328168,0.952455981600086,0.36605265552669,-0.467162003032988,-0.491872949439948,0.550997117882777
191,"Pink","NW AK Peninsula-Even","BS",1980,82635,82635,141000,54.982,-163.37,"BS",9.93337757587433,0.749613128459617,373.1,223.2,-50.6883073338683,0.586063829787234,-0.226757689633449,-0.534326570785379,1.02497652793184,0.606179558940546,-0.66792488821771,-0.659075212814843,0.0752864866778656
191,"Pink","NW AK Peninsula-Even","BS",1982,59369,59369,77550,54.982,-163.37,"BS",9.873072463274,0.689308015859286,479.5,308.8,17.2345438819623,0.765557704706641,-0.224050568191355,-0.267150685005483,0.172860108533687,0.541268477718244,-0.055856951723314,0.0128737892927148,0.919458832777386
191,"Pink","NW AK Peninsula-Even","BS",1984,29235,29235,49500,54.982,-163.37,"BS",8.21510318517685,-0.96866126223786,442.8,261.8,-47.8680562837991,0.590606060606061,-0.22668918383931,-0.526606047947011,-0.20384384046739,-1.24333275813212,-0.26697436966828,-0.356070172144846,0.110337694083182
191,"Pink","NW AK Peninsula-Even","BS",1986,72905,72905,19350,54.982,-163.37,"BS",9.40221741199493,0.218452964580222,384.8,212.2,-115.764248823289,3.76770025839793,-0.178772340825812,1.32646480429246,-0.608750224153039,0.0344505785449828,-0.600620425276127,-0.745423799534272,-0.733503327330347
191,"Pink","NW AK Peninsula-Even","BS",1988,33430,33430,42750,54.982,-163.37,"BS",9.2758236348629,0.0920591874481868,523,303,-43.2216979870615,0.781988304093567,-0.223802762365519,-0.245915494950762,-0.294494523382088,-0.101596870496114,0.194377589982572,-0.0326554655229843,0.168084492310372
191,"Pink","NW AK Peninsula-Even","BS",1990,9220.5,9220.5,33300,54.982,-163.37,"BS",9.31780771017075,0.134043262756035,472.3,277.2,-86.9838643363977,0.276891891891892,-0.231420611879383,-1.28412813095336,-0.421405479462664,-0.0564061461140482,-0.0972750827642881,-0.235182150737645,-0.37580920437983
191,"Pink","NW AK Peninsula-Even","BS",1992,330186,330186,904.5,54.982,-163.37,"BS",9.80212068557739,0.618356238162679,698.6,453.7,72.1190405954069,365.048092868988,5.27004811549183,5.90002910618764,-0.856468323664603,0.464897563108494,1.20451978592633,1.15032017253319,1.60158529722536
191,"Pink","NW AK Peninsula-Even","BS",1994,328067,328067,142050,54.982,-163.37,"BS",9.41298075914383,0.229216311729122,677.1,424.3,26.1281093358687,2.30951777543119,-0.200764606956892,0.837038747516703,1.03907774527413,0.0460360058973272,1.08084064462342,0.91953394984672,1.02999161931424
191,"Pink","NW AK Peninsula-Even","BS",1996,210405,210405,324900,54.982,-163.37,"BS",10.5874964296818,1.40373198226707,636.1,443.6,29.8031196413841,0.647599261311173,-0.22582961403086,-0.43448319783531,3.49470402245227,1.31025853695247,0.844987398417875,1.07103647018172,1.07566611642404
191,"Pink","NW AK Peninsula-Even","BS",1998,71719,71719,194250,54.982,-163.37,"BS",8.50707461237907,-0.676689835035639,567.9,381.8,-46.6131174327623,0.369209781209781,-0.230028276136597,-0.996390283720133,1.74010969314779,-0.929061211185187,0.452665657168647,0.585914410248926,0.125934575767741
191,"Pink","NW AK Peninsula-Even","BS",2000,21628,21628,53850,54.982,-163.37,"BS",9.57869287729263,0.39492842987792,574.2,382.9,-59.1918651272497,0.401634168987929,-0.229539252455759,-0.912213632082639,-0.145424511477918,0.224404842250638,0.4889065218295,0.594549268920869,-0.0303991287539932
191,"Pink","NW AK Peninsula-Even","BS",2002,139384,139384,17850,54.982,-163.37,"BS",10.1474801957607,0.963715748346015,594.2,361.3,-93.6727903862989,7.80862745098039,-0.117827193511476,2.05522920589496,-0.628894820356306,0.836634854521529,0.603956885832206,0.42499204408999,-0.458941851130607
191,"Pink","NW AK Peninsula-Even","BS",2004,250387.5,250387.5,127950,54.982,-163.37,"BS",10.5284509778023,1.34468653038757,580.1,347.5,-119.692201844423,1.95691676436108,-0.206082525231267,0.671370155246299,0.849718540963429,1.24670332649861,0.522846379210298,0.316663817114706,-0.7823214976201
191,"Pink","NW AK Peninsula-Even","BS",2006,34391,34391,193372.5,54.982,-163.37,"BS",9.3833077609539,0.199543313539191,524.7,331.7,-147.116423405168,0.177848453115102,-0.232914382165037,-1.72682347831961,1.72832510436888,0.0140966509643381,0.204156870922802,0.192635847099526,-1.12316068561772
191,"Pink","NW AK Peninsula-Even","BS",2008,29400,29400,17850,54.982,-163.37,"BS",8.65102622509002,-0.532738222324687,647.1,410.3,-79.512118210272,1.64705882352941,-0.210755793753691,0.498991166118988,-0.628894820356306,-0.774114898644669,0.908265098619363,0.809635748567447,-0.282947356800594
191,"Pink","NW AK Peninsula-Even","BS",2010,17248.5,17248.5,22950,54.982,-163.37,"BS",8.57493772506714,-0.608826722347573,652.5,437.6,-62.470593004989,0.75156862745098,-0.224261551050858,-0.285592753331862,-0.560403193265201,-0.856014866858004,0.939328696900094,1.02393724106203,-0.0711484694431551
191,"Pink","NW AK Peninsula-Even","BS",2012,12814,12814,16354.5,54.982,-163.37,"BS",9.39419061541557,0.21042616800086,609.4,359.3,-150.178710666804,0.783515240453698,-0.223779733155397,-0.243964765615579,-0.648978982770962,0.0258107133287291,0.691395162474262,0.409292301050094,-1.16122001581091
191,"Pink","NW AK Peninsula-Even","BS",2014,53187,53187,11250,54.982,-163.37,"BS",10.2471726715565,1.06340822414176,685.7,432.2,-85.8055900084864,4.72773333333333,-0.16429314969216,1.55344587693392,-0.717531043650677,0.943941616993182,1.13031230114459,0.98154793485431,-0.361165140034223
191,"Pink","NW AK Peninsula-Even","BS",2016,19159,19159,51375,54.982,-163.37,"BS",9.96892265081406,0.785158203399347,950.1,701.3,175.537619931456,0.372924574209246,-0.229972249735773,-0.986379093702543,-0.178663095213308,0.644439486614622,2.65127811326036,3.09394836087234,2.88691274131304
191,"Pink","NW AK Peninsula-Even","BS",2018,75101,75101,16650,54.982,-163.37,"BS",11.4726868927479,2.28892244533317,486.1,312.9,-220.09763796564,4.51057057057057,-0.167568392213743,1.50642365783421,-0.645010497318919,2.26305785309164,-0.0178903316024209,0.0450582625245017,-2.03020039337291
191,"Pink","NW AK Peninsula-Even","BS",2020,51741,51741,70050,54.982,-163.37,"BS",10.0457873821259,0.862022934711142,531.8,299,-241.010764843178,0.738629550321199,-0.224456697838762,-0.302958768805643,0.0721371275173559,0.727174972913722,0.244999750143762,-0.0640549516027767,-2.29011709393058
192,"Pink","NW AK Peninsula-Odd","BS",1963,3350,3350,6600,54.982,-163.37,"BS",8.37818608283997,-0.805578364574746,344.5,205.1,11.278580937552,0.507575757575758,-0.653693474933441,-0.678109303195405,-0.355450721768909,-0.799709642675115,-1.22409931079774,-1.26296330412605,-0.585052446782819
192,"Pink","NW AK Peninsula-Odd","BS",1965,1350,1350,1350,54.982,-163.37,"BS",8.52067900896072,-0.663085438453989,272.9,175.2,-17.7751125688447,1,-0.567989565883424,0,-0.403942795402408,-0.64901588149774,-1.56809094811052,-1.44076488241669,-0.98522976378269
192,"Pink","NW AK Peninsula-Odd","BS",1967,6600,6600,1050,54.982,-163.37,"BS",9.190598487854,0.00683404043929192,305.9,220.8,25.6382346910747,6.28571428571429,0.35196184466664,1.83827948486295,-0.406713771038608,0.0594591895725441,-1.40954731638815,-1.16960260917076,-0.387266657142453
192,"Pink","NW AK Peninsula-Odd","BS",1969,13026,13026,6600,54.982,-163.37,"BS",8.41959508061409,-0.764169366800622,324.9,202.8,2.28046936379511,1.97363636363636,-0.398533159866377,0.67987771109183,-0.355450721768909,-0.755917450381442,-1.31826461933587,-1.27664034860994,-0.708989878244286
192,"Pink","NW AK Peninsula-Odd","BS",1971,334,334,12750,54.982,-163.37,"BS",7.6894983202219,-1.49426612719281,258.2,158.6,-50.3442287528231,0.0261960784313725,-0.737475134497579,-3.64214555760987,-0.29864572122681,-1.52803316055836,-1.63871492951412,-1.53947746434393,-1.43382751362444
192,"Pink","NW AK Peninsula-Odd","BS",1973,909,909,300,54.982,-163.37,"BS",9.18921885490418,0.00545440748946382,339.2,228.3,8.18300003622602,3.03,-0.214678497128927,1.10856261952128,-0.413641210129108,0.0580001551915837,-1.24956237892285,-1.1250035510711,-0.627690098321888
192,"Pink","NW AK Peninsula-Odd","BS",1975,9600,9600,900,54.982,-163.37,"BS",8.03256888091564,-1.15119556649907,381.4,279.1,45.5262969845521,10.6666666666667,1.11444409485228,2.36712361413162,-0.408099258856708,-1.16521800511438,-1.04681870441727,-0.822919264209419,-0.113334139503075
192,"Pink","NW AK Peninsula-Odd","BS",1977,17327,17327,9600,54.982,-163.37,"BS",8.56628546714783,-0.617478980266885,457,319.9,71.1046092155224,1.80489583333333,-0.427901582084882,0.590502880054919,-0.32774096540691,-0.600784654128816,-0.683609657198742,-0.580300388147278,0.238974263548024
192,"Pink","NW AK Peninsula-Odd","BS",1979,17613,17613,13950,54.982,-163.37,"BS",8.47861310839653,-0.705151339018181,453.5,297.9,32.6075384498225,1.26258064516129,-0.522288753875453,0.233157757482784,-0.28756181868201,-0.693502783029676,-0.700424890866267,-0.711124291906276,-0.291273447916963
192,"Pink","NW AK Peninsula-Odd","BS",1981,7168,7168,8550,54.982,-163.37,"BS",7.83753848671913,-1.34622596069558,597.3,431,148.341946054577,0.838362573099415,-0.596121729454347,-0.176304607276039,-0.33743938013361,-1.3714729010274,-0.00955900475483894,0.0803603258356602,1.30281938952703
192,"Pink","NW AK Peninsula-Odd","BS",1983,4052,4052,5850,54.982,-163.37,"BS",9.71521873474121,0.531454287326499,524.2,326.3,25.7214716941774,0.692649572649573,-0.621482328429893,-0.367231074857328,-0.362378160859409,0.614272683445489,-0.360757170782275,-0.542242525235569,-0.386120174318526
192,"Pink","NW AK Peninsula-Odd","BS",1985,2496,2496,2100,54.982,-163.37,"BS",8.35152653455734,-0.832237912857371,437.7,270.3,-48.5060334477533,1.18857142857143,-0.53516967772326,0.172752105777804,-0.397015356311909,-0.827903516654473,-0.776333659993948,-0.875248825713018,-1.40850873392634
192,"Pink","NW AK Peninsula-Odd","BS",1987,6045,6045,1650,54.982,-163.37,"BS",9.07212617993355,-0.111638267481163,557.7,364.4,27.286769793309,3.66363636363636,-0.104397344006721,1.29845619615427,-0.401171819766208,-0.0658315049337067,-0.199811362821685,-0.315679310089306,-0.364560203174837
192,"Pink","NW AK Peninsula-Odd","BS",1989,5209,5209,2850,54.982,-163.37,"BS",9.18572414517403,0.00195969775931638,688.9,486,130.743381846267,1.82771929824561,-0.423929275296291,0.603068904482495,-0.390087917221409,0.0543043159117251,0.430519682086655,0.407420085233154,1.06042176781395
192,"Pink","NW AK Peninsula-Odd","BS",1991,1106,1106,1800,54.982,-163.37,"BS",9.07373494505882,-0.110029502355892,650.2,398.6,25.6305823493315,0.614444444444444,-0.635093529133458,-0.487036761801976,-0.399786331948109,-0.0641301512302069,0.244591241248601,-0.112307605154863,-0.387372058322749
192,"Pink","NW AK Peninsula-Odd","BS",1993,9184,9184,1050,54.982,-163.37,"BS",9.0949027478695,-0.088861699545217,690.5,434.9,44.9103454445051,8.74666666666667,0.780277960857878,2.16867267540778,-0.406713771038608,-0.0417440868251686,0.438206646048952,0.103551836047482,-0.121818080955946
192,"Pink","NW AK Peninsula-Odd","BS",1995,12336,12336,7800,54.982,-163.37,"BS",9.23977063298225,0.0560061855675397,609.6,402,-4.11073275407784,1.58153846153846,-0.466775784913966,0.458398083125428,-0.344366819224109,0.111461318353701,0.0495345307053183,-0.0920893654830185,-0.797020479770773
192,"Pink","NW AK Peninsula-Odd","BS",1997,22922,22922,7200,54.982,-163.37,"BS",9.47244193553925,0.288677488124535,699.2,501.1,79.8710331213849,3.18361111111111,-0.187943272577581,1.1580161220525,-0.349908770496509,0.357523453891847,0.480004512593941,0.497212855540466,0.359720494919922
192,"Pink","NW AK Peninsula-Odd","BS",1999,14507,14507,21750,54.982,-163.37,"BS",9.35993400812149,0.176169560706778,601.2,401.8,-33.5617709907838,0.666988505747126,-0.625948505263727,-0.404982465977928,-0.215516452140812,0.238540405354511,0.00917796990326003,-0.0932786736990094,-1.20267071015648
192,"Pink","NW AK Peninsula-Odd","BS",2001,1904,1904,10350,54.982,-163.37,"BS",10.0683003127575,0.884535865342777,675.5,466.3,17.6774341079921,0.183961352657005,-0.710016899202502,-1.6930295833422,-0.32081352631641,0.987675016054092,0.366141358902419,0.290273225958052,-0.496916461832779
192,"Pink","NW AK Peninsula-Odd","BS",2003,15055,15055,1200,54.982,-163.37,"BS",10.0948992013931,0.911134753978416,813,594.5,133.341193044483,12.5458333333333,1.44150339700392,2.52938860513974,-0.405328283220508,1.01580473926748,1.0267398244123,1.05261979240821,1.09620328093363
192,"Pink","NW AK Peninsula-Odd","BS",2005,160642,160642,13107,54.982,-163.37,"BS",9.2982992708683,0.11453482345359,765.7,550,76.9215300470468,12.2561989776455,1.39109402569551,2.50603184798766,-0.295348260219732,0.173358430159539,0.799493952276903,0.787998714350238,0.319094877852968
192,"Pink","NW AK Peninsula-Odd","BS",2007,386453,386453,23625,54.982,-163.37,"BS",8.64861546754837,-0.53514897986634,878.5,657.6,173.201478578285,16.3577989417989,2.10495642320213,2.79470478311357,-0.198197854414562,-0.51371635006733,1.34142491161883,1.42784653455334,1.64522752517486
192,"Pink","NW AK Peninsula-Odd","BS",2009,112095,112095,111600,54.982,-163.37,"BS",8.5176102489233,-0.666154198491411,861.4,654.8,159.758485773777,1.00443548387097,-0.567217592707614,0.00442567610315253,0.614390750901074,-0.652261256582521,1.25927048427178,1.41119621952946,1.46006756292179
192,"Pink","NW AK Peninsula-Odd","BS",2011,13773,13773,3600,54.982,-163.37,"BS",8.09070129990578,-1.09306314750893,798.8,578.3,73.4142570728227,3.82583333333333,-0.0761677948873234,1.34177630847313,-0.383160478130909,-1.10373991562284,0.958518019246919,0.956285826912949,0.270786696708904
192,"Pink","NW AK Peninsula-Odd","BS",2013,254787,254787,10650,54.982,-163.37,"BS",11.1409781932831,1.95721374586836,818.9,552.7,38.850982827287,23.923661971831,3.42175600605473,3.17486800983283,-0.31804255068021,2.12208827254928,1.05508550402327,0.804054375266116,-0.205278019512598
192,"Pink","NW AK Peninsula-Odd","BS",2015,472565.5,472565.5,248700,54.982,-163.37,"BS",11.6650629401207,2.48129849270599,736.6,512.8,-9.16732517828621,1.90014274225975,-0.411324347016726,0.641929010855597,1.88072661664445,2.67633544696498,0.659687295212629,0.566787386175933,-0.866668546686467
192,"Pink","NW AK Peninsula-Odd","BS",2017,763654,763654,467572.5,54.982,-163.37,"BS",9.90676814317703,0.72300369576232,854.2,638.8,109.373894221988,1.63323121013319,-0.457778927646547,0.490560390085487,3.90236116642503,0.816846253897913,1.22467914644145,1.31605156225019,0.766084518704367
192,"Pink","NW AK Peninsula-Odd","BS",2019,135871,135871,303300,54.982,-163.37,"BS",10.5974811553955,1.4137167079808,982.8,797.2,260.684735027627,0.447975601714474,-0.664066575803039,-0.80301650850894,2.38504418243284,1.5473115797145,1.84251887491105,2.25798366931498,2.85019703587068
202,"Pink","Kwiniuk-Even","BS",1966,138075.5,138075.5,10111,64.68,-162.01,"BS",8.1946555592797,0.952743592355426,270.1,172,-21.6750197658039,13.6559687469093,4.08101252599485,2.61417669689178,-1.07700674386736,0.42831401584614,-1.35449395324362,-1.16145436355203,0.432164179837572
202,"Pink","Kwiniuk-Even","BS",1968,250759.7,250759.7,129275,64.68,-162.01,"BS",7.15186411684209,-0.0900478500821846,268.2,132.2,-65.2451763112484,1.93973854186811,-0.0503692751653772,0.662553191759711,-0.935664225780922,-0.590800124944475,-1.36506561336649,-1.46180934854402,-0.0635958602177997
202,"Pink","Kwiniuk-Even","BS",1970,66693.3,66693.3,240971,64.68,-162.01,"BS",6.55687527223067,-0.68503669469361,224.7,126.2,-78.1640583855578,0.276768988799482,-0.636766266961864,-1.28457209619893,-0.803179633956354,-1.17227933591571,-1.60710098986394,-1.50708899452271,-0.210592474470266
202,"Pink","Kwiniuk-Even","BS",1972,74812.9,74812.9,62655,64.68,-162.01,"BS",6.59228016029705,-0.649631806627232,238.3,133.9,-80.3137308338856,1.1940451679834,-0.313315972200017,0.177346843386733,-1.01468338051657,-1.13767834034442,-1.53143015951072,-1.44898011551672,-0.235052375090025
202,"Pink","Kwiniuk-Even","BS",1974,37800.2,37800.2,66735,64.68,-162.01,"BS",6.63780483603477,-0.604107130889505,305,199,-27.5920951201788,0.566422417022552,-0.534628558751798,-0.568415159309279,-1.00984402069487,-1.09318733388701,-1.1603092488813,-0.95769595664792,0.364837143460369
202,"Pink","Kwiniuk-Even","BS",1976,119597.5,119597.5,31753,64.68,-162.01,"BS",7.59009683132172,0.348184864397442,349.6,234.1,-6.89603449935734,3.76649450445627,0.593782146146776,1.32614472922408,-1.05133678669551,-0.162517787644834,-0.912153437575869,-0.692810027672575,0.600325850774633
202,"Pink","Kwiniuk-Even","BS",1978,334645.9,334645.9,98354,64.68,-162.01,"BS",8.05018709870902,0.80827513178474,408,244.5,-12.4122105457951,3.40246355003355,0.465417404771696,1.22449974278472,-0.972340168194325,0.287125811691266,-0.587213989588491,-0.614325307976177,0.537560419696089
202,"Pink","Kwiniuk-Even","BS",1980,475407,475407,330966,64.68,-162.01,"BS",7.93098241090775,0.689070443983467,373.1,223.2,-50.6883073338683,1.43642247239898,-0.227848789757158,0.362155628192396,-0.696434980242237,0.170627748854433,-0.781398693950811,-0.775068051200531,0.102038475747452
202,"Pink","Kwiniuk-Even","BS",1990,1328703.4,1328703.4,388114,64.68,-162.01,"BS",7.29878691651605,0.0568749495917674,472.3,277.2,-86.9838643363977,3.42348742895129,0.472830853400689,1.23065974758488,-0.628650731445589,-0.447213309154865,-0.229446754903758,-0.367551237392308,-0.310948031992956
202,"Pink","Kwiniuk-Even","BS",1992,2379328.5,2379328.5,1324397,64.68,-162.01,"BS",7.32191704349084,0.0800050765665633,698.6,453.7,72.1190405954069,1.79653721655969,-0.100864984017759,0.585861043504751,0.481891016578352,-0.424608367726505,1.02969360604733,0.964425015147531,1.49939346723134
202,"Pink","Kwiniuk-Even","BS",1994,1072603.9,1072603.9,2372787,64.68,-162.01,"BS",7.17923025651412,-0.0626817104101606,677.1,424.3,26.1281093358687,0.452043904488688,-0.574960755785863,-0.79397597004256,1.72540485076184,-0.564055352419859,0.910066925709512,0.742554749851944,0.976088808005913
202,"Pink","Kwiniuk-Even","BS",1996,746456.2,746456.2,1031690,64.68,-162.01,"BS",7.33404377644713,0.0921318095228469,636.1,443.6,29.8031196413841,0.723527610037899,-0.479230062483596,-0.323616571872467,0.134706091252522,-0.412756980637586,0.681941628321113,0.888204277750068,1.01790466089058
202,"Pink","Kwiniuk-Even","BS",1998,1444142.6,1444142.6,668798,64.68,-162.01,"BS",6.77696730331941,-0.464944663604869,567.9,381.8,-46.6131174327623,2.15931058406275,0.0270563065525552,0.769788996704175,-0.295726498064921,-0.957184646767178,0.302474670226264,0.421823924169546,0.14840774473317
202,"Pink","Kwiniuk-Even","BS",2000,1120269.5,1120269.5,1416770,64.68,-162.01,"BS",6.00454312833873,-1.23736883858555,574.2,382.9,-59.1918651272497,0.790720794483226,-0.455536374793849,-0.234810351423157,0.591456257953252,-1.71207039608942,0.337528069581067,0.430125192598972,0.00528132620949097
202,"Pink","Kwiniuk-Even","BS",2002,3050352.5,3050352.5,1114428,64.68,-162.01,"BS",8.18521371212872,0.943301745204444,594.2,361.3,-93.6727903862989,2.73714632080314,0.230812976151115,1.00691588891572,0.232843089519077,0.419086552371511,0.448808702453457,0.267118467075683,-0.387057518608357
202,"Pink","Kwiniuk-Even","BS",2004,1350092,1350092,3044489,64.68,-162.01,"BS",8.99671514467759,1.75480317775331,580.1,347.5,-119.692201844423,0.443454385941286,-0.577989595266346,-0.813160332710704,2.52212241717197,1.21216228307484,0.370355856278422,0.162975281324693,-0.683117608574816
202,"Pink","Kwiniuk-Even","BS",2006,1454056.5,1454056.5,1347075,64.68,-162.01,"BS",7.43233932961117,0.190427362686891,524.7,331.7,-147.116423405168,1.0794176270809,-0.353735981717463,0.0764216615127352,0.508789791587283,-0.316693296060211,0.0621085032219026,0.0437388802474722,-0.995162234011529
202,"Pink","Kwiniuk-Even","BS",2008,644848,644848,1443831,64.68,-162.01,"BS",7.85954257033088,0.617630603406603,647.1,410.3,-79.512118210272,0.446622908082733,-0.576872309716075,-0.806040646483324,0.623553786417697,0.100809999317171,0.743145976400927,0.63690224256833,-0.225931280792898
202,"Pink","Kwiniuk-Even","BS",2010,447711,447711,634190,64.68,-162.01,"BS",8.07438857988878,0.832476612964498,652.5,437.6,-62.470593004989,0.705957205253946,-0.485425745676319,-0.348200659113718,-0.336775656081902,0.310777781485643,0.773191747276472,0.842924631771376,-0.0320254542310002
202,"Pink","Kwiniuk-Even","BS",2012,343436.5,343436.5,415174,64.68,-162.01,"BS",8.66191306439313,1.42000109746885,609.4,359.3,-150.178710666804,0.827211000688868,-0.44266918362397,-0.189695476611288,-0.596554389098748,0.884962115813765,0.533381983436472,0.252025251749453,-1.03000625973602
202,"Pink","Kwiniuk-Even","BS",2014,1958359,1958359,326054,64.68,-162.01,"BS",8.36216277425939,1.12025080733512,685.7,432.2,-85.8055900084864,6.0062412974538,1.38356255997097,1.79279914482034,-0.702261189909927,0.592017863540952,0.957917597844639,0.802172950390554,-0.297541118308993
202,"Pink","Kwiniuk-Even","BS",2016,1843542.5,1843542.5,1933803,64.68,-162.01,"BS",9.83787048946727,2.59595852254299,950.1,701.3,175.537619931456,0.953324873319568,-0.398198859198616,-0.0477995380160375,1.20471820076975,2.03421861341154,2.42904756441763,2.83296507253486,2.67613468413822
202,"Pink","Kwiniuk-Even","BS",2018,1770416.5,1770416.5,1835039,64.68,-162.01,"BS",10.3901951746507,3.14828320772643,486.1,312.9,-220.09763796564,0.964784127203836,-0.394158092490911,-0.0358509050477052,1.0875724817918,2.57400238423189,-0.15266311822181,-0.0981373438190944,-1.82557398192554
202,"Pink","Kwiniuk-Even","BS",2020,413299.5,413299.5,1767447,64.68,-162.01,"BS",7.73279477655888,0.490882809634598,531.8,299,-241.010764843178,0.233839826597346,-0.651903965381672,-1.45311889972344,1.00740042074569,-0.0230598980470769,0.1016131278916,-0.203035190336396,-2.06353256276463
203,"Pink","Kwiniuk-Odd","BS",1965,4830.4,4830.4,8643,64.68,-162.01,"BS",7.2643973691897,0.0224854022654175,272.9,175.2,-17.7751125688447,0.558880018512091,-0.583079422304624,-0.581820464800064,-0.584512198660104,-0.222371386246242,-1.60189604679674,-1.49551206762897,-1.03177086850779
203,"Pink","Kwiniuk-Odd","BS",1967,64682.5,64682.5,3905,64.68,-162.01,"BS",6.84206772392446,-0.399844242999816,305.9,220.8,25.6382346910747,16.5640204865557,2.92447642285303,2.80723290249466,-0.610846083478444,-0.548389827875813,-1.44857699409104,-1.23144692860243,-0.431288303248508
203,"Pink","Kwiniuk-Odd","BS",1969,19310.2,19310.2,57526,64.68,-162.01,"BS",6.37606879255988,-0.865843174364396,324.9,202.8,2.28046936379511,0.335677780481869,-0.631994601538341,-1.09160356580194,-0.312819650839316,-0.908118885752188,-1.36030238798776,-1.33568316769186,-0.754367073435813
203,"Pink","Kwiniuk-Odd","BS",1971,56887.5,56887.5,18117,64.68,-162.01,"BS",6.94284274903211,-0.299069217892171,258.2,158.6,-50.3442287528231,3.14000662361318,-0.0174207997582819,1.14422490934889,-0.53185554505754,-0.470596291454419,-1.67019271572928,-1.5916410436781,-1.48225874075805
203,"Pink","Kwiniuk-Odd","BS",1973,60821.5,60821.5,51586,64.68,-162.01,"BS",8.49241983348673,1.25050786656245,339.2,228.3,8.18300003622602,1.1790311324778,-0.447172169943136,0.164693027040197,-0.345834272160747,0.725603672063459,-1.29386413181529,-1.18801516231517,-0.672724744903012
203,"Pink","Kwiniuk-Odd","BS",1975,51832,51832,57722,64.68,-162.01,"BS",7.42912871187384,0.187216744949558,381.4,279.1,45.5262969845521,0.897959183673469,-0.508769602274763,-0.107630664192365,-0.31173027949605,-0.0952066081362369,-1.09780158562801,-0.893837331996138,-0.156201597942804
203,"Pink","Kwiniuk-Odd","BS",1977,327614.1,327614.1,46309,64.68,-162.01,"BS",8.61769554289904,1.37578357597477,457,319.9,71.1046092155224,7.07452331080351,0.844835737857204,1.95650006469452,-0.375163928173068,0.822310573922062,-0.74656157397495,-0.657568523393448,0.197591221843662
203,"Pink","Kwiniuk-Odd","BS",1979,652727.5,652727.5,302954,64.68,-162.01,"BS",7.48796453259208,0.246052565667801,453.5,297.9,32.6075384498225,2.15454326399387,-0.23338689978239,0.767578758630494,1.05127335954385,-0.0497881469943203,-0.762822685625554,-0.784968371169409,-0.334890636096322
203,"Pink","Kwiniuk-Odd","BS",1983,26976.9,26976.9,311201,64.68,-162.01,"BS",6.86114052750847,-0.380771439415803,524.2,326.3,25.7214716941774,0.0866864181027696,-0.686561514602949,-2.44545806141445,1.09711032621689,-0.533666528738094,-0.434348230283344,-0.620506749494987,-0.430136989832191
203,"Pink","Kwiniuk-Odd","BS",1989,80001.5,80001.5,25247,64.68,-162.01,"BS",7.34032717618075,0.0984152092564743,688.9,486,130.743381846267,3.16875272309581,-0.0111210394114666,1.15333804771661,-0.492226883437709,-0.163757179012667,0.330853223675098,0.304300327315053,1.02249981421307
203,"Pink","Kwiniuk-Odd","BS",1991,51863.2,51863.2,77513,64.68,-162.01,"BS",4.4434118270874,-2.79850013983688,650.2,398.6,25.6305823493315,0.669090346135487,-0.558926627168335,-0.401836181431533,-0.201731563911466,-2.4000383357642,0.151051789138415,-0.201824522485808,-0.431394148526291
203,"Pink","Kwiniuk-Odd","BS",1993,26364.2,26364.2,50655,64.68,-162.01,"BS",7.1464204788208,-0.0954914881034768,690.5,434.9,44.9103454445051,0.520465896752542,-0.591497947439304,-0.653030913241681,-0.35100878604126,-0.313443946218238,0.338286874715374,0.00838522634452673,-0.164721285646872
203,"Pink","Kwiniuk-Odd","BS",1995,11393.8,11393.8,23451,64.68,-162.01,"BS",7.69694399562749,0.455032028703212,609.6,402,-4.11073275407784,0.485855613833099,-0.599082854325878,-0.721843790100279,-0.502209082072942,0.111534079932471,-0.0375771060085966,-0.18213545510225,-0.842768583226192
203,"Pink","Kwiniuk-Odd","BS",1997,2186.8,2186.8,10474,64.68,-162.01,"BS",5.62486139752648,-1.6170505693978,699.2,501.1,79.8710331213849,0.208783654764178,-0.659803681581465,-1.56645670781859,-0.574335469427859,-1.48801534108057,0.378707352246877,0.391742950106735,0.318846205561598
203,"Pink","Kwiniuk-Odd","BS",1999,9259,9259,1092,64.68,-162.01,"BS",5.86676438288255,-1.37514758404173,601.2,401.8,-33.5617709907838,8.47893772893773,1.15261572961584,2.1375851741432,-0.626480785461135,-1.30127771753108,-0.0766037739700471,-0.183293635536577,-1.25012798087977
203,"Pink","Kwiniuk-Odd","BS",2001,24095.8,24095.8,8286,64.68,-162.01,"BS",7.43068232319572,0.188770356271442,675.5,466.3,17.6774341079921,2.90801351677528,-0.0682625139906731,1.06747020779502,-0.586496410749625,-0.0940072939328957,0.268596396212784,0.190219554533852,-0.541400106584631
203,"Pink","Kwiniuk-Odd","BS",2003,343345,343345,22329,64.68,-162.01,"BS",8.88674653118307,1.64483456425879,813,594.5,133.341193044483,15.3766402436294,2.66425986806449,2.73284949051489,-0.508445177211435,1.03000516723948,0.907425782486529,0.932613212937404,1.05843208921193
203,"Pink","Kwiniuk-Odd","BS",2005,55384,55384,340899,64.68,-162.01,"BS",8.68734689192338,1.44543492499911,765.7,550,76.9215300470468,0.162464542283785,-0.669954599909704,-1.81729550235227,1.26217231678993,0.876078109592099,0.687668473608361,0.674918066299665,0.27804941646089
203,"Pink","Kwiniuk-Odd","BS",2007,44277,44277,54255,64.68,-162.01,"BS",7.58447976003994,0.342567793115657,878.5,657.6,173.201478578285,0.81609068288637,-0.52671123415506,-0.203229799204422,-0.330999924634333,0.0247170278112806,1.21174087194784,1.29801913996754,1.60976959299853
203,"Pink","Kwiniuk-Odd","BS",2009,31402,31402,42960,64.68,-162.01,"BS",7.463244847276,0.221332880351718,861.4,654.8,159.758485773777,0.730959031657356,-0.54536799143079,-0.313397865047279,-0.393777727298568,-0.0688705708181594,1.13229372645489,1.28180461388697,1.42382947749249
203,"Pink","Kwiniuk-Odd","BS",2011,14325.5,14325.5,30999,64.68,-162.01,"BS",6.92253046685999,-0.319381500064289,798.8,578.3,73.4142570728227,0.462127810574535,-0.604282845864752,-0.771913779894694,-0.460257169323084,-0.4862764092343,0.841452129504077,0.838800597756923,0.22953769355647
203,"Pink","Kwiniuk-Odd","BS",2013,70085,70085,13212,64.68,-162.01,"BS",9.40877311338078,2.1668611464565,818.9,552.7,38.850982827287,5.30464729034211,0.456964166647396,1.66858328358648,-0.559117618724479,1.4329849123872,0.934837370697548,0.690553502163079,-0.248532874429444
203,"Pink","Kwiniuk-Odd","BS",2015,511805.5,511805.5,67294,64.68,-162.01,"BS",8.34820251031355,1.10629054338928,736.6,512.8,-9.16732517828621,7.60551460754302,0.961203452987552,2.028873590423,-0.258528940221853,0.614274743384116,0.552468945313335,0.459496505514859,-0.912710105407841
203,"Pink","Kwiniuk-Odd","BS",2017,720047,720047,507685,64.68,-162.01,"BS",10.5577324953946,3.31582052847034,854.2,638.8,109.373894221988,1.41829480878891,-0.394737097095473,0.349455311147385,2.18917174973876,2.3199270236486,1.09884229677364,1.18915017914081,0.726922404112051
203,"Pink","Kwiniuk-Odd","BS",2019,127604.5,127604.5,710901,64.68,-162.01,"BS",9.08932892300866,1.84741695608438,982.8,797.2,260.684735027627,0.179496863838987,-0.666221935448131,-1.71759754285553,3.31864974409159,1.18638915880865,1.69632199913585,2.10642908312773,2.81981612397485
