"Stock","Species","BY","R","S","R0.1","R0.2","R0.3","R0.4","R0.5","R1.1","R1.2","R1.3","R1.4","R1.5","R2.1","R2.2","R2.3","R2.4","R2.5","R3.1","R3.2","R3.3","R3.4","R4.1","R4.2","R4.3","R4.4","Logrs","Stock.ID","Lat","Lon","detailFlag","ocean_0","ocean_1","ocean_2","ocean_3","ocean_4","Ocean.Region2"
"Birkenhead","Sockeye",1950,242740,41370,0,0,0,0,0,0.0542391035676032,0.757678998104968,0.127008321661037,0,0,0.0154733459668781,0.0391076872373733,0.00649254346214056,0,0,0,0,0,0,0,0,0,0,1.7694349312049,22,49.12,-123.06,1,0,0.938926423333608,0.061073576666392,0,0,"WC"
"Birkenhead","Sockeye",1951,216719,13589,0,0,0,0,0,0.143785270327013,0.495558765036753,0.306405991168287,0,0,0.00634000710597594,0.0408870472824256,0.0070229190795454,0,0,0,0,0,0,0,0,0,0,2.76934094157903,22,49.12,-123.06,1,0,0.945750026532053,0.054249973467947,0,0,"WC"
"Birkenhead","Sockeye",1952,244678,24744,0,0,0,0,0,0.0609045357571993,0.738877218221499,0.135500535397543,0,0,0.0126983218760984,0.0490154407016569,0.00300394804600332,0,0,0,0,0,0,0,0,0,0,2.29136002501671,22,49.12,-123.06,1,0,0.935282289376241,0.0647177106237586,0,0,"WC"
"Birkenhead","Sockeye",1953,156143,16287,0,0,0,0,0,0.0525479848600321,0.65456664724003,0.106767514393857,0,0,0.0245608192490217,0.155453654662713,0.00610337959434621,0,0,0,0,0,0,0,0,0,0,2.26040501044247,22,49.12,-123.06,1,0,0.813882146493919,0.186117853506081,0,0,"WC"
"Birkenhead","Sockeye",1954,175704,8635,0,0,0,0,0,0.0721156035150025,0.729761416928471,0.10215476027865,0,0,0.030198515685471,0.0587806765924509,0.00698902699995447,0,0,0,0,0,0,0,0,0,0,3.01297704941381,22,49.12,-123.06,1,0,0.904031780722124,0.0959682192778764,0,0,"WC"
"Birkenhead","Sockeye",1955,280383,8185,0,0,0,0,0,0.12518590642086,0.788778206952633,0.0256541944411751,0,0,0.0125613892425718,0.0277834248153419,0.0200368781274186,0,0,0,0,0,0,0,0,0,0,3.53385331482465,22,49.12,-123.06,1,0,0.939618307814668,0.0603816921853322,0,0,"WC"
"Birkenhead","Sockeye",1956,279109,27156,0,0,0,0,0,0.0734480077675747,0.749266415629736,0.150733226087299,0,0,0.00671422275885048,0.0137580658452433,0.0060800619112963,0,0,0,0,0,0,0,0,0,0,2.3300043700896,22,49.12,-123.06,1,0,0.97344764948461,0.02655235051539,0,0,"WC"
"Birkenhead","Sockeye",1957,76363,7068,0,0,0,0,0,0.0469730104893731,0.49101004413132,0.0699291541715229,0,0,0.0731506095884132,0.287586920367194,0.0313502612521771,0,0,0,0,0,0,0,0,0,0,2.37992073121348,22,49.12,-123.06,1,0,0.607912208792216,0.392087791207784,0,0,"WC"
"Birkenhead","Sockeye",1958,129262,5510,0,0,0,0,0,0.163350404604602,0.577323575374047,0.0885256301155792,0,0,0.0271696244836069,0.1380452105027,0.00558555491946589,0,0,0,0,0,0,0,0,0,0,3.15527672924093,22,49.12,-123.06,1,0,0.829199610094227,0.170800389905773,0,0,"WC"
"Birkenhead","Sockeye",1959,268022,11388,0,0,0,0,0,0.0977718247009574,0.702901254374641,0.137164113393677,0,0,0.0335196364477543,0.0280014327182097,0.000641738364761102,0,0,0,0,0,0,0,0,0,0,3.15850889727814,22,49.12,-123.06,1,0,0.937837192469275,0.0621628075307251,0,0,"WC"
"Birkenhead","Sockeye",1960,172100,19198,0,0,0,0,0,0.165984892504358,0.69451481696688,0.0616327716443928,0,0,0.017925624636839,0.0405578152237071,0.0193840790238234,0,0,0,0,0,0,0,0,0,0,2.19326959627615,22,49.12,-123.06,1,0,0.92213248111563,0.0778675188843695,0,0,"WC"
"Birkenhead","Sockeye",1961,129815,10550,0,0,0,0,0,0.16863228440473,0.516920232638755,0.13375958094211,0,0,0.0238955436582829,0.146778107306552,0.0100142510495705,0,0,0,0,0,0,0,0,0,0,2.50998450007479,22,49.12,-123.06,1,0,0.819312097985595,0.180687902014405,0,0,"WC"
"Birkenhead","Sockeye",1962,102491,14311,0,0,0,0,0,0.208232918012313,0.645100545413744,0.081021748251066,0,0,0.0265877003834483,0.0389790323052756,7.80556341532427e-05,0,0,0,0,0,0,0,0,0,0,1.9687465175166,22,49.12,-123.06,1,0,0.934355211677123,0.0656447883228771,0,0,"WC"
"Birkenhead","Sockeye",1963,456078,20769,0,0,0,0,0,0.209448822350563,0.617528142116042,0.106483978617693,0,0,0.00860379145672451,0.0572533645560628,0.000681900902915729,0,0,0,0,0,0,0,0,0,0,3.08920235715413,22,49.12,-123.06,1,0,0.933460943084297,0.066539056915703,0,0,"WC"
"Birkenhead","Sockeye",1964,365895,27978,0,0,0,0,0,0.107232949343391,0.617384768854453,0.23268150698971,0,0,0.00237499829185969,0.0397436423017532,0.000582134218833272,0,0,0,0,0,0,0,0,0,0,2.57092791994178,22,49.12,-123.06,1,0,0.957299225187554,0.0427007748124462,0,0,"WC"
"Birkenhead","Sockeye",1965,165171,9769,0,0,0,0,0,0.185274654751742,0.66012193423785,0.0894224773113924,0,0,0.0125203576899092,0.0436820022885373,0.00897857372056838,0,0,0,0,0,0,0,0,0,0,2.82776719421209,22,49.12,-123.06,1,0,0.934819066300985,0.065180933699015,0,0,"WC"
"Birkenhead","Sockeye",1966,316855,13462,0,0,0,0,0,0.178640071957204,0.48923324549084,0.193523851604046,0,0,0.0215366650360575,0.11508418677313,0.00198197913872276,0,0,0,0,0,0,0,0,0,0,3.1585733543942,22,49.12,-123.06,1,0,0.86139716905209,0.13860283094791,0,0,"WC"
"Birkenhead","Sockeye",1967,492408,17580,0,0,0,0,0,0.110187080632321,0.741982258614807,0.0932072590209745,0,0,0.0141204042176407,0.0388377118162174,0.00166528569803902,0,0,0,0,0,0,0,0,0,0,3.33254574887498,22,49.12,-123.06,1,0,0.945376598268103,0.0546234017318971,0,0,"WC"
"Birkenhead","Sockeye",1968,285207,31042,0,0,0,0,0,0.0743775573530804,0.765139004302138,0.124001164066801,0,0,0.00686168291802095,0.029262956379051,0.000357634980908603,0,0,0,0,0,0,0,0,0,0,2.21787410618947,22,49.12,-123.06,1,0,0.963517725722019,0.0364822742779806,0,0,"WC"
"Birkenhead","Sockeye",1969,791869,14324,0,0,0,0,0,0.0934144410249675,0.569771010103944,0.302063851470382,0,0,0.00276560895804735,0.0316554884709466,0.000329599971712493,0,0,0,0,0,0,0,0,0,0,4.01245952195708,22,49.12,-123.06,1,0,0.965249302599294,0.0347506974007064,0,0,"WC"
"Birkenhead","Sockeye",1970,738909,19252,0,0,0,0,0,0.161194409595769,0.718916673095063,0.0416817226478497,0,0,0.0302919574670223,0.0440500792384448,0.00386515795585113,0,0,0,0,0,0,0,0,0,0,3.64755982254753,22,49.12,-123.06,1,0,0.921792805338682,0.0782071946613182,0,0,"WC"
"Birkenhead","Sockeye",1971,369096,16143,0,0,0,0,0,0.168834124455426,0.666214209853263,0.125568957669549,0,0,0.00528859700457334,0.0326012744651798,0.00149283655200815,0,0,0,0,0,0,0,0,0,0,3.12957025363034,22,49.12,-123.06,1,0,0.960617291978239,0.0393827080217613,0,0,"WC"
"Birkenhead","Sockeye",1972,519340,26202,0,0,0,0,0,0.0824912388801171,0.818234682481611,0.0898351754149497,0,0,0.0027554203412023,0.00626949589864058,0.000413986983479031,0,0,0,0,0,0,0,0,0,0,2.98672303091919,22,49.12,-123.06,1,0,0.990561096776678,0.00943890322332191,0,0,"WC"
"Birkenhead","Sockeye",1973,216524,28374,0,0,0,0,0,0.203751085330033,0.648209898209898,0.115335944283313,0,0,0.0139060796955534,0.018796992481203,0,0,0,0,0,0,0,0,0,0,0,2.03222816291231,22,49.12,-123.06,1,0,0.967296927823244,0.0327030721767564,0,0,"WC"
"Birkenhead","Sockeye",1974,727181,85495,0,0,0,0,0,0.0752151115059387,0.583944024940146,0.285400746169111,0,0,0.00465358693365201,0.0449117894994506,0.00587474095170253,0,0,0,0,0,0,0,0,0,0,2.14071752020862,22,49.12,-123.06,1,0,0.944559882615195,0.0554401173848052,0,0,"WC"
"Birkenhead","Sockeye",1975,120593,19653,0,0,0,0,0,0.0774091365170449,0.671481760964567,0.154370485849096,0,0,0.0085411259359996,0.0841839907789009,0.00401349995439205,0,0,0,0,0,0,0,0,0,0,1.81419124107292,22,49.12,-123.06,1,0,0.903261383330707,0.0967386166692926,0,0,"WC"
"Birkenhead","Sockeye",1976,619577,50023,0,0,0,0,0,0.0472564346320151,0.773682689964282,0.136209058761058,0,0,0.0015768822922736,0.035845423571243,0.00542951077912834,0,0,0,0,0,0,0,0,0,0,2.5165540874701,22,49.12,-123.06,1,0,0.957148183357355,0.0428518166426449,0,0,"WC"
"Birkenhead","Sockeye",1977,431633,12799,0,0,0,0,0,0.0360954792613169,0.664963058894941,0.227336649422078,0,0,0.0082268964606506,0.049542087838511,0.0138358281225022,0,0,0,0,0,0,0,0,0,0,3.51820864727233,22,49.12,-123.06,1,0,0.928395187578336,0.0716048124216638,0,0,"WC"
"Birkenhead","Sockeye",1978,666214,48158,0,0,0,0,0,0.0633925435370617,0.740816014073556,0.175941964593959,0,0,0.000438297604073166,0.0171866697487594,0.00222451044259052,0,0,0,0,0,0,0,0,0,0,2.62712366835003,22,49.12,-123.06,1,0,0.980150522204577,0.0198494777954231,0,0,"WC"
"Birkenhead","Sockeye",1979,415951,35168,0,0,0,0,0,0.0333717192650096,0.657728915184721,0.29132518012939,0,0,0.00215169575262471,0.0125134931758789,0.0029089964923753,0,0,0,0,0,0,0,0,0,0,2.47043088664091,22,49.12,-123.06,1,0,0.982425814579121,0.0175741854208789,0,0,"WC"
"Birkenhead","Sockeye",1980,163172,32786,0,0,0,0,0,0.0620878582109676,0.708234255877234,0.221925330326281,0,0,0,0.00775255558551712,0,0,0,0,0,0,0,0,0,0,0,1.60480326417871,22,49.12,-123.06,1,0,0.992247444414483,0.00775255558551712,0,0,"WC"
"Birkenhead","Sockeye",1981,266159,27175,0,0,0,0,0,0.0170950446913311,0.395173561668026,0.587731393640643,0,0,0,0,0,0,0,0,0,0,0,0,0,0,0,2.28179644155733,22,49.12,-123.06,1,0,1,0,0,0,"WC"
"Birkenhead","Sockeye",1982,1816442,72353,0,0,0,0,0,0.0266086117806129,0.810093028018511,0.154884659130322,0,0,0.000999206140355706,0.00713207468226346,0.000282420247935249,0,0,0,0,0,0,0,0,0,0,3.22307800429863,22,49.12,-123.06,1,0,0.991586298929446,0.00841370107055441,0,0,"WC"
"Birkenhead","Sockeye",1983,808110,21069,0,0,0,0,0,0.0188934674734875,0.774051799878729,0.185075051663759,0,0,0.000983776961057282,0.0192189182165794,0.00177698580638774,0,0,0,0,0,0,0,0,0,0,3.64689542202394,22,49.12,-123.06,1,0,0.978020319015976,0.0219796809840245,0,0,"WC"
"Birkenhead","Sockeye",1984,470361,23226,0,0,0,0,0,0.0125818254489637,0.739072754756453,0.184388161433452,0,0,0.000255123192611632,0.0579512332017323,0.00575090196678721,0,0,0,0,0,0,0,0,0,0,3.00822814416051,22,49.12,-123.06,1,0,0.936042741638869,0.0639572583611311,0,0,"WC"
"Birkenhead","Sockeye",1985,245842,5757,0,0,0,0,0,0.0497311281229407,0.501167416470741,0.378690378373101,0,0,0.00346157288014253,0.0620235761179945,0.00492592803507944,0,0,0,0,0,0,0,0,0,0,3.75427254746806,22,49.12,-123.06,1,0,0.929588922966784,0.0704110770332165,0,0,"WC"
"Birkenhead","Sockeye",1986,1211967,197841,0,0,0,0,0,0.0198181963700332,0.717204346322961,0.260156423400967,0,0,0.000461233680454996,0.0023598002255837,0,0,0,0,0,0,0,0,0,0,0,1.81253626074585,22,49.12,-123.06,1,0,0.997178966093961,0.0028210339060387,0,0,"WC"
"Birkenhead","Sockeye",1987,999898,89492,0,0,0,0,0,0.0056715785010071,0.698371233865854,0.279626521905234,0,0,0.00118512088233,0.00379938753752883,0.0113461573080454,0,0,0,0,0,0,0,0,0,0,2.41350403796895,22,49.12,-123.06,1,0,0.983669334272096,0.0163306657279042,0,0,"WC"
"Birkenhead","Sockeye",1988,927715,75537,0,0,0,0,0,0.0318061042453771,0.216363861746334,0.716516387036967,0,0,0.00161795378968757,0.0295306209342309,0.00416507224740357,0,0,0,0,0,0,0,0,0,0,2.50810197111176,22,49.12,-123.06,1,0,0.964686353028678,0.035313646971322,0,0,"WC"
"Birkenhead","Sockeye",1989,1147929,15690,0,0,0,0,0,0.0317397678776301,0.814667980336763,0.151540731177625,0,0,0.00102880927304737,0.00102271133493448,0,0,0,0,0,0,0,0,0,0,0,4.29269116153209,22,49.12,-123.06,1,0,0.997948479392018,0.00205152060798185,0,0,"WC"
"Birkenhead","Sockeye",1990,238613,97108,0,0,0,0,0,0.0426590336653912,0.83988299044897,0.104638054087581,0,0,0,0.0128199217980579,0,0,0,0,0,0,0,0,0,0,0,0.899019231479604,22,49.12,-123.06,1,0,0.987180078201942,0.0128199217980579,0,0,"WC"
"Birkenhead","Sockeye",1991,122385,152077,0,0,0,0,0,0.00199370837929485,0.451607631654206,0.504522613065327,0,0,0.00151979409241329,0.0263267557298689,0.0140294970788904,0,0,0,0,0,0,0,0,0,0,-0.217215157976973,22,49.12,-123.06,1,0,0.958123953098827,0.0418760469011725,0,0,"WC"
"Birkenhead","Sockeye",1992,99182,93445,0,0,0,0,0,0.0355104756911536,0.480540823939828,0.469470266782279,0,0,0.00126030933032203,0.00438587646952068,0.00883224778689682,0,0,0,0,0,0,0,0,0,0,0.0595835182913224,22,49.12,-123.06,1,0,0.98552156641326,0.0144784335867395,0,0,"WC"
"Birkenhead","Sockeye",1993,575880,151089,0,0,0,0,0,0.0151350975897756,0.31292630409113,0.660141001597555,0,0,0,0.00760575119816628,0.00419184552337293,0,0,0,0,0,0,0,0,0,0,1.33803023850002,22,49.12,-123.06,1,0,0.988202403278461,0.0117975967215392,0,0,"WC"
"Birkenhead","Sockeye",1994,67413,22315,0,0,0,0,0,0.0152492842626793,0.324848323023749,0.603533443104446,0,0,0.000103837538753653,0.0562651120703722,0,0,0,0,0,0,0,0,0,0,0,1.10557877957667,22,49.12,-123.06,1,0,0.943631050390874,0.0563689496091258,0,0,"WC"
"Birkenhead","Sockeye",1995,170525,18407,0,0,0,0,0,0.00285002199091042,0.826981381029175,0.170045447881542,0,0,0.000123149098372673,0,0,0,0,0,0,0,0,0,0,0,0,2.2261508864902,22,49.12,-123.06,1,0,0.999876850901627,0.000123149098372673,0,0,"WC"
"Birkenhead","Sockeye",1996,78931,27824,0,0,0,0,0,0.00915989915242427,0.431946890321927,0.526016394065703,0,0,0,0.032876816459946,0,0,0,0,0,0,0,0,0,0,0,1.04267509548207,22,49.12,-123.06,1,0,0.967123183540054,0.032876816459946,0,0,"WC"
"Birkenhead","Sockeye",1997,30582,23274,0,0,0,0,0,0,0.593976849126937,0.333529527172847,0,0,0,0.0724936237002158,0,0,0,0,0,0,0,0,0,0,0,0.273074742900075,22,49.12,-123.06,1,0,0.927506376299784,0.0724936237002158,0,0,"WC"
"Birkenhead","Sockeye",1998,619321,173098,0,0,0,0,0,0.000447264019789415,0.344446579399052,0.650746543391876,0,0,0,0.00282890455837926,0.00153070863090384,0,0,0,0,0,0,0,0,0,0,1.2747658085211,22,49.12,-123.06,1,0,0.995640386810717,0.0043596131892831,0,0,"WC"
"Birkenhead","Sockeye",1999,83528,26220,0,0,0,0,0,0,0.566408868882291,0.431316444784982,0,0,0,0.00227468633272675,0,0,0,0,0,0,0,0,0,0,0,1.15865942665226,22,49.12,-123.06,1,0,0.997725313667273,0.00227468633272675,0,0,"WC"
"Birkenhead","Sockeye",2000,101965,8333,0,0,0,0,0,0.00639435100279508,0.624822242926494,0.368783406070711,0,0,0,0,0,0,0,0,0,0,0,0,0,0,0,2.50440608174424,22,49.12,-123.06,1,0,1,0,0,0,"WC"
"Birkenhead","Sockeye",2001,191674,28361,0,0,0,0,0,0.000292162734643196,0.576056220457652,0.423651616807705,0,0,0,0,0,0,0,0,0,0,0,0,0,0,0,1.91078105029371,22,49.12,-123.06,1,0,1,0,0,0,"WC"
"Birkenhead","Sockeye",2002,634125,107481,0,0.000539325842696629,0,0,0,0.00141612458111571,0.792559826532624,0.204902818844865,0,0,0,0,0.000581904198698995,0,0,0,0,0,0,0,0,0,0,1.77493200812628,22,49.12,-123.06,1,0.000539325842696629,0.998878769958604,0.000581904198698995,0,0,"WC"
"Birkenhead","Sockeye",2003,13338,152657,0,0,0,0,0,0.00599790073474284,0.454640875693507,0.525566051881841,0,0,0,0.0137951716899085,0,0,0,0,0,0,0,0,0,0,0,-2.43757647045395,22,49.12,-123.06,1,0,0.986204828310091,0.0137951716899085,0,0,"WC"
"Birkenhead","Sockeye",2004,77365,17516,0,0,0,0,0,0.000607509855877981,0.600878950429781,0.398513539714341,0,0,0,0,0,0,0,0,0,0,0,0,0,0,0,1.48541973300248,22,49.12,-123.06,1,0,1,0,0,0,"WC"
"Birkenhead","Sockeye",2005,94135,27117,0,0,0,0,0,0.00383491793700536,0.353980984755936,0.628161682689754,0,0,0,0.00517342115047538,0.00884899346682955,0,0,0,0,0,0,0,0,0,0,1.24456908469229,22,49.12,-123.06,1,0,0.985977585382695,0.0140224146173049,0,0,"WC"
"Birkenhead","Sockeye",2006,443604,137365,0,0,0,0,0,0.000439581248140233,0.569025527272071,0.414782102956691,0,0,0,0.014941253911146,0,0,0,0,0.0008115346119512,0,0,0,0,0,0,1.17229065594249,22,49.12,-123.06,1,0,0.984247211476903,0.014941253911146,0.0008115346119512,0,"WC"
"Birkenhead","Sockeye",2007,241453,54290,0,0,0,0,0,0.00084902651861853,0.769027512600796,0.215859815367794,0.000911150410224764,0,0.000157380525402459,0.00819207050647538,0.00500304407068871,0,0,0,0,0,0,0,0,0,0,1.4923347892577,22,49.12,-123.06,1,0,0.986647504897433,0.0133524951025665,0,0,"WC"
"Birkenhead","Sockeye",2008,90429,6788,0,0,0,0,0,0.0129051521082838,0.566997312808944,0.403576286368311,0.00243284786959935,0,0,0.0116555529752624,0.00243284786959935,0,0,0,0,0,0,0,0,0,0,2.58940866504215,22,49.12,-123.06,1,0,0.985911599155138,0.0140884008448617,0,0,"WC"
"Birkenhead","Sockeye",2009,130576,34475,0,0,0,0,0,0.00232048768533268,0.438380713147899,0.554236613160152,0,0,0,0.00506218600661684,0,0,0,0,0,0,0,0,0,0,0,1.33172100904752,22,49.12,-123.06,1,0,0.994937813993383,0.00506218600661684,0,0,"WC"
"Birkenhead","Sockeye",2010,37917,67762,0,0,0,0,0,0.00102856238626474,0.806445657620592,0.16641611941873,0,0,0,0.0155339293720495,0.0105757312023631,0,0,0,0,0,0,0,0,0,0,-0.58060200551372,22,49.12,-123.06,1,0,0.973890339425587,0.0261096605744125,0,0,"WC"
"Birkenhead","Sockeye",2011,91323,92420,0,0,0,0,0,0.00294558873449186,0.616712109764243,0.3656253079728,0,0,0,0.0147169935284649,0,0,0,0,0,0,0,0,0,0,0,-0.0119407328089551,22,49.12,-123.06,1,0,0.985283006471535,0.0147169935284649,0,0,"WC"
"Birkenhead","Sockeye",2012,26419,2549,0,0,0,0,0,0.00336878761497407,0.659676747795147,0.336500246035051,0,0,0.000454218554827965,0,0,0,0,0,0,0,0,0,0,0,0,2.33838232287032,22,49.12,-123.06,1,0,0.999545781445172,0.000454218554827965,0,0,"WC"
"Birkenhead","Sockeye",2013,42184,46795,0,0,0,0,0,0.000853404134268917,0.346410961501991,0.650483595676086,0,0,0,0.00225203868765409,0,0,0,0,0,0,0,0,0,0,0,-0.103735357381051,22,49.12,-123.06,1,0,0.997747961312346,0.00225203868765409,0,0,"WC"
"Birkenhead","Sockeye",2014,11626,19612,0,0,0,0,0,0.000688112850507483,0.717271632547738,0.276879408222949,0.00516084637880612,0,0,0,0,0,0,0,0,0,0,0,0,0,0,-0.522897654509828,22,49.12,-123.06,1,0,1,0,0,0,"WC"
"Birkenhead","Sockeye",2015,1652,26687,0,0,0,0,0,0.00665859564164649,0.63680387409201,0.196125907990315,0,0,0,0.160411622276029,0,0,0,0,0,0,0,0,0,0,0,-2.78218988035155,22,49.12,-123.06,1,0,0.839588377723971,0.160411622276029,0,0,"WC"
"Bowron","Sockeye",1950,75548,7352,0,0,0,0,0,0.00728013977868375,0.865211521152115,0.127508339069201,0,0,0,0,0,0,0,0,0,0,0,0,0,0,0,2.32979583078021,16,49.12,-123.06,1,0,1,0,0,0,"WC"
"Bowron","Sockeye",1951,103821,10254,0,0,0,0,0,0.00364088190250527,0.996359118097495,0,0,0,0,0,0,0,0,0,0,0,0,0,0,0,0,2.31500038904667,16,49.12,-123.06,1,0,1,0,0,0,"WC"
"Bowron","Sockeye",1952,43304,8632,0,0,0,0,0,0.000184740439682246,0.854239793090708,0.14557546646961,0,0,0,0,0,0,0,0,0,0,0,0,0,0,0,1.61276878153884,16,49.12,-123.06,1,0,1,0,0,0,"WC"
"Bowron","Sockeye",1953,75579,5741,0,0,0,0,0,3.96935656730044e-05,0.934108680982813,0.0658516254515143,0,0,0,0,0,0,0,0,0,0,0,0,0,0,0,2.57754505563482,16,49.12,-123.06,1,0,1,0,0,0,"WC"
"Bowron","Sockeye",1954,66916,4566,0,0,0,0,0,0.00974355908900711,0.941045489867894,0.0492109510430988,0,0,0,0,0,0,0,0,0,0,0,0,0,0,0,2.68480055336143,16,49.12,-123.06,1,0,1,0,0,0,"WC"
"Bowron","Sockeye",1955,96955,4472,0,0,0,0,0,0.000443504718683926,0.955319478108401,0.0442370171729153,0,0,0,0,0,0,0,0,0,0,0,0,0,0,0,3.07641121748178,16,49.12,-123.06,1,0,1,0,0,0,"WC"
"Bowron","Sockeye",1956,38484,3639,0,0,0,0,0,0,0.716817378650868,0.264005820600769,0,0,0,0.019176800748363,0,0,0,0,0,0,0,0,0,0,0,2.358533651869,16,49.12,-123.06,1,0,0.980823199251637,0.019176800748363,0,0,"WC"
"Bowron","Sockeye",1957,41966,6416,0,0,0,0,0,0,0.97717199637802,0.0228280036219797,0,0,0,0,0,0,0,0,0,0,0,0,0,0,0,1.87806489606829,16,49.12,-123.06,1,0,1,0,0,0,"WC"
"Bowron","Sockeye",1958,18155,8308,0,0,0,0,0,0.00236849352795373,0.988432938584412,0.00919856788763426,0,0,0,0,0,0,0,0,0,0,0,0,0,0,0,0.781727098852433,16,49.12,-123.06,1,0,1,0,0,0,"WC"
"Bowron","Sockeye",1959,61865,14614,0,0,0,0,0,0.000177806514184111,0.91253535924998,0.0872868342358361,0,0,0,0,0,0,0,0,0,0,0,0,0,0,0,1.44297461829691,16,49.12,-123.06,1,0,1,0,0,0,"WC"
"Bowron","Sockeye",1960,17733,3525,0,0,0,0,0,0.000225568149777251,0.974341622962838,0.0254328088873851,0,0,0,0,0,0,0,0,0,0,0,0,0,0,0,1.61554687424611,16,49.12,-123.06,1,0,1,0,0,0,"WC"
"Bowron","Sockeye",1961,28148,3680,0,0,0,0,0,0,0.953353701861589,0.0466462981384113,0,0,0,0,0,0,0,0,0,0,0,0,0,0,0,2.03456355192346,16,49.12,-123.06,1,0,1,0,0,0,"WC"
"Bowron","Sockeye",1962,21327,3219,0,0,0,0,0,0.000281333520889014,0.882543255028837,0.117175411450274,0,0,0,0,0,0,0,0,0,0,0,0,0,0,0,1.89090312329878,16,49.12,-123.06,1,0,1,0,0,0,"WC"
"Bowron","Sockeye",1963,214316,11467,0,0,0,0,0,0.000130648201720823,0.956405494690084,0.0434638571081954,0,0,0,0,0,0,0,0,0,0,0,0,0,0,0,2.92797821632554,16,49.12,-123.06,1,0,1,0,0,0,"WC"
"Bowron","Sockeye",1964,27507,690,0,0,0,0,0,0,0.92398298614898,0.0760170138510197,0,0,0,0,0,0,0,0,0,0,0,0,0,0,0,3.68550419912671,16,49.12,-123.06,1,0,1,0,0,0,"WC"
"Bowron","Sockeye",1965,17849,1170,0,0,0,0,0,0.00280127738248641,0.939548434085943,0.0576502885315704,0,0,0,0,0,0,0,0,0,0,0,0,0,0,0,2.72494373543771,16,49.12,-123.06,1,0,1,0,0,0,"WC"
"Bowron","Sockeye",1966,22249,1151,0,0,0,0,0,0,0.952672030203605,0.0473279697963953,0,0,0,0,0,0,0,0,0,0,0,0,0,0,0,2.96166593404228,16,49.12,-123.06,1,0,1,0,0,0,"WC"
"Bowron","Sockeye",1967,206494,13991,0,0,0,0,0,0.00060050170949277,0.938802095944676,0.0605974023458309,0,0,0,0,0,0,0,0,0,0,0,0,0,0,0,2.69185709053774,16,49.12,-123.06,1,0,1,0,0,0,"WC"
"Bowron","Sockeye",1968,44642,1710,0,0,0,0,0,0,0.83761928229022,0.137762645042785,0,0,0,0.0246180726669952,0,0,0,0,0,0,0,0,0,0,0,3.26218174942225,16,49.12,-123.06,1,0,0.975381927333005,0.0246180726669952,0,0,"WC"
"Bowron","Sockeye",1969,17211,1936,0,0,0,0,0,0,0.929812329324269,0.0701876706757306,0,0,0,0,0,0,0,0,0,0,0,0,0,0,0,2.18492472543346,16,49.12,-123.06,1,0,1,0,0,0,"WC"
"Bowron","Sockeye",1970,16197,497,0,0,0,0,0,0.0229054763227758,0.977094523677224,0,0,0,0,0,0,0,0,0,0,0,0,0,0,0,0,3.48399129278977,16,49.12,-123.06,1,0,1,0,0,0,"WC"
"Bowron","Sockeye",1971,124507,10761,0,0,0,0,0,0,0.997221039780896,0.00277896021910415,0,0,0,0,0,0,0,0,0,0,0,0,0,0,0,2.44843345200555,16,49.12,-123.06,1,0,1,0,0,0,"WC"
"Bowron","Sockeye",1972,16971,1969,0,0,0,0,0,0,0.993459430793707,0.00654056920629309,0,0,0,0,0,0,0,0,0,0,0,0,0,0,0,2.15398020537214,16,49.12,-123.06,1,0,1,0,0,0,"WC"
"Bowron","Sockeye",1973,10662,2012,0,0,0,0,0,0,0.988369911836428,0.0116300881635716,0,0,0,0,0,0,0,0,0,0,0,0,0,0,0,1.66755676616308,16,49.12,-123.06,1,0,1,0,0,0,"WC"
"Bowron","Sockeye",1974,17431,1046,0,0,0,0,0,0,0.900808903677356,0.0991910963226436,0,0,0,0,0,0,0,0,0,0,0,0,0,0,0,2.81327686459,16,49.12,-123.06,1,0,1,0,0,0,"WC"
"Bowron","Sockeye",1975,122780,14735,0,0,0,0,0,0.000993647173806809,0.991545854373676,0.00516370744420915,0,0,0,0.00229679100830754,0,0,0,0,0,0,0,0,0,0,0,2.12016851980969,16,49.12,-123.06,1,0,0.997703208991692,0.00229679100830754,0,0,"WC"
"Bowron","Sockeye",1976,7112,1069,0,0,0,0,0,0,1,0,0,0,0,0,0,0,0,0,0,0,0,0,0,0,0,1.8950598661687,16,49.12,-123.06,1,0,1,0,0,0,"WC"
"Bowron","Sockeye",1977,15396,1214,0,0,0,0,0,0,0.38159262146012,0.61840737853988,0,0,0,0,0,0,0,0,0,0,0,0,0,0,0,2.54018704278419,16,49.12,-123.06,1,0,1,0,0,0,"WC"
"Bowron","Sockeye",1978,40627,1678,0,0,0,0,0,0,0.982179338863318,0.0178206611366825,0,0,0,0,0,0,0,0,0,0,0,0,0,0,0,3.18683026216232,16,49.12,-123.06,1,0,1,0,0,0,"WC"
"Bowron","Sockeye",1979,29984,16178,0,0,0,0,0,0,0.524079509071505,0.475920490928495,0,0,0,0,0,0,0,0,0,0,0,0,0,0,0,0.617011611460251,16,49.12,-123.06,1,0,1,0,0,0,"WC"
"Bowron","Sockeye",1980,45170,1376,0,0,0,0,0,0,0.871839716626079,0.128160283373921,0,0,0,0,0,0,0,0,0,0,0,0,0,0,0,3.49125241015536,16,49.12,-123.06,1,0,1,0,0,0,"WC"
"Bowron","Sockeye",1981,16532,562,0,0,0,0,0,0,0.890636341640455,0.109363658359545,0,0,0,0,0,0,0,0,0,0,0,0,0,0,0,3.38155132573793,16,49.12,-123.06,1,0,1,0,0,0,"WC"
"Bowron","Sockeye",1982,5277,990,0,0,0,0,0,0,0.581011938601478,0.418988061398522,0,0,0,0,0,0,0,0,0,0,0,0,0,0,0,1.67340809027703,16,49.12,-123.06,1,0,1,0,0,0,"WC"
"Bowron","Sockeye",1983,38556,3484,0,0,0,0,0,0.000440917107583774,0.949190787426082,0.0398122211847702,0,0,0,0.0105560742815645,0,0,0,0,0,0,0,0,0,0,0,2.40393067093147,16,49.12,-123.06,1,0,0.989443925718436,0.0105560742815645,0,0,"WC"
"Bowron","Sockeye",1984,50603,4909,0,0,0,0,0,0.000237140090508468,0.883583977234551,0.11617888267494,0,0,0,0,0,0,0,0,0,0,0,0,0,0,0,2.33294060799756,16,49.12,-123.06,1,0,1,0,0,0,"WC"
"Bowron","Sockeye",1985,19177,3030,0,0,0,0,0,0,0.857746258538875,0.142253741461125,0,0,0,0,0,0,0,0,0,0,0,0,0,0,0,1.8451490247701,16,49.12,-123.06,1,0,1,0,0,0,"WC"
"Bowron","Sockeye",1986,21198,1396,0,0,0,0,0,0,0.969997169544297,0.0300028304557034,0,0,0,0,0,0,0,0,0,0,0,0,0,0,0,2.72029583326488,16,49.12,-123.06,1,0,1,0,0,0,"WC"
"Bowron","Sockeye",1987,22592,5660,0,0,0,0,0,0.00584277620396601,0.804311260623229,0.189845963172805,0,0,0,0,0,0,0,0,0,0,0,0,0,0,0,1.38417196909574,16,49.12,-123.06,1,0,1,0,0,0,"WC"
"Bowron","Sockeye",1988,13050,7405,0,0,0,0,0,0,0.894176245210728,0.105823754789272,0,0,0,0,0,0,0,0,0,0,0,0,0,0,0,0.56663268604894,16,49.12,-123.06,1,0,1,0,0,0,"WC"
"Bowron","Sockeye",1989,12842,1367,0,0,0,0,0,0,0.385064631677309,0.614935368322691,0,0,0,0,0,0,0,0,0,0,0,0,0,0,0,2.24010249163004,16,49.12,-123.06,1,0,1,0,0,0,"WC"
"Bowron","Sockeye",1990,31130,5065,0,0,0,0,0,0,0.605428846771603,0.394571153228397,0,0,0,0,0,0,0,0,0,0,0,0,0,0,0,1.81581784675287,16,49.12,-123.06,1,0,1,0,0,0,"WC"
"Bowron","Sockeye",1991,48807,2460,0,0,0,0,0,0.0023357305304567,0.974081586657652,0.0221894400393386,0,0,0,0.00139324277255312,0,0,0,0,0,0,0,0,0,0,0,2.98771239525087,16,49.12,-123.06,1,0,0.998606757227447,0.00139324277255312,0,0,"WC"
"Bowron","Sockeye",1992,12883,1117,0,0,0,0,0,0.0010867034075914,0.819374369323915,0.179538927268493,0,0,0,0,0,0,0,0,0,0,0,0,0,0,0,2.44526209272232,16,49.12,-123.06,1,0,1,0,0,0,"WC"
"Bowron","Sockeye",1993,20467,592,0,0,0,0,0,0,0.828699858308497,0.171300141691503,0,0,0,0,0,0,0,0,0,0,0,0,0,0,0,3.54306247709544,16,49.12,-123.06,1,0,1,0,0,0,"WC"
"Bowron","Sockeye",1994,10849,1845,0,0,0,0,0,0,0.621531938427505,0.378468061572495,0,0,0,0,0,0,0,0,0,0,0,0,0,0,0,1.77159363234782,16,49.12,-123.06,1,0,1,0,0,0,"WC"
"Bowron","Sockeye",1995,27391,13467,0,0,0,0,0,0.00146033368624731,0.916067321382936,0.0824723449308167,0,0,0,0,0,0,0,0,0,0,0,0,0,0,0,0.709972243815684,16,49.12,-123.06,1,0,1,0,0,0,"WC"
"Bowron","Sockeye",1996,26776,4055,0,0,0,0,0,0,0.772893636092023,0.227106363907977,0,0,0,0,0,0,0,0,0,0,0,0,0,0,0,1.88755527634165,16,49.12,-123.06,1,0,1,0,0,0,"WC"
"Bowron","Sockeye",1997,5024,2119,0,0,0,0,0,0,0.265724522292994,0.734275477707006,0,0,0,0,0,0,0,0,0,0,0,0,0,0,0,0.863282149879736,16,49.12,-123.06,1,0,1,0,0,0,"WC"
"Bowron","Sockeye",1998,17001,2830,0,0,0,0,0,0,0.66301982236339,0.33698017763661,0,0,0,0,0,0,0,0,0,0,0,0,0,0,0,1.79299545420045,16,49.12,-123.06,1,0,1,0,0,0,"WC"
"Bowron","Sockeye",1999,19734,3295,0,0,0,0,0,0,1,0,0,0,0,0,0,0,0,0,0,0,0,0,0,0,0,1.7899368684805,16,49.12,-123.06,1,0,1,0,0,0,"WC"
"Bowron","Sockeye",2000,25283,6720,0,0,0,0,0,0,0.944785033421667,0.0552149665783333,0,0,0,0,0,0,0,0,0,0,0,0,0,0,0,1.32504407858884,16,49.12,-123.06,1,0,1,0,0,0,"WC"
"Bowron","Sockeye",2001,6825,2752,0,0,0,0,0,0,0.64952380952381,0.35047619047619,0,0,0,0,0,0,0,0,0,0,0,0,0,0,0,0.908264420999926,16,49.12,-123.06,1,0,1,0,0,0,"WC"
"Bowron","Sockeye",2002,7674,4505,0,0,0,0,0,0,0.948527495439145,0.0514725045608548,0,0,0,0,0,0,0,0,0,0,0,0,0,0,0,0.532650100764459,16,49.12,-123.06,1,0,1,0,0,0,"WC"
"Bowron","Sockeye",2003,3822,3038,0,0,0.00784929356357928,0,0,0,0.968602825745683,0.0235478806907378,0,0,0,0,0,0,0,0,0,0,0,0,0,0,0,0.2295744416445,16,49.12,-123.06,1,0.00784929356357928,0.992150706436421,0,0,0,"WC"
"Bowron","Sockeye",2004,6101,458,0,0.00491722668415014,0,0,0,0,0.493033928864121,0.502048844451729,0,0,0,0,0,0,0,0,0,0,0,0,0,0,0,2.58933878703767,16,49.12,-123.06,1,0.00491722668415014,0.99508277331585,0,0,0,"WC"
"Bowron","Sockeye",2005,2369,866,0,0,0,0,0,0,0.852680455888561,0.147319544111439,0,0,0,0,0,0,0,0,0,0,0,0,0,0,0,1.00633829559635,16,49.12,-123.06,1,0,1,0,0,0,"WC"
"Bowron","Sockeye",2006,16359,636,0,0,0.00709089797664894,0,0,0,0.824439146647106,0.168469955376245,0,0,0,0,0,0,0,0,0,0,0,0,0,0,0,3.24733492025405,16,49.12,-123.06,1,0.00709089797664894,0.992909102023351,0,0,0,"WC"
"Bowron","Sockeye",2007,8366,1075,0,0,0,0,0,0,0.99772890270141,0.00227109729858953,0,0,0,0,0,0,0,0,0,0,0,0,0,0,0,2.05185521144038,16,49.12,-123.06,1,0,1,0,0,0,"WC"
"Bowron","Sockeye",2008,768,275,0,0,0,0,0,0,0.27734375,0.72265625,0,0,0,0,0,0,0,0,0,0,0,0,0,0,0,1.0270186354811,16,49.12,-123.06,1,0,1,0,0,0,"WC"
"Bowron","Sockeye",2009,5851,843,0,0,0,0,0,0,0.84515467441463,0.15484532558537,0,0,0,0,0,0,0,0,0,0,0,0,0,0,0,1.93740090778638,16,49.12,-123.06,1,0,1,0,0,0,"WC"
"Bowron","Sockeye",2010,24905,4095,0,0.00148564545272034,0,0,0,0.00132503513350733,0.87789600481831,0.119293314595463,0,0,0,0,0,0,0,0,0,0,0,0,0,0,0,1.80530186922021,16,49.12,-123.06,1,0.00148564545272034,0.99851435454728,0,0,0,"WC"
"Bowron","Sockeye",2011,5321,2037,0,0,0,0,0,0,0.988723924074422,0.0112760759255779,0,0,0,0,0,0,0,0,0,0,0,0,0,0,0,0.960183118369563,16,49.12,-123.06,1,0,1,0,0,0,"WC"
"Bowron","Sockeye",2012,333,30,0,0,0,0,0,0.159159159159159,0.657657657657658,0.183183183183183,0,0,0,0,0,0,0,0,0,0,0,0,0,0,0,2.40694510831829,16,49.12,-123.06,1,0,1,0,0,0,"WC"
"Bowron","Sockeye",2013,444,1924,0,0,0,0,0,0,0.689189189189189,0.310810810810811,0,0,0,0,0,0,0,0,0,0,0,0,0,0,0,-1.46633706879343,16,49.12,-123.06,1,0,1,0,0,0,"WC"
"Bowron","Sockeye",2014,19783,6252,0,0,0,0,0,0,0.982004751554365,0.0179952484456351,0,0,0,0,0,0,0,0,0,0,0,0,0,0,0,1.15192157048672,16,49.12,-123.06,1,0,1,0,0,0,"WC"
"Bowron","Sockeye",2015,214,2211,0,0,0,0,0,0,0.546728971962617,0.453271028037383,0,0,0,0,0,0,0,0,0,0,0,0,0,0,0,-2.33522416583559,16,49.12,-123.06,1,0,1,0,0,0,"WC"
"Chilko","Sockeye",1950,205875,6555,0,0,0,0,0,0.00723254401942927,0.890239222829387,0.0228536733454766,0,0,0.00463387978142077,0.0750406800242866,0,0,0,0,0,0,0,0,0,0,0,3.44704107128214,19,49.12,-123.06,1,0,0.920325440194293,0.0796745598057073,0,0,"WC"
"Chilko","Sockeye",1951,752327,57563,0,0,0,0,0,0.00521714626751399,0.857221660262093,0.027598371452839,0,0,0.00665136303761529,0.0985143428323056,0.00479711614763261,0,0,0,0,0,0,0,0,0,0,2.57029106967123,19,49.12,-123.06,1,0,0.890037177982446,0.109962822017554,0,0,"WC"
"Chilko","Sockeye",1952,1858476,233628,0,0,0,0,0,0.0100792262046968,0.949126596200328,0.019357258312725,0,0,6.13405822835485e-05,0.0208950774720793,0.000480501227887796,0,0,0,0,0,0,0,0,0,0,2.07378196922912,19,49.12,-123.06,1,0,0.978563080717749,0.0214369192822506,0,0,"WC"
"Chilko","Sockeye",1953,619456,94471,0,0,0,0,0,0.001891982642835,0.830654638908978,0.0226069325343527,0,0,0.00416978768467817,0.13941587457382,0.0012607836553363,0,0,0,0,0,0,0,0,0,0,1.88054876443059,19,49.12,-123.06,1,0,0.855153554086166,0.144846445913834,0,0,"WC"
"Chilko","Sockeye",1954,712749,21247,0,0,0,0,0,0.0171645277650337,0.886892861301805,0.00619432647397611,0,0,0.0039901844828965,0.0826251597687264,0.00313294020756255,0,0,0,0,0,0,0,0,0,0,3.51291361584181,19,49.12,-123.06,1,0,0.910251715540815,0.0897482844591855,0,0,"WC"
"Chilko","Sockeye",1955,1513275,75834,0,0,0,0,0,0.021422411656837,0.930407890171978,0.020492640134807,0,0,0.000907303695627034,0.026769754340751,0,0,0,0,0,0,0,0,0,0,0,2.99348471447581,19,49.12,-123.06,1,0,0.972322941963622,0.0276770580363781,0,0,"WC"
"Chilko","Sockeye",1956,2435670,368607,0,0,0,0,0,0.00570890145216717,0.977083923520017,0.00684986061330147,0,0,3.07923487171907e-05,0.0103265220657971,0,0,0,0,0,0,0,0,0,0,0,1.88824611584157,19,49.12,-123.06,1,0,0.989642685585486,0.0103573144145143,0,0,"WC"
"Chilko","Sockeye",1957,138228,83128,0,0,0,0,0,0.000549816245623173,0.849046502879301,0.0227812020719391,0,0,0.000455768729924473,0.127166710073212,0,0,0,0,0,0,0,0,0,0,0,0.508522907182024,19,49.12,-123.06,1,0,0.872377521196863,0.127622478803137,0,0,"WC"
"Chilko","Sockeye",1958,433371,70433,0,0,0,0,0,0.00935687897898106,0.642221099242912,0.0314118849669221,0,0,0.00394811835586599,0.301314578040524,0.0117474404147947,0,0,0,0,0,0,0,0,0,0,1.81693227074581,19,49.12,-123.06,1,0,0.682989863188815,0.317010136811185,0,0,"WC"
"Chilko","Sockeye",1959,2212583,272891,0,0,0,0,0,0.0107530429366944,0.940302352499319,0.00843312996619788,0,0,0.000574893687604036,0.0399365809101851,0,0,0,0,0,0,0,0,0,0,0,2.0928434422455,19,49.12,-123.06,1,0,0.959488525402211,0.0405114745977891,0,0,"WC"
"Chilko","Sockeye",1960,1053335,244864,0,0,0,0,0,0.0051949284890372,0.910324825435403,0.0056772062069522,0,0,0.000992087037836966,0.0778109528307708,0,0,0,0,0,0,0,0,0,0,0,1.45901364581234,19,49.12,-123.06,1,0,0.921196960131392,0.0788030398686078,0,0,"WC"
"Chilko","Sockeye",1961,69453,15038,0,0,0,0,0,0.00368594589146617,0.758973694440845,0.166774653362706,0,0,0.00588887449066275,0.0646768318143205,0,0,0,0,0,0,0,0,0,0,0,1.53006993385585,19,49.12,-123.06,1,0,0.929434293695017,0.0705657063049832,0,0,"WC"
"Chilko","Sockeye",1962,985562,42125,0,0,0,0,0,0.0108131198240192,0.974681450786455,0.0137809696396574,0,0,0,0.000706196058695445,1.82636911731581e-05,0,0,0,0,0,0,0,0,0,0,3.15257064816865,19,49.12,-123.06,1,0,0.999275540250131,0.000724459749868603,0,0,"WC"
"Chilko","Sockeye",1963,1206303,57207,0,0,0,0,0,0.0311522063693782,0.922538533021969,0.0033532205424342,0,0,0.00329187608751698,0.0389669925383589,0.000697171440342932,0,0,0,0,0,0,0,0,0,0,3.04863932099119,19,49.12,-123.06,1,0,0.957043959933781,0.0429560400662189,0,0,"WC"
"Chilko","Sockeye",1964,2040082,131590,0,0,0,0,0,0.00355475907340979,0.891592102670383,0.0273567435034474,0,0,0.000658306871978675,0.0768380878807813,0,0,0,0,0,0,0,0,0,0,0,2.7410542539468,19,49.12,-123.06,1,0,0.92250360524724,0.0774963947527599,0,0,"WC"
"Chilko","Sockeye",1965,158944,20813,0,0,0,0,0,0.0112429534930542,0.871722115965371,0.0148479967787397,0,0,0.0112114958727602,0.0909754378900745,0,0,0,0,0,0,0,0,0,0,0,2.03297414744883,19,49.12,-123.06,1,0,0.897813066237165,0.102186933762835,0,0,"WC"
"Chilko","Sockeye",1966,889200,107541,0,0,0,0,0,0.0297525865946919,0.837234592892488,0.0310796221322537,0,0,0.00166329284750337,0.100269905533063,0,0,0,0,0,0,0,0,0,0,0,2.11245001188621,19,49.12,-123.06,1,0,0.898066801619433,0.101933198380567,0,0,"WC"
"Chilko","Sockeye",1967,2004710,90006,0,0,0,0,0,0.0143332452075363,0.964393353652149,0.0116480687979808,0,0,0.00264377391243621,0.00698155842989759,0,0,0,0,0,0,0,0,0,0,0,3.10337835610073,19,49.12,-123.06,1,0,0.990374667657666,0.0096253323423338,0,0,"WC"
"Chilko","Sockeye",1968,2476069,181912,0,0,0,0,0,0.0189623148627926,0.948832605230307,0.00885476131723308,0,0,0.000447483490968951,0.0224472742883983,0.000455560810300521,0,0,0,0,0,0,0,0,0,0,2.61090444728298,19,49.12,-123.06,1,0,0.976649681410332,0.0233503185896677,0,0,"WC"
"Chilko","Sockeye",1969,402359,25519,0,0,0,0,0,0.0102545239450342,0.919462470082687,0.0393653428903044,0,0,0.000730690751294242,0.0301869723306798,0,0,0,0,0,0,0,0,0,0,0,2.75792145217067,19,49.12,-123.06,1,0,0.969082336918026,0.0309176630819741,0,0,"WC"
"Chilko","Sockeye",1970,694456,50923,0,0,0,0,0,0.0241555980508484,0.907251143340975,0.00156093402605781,0,0,0.00780899005840543,0.0592233345237135,0,0,0,0,0,0,0,0,0,0,0,2.61281411735547,19,49.12,-123.06,1,0,0.932967675417881,0.067032324582119,0,0,"WC"
"Chilko","Sockeye",1971,852842,97365,0,0,0,0,0,0.0689295320821442,0.867983753145366,0,0,0,0.0155034578503404,0.0475832569221497,0,0,0,0,0,0,0,0,0,0,0,2.17010749857628,19,49.12,-123.06,1,0,0.93691328522751,0.0630867147724901,0,0,"WC"
"Chilko","Sockeye",1972,2109574,332353,0,0,0,0,0,0.0202453196711753,0.923155575485856,0.0163179864749945,0,0,0.000620504424115959,0.0395819250711281,7.86888727297549e-05,0,0,0,0,0,0,0,0,0,0,1.84804365327642,19,49.12,-123.06,1,0,0.959718881632026,0.0402811183679738,0,0,"WC"
"Chilko","Sockeye",1973,248297,30231,0,0,0,0,0,0.0355823872217546,0.808608239326291,0.0274147492720411,0,0,0.0116513691264896,0.109719408611461,0.00702384644196265,0,0,0,0,0,0,0,0,0,0,2.10575772231608,19,49.12,-123.06,1,0,0.871605375820086,0.128394624179914,0,0,"WC"
"Chilko","Sockeye",1974,712467,71127,0,0,0,0,0,0.0371764586991397,0.900388368864804,0.00605221013745198,0,0,0.0053546339690119,0.0510283283295928,0,0,0,0,0,0,0,0,0,0,0,2.30426658372166,19,49.12,-123.06,1,0,0.943617037701395,0.0563829622986047,0,0,"WC"
"Chilko","Sockeye",1975,1513636,133782,0,0,0,0,0,0.0150769405590248,0.917663163402562,0.00487237354291256,0,0,0.0133651683760164,0.0487646963999271,0.00025765771955741,0,0,0,0,0,0,0,0,0,0,2.42605837287366,19,49.12,-123.06,1,0,0.937612477504499,0.0623875224955009,0,0,"WC"
"Chilko","Sockeye",1976,1699113,228326,0,0,0,0,0,0.00497730286331751,0.971650502350344,0.0148124344878769,0,0,0.000196573153168742,0.00836318714529287,0,0,0,0,0,0,0,0,0,0,0,2.00708719688182,19,49.12,-123.06,1,0,0.991440239701538,0.00855976029846161,0,0,"WC"
"Chilko","Sockeye",1977,199200,20385,0,0,0,0,0,0.0167971887550201,0.956460843373494,0.0137700803212851,0,0,0,0.0129718875502008,0,0,0,0,0,0,0,0,0,0,0,2.27951000887928,19,49.12,-123.06,1,0,0.987028112449799,0.0129718875502008,0,0,"WC"
"Chilko","Sockeye",1978,1265579,85570,0,0,0,0,0,0.00680795114331069,0.923714758225287,0.0614288005727023,0,0,0.000313690413636762,0.00773479964506364,0,0,0,0,0,0,0,0,0,0,0,2.69395024952541,19,49.12,-123.06,1,0,0.9919515099413,0.00804849005870041,0,0,"WC"
"Chilko","Sockeye",1979,1721513,147920,0,0,0,0,0,0.00543591596461949,0.938398954872836,0.0419433370529296,0,0,0.000796392475688537,0.00889217798529549,0.00453322164863118,0,0,0,0,0,0,0,0,0,0,2.45428724722507,19,49.12,-123.06,1,0,0.985778207890385,0.0142217921096152,0,0,"WC"
"Chilko","Sockeye",1980,4441927,293234,0,0,0,0,0,0.00281499448325018,0.882611082982678,0.106701663489742,0,0,9.32027923916805e-05,0.00724437839703354,0.000534677854903964,0,0,0,0,0,0,0,0,0,0,2.71787264519035,19,49.12,-123.06,1,0,0.992127740955671,0.00787225904432918,0,0,"WC"
"Chilko","Sockeye",1981,208706,20164,0,0,0,0,0,0.00825084089580558,0.865600413979474,0.021786628079691,0,0,0.0139861815184997,0.0903759355265301,0,0,0,0,0,0,0,0,0,0,0,2.33702772685057,19,49.12,-123.06,1,0,0.89563788295497,0.10436211704503,0,0,"WC"
"Chilko","Sockeye",1982,1599217,142515,0,0,0,0,0,0.0327810422225377,0.847885558995433,0.0823784389485605,0,0,0.000113805693661336,0.0359582220549181,0.000882932084889043,0,0,0,0,0,0,0,0,0,0,2.41782215611802,19,49.12,-123.06,1,0,0.963045040166531,0.0369549598334685,0,0,"WC"
"Chilko","Sockeye",1983,2119741,213715,0,0,0,0,0,0.0214535643741382,0.810160297885449,0.0171804008131182,0,0,0.00247341538423798,0.146657068009724,0.00207525353333261,0,0,0,0,0,0,0,0,0,0,2.29440583867189,19,49.12,-123.06,1,0,0.848794263072706,0.151205736927294,0,0,"WC"
"Chilko","Sockeye",1984,676358,283152,0,0,0,0,0,0.0164232551400294,0.740309126231966,0.00427288506974117,0,0,0.00288456704881143,0.22753186921719,0.00857829729226238,0,0,0,0,0,0,0,0,0,0,0.870738665731882,19,49.12,-123.06,1,0,0.761005266441736,0.238994733558264,0,0,"WC"
"Chilko","Sockeye",1985,572968,34979,0,0,0,0,0,0.00169293922173664,0.638843705058572,0.321832981946636,0,0,0.00272790103461275,0.0329198140210274,0.00198265871741528,0,0,0,0,0,0,0,0,0,0,2.79608198731555,19,49.12,-123.06,1,0,0.962369626226945,0.0376303737730554,0,0,"WC"
"Chilko","Sockeye",1986,4800439,165504,0,0,0,0,0,0.00996471364389799,0.919335919069069,0.0582352988966217,0,0,6.97852842208806e-05,0.0113458373286277,0.00104844577756326,0,0,0,0,0,0,0,0,0,0,3.36746728733792,19,49.12,-123.06,1,0,0.987535931609588,0.0124640683904118,0,0,"WC"
"Chilko","Sockeye",1987,4420836,268111,0,0,0,0,0,0.00261308042189305,0.912125217945203,0.0717011443084521,0,0,0.000195211946337752,0.0126923957369149,0.000672949641199085,0,0,0,0,0,0,0,0,0,0,2.80268302359163,19,49.12,-123.06,1,0,0.986439442675548,0.0135605573244518,0,0,"WC"
"Chilko","Sockeye",1988,3296360,206206,0,0,0,0,0,0.000818175199310755,0.903890048417042,0.0479052652016163,0,0,0.000241781844216044,0.047144729337815,0,0,0,0,0,0,0,0,0,0,0,2.77169843924324,19,49.12,-123.06,1,0,0.952613488817969,0.0473865111820311,0,0,"WC"
"Chilko","Sockeye",1989,3117371,42811,0,0,0,0,0,0.00379839294071832,0.967168809872165,0.0278895261423809,0,0,0,0.00114327104473609,0,0,0,0,0,0,0,0,0,0,0,4.2879502184754,19,49.12,-123.06,1,0,0.998856728955264,0.00114327104473609,0,0,"WC"
"Chilko","Sockeye",1990,2628585,497991,0,0,0,0,0,0.00504530003785307,0.917800261357346,0.0680004641280385,0,0,0.00179374073883858,0.00736023373792364,0,0,0,0,0,0,0,0,0,0,0,1.66361895299972,19,49.12,-123.06,1,0,0.990846025523238,0.00915397447676221,0,0,"WC"
"Chilko","Sockeye",1991,1382549,597537,0,0,0,0,0,0.00325124100483961,0.814946161040224,0.0928299828794495,0,0,0.00038841299657372,0.0885842020789137,0,0,0,0,0,0,0,0,0,0,0,0.838867969231771,19,49.12,-123.06,1,0,0.911027384924513,0.0889726150754874,0,0,"WC"
"Chilko","Sockeye",1992,1866349,319959,0,0,0,0,0,0.00201141372808623,0.950257963542724,0.0421968238523449,0,0,0.000328984557550597,0.00520481431929398,0,0,0,0,0,0,0,0,0,0,0,1.76354653241662,19,49.12,-123.06,1,0,0.994466201123155,0.00553379887684458,0,0,"WC"
"Chilko","Sockeye",1993,3963871,322298,0,0,0,0,0,0.00458465979341911,0.852926848527614,0.138416966646997,0,0,5.24739579062992e-05,0.00401905107406371,0,0,0,0,0,0,0,0,0,0,0,2.50949976863093,19,49.12,-123.06,1,0,0.99592847496803,0.00407152503197001,0,0,"WC"
"Chilko","Sockeye",1994,1419987,253976,0,0,0,0,0,0.007469082463431,0.937990981607578,0.0512096237500766,0,0,0.000129578651072158,0.00320073352784216,0,0,0,0,0,0,0,0,0,0,0,1.72116322125855,19,49.12,-123.06,1,0,0.996669687821086,0.00333031217891431,0,0,"WC"
"Chilko","Sockeye",1995,1274336,298027,0,0,0,0,0,0.00217995881776863,0.820275814227959,0.140475510383447,0,0,2.82500062777792e-05,0.0351461466991437,0.00189431986540441,0,0,0,0,0,0,0,0,0,0,1.4529964511956,19,49.12,-123.06,1,0,0.962931283429174,0.0370687165708259,0,0,"WC"
"Chilko","Sockeye",1996,1363890,504469,0,0,0,0,0,0.000263217708172946,0.862117912734898,0.116821004626473,0,0,0,0.0194700452382524,0.00132781969220392,0,0,0,0,0,0,0,0,0,0,0.994589799061605,19,49.12,-123.06,1,0,0.979202135069544,0.0207978649304563,0,0,"WC"
"Chilko","Sockeye",1997,885013,509298,0,0,0,0,0,0.00025084377291633,0.750134743783425,0.231199993672409,0,0,0,0.0184144187712497,0,0,0,0,0,0,0,0,0,0,0,0.552569027241302,19,49.12,-123.06,1,0,0.98158558122875,0.0184144187712497,0,0,"WC"
"Chilko","Sockeye",1998,536366,467624,0,0,0,0,0,0.0020210080430154,0.789975501802873,0.137594478397214,0,0,0,0.0647505621161669,0.0056584496407304,0,0,0,0,0,0,0,0,0,0,0.137152209665019,19,49.12,-123.06,1,0,0.929590988243103,0.0704090117568973,0,0,"WC"
"Chilko","Sockeye",1999,1570589,432565,0,0,0,0,0,0.00141857608833374,0.923207790198454,0.0695758088207672,0,0,0,0.00579782489244481,0,0,0,0,0,0,0,0,0,0,0,1.28947338312638,19,49.12,-123.06,1,0,0.994202175107555,0.00579782489244481,0,0,"WC"
"Chilko","Sockeye",2000,501890,395559,0,0,0,0,0,0.00780649146227261,0.846719400665484,0.0540995038753512,0,0,0.000117555639682002,0.08415389826456,0.00710315009264978,0,0,0,0,0,0,0,0,0,0,0.238081017837578,19,49.12,-123.06,1,0,0.908625396003108,0.0913746039968917,0,0,"WC"
"Chilko","Sockeye",2001,1158636,331244,0,0,0,0,0,0.000151902754618362,0.864469945694765,0.0769197573698728,0,0,0,0.0584583941807436,0,0,0,0,0,0,0,0,0,0,0,1.25214346623439,19,49.12,-123.06,1,0,0.941541605819256,0.0584583941807436,0,0,"WC"
"Chilko","Sockeye",2002,1239287,215050,0,0,0,0,0,0.00364241697040314,0.903234682523096,0.0856282685124592,0,0,0,0.00704760075753236,0.00044703123650938,0,0,0,0,0,0,0,0,0,0,1.75142093399344,19,49.12,-123.06,1,0,0.992505368005958,0.00749463199404174,0,0,"WC"
"Chilko","Sockeye",2003,384660,334896,0,0,0,0,0,0.00144803202828472,0.836710341600374,0.0763193469557531,0,0,0,0.0791998128217127,0.00632246659387511,0,0,0,0,0,0,0,0,0,0,0.138539791362231,19,49.12,-123.06,1,0,0.914477720584412,0.0855222794155878,0,0,"WC"
"Chilko","Sockeye",2004,427715,49193,0,0,0,0,0,0.00199665665221,0.909121728253627,0.083195585845715,0,0,0,0.00568602924844815,0,0,0,0,0,0,0,0,0,0,0,2.1627057489763,19,49.12,-123.06,1,0,0.994313970751552,0.00568602924844815,0,0,"WC"
"Chilko","Sockeye",2005,337649,285065,0,0,0,0,0,0.0021323919217886,0.778678450106472,0.0811671291785256,0,0,0.000639717576536581,0.137382311216678,0,0,0,0,0,0,0,0,0,0,0,0.169289669929749,19,49.12,-123.06,1,0,0.861977971206786,0.138022028793214,0,0,"WC"
"Chilko","Sockeye",2006,4993878,261918,0,0,0,0,0,0.00105789528698939,0.893668808088624,0.0812819215847884,0,0,7.38904714932964e-05,0.0239174845681052,0,0,0,0,0,0,0,0,0,0,0,2.94793656355183,19,49.12,-123.06,1,0,0.976008624960402,0.0239913750395985,0,0,"WC"
"Chilko","Sockeye",2007,1221458,156518,0,0,0,0,0,0.00245280640022007,0.953133059016356,0.0170697641670856,0,0,0.00043963853034652,0.026904731885992,0,0,0,0,0,0,0,0,0,0,0,2.05462948681168,19,49.12,-123.06,1,0,0.972655629583661,0.0273443704163385,0,0,"WC"
"Chilko","Sockeye",2008,573557,68731,0,0,0,0,0,0.00412164789201422,0.865244430806354,0.103851927532922,0,0,0,0.02678199376871,0,0,0,0,0,0,0,0,0,0,0,2.12165698662804,19,49.12,-123.06,1,0,0.97321800623129,0.02678199376871,0,0,"WC"
"Chilko","Sockeye",2009,1854451,127367,0,0,0,0,0,0.000685378044499423,0.878245367496903,0.119613837194943,0,0,0,0,0.00145541726365377,0,0,0,0,0,0,0,0,0,0,2.67827129146708,19,49.12,-123.06,1,0,0.998544582736346,0.00145541726365377,0,0,"WC"
"Chilko","Sockeye",2010,2806769,1181540,0,0,0,0,0,0.0157187855502181,0.941597972615488,0.0396092446510561,0.000224101092751131,0,0.000416849409409894,0.00243304668107707,0,0,0,0,0,0,0,0,0,0,0,0.865215327388573,19,49.12,-123.06,1,0,0.997150103909513,0.00284989609048696,0,0,"WC"
"Chilko","Sockeye",2011,972133,457653,0,0,0,0,0,0.00361061706577186,0.903670588283702,0.0901430154104428,0,0,0,0.0025757792400834,0,0,0,0,0,0,0,0,0,0,0,0.753381371338517,19,49.12,-123.06,1,0,0.997424220759917,0.0025757792400834,0,0,"WC"
"Chilko","Sockeye",2012,232523,90759,0,0,0,0,0,0.0106613109240806,0.842738137732611,0.146600551343308,0,0,0,0,0,0,0,0,0,0,0,0,0,0,0,0.940781503084558,19,49.12,-123.06,1,0,1,0,0,0,"WC"
"Chilko","Sockeye",2013,478616,624483,0,0,0,0,0,0.00189086867133568,0.890561535761445,0.107547595567219,0,0,0,0,0,0,0,0,0,0,0,0,0,0,0,-0.266025501662266,19,49.12,-123.06,1,0,1,0,0,0,"WC"
"Chilko","Sockeye",2014,1645755,669181,0,0,0,0,0,0.00178155314733967,0.945353348463167,0.0519014069530398,0,0,0,0.000870117362547888,9.35740739052897e-05,0,0,0,0,0,0,0,0,0,0,0.89989994787226,19,49.12,-123.06,1,0,0.999036308563547,0.000963691436453178,0,0,"WC"
"Chilko","Sockeye",2015,217065,429012,0,0,0,0,0,0.0068182341694884,0.765397461589846,0.222177688710755,0,0,0.000483726072835326,0.00512288945707507,0,0,0,0,0,0,0,0,0,0,0,-0.681288042706713,19,49.12,-123.06,1,0,0.99439338447009,0.0056066155299104,0,0,"WC"
"Cultus","Sockeye",1983,96326,11490,0,0,0,0,0,0.00439133774889438,0.988227477524241,0.00738118472686502,0,0,0,0,0,0,0,0,0,0,0,0,0,0,0,2.12626118011856,23,49.12,-123.06,1,0,1,0,0,0,"WC"
"Cultus","Sockeye",1984,9406,419,0,0,0,0,0,0.0228577503721029,0.964703380820753,0.00340208377631299,0,0,0,0.00903678503083138,0,0,0,0,0,0,0,0,0,0,0,3.11123214258286,23,49.12,-123.06,1,0,0.990963214969169,0.00903678503083138,0,0,"WC"
"Cultus","Sockeye",1985,2431,209,0,0,0,0,0,0.135335252982312,0.81447963800905,0.0501851090086384,0,0,0,0,0,0,0,0,0,0,0,0,0,0,0,2.45372372235131,23,49.12,-123.06,1,0,1,0,0,0,"WC"
"Cultus","Sockeye",1986,10488,2194,0,0,0,0,0,0.0200228832951945,0.979977116704805,0,0,0,0,0,0,0,0,0,0,0,0,0,0,0,0,1.56450538460836,23,49.12,-123.06,1,0,1,0,0,0,"WC"
"Cultus","Sockeye",1987,65855,16515,0,0,0,0,0,0.000288512641409156,0.985786956191633,0.0139245311669577,0,0,0,0,0,0,0,0,0,0,0,0,0,0,0,1.38318629660826,23,49.12,-123.06,1,0,1,0,0,0,"WC"
"Cultus","Sockeye",1988,7825,487,0,0,0,0,0,0.0126517571884984,0.841405750798722,0.14594249201278,0,0,0,0,0,0,0,0,0,0,0,0,0,0,0,2.77681489232576,23,49.12,-123.06,1,0,1,0,0,0,"WC"
"Cultus","Sockeye",1989,10745,236,0,0,0,0,0,0.000372266170311773,0.90544439274081,0.0941833410888785,0,0,0,0,0,0,0,0,0,0,0,0,0,0,0,3.818364004051,23,49.12,-123.06,1,0,1,0,0,0,"WC"
"Cultus","Sockeye",1990,25123,1011,0,0,0,0,0,0.00939378258965888,0.884886359113163,0.0929825259722167,0,0,0,0.0127373323249612,0,0,0,0,0,0,0,0,0,0,0,3.21284382118245,23,49.12,-123.06,1,0,0.987262667675039,0.0127373323249612,0,0,"WC"
"Cultus","Sockeye",1991,17399,9850,0,0,0,0,0,0.00132191505258923,0.961951836312432,0.0355192827173976,0,0,0,0.00120696591758147,0,0,0,0,0,0,0,0,0,0,0,0.568941278120582,23,49.12,-123.06,1,0,0.998793034082418,0.00120696591758147,0,0,"WC"
"Cultus","Sockeye",1992,1884,748,0,0,0,0,0,0.0376857749469214,0.962314225053079,0,0,0,0,0,0,0,0,0,0,0,0,0,0,0,0,0.923749477161831,23,49.12,-123.06,1,0,1,0,0,0,"WC"
"Cultus","Sockeye",1993,945,571,0,0,0,0,0,0.0116402116402116,0.988359788359788,0,0,0,0,0,0,0,0,0,0,0,0,0,0,0,0,0.503795717837733,23,49.12,-123.06,1,0,1,0,0,0,"WC"
"Cultus","Sockeye",1994,2448,2524,0,0,0,0,0,0.00285947712418301,0.939133986928105,0.0580065359477124,0,0,0,0,0,0,0,0,0,0,0,0,0,0,0,-0.0305735800288871,23,49.12,-123.06,1,0,1,0,0,0,"WC"
"Cultus","Sockeye",1995,14793,4278,0,0,0,0,0,0.0162238896775502,0.948015953491516,0.0346109646454404,0,0,0,0.00114919218549314,0,0,0,0,0,0,0,0,0,0,0,1.24066848524988,23,49.12,-123.06,1,0,0.998850807814507,0.00114919218549314,0,0,"WC"
"Cultus","Sockeye",1996,1515,421,0,0,0,0,0,0.00792079207920792,0.992079207920792,0,0,0,0,0,0,0,0,0,0,0,0,0,0,0,0,1.28053788426109,23,49.12,-123.06,1,0,1,0,0,0,"WC"
"Cultus","Sockeye",1997,717,36,0,0,0,0,0,0,0.97489539748954,0.0251046025104603,0,0,0,0,0,0,0,0,0,0,0,0,0,0,0,2.99155690214351,23,49.12,-123.06,1,0,1,0,0,0,"WC"
"Cultus","Sockeye",1998,6185,644,0,0,0,0,0,0.0258690379951496,0.961519805982215,0.0126111560226354,0,0,0,0,0,0,0,0,0,0,0,0,0,0,0,2.26218355872223,23,49.12,-123.06,1,0,1,0,0,0,"WC"
"Cultus","Sockeye",2002,5292,2363,0,0,0,0,0,0.0343915343915344,0.945389266817838,0.0202191987906274,0,0,0,0,0,0,0,0,0,0,0,0,0,0,0,0.806264248047939,23,49.12,-123.06,1,0,1,0,0,0,"WC"
"Cultus","Sockeye",2003,735,662,0,0,0,0,0,0.0163265306122449,0.974149659863946,0,0,0,0,0.00952380952380952,0,0,0,0,0,0,0,0,0,0,0,0.104604943275828,23,49.12,-123.06,1,0,0.990476190476191,0.00952380952380952,0,0,"WC"
"Cultus","Sockeye",2004,1320,33,0,0,0,0,0,0.0840909090909091,0.887878787878788,0.028030303030303,0,0,0,0,0,0,0,0,0,0,0,0,0,0,0,3.68887945411394,23,49.12,-123.06,1,0,1,0,0,0,"WC"
"Cultus","Sockeye",2005,923,59,0,0,0,0,0,0.0216684723726977,0.978331527627302,0,0,0,0,0,0,0,0,0,0,0,0,0,0,0,0,2.75009179059713,23,49.12,-123.06,1,0,1,0,0,0,"WC"
"Cultus","Sockeye",2006,20982,164,0,0,0,0,0,0.0397483557334858,0.9482890096273,0.0119626346392146,0,0,0,0,0,0,0,0,0,0,0,0,0,0,0,4.85155377846723,23,49.12,-123.06,1,0,1,0,0,0,"WC"
"Cultus","Sockeye",2007,13161,120,0,0,0,0,0,0.0493123622825013,0.932831851683003,0.0178557860344959,0,0,0,0,0,0,0,0,0,0,0,0,0,0,0,4.69752144705228,23,49.12,-123.06,1,0,1,0,0,0,"WC"
"Cultus","Sockeye",2008,2236,29,0,0,0,0,0,0.12432915921288,0.833184257602862,0.0424865831842576,0,0,0,0,0,0,0,0,0,0,0,0,0,0,0,4.34514800428852,23,49.12,-123.06,1,0,1,0,0,0,"WC"
"Cultus","Sockeye",2009,2915,123,0,0,0,0,0,0.0253859348198971,0.919039451114923,0.0555746140651801,0,0,0,0,0,0,0,0,0,0,0,0,0,0,0,3.16544074341218,23,49.12,-123.06,1,0,1,0,0,0,"WC"
"Cultus","Sockeye",2010,20159,1008,0,0,0,0,0,0.0688030160226202,0.924053772508557,0.00714321146882286,0,0,0,0,0,0,0,0,0,0,0,0,0,0,0,2.99568266914911,23,49.12,-123.06,1,0,1,0,0,0,"WC"
"Cultus","Sockeye",2011,1670,359,0,0,0.00419161676646707,0,0,0.0233532934131737,0.951497005988024,0.0209580838323353,0,0,0,0,0,0,0,0,0,0,0,0,0,0,0,1.53725651692252,23,49.12,-123.06,1,0.00419161676646707,0.995808383233533,0,0,0,"WC"
"Cultus","Sockeye",2012,4082,19,0,0,0,0,0,0.0330720235178834,0.934100930916217,0.0328270455658991,0,0,0,0,0,0,0,0,0,0,0,0,0,0,0,5.36990336420335,23,49.12,-123.06,1,0,1,0,0,0,"WC"
"Cultus","Sockeye",2013,1129,520,0,0,0,0,0,0.231178033658105,0.746678476527901,0.0221434898139947,0,0,0,0,0,0,0,0,0,0,0,0,0,0,0,0.775258752574189,23,49.12,-123.06,1,0,1,0,0,0,"WC"
"Cultus","Sockeye",2014,1436,1388,0,0,0,0,0,0.00835654596100279,0.982590529247911,0.00905292479108635,0,0,0,0,0,0,0,0,0,0,0,0,0,0,0,0.0339976085414196,23,49.12,-123.06,1,0,1,0,0,0,"WC"
"Early Stuart","Sockeye",1950,241666,25658,0,0,0,0,0,0.00239586867825842,0.995361366514115,0.00224276480762706,0,0,0,0,0,0,0,0,0,0,0,0,0,0,0,2.24270119373492,13,49.12,-123.06,1,0,1,0,0,0,"WC"
"Early Stuart","Sockeye",1951,173654,29785,0,0,0,0,0,5.18271966093496e-05,0.912319900491782,0.0876282723116081,0,0,0,0,0,0,0,0,0,0,0,0,0,0,0,1.76305990268433,13,49.12,-123.06,1,0,1,0,0,0,"WC"
"Early Stuart","Sockeye",1952,88600,15484,0,0,0,0,0,0.000316027088036117,0.880496613995485,0.119187358916479,0,0,0,0,0,0,0,0,0,0,0,0,0,0,0,1.74432462489563,13,49.12,-123.06,1,0,1,0,0,0,"WC"
"Early Stuart","Sockeye",1953,540891,78238,0,0,0,0,0,0.000543547590919427,0.994120811771688,0.00533564063739275,0,0,0,0,0,0,0,0,0,0,0,0,0,0,0,1.93346231677619,13,49.12,-123.06,1,0,1,0,0,0,"WC"
"Early Stuart","Sockeye",1954,155823,18010,0,0,0,0,0,0.00218838040597344,0.993312925562978,0.00449869403104805,0,0,0,0,0,0,0,0,0,0,0,0,0,0,0,2.15779358851372,13,49.12,-123.06,1,0,1,0,0,0,"WC"
"Early Stuart","Sockeye",1955,27467,1397,0,0,0,0,0,0.00040048057669203,0.940182764772272,0.0594167546510358,0,0,0,0,0,0,0,0,0,0,0,0,0,0,0,2.97865820382118,13,49.12,-123.06,1,0,1,0,0,0,"WC"
"Early Stuart","Sockeye",1956,110394,16661,0,0,0,0,0,0,0.915221841766763,0.0579107560193489,0,0,0,0.0268674022138884,0,0,0,0,0,0,0,0,0,0,0,1.89098512559308,13,49.12,-123.06,1,0,0.973132597786112,0.0268674022138884,0,0,"WC"
"Early Stuart","Sockeye",1957,1222936,119273,0,0,0,0,0,0.000596924123584554,0.994134607207573,0.00267552840050501,0,0,1.88071984143079e-05,0.00257413306992353,0,0,0,0,0,0,0,0,0,0,0,2.32759482069424,13,49.12,-123.06,1,0,0.997407059731662,0.00259294026833784,0,0,"WC"
"Early Stuart","Sockeye",1958,103107,22196,0,0,0,0,0,0.00732249022859748,0.990349830758338,0.0023276790130641,0,0,0,0,0,0,0,0,0,0,0,0,0,0,0,1.53585519150181,13,49.12,-123.06,1,0,1,0,0,0,"WC"
"Early Stuart","Sockeye",1959,20835,1297,0,0,0,0,0,0,0.70467962562995,0.29532037437005,0,0,0,0,0,0,0,0,0,0,0,0,0,0,0,2.77658035954011,13,49.12,-123.06,1,0,1,0,0,0,"WC"
"Early Stuart","Sockeye",1960,74149,7401,0,0,0,0,0,0.000296699888063224,0.943033621491861,0.0566696786200758,0,0,0,0,0,0,0,0,0,0,0,0,0,0,0,2.304461456101,13,49.12,-123.06,1,0,1,0,0,0,"WC"
"Early Stuart","Sockeye",1961,255842,87782,0,0,0,0,0,0.00246245729786353,0.98546368461785,0.00863032652965502,0,0,0,0.00344353155463137,0,0,0,0,0,0,0,0,0,0,0,1.06970359820711,13,49.12,-123.06,1,0,0.996556468445369,0.00344353155463137,0,0,"WC"
"Early Stuart","Sockeye",1962,75785,14103,0,0,0,0,0,0,0.892802005673946,0.0790657781882958,0,0,0,0.0281322161377581,0,0,0,0,0,0,0,0,0,0,0,1.68151284317352,13,49.12,-123.06,1,0,0.971867783862242,0.0281322161377581,0,0,"WC"
"Early Stuart","Sockeye",1963,92554,2590,0,0,0,0,0,0.0035870951012382,0.976694686345269,0.0197182185534931,0,0,0,0,0,0,0,0,0,0,0,0,0,0,0,3.57613438225525,13,49.12,-123.06,1,0,1,0,0,0,"WC"
"Early Stuart","Sockeye",1964,42887,1300,0,0,0,0,0,0.0239466505001516,0.604845291113857,0.301932986685942,0,0,0,0.069275071700049,0,0,0,0,0,0,0,0,0,0,0,3.49620448524049,13,49.12,-123.06,1,0,0.930724928299951,0.069275071700049,0,0,"WC"
"Early Stuart","Sockeye",1965,417211,11241,0,0,0,0,0,0.00103544729165818,0.995306931025309,0.00365762168303329,0,0,0,0,0,0,0,0,0,0,0,0,0,0,0,3.61402428055057,13,49.12,-123.06,1,0,1,0,0,0,"WC"
"Early Stuart","Sockeye",1966,84786,5959,0,0,0,0,0,0.0205930224329488,0.979406977567051,0,0,0,0,0,0,0,0,0,0,0,0,0,0,0,0,2.65522775306382,13,49.12,-123.06,1,0,1,0,0,0,"WC"
"Early Stuart","Sockeye",1967,339693,11167,0,0,0,0,0,0.00124524202736,0.960108097605779,0.0386466603668607,0,0,0,0,0,0,0,0,0,0,0,0,0,0,0,3.41507926807314,13,49.12,-123.06,1,0,1,0,0,0,"WC"
"Early Stuart","Sockeye",1968,10423,795,0,0,0,0,0,0.00105535834212799,0.998944641657872,0,0,0,0,0,0,0,0,0,0,0,0,0,0,0,0,2.57342806708499,13,49.12,-123.06,1,0,1,0,0,0,"WC"
"Early Stuart","Sockeye",1969,1375594,48796,0,0,0,0,0,0.000471069225367369,0.993157137934594,0.00323642004835729,0,0,5.52488597653087e-05,0.00308012393191596,0,0,0,0,0,0,0,0,0,0,0,3.33899257452905,13,49.12,-123.06,1,0,0.996864627208319,0.00313537279168127,0,0,"WC"
"Early Stuart","Sockeye",1970,182136,15806,0,0,0,0,0,0.00665436816444854,0.9785654675627,0.00720340844204331,0,0,0,0.00757675583080775,0,0,0,0,0,0,0,0,0,0,0,2.44436404598694,13,49.12,-123.06,1,0,0.992423244169192,0.00757675583080775,0,0,"WC"
"Early Stuart","Sockeye",1971,431210,45610,0,0,0,0,0,0.000721226316643863,0.982143271259943,0.0162171563739245,0,0,0,0.000918346049488648,0,0,0,0,0,0,0,0,0,0,0,2.24646821969689,13,49.12,-123.06,1,0,0.999081653950511,0.000918346049488648,0,0,"WC"
"Early Stuart","Sockeye",1972,32232,2253,0,0,0,0,0,0.000775626706378754,0.999224373293621,0,0,0,0,0,0,0,0,0,0,0,0,0,0,0,0,2.66069708643894,13,49.12,-123.06,1,0,1,0,0,0,"WC"
"Early Stuart","Sockeye",1973,1352082,153876,0,0,0,0,0,0.00339550411883303,0.992880609312157,0.00292216004650606,0,0,4.95532075717301e-05,0.000752173314932083,0,0,0,0,0,0,0,0,0,0,0,2.17325382238631,13,49.12,-123.06,1,0,0.999198273477496,0.000801726522503813,0,0,"WC"
"Early Stuart","Sockeye",1974,145244,21610,0,0,0,0,0,0.00855112775742888,0.972893888904189,0.0152708545619785,0,0,0,0.00328412877640384,0,0,0,0,0,0,0,0,0,0,0,1.90525891627052,13,49.12,-123.06,1,0,0.996715871223596,0.00328412877640384,0,0,"WC"
"Early Stuart","Sockeye",1975,223085,26252,0,0,0,0,0,0.000672389447968263,0.986202568527691,0.0127843647040366,0,0,0,0.00034067732030392,0,0,0,0,0,0,0,0,0,0,0,2.13981068814265,13,49.12,-123.06,1,0,0.999659322679696,0.00034067732030392,0,0,"WC"
"Early Stuart","Sockeye",1976,31877,6792,0,0,0,0,0,0.00134893496878627,0.903472723280108,0.0951783417511058,0,0,0,0,0,0,0,0,0,0,0,0,0,0,0,1.54613929759919,13,49.12,-123.06,1,0,1,0,0,0,"WC"
"Early Stuart","Sockeye",1977,761694,53363,0,0,0,0,0,0.00075095773368308,0.987886211523263,0.0113628307430543,0,0,0,0,0,0,0,0,0,0,0,0,0,0,0,2.65842727831471,13,49.12,-123.06,1,0,1,0,0,0,"WC"
"Early Stuart","Sockeye",1978,72852,20004,0,0,0,0,0,0.00277274474276616,0.98103003349256,0.0161972217646736,0,0,0,0,0,0,0,0,0,0,0,0,0,0,0,1.29249773237964,13,49.12,-123.06,1,0,1,0,0,0,"WC"
"Early Stuart","Sockeye",1979,107936,36170,0,0,0,0,0,0.000315001482359917,0.832039356655796,0.165737103468722,0,0,0,0.00190853839312185,0,0,0,0,0,0,0,0,0,0,0,1.09330841291523,13,49.12,-123.06,1,0,0.998091461606878,0.00190853839312185,0,0,"WC"
"Early Stuart","Sockeye",1980,63501,7361,0,0,0,0,0,0.000157477834994724,0.597628383804979,0.402214138360026,0,0,0,0,0,0,0,0,0,0,0,0,0,0,0,2.15485986072957,13,49.12,-123.06,1,0,1,0,0,0,"WC"
"Early Stuart","Sockeye",1981,350141,71485,0,0,0,0,0,0.000131375645811259,0.946161689148086,0.0537069352061027,0,0,0,0,0,0,0,0,0,0,0,0,0,0,0,1.58884829302004,13,49.12,-123.06,1,0,1,0,0,0,"WC"
"Early Stuart","Sockeye",1982,27816,2158,0,0,0,0,0,0.00046735691688237,0.963330457290768,0.0362021857923497,0,0,0,0,0,0,0,0,0,0,0,0,0,0,0,2.55642952786962,13,49.12,-123.06,1,0,1,0,0,0,"WC"
"Early Stuart","Sockeye",1983,188896,13121,0,0,0,0,0,0.00223932746061325,0.935753006945621,0.0579631119769609,0,0,2.11756733864137e-05,0.0040233779434186,0,0,0,0,0,0,0,0,0,0,0,2.6669825989347,13,49.12,-123.06,1,0,0.995955446383195,0.00404455361680501,0,0,"WC"
"Early Stuart","Sockeye",1984,242040,21868,0,0,0,0,0,0.000991571641051066,0.8670756899686,0.122029416625351,0,0,4.95785820525533e-05,0.00985374318294497,0,0,0,0,0,0,0,0,0,0,0,2.40407862072137,13,49.12,-123.06,1,0,0.990096678235002,0.00990332176499752,0,0,"WC"
"Early Stuart","Sockeye",1985,1208877,118124,0,0,0,0,0,0.00199689463857779,0.976012447916537,0.0215547156575896,0,0,0,0.000435941787295151,0,0,0,0,0,0,0,0,0,0,0,2.32571218829692,13,49.12,-123.06,1,0,0.999564058212705,0.000435941787295151,0,0,"WC"
"Early Stuart","Sockeye",1986,145942,15160,0,0,0,0,0,0.000383714078195448,0.878979320552,0.120616409258473,0,0,0,2.0556111331899e-05,0,0,0,0,0,0,0,0,0,0,0,2.26454890229137,13,49.12,-123.06,1,0,0.999979443888668,2.0556111331899e-05,0,0,"WC"
"Early Stuart","Sockeye",1987,525920,75524,0,0,0,0,0,1.52114390021296e-05,0.940916869485853,0.0590679190751445,0,0,0,0,0,0,0,0,0,0,0,0,0,0,0,1.94069862337962,13,49.12,-123.06,1,0,1,0,0,0,"WC"
"Early Stuart","Sockeye",1988,379932,88071,0,0,0,0,0,8.68576482107324e-05,0.840524093785204,0.157643999452534,0,0,0,0,0.00174504911405199,0,0,0,0,0,0,0,0,0,0,1.46184898198182,13,49.12,-123.06,1,0,0.998254950885948,0.00174504911405199,0,0,"WC"
"Early Stuart","Sockeye",1989,1138789,211041,0,0,0,0,0,0.000368812835389172,0.958692962436413,0.0403340741787987,0,0,0,0.000604150549399406,0,0,0,0,0,0,0,0,0,0,0,1.68566826867076,13,49.12,-123.06,1,0,0.999395849450601,0.000604150549399406,0,0,"WC"
"Early Stuart","Sockeye",1990,166086,47065,0,0,0,0,0,1.20419541683224e-05,0.945070626061197,0.0549173319846345,0,0,0,0,0,0,0,0,0,0,0,0,0,0,0,1.2609761014934,13,49.12,-123.06,1,0,1,0,0,0,"WC"
"Early Stuart","Sockeye",1991,144459,85456,0,0,0,0,0,0.00355810299116012,0.894316034307312,0.100935213451568,0,0,0,0.0011906492499602,0,0,0,0,0,0,0,0,0,0,0,0.524994106669886,13,49.12,-123.06,1,0,0.99880935075004,0.0011906492499602,0,0,"WC"
"Early Stuart","Sockeye",1992,100376,36565,0,0,0,0,0,9.96254084641747e-05,0.804943412767992,0.194956961823543,0,0,0,0,0,0,0,0,0,0,0,0,0,0,0,1.00983163613448,13,49.12,-123.06,1,0,1,0,0,0,"WC"
"Early Stuart","Sockeye",1993,1814783,386806,0,0,0,0,0,0.000466722467644892,0.910393143422657,0.089140134109698,0,0,0,0,0,0,0,0,0,0,0,0,0,0,0,1.54579790497124,13,49.12,-123.06,1,0,1,0,0,0,"WC"
"Early Stuart","Sockeye",1994,29030,14499,0,0,0,0,0,0.000206682741991044,0.964174991388219,0.0356183258697899,0,0,0,0,0,0,0,0,0,0,0,0,0,0,0,0.694250096505482,13,49.12,-123.06,1,0,1,0,0,0,"WC"
"Early Stuart","Sockeye",1995,189600,57342,0,0,0,0,0,0.000105485232067511,0.899762658227848,0.100131856540084,0,0,0,0,0,0,0,0,0,0,0,0,0,0,0,1.19588325030882,13,49.12,-123.06,1,0,1,0,0,0,"WC"
"Early Stuart","Sockeye",1996,464146,41063,0,0,0,0,0,0,0.773907348118911,0.226092651881089,0,0,0,0,0,0,0,0,0,0,0,0,0,0,0,2.4250916851743,13,49.12,-123.06,1,0,1,0,0,0,"WC"
"Early Stuart","Sockeye",1997,147572,73416,0,0,0,0,0,6.77635323774158e-06,0.74030981487003,0.258321361775947,0,0,0,0.00136204700078606,0,0,0,0,0,0,0,0,0,0,0,0.69817429675696,13,49.12,-123.06,1,0,0.998637952999214,0.00136204700078606,0,0,"WC"
"Early Stuart","Sockeye",1998,28692,9332,0,0,0,0,0,6.97058413495051e-05,0.848354942144152,0.151575352014499,0,0,0,0,0,0,0,0,0,0,0,0,0,0,0,1.123168984105,13,49.12,-123.06,1,0,1,0,0,0,"WC"
"Early Stuart","Sockeye",1999,30566,8189,0,0,0,0,0,0,0.848230059543283,0.151769940456717,0,0,0,0,0,0,0,0,0,0,0,0,0,0,0,1.31709648981759,13,49.12,-123.06,1,0,1,0,0,0,"WC"
"Early Stuart","Sockeye",2000,135874,35333,0,0,0,0,0,0,0.974851700840485,0.0251482991595154,0,0,0,0,0,0,0,0,0,0,0,0,0,0,0,1.34691061427149,13,49.12,-123.06,1,0,1,0,0,0,"WC"
"Early Stuart","Sockeye",2001,252006,82852,0,0,0,0,0,1.98407974413308e-05,0.858229565962715,0.141750593239843,0,0,0,0,0,0,0,0,0,0,0,0,0,0,0,1.11239701315851,13,49.12,-123.06,1,0,1,0,0,0,"WC"
"Early Stuart","Sockeye",2002,24585,12921,0,0,0,0,0,0,0.824323774659345,0.174903396379906,0,0,0,0,0.000772828960748424,0,0,0,0,0,0,0,0,0,0,0.643282606123819,13,49.12,-123.06,1,0,0.999227171039252,0.000772828960748424,0,0,"WC"
"Early Stuart","Sockeye",2003,10031,6932,0,0,0,0,0,0,0.840494467151829,0.158309241351809,0,0,0,0.00119629149636128,0,0,0,0,0,0,0,0,0,0,0,0.369531926047989,13,49.12,-123.06,1,0,0.998803708503639,0.00119629149636128,0,0,"WC"
"Early Stuart","Sockeye",2004,38319,5181,0,0,0,0,0,0,0.845194290038884,0.154805709961116,0,0,0,0,0,0,0,0,0,0,0,0,0,0,0,2.0009477688961,13,49.12,-123.06,1,0,1,0,0,0,"WC"
"Early Stuart","Sockeye",2005,82357,51153,0,0,0,0,0,0.000594970676445232,0.897847177531965,0.0970652160714936,0,0,0,0.00449263572009665,0,0,0,0,0,0,0,0,0,0,0,0.476242314342795,13,49.12,-123.06,1,0,0.995507364279903,0.00449263572009665,0,0,"WC"
"Early Stuart","Sockeye",2006,111331,15914,0,0,0,0,0,0,0.869111029273069,0.130888970726931,0,0,0,0,0,0,0,0,0,0,0,0,0,0,0,1.94530852104979,13,49.12,-123.06,1,0,1,0,0,0,"WC"
"Early Stuart","Sockeye",2007,10985,2376,0,0,0,0,0,0,0.967683204369595,0.0323167956304051,0,0,0,0,0,0,0,0,0,0,0,0,0,0,0,1.53111230433617,13,49.12,-123.06,1,0,1,0,0,0,"WC"
"Early Stuart","Sockeye",2008,194918,14446,0,0,0,0,0,0.000153910875342452,0.94032362326722,0.0578191855036477,0,0,0,0.0017032803537898,0,0,0,0,0,0,0,0,0,0,0,2.60216139767427,13,49.12,-123.06,1,0,0.99829671964621,0.0017032803537898,0,0,"WC"
"Early Stuart","Sockeye",2009,186995,21884,0,0,0,0,0,0.000106954731409931,0.911297093505174,0.0885959517634161,0,0,0,0,0,0,0,0,0,0,0,0,0,0,0,2.14532610232763,13,49.12,-123.06,1,0,1,0,0,0,"WC"
"Early Stuart","Sockeye",2010,137535,34198,0,0,0,0,0,0.000661649761878794,0.806129348893009,0.193209001345112,0,0,0,0,0,0,0,0,0,0,0,0,0,0,0,1.39171126734357,13,49.12,-123.06,1,0,1,0,0,0,"WC"
"Early Stuart","Sockeye",2011,2375,233,0,0,0,0,0,0.00378947368421053,0.907368421052632,0.0888421052631579,0,0,0,0,0,0,0,0,0,0,0,0,0,0,0,2.32171426290304,13,49.12,-123.06,1,0,1,0,0,0,"WC"
"Early Stuart","Sockeye",2012,20120,6812,0,0,0,0,0,0.0010934393638171,0.875347912524851,0.123558648111332,0,0,0,0,0,0,0,0,0,0,0,0,0,0,0,1.0830285824311,13,49.12,-123.06,1,0,1,0,0,0,"WC"
"Early Stuart","Sockeye",2013,26519,39658,0,0,0,0,0,0.000226252875296957,0.746672197292507,0.253101549832196,0,0,0,0,0,0,0,0,0,0,0,0,0,0,0,-0.402431235960542,13,49.12,-123.06,1,0,1,0,0,0,"WC"
"Early Stuart","Sockeye",2014,110375,23298,0,0,0,0,0,0.00010872027180068,0.796031710079275,0.203859569648924,0,0,0,0,0,0,0,0,0,0,0,0,0,0,0,1.55551613894654,13,49.12,-123.06,1,0,1,0,0,0,"WC"
"Early Stuart","Sockeye",2015,4954,4060,0,0,0,0,0,0,0.689745660072669,0.310254339927331,0,0,0,0,0,0,0,0,0,0,0,0,0,0,0,0.199012357453527,13,49.12,-123.06,1,0,1,0,0,0,"WC"
"Gates","Sockeye",1952,38000,4147,0,0,0,0,0,0,0.982710526315789,0.0172894736842105,0,0,0,0,0,0,0,0,0,0,0,0,0,0,0,2.21520097846214,28,49.12,-123.06,1,0,1,0,0,0,"WC"
"Gates","Sockeye",1953,7885,29,0,0,0,0,0,0.00938490805326569,0.990615091946734,0,0,0,0,0,0,0,0,0,0,0,0,0,0,0,0,5.60542166941066,28,49.12,-123.06,1,0,1,0,0,0,"WC"
"Gates","Sockeye",1954,698,18,0,0,0,0,0,0,0.598853868194842,0,0,0,0,0.401146131805158,0,0,0,0,0,0,0,0,0,0,0,3.65784734486621,28,49.12,-123.06,1,0,0.598853868194842,0.401146131805158,0,0,"WC"
"Gates","Sockeye",1955,2505,31,0,0,0,0,0,0.0131736526946108,0.857884231536926,0.128942115768463,0,0,0,0,0,0,0,0,0,0,0,0,0,0,0,4.39205680903382,28,49.12,-123.06,1,0,1,0,0,0,"WC"
"Gates","Sockeye",1956,15990,4147,0,0,0,0,0,0.0345215759849906,0.890806754221388,0.0357098186366479,0,0,0,0.0389618511569731,0,0,0,0,0,0,0,0,0,0,0,1.34957834558162,28,49.12,-123.06,1,0,0.961038148843027,0.0389618511569731,0,0,"WC"
"Gates","Sockeye",1957,1163,429,0,0,0,0,0,0.0705073086844368,0.903697334479794,0.0257953568357696,0,0,0,0,0,0,0,0,0,0,0,0,0,0,0,0.997301233590647,28,49.12,-123.06,1,0,1,0,0,0,"WC"
"Gates","Sockeye",1958,539,31,0,0,0,0,0,0.0241187384044527,0.738404452690167,0.23747680890538,0,0,0,0,0,0,0,0,0,0,0,0,0,0,0,2.85572836642385,28,49.12,-123.06,1,0,1,0,0,0,"WC"
"Gates","Sockeye",1959,10527,370,0,0,0,0,0,0.115132516386435,0.840315379500333,0,0,0,0,0.0445521041132326,0,0,0,0,0,0,0,0,0,0,0,3.34819565861305,28,49.12,-123.06,1,0,0.955447895886767,0.0445521041132326,0,0,"WC"
"Gates","Sockeye",1960,84232,2772,0,0,0,0,0,0.0144719346566626,0.982524456263653,0.00217257099439643,0,0,0,0.000831038085288251,0,0,0,0,0,0,0,0,0,0,0,3.4140058152268,28,49.12,-123.06,1,0,0.999168961914712,0.000831038085288251,0,0,"WC"
"Gates","Sockeye",1961,14594,120,0,0,0,0,0,0.0711251199122927,0.922296834315472,0.00486501301904892,0,0,0,0.00171303275318624,0,0,0,0,0,0,0,0,0,0,0,4.80087402154352,28,49.12,-123.06,1,0,0.998286967246814,0.00171303275318624,0,0,"WC"
"Gates","Sockeye",1962,453,68,0,0,0,0,0,0.311258278145695,0.688741721854305,0,0,0,0,0,0,0,0,0,0,0,0,0,0,0,0,1.89638442030693,28,49.12,-123.06,1,0,1,0,0,0,"WC"
"Gates","Sockeye",1963,8328,1068,0,0,0,0,0,0.105547550432277,0.812800192122959,0.0816522574447646,0,0,0,0,0,0,0,0,0,0,0,0,0,0,0,2.05383559077466,28,49.12,-123.06,1,0,1,0,0,0,"WC"
"Gates","Sockeye",1964,104990,8206,0,0,0,0,0,0.0461948757024479,0.947995047147347,0.00581007715020478,0,0,0,0,0,0,0,0,0,0,0,0,0,0,0,2.54899951350686,28,49.12,-123.06,1,0,1,0,0,0,"WC"
"Gates","Sockeye",1965,2495,941,0,0,0,0,0,0.111823647294589,0.880961923847695,0.00721442885771543,0,0,0,0,0,0,0,0,0,0,0,0,0,0,0,0.975100868600239,28,49.12,-123.06,1,0,1,0,0,0,"WC"
"Gates","Sockeye",1966,918,30,0,0,0,0,0,0.662309368191721,0.337690631808279,0,0,0,0,0,0,0,0,0,0,0,0,0,0,0,0,3.42100000895834,28,49.12,-123.06,1,0,1,0,0,0,"WC"
"Gates","Sockeye",1967,6924,351,0,0,0,0,0,0.228913922588099,0.733102253032929,0.0379838243789717,0,0,0,0,0,0,0,0,0,0,0,0,0,0,0,2.98196269283023,28,49.12,-123.06,1,0,1,0,0,0,"WC"
"Gates","Sockeye",1968,82665,3834,0,0,0,0,0,0.0470694973688986,0.94805540434283,0.00487509828827194,0,0,0,0,0,0,0,0,0,0,0,0,0,0,0,3.07088765137986,28,49.12,-123.06,1,0,1,0,0,0,"WC"
"Gates","Sockeye",1969,4766,360,0,0,0,0,0,0.21863197650021,0.746118338229123,0.0352496852706672,0,0,0,0,0,0,0,0,0,0,0,0,0,0,0,2.58315862620853,28,49.12,-123.06,1,0,1,0,0,0,"WC"
"Gates","Sockeye",1970,412,14,0,0,0,0,0,0.62621359223301,0.37378640776699,0,0,0,0,0,0,0,0,0,0,0,0,0,0,0,0,3.38196601973427,28,49.12,-123.06,1,0,1,0,0,0,"WC"
"Gates","Sockeye",1971,12647,115,0,0,0,0,0,0.389499486044121,0.610500513955879,0,0,0,0,0,0,0,0,0,0,0,0,0,0,0,0,4.70024318351673,28,49.12,-123.06,1,0,1,0,0,0,"WC"
"Gates","Sockeye",1972,132613,3128,0,0,0,0,0,0.0315202883578533,0.966051593735154,0.00242811790699253,0,0,0,0,0,0,0,0,0,0,0,0,0,0,0,3.74704128947885,28,49.12,-123.06,1,0,1,0,0,0,"WC"
"Gates","Sockeye",1973,14685,351,0,0,0,0,0,0.0915219611848825,0.643309499489275,0.258358869594825,0,0,0,0.00680966973101805,0,0,0,0,0,0,0,0,0,0,0,3.73379562016685,28,49.12,-123.06,1,0,0.993190330268982,0.00680966973101805,0,0,"WC"
"Gates","Sockeye",1974,2972,37,0,0,0,0,0,0.524562584118439,0.475437415881561,0,0,0,0,0,0,0,0,0,0,0,0,0,0,0,0,4.38607249319343,28,49.12,-123.06,1,0,1,0,0,0,"WC"
"Gates","Sockeye",1975,19756,1246,0,0,0,0,0,0.194421947762705,0.804211378821624,0,0,0,0.00136667341567119,0,0,0,0,0,0,0,0,0,0,0,0,2.76351882231312,28,49.12,-123.06,1,0,0.998633326584329,0.00136667341567119,0,0,"WC"
"Gates","Sockeye",1976,73230,8820,0,0,0,0,0,0.0410897173289635,0.926328007647139,0.0320906732213574,0,0,0,0.000491601802539943,0,0,0,0,0,0,0,0,0,0,0,2.11658330305428,28,49.12,-123.06,1,0,0.99950839819746,0.000491601802539943,0,0,"WC"
"Gates","Sockeye",1977,21324,1174,0,0,0,0,0,0.0323579065841306,0.799334083661602,0.13951416244607,0,0,0.00126617895329207,0.0275276683549053,0,0,0,0,0,0,0,0,0,0,0,2.89941647755461,28,49.12,-123.06,1,0,0.971206152691803,0.0287938473081973,0,0,"WC"
"Gates","Sockeye",1978,1647,129,0,0,0,0,0,0.357619914996964,0.522161505768063,0.120218579234973,0,0,0,0,0,0,0,0,0,0,0,0,0,0,0,2.54689832581597,28,49.12,-123.06,1,0,1,0,0,0,"WC"
"Gates","Sockeye",1979,18266,1649,0,0,0,0,0,0.102157013029673,0.870579218219643,0,0,0,0.00065695828314902,0.0266068104675353,0,0,0,0,0,0,0,0,0,0,0,2.40487236469203,28,49.12,-123.06,1,0,0.972736231249316,0.0272637687506843,0,0,"WC"
"Gates","Sockeye",1980,79631,11032,0,0,0,0,0,0.0187866534389873,0.960266730293479,0.0173424922454823,0,0,0.000188368851326745,0.00341575517072497,0,0,0,0,0,0,0,0,0,0,0,1.97660332378063,28,49.12,-123.06,1,0,0.996395875977948,0.00360412402205171,0,0,"WC"
"Gates","Sockeye",1981,18129,1907,0,0,0,0,0,0.0227260190854432,0.786971151194219,0.170169341938331,0,0,0.00788791439130675,0.0122455733907,0,0,0,0,0,0,0,0,0,0,0,2.25198153942925,28,49.12,-123.06,1,0,0.979866512217993,0.0201334877820067,0,0,"WC"
"Gates","Sockeye",1982,9701,439,0,0,0,0,0,0.346459127924956,0.56406556025152,0.0894753118235233,0,0,0,0,0,0,0,0,0,0,0,0,0,0,0,3.09548483888611,28,49.12,-123.06,1,0,1,0,0,0,"WC"
"Gates","Sockeye",1983,28098,3055,0,0,0,0,0,0.0548793508434764,0.932735426008969,0.012385223147555,0,0,0,0,0,0,0,0,0,0,0,0,0,0,0,2.2189188068059,28,49.12,-123.06,1,0,1,0,0,0,"WC"
"Gates","Sockeye",1984,137919,9148,0,0,0,0,0,0.0125435944286139,0.833946011789529,0.153104358355267,0,0,0.00040603542659097,0,0,0,0,0,0,0,0,0,0,0,0,2.71313128014852,28,49.12,-123.06,1,0,0.999593964573409,0.00040603542659097,0,0,"WC"
"Gates","Sockeye",1985,131962,2032,0,0,0,0,0,0.0480441339173398,0.870371773692427,0.0815840923902336,0,0,0,0,0,0,0,0,0,0,0,0,0,0,0,4.1734934726372,28,49.12,-123.06,1,0,1,0,0,0,"WC"
"Gates","Sockeye",1986,27349,1880,0,0,0,0,0,0.232147427693883,0.745548283301035,0.0223042890050825,0,0,0,0,0,0,0,0,0,0,0,0,0,0,0,2.67740818828639,28,49.12,-123.06,1,0,1,0,0,0,"WC"
"Gates","Sockeye",1987,27833,4105,0,0,0,0,0,0.0604677900334136,0.810045629288974,0.129486580677613,0,0,0,0,0,0,0,0,0,0,0,0,0,0,0,1.91401662416469,28,49.12,-123.06,1,0,1,0,0,0,"WC"
"Gates","Sockeye",1988,319543,17841,0,0,0,0,0,0.0300397755544637,0.956747605173639,0.0126148906406962,0,0,0,0.000597728631201434,0,0,0,0,0,0,0,0,0,0,0,2.88539267065875,28,49.12,-123.06,1,0,0.999402271368799,0.000597728631201434,0,0,"WC"
"Gates","Sockeye",1989,53094,9795,0,0,0,0,0,0.108844690548838,0.730628696274532,0.16052661317663,0,0,0,0,0,0,0,0,0,0,0,0,0,0,0,1.69019187611676,28,49.12,-123.06,1,0,1,0,0,0,"WC"
"Gates","Sockeye",1990,15949,3304,0,0,0,0,0,0.051790080882814,0.826195999749201,0.100758668255063,0,0,0.0212552511129224,0,0,0,0,0,0,0,0,0,0,0,0,1.57426227568189,28,49.12,-123.06,1,0,0.978744748887078,0.0212552511129224,0,0,"WC"
"Gates","Sockeye",1991,21685,4618,0,0,0,0,0,0.0572746137883329,0.870832372607793,0.0718930136038737,0,0,0,0,0,0,0,0,0,0,0,0,0,0,0,1.54665906635503,28,49.12,-123.06,1,0,1,0,0,0,"WC"
"Gates","Sockeye",1992,195433,9224,0,0,0,0,0,0.0595549369860771,0.898778609549053,0.0416664534648703,0,0,0,0,0,0,0,0,0,0,0,0,0,0,0,3.05340882672239,28,49.12,-123.06,1,0,1,0,0,0,"WC"
"Gates","Sockeye",1993,67524,8780,0,0,0,0,0,0.0082489189029086,0.805787571826314,0.185963509270778,0,0,0,0,0,0,0,0,0,0,0,0,0,0,0,2.04000668259212,28,49.12,-123.06,1,0,1,0,0,0,"WC"
"Gates","Sockeye",1994,34364,1706,0,0,0,0,0,0.0237166802467699,0.612239553020603,0.364043766732627,0,0,0,0,0,0,0,0,0,0,0,0,0,0,0,3.00285805570632,28,49.12,-123.06,1,0,1,0,0,0,"WC"
"Gates","Sockeye",1995,23459,4533,0,0,0,0,0,0.0839762990749819,0.893004816914617,0.0230188840104011,0,0,0,0,0,0,0,0,0,0,0,0,0,0,0,1.64387024461216,28,49.12,-123.06,1,0,1,0,0,0,"WC"
"Gates","Sockeye",1996,198058,14139,0,0,0,0,0,0.00208524775570792,0.954321461390098,0.0433004473437074,0,0,0,0.000292843510486827,0,0,0,0,0,0,0,0,0,0,0,2.63962298048235,28,49.12,-123.06,1,0,0.999707156489513,0.000292843510486827,0,0,"WC"
"Gates","Sockeye",1997,13409,1877,0,0,0,0,0,0.0553359683794466,0.857110895667089,0.0875531359534641,0,0,0,0,0,0,0,0,0,0,0,0,0,0,0,1.96625136569313,28,49.12,-123.06,1,0,1,0,0,0,"WC"
"Gates","Sockeye",1998,4812,2442,0,0,0,0,0,0.084788029925187,0.798212801330008,0.116999168744805,0,0,0,0,0,0,0,0,0,0,0,0,0,0,0,0.678295422423919,28,49.12,-123.06,1,0,1,0,0,0,"WC"
"Gates","Sockeye",1999,42642,1765,0,0,0,0,0,0.0588152525678908,0.884784953801416,0.0563997936306927,0,0,0,0,0,0,0,0,0,0,0,0,0,0,0,3.18468899268755,28,49.12,-123.06,1,0,1,0,0,0,"WC"
"Gates","Sockeye",2000,92002,16571,0,0,0,0,0,0.00678246125084237,0.946870720201735,0.0463468185474229,0,0,0,0,0,0,0,0,0,0,0,0,0,0,0,1.71415613629553,28,49.12,-123.06,1,0,1,0,0,0,"WC"
"Gates","Sockeye",2001,50246,4007,0,0,0,0,0,0.00626915575369184,0.859570911117303,0.134159933129005,0,0,0,0,0,0,0,0,0,0,0,0,0,0,0,2.52888811012672,28,49.12,-123.06,1,0,1,0,0,0,"WC"
"Gates","Sockeye",2002,13001,1144,0,0,0,0,0,0.0970694561956773,0.849550034612722,0.0533805091916006,0,0,0,0,0,0,0,0,0,0,0,0,0,0,0,2.43049538462243,28,49.12,-123.06,1,0,1,0,0,0,"WC"
"Gates","Sockeye",2003,4761,5036,0,0,0,0,0,0.0447385003150599,0.810964083175803,0.144297416509137,0,0,0,0,0,0,0,0,0,0,0,0,0,0,0,-0.056154385969719,28,49.12,-123.06,1,0,1,0,0,0,"WC"
"Gates","Sockeye",2004,48954,5483,0,0.000347264779180455,0,0,0,0.00700657760346448,0.827572823466928,0.165073334150427,0,0,0,0,0,0,0,0,0,0,0,0,0,0,0,2.18922868525281,28,49.12,-123.06,1,0.000347264779180455,0.99965273522082,0,0,0,"WC"
"Gates","Sockeye",2005,15244,8851,0,0,0,0,0,0.0118079244292837,0.913211755444765,0.0749803201259512,0,0,0,0,0,0,0,0,0,0,0,0,0,0,0,0.543655536024874,28,49.12,-123.06,1,0,1,0,0,0,"WC"
"Gates","Sockeye",2006,44341,1456,0,0,0,0,0,0.0441126722446494,0.654698811483728,0.290205453192305,0,0,0,0.0109830630793171,0,0,0,0,0,0,0,0,0,0,0,3.4162168071589,28,49.12,-123.06,1,0,0.989016936920683,0.0109830630793171,0,0,"WC"
"Gates","Sockeye",2007,116685,1079,0,0,0,0,0,0.0692376912199511,0.916775935210181,0.0112439473796975,0,0,0,0.00274242619017012,0,0,0,0,0,0,0,0,0,0,0,4.68344331005085,28,49.12,-123.06,1,0,0.99725757380983,0.00274242619017012,0,0,"WC"
"Gates","Sockeye",2008,81913,1752,0,0,0,0,0,0.0288110556321951,0.840367218878566,0.130821725489239,0,0,0,0,0,0,0,0,0,0,0,0,0,0,0,3.84489971590726,28,49.12,-123.06,1,0,1,0,0,0,"WC"
"Gates","Sockeye",2009,123026,5274,0,0,0,0,0,0.0377725033732707,0.822468421309317,0.139759075317413,0,0,0,0,0,0,0,0,0,0,0,0,0,0,0,3.14960662721709,28,49.12,-123.06,1,0,1,0,0,0,"WC"
"Gates","Sockeye",2010,40780,5903,0,0,0,0,0,0.0975478175576263,0.796763119176067,0.100637567435017,0,0,0,0.00505149583128985,0,0,0,0,0,0,0,0,0,0,0,1.93273106888776,28,49.12,-123.06,1,0,0.99494850416871,0.00505149583128985,0,0,"WC"
"Gates","Sockeye",2011,36337,26445,0,0,0,0,0,0.0498665272311969,0.928172386272945,0.0161543330489584,0,0,0,0.00580675344689985,0,0,0,0,0,0,0,0,0,0,0,0.317769401382462,28,49.12,-123.06,1,0,0.9941932465531,0.00580675344689985,0,0,"WC"
"Gates","Sockeye",2012,26377,6899,0,0,0,0,0,0.129089737271107,0.810820032604163,0.0600902301247299,0,0,0,0,0,0,0,0,0,0,0,0,0,0,0,1.34111594474124,28,49.12,-123.06,1,0,1,0,0,0,"WC"
"Gates","Sockeye",2013,13442,23053,0,0,0,0,0,0.0245499181669394,0.633164707632793,0.342285374200268,0,0,0,0,0,0,0,0,0,0,0,0,0,0,0,-0.539411779269685,28,49.12,-123.06,1,0,1,0,0,0,"WC"
"Gates","Sockeye",2014,9838,8495,0.00182964017076642,0,0,0,0,0.013112421223826,0.874059768245578,0.110998170359829,0,0,0,0,0,0,0,0,0,0,0,0,0,0,0,0.146774683249253,28,49.12,-123.06,1,0.00182964017076642,0.998170359829234,0,0,0,"WC"
"Gates","Sockeye",2015,15152,9686,0,0,0,0,0,0.113648363252376,0.828405491024287,0.0564941921858501,0,0,0.0014519535374868,0,0,0,0,0,0,0,0,0,0,0,0,0.447450992462685,28,49.12,-123.06,1,0,0.998548046462513,0.0014519535374868,0,0,"WC"
"Harrison","Sockeye",1950,78099,18216,0,0.618048886669484,0.381951113330516,0,0,0,0,0,0,0,0,0,0,0,0,0,0,0,0,0,0,0,0,1.45567692390492,31,49.12,-123.06,1,1,0,0,0,0,"WC"
"Harrison","Sockeye",1951,122022,13181,0.00740030486305748,0.844446083493141,0.148153611643802,0,0,0,0,0,0,0,0,0,0,0,0,0,0,0,0,0,0,0,0,2.22542495761466,31,49.12,-123.06,1,1,0,0,0,0,"WC"
"Harrison","Sockeye",1952,23054,17215,0,0.799037043463173,0.200962956536827,0,0,0,0,0,0,0,0,0,0,0,0,0,0,0,0,0,0,0,0,0.292058193388334,31,49.12,-123.06,1,1,0,0,0,0,"WC"
"Harrison","Sockeye",1953,9784,7641,0,0.22812755519215,0.77187244480785,0,0,0,0,0,0,0,0,0,0,0,0,0,0,0,0,0,0,0,0,0.247219913719442,31,49.12,-123.06,1,1,0,0,0,0,"WC"
"Harrison","Sockeye",1954,14797,16869,0,0.415354463742651,0.584645536257349,0,0,0,0,0,0,0,0,0,0,0,0,0,0,0,0,0,0,0,0,-0.131053160457777,31,49.12,-123.06,1,1,0,0,0,0,"WC"
"Harrison","Sockeye",1955,141038,3405,0.000616855031977198,0.426232646520796,0.573150498447227,0,0,0,0,0,0,0,0,0,0,0,0,0,0,0,0,0,0,0,0,3.72378441801323,31,49.12,-123.06,1,1,0,0,0,0,"WC"
"Harrison","Sockeye",1956,96972,1266,0,0.89982675411459,0.0989976488058409,0,0,0,0,0.00117559707956936,0,0,0,0,0,0,0,0,0,0,0,0,0,0,0,4.33855995331733,31,49.12,-123.06,1,0.998824402920431,0.00117559707956936,0,0,0,"WC"
"Harrison","Sockeye",1957,60554,1820,0.000710109984476665,0.418981405026918,0.573686296528718,0,0,0,0.00662218845988704,0,0,0,0,0,0,0,0,0,0,0,0,0,0,0,0,3.50469902783498,31,49.12,-123.06,1,0.993377811540113,0.00662218845988704,0,0,0,"WC"
"Harrison","Sockeye",1958,59892,6404,0.00178654912175249,0.92341214185534,0.0748013090229079,0,0,0,0,0,0,0,0,0,0,0,0,0,0,0,0,0,0,0,0,2.235620145141,31,49.12,-123.06,1,1,0,0,0,0,"WC"
"Harrison","Sockeye",1959,41545,17657,0.00033698399326032,0.251582621254062,0.748080394752678,0,0,0,0,0,0,0,0,0,0,0,0,0,0,0,0,0,0,0,0,0.855644871796284,31,49.12,-123.06,1,1,0,0,0,0,"WC"
"Harrison","Sockeye",1960,29451,7076,0,0.886014057247632,0.113985942752368,0,0,0,0,0,0,0,0,0,0,0,0,0,0,0,0,0,0,0,0,1.42601908908096,31,49.12,-123.06,1,1,0,0,0,0,"WC"
"Harrison","Sockeye",1961,13225,21725,0.00310018903591682,0.123553875236295,0.873345935727788,0,0,0,0,0,0,0,0,0,0,0,0,0,0,0,0,0,0,0,0,-0.496354693407093,31,49.12,-123.06,1,1,0,0,0,0,"WC"
"Harrison","Sockeye",1962,50812,4155,0,0.612729276548847,0.387270723451153,0,0,0,0,0,0,0,0,0,0,0,0,0,0,0,0,0,0,0,0,2.5038201188538,31,49.12,-123.06,1,1,0,0,0,0,"WC"
"Harrison","Sockeye",1963,87825,9803,0,0.572467976088813,0.427532023911187,0,0,0,0,0,0,0,0,0,0,0,0,0,0,0,0,0,0,0,0,2.1926577368723,31,49.12,-123.06,1,1,0,0,0,0,"WC"
"Harrison","Sockeye",1964,51204,1101,0.000917897039293805,0.85702288883681,0.141531911569409,0,0,0,0,0.000527302554487931,0,0,0,0,0,0,0,0,0,0,0,0,0,0,0,3.83959879625332,31,49.12,-123.06,1,0.999472697445512,0.000527302554487931,0,0,0,"WC"
"Harrison","Sockeye",1965,20432,7779,0.00318128425998434,0.403142129992169,0.589418559122944,0,0,0,0.00425802662490211,0,0,0,0,0,0,0,0,0,0,0,0,0,0,0,0,0.965674504065547,31,49.12,-123.06,1,0.995741973375098,0.00425802662490211,0,0,0,"WC"
"Harrison","Sockeye",1966,55444,9295,0.000342688117740423,0.772815814154823,0.226841497727437,0,0,0,0,0,0,0,0,0,0,0,0,0,0,0,0,0,0,0,0,1.7858968811777,31,49.12,-123.06,1,1,0,0,0,0,"WC"
"Harrison","Sockeye",1967,50935,12672,0.0028467654854226,0.428271326200059,0.568881908314518,0,0,0,0,0,0,0,0,0,0,0,0,0,0,0,0,0,0,0,0,1.39115547496996,31,49.12,-123.06,1,1,0,0,0,0,"WC"
"Harrison","Sockeye",1968,17838,2854,0.0070635721493441,0.756362820944052,0.235059984303173,0,0,0,0.00151362260343088,0,0,0,0,0,0,0,0,0,0,0,0,0,0,0,0,1.83260949418937,31,49.12,-123.06,1,0.998486377396569,0.00151362260343088,0,0,0,"WC"
"Harrison","Sockeye",1969,7302,7559,0,0.294439879485073,0.705560120514927,0,0,0,0,0,0,0,0,0,0,0,0,0,0,0,0,0,0,0,0,-0.0345906230765945,31,49.12,-123.06,1,1,0,0,0,0,"WC"
"Harrison","Sockeye",1970,39763,6471,0.00246460277142067,0.473052838065538,0.524482559163041,0,0,0,0,0,0,0,0,0,0,0,0,0,0,0,0,0,0,0,0,1.81560617558313,31,49.12,-123.06,1,1,0,0,0,0,"WC"
"Harrison","Sockeye",1971,84459,1970,0,0.72559466723499,0.27440533276501,0,0,0,0,0,0,0,0,0,0,0,0,0,0,0,0,0,0,0,0,3.75823266676158,31,49.12,-123.06,1,1,0,0,0,0,"WC"
"Harrison","Sockeye",1972,1963,794,0,0.587366276107998,0.412633723892002,0,0,0,0,0,0,0,0,0,0,0,0,0,0,0,0,0,0,0,0,0.905145733029325,31,49.12,-123.06,1,1,0,0,0,0,"WC"
"Harrison","Sockeye",1973,37681,1571,0,0.856028237042541,0.143971762957459,0,0,0,0,0,0,0,0,0,0,0,0,0,0,0,0,0,0,0,0,3.17744362936065,31,49.12,-123.06,1,1,0,0,0,0,"WC"
"Harrison","Sockeye",1974,40338,8709,0,0.152040259804651,0.847959740195349,0,0,0,0,0,0,0,0,0,0,0,0,0,0,0,0,0,0,0,0,1.53293697900435,31,49.12,-123.06,1,1,0,0,0,0,"WC"
"Harrison","Sockeye",1975,128650,3381,0,0.178616401088224,0.821150408083949,0,0,0.000233190827827439,0,0,0,0,0,0,0,0,0,0,0,0,0,0,0,0,0,3.638924015002,31,49.12,-123.06,1,0.999766809172173,0.000233190827827439,0,0,0,"WC"
"Harrison","Sockeye",1976,44728,2933,0,0.970532999463423,0.0264711142908245,0,0,0.0029958862457521,0,0,0,0,0,0,0,0,0,0,0,0,0,0,0,0,0,2.72457391372903,31,49.12,-123.06,1,0.997004113754248,0.0029958862457521,0,0,0,"WC"
"Harrison","Sockeye",1977,24058,1374,0,0.668218472025937,0.331781527974063,0,0,0,0,0,0,0,0,0,0,0,0,0,0,0,0,0,0,0,0,2.86274138777172,31,49.12,-123.06,1,1,0,0,0,0,"WC"
"Harrison","Sockeye",1978,41193,10488,0,0.170320200033986,0.829679799966014,0,0,0,0,0,0,0,0,0,0,0,0,0,0,0,0,0,0,0,0,1.36803659254633,31,49.12,-123.06,1,1,0,0,0,0,"WC"
"Harrison","Sockeye",1979,10895,20234,0,0.0431390546122074,0.956860945387793,0,0,0,0,0,0,0,0,0,0,0,0,0,0,0,0,0,0,0,0,-0.619060389387115,31,49.12,-123.06,1,1,0,0,0,0,"WC"
"Harrison","Sockeye",1980,14393,2262,0,0.932119780448829,0.0678802195511707,0,0,0,0,0,0,0,0,0,0,0,0,0,0,0,0,0,0,0,0,1.8504925995866,31,49.12,-123.06,1,1,0,0,0,0,"WC"
"Harrison","Sockeye",1981,17869,1788,0,0.697632771839499,0.302367228160501,0,0,0,0,0,0,0,0,0,0,0,0,0,0,0,0,0,0,0,0,2.3019696911452,31,49.12,-123.06,1,1,0,0,0,0,"WC"
"Harrison","Sockeye",1982,28956,4686,0,0.147637795275591,0.852362204724409,0,0,0,0,0,0,0,0,0,0,0,0,0,0,0,0,0,0,0,0,1.82119809634529,31,49.12,-123.06,1,1,0,0,0,0,"WC"
"Harrison","Sockeye",1983,17919,2132,0,0.438361515709582,0.557787822981193,0,0,0.00385066130922484,0,0,0,0,0,0,0,0,0,0,0,0,0,0,0,0,0,2.12880109611468,31,49.12,-123.06,1,0.996149338690775,0.00385066130922484,0,0,0,"WC"
"Harrison","Sockeye",1984,5265,689,0.0131054131054131,0.675783475783476,0.298005698005698,0,0,0.0131054131054131,0,0,0,0,0,0,0,0,0,0,0,0,0,0,0,0,0,2.03359515355442,31,49.12,-123.06,1,0.986894586894587,0.0131054131054131,0,0,0,"WC"
"Harrison","Sockeye",1985,14476,1825,0.00476651008565902,0.255180989223542,0.740052500690799,0,0,0,0,0,0,0,0,0,0,0,0,0,0,0,0,0,0,0,0,2.07091211866704,31,49.12,-123.06,1,1,0,0,0,0,"WC"
"Harrison","Sockeye",1986,9610,4145,0,0.59105098855359,0.408636836628512,0,0,0,0,0,0,0,0.000312174817898023,0,0,0,0,0,0,0,0,0,0,0,0,0.840901434394943,31,49.12,-123.06,1,0.999687825182102,0,0.000312174817898023,0,0,"WC"
"Harrison","Sockeye",1987,46184,2686,0,0.0714533171661181,0.903949419712455,0,0,0.00394075870431318,0.0206565044171142,0,0,0,0,0,0,0,0,0,0,0,0,0,0,0,0,2.84458031965759,31,49.12,-123.06,1,0.975402736878573,0.0245972631214273,0,0,0,"WC"
"Harrison","Sockeye",1988,4013,947,0.0461001744330925,0.499626214801894,0.445053575878395,0,0,0,0.00922003488661849,0,0,0,0,0,0,0,0,0,0,0,0,0,0,0,0,1.44399527708084,31,49.12,-123.06,1,0.990779965113382,0.00922003488661849,0,0,0,"WC"
"Harrison","Sockeye",1989,13564,1997,0,0.0360513122972574,0.953553524034208,0,0,0,0.0103951636685344,0,0,0,0,0,0,0,0,0,0,0,0,0,0,0,0,1.91577316982971,31,49.12,-123.06,1,0.989604836331466,0.0103951636685344,0,0,0,"WC"
"Harrison","Sockeye",1990,129502,1888,0,0.476687618724035,0.495405476363299,0,0,0.000185325323161032,0.0277215795895044,0,0,0,0,0,0,0,0,0,0,0,0,0,0,0,0,4.22817825731247,31,49.12,-123.06,1,0.972093095087335,0.0279069049126654,0,0,0,"WC"
"Harrison","Sockeye",1991,38111,7958,0,0.116134449371573,0.883865550628428,0,0,0,0,0,0,0,0,0,0,0,0,0,0,0,0,0,0,0,0,1.56632524236884,31,49.12,-123.06,1,1,0,0,0,0,"WC"
"Harrison","Sockeye",1992,3736,172,0,0.13838329764454,0.86161670235546,0,0,0,0,0,0,0,0,0,0,0,0,0,0,0,0,0,0,0,0,3.07827632253528,31,49.12,-123.06,1,1,0,0,0,0,"WC"
"Harrison","Sockeye",1993,19096,2271,0,0.766914537075827,0.233085462924173,0,0,0,0,0,0,0,0,0,0,0,0,0,0,0,0,0,0,0,0,2.12925862591311,31,49.12,-123.06,1,1,0,0,0,0,"WC"
"Harrison","Sockeye",1994,20682,6087,0,0.0138284498597815,0.986171550140219,0,0,0,0,0,0,0,0,0,0,0,0,0,0,0,0,0,0,0,0,1.223108407251,31,49.12,-123.06,1,1,0,0,0,0,"WC"
"Harrison","Sockeye",1995,49813,6758,0,0.0308553991929818,0.969144600807018,0,0,0,0,0,0,0,0,0,0,0,0,0,0,0,0,0,0,0,0,1.99754900584911,31,49.12,-123.06,1,1,0,0,0,0,"WC"
"Harrison","Sockeye",1996,7560,8255,0,0.404497354497355,0.595502645502646,0,0,0,0,0,0,0,0,0,0,0,0,0,0,0,0,0,0,0,0,-0.0879478871806497,31,49.12,-123.06,1,1,0,0,0,0,"WC"
"Harrison","Sockeye",1997,82240,1084,0,0.125936284046693,0.874063715953307,0,0,0,0,0,0,0,0,0,0,0,0,0,0,0,0,0,0,0,0,4.3289838986894,31,49.12,-123.06,1,1,0,0,0,0,"WC"
"Harrison","Sockeye",1998,64475,3012,0,0.281659557968205,0.714230321830167,0,0,0,0.00411012020162854,0,0,0,0,0,0,0,0,0,0,0,0,0,0,0,0,3.06367324182976,31,49.12,-123.06,1,0.995889879798372,0.00411012020162854,0,0,0,"WC"
"Harrison","Sockeye",1999,91504,5592,0,0.182210613743661,0.815876901556216,0,0,0.0019124847001224,0,0,0,0,0,0,0,0,0,0,0,0,0,0,0,0,0,2.79504568224145,31,49.12,-123.06,1,0.998087515299878,0.0019124847001224,0,0,0,"WC"
"Harrison","Sockeye",2000,12173,1745,0,0.653084695637887,0.318163147950382,0,0,0.0287521564117309,0,0,0,0,0,0,0,0,0,0,0,0,0,0,0,0,0,1.94246582877307,31,49.12,-123.06,1,0.971247843588269,0.0287521564117309,0,0,0,"WC"
"Harrison","Sockeye",2001,386967,8335,0,0.139443415071569,0.860556584928431,0,0,0,0,0,0,0,0,0,0,0,0,0,0,0,0,0,0,0,0,3.83787590187339,31,49.12,-123.06,1,1,0,0,0,0,"WC"
"Harrison","Sockeye",2002,276837,24384,0,0.318158338661378,0.681137275725427,0,0,0.000704385613194768,0,0,0,0,0,0,0,0,0,0,0,0,0,0,0,0,0,2.4295017058264,31,49.12,-123.06,1,0.999295614386805,0.000704385613194768,0,0,0,"WC"
"Harrison","Sockeye",2003,105777,6043,0,0.190381651965928,0.786068805127769,0,0,0.00719438063095002,0.00762925777815593,0.00872590449719693,0,0,0,0,0,0,0,0,0,0,0,0,0,0,0,2.86243252710752,31,49.12,-123.06,1,0.976450457093697,0.0235495429063029,0,0,0,"WC"
"Harrison","Sockeye",2004,142678,986,0,0.752505642075162,0.244256297396936,0,0,0,0.00323806052790199,0,0,0,0,0,0,0,0,0,0,0,0,0,0,0,0,4.97468926739039,31,49.12,-123.06,1,0.996761939472098,0.00323806052790199,0,0,0,"WC"
"Harrison","Sockeye",2005,20169,211547,0,0.28608260201299,0.551390748177897,0.160890475482176,0,0.00163617432693738,0,0,0,0,0,0,0,0,0,0,0,0,0,0,0,0,0,-2.35030042386584,31,49.12,-123.06,1,0.998363825673063,0.00163617432693738,0,0,0,"WC"
"Harrison","Sockeye",2006,1410090,90944,0,0.275944088675191,0.724055911324809,0,0,0,0,0,0,0,0,0,0,0,0,0,0,0,0,0,0,0,0,2.74116487864778,31,49.12,-123.06,1,1,0,0,0,0,"WC"
"Harrison","Sockeye",2007,1615702,57444,0.000129355537097806,0.174017238327365,0.825853406135537,0,0,0,0,0,0,0,0,0,0,0,0,0,0,0,0,0,0,0,0,3.33671425593721,31,49.12,-123.06,1,1,0,0,0,0,"WC"
"Harrison","Sockeye",2008,176902,4409,0,0.323727261421578,0.663825168737493,0.0124475698409289,0,0,0,0,0,0,0,0,0,0,0,0,0,0,0,0,0,0,0,3.69194800054853,31,49.12,-123.06,1,1,0,0,0,0,"WC"
"Harrison","Sockeye",2009,165941,100603,0.000174760908997776,0.159888153018241,0.839937086072761,0,0,0,0,0,0,0,0,0,0,0,0,0,0,0,0,0,0,0,0,0.50045022519798,31,49.12,-123.06,1,1,0,0,0,0,"WC"
"Harrison","Sockeye",2010,1244097,399661,0.000131018722816629,0.19175514449436,0.806825352042485,0.00087131469652286,0,0,0,0.000417170043814912,0,0,0,0,0,0,0,0,0,0,0,0,0,0,0,1.135548556759,31,49.12,-123.06,1,0.999582829956185,0.000417170043814912,0,0,0,"WC"
"Harrison","Sockeye",2011,223934,387080,0.000192020863290077,0.232519403038395,0.763595523681085,0.00369305241723008,0,0,0,0,0,0,0,0,0,0,0,0,0,0,0,0,0,0,0,-0.54728002443058,31,49.12,-123.06,1,1,0,0,0,0,"WC"
"Harrison","Sockeye",2012,105695,32895,0.000331141492028951,0.133677089739344,0.865991768768627,0,0,0,0,0,0,0,0,0,0,0,0,0,0,0,0,0,0,0,0,1.16723691752969,31,49.12,-123.06,1,1,0,0,0,0,"WC"
"Harrison","Sockeye",2013,76030,78023,0.000578718926739445,0.119689596212022,0.878337498355912,0.00139418650532684,0,0,0,0,0,0,0,0,0,0,0,0,0,0,0,0,0,0,0,-0.0258756557779749,31,49.12,-123.06,1,1,0,0,0,0,"WC"
"Harrison","Sockeye",2014,39396,238373,0,0.0331759569499442,0.966290994009544,0.000533049040511727,0,0,0,0,0,0,0,0,0,0,0,0,0,0,0,0,0,0,0,-1.80017238543635,31,49.12,-123.06,1,1,0,0,0,0,"WC"
"Harrison","Sockeye",2015,5222,58297,0,0.413826120260437,0.582152432018384,0,0,0,0.00402144772117962,0,0,0,0,0,0,0,0,0,0,0,0,0,0,0,0,-2.41267016377952,31,49.12,-123.06,1,0.99597855227882,0.00402144772117962,0,0,0,"WC"
"Late Shuswap","Sockeye",1950,9944058,583072,0,0.000263272800701685,0,0,0,0.0597699651389805,0.935601542147079,0.00127161366114317,0,0,6.16448536402342e-05,0.00303196139845524,0,0,0,0,0,0,0,0,0,0,0,2.83641978796898,21,49.12,-123.06,1,0.000263272800701685,0.996643120947203,0.00309360625209547,0,0,"WC"
"Late Shuswap","Sockeye",1951,529582,82094,0,0,0,0,0,0.0137655736033324,0.981489174481006,0.00425052210989044,0,0,0,0.000494729805771344,0,0,0,0,0,0,0,0,0,0,0,1.86422308394979,21,49.12,-123.06,1,0,0.999505270194229,0.000494729805771344,0,0,"WC"
"Late Shuswap","Sockeye",1952,17932,4211,0,0,0,0,0,0.0825897836270355,0.798572384563908,0.118837831809056,0,0,0,0,0,0,0,0,0,0,0,0,0,0,0,1.4488866771134,21,49.12,-123.06,1,0,1,0,0,0,"WC"
"Late Shuswap","Sockeye",1953,31027,1623,0,0,0,0,0,0.0469268701453573,0.953073129854643,0,0,0,0,0,0,0,0,0,0,0,0,0,0,0,0,2.95058150462231,21,49.12,-123.06,1,0,1,0,0,0,"WC"
"Late Shuswap","Sockeye",1954,15869336,1067640,0,0,0,0,0,0.0450378012035286,0.951252213703207,0.000759956182161623,0,0,0.000222819656726658,0.00272720925437586,0,0,0,0,0,0,0,0,0,0,0,2.69893808865087,21,49.12,-123.06,1,0,0.997049971088897,0.00295002891110252,0,0,"WC"
"Late Shuswap","Sockeye",1955,865520,44634,0,0,0,0,0,0.0128431463166651,0.985843192531657,0.000703623255384047,0,0,0,0.000610037896293558,0,0,0,0,0,0,0,0,0,0,0,2.96483458194206,21,49.12,-123.06,1,0,0.999389962103706,0.000610037896293558,0,0,"WC"
"Late Shuswap","Sockeye",1956,7974,2103,0,0,0,0,0,0.0696012039127163,0.872962126912466,0.0574366691748182,0,0,0,0,0,0,0,0,0,0,0,0,0,0,0,1.3328213522386,21,49.12,-123.06,1,0,1,0,0,0,"WC"
"Late Shuswap","Sockeye",1957,3163,1651,0,0,0,0,0,0.00505848877647803,0.697439140056908,0,0,0,0,0.297502371166614,0,0,0,0,0,0,0,0,0,0,0,0.650139779385521,21,49.12,-123.06,1,0,0.702497628833386,0.297502371166614,0,0,"WC"
"Late Shuswap","Sockeye",1958,2213808,1128898,0,0.0003934397201564,0,0,0,0.055820107254107,0.938101226483959,0.00185065732891019,0,0,0.000291804890035631,0.00354276432283197,0,0,0,0,0,0,0,0,0,0,0,0.673472174011076,21,49.12,-123.06,1,0.0003934397201564,0.995771991066976,0.0038345692128676,0,0,"WC"
"Late Shuswap","Sockeye",1959,382302,89270,0,0,0,0,0,0.0200862145633557,0.979594665997039,0.000277267709821032,0,0,0,4.18517297843066e-05,0,0,0,0,0,0,0,0,0,0,0,1.454545386991,21,49.12,-123.06,1,0,0.999958148270216,4.18517297843066e-05,0,0,"WC"
"Late Shuswap","Sockeye",1960,2549,1322,0,0,0,0,0,0.0788544527265594,0.915260886622205,0,0,0,0,0.00588466065123578,0,0,0,0,0,0,0,0,0,0,0,0.656555383964484,21,49.12,-123.06,1,0,0.994115339348764,0.00588466065123578,0,0,"WC"
"Late Shuswap","Sockeye",1961,8147,854,0,0,0,0,0,0.0250398919847797,0.858721001595679,0,0,0,0,0.116239106419541,0,0,0,0,0,0,0,0,0,0,0,2.25547384652207,21,49.12,-123.06,1,0,0.883760893580459,0.116239106419541,0,0,"WC"
"Late Shuswap","Sockeye",1962,2925312,652104,0,0.000104946070709723,0,0,0,0.0308483334427234,0.936737688150871,0.00372302168110615,0,0,0,0.02858601065459,0,0,0,0,0,0,0,0,0,0,0,1.50095236223527,21,49.12,-123.06,1,0.000104946070709723,0.9713090432747,0.02858601065459,0,0,"WC"
"Late Shuswap","Sockeye",1963,3131346,80246,0,0,0,0,0,0.025205774130358,0.973200981303248,0.00116978449522985,0,0,0,0.000423460071164285,0,0,0,0,0,0,0,0,0,0,0,3.66412130651474,21,49.12,-123.06,1,0,0.999576539928836,0.000423460071164285,0,0,"WC"
"Late Shuswap","Sockeye",1964,19626,345,0,0,0,0,0,0.11953531030266,0.871446040966065,0.00901864873127484,0,0,0,0,0,0,0,0,0,0,0,0,0,0,0,4.04106607973508,21,49.12,-123.06,1,0,1,0,0,0,"WC"
"Late Shuswap","Sockeye",1965,24808,1332,0,0,0,0,0,0.0199935504675911,0.980006449532409,0,0,0,0,0,0,0,0,0,0,0,0,0,0,0,0,2.92448460967995,21,49.12,-123.06,1,0,1,0,0,0,"WC"
"Late Shuswap","Sockeye",1966,4051932,661765,0,0.00119794705340563,0,0,0,0.0237412671288659,0.966177862807174,0.00546356651592376,0,0,0.000364764265540488,0.00305459222908973,0,0,0,0,0,0,0,0,0,0,0,1.81203857537093,21,49.12,-123.06,1,0.00119794705340563,0.995382696451964,0.00341935649463022,0,0,"WC"
"Late Shuswap","Sockeye",1967,3184223,402434,0,0,0,0,0,0.0207130593554534,0.97615713472329,0.00253625452739962,0,0,0,0.000593551393856523,0,0,0,0,0,0,0,0,0,0,0,2.06843247394225,21,49.12,-123.06,1,0,0.999406448606143,0.000593551393856523,0,0,"WC"
"Late Shuswap","Sockeye",1968,21961,2713,0,0,0,0,0,0.0101088292882838,0.942989845635445,0.00336960976276126,0,0,0,0.0435317153135103,0,0,0,0,0,0,0,0,0,0,0,2.09121311926836,21,49.12,-123.06,1,0,0.95646828468649,0.0435317153135103,0,0,"WC"
"Late Shuswap","Sockeye",1969,29860,3166,0,0,0,0,0,0.0544206296048225,0.936604152712659,0,0,0,0.00897521768251842,0,0,0,0,0,0,0,0,0,0,0,0,2.24405083065222,21,49.12,-123.06,1,0,0.991024782317482,0.00897521768251842,0,0,"WC"
"Late Shuswap","Sockeye",1970,5580907,787577,0,1.32594934837653e-05,0,0,0,0.0311130430949665,0.962918034649207,0.000477879312448675,0,0,0.000392050969492952,0.00508573248040148,0,0,0,0,0,0,0,0,0,0,0,1.95814544327162,21,49.12,-123.06,1,1.32594934837653e-05,0.994508957056622,0.00547778344989444,0,0,"WC"
"Late Shuswap","Sockeye",1971,702125,159119,0,0,0,0,0,0.0305743279330604,0.968931458073705,0.000182303720847427,0,0,0,0.000311910272387395,0,0,0,0,0,0,0,0,0,0,0,1.48445910089174,21,49.12,-123.06,1,0,0.999688089727613,0.000311910272387395,0,0,"WC"
"Late Shuswap","Sockeye",1972,44505,2155,0,0,0,0,0,0.0920795416245366,0.861521177395798,0.0463992809796652,0,0,0,0,0,0,0,0,0,0,0,0,0,0,0,3.02781081885518,21,49.12,-123.06,1,0,1,0,0,0,"WC"
"Late Shuswap","Sockeye",1973,67868,2467,0,0,0,0,0,0.0562415276713621,0.943758472328638,0,0,0,0,0,0,0,0,0,0,0,0,0,0,0,0,3.31456180463347,21,49.12,-123.06,1,0,1,0,0,0,"WC"
"Late Shuswap","Sockeye",1974,7050422,619143,0,0,0,0,0,0.0205959302861588,0.977026056028987,0.00138289594580296,0,0,7.65911600752409e-06,0.000987458623044124,0,0,0,0,0,0,0,0,0,0,0,2.43250648839622,21,49.12,-123.06,1,0,0.999004882260948,0.000995117739051648,0,0,"WC"
"Late Shuswap","Sockeye",1975,1026264,85540,0,0,0,0,0,0.00309959230763234,0.995849995712604,0.00105041197976349,0,0,0,0,0,0,0,0,0,0,0,0,0,0,0,2.48469619977495,21,49.12,-123.06,1,0,1,0,0,0,"WC"
"Late Shuswap","Sockeye",1976,14170,3072,0,0,0,0,0,0.0407904022582922,0.920889202540579,0,0,0,0,0.0383203952011291,0,0,0,0,0,0,0,0,0,0,0,1.52879823841716,21,49.12,-123.06,1,0,0.961679604798871,0.0383203952011291,0,0,"WC"
"Late Shuswap","Sockeye",1977,93645,6027,0,0,0,0,0,0.00662074857173368,0.993379251428266,0,0,0,0,0,0,0,0,0,0,0,0,0,0,0,0,2.74326166268091,21,49.12,-123.06,1,0,1,0,0,0,"WC"
"Late Shuswap","Sockeye",1978,9657379,1014791,0,0,0,0,0,0.0123589433530568,0.969090267659579,0.0119863784987624,0,0,1.41860436460037e-05,0.00652216300095502,2.80614440004892e-05,0,0,0,0,0,0,0,0,0,0,2.25303960639631,21,49.12,-123.06,1,0,0.993435589511398,0.00656441048860151,0,0,"WC"
"Late Shuswap","Sockeye",1979,1499666,162068,0,0,0,0,0,0.00489642360365575,0.983909750571127,0.0104563282757627,0,0,0,0.000737497549454345,0,0,0,0,0,0,0,0,0,0,0,2.22498169538261,21,49.12,-123.06,1,0,0.999262502450546,0.000737497549454345,0,0,"WC"
"Late Shuswap","Sockeye",1980,23307,1817,0,0,0,0,0,0.0649161196207148,0.916033809585103,0.019050070794182,0,0,0,0,0,0,0,0,0,0,0,0,0,0,0,2.55156695522236,21,49.12,-123.06,1,0,1,0,0,0,"WC"
"Late Shuswap","Sockeye",1981,9470,5950,0,0,0,0,0,0.000422386483632524,0.999577613516367,0,0,0,0,0,0,0,0,0,0,0,0,0,0,0,0,0.464737687640448,21,49.12,-123.06,1,0,1,0,0,0,"WC"
"Late Shuswap","Sockeye",1982,9464899,1568612,0,0,0,0,0,0.0084392870964603,0.972712334278475,0.0111444401044322,0,0,3.16960593029043e-06,0.00769516927755912,5.5996371435131e-06,0,0,0,0,0,0,0,0,0,0,1.79739896181054,21,49.12,-123.06,1,0,0.992296061479367,0.00770393852063292,0,0,"WC"
"Late Shuswap","Sockeye",1983,1980917,100257,0,0,0,0,0,0.00862630791698996,0.983165877217471,0.00820781486553955,0,0,0,0,0,0,0,0,0,0,0,0,0,0,0,2.9835782586041,21,49.12,-123.06,1,0,1,0,0,0,"WC"
"Late Shuswap","Sockeye",1984,33174,2403,0,0,0,0,0,0.00310484114065232,0.984867667450413,0.0120274914089347,0,0,0,0,0,0,0,0,0,0,0,0,0,0,0,2.62504847982952,21,49.12,-123.06,1,0,1,0,0,0,"WC"
"Late Shuswap","Sockeye",1985,14934,813,0,0,0,0,0,0.00408463907861256,0.289205839025044,0,0,0,0,0.625619391991429,0.081090129904915,0,0,0,0,0,0,0,0,0,0,2.91066466204784,21,49.12,-123.06,1,0,0.293290478103656,0.706709521896344,0,0,"WC"
"Late Shuswap","Sockeye",1986,10945795,1068368,0,0,0,0,0,0.0061757962761042,0.970241631603735,0.01776024491597,0,0,6.85194634103781e-06,0.00474264317941273,0.00107283207843743,0,0,0,0,0,0,0,0,0,0,2.32682311376774,21,49.12,-123.06,1,0,0.994177672795809,0.0058223272041912,0,0,"WC"
"Late Shuswap","Sockeye",1987,3903932,310451,0,0,0,0,0,0.00218190275855215,0.98367748208729,0.0141406151541574,0,0,0,0,0,0,0,0,0,0,0,0,0,0,0,2.53171345041217,21,49.12,-123.06,1,0,1,0,0,0,"WC"
"Late Shuswap","Sockeye",1988,8220,3556,0,0,0,0,0,0.000121654501216545,0.804257907542579,0.195620437956204,0,0,0,0,0,0,0,0,0,0,0,0,0,0,0,0.83793389141643,21,49.12,-123.06,1,0,1,0,0,0,"WC"
"Late Shuswap","Sockeye",1989,13135,382,0,0,0,0,0,0.0210886943281309,0.978911305671869,0,0,0,0,0,0,0,0,0,0,0,0,0,0,0,0,3.53761509351307,21,49.12,-123.06,1,0,1,0,0,0,"WC"
"Late Shuswap","Sockeye",1990,7770370,1744387,0,0.000283898964914155,0,0,0,0.00253205445815322,0.978413383146491,0.016158689998031,0,0,3.86082001243184e-07,0.00259112500434342,2.04623460658888e-05,0,0,0,0,0,0,0,0,0,0,1.49391457775389,21,49.12,-123.06,1,0.000283898964914155,0.997104127602675,0.00261197343241055,0,0,"WC"
"Late Shuswap","Sockeye",1991,866189,615852,0,0,0,0,0,0.000888951487492914,0.976523599353028,0.0223415443973544,0,0,0,0.000245904762124663,0,0,0,0,0,0,0,0,0,0,0,0.341096454627933,21,49.12,-123.06,1,0,0.999754095237875,0.000245904762124663,0,0,"WC"
"Late Shuswap","Sockeye",1992,19909,6640,0,0,0,0,0,0,0.575920437992868,0.424079562007132,0,0,0,0,0,0,0,0,0,0,0,0,0,0,0,1.09805992730932,21,49.12,-123.06,1,0,1,0,0,0,"WC"
"Late Shuswap","Sockeye",1993,15366,753,0,0,0,0,0,0.00149681114148119,0.998503188858519,0,0,0,0,0,0,0,0,0,0,0,0,0,0,0,0,3.01584732762769,21,49.12,-123.06,1,0,1,0,0,0,"WC"
"Late Shuswap","Sockeye",1994,2610200,664678,0,0,0,0,0,0.000242893264883917,0.992155007279136,0.00673090184660179,0,0,1.18764845605701e-05,0.000859321124818022,0,0,0,0,0,0,0,0,0,0,0,1.36787941287166,21,49.12,-123.06,1,0,0.999128802390621,0.000871197609378592,0,0,"WC"
"Late Shuswap","Sockeye",1995,771591,210742,0,0,0,0,0,0.000615611120399279,0.973190459712464,0.0261939291671365,0,0,0,0,0,0,0,0,0,0,0,0,0,0,0,1.29781998039527,21,49.12,-123.06,1,0,1,0,0,0,"WC"
"Late Shuswap","Sockeye",1996,61532,5493,0,0,0,0,0,0,0.515829162062017,0.477182604173438,0,0,0,0.00698823376454528,0,0,0,0,0,0,0,0,0,0,0,2.41608281033302,21,49.12,-123.06,1,0,0.993011766235455,0.00698823376454528,0,0,"WC"
"Late Shuswap","Sockeye",1997,34711,597,0,0,0.00812422574976232,0,0,0,0.971075451585953,0.0208003226642851,0,0,0,0,0,0,0,0,0,0,0,0,0,0,0,4.0628948051894,21,49.12,-123.06,1,0.00812422574976232,0.991875774250238,0,0,0,"WC"
"Late Shuswap","Sockeye",1998,7248023,680552,0,0.00894850913138659,0,0,0,0.0028824411843064,0.985349660176299,0.00281552638560888,0,0,0,3.86312239903212e-06,0,0,0,0,0,0,0,0,0,0,0,2.3655797874337,21,49.12,-123.06,1,0.00894850913138659,0.991047627746214,3.86312239903212e-06,0,0,"WC"
"Late Shuswap","Sockeye",1999,698913,138275,0,0,0,0,0,0.000158818050315275,0.969376732154073,0.0304644497956112,0,0,0,0,0,0,0,0,0,0,0,0,0,0,0,1.62028181508753,21,49.12,-123.06,1,0,1,0,0,0,"WC"
"Late Shuswap","Sockeye",2000,1388,164,0,0,0,0,0,0,1,0,0,0,0,0,0,0,0,0,0,0,0,0,0,0,0,2.13575271324255,21,49.12,-123.06,1,0,1,0,0,0,"WC"
"Late Shuswap","Sockeye",2001,8890,2138,0,0,0.124184476940382,0,0,0.00989876265466817,0.726096737907762,0.139820022497188,0,0,0,0,0,0,0,0,0,0,0,0,0,0,0,1.42505623692296,21,49.12,-123.06,1,0.124184476940382,0.875815523059618,0,0,0,"WC"
"Late Shuswap","Sockeye",2002,7509787,2844548,0,0.00339503637053887,0,0,0,0.00562386123601109,0.98367516948217,0.007170376470065,0,0,0,0.000135556441214644,0,0,0,0,0,0,0,0,0,0,0,0.970802923453468,21,49.12,-123.06,1,0.00339503637053887,0.996469407188247,0.000135556441214644,0,0,"WC"
"Late Shuswap","Sockeye",2003,138420,189695,0,0.0432307470018783,0,0,0,8.66926744690074e-05,0.868559456725907,0.088123103597746,0,0,0,0,0,0,0,0,0,0,0,0,0,0,0,-0.315124977773457,21,49.12,-123.06,1,0.0432307470018783,0.956769252998122,0,0,0,"WC"
"Late Shuswap","Sockeye",2005,37407,11793,0,0,0.0224824230758949,0,0,0,0.970754136926244,0,0,0,0.00676343999786136,0,0,0,0,0,0,0,0,0,0,0,0,1.15435171757473,21,49.12,-123.06,1,0.0224824230758949,0.970754136926244,0.00676343999786136,0,0,"WC"
"Late Shuswap","Sockeye",2006,17674350,1170692,0,0.00145482012068336,0,0,0,0.00382859907153587,0.980406408156453,0.0141219337627692,0,0,0,0.000188238888558844,0,0,0,0,0,0,0,0,0,0,0,2.7145194090386,21,49.12,-123.06,1,0.00145482012068336,0.998356940990758,0.000188238888558844,0,0,"WC"
"Late Shuswap","Sockeye",2007,126793,32296,0,0,0,0,0,0.000488985985030719,0.998738100683792,0.000772913331177589,0,0,0,0,0,0,0,0,0,0,0,0,0,0,0,1.36761245188131,21,49.12,-123.06,1,0,1,0,0,0,"WC"
"Late Shuswap","Sockeye",2008,8855,83,0,0,0,0,0,0,0.000112930547713156,0.999887069452287,0,0,0,0,0,0,0,0,0,0,0,0,0,0,0,4.66989694242034,21,49.12,-123.06,1,0,1,0,0,0,"WC"
"Late Shuswap","Sockeye",2009,387244,20208,0,0,0.00241449835245995,0,0,0,0.99738407825557,0,0,0,0,0,0.000201423391969921,0,0,0,0,0,0,0,0,0,0,2.9529764197018,21,49.12,-123.06,1,0.00241449835245995,0.99738407825557,0.000201423391969921,0,0,"WC"
"Late Shuswap","Sockeye",2010,8254275,3073220,0,0.0016798568014756,0,0,0,0.00771939388983284,0.988355851967617,0.00200865612061629,0,0,4.11907769004546e-06,0.000232122142768444,0,0,0,0,0,0,0,0,0,0,0,0.98800537609024,21,49.12,-123.06,1,0.0016798568014756,0.998083901978066,0.00023624122045849,0,0,"WC"
"Late Shuswap","Sockeye",2011,12696,46028,0,0,0,0,0,0.00803402646502836,0.957703213610586,0.0342627599243856,0,0,0,0,0,0,0,0,0,0,0,0,0,0,0,-1.2879629237371,21,49.12,-123.06,1,0,1,0,0,0,"WC"
"Late Shuswap","Sockeye",2012,356,6,0,0,0.396067415730337,0,0,0,0.603932584269663,0,0,0,0,0,0,0,0,0,0,0,0,0,0,0,0,4.08317126162398,21,49.12,-123.06,1,0.396067415730337,0.603932584269663,0,0,0,"WC"
"Late Shuswap","Sockeye",2013,28087,87946,0,0.00259906718410653,0,0,0,0,0.996439633994375,0,0,0,0.000961298821518852,0,0,0,0,0,0,0,0,0,0,0,0,-1.14141615392285,21,49.12,-123.06,1,0.00259906718410653,0.996439633994375,0.000961298821518852,0,0,"WC"
"Late Shuswap","Sockeye",2014,4314979,1053404,0,0,0,0,0,0.00283129999010424,0.994309358168371,0.00285169406386451,0,0,0,7.64777766009985e-06,0,0,0,0,0,0,0,0,0,0,0,1.41006563249167,21,49.12,-123.06,1,0,0.99999235222234,7.64777766009985e-06,0,0,"WC"
"Late Shuswap","Sockeye",2015,1714,3178,0,0,0,0,0,0,0.963827304550758,0.0361726954492415,0,0,0,0,0,0,0,0,0,0,0,0,0,0,0,-0.617422247938936,21,49.12,-123.06,1,0,1,0,0,0,"WC"
"Late Stuart","Sockeye",1950,39681,1834,0,0,0,0,0,0.0148937778785817,0.924145056828205,0.0609611652932134,0,0,0,0,0,0,0,0,0,0,0,0,0,0,0,3.07437310987775,14,49.12,-123.06,1,0,1,0,0,0,"WC"
"Late Stuart","Sockeye",1951,63810,1246,0,0,0,0,0,0,0.878937470615891,0.118461056260774,0,0,0,0.0026014731233349,0,0,0,0,0,0,0,0,0,0,0,3.93597149751499,14,49.12,-123.06,1,0,0.997398526876665,0.0026014731233349,0,0,"WC"
"Late Stuart","Sockeye",1952,3973,16,0,0,0,0,0,0.0216461112509439,0.971054618676063,0.0072992700729927,0,0,0,0,0,0,0,0,0,0,0,0,0,0,0,5.51468803357482,14,49.12,-123.06,1,0,1,0,0,0,"WC"
"Late Stuart","Sockeye",1953,1552239,78686,0,0,0,0,0,0.000534711471622604,0.997315490720179,0.000947019112391842,0,0,0,0.00120277869580651,0,0,0,0,0,0,0,0,0,0,0,2.98198843485788,14,49.12,-123.06,1,0,0.998797221304193,0.00120277869580651,0,0,"WC"
"Late Stuart","Sockeye",1954,137965,2687,0,0,0,0,0,0.00108723226905375,0.979313594027471,0.0195991737034755,0,0,0,0,0,0,0,0,0,0,0,0,0,0,0,3.93857470016764,14,49.12,-123.06,1,0,1,0,0,0,"WC"
"Late Stuart","Sockeye",1955,51345,3274,0,0,0,0,0,0.000564806699776025,0.977621969033012,0.021813224267212,0,0,0,0,0,0,0,0,0,0,0,0,0,0,0,2.75255508170132,14,49.12,-123.06,1,0,1,0,0,0,"WC"
"Late Stuart","Sockeye",1956,46102,466,0,0,0,0,0,0,0.292221595592382,0.707778404407618,0,0,0,0,0,0,0,0,0,0,0,0,0,0,0,4.59442597786598,14,49.12,-123.06,1,0,1,0,0,0,"WC"
"Late Stuart","Sockeye",1957,1329884,300038,0,0,0,0,0,0.00065720017685753,0.997902072661977,0.00144072716116594,0,0,0,0,0,0,0,0,0,0,0,0,0,0,0,1.48893786606565,14,49.12,-123.06,1,0,1,0,0,0,"WC"
"Late Stuart","Sockeye",1958,54677,13152,0,0,0,0,0,0.0122903597490718,0.970133694240723,0.0175759460102054,0,0,0,0,0,0,0,0,0,0,0,0,0,0,0,1.42486930736965,14,49.12,-123.06,1,0,1,0,0,0,"WC"
"Late Stuart","Sockeye",1959,7392,4090,0,0,0,0,0,0.00906385281385281,0.824134199134199,0.166801948051948,0,0,0,0,0,0,0,0,0,0,0,0,0,0,0,0.591853364284673,14,49.12,-123.06,1,0,1,0,0,0,"WC"
"Late Stuart","Sockeye",1960,9617,1307,0,0,0,0,0,0.00280752833523968,0.692315690963918,0.304876780700842,0,0,0,0,0,0,0,0,0,0,0,0,0,0,0,1.99579793108826,14,49.12,-123.06,1,0,1,0,0,0,"WC"
"Late Stuart","Sockeye",1961,778478,194461,0,0,0,0,0,0.000183691767782776,0.989604073589748,0.00967914314855397,0,0,0,0.00053309149391505,0,0,0,0,0,0,0,0,0,0,0,1.38710910258736,14,49.12,-123.06,1,0,0.999466908506085,0.00053309149391505,0,0,"WC"
"Late Stuart","Sockeye",1962,45069,9073,0,0,0,0,0,0.00099846901417826,0.956466750981828,0.0425347800039939,0,0,0,0,0,0,0,0,0,0,0,0,0,0,0,1.6028916785609,14,49.12,-123.06,1,0,1,0,0,0,"WC"
"Late Stuart","Sockeye",1963,12049,1092,0,0,0,0,0,0.00207486098431405,0.988546767366586,0.00937837164909951,0,0,0,0,0,0,0,0,0,0,0,0,0,0,0,2.40097079161843,14,49.12,-123.06,1,0,1,0,0,0,"WC"
"Late Stuart","Sockeye",1964,3101,824,0,0,0,0,0,0.0193485972267011,0.582392776523702,0.398258626249597,0,0,0,0,0,0,0,0,0,0,0,0,0,0,0,1.32530938919098,14,49.12,-123.06,1,0,1,0,0,0,"WC"
"Late Stuart","Sockeye",1965,1124519,122786,0,0,0,0,0,0.00020275335499,0.980372941675507,0.0193433814813267,0,0,0,8.09234881758334e-05,0,0,0,0,0,0,0,0,0,0,0,2.21466766495588,14,49.12,-123.06,1,0,0.999919076511824,8.09234881758334e-05,0,0,"WC"
"Late Stuart","Sockeye",1966,74079,4164,0,0,0,0,0,0.00369875403285682,0.971314407591895,0.024986838375248,0,0,0,0,0,0,0,0,0,0,0,0,0,0,0,2.878655940574,14,49.12,-123.06,1,0,1,0,0,0,"WC"
"Late Stuart","Sockeye",1967,16556,897,0,0,0,0,0,0.013529838125151,0.38016429089152,0.606305870983329,0,0,0,0,0,0,0,0,0,0,0,0,0,0,0,2.91544799080983,14,49.12,-123.06,1,0,1,0,0,0,"WC"
"Late Stuart","Sockeye",1968,31299,179,0,0,0,0,0,0,0.875203680628774,0.124796319371226,0,0,0,0,0,0,0,0,0,0,0,0,0,0,0,5.16395562129532,14,49.12,-123.06,1,0,1,0,0,0,"WC"
"Late Stuart","Sockeye",1969,1625590,114300,0,0,0,0,0,0.00169538444503227,0.9860370696178,0.0122343272288831,0,0,3.32187082843768e-05,0,0,0,0,0,0,0,0,0,0,0,0,2.65479953498967,14,49.12,-123.06,1,0,0.999966781291716,3.32187082843768e-05,0,0,"WC"
"Late Stuart","Sockeye",1970,70838,8027,0,0,0,0,0,0.00448911601118044,0.99551088398882,0,0,0,0,0,0,0,0,0,0,0,0,0,0,0,0,2.17758472072972,14,49.12,-123.06,1,0,1,0,0,0,"WC"
"Late Stuart","Sockeye",1971,66770,725,0,0,0,0,0,0.0186161449752883,0.981383855024712,0,0,0,0,0,0,0,0,0,0,0,0,0,0,0,0,4.52283750199724,14,49.12,-123.06,1,0,1,0,0,0,"WC"
"Late Stuart","Sockeye",1972,18766,3411,0,0,0,0,0,0,0.862197591388682,0.137802408611318,0,0,0,0,0,0,0,0,0,0,0,0,0,0,0,1.70504121843135,14,49.12,-123.06,1,0,1,0,0,0,"WC"
"Late Stuart","Sockeye",1973,666098,116703,0,0,0,0,0,0.000435371371780128,0.988079832096779,0.00871793639974899,0,0,0,0.00276686013169233,0,0,0,0,0,0,0,0,0,0,0,1.74180456095949,14,49.12,-123.06,1,0,0.997233139868308,0.00276686013169233,0,0,"WC"
"Late Stuart","Sockeye",1974,50716,7371,0,0,0,0,0,0.0168585850619134,0.958139443173752,0.0250019717643347,0,0,0,0,0,0,0,0,0,0,0,0,0,0,0,1.92868806045855,14,49.12,-123.06,1,0,1,0,0,0,"WC"
"Late Stuart","Sockeye",1975,215116,5679,0,0,0,0,0,0.00251492218152067,0.995263020881757,0.00222205693672251,0,0,0,0,0,0,0,0,0,0,0,0,0,0,0,3.63440225661947,14,49.12,-123.06,1,0,1,0,0,0,"WC"
"Late Stuart","Sockeye",1976,3339,1674,0,0,0,0,0,0,1,0,0,0,0,0,0,0,0,0,0,0,0,0,0,0,0,0.690455388894234,14,49.12,-123.06,1,0,1,0,0,0,"WC"
"Late Stuart","Sockeye",1977,1357741,75962,0,0,0,0,0,7.65978194663047e-05,0.967681612325178,0.0322417898553553,0,0,0,0,0,0,0,0,0,0,0,0,0,0,0,2.88334435303482,14,49.12,-123.06,1,0,1,0,0,0,"WC"
"Late Stuart","Sockeye",1978,79447,7115,0,0,0,0,0,0.00879831837577253,0.878824876962,0.112376804662228,0,0,0,0,0,0,0,0,0,0,0,0,0,0,0,2.41288490113077,14,49.12,-123.06,1,0,1,0,0,0,"WC"
"Late Stuart","Sockeye",1979,6854,16711,0,0,0,0,0,0,1,0,0,0,0,0,0,0,0,0,0,0,0,0,0,0,0,-0.891234761768829,14,49.12,-123.06,1,0,1,0,0,0,"WC"
"Late Stuart","Sockeye",1980,21440,287,0,0,0,0,0,0,1,0,0,0,0,0,0,0,0,0,0,0,0,0,0,0,0,4.31353139942512,14,49.12,-123.06,1,0,1,0,0,0,"WC"
"Late Stuart","Sockeye",1981,2033901,120124,0,0,0,0,0,0,0.972520294743943,0.0274797052560572,0,0,0,0,0,0,0,0,0,0,0,0,0,0,0,2.82918636026359,14,49.12,-123.06,1,0,1,0,0,0,"WC"
"Late Stuart","Sockeye",1982,60989,8681,0,0,0,0,0,0.0031645050746856,0.854203216973553,0.142632277951762,0,0,0,0,0,0,0,0,0,0,0,0,0,0,0,1.94955679063376,14,49.12,-123.06,1,0,1,0,0,0,"WC"
"Late Stuart","Sockeye",1983,17944,1451,0,0,0,0,0,0,0.791072224699064,0.207144449398128,0,0,0,0.00178332590280874,0,0,0,0,0,0,0,0,0,0,0,2.51500282331586,14,49.12,-123.06,1,0,0.998216674097191,0.00178332590280874,0,0,"WC"
"Late Stuart","Sockeye",1984,14744,672,0,0,0,0,0,0.0150569723277265,0.984943027672273,0,0,0,0,0,0,0,0,0,0,0,0,0,0,0,0,3.08833315882651,14,49.12,-123.06,1,0,1,0,0,0,"WC"
"Late Stuart","Sockeye",1985,3507629,159048,0,0,0,0,0,0.00221089516593688,0.959932193513054,0.0378569113210091,0,0,0,0,0,0,0,0,0,0,0,0,0,0,0,3.09348954617842,14,49.12,-123.06,1,0,1,0,0,0,"WC"
"Late Stuart","Sockeye",1986,816561,15045,0,0,0,0,0,0.000323307138107257,0.888024287224102,0.111652405637791,0,0,0,0,0,0,0,0,0,0,0,0,0,0,0,3.99405590866223,14,49.12,-123.06,1,0,1,0,0,0,"WC"
"Late Stuart","Sockeye",1987,380071,2392,0,0,0,0,0,0.00258898995187741,0.747049893309408,0.250361116738715,0,0,0,0,0,0,0,0,0,0,0,0,0,0,0,5.0682282412845,14,49.12,-123.06,1,0,1,0,0,0,"WC"
"Late Stuart","Sockeye",1988,208786,3638,0,0,0,0,0,0.00743344860287567,0.992566551397124,0,0,0,0,0,0,0,0,0,0,0,0,0,0,0,0,4.04987572385618,14,49.12,-123.06,1,0,1,0,0,0,"WC"
"Late Stuart","Sockeye",1989,5327124,327098,0,0,0,0,0,0.00380242697560635,0.96914094734795,0.0270566256764438,0,0,0,0,0,0,0,0,0,0,0,0,0,0,0,2.79030696410076,14,49.12,-123.06,1,0,1,0,0,0,"WC"
"Late Stuart","Sockeye",1990,389823,111747,0,0,0,0,0,0.00112871739225238,0.95603645757177,0.0427219532967526,0,0,0.000112871739225238,0,0,0,0,0,0,0,0,0,0,0,0,1.24945540245477,14,49.12,-123.06,1,0,0.999887128260775,0.000112871739225238,0,0,"WC"
"Late Stuart","Sockeye",1991,109581,40200,0,0,0,0,0,0.00323048703698634,0.83446035352844,0.162309159434574,0,0,0,0,0,0,0,0,0,0,0,0,0,0,0,1.00279700619653,14,49.12,-123.06,1,0,1,0,0,0,"WC"
"Late Stuart","Sockeye",1992,135399,12422,0,0,0,0,0,0,0.952518113132298,0.0474818868677021,0,0,0,0,0,0,0,0,0,0,0,0,0,0,0,2.38875688078942,14,49.12,-123.06,1,0,1,0,0,0,"WC"
"Late Stuart","Sockeye",1993,3764256,1184283,0,0,0,0,0,0.00108441083709503,0.863157287920907,0.135758301241998,0,0,0,0,0,0,0,0,0,0,0,0,0,0,0,1.15641270399147,14,49.12,-123.06,1,0,1,0,0,0,"WC"
"Late Stuart","Sockeye",1994,115440,40705,0,0,0,0,0,0,0.935646223146223,0.0643537768537769,0,0,0,0,0,0,0,0,0,0,0,0,0,0,0,1.04239997943967,14,49.12,-123.06,1,0,1,0,0,0,"WC"
"Late Stuart","Sockeye",1995,133454,17181,0,0,0,0,0,0.0102357366583242,0.694718779504548,0.295045483837127,0,0,0,0,0,0,0,0,0,0,0,0,0,0,0,2.04995272709445,14,49.12,-123.06,1,0,1,0,0,0,"WC"
"Late Stuart","Sockeye",1996,1023000,27297,0,0,0,0,0,0.000593352883675464,0.791790811339198,0.207615835777126,0,0,0,0,0,0,0,0,0,0,0,0,0,0,0,3.62371795990896,14,49.12,-123.06,1,0,1,0,0,0,"WC"
"Late Stuart","Sockeye",1997,430895,415149,0,0,0,0,0,0.000187980830596781,0.816242936214159,0.183569082955244,0,0,0,0,0,0,0,0,0,0,0,0,0,0,0,0.0372269489969169,14,49.12,-123.06,1,0,1,0,0,0,"WC"
"Late Stuart","Sockeye",1998,277262,67834,0,0,0,0,0,0.00112528943742742,0.953574597312289,0.0453001132502831,0,0,0,0,0,0,0,0,0,0,0,0,0,0,0,1.407899363354,14,49.12,-123.06,1,0,1,0,0,0,"WC"
"Late Stuart","Sockeye",1999,133622,33800,0,0,0,0,0,0.000172127344299591,0.87949589139513,0.120331981260571,0,0,0,0,0,0,0,0,0,0,0,0,0,0,0,1.37455411571553,14,49.12,-123.06,1,0,1,0,0,0,"WC"
"Late Stuart","Sockeye",2000,913822,226240,0,0,0,0,0,0.00199929526756852,0.950575713869878,0.0464630967518838,0,0,0,0.000961894110669255,0,0,0,0,0,0,0,0,0,0,0,1.39603942142116,14,49.12,-123.06,1,0,0.999038105889331,0.000961894110669255,0,0,"WC"
"Late Stuart","Sockeye",2001,505343,179534,0,0,0,0,0,5.73867650289012e-05,0.822221738502364,0.177720874732607,0,0,0,0,0,0,0,0,0,0,0,0,0,0,0,1.03487280160549,14,49.12,-123.06,1,0,1,0,0,0,"WC"
"Late Stuart","Sockeye",2002,125952,17820,0,0,0,0,0,0.000158790650406504,0.964518229166667,0.0353229801829268,0,0,0,0,0,0,0,0,0,0,0,0,0,0,0,1.95557945994707,14,49.12,-123.06,1,0,1,0,0,0,"WC"
"Late Stuart","Sockeye",2003,21783,19208,0,0,0,0,0,0.000504980948446036,0.732773263554148,0.266721755497406,0,0,0,0,0,0,0,0,0,0,0,0,0,0,0,0.125802990147267,14,49.12,-123.06,1,0,1,0,0,0,"WC"
"Late Stuart","Sockeye",2004,282178,51310,0,0,0,0,0,0.000779649724641893,0.93444917746954,0.0647711728058176,0,0,0,0,0,0,0,0,0,0,0,0,0,0,0,1.70465241253149,14,49.12,-123.06,1,0,1,0,0,0,"WC"
"Late Stuart","Sockeye",2005,128650,164548,0,0,0,0,0,0.000691799455888068,0.822277497085115,0.177030703458997,0,0,0,0,0,0,0,0,0,0,0,0,0,0,0,-0.246106782227354,14,49.12,-123.06,1,0,1,0,0,0,"WC"
"Late Stuart","Sockeye",2006,162911,14283,0,0,0,0,0,0.000282362762489948,0.962513274118997,0.0372043631185126,0,0,0,0,0,0,0,0,0,0,0,0,0,0,0,2.43413402053735,14,49.12,-123.06,1,0,1,0,0,0,"WC"
"Late Stuart","Sockeye",2007,12358,4144,0,0,0,0,0,0.00550250849652047,0.471921022819226,0.522576468684253,0,0,0,0,0,0,0,0,0,0,0,0,0,0,0,1.09264212168161,14,49.12,-123.06,1,0,1,0,0,0,"WC"
"Late Stuart","Sockeye",2008,195183,57881,0,0,0,0,0,0.00185466972021129,0.956456248751172,0.0416890815286167,0,0,0,0,0,0,0,0,0,0,0,0,0,0,0,1.21554840128337,14,49.12,-123.06,1,0,1,0,0,0,"WC"
"Late Stuart","Sockeye",2009,253441,43271,0,0,0,0,0,0.000185447500601718,0.861016962527768,0.13879758997163,0,0,0,0,0,0,0,0,0,0,0,0,0,0,0,1.76764838965535,14,49.12,-123.06,1,0,1,0,0,0,"WC"
"Late Stuart","Sockeye",2010,311934,43476,0,0,0,0,0,0.00358729731289311,0.88603358402739,0.110379118659716,0,0,0,0,0,0,0,0,0,0,0,0,0,0,0,1.97058256526959,14,49.12,-123.06,1,0,1,0,0,0,"WC"
"Late Stuart","Sockeye",2011,4850,778,0,0,0,0,0,0,0.93360824742268,0.0663917525773196,0,0,0,0,0,0,0,0,0,0,0,0,0,0,0,1.83000745975314,14,49.12,-123.06,1,0,1,0,0,0,"WC"
"Late Stuart","Sockeye",2012,36071,31771,0,0,0,0,0,0,0.879737184996257,0.120262815003743,0,0,0,0,0,0,0,0,0,0,0,0,0,0,0,0.1269352943799,14,49.12,-123.06,1,0,1,0,0,0,"WC"
"Late Stuart","Sockeye",2013,234466,70946,0,0,0,0,0,0.00693064239591241,0.916009144182952,0.0770602134211357,0,0,0,0,0,0,0,0,0,0,0,0,0,0,0,1.19539156374937,14,49.12,-123.06,1,0,1,0,0,0,"WC"
"Late Stuart","Sockeye",2014,320565,27869,0,0,0,0,0,0.00189977071732722,0.969781479575125,0.0283187497075476,0,0,0,0,0,0,0,0,0,0,0,0,0,0,0,2.44257010393563,14,49.12,-123.06,1,0,1,0,0,0,"WC"
"Late Stuart","Sockeye",2015,5841,4350,0,0,0,0,0,0,0.846772812874508,0.153227187125492,0,0,0,0,0,0,0,0,0,0,0,0,0,0,0,0.29472616995758,14,49.12,-123.06,1,0,1,0,0,0,"WC"
"Nadina","Sockeye",1973,73354,10726,0,0,0,0,0,0.00199034817460534,0.919745344493825,0.0782643073315702,0,0,0,0,0,0,0,0,0,0,0,0,0,0,0,1.92262633560205,29,49.12,-123.06,1,0,1,0,0,0,"WC"
"Nadina","Sockeye",1974,20212,2072,0,0,0,0,0,0.00964773401939442,0.990352265980606,0,0,0,0,0,0,0,0,0,0,0,0,0,0,0,0,2.27776216303243,29,49.12,-123.06,1,0,1,0,0,0,"WC"
"Nadina","Sockeye",1975,158876,8655,0,0,0,0,0,0.00214003373700244,0.961800397794506,0.0360595684684911,0,0,0,0,0,0,0,0,0,0,0,0,0,0,0,2.90998683511813,29,49.12,-123.06,1,0,1,0,0,0,"WC"
"Nadina","Sockeye",1976,7274,898,0,0,0,0,0,0.00371185042617542,0.996288149573825,0,0,0,0,0,0,0,0,0,0,0,0,0,0,0,0,2.09189155724473,29,49.12,-123.06,1,0,1,0,0,0,"WC"
"Nadina","Sockeye",1977,132049,10085,0,0,0,0,0,0.00130254678187642,0.948912903543382,0.049784549674742,0,0,0,0,0,0,0,0,0,0,0,0,0,0,0,2.57212389441923,29,49.12,-123.06,1,0,1,0,0,0,"WC"
"Nadina","Sockeye",1978,31247,1527,0,0,0,0,0,0.00265625500048005,0.90879124395942,0.0885525010400998,0,0,0,0,0,0,0,0,0,0,0,0,0,0,0,3.01861834533762,29,49.12,-123.06,1,0,1,0,0,0,"WC"
"Nadina","Sockeye",1979,101373,21272,0,0,0,0,0,4.9322797983684e-05,0.827754924881379,0.172195752320638,0,0,0,0,0,0,0,0,0,0,0,0,0,0,0,1.56141512957028,29,49.12,-123.06,1,0,1,0,0,0,"WC"
"Nadina","Sockeye",1980,21372,1603,0,0,0,0,0,0.000187160771102377,0.750374321542205,0.249438517686693,0,0,0,0,0,0,0,0,0,0,0,0,0,0,0,2.59020478046811,29,49.12,-123.06,1,0,1,0,0,0,"WC"
"Nadina","Sockeye",1981,76800,11363,0,0,0,0,0,6.51041666666667e-05,0.953307291666667,0.0459635416666667,0,0,0,0.0006640625,0,0,0,0,0,0,0,0,0,0,0,1.91084217721775,29,49.12,-123.06,1,0,0.9993359375,0.0006640625,0,0,"WC"
"Nadina","Sockeye",1982,6775,1423,0,0,0,0,0,0,0.791734317343173,0.208265682656827,0,0,0,0,0,0,0,0,0,0,0,0,0,0,0,1.56047204765805,29,49.12,-123.06,1,0,1,0,0,0,"WC"
"Nadina","Sockeye",1983,149731,15945,0,0,0,0,0,0.00021371659843319,0.924858579719631,0.0749277036819363,0,0,0,0,0,0,0,0,0,0,0,0,0,0,0,2.23969505035361,29,49.12,-123.06,1,0,1,0,0,0,"WC"
"Nadina","Sockeye",1984,24917,3847,0,0,0,0,0,0,0.826503993257615,0.173496006742385,0,0,0,0,0,0,0,0,0,0,0,0,0,0,0,1.86825667766947,29,49.12,-123.06,1,0,1,0,0,0,"WC"
"Nadina","Sockeye",1985,46853,7731,0,0,0,0,0,0,0.883849486692421,0.116150513307579,0,0,0,0,0,0,0,0,0,0,0,0,0,0,0,1.80177682044754,29,49.12,-123.06,1,0,1,0,0,0,"WC"
"Nadina","Sockeye",1986,20838,2051,0,0,0,0,0,0,0.771667146559171,0.228332853440829,0,0,0,0,0,0,0,0,0,0,0,0,0,0,0,2.31845076389975,29,49.12,-123.06,1,0,1,0,0,0,"WC"
"Nadina","Sockeye",1987,191036,15643,0,0,0,0,0,8.37538474423669e-05,0.894601017609246,0.105315228543311,0,0,0,0,0,0,0,0,0,0,0,0,0,0,0,2.50243835938195,29,49.12,-123.06,1,0,1,0,0,0,"WC"
"Nadina","Sockeye",1988,57739,4514,0,0,0,0,0,0,0.840644971336532,0.159355028663468,0,0,0,0,0,0,0,0,0,0,0,0,0,0,0,2.54874917667319,29,49.12,-123.06,1,0,1,0,0,0,"WC"
"Nadina","Sockeye",1989,20016,2707,0,0,0,0,0,0,0.772681854516387,0.170463629096723,0,0,0,0.0568545163868905,0,0,0,0,0,0,0,0,0,0,0,2.00069094309239,29,49.12,-123.06,1,0,0.943145483613109,0.0568545163868905,0,0,"WC"
"Nadina","Sockeye",1990,15734,3405,0,0,0,0,0,0,0.95303165120122,0.0469683487987797,0,0,0,0,0,0,0,0,0,0,0,0,0,0,0,1.53057903630558,29,49.12,-123.06,1,0,1,0,0,0,"WC"
"Nadina","Sockeye",1991,56339,33387,0,0,0,0,0,0.00198796570759154,0.838176041463285,0.159835992829124,0,0,0,0,0,0,0,0,0,0,0,0,0,0,0,0.523220410252535,29,49.12,-123.06,1,0,1,0,0,0,"WC"
"Nadina","Sockeye",1992,104713,2355,0,0,0,0,0,8.59492135646959e-05,0.52476769837556,0.475146352410875,0,0,0,0,0,0,0,0,0,0,0,0,0,0,0,3.79468254697926,29,49.12,-123.06,1,0,1,0,0,0,"WC"
"Nadina","Sockeye",1993,56702,4797,0,0,0,0,0,0,0.907093224224895,0.0929067757751049,0,0,0,0,0,0,0,0,0,0,0,0,0,0,0,2.4698187609603,29,49.12,-123.06,1,0,1,0,0,0,"WC"
"Nadina","Sockeye",1994,18358,1077,0,0,0,0,0,0,0.538566292624469,0.461433707375531,0,0,0,0,0,0,0,0,0,0,0,0,0,0,0,2.83588604862265,29,49.12,-123.06,1,0,1,0,0,0,"WC"
"Nadina","Sockeye",1995,65517,8452,0,0,0,0,0,0.000381580353190775,0.999618419646809,0,0,0,0,0,0,0,0,0,0,0,0,0,0,0,0,2.04790655119693,29,49.12,-123.06,1,0,1,0,0,0,"WC"
"Nadina","Sockeye",1996,546597,18036,0,0,0,0,0,7.31800577024755e-06,0.826124182898918,0.173868499095312,0,0,0,0,0,0,0,0,0,0,0,0,0,0,0,3.41134202444586,29,49.12,-123.06,1,0,1,0,0,0,"WC"
"Nadina","Sockeye",1997,3186,2624,0,0,0,0,0,0,0.767106089139987,0.232893910860013,0,0,0,0,0,0,0,0,0,0,0,0,0,0,0,0.194066340406014,29,49.12,-123.06,1,0,1,0,0,0,"WC"
"Nadina","Sockeye",1998,4879,1983,0,0,0,0,0,0.00184464029514245,0.802008608321377,0.19614675138348,0,0,0,0,0,0,0,0,0,0,0,0,0,0,0,0.900329431296041,29,49.12,-123.06,1,0,1,0,0,0,"WC"
"Nadina","Sockeye",1999,11388,5026,0,0,0,0,0,0,1,0,0,0,0,0,0,0,0,0,0,0,0,0,0,0,0,0.817935730294391,29,49.12,-123.06,1,0,1,0,0,0,"WC"
"Nadina","Sockeye",2000,259537,67127,0,0,0,0,0,0,0.899860135549074,0.100139864450926,0,0,0,0,0,0,0,0,0,0,0,0,0,0,0,1.35231292678691,29,49.12,-123.06,1,0,1,0,0,0,"WC"
"Nadina","Sockeye",2001,96134,17886,0,0,0,0,0,0,0.499511099090852,0.500395281586119,9.3619323028273e-05,0,0,0,0,0,0,0,0,0,0,0,0,0,0,1.68172476760741,29,49.12,-123.06,1,0,1,0,0,0,"WC"
"Nadina","Sockeye",2002,6180,1031,0,0,0,0,0,0,0.931715210355987,0.0682847896440129,0,0,0,0,0,0,0,0,0,0,0,0,0,0,0,1.79078906643478,29,49.12,-123.06,1,0,1,0,0,0,"WC"
"Nadina","Sockeye",2003,3705,1677,0,0,0,0,0,0,0.909581646423752,0.0904183535762483,0,0,0,0,0,0,0,0,0,0,0,0,0,0,0,0.792676775906978,29,49.12,-123.06,1,0,1,0,0,0,"WC"
"Nadina","Sockeye",2004,219768,13773,0,0,0,0,0,0.000145608095810127,0.91248498416512,0.0873694077390703,0,0,0,0,0,0,0,0,0,0,0,0,0,0,0,2.76986229053835,29,49.12,-123.06,1,0,1,0,0,0,"WC"
"Nadina","Sockeye",2005,15404,12141,0,0,0,0,0,0,0.743702934302778,0.256297065697221,0,0,0,0,0,0,0,0,0,0,0,0,0,0,0,0.238039061390824,29,49.12,-123.06,1,0,1,0,0,0,"WC"
"Nadina","Sockeye",2006,59280,4487,0,0,0,0,0,6.74763832658569e-05,0.663579622132254,0.33635290148448,0,0,0,0,0,0,0,0,0,0,0,0,0,0,0,2.58108765399399,29,49.12,-123.06,1,0,1,0,0,0,"WC"
"Nadina","Sockeye",2007,9236,1006,0,0,0,0,0,0,0.881009094846254,0.115417929839757,0.00357297531398874,0,0,0,0,0,0,0,0,0,0,0,0,0,0,2.2171268198147,29,49.12,-123.06,1,0,1,0,0,0,"WC"
"Nadina","Sockeye",2008,83822,10236,0,0,0,0,0,7.1580253394097e-05,0.939705566557706,0.0602228531889003,0,0,0,0,0,0,0,0,0,0,0,0,0,0,0,2.1027845845685,29,49.12,-123.06,1,0,1,0,0,0,"WC"
"Nadina","Sockeye",2009,22480,3718,0,0,0,0,0,0,0.767571174377224,0.232428825622776,0,0,0,0,0,0,0,0,0,0,0,0,0,0,0,1.79944013572624,29,49.12,-123.06,1,0,1,0,0,0,"WC"
"Nadina","Sockeye",2010,222423,11892,0,0,0,0,0,0.00175341578883479,0.643436155433566,0.354810428777599,0,0,0,0,0,0,0,0,0,0,0,0,0,0,0,2.92871506915957,29,49.12,-123.06,1,0,1,0,0,0,"WC"
"Nadina","Sockeye",2011,8985,1195,0,0,0,0,0,0,0.877685030606567,0.122314969393434,0,0,0,0,0,0,0,0,0,0,0,0,0,0,0,2.01741033485205,29,49.12,-123.06,1,0,1,0,0,0,"WC"
"Nadina","Sockeye",2012,46314,16766,0,0,0,0,0,0.000820486246059507,0.919203696506456,0.0799758172474846,0,0,0,0,0,0,0,0,0,0,0,0,0,0,0,1.01609126498011,29,49.12,-123.06,1,0,1,0,0,0,"WC"
"Nadina","Sockeye",2013,10268,7129,0,0,0,0,0,0,0.33813790416829,0.66186209583171,0,0,0,0,0,0,0,0,0,0,0,0,0,0,0,0.364861290873403,29,49.12,-123.06,1,0,1,0,0,0,"WC"
"Nadina","Sockeye",2014,487104,30742,0,0,0,0,0,0.000903297858362896,0.834400867165944,0.164695834975693,0,0,0,0,0,0,0,0,0,0,0,0,0,0,0,2.76284785484219,29,49.12,-123.06,1,0,1,0,0,0,"WC"
"Nadina","Sockeye",2015,4213,9411,0,0,0,0,0,0,0.459530026109661,0.540469973890339,0,0,0,0,0,0,0,0,0,0,0,0,0,0,0,-0.803704234879771,29,49.12,-123.06,1,0,1,0,0,0,"WC"
"North Barriere","Sockeye",1959,1114,14,0,0,0,0,0,0,0.920107719928187,0.0798922800718133,0,0,0,0,0,0,0,0,0,0,0,0,0,0,0,4.37665509087197,26,49.12,-123.06,1,0,1,0,0,0,"WC"
"North Barriere","Sockeye",1963,6534,248,0,0,0,0,0,0,0.995102540557086,0.00489745944291399,0,0,0,0,0,0,0,0,0,0,0,0,0,0,0,3.27134584599603,26,49.12,-123.06,1,0,1,0,0,0,"WC"
"North Barriere","Sockeye",1964,3637,67,0,0,0,0,0,0.00384932636788562,0.996150673632114,0,0,0,0,0,0,0,0,0,0,0,0,0,0,0,0,3.99422182559602,26,49.12,-123.06,1,0,1,0,0,0,"WC"
"North Barriere","Sockeye",1967,15201,294,0,0,0,0,0,0,1,0,0,0,0,0,0,0,0,0,0,0,0,0,0,0,0,3.94553672680534,26,49.12,-123.06,1,0,1,0,0,0,"WC"
"North Barriere","Sockeye",1968,15037,577,0,0,0,0,0,0.00093103677595265,0.987297998270932,0.0112389439382856,0,0,0,0.000532021014830086,0,0,0,0,0,0,0,0,0,0,0,3.26042684301422,26,49.12,-123.06,1,0,0.99946797898517,0.000532021014830086,0,0,"WC"
"North Barriere","Sockeye",1969,881,22,0,0,0,0,0,0,1,0,0,0,0,0,0,0,0,0,0,0,0,0,0,0,0,3.69001517257786,26,49.12,-123.06,1,0,1,0,0,0,"WC"
"North Barriere","Sockeye",1970,740,5,0,0,0,0,0,0,1,0,0,0,0,0,0,0,0,0,0,0,0,0,0,0,0,4.99721227376411,26,49.12,-123.06,1,0,1,0,0,0,"WC"
"North Barriere","Sockeye",1971,16707,306,0,0,0,0,0,0.01574190459089,0.922188304303585,0.0490213682887412,0,0,0.00239420602142814,0.0106542167953552,0,0,0,0,0,0,0,0,0,0,0,3.9999979703054,26,49.12,-123.06,1,0,0.986951577183217,0.0130484228167834,0,0,"WC"
"North Barriere","Sockeye",1972,29007,1030,0,0,0,0,0,0.00537801220395077,0.971937808115283,0.00706725962698659,0,0,0,0.0156169200537801,0,0,0,0,0,0,0,0,0,0,0,3.33797837792798,26,49.12,-123.06,1,0,0.98438307994622,0.0156169200537801,0,0,"WC"
"North Barriere","Sockeye",1973,1106,83,0,0,0,0,0,0,1,0,0,0,0,0,0,0,0,0,0,0,0,0,0,0,0,2.58966457428568,26,49.12,-123.06,1,0,1,0,0,0,"WC"
"North Barriere","Sockeye",1974,586,70,0,0,0,0,0,0,0.914675767918089,0,0,0,0,0.0853242320819113,0,0,0,0,0,0,0,0,0,0,0,2.12482454752765,26,49.12,-123.06,1,0,0.914675767918089,0.0853242320819113,0,0,"WC"
"North Barriere","Sockeye",1975,62451,2181,0,0,0,0,0,0.0091111431362188,0.942194680629614,0.0343149028838609,0,0,0,0.0143792733503066,0,0,0,0,0,0,0,0,0,0,0,3.35459876203414,26,49.12,-123.06,1,0,0.985620726649693,0.0143792733503066,0,0,"WC"
"North Barriere","Sockeye",1976,22761,2373,0,0,0,0,0,0.00281182724836343,0.889767584904002,0.0485918896357805,0,0,0,0.0588286982118536,0,0,0,0,0,0,0,0,0,0,0,2.26089356757042,26,49.12,-123.06,1,0,0.941171301788146,0.0588286982118536,0,0,"WC"
"North Barriere","Sockeye",1977,10484,174,0,0,0,0,0,0,0.708317436093094,0.162533384204502,0,0,0,0.129149179702404,0,0,0,0,0,0,0,0,0,0,0,4.09855026522877,26,49.12,-123.06,1,0,0.870850820297596,0.129149179702404,0,0,"WC"
"North Barriere","Sockeye",1978,3600,46,0,0,0,0,0,0.0444444444444444,0.619444444444444,0,0,0,0,0,0.336111111111111,0,0,0,0,0,0,0,0,0,0,4.36004772795511,26,49.12,-123.06,1,0,0.663888888888889,0.336111111111111,0,0,"WC"
"North Barriere","Sockeye",1979,18564,8046,0,0,0,0,0,0.000430941607412196,0.489334195216548,0.277149321266968,0,0,0,0.22349709114415,0.00958845076492135,0,0,0,0,0,0,0,0,0,0,0.836049147851333,26,49.12,-123.06,1,0,0.766914458090929,0.233085541909071,0,0,"WC"
"North Barriere","Sockeye",1980,36205,4413,0,0,0,0,0,0.00165722966441099,0.946499102333932,0.0470100814804585,0,0,0,0.00483358652119873,0,0,0,0,0,0,0,0,0,0,0,2.10464250055337,26,49.12,-123.06,1,0,0.995166413478801,0.00483358652119873,0,0,"WC"
"North Barriere","Sockeye",1981,3947,1067,0,0,0,0,0,0,0.694704839118318,0.305295160881682,0,0,0,0,0,0,0,0,0,0,0,0,0,0,0,1.30810482436109,26,49.12,-123.06,1,0,1,0,0,0,"WC"
"North Barriere","Sockeye",1982,11140,656,0,0,0,0,0,0.00547576301615799,0.817235188509874,0.15475763016158,0,0,0,0.0225314183123878,0,0,0,0,0,0,0,0,0,0,0,2.83213672453719,26,49.12,-123.06,1,0,0.977468581687612,0.0225314183123878,0,0,"WC"
"North Barriere","Sockeye",1983,39122,2596,0,0,0,0,0,0.00316957210776545,0.916491999386534,0.0612187515975666,0,0,0,0.0191196769081335,0,0,0,0,0,0,0,0,0,0,0,2.71271316976232,26,49.12,-123.06,1,0,0.980880323091866,0.0191196769081335,0,0,"WC"
"North Barriere","Sockeye",1984,49644,6291,0,0,0,0,0,0.0072717750382725,0.861755700588188,0.0862742728224962,0,0,0,0.0406292804769962,0.00406897107404722,0,0,0,0,0,0,0,0,0,0,2.06575749667938,26,49.12,-123.06,1,0,0.955301748448957,0.0446982515510434,0,0,"WC"
"North Barriere","Sockeye",1985,34171,696,0,0,0,0,0,0.000146322905387609,0.69201954874016,0.239355008633051,0,0,0,0.0581779871821135,0.0103011325392877,0,0,0,0,0,0,0,0,0,0,3.89378294978421,26,49.12,-123.06,1,0,0.931520880278599,0.0684791197214012,0,0,"WC"
"North Barriere","Sockeye",1986,35411,3323,0,0,0,0,0,0.00324757843607918,0.934540114653639,0.031430911298749,0,0,0,0.0307813956115331,0,0,0,0,0,0,0,0,0,0,0,2.36615451696259,26,49.12,-123.06,1,0,0.969218604388467,0.0307813956115331,0,0,"WC"
"North Barriere","Sockeye",1987,78650,9212,0,0,0,0,0,0.00045772409408773,0.838474253019708,0.133528289891926,0,0,0,0.0275397329942784,0,0,0,0,0,0,0,0,0,0,0,2.14450064754585,26,49.12,-123.06,1,0,0.972460267005722,0.0275397329942784,0,0,"WC"
"North Barriere","Sockeye",1988,50650,13209,0,0,0,0,0,0,0.868390918065153,0.0920631786771964,0,0,0,0.0395459032576505,0,0,0,0,0,0,0,0,0,0,0,1.34404081525297,26,49.12,-123.06,1,0,0.960454096742349,0.0395459032576505,0,0,"WC"
"North Barriere","Sockeye",1989,19804,2813,0,0,0,0,0,0.00525146435063624,0.695061603716421,0.287265198949707,0,0,0,0.0124217329832357,0,0,0,0,0,0,0,0,0,0,0,1.95163240799146,26,49.12,-123.06,1,0,0.987578267016764,0.0124217329832357,0,0,"WC"
"North Barriere","Sockeye",1990,22995,6702,0,0,0,0,0,0,0.629310719721679,0.342944118286584,0,0,0,0.0193955207653838,0.00834964122635356,0,0,0,0,0,0,0,0,0,0,1.23287081167677,26,49.12,-123.06,1,0,0.972254838008263,0.0277451619917373,0,0,"WC"
"North Barriere","Sockeye",1991,14854,11945,0,0,0,0,0,0,0.714487680086172,0.0519052107176518,0,0,0.000403931600915578,0.233203177595261,0,0,0,0,0,0,0,0,0,0,0,0.217956408469332,26,49.12,-123.06,1,0,0.766392890803824,0.233607109196176,0,0,"WC"
"North Barriere","Sockeye",1992,50629,6103,0,0,0,0,0,0.000177763732248316,0.843429654940844,0.149341286614391,0,0,0,0.00705129471251654,0,0,0,0,0,0,0,0,0,0,0,2.11574408108871,26,49.12,-123.06,1,0,0.992948705287483,0.00705129471251654,0,0,"WC"
"North Barriere","Sockeye",1993,43315,5030,0,0,0,0,0,0.0012005079071915,0.660764169456308,0.304767401592982,0,0,0,0.0180537919889184,0.0152141290546,0,0,0,0,0,0,0,0,0,0,2.15307901123046,26,49.12,-123.06,1,0,0.966732078956482,0.0332679210435184,0,0,"WC"
"North Barriere","Sockeye",1994,14061,3515,0,0,0,0,0,0,0.345992461418107,0.577626057890619,0,0,0,0.0624422160586018,0.0139392646326719,0,0,0,0,0,0,0,0,0,0,1.38636548234605,26,49.12,-123.06,1,0,0.923618519308726,0.0763814806912737,0,0,"WC"
"North Barriere","Sockeye",1995,37010,5988,0,0,0,0,0,0,0.84817616860308,0.144744663604431,0,0,0,0.00707916779248852,0,0,0,0,0,0,0,0,0,0,0,1.82143067984068,26,49.12,-123.06,1,0,0.992920832207511,0.00707916779248852,0,0,"WC"
"North Barriere","Sockeye",1996,13827,15409,0,0,0,0,0,0,0.680480219859695,0.255586895205034,0,0,0,0.0639328849352716,0,0,0,0,0,0,0,0,0,0,0,-0.108328551893235,26,49.12,-123.06,1,0,0.936067115064728,0.0639328849352716,0,0,"WC"
"North Barriere","Sockeye",1997,6261,4379,0,0,0,0,0,0.00271522121066922,0.586168343715062,0.39530426449449,0,0,0,0.0158121705797796,0,0,0,0,0,0,0,0,0,0,0,0.357519528943912,26,49.12,-123.06,1,0,0.98418782942022,0.0158121705797796,0,0,"WC"
"North Barriere","Sockeye",1998,13140,4972,0,0,0,0,0,0.00190258751902588,0.704337899543379,0.293759512937595,0,0,0,0,0,0,0,0,0,0,0,0,0,0,0,0.971838839408,26,49.12,-123.06,1,0,1,0,0,0,"WC"
"North Barriere","Sockeye",1999,43525,3341,0,0,0,0,0,0,0.696335439402642,0.289213095921884,0,0,0,0.0144514646754739,0,0,0,0,0,0,0,0,0,0,0,2.56706532227963,26,49.12,-123.06,1,0,0.985548535324526,0.0144514646754739,0,0,"WC"
"North Barriere","Sockeye",2000,60597,4796,0,0,0,0,0,0.00394408964140139,0.924451705529977,0.064920705645494,0,0,0,0.00668349918312788,0,0,0,0,0,0,0,0,0,0,0,2.5364631497341,26,49.12,-123.06,1,0,0.993316500816872,0.00668349918312788,0,0,"WC"
"North Barriere","Sockeye",2001,11861,3343,0,0,0,0,0,0,0.804738217688222,0.195261782311778,0,0,0,0,0,0,0,0,0,0,0,0,0,0,0,1.26638709960918,26,49.12,-123.06,1,0,1,0,0,0,"WC"
"North Barriere","Sockeye",2002,76212,4936,0,0,0,0,0,0.000603579488794416,0.87740775730856,0.118603369548103,0,0,0,0.00338529365454259,0,0,0,0,0,0,0,0,0,0,0,2.73696364400575,26,49.12,-123.06,1,0,0.996614706345457,0.00338529365454259,0,0,"WC"
"North Barriere","Sockeye",2003,13693,5317,0,0,0,0,0,0,0.760680639742934,0.214124004966041,0,0,0,0.0251953552910246,0,0,0,0,0,0,0,0,0,0,0,0.945975518827895,26,49.12,-123.06,1,0,0.974804644708975,0.0251953552910246,0,0,"WC"
"North Barriere","Sockeye",2004,7700,1594,0,0,0,0,0,0.000779220779220779,0.907142857142857,0.0898701298701299,0,0,0,0.00220779220779221,0,0,0,0,0,0,0,0,0,0,0,1.57497374849161,26,49.12,-123.06,1,0,0.997792207792208,0.00220779220779221,0,0,"WC"
"North Barriere","Sockeye",2005,2598,2817,0,0,0,0,0,0,0.355658198614319,0.22671285604311,0,0,0,0.38144726712856,0,0,0,0,0.0361816782140108,0,0,0,0,0,0,-0.0809305706458278,26,49.12,-123.06,1,0,0.582371054657429,0.38144726712856,0.0361816782140108,0,"WC"
"North Barriere","Sockeye",2006,32909,8278,0,0,0,0,0,0,0.551095445015041,0.432556443526087,0,0,0,0.0163481114588714,0,0,0,0,0,0,0,0,0,0,0,1.38014478326611,26,49.12,-123.06,1,0,0.983651888541129,0.0163481114588714,0,0,"WC"
"North Barriere","Sockeye",2007,7277,6900,0,0,0,0,0,0,0.82437817782053,0.0390270715954377,0,0,0,0.111859282671431,0.0247354679126013,0,0,0,0,0,0,0,0,0,0,0.0531972777617357,26,49.12,-123.06,1,0,0.863405249415968,0.136594750584032,0,0,"WC"
"North Barriere","Sockeye",2008,8402,210,0,0,0,0,0,0,0.928112354201381,0.0718876457986194,0,0,0,0,0,0,0,0,0,0,0,0,0,0,0,3.68911752101186,26,49.12,-123.06,1,0,1,0,0,0,"WC"
"North Barriere","Sockeye",2009,8441,715,0,0,0,0,0,0,0.799431346996801,0.200568653003199,0,0,0,0,0,0,0,0,0,0,0,0,0,0,0,2.46857352128971,26,49.12,-123.06,1,0,1,0,0,0,"WC"
"North Barriere","Sockeye",2010,22858,5564,0,0,0,0,0,0.00244990812844518,0.966182518155569,0.0313675737159856,0,0,0,0,0,0,0,0,0,0,0,0,0,0,0,1.41298389141421,26,49.12,-123.06,1,0,1,0,0,0,"WC"
"North Barriere","Sockeye",2011,2773,4498,0,0,0,0,0,0.00757302560403895,0.846375766318067,0.0782545979084024,0,0,0,0.0609448250991706,0.00685178507032095,0,0,0,0,0,0,0,0,0,0,-0.483703086903483,26,49.12,-123.06,1,0,0.932203389830508,0.0677966101694915,0,0,"WC"
"North Barriere","Sockeye",2012,2452,747,0,0,0,0,0,0,0.853588907014682,0.146411092985318,0,0,0,0,0,0,0,0,0,0,0,0,0,0,0,1.18859411192328,26,49.12,-123.06,1,0,1,0,0,0,"WC"
"North Barriere","Sockeye",2013,828,1951,0,0,0,0,0,0,0.554347826086957,0.445652173913043,0,0,0,0,0,0,0,0,0,0,0,0,0,0,0,-0.857084186237852,26,49.12,-123.06,1,0,1,0,0,0,"WC"
"North Barriere","Sockeye",2014,6936,6828,0,0,0,0,0,0.00187427912341407,0.920271049596309,0.0778546712802768,0,0,0,0,0,0,0,0,0,0,0,0,0,0,0,0.0156934345460465,26,49.12,-123.06,1,0,1,0,0,0,"WC"
"North Barriere","Sockeye",2015,579,946,0,0,0,0,0,0,0.234887737478411,0.599309153713299,0,0,0,0.16580310880829,0,0,0,0,0,0,0,0,0,0,0,-0.490940091478883,26,49.12,-123.06,1,0,0.83419689119171,0.16580310880829,0,0,"WC"
"Pitt","Sockeye",1950,146337,13313,0,0,0,0,0,0.000423679588894128,0.623430847974197,0.376145472436909,0,0,0,0,0,0,0,0,0,0,0,0,0,0,0,2.39717117959097,30,49.12,-123.06,1,0,1,0,0,0,"WC"
"Pitt","Sockeye",1951,120302,17922,0,0,0,0,0,0,0.347134710977374,0.652865289022626,0,0,0,0,0,0,0,0,0,0,0,0,0,0,0,1.90397623948432,30,49.12,-123.06,1,0,1,0,0,0,"WC"
"Pitt","Sockeye",1952,72178,21904,0,0,0,0,0,0,0.553520463299066,0.441824378619524,0,0,0,0,0.00465515808140985,0,0,0,0,0,0,0,0,0,0,1.19246602177815,30,49.12,-123.06,1,0,0.99534484191859,0.00465515808140985,0,0,"WC"
"Pitt","Sockeye",1953,25807,9303,0,0,0,0,0,0,0.49164955244701,0.479404812647731,0,0,0,0.0289456349052583,0,0,0,0,0,0,0,0,0,0,0,1.02030884417058,30,49.12,-123.06,1,0,0.971054365094742,0.0289456349052583,0,0,"WC"
"Pitt","Sockeye",1954,51094,8332,0,0,0,0,0,0.000822014326535405,0.742278936861471,0.256899048811994,0,0,0,0,0,0,0,0,0,0,0,0,0,0,0,1.81356355008729,30,49.12,-123.06,1,0,1,0,0,0,"WC"
"Pitt","Sockeye",1955,166937,11221,0,0,0,0,0,2.99514187987085e-05,0.469602305061191,0.512864134374045,0,0,0,0.0058465169495079,0.0116570921964573,0,0,0,0,0,0,0,0,0,0,2.69982947305006,30,49.12,-123.06,1,0,0.982496390854035,0.0175036091459652,0,0,"WC"
"Pitt","Sockeye",1956,70323,11107,0,0,0,0,0,0.000213301480312273,0.400565959927762,0.550118737824041,0,0,0,0.0270181875062213,0.022083813261664,0,0,0,0,0,0,0,0,0,0,1.84552337439798,30,49.12,-123.06,1,0,0.950897999232115,0.0491020007678853,0,0,"WC"
"Pitt","Sockeye",1957,29207,5130,0,0,0,0,0,0,0.118944088745849,0.840346492279248,0,0,0,0.0407094189749033,0,0,0,0,0,0,0,0,0,0,0,1.73930274738926,30,49.12,-123.06,1,0,0.959290581025097,0.0407094189749033,0,0,"WC"
"Pitt","Sockeye",1958,16535,6658,0,0,0,0,0,0.000725733293014817,0.784880556395525,0.190928333837315,0,0,0,0,0.0234653764741458,0,0,0,0,0,0,0,0,0,0,0.909660207280923,30,49.12,-123.06,1,0,0.976534623525854,0.0234653764741458,0,0,"WC"
"Pitt","Sockeye",1959,62493,6096,0,0,0,0,0,0.000160017922007265,0.348839069975837,0.63898356615941,0,0,0,0.00374441937497,0.00827292656777559,0,0,0,0,0,0,0,0,0,0,2.32742173208554,30,49.12,-123.06,1,0,0.987982654057254,0.0120173459427456,0,0,"WC"
"Pitt","Sockeye",1960,33314,12532,0,0,0,0,0,0,0.175361709791679,0.822657141141862,0,0,0,0.000870504892837846,0.0011106441736207,0,0,0,0,0,0,0,0,0,0,0.977692355964971,30,49.12,-123.06,1,0,0.998018850933541,0.00198114906645855,0,0,"WC"
"Pitt","Sockeye",1961,103035,6542,0,0,0,0,0,0.000718202552530693,0.255078371427185,0.722851458242345,0,0,0,0.0148590284854661,0.00649293929247343,0,0,0,0,0,0,0,0,0,0,2.75682580721776,30,49.12,-123.06,1,0,0.97864803222206,0.0213519677779395,0,0,"WC"
"Pitt","Sockeye",1962,57275,8479,0,0,0,0,0,0.000803142732431253,0.420515058926233,0.570563072893933,0,0,0,0.00811872544740288,0,0,0,0,0,0,0,0,0,0,0,1.91027171001769,30,49.12,-123.06,1,0,0.991881274552597,0.00811872544740288,0,0,"WC"
"Pitt","Sockeye",1963,142935,5798,0,0,0,0,0,0.000475740721306888,0.619974114107811,0.378157903942351,0,0,0,0.00139224122853045,0,0,0,0,0,0,0,0,0,0,0,3.2048769509688,30,49.12,-123.06,1,0,0.99860775877147,0.00139224122853045,0,0,"WC"
"Pitt","Sockeye",1964,192094,6320,0,0,0,0,0,0.000353993357418764,0.249960956614991,0.742261601091132,0,0,0,0.00650723083490375,0.000916218101554447,0,0,0,0,0,0,0,0,0,0,3.41426562739553,30,49.12,-123.06,1,0,0.992576551063542,0.00742344893645819,0,0,"WC"
"Pitt","Sockeye",1965,38984,3387,0,0,0,0,0,0,0.38331110199056,0.61668889800944,0,0,0,0,0,0,0,0,0,0,0,0,0,0,0,2.44320673170557,30,49.12,-123.06,1,0,1,0,0,0,"WC"
"Pitt","Sockeye",1966,77701,10735,0,0,0,0,0,0.000836540070269366,0.316186406867351,0.66068647765151,0,0,0,0.0222905754108699,0,0,0,0,0,0,0,0,0,0,0,1.97935869597291,30,49.12,-123.06,1,0,0.97770942458913,0.0222905754108699,0,0,"WC"
"Pitt","Sockeye",1967,67780,5241,0,0,0,0,0,0.000427854824431986,0.355886692239599,0.630672764827383,0,0,0,0.0130126881085866,0,0,0,0,0,0,0,0,0,0,0,2.55975484635888,30,49.12,-123.06,1,0,0.986987311891413,0.0130126881085866,0,0,"WC"
"Pitt","Sockeye",1968,105588,8194,0,0,0,0,0,0.00042618479372656,0.361897185286207,0.637212562033564,0,0,0,0,0.000464067886502254,0,0,0,0,0,0,0,0,0,0,2.55614254932674,30,49.12,-123.06,1,0,0.999535932113498,0.000464067886502254,0,0,"WC"
"Pitt","Sockeye",1969,61083,11739,0,0,0,0,0,0,0.151629749684855,0.848370250315145,0,0,0,0,0,0,0,0,0,0,0,0,0,0,0,1.64931696316146,30,49.12,-123.06,1,0,1,0,0,0,"WC"
"Pitt","Sockeye",1970,55398,3123,0,0,0,0,0,0.00146214664789343,0.393624318567457,0.591158525578541,0,0,0,0.0116430196035958,0.00211198960251273,0,0,0,0,0,0,0,0,0,0,2.8757494137176,30,49.12,-123.06,1,0,0.986244990793891,0.0137550092061085,0,0,"WC"
"Pitt","Sockeye",1971,221710,6696,0,0,0,0,0,0.00208380316629832,0.411966081818592,0.558603581254792,0,0,0,0.00824049433945244,0.0191060394208651,0,0,0,0,0,0,0,0,0,0,3.49985988841694,30,49.12,-123.06,1,0,0.972653466239683,0.0273465337603175,0,0,"WC"
"Pitt","Sockeye",1972,123179,6575,0,0,0,0,0,0.000251666274283766,0.635660299239318,0.36194481202153,0,0,0,0,0.0021432224648682,0,0,0,0,0,0,0,0,0,0,2.93036400396111,30,49.12,-123.06,1,0,0.997856777535132,0.0021432224648682,0,0,"WC"
"Pitt","Sockeye",1973,29176,4713,0,0,0,0,0,0.000377022210035646,0.407972306004936,0.591650671785029,0,0,0,0,0,0,0,0,0,0,0,0,0,0,0,1.82302180556479,30,49.12,-123.06,1,0,1,0,0,0,"WC"
"Pitt","Sockeye",1974,135945,8859,0,0,0,0,0,0.0013093530471882,0.392717643164515,0.576416933318622,0,0,0,0.0243554378608996,0.00520063260877561,0,0,0,0,0,0,0,0,0,0,2.73081650074496,30,49.12,-123.06,1,0,0.970443929530325,0.0295560704696752,0,0,"WC"
"Pitt","Sockeye",1975,85230,21376,0,0,0,0,0,0.000950369588173178,0.75302123665376,0.241440807227502,0,0,0,0.00458758653056435,0,0,0,0,0,0,0,0,0,0,0,1.38308468717997,30,49.12,-123.06,1,0,0.995412413469436,0.00458758653056435,0,0,"WC"
"Pitt","Sockeye",1976,105588,19475,0,0,0,0,0,0.000388301700950866,0.130810319354472,0.866433685646096,0,0,0,0,0.00236769329848089,0,0,0,0,0,0,0,0,0,0,1.69041313669461,30,49.12,-123.06,1,0,0.997632306701519,0.00236769329848089,0,0,"WC"
"Pitt","Sockeye",1977,34586,7798,0,0,0,0,0,0.00164806569132019,0.443271844098768,0.5399872780894,0,0,0,0.0150928121205112,0,0,0,0,0,0,0,0,0,0,0,1.48958168534333,30,49.12,-123.06,1,0,0.984907187879489,0.0150928121205112,0,0,"WC"
"Pitt","Sockeye",1978,34978,14116,0,0,0,0,0,0,0.306935788209732,0.686517239407628,0,0,0,0.00300188690033736,0.00354508548230316,0,0,0,0,0,0,0,0,0,0,0.907410386613976,30,49.12,-123.06,1,0,0.993453027617359,0.00654697238264052,0,0,"WC"
"Pitt","Sockeye",1979,38819,20384,0,0,0,0,0,0.000566732785491641,0.0971173909683402,0.88729745743064,0,0,0,0,0.0150184188155285,0,0,0,0,0,0,0,0,0,0,0.644159538101751,30,49.12,-123.06,1,0,0.984981581184472,0.0150184188155285,0,0,"WC"
"Pitt","Sockeye",1980,16913,9191,0,0,0,0,0,0.000473008928043517,0.6347779814344,0.364749009637557,0,0,0,0,0,0,0,0,0,0,0,0,0,0,0,0.609857812615933,30,49.12,-123.06,1,0,1,0,0,0,"WC"
"Pitt","Sockeye",1981,40270,13301,0,0,0,0,0,0,0.0599950335237149,0.785721380680407,0.00948596970449466,0,0,0.00533896200645642,0.139458654084927,0,0,0,0,0,0,0,0,0,0,1.1077675544922,30,49.12,-123.06,1,0,0.855202383908617,0.144797616091383,0,0,"WC"
"Pitt","Sockeye",1982,18265,5090,0,0,0,0,0,0.0020257322748426,0.236408431426225,0.761565836298932,0,0,0,0,0,0,0,0,0,0,0,0,0,0,0,1.27770882968481,30,49.12,-123.06,1,0,1,0,0,0,"WC"
"Pitt","Sockeye",1983,62053,10093,0,0,0,0,0,0.000354535638889337,0.189031956553269,0.810613507807842,0,0,0,0,0,0,0,0,0,0,0,0,0,0,0,1.81614674433153,30,49.12,-123.06,1,0,1,0,0,0,"WC"
"Pitt","Sockeye",1984,75994,8759,0,0,0,0,0,0.00140800589520225,0.244914072163592,0.7497565597284,0,0,0,0,0.00392136221280627,0,0,0,0,0,0,0,0,0,0,2.16057264662045,30,49.12,-123.06,1,0,0.996078637787194,0.00392136221280627,0,0,"WC"
"Pitt","Sockeye",1985,23208,2113,0,0,0,0,0,0.00112030334367459,0.266287487073423,0.732592209582902,0,0,0,0,0,0,0,0,0,0,0,0,0,0,0,2.39638830818518,30,49.12,-123.06,1,0,1,0,0,0,"WC"
"Pitt","Sockeye",1986,40001,12305,0,0,0,0,0,0,0.160320991975201,0.839604009899752,0,0,7.49981250468738e-05,0,0,0,0,0,0,0,0,0,0,0,0,1.17889876995842,30,49.12,-123.06,1,0,0.999925001874953,7.49981250468738e-05,0,0,"WC"
"Pitt","Sockeye",1987,22485,5533,0,0,0,0,0,0.000133422281521014,0.327951967978652,0.648921503224372,0.0172114743162108,0,0,0,0.00578163219924394,0,0,0,0,0,0,0,0,0,0,1.4021182563067,30,49.12,-123.06,1,0,0.994218367800756,0.00578163219924394,0,0,"WC"
"Pitt","Sockeye",1988,62489,19026,0,0,0,0,0,0,0.0413992862743843,0.936004736833683,0.0190273488133912,0,0,0.00356862807854182,0,0,0,0,0,0,0,0,0,0,0,1.18918407646827,30,49.12,-123.06,1,0,0.996431371921458,0.00356862807854182,0,0,"WC"
"Pitt","Sockeye",1989,16691,9051,0,0,0,0,0,0.000419387693966808,0.296207536995986,0.698460248037865,0.00491282727218261,0,0,0,0,0,0,0,0,0,0,0,0,0,0,0.611994403151247,30,49.12,-123.06,1,0,1,0,0,0,"WC"
"Pitt","Sockeye",1990,9117,6037,0,0,0,0,0,0.00197433366238894,0.171218602610508,0.826807063727103,0,0,0,0,0,0,0,0,0,0,0,0,0,0,0,0.412233602788477,30,49.12,-123.06,1,0,1,0,0,0,"WC"
"Pitt","Sockeye",1991,33888,10867,0,0,0,0,0,2.9508970727101e-05,0.0504603399433428,0.94951015108593,0,0,0,0,0,0,0,0,0,0,0,0,0,0,0,1.13733029533828,30,49.12,-123.06,1,0,1,0,0,0,"WC"
"Pitt","Sockeye",1992,100553,4411,0,0,0,0,0,0,0.295436237606039,0.704563762393961,0,0,0,0,0,0,0,0,0,0,0,0,0,0,0,3.12658353055331,30,49.12,-123.06,1,0,1,0,0,0,"WC"
"Pitt","Sockeye",1993,103267,11430,0,0.00168495259860362,0,0,0,0.000106519991865746,0.155935584455828,0.838941772298992,0,0,0,0,0.0033311706547106,0,0,0,0,0,0,0,0,0,0,2.20107638939169,30,49.12,-123.06,1,0.00168495259860362,0.994983876746686,0.0033311706547106,0,0,"WC"
"Pitt","Sockeye",1994,35089,4363,0,0,0,0,0,0.00230841574282539,0.131579697341047,0.85542477699564,0,0,0,0,0.0106871099204879,0,0,0,0,0,0,0,0,0,0,2.08472779689995,30,49.12,-123.06,1,0,0.989312890079512,0.0106871099204879,0,0,"WC"
"Pitt","Sockeye",1995,52971,3185,0,0,0,0,0,0,0.166525079760624,0.833474920239376,0,0,0,0,0,0,0,0,0,0,0,0,0,0,0,2.81129230496464,30,49.12,-123.06,1,0,1,0,0,0,"WC"
"Pitt","Sockeye",1996,151964,21678,0,0,0,0,0,0.000118449106367298,0.140368771551157,0.852912531915454,0.00660024742702219,0,0,0,0,0,0,0,0,0,0,0,0,0,0,1.94734572929593,30,49.12,-123.06,1,0,1,0,0,0,"WC"
"Pitt","Sockeye",1997,96262,17239,0,0,0,0,0,0.000114271467453408,0.12802559680871,0.871860131723837,0,0,0,0,0,0,0,0,0,0,0,0,0,0,0,1.7198993818084,30,49.12,-123.06,1,0,1,0,0,0,"WC"
"Pitt","Sockeye",1998,133321,49869,0,0,0.00752319589562035,0,0,0.000142513182469378,0.250800699064663,0.7388633448594,0,0,0,0.0026702469978473,0,0,0,0,0,0,0,0,0,0,0,0.983360186940052,30,49.12,-123.06,1,0.00752319589562035,0.989806557106532,0.0026702469978473,0,0,"WC"
"Pitt","Sockeye",1999,142825,19391,0,0,0,0,0,0,0.171804656047611,0.826718011552599,0.00147733239978995,0,0,0,0,0,0,0,0,0,0,0,0,0,0,1.99681106371005,30,49.12,-123.06,1,0,1,0,0,0,"WC"
"Pitt","Sockeye",2000,111288,18581,0,0,0,0,0,0.000134785421608799,0.376617425059306,0.623247789519086,0,0,0,0,0,0,0,0,0,0,0,0,0,0,0,1.78998188250665,30,49.12,-123.06,1,0,1,0,0,0,"WC"
"Pitt","Sockeye",2001,54820,74627,0,0,0,0,0,0,0.134604159066034,0.861565122218168,0,0,0,0.00383071871579715,0,0,0,0,0,0,0,0,0,0,0,-0.308447281149012,30,49.12,-123.06,1,0,0.996169281284203,0.00383071871579715,0,0,"WC"
"Pitt","Sockeye",2002,69160,39138,0,0,0,0,0,0.000216888374783112,0.361191440138809,0.638591671486408,0,0,0,0,0,0,0,0,0,0,0,0,0,0,0,0.569328798773076,30,49.12,-123.06,1,0,1,0,0,0,"WC"
"Pitt","Sockeye",2003,13857,39970,0,0,0,0,0,0,0.0269178032763224,0.96795843256116,0,0,0,0,0.00512376416251714,0,0,0,0,0,0,0,0,0,0,-1.05933865260665,30,49.12,-123.06,1,0,0.994876235837483,0.00512376416251714,0,0,"WC"
"Pitt","Sockeye",2004,40151,33786,0,0,0.00323777739035142,0,0,0.000224153819332022,0.229159921297103,0.767378147493213,0,0,0,0,0,0,0,0,0,0,0,0,0,0,0,0.172600831182319,30,49.12,-123.06,1,0.00323777739035142,0.996762222609649,0,0,0,"WC"
"Pitt","Sockeye",2005,8325,33806,0,0.00780780780780781,0,0,0,0,0.206966966966967,0.766966966966967,0.0182582582582583,0,0,0,0,0,0,0,0,0,0,0,0,0,0,-1.40137526566148,30,49.12,-123.06,1,0.00780780780780781,0.992192192192192,0,0,0,"WC"
"Pitt","Sockeye",2006,66905,21301,0,0,0.0038562140348255,0,0,0.000119572528211643,0.186458411180031,0.809565802256931,0,0,0,0,0,0,0,0,0,0,0,0,0,0,0,1.1445196827868,30,49.12,-123.06,1,0.0038562140348255,0.996143785965174,0,0,0,"WC"
"Pitt","Sockeye",2007,81536,19935,0,0,0,0,0,0,0.141017464678179,0.853120094191523,0.00293122056514914,0,0,0,0.00293122056514914,0,0,0,0,0,0,0,0,0,0,1.40856765967633,30,49.12,-123.06,1,0,0.997068779434851,0.00293122056514914,0,0,"WC"
"Pitt","Sockeye",2008,81099,6348,0,0,0,0,0,0.000110975474420153,0.180187178633522,0.81686580599021,0.00283603990184836,0,0,0,0,0,0,0,0,0,0,0,0,0,0,2.54753082792496,30,49.12,-123.06,1,0,1,0,0,0,"WC"
"Pitt","Sockeye",2009,58388,18838,0,0,0.0280194560526136,0,0,0,0.147376173186271,0.820185654586559,0,0,0,0.00441871617455642,0,0,0,0,0,0,0,0,0,0,0,1.13123428286771,30,49.12,-123.06,1,0.0280194560526136,0.96756182777283,0.00441871617455642,0,0,"WC"
"Pitt","Sockeye",2010,47897,8783,0,0.00480197089588074,0.0107522391799069,0,0,0.000793369104536819,0.399628369208927,0.577718855043113,0,0,0,0.00630519656763472,0,0,0,0,0,0,0,0,0,0,0,1.69623483704035,30,49.12,-123.06,1,0.0155542100757876,0.978140593356578,0.00630519656763472,0,0,"WC"
"Pitt","Sockeye",2011,99189,30439,0,0,0,0,0,0.00014114468338223,0.271653106695299,0.712125336478843,0.00467793807781105,0,0,0.00204659790904233,0.0093558761556221,0,0,0,0,0,0,0,0,0,0,1.18130244010293,30,49.12,-123.06,1,0,0.988597525935336,0.0114024740646644,0,0,"WC"
"Pitt","Sockeye",2012,55907,41415,0,0,0,0,0,0,0.143685048383923,0.843651063373102,0.0126281145473733,0,0,0,0,0,0,0,3.57736956016241e-05,0,0,0,0,0,0,0.300046461884599,30,49.12,-123.06,1,0,0.999964226304398,0,3.57736956016241e-05,0,"WC"
"Pitt","Sockeye",2013,26259,30166,0,0,0,0,0,0,0.0282950607410793,0.968772611295175,0.00255150615027229,0,0,0.000380821813473476,0,0,0,0,0,0,0,0,0,0,0,-0.13870667492765,30,49.12,-123.06,1,0,0.999619178186527,0.000380821813473476,0,0,"WC"
"Pitt","Sockeye",2014,6011,14427,0,0,0,0,0,0,0.277158542671768,0.715854267176842,0.00698719015138912,0,0,0,0,0,0,0,0,0,0,0,0,0,0,-0.87551032690661,30,49.12,-123.06,1,0,1,0,0,0,"WC"
"Pitt","Sockeye",2015,6365,18985,0,0,0.010369206598586,0,0,0,0.145168892380204,0.84446190102121,0,0,0,0,0,0,0,0,0,0,0,0,0,0,0,-1.0928349616744,30,49.12,-123.06,1,0.010369206598586,0.989630793401414,0,0,0,"WC"
"Portage","Sockeye",1951,244,15,0,0,0,0,0,0.0737704918032787,0.926229508196721,0,0,0,0,0,0,0,0,0,0,0,0,0,0,0,0,2.78911802419099,24,49.12,-123.06,1,0,1,0,0,0,"WC"
"Portage","Sockeye",1953,394,24,0,0,0,0,0,0,1,0,0,0,0,0,0,0,0,0,0,0,0,0,0,0,0,2.79829707894999,24,49.12,-123.06,1,0,1,0,0,0,"WC"
"Portage","Sockeye",1954,38700,1729,0,0,0,0,0,0.0490439276485788,0.928837209302326,0,0,0,0,0.0221188630490956,0,0,0,0,0,0,0,0,0,0,0,3.10829639333458,24,49.12,-123.06,1,0,0.977881136950904,0.0221188630490956,0,0,"WC"
"Portage","Sockeye",1955,4392,20,0,0,0,0,0,0.00364298724954463,0.996357012750455,0,0,0,0,0,0,0,0,0,0,0,0,0,0,0,0,5.39180770963538,24,49.12,-123.06,1,0,1,0,0,0,"WC"
"Portage","Sockeye",1957,47,20,0,0,0,0,0,0,1,0,0,0,0,0,0,0,0,0,0,0,0,0,0,0,0,0.854415328156068,24,49.12,-123.06,1,0,1,0,0,0,"WC"
"Portage","Sockeye",1958,25645,2749,0,0,0,0,0,0.0348995905634627,0.964632481965295,0.000467927471241957,0,0,0,0,0,0,0,0,0,0,0,0,0,0,0,2.23311141165812,24,49.12,-123.06,1,0,1,0,0,0,"WC"
"Portage","Sockeye",1959,5565,286,0,0,0,0,0,0.0240790655884996,0.9759209344115,0,0,0,0,0,0,0,0,0,0,0,0,0,0,0,0,2.96826045288979,24,49.12,-123.06,1,0,1,0,0,0,"WC"
"Portage","Sockeye",1961,2723,12,0,0,0,0,0,0.000734484024972457,0.999265515975028,0,0,0,0,0,0,0,0,0,0,0,0,0,0,0,0,5.42458284288576,24,49.12,-123.06,1,0,1,0,0,0,"WC"
"Portage","Sockeye",1962,72180,6326,0,0,0,0,0,0.0260182876142976,0.971432529786645,0.00254918259905791,0,0,0,0,0,0,0,0,0,0,0,0,0,0,0,2.43449487433119,24,49.12,-123.06,1,0,1,0,0,0,"WC"
"Portage","Sockeye",1963,58437,1116,0,0,0,0,0,0.037767168061331,0.961959032804559,0.000273799134110238,0,0,0,0,0,0,0,0,0,0,0,0,0,0,0,3.95819838690345,24,49.12,-123.06,1,0,1,0,0,0,"WC"
"Portage","Sockeye",1964,624,5,0,0,0,0,0,0.0673076923076923,0.915064102564103,0,0,0,0,0.0176282051282051,0,0,0,0,0,0,0,0,0,0,0,4.82671245593533,24,49.12,-123.06,1,0,0.982371794871795,0.0176282051282051,0,0,"WC"
"Portage","Sockeye",1965,3463,589,0,0,0,0,0,0.0447588795841756,0.955241120415824,0,0,0,0,0,0,0,0,0,0,0,0,0,0,0,0,1.77146436075084,24,49.12,-123.06,1,0,1,0,0,0,"WC"
"Portage","Sockeye",1966,31339,15201,0,0,0,0,0,0.010593828775647,0.979737707010434,0.00966846421391876,0,0,0,0,0,0,0,0,0,0,0,0,0,0,0,0.723502113152259,24,49.12,-123.06,1,0,1,0,0,0,"WC"
"Portage","Sockeye",1967,4286,1983,0,0,0,0,0,0.0389640690620625,0.934437704153056,0.026598226784881,0,0,0,0,0,0,0,0,0,0,0,0,0,0,0,0.770743047513726,24,49.12,-123.06,1,0,1,0,0,0,"WC"
"Portage","Sockeye",1968,1046,50,0,0,0,0,0,0,1,0,0,0,0,0,0,0,0,0,0,0,0,0,0,0,0,3.04070563919672,24,49.12,-123.06,1,0,1,0,0,0,"WC"
"Portage","Sockeye",1969,34582,491,0,0,0,0,0,0.111011508877451,0.888988491122549,0,0,0,0,0,0,0,0,0,0,0,0,0,0,0,0,4.25464446667021,24,49.12,-123.06,1,0,1,0,0,0,"WC"
"Portage","Sockeye",1970,58068,2139,0,0,0,0,0,0.0226803058483158,0.977319694151684,0,0,0,0,0,0,0,0,0,0,0,0,0,0,0,0,3.30127630749891,24,49.12,-123.06,1,0,1,0,0,0,"WC"
"Portage","Sockeye",1971,18043,155,0,0,0,0,0,0.113617469378706,0.876350939422491,0,0,0,0,0.0100315911988029,0,0,0,0,0,0,0,0,0,0,0,4.75708795998905,24,49.12,-123.06,1,0,0.989968408801197,0.0100315911988029,0,0,"WC"
"Portage","Sockeye",1972,15283,98,0,0,0,0,0,0.139174245894131,0.860825754105869,0,0,0,0,0,0,0,0,0,0,0,0,0,0,0,0,5.04952889985726,24,49.12,-123.06,1,0,1,0,0,0,"WC"
"Portage","Sockeye",1973,91287,1688,0,0,0,0,0,0.116018710221609,0.883981289778391,0,0,0,0,0,0,0,0,0,0,0,0,0,0,0,0,3.99046399355631,24,49.12,-123.06,1,0,1,0,0,0,"WC"
"Portage","Sockeye",1974,42611,4843,0,0,0,0,0,0.038605055032738,0.955222829785736,0.0061721151815259,0,0,0,0,0,0,0,0,0,0,0,0,0,0,0,2.17457807248467,24,49.12,-123.06,1,0,1,0,0,0,"WC"
"Portage","Sockeye",1975,15753,1631,0,0,0,0,0,0.051418777375738,0.932584269662921,0.0149177934361709,0,0,0.00107915952516981,0,0,0,0,0,0,0,0,0,0,0,0,2.26783749968496,24,49.12,-123.06,1,0,0.99892084047483,0.00107915952516981,0,0,"WC"
"Portage","Sockeye",1976,7590,753,0,0,0,0,0,0.0155467720685112,0.935046113306983,0,0,0,0,0.0494071146245059,0,0,0,0,0,0,0,0,0,0,0,2.31052164258978,24,49.12,-123.06,1,0,0.950592885375494,0.0494071146245059,0,0,"WC"
"Portage","Sockeye",1977,39989,3923,0,0,0,0,0,0.0192052814523994,0.951761734476981,0.0290329840706194,0,0,0,0,0,0,0,0,0,0,0,0,0,0,0,2.32174774906709,24,49.12,-123.06,1,0,1,0,0,0,"WC"
"Portage","Sockeye",1978,111753,3963,0,0,0,0,0,0.0117670219144005,0.890902257657513,0.0426744695891833,0,0,0.000143172890213238,0.054065662666774,0.000447415281916369,0,0,0,0,0,0,0,0,0,0,3.33928976456263,24,49.12,-123.06,1,0,0.945343749161096,0.0546562508389037,0,0,"WC"
"Portage","Sockeye",1979,52692,2023,0,0,0,0,0,0.00442192363167084,0.978497684658013,0.0113299931678433,0,0,0,0.00575039854247324,0,0,0,0,0,0,0,0,0,0,0,3.25988208318197,24,49.12,-123.06,1,0,0.994249601457527,0.00575039854247324,0,0,"WC"
"Portage","Sockeye",1980,12225,996,0,0,0,0,0,0.0552147239263804,0.923680981595092,0.0150511247443763,0,0,0.00605316973415133,0,0,0,0,0,0,0,0,0,0,0,0,2.50749105675847,24,49.12,-123.06,1,0,0.993946830265849,0.00605316973415133,0,0,"WC"
"Portage","Sockeye",1981,20069,2951,0,0,0,0,0,0.00767352633414719,0.788728885345558,0.0336837909213214,0,0,0,0.169913797398974,0,0,0,0,0,0,0,0,0,0,0,1.91703223999574,24,49.12,-123.06,1,0,0.830086202601027,0.169913797398974,0,0,"WC"
"Portage","Sockeye",1982,210984,11734,0,0,0,0,0,0.00604785196981762,0.938815265612558,0.0533026201038941,0,0,0,0.00183426231372995,0,0,0,0,0,0,0,0,0,0,0,2.88929169071332,24,49.12,-123.06,1,0,0.99816573768627,0.00183426231372995,0,0,"WC"
"Portage","Sockeye",1983,37358,4909,0,0,0,0,0,0.0115637882113604,0.986615985866481,0,0,0,0,0.00182022592215857,0,0,0,0,0,0,0,0,0,0,0,2.0294768236612,24,49.12,-123.06,1,0,0.998179774077841,0.00182022592215857,0,0,"WC"
"Portage","Sockeye",1984,50565,941,0,0,0,0,0,0.0102244635617522,0.482309898150895,0.498131118362504,0,0,0,0.0093345199248492,0,0,0,0,0,0,0,0,0,0,0,3.98407177675089,24,49.12,-123.06,1,0,0.990665480075151,0.0093345199248492,0,0,"WC"
"Portage","Sockeye",1985,25840,960,0,0,0,0,0,0.0454334365325077,0.91594427244582,0.0127321981424149,0,0,0,0.025890092879257,0,0,0,0,0,0,0,0,0,0,0,3.29274567343466,24,49.12,-123.06,1,0,0.974109907120743,0.025890092879257,0,0,"WC"
"Portage","Sockeye",1986,71594,6213,0,0,0,0,0,0.00356175098471939,0.946322317512641,0.0501159315026399,0,0,0,0,0,0,0,0,0,0,0,0,0,0,0,2.44436740049104,24,49.12,-123.06,1,0,1,0,0,0,"WC"
"Portage","Sockeye",1987,63044,3766,0,0,0,0,0,0.00463168580673815,0.965325804200241,0.0160998667597234,0,0,0.00591650275997716,0.00802614047332022,0,0,0,0,0,0,0,0,0,0,0,2.81781946507833,24,49.12,-123.06,1,0,0.986057356766703,0.0139426432332974,0,0,"WC"
"Portage","Sockeye",1988,21096,784,0,0,0,0,0,0.0186765263557072,0.742036405005688,0.238907849829352,0,0,0.000379218809252939,0,0,0,0,0,0,0,0,0,0,0,0,3.29242970768271,24,49.12,-123.06,1,0,0.999620781190747,0.000379218809252939,0,0,"WC"
"Portage","Sockeye",1989,199353,5067,0,0,0,0,0,0.000892888494278993,0.932200669164748,0.0490436562278972,0,0,0,0.0178627861130758,0,0,0,0,0,0,0,0,0,0,0,3.67232819612931,24,49.12,-123.06,1,0,0.982137213886924,0.0178627861130758,0,0,"WC"
"Portage","Sockeye",1990,50970,8415,0,0,0,0,0,0,0.983637433784579,0.0163625662154208,0,0,0,0,0,0,0,0,0,0,0,0,0,0,0,1.80122139670918,24,49.12,-123.06,1,0,1,0,0,0,"WC"
"Portage","Sockeye",1991,15891,7292,0,0,0,0,0,0,0.988295261468756,0.0078031590208294,0,0,0,0.0039015795104147,0,0,0,0,0,0,0,0,0,0,0,0.778975054414083,24,49.12,-123.06,1,0,0.996098420489585,0.0039015795104147,0,0,"WC"
"Portage","Sockeye",1992,17136,1378,0,0,0,0,0,0.0612161531279178,0.812616713352007,0.126167133520075,0,0,0,0,0,0,0,0,0,0,0,0,0,0,0,2.52054834111393,24,49.12,-123.06,1,0,1,0,0,0,"WC"
"Portage","Sockeye",1993,174902,9829,0,0,0,0,0,4.00224125510286e-05,0.96877680072269,0.0249339630192908,0,0,0,0.00624921384546775,0,0,0,0,0,0,0,0,0,0,0,2.87888861748046,24,49.12,-123.06,1,0,0.993750786154532,0.00624921384546775,0,0,"WC"
"Portage","Sockeye",1994,127670,3890,0,0,0,0,0,0.000180151954257069,0.976830892143808,0.0229889559019347,0,0,0,0,0,0,0,0,0,0,0,0,0,0,0,3.4910396522019,24,49.12,-123.06,1,0,1,0,0,0,"WC"
"Portage","Sockeye",1995,40496,4319,0,0,0,0,0,0.00106183326748321,0.915127419992098,0.0226689055709206,0,0,0,0.0566475701303832,0.00449427103911497,0,0,0,0,0,0,0,0,0,0,2.2381793098242,24,49.12,-123.06,1,0,0.938858158830502,0.0611418411694982,0,0,"WC"
"Portage","Sockeye",1996,86511,1759,0,0,0,0,0,0.00270485834171377,0.96369247841315,0.0210031094311706,0,0,0,0.0125995538139659,0,0,0,0,0,0,0,0,0,0,0,3.89552610772735,24,49.12,-123.06,1,0,0.987400446186034,0.0125995538139659,0,0,"WC"
"Portage","Sockeye",1997,41499,5056,0,0,0,0,0,0,0.967444998674667,0.024892166076291,0,0,0,0.00766283524904215,0,0,0,0,0,0,0,0,0,0,0,2.10509367371623,24,49.12,-123.06,1,0,0.992337164750958,0.00766283524904215,0,0,"WC"
"Portage","Sockeye",1998,18053,11873,0,0,0,0,0,0.00049853209992799,0.973134659059436,0.00609317011023099,0,0,0,0.0202736387304049,0,0,0,0,0,0,0,0,0,0,0,0.419044961270866,24,49.12,-123.06,1,0,0.979726361269595,0.0202736387304049,0,0,"WC"
"Portage","Sockeye",1999,9078,2079,0,0,0,0,0,0.00132187706543291,0.910112359550562,0.0758977748402732,0,0,0,0.0126679885437321,0,0,0,0,0,0,0,0,0,0,0,1.4739668951584,24,49.12,-123.06,1,0,0.987332011456268,0.0126679885437321,0,0,"WC"
"Portage","Sockeye",2000,12829,671,0,0,0,0,0,0.00670356224179593,0.993296437758204,0,0,0,0,0,0,0,0,0,0,0,0,0,0,0,0,2.95069437527766,24,49.12,-123.06,1,0,1,0,0,0,"WC"
"Portage","Sockeye",2001,18610,1851,0,0,0,0,0,0.00134336378291241,0.998656636217088,0,0,0,0,0,0,0,0,0,0,0,0,0,0,0,0,2.3079730370628,24,49.12,-123.06,1,0,1,0,0,0,"WC"
"Portage","Sockeye",2002,48191,8001,0,0,0,0,0,0.000166006100724202,0.999833993899276,0,0,0,0,0,0,0,0,0,0,0,0,0,0,0,0,1.79560574776214,24,49.12,-123.06,1,0,1,0,0,0,"WC"
"Portage","Sockeye",2003,5210,3179,0,0,0,0,0,0,0.928023032629559,0,0,0,0,0.0719769673704415,0,0,0,0,0,0,0,0,0,0,0,0.49401317383661,24,49.12,-123.06,1,0,0.928023032629559,0.0719769673704415,0,0,"WC"
"Portage","Sockeye",2004,5687,778,0,0,0,0,0,0,0.989449621944786,0.0105503780552136,0,0,0,0,0,0,0,0,0,0,0,0,0,0,0,1.98921162312841,24,49.12,-123.06,1,0,1,0,0,0,"WC"
"Portage","Sockeye",2005,2400,8261,0,0,0,0,0,0,0.9875,0,0,0,0.0125,0,0,0,0,0,0,0,0,0,0,0,0,-1.23607690822647,24,49.12,-123.06,1,0,0.9875,0.0125,0,0,"WC"
"Portage","Sockeye",2006,174070,10971,0,0.00176365829838571,0,0,0,0.000344688918251278,0.990021255816625,0.00787039696673752,0,0,0,0,0,0,0,0,0,0,0,0,0,0,0,2.76420208932926,24,49.12,-123.06,1,0.00176365829838571,0.998236341701614,0,0,0,"WC"
"Portage","Sockeye",2007,2987,849,0,0,0,0,0,0,0.972882490793438,0.0271175092065618,0,0,0,0,0,0,0,0,0,0,0,0,0,0,0,1.25796563190476,24,49.12,-123.06,1,0,1,0,0,0,"WC"
"Portage","Sockeye",2008,433,63,0,0,0,0,0,0,0.279445727482679,0.383371824480369,0,0,0,0.337182448036952,0,0,0,0,0,0,0,0,0,0,0,1.92760300161096,24,49.12,-123.06,1,0,0.662817551963048,0.337182448036952,0,0,"WC"
"Portage","Sockeye",2009,12202,792,0,0,0,0,0,0,1,0,0,0,0,0,0,0,0,0,0,0,0,0,0,0,0,2.73479375989737,24,49.12,-123.06,1,0,1,0,0,0,"WC"
"Portage","Sockeye",2010,84269,26699,0,0,0,0,0,0.0033226928051834,0.996285704114206,0.000391603080610901,0,0,0,0,0,0,0,0,0,0,0,0,0,0,0,1.14938795157336,24,49.12,-123.06,1,0,1,0,0,0,"WC"
"Portage","Sockeye",2011,106,330,0,0,0,0,0,0,0.471698113207547,0.528301886792453,0,0,0,0,0,0,0,0,0,0,0,0,0,0,0,-1.13565356034846,24,49.12,-123.06,1,0,1,0,0,0,"WC"
"Portage","Sockeye",2012,167,13,0,0,0,0,0,0,1,0,0,0,0,0,0,0,0,0,0,0,0,0,0,0,0,2.55304445495522,24,49.12,-123.06,1,0,1,0,0,0,"WC"
"Portage","Sockeye",2013,2391,4181,0,0,0,0,0,0,0.759933082392305,0.240066917607696,0,0,0,0,0,0,0,0,0,0,0,0,0,0,0,-0.55883876389824,24,49.12,-123.06,1,0,1,0,0,0,"WC"
"Portage","Sockeye",2014,93802,12447,0,0,0,0,0,0.00094880706168312,0.98994690944756,0.00910428349075713,0,0,0,0,0,0,0,0,0,0,0,0,0,0,0,2.01970654772765,24,49.12,-123.06,1,0,1,0,0,0,"WC"
"Portage","Sockeye",2015,18,17,0,0,0,0,0,0,0.388888888888889,0.611111111111111,0,0,0,0,0,0,0,0,0,0,0,0,0,0,0,0.0571584138399486,24,49.12,-123.06,1,0,1,0,0,0,"WC"
"Quesnel","Sockeye",1950,2048,264,0,0,0,0,0,0.0166015625,0.9833984375,0,0,0,0,0,0,0,0,0,0,0,0,0,0,0,0,2.04866988301308,18,49.12,-123.06,1,0,1,0,0,0,"WC"
"Quesnel","Sockeye",1951,413,9,0,0,0,0,0,0,1,0,0,0,0,0,0,0,0,0,0,0,0,0,0,0,0,3.82622301562481,18,49.12,-123.06,1,0,1,0,0,0,"WC"
"Quesnel","Sockeye",1952,562,51,0,0,0,0,0,0,1,0,0,0,0,0,0,0,0,0,0,0,0,0,0,0,0,2.39967621716937,18,49.12,-123.06,1,0,1,0,0,0,"WC"
"Quesnel","Sockeye",1953,610245,47564,0,0,0,0,0,0.00967152537095757,0.989967963686716,0.000360510942326443,0,0,0,0,0,0,0,0,0,0,0,0,0,0,0,2.5517843433008,18,49.12,-123.06,1,0,1,0,0,0,"WC"
"Quesnel","Sockeye",1954,10692,146,0,0,0,0,0,0,1,0,0,0,0,0,0,0,0,0,0,0,0,0,0,0,0,4.29364445555047,18,49.12,-123.06,1,0,1,0,0,0,"WC"
"Quesnel","Sockeye",1955,180,30,0,0,0,0,0,0,1,0,0,0,0,0,0,0,0,0,0,0,0,0,0,0,0,1.79175946922805,18,49.12,-123.06,1,0,1,0,0,0,"WC"
"Quesnel","Sockeye",1956,1133,39,0,0,0,0,0,0.0158870255957635,0.984112974404237,0,0,0,0,0,0,0,0,0,0,0,0,0,0,0,0,3.36906261489836,18,49.12,-123.06,1,0,1,0,0,0,"WC"
"Quesnel","Sockeye",1957,999533,132852,0,0.00142066344983107,0,0,0,0.00836290547685769,0.990042349777346,0.000144067279419489,0,0,0,3.00140165457269e-05,0,0,0,0,0,0,0,0,0,0,0,2.01805244323835,18,49.12,-123.06,1,0.00142066344983107,0.998549322533623,3.00140165457269e-05,0,0,"WC"
"Quesnel","Sockeye",1958,3412,1269,0,0,0,0,0,0.00791324736225088,0.985345838218054,0.00674091441969519,0,0,0,0,0,0,0,0,0,0,0,0,0,0,0,0.989069440897182,18,49.12,-123.06,1,0,1,0,0,0,"WC"
"Quesnel","Sockeye",1959,165,29,0,0,0,0,0,0,1,0,0,0,0,0,0,0,0,0,0,0,0,0,0,0,0,1.73864964391411,18,49.12,-123.06,1,0,1,0,0,0,"WC"
"Quesnel","Sockeye",1960,1475,123,0,0,0,0,0,0.00406779661016949,0.99593220338983,0,0,0,0,0,0,0,0,0,0,0,0,0,0,0,0,2.4842289134015,18,49.12,-123.06,1,0,1,0,0,0,"WC"
"Quesnel","Sockeye",1961,1240890,70000,0,0,0,0,0,0.035846045983125,0.963668818348121,0.000410189460790239,0,0,0,7.4946207963639e-05,0,0,0,0,0,0,0,0,0,0,0,2.87508890103165,18,49.12,-123.06,1,0,0.999925053792036,7.4946207963639e-05,0,0,"WC"
"Quesnel","Sockeye",1962,7287,566,0,0,0,0,0,0.00411692054343351,0.995883079456567,0,0,0,0,0,0,0,0,0,0,0,0,0,0,0,0,2.5552531394671,18,49.12,-123.06,1,0,1,0,0,0,"WC"
"Quesnel","Sockeye",1963,956,40,0,0,0,0,0,0,1,0,0,0,0,0,0,0,0,0,0,0,0,0,0,0,0,3.17387845893747,18,49.12,-123.06,1,0,1,0,0,0,"WC"
"Quesnel","Sockeye",1964,2812,159,0,0,0,0,0,0,1,0,0,0,0,0,0,0,0,0,0,0,0,0,0,0,0,2.87274705071032,18,49.12,-123.06,1,0,1,0,0,0,"WC"
"Quesnel","Sockeye",1965,1667172,105393,0,0,0,0,0,0.00849402461173772,0.990963739794094,0.00049245068895111,0,0,0,4.97849052167383e-05,0,0,0,0,0,0,0,0,0,0,0,2.76118783655276,18,49.12,-123.06,1,0,0.999950215094783,4.97849052167383e-05,0,0,"WC"
"Quesnel","Sockeye",1966,7462,1040,0,0,0,0,0,0.00375234521575985,0.943178772447065,0.053068882337175,0,0,0,0,0,0,0,0,0,0,0,0,0,0,0,1.97060276164568,18,49.12,-123.06,1,0,1,0,0,0,"WC"
"Quesnel","Sockeye",1967,1761,24,0,0,0,0,0,0.00624645088018171,0.993753549119818,0,0,0,0,0,0,0,0,0,0,0,0,0,0,0,0,4.29558327814826,18,49.12,-123.06,1,0,1,0,0,0,"WC"
"Quesnel","Sockeye",1968,428,333,0,0,0,0,0,0,1,0,0,0,0,0,0,0,0,0,0,0,0,0,0,0,0,0.250980705601353,18,49.12,-123.06,1,0,1,0,0,0,"WC"
"Quesnel","Sockeye",1969,1640832,76565,0,4.20518371167798e-05,0,0,0,0.00390838306420158,0.991315381465013,0.00473418363366877,0,0,0,0,0,0,0,0,0,0,0,0,0,0,0,3.06481865598244,18,49.12,-123.06,1,4.20518371167798e-05,0.999957948162883,0,0,0,"WC"
"Quesnel","Sockeye",1970,20339,388,0,0,0,0,0,0,1,0,0,0,0,0,0,0,0,0,0,0,0,0,0,0,0,3.95929016456222,18,49.12,-123.06,1,0,1,0,0,0,"WC"
"Quesnel","Sockeye",1971,747,16,0,0,0,0,0,0,1,0,0,0,0,0,0,0,0,0,0,0,0,0,0,0,0,3.84347646289304,18,49.12,-123.06,1,0,1,0,0,0,"WC"
"Quesnel","Sockeye",1972,865,46,0,0,0,0,0,0.0104046242774566,0.989595375722543,0,0,0,0,0,0,0,0,0,0,0,0,0,0,0,0,2.93408811044278,18,49.12,-123.06,1,0,1,0,0,0,"WC"
"Quesnel","Sockeye",1973,2336434,112414,0,0.000225557409282693,0,0,0,0.00218880567565786,0.995904014408282,0.00168162250677742,0,0,0,0,0,0,0,0,0,0,0,0,0,0,0,3.03419262949958,18,49.12,-123.06,1,0.000225557409282693,0.999774442590717,0,0,0,"WC"
"Quesnel","Sockeye",1974,31024,2587,0,0,0,0,0,0.000676895306859206,0.944559051057246,0.0506059824651882,0,0,0,0.00415807117070655,0,0,0,0,0,0,0,0,0,0,0,2.4842621952964,18,49.12,-123.06,1,0,0.995841928829293,0.00415807117070655,0,0,"WC"
"Quesnel","Sockeye",1975,1865,105,0,0,0,0,0,0,1,0,0,0,0,0,0,0,0,0,0,0,0,0,0,0,0,2.87705598192039,18,49.12,-123.06,1,0,1,0,0,0,"WC"
"Quesnel","Sockeye",1976,1233,209,0,0,0,0,0,0,1,0,0,0,0,0,0,0,0,0,0,0,0,0,0,0,0,1.77487125119953,18,49.12,-123.06,1,0,1,0,0,0,"WC"
"Quesnel","Sockeye",1977,3878522,160717,0,0,0,0,0,0.00217763364498126,0.98253561537101,0.0139303064414744,0,0,0,0.0013564445425345,0,0,0,0,0,0,0,0,0,0,0,3.18356437788135,18,49.12,-123.06,1,0,0.998643555457466,0.0013564445425345,0,0,"WC"
"Quesnel","Sockeye",1978,196724,4349,0,0,0,0,0,0.000721823468412598,0.945858156605193,0.0532370224273602,0,0,0,0.00018299749903418,0,0,0,0,0,0,0,0,0,0,0,3.8118557975546,18,49.12,-123.06,1,0,0.999817002500966,0.00018299749903418,0,0,"WC"
"Quesnel","Sockeye",1979,6011,238,0,0,0,0,0,0,0.34985859258027,0.65014140741973,0,0,0,0,0,0,0,0,0,0,0,0,0,0,0,3.22907572936769,18,49.12,-123.06,1,0,1,0,0,0,"WC"
"Quesnel","Sockeye",1980,2446,98,0,0,0,0,0,0,1,0,0,0,0,0,0,0,0,0,0,0,0,0,0,0,0,3.21724183757655,18,49.12,-123.06,1,0,1,0,0,0,"WC"
"Quesnel","Sockeye",1981,9786652,332290,0,0,0,0,0,0.00200354523692065,0.97621290713106,0.0217835476320196,0,0,0,0,0,0,0,0,0,0,0,0,0,0,0,3.38276661380308,18,49.12,-123.06,1,0,1,0,0,0,"WC"
"Quesnel","Sockeye",1982,555542,20054,0,0,0,0,0,0,0.898355119864925,0.101364073283388,0,0,0,0,0.000280806851687181,0,0,0,0,0,0,0,0,0,0,3.3215155786806,18,49.12,-123.06,1,0,0.999719193148313,0.000280806851687181,0,0,"WC"
"Quesnel","Sockeye",1983,40412,1098,0,0,0,0,0,0.000816589131941008,0.779842621003662,0.219340789864397,0,0,0,0,0,0,0,0,0,0,0,0,0,0,0,3.60563642747815,18,49.12,-123.06,1,0,1,0,0,0,"WC"
"Quesnel","Sockeye",1984,6953,551,0,0,0,0,0,0.0122249388753056,0.987775061124694,0,0,0,0,0,0,0,0,0,0,0,0,0,0,0,0,2.5351936909461,18,49.12,-123.06,1,0,1,0,0,0,"WC"
"Quesnel","Sockeye",1985,12545239,692799,0,0.000228772046511031,0.00188916289279144,0,0,0.00224268345943828,0.967511579492427,0.0266372764998738,0,0,0,0.00141137207509558,7.91535338625274e-05,0,0,0,0,0,0,0,0,0,0,2.89635659620478,18,49.12,-123.06,1,0.00211793493930247,0.996391539451739,0.00149052560895811,0,0,"WC"
"Quesnel","Sockeye",1986,2532784,94792,0,0,0,0,0,1.6187720705753e-05,0.933608235048863,0.066375577230431,0,0,0,0,0,0,0,0,0,0,0,0,0,0,0,3.28538935447296,18,49.12,-123.06,1,0,1,0,0,0,"WC"
"Quesnel","Sockeye",1987,176592,11238,0,0,0,0,0,6.22904774848238e-05,0.676344341759536,0.323593367762979,0,0,0,0,0,0,0,0,0,0,0,0,0,0,0,2.75454109434052,18,49.12,-123.06,1,0,1,0,0,0,"WC"
"Quesnel","Sockeye",1988,26342,4185,0,0,0,0,0,0,1,0,0,0,0,0,0,0,0,0,0,0,0,0,0,0,0,1.83965791963542,18,49.12,-123.06,1,0,1,0,0,0,"WC"
"Quesnel","Sockeye",1989,10641495,940432,0,0.000199408071892154,0,0,0,0.000978903810037969,0.971615736322763,0.0263170729300723,0,0,4.79255969203575e-06,0.000884086305542595,0,0,0,0,0,0,0,0,0,0,0,2.42617691638404,18,49.12,-123.06,1,0.000199408071892154,0.998911713062873,0.000888878865234631,0,0,"WC"
"Quesnel","Sockeye",1990,3283634,259218,0,0,0,0,0,0.000178156274420353,0.897424317082842,0.102397526642738,0,0,0,0,0,0,0,0,0,0,0,0,0,0,0,2.53903660839807,18,49.12,-123.06,1,0,1,0,0,0,"WC"
"Quesnel","Sockeye",1991,151175,24861,0,0,0,0,0,0.000171986108814288,0.662781544567554,0.33518108152803,0,0,0,0.00186538779560112,0,0,0,0,0,0,0,0,0,0,0,1.80513779562426,18,49.12,-123.06,1,0,0.998134612204399,0.00186538779560112,0,0,"WC"
"Quesnel","Sockeye",1992,29214,3046,0,0,0,0,0,3.42301636201821e-05,0.99996576983638,0,0,0,0,0,0,0,0,0,0,0,0,0,0,0,0,2.26081879195565,18,49.12,-123.06,1,0,1,0,0,0,"WC"
"Quesnel","Sockeye",1993,6851040,1507350,0,4.11616338541302e-05,0,0,0,0.000239671641093907,0.940884303696957,0.0581737955113384,0,0,0,0.00066106751675658,0,0,0,0,0,0,0,0,0,0,0,1.51404732338649,18,49.12,-123.06,1,4.11616338541302e-05,0.999297770849389,0.00066106751675658,0,0,"WC"
"Quesnel","Sockeye",1994,2477091,356251,0,0,0,0,0,0.000100117436137792,0.913761747146148,0.0859483967282591,0,0,0,0.000189738689454687,0,0,0,0,0,0,0,0,0,0,0,1.93920462820758,18,49.12,-123.06,1,0,0.999810261310545,0.000189738689454687,0,0,"WC"
"Quesnel","Sockeye",1995,167306,116867,0,0,0,0,0,0,0.711737773899322,0.288262226100678,0,0,0,0,0,0,0,0,0,0,0,0,0,0,0,0.358787934999326,18,49.12,-123.06,1,0,1,0,0,0,"WC"
"Quesnel","Sockeye",1996,90690,21719,0,0,0,0,0,0,0.748770536994156,0.216220090417907,0,0,0,0.0350093725879369,0,0,0,0,0,0,0,0,0,0,0,1.42925964396929,18,49.12,-123.06,1,0,0.964990627412063,0.0350093725879369,0,0,"WC"
"Quesnel","Sockeye",1997,4692773,904914,0,0.000338605766782242,0,0,0,1.68343962088087e-05,0.92882438592278,0.0678588118368393,0,0,0,0.00296136207739006,0,0,0,0,0,0,0,0,0,0,0,1.64593903315171,18,49.12,-123.06,1,0.000338605766782242,0.996700032155828,0.00296136207739006,0,0,"WC"
"Quesnel","Sockeye",1998,4739875,534532,0,0,0,0,0,1.18146575595348e-05,0.942599541127139,0.057388644215301,0,0,0,0,0,0,0,0,0,0,0,0,0,0,0,2.18237444532387,18,49.12,-123.06,1,0,1,0,0,0,"WC"
"Quesnel","Sockeye",1999,810586,106908,0,0,0,0,0,0,0.717969469001438,0.282030530998562,0,0,0,0,0,0,0,0,0,0,0,0,0,0,0,2.02578879136139,18,49.12,-123.06,1,0,1,0,0,0,"WC"
"Quesnel","Sockeye",2000,53810,37163,0,0,0,0,0,0,0.708845939416465,0.291154060583535,0,0,0,0,0,0,0,0,0,0,0,0,0,0,0,0.370145680844481,18,49.12,-123.06,1,0,1,0,0,0,"WC"
"Quesnel","Sockeye",2001,3701006,1740454,0,0.00133125966291327,0,0,0,1.13482658498797e-05,0.966346717622182,0.0311850345554695,0,0,0,0.00112563989358569,0,0,0,0,0,0,0,0,0,0,0,0.754458675853085,18,49.12,-123.06,1,0.00133125966291327,0.997543100443501,0.00112563989358569,0,0,"WC"
"Quesnel","Sockeye",2002,640265,1312599,0,0,0,0,0,5.93504252145596e-05,0.942708097428409,0.0565500222564095,0,0,0,0.000682529889967435,0,0,0,0,0,0,0,0,0,0,0,-0.717882267039119,18,49.12,-123.06,1,0,0.999317470110033,0.000682529889967435,0,0,"WC"
"Quesnel","Sockeye",2003,143876,148235,0,0,0,0,0,0,0.572882204120215,0.421223831632795,0,0,0,0.00589396424699046,0,0,0,0,0,0,0,0,0,0,0,-0.0298470348245628,18,49.12,-123.06,1,0,0.994106035753009,0.00589396424699046,0,0,"WC"
"Quesnel","Sockeye",2004,11816,6629,0,0,0.0138794854434665,0,0,0,0.553909952606635,0.432210561949898,0,0,0,0,0,0,0,0,0,0,0,0,0,0,0,0.578000581969824,18,49.12,-123.06,1,0.0138794854434665,0.986120514556533,0,0,0,"WC"
"Quesnel","Sockeye",2005,217138,772179,0,0,0,0,0,0,0.914505982370658,0.071396991774816,0,0,7.82912249352946e-05,0.0131437150567842,0.000875019572806234,0,0,0,0,0,0,0,0,0,0,-1.26868329231937,18,49.12,-123.06,1,0,0.985902974145474,0.0140970258545257,0,0,"WC"
"Quesnel","Sockeye",2006,628265,90069,0,0.000268994771314652,0,0,0,0.000106642897503442,0.932353385911996,0.0672709764191862,0,0,0,0,0,0,0,0,0,0,0,0,0,0,0,1.94238600872611,18,49.12,-123.06,1,0.000268994771314652,0.999731005228685,0,0,0,"WC"
"Quesnel","Sockeye",2007,79961,33601,0,0,0,0,0,0.000287640224609497,0.992321256612599,0.00722852390540388,0,0,0,0.000162579257387977,0,0,0,0,0,0,0,0,0,0,0,0.86698318737608,18,49.12,-123.06,1,0,0.999837420742612,0.000162579257387977,0,0,"WC"
"Quesnel","Sockeye",2008,7241,2473,0,0,0,0,0,0,0.110620080099434,0.865488192238641,0,0,0,0.0238917276619251,0,0,0,0,0,0,0,0,0,0,0,1.0743273298674,18,49.12,-123.06,1,0,0.976108272338075,0.0238917276619251,0,0,"WC"
"Quesnel","Sockeye",2009,320107,82781,0,0,0.000540444288940885,0,0,7.49749302576951e-05,0.925871661663131,0.07351291911767,0,0,0,0,0,0,0,0,0,0,0,0,0,0,0,1.35245674844268,18,49.12,-123.06,1,0.000540444288940885,0.999459555711059,0,0,0,"WC"
"Quesnel","Sockeye",2010,2528603,131545,0,0,0,0,0,0.00137625400270426,0.986842141688513,0.0115557879192582,0,0,2.37285172880045e-05,0.000202087872236172,0,0,0,0,0,0,0,0,0,0,0,2.95607325690224,18,49.12,-123.06,1,0,0.999774183610476,0.000225816389524176,0,0,"WC"
"Quesnel","Sockeye",2011,41422,16936,0,0,0,0,0,0.00101395393752112,0.902805272560475,0.0961807735020038,0,0,0,0,0,0,0,0,0,0,0,0,0,0,0,0.894370606821395,18,49.12,-123.06,1,0,1,0,0,0,"WC"
"Quesnel","Sockeye",2012,502,97,0,0,0,0,0,0.00199203187250996,0.587649402390438,0.410358565737052,0,0,0,0,0,0,0,0,0,0,0,0,0,0,0,1.64388914118835,18,49.12,-123.06,1,0,1,0,0,0,"WC"
"Quesnel","Sockeye",2013,152587,93727,0,0,0,0,0,0.00251004345062161,0.941934765084837,0.0555551914645415,0,0,0,0,0,0,0,0,0,0,0,0,0,0,0,0.487348623764119,18,49.12,-123.06,1,0,1,0,0,0,"WC"
"Quesnel","Sockeye",2014,2172463,430821,0,0,0,0,0,0.000849726784759971,0.980570900401986,0.0184721212743324,0,0,0,0.000107251538921491,0,0,0,0,0,0,0,0,0,0,0,1.61792413531205,18,49.12,-123.06,1,0,0.999892748461079,0.000107251538921491,0,0,"WC"
"Quesnel","Sockeye",2015,6350,25749,0,0,0,0,0,0,0.815748031496063,0.17748031496063,0,0,0,0.00677165354330709,0,0,0,0,0,0,0,0,0,0,0,-1.39994097849959,18,49.12,-123.06,1,0,0.993228346456693,0.00677165354330709,0,0,"WC"
"Raft","Sockeye",1950,45556,1917,0,0,0,0,0,0.00037316709105277,0.868140310826236,0.131486522082711,0,0,0,0,0,0,0,0,0,0,0,0,0,0,0,3.1681808743486,17,49.12,-123.06,1,0,1,0,0,0,"WC"
"Raft","Sockeye",1951,47653,3364,0,0,0,0,0,0.000167880301345141,0.726837764673788,0.272994355024867,0,0,0,0,0,0,0,0,0,0,0,0,0,0,0,2.65081484508427,17,49.12,-123.06,1,0,1,0,0,0,"WC"
"Raft","Sockeye",1952,51182,5116,0,0,0,0,0,9.7690594349576e-05,0.902016333867375,0.0978859755382752,0,0,0,0,0,0,0,0,0,0,0,0,0,0,0,2.30301502401628,17,49.12,-123.06,1,0,1,0,0,0,"WC"
"Raft","Sockeye",1953,32124,3600,0,0,0,0,0,0,0.942753081807994,0.057246918192006,0,0,0,0,0,0,0,0,0,0,0,0,0,0,0,2.18866956886415,17,49.12,-123.06,1,0,1,0,0,0,"WC"
"Raft","Sockeye",1954,50488,5352,0,0,0,0,0,0.00457534463634923,0.771747742037712,0.223676913325939,0,0,0,0,0,0,0,0,0,0,0,0,0,0,0,2.24426536145601,17,49.12,-123.06,1,0,1,0,0,0,"WC"
"Raft","Sockeye",1955,60522,2905,0,0,0,0,0,0.000115660421003932,0.867403588777635,0.12987012987013,0,0,0,0.00261062093123162,0,0,0,0,0,0,0,0,0,0,0,3.03657354499688,17,49.12,-123.06,1,0,0.997389379068768,0.00261062093123162,0,0,"WC"
"Raft","Sockeye",1956,27140,5179,0,0,0,0,0,0,0.638725128960943,0.295836403831982,0,0,0,0.0654384672070744,0,0,0,0,0,0,0,0,0,0,0,1.65639666696497,17,49.12,-123.06,1,0,0.934561532792926,0.0654384672070744,0,0,"WC"
"Raft","Sockeye",1957,21015,3314,0,0,0,0,0,0.00342612419700214,0.900880323578396,0.0956935522246015,0,0,0,0,0,0,0,0,0,0,0,0,0,0,0,1.84708054945271,17,49.12,-123.06,1,0,1,0,0,0,"WC"
"Raft","Sockeye",1958,23143,6235,0,0,0,0,0,0.000993821025796137,0.976148295380893,0.0221233202264184,0,0,0,0.000734563366892797,0,0,0,0,0,0,0,0,0,0,0,1.31151377986553,17,49.12,-123.06,1,0,0.999265436633107,0.000734563366892797,0,0,"WC"
"Raft","Sockeye",1959,23614,5232,0,0,0,0,0,0,0.86461421190819,0.134115355297705,0,0,0,0.00127043279410519,0,0,0,0,0,0,0,0,0,0,0,1.50704614233002,17,49.12,-123.06,1,0,0.998729567205895,0.00127043279410519,0,0,"WC"
"Raft","Sockeye",1960,16948,2252,0,0,0,0,0,0.00377625678546141,0.86824404059476,0.120899221147038,0,0,0,0.00708048147274015,0,0,0,0,0,0,0,0,0,0,0,2.01833112248687,17,49.12,-123.06,1,0,0.99291951852726,0.00708048147274015,0,0,"WC"
"Raft","Sockeye",1961,24325,3014,0,0,0,0,0,0.00131551901336074,0.910133607399794,0.0885508735868448,0,0,0,0,0,0,0,0,0,0,0,0,0,0,0,2.08823652786776,17,49.12,-123.06,1,0,1,0,0,0,"WC"
"Raft","Sockeye",1962,40549,4197,0,0,0,0,0,0,0.926484007003872,0.0735159929961281,0,0,0,0,0,0,0,0,0,0,0,0,0,0,0,2.26814113499343,17,49.12,-123.06,1,0,1,0,0,0,"WC"
"Raft","Sockeye",1963,9817,2693,0,0,0,0,0,0.00183355403891209,0.925944789650606,0.0269939900173169,0,0,0,0.0452276662931649,0,0,0,0,0,0,0,0,0,0,0,1.29345976288092,17,49.12,-123.06,1,0,0.954772333706835,0.0452276662931649,0,0,"WC"
"Raft","Sockeye",1964,48724,2666,0,0,0,0,0,0.0016624250882522,0.826758886790904,0.168869550939989,0,0,0,0.00270913718085543,0,0,0,0,0,0,0,0,0,0,0,2.9055925000812,17,49.12,-123.06,1,0,0.997290862819145,0.00270913718085543,0,0,"WC"
"Raft","Sockeye",1965,20626,2669,0,0,0,0,0,0.00353922234073499,0.914719286337632,0.0817414913216329,0,0,0,0,0,0,0,0,0,0,0,0,0,0,0,2.04484854547149,17,49.12,-123.06,1,0,1,0,0,0,"WC"
"Raft","Sockeye",1966,23539,2666,0,0,0,0,0,0.0135944602574451,0.870172904541399,0.116232635201156,0,0,0,0,0,0,0,0,0,0,0,0,0,0,0,2.17807939828967,17,49.12,-123.06,1,0,1,0,0,0,"WC"
"Raft","Sockeye",1967,9658,358,0,0,0,0,0,0.00383102091530338,0.851729136467178,0.144439842617519,0,0,0,0,0,0,0,0,0,0,0,0,0,0,0,3.29500888003279,17,49.12,-123.06,1,0,1,0,0,0,"WC"
"Raft","Sockeye",1968,106397,3455,0,0,0,0,0,0.000921078601840277,0.948222224310836,0.0508566970873239,0,0,0,0,0,0,0,0,0,0,0,0,0,0,0,3.42735492380169,17,49.12,-123.06,1,0,1,0,0,0,"WC"
"Raft","Sockeye",1969,14370,2577,0,0,0,0,0,0.0265135699373695,0.715309672929715,0.258176757132916,0,0,0,0,0,0,0,0,0,0,0,0,0,0,0,1.71851676842071,17,49.12,-123.06,1,0,1,0,0,0,"WC"
"Raft","Sockeye",1970,8860,1205,0,0,0,0,0,0.00417607223476298,0.936794582392777,0.0590293453724605,0,0,0,0,0,0,0,0,0,0,0,0,0,0,0,1.99506719767437,17,49.12,-123.06,1,0,1,0,0,0,"WC"
"Raft","Sockeye",1971,12361,223,0,0,0,0,0,0.0026696869185341,0.774209206374889,0.17118356120055,0,0,0,0.051937545506027,0,0,0,0,0,0,0,0,0,0,0,4.0151298624277,17,49.12,-123.06,1,0,0.948062454493973,0.051937545506027,0,0,"WC"
"Raft","Sockeye",1972,57821,4507,0,0,0,0,0,0.00150464364158351,0.985334048183186,0.0131613081752305,0,0,0,0,0,0,0,0,0,0,0,0,0,0,0,2.55172028778375,17,49.12,-123.06,1,0,1,0,0,0,"WC"
"Raft","Sockeye",1973,9361,1345,0,0,0,0,0,0.00235017626321974,0.172631129152868,0.825018694583912,0,0,0,0,0,0,0,0,0,0,0,0,0,0,0,1.94015810933581,17,49.12,-123.06,1,0,1,0,0,0,"WC"
"Raft","Sockeye",1974,12223,1479,0,0,0,0,0,0.0168534729608116,0.944203550683138,0.0389429763560501,0,0,0,0,0,0,0,0,0,0,0,0,0,0,0,2.11195323906646,17,49.12,-123.06,1,0,1,0,0,0,"WC"
"Raft","Sockeye",1975,6716,1391,0,0,0,0,0,0.00104228707564026,0.838594401429422,0.118671828469327,0,0,0,0.0416914830256105,0,0,0,0,0,0,0,0,0,0,0,1.57446982627399,17,49.12,-123.06,1,0,0.95830851697439,0.0416914830256105,0,0,"WC"
"Raft","Sockeye",1976,19926,3976,0,0,0,0,0,0.00281039847435511,0.930392452072669,0.066797149452976,0,0,0,0,0,0,0,0,0,0,0,0,0,0,0,1.61174912282834,17,49.12,-123.06,1,0,1,0,0,0,"WC"
"Raft","Sockeye",1977,6940,198,0,0,0,0,0,0,0.393083573487032,0.459510086455331,0,0,0,0,0.147406340057637,0,0,0,0,0,0,0,0,0,0,3.55679002280631,17,49.12,-123.06,1,0,0.852593659942363,0.147406340057637,0,0,"WC"
"Raft","Sockeye",1978,18748,1343,0,0,0,0,0,0.0134947727757627,0.634094303392362,0.350010667804566,0,0,0,0.00240025602730958,0,0,0,0,0,0,0,0,0,0,0,2.63618116251936,17,49.12,-123.06,1,0,0.99759974397269,0.00240025602730958,0,0,"WC"
"Raft","Sockeye",1979,3039,693,0,0,0,0,0,0,0.38927278710102,0.61072721289898,0,0,0,0,0,0,0,0,0,0,0,0,0,0,0,1.47825379372689,17,49.12,-123.06,1,0,1,0,0,0,"WC"
"Raft","Sockeye",1980,51723,2056,0,0,0,0,0,0.00216538097171471,0.92467567619821,0.0731589428300756,0,0,0,0,0,0,0,0,0,0,0,0,0,0,0,3.22514020926891,17,49.12,-123.06,1,0,1,0,0,0,"WC"
"Raft","Sockeye",1981,8639,312,0,0,0,0,0,0.00335687000810279,0.852644982058109,0.143998147933789,0,0,0,0,0,0,0,0,0,0,0,0,0,0,0,3.3210389265494,17,49.12,-123.06,1,0,1,0,0,0,"WC"
"Raft","Sockeye",1982,3770,1533,0,0,0,0,0,0,0.66551724137931,0.327055702917772,0,0,0,0.00742705570291777,0,0,0,0,0,0,0,0,0,0,0,0.899848401570242,17,49.12,-123.06,1,0,0.992572944297082,0.00742705570291777,0,0,"WC"
"Raft","Sockeye",1983,5601,1821,0,0,0,0,0,0.00678450276736297,0.509730405284771,0.213533297625424,0,0,0,0.269951794322442,0,0,0,0,0,0,0,0,0,0,0,1.12355935248222,17,49.12,-123.06,1,0,0.730048205677558,0.269951794322442,0,0,"WC"
"Raft","Sockeye",1984,47063,6701,0,0,0,0,0,0.00690563712470518,0.694643350402652,0.298281027558804,0,0,0,0,0.000169984913838897,0,0,0,0,0,0,0,0,0,0,1.94923036068263,17,49.12,-123.06,1,0,0.999830015086161,0.000169984913838897,0,0,"WC"
"Raft","Sockeye",1985,4533,1922,0,0,0,0,0,0.00154423119347011,0.624310611074344,0.350981689830135,0,0,0,0.0231634679020516,0,0,0,0,0,0,0,0,0,0,0,0.858017661410611,17,49.12,-123.06,1,0,0.976836532097948,0.0231634679020516,0,0,"WC"
"Raft","Sockeye",1986,3013,1080,0,0,0,0,0,0,0.963159641553269,0.0368403584467308,0,0,0,0,0,0,0,0,0,0,0,0,0,0,0,1.02597521901204,17,49.12,-123.06,1,0,1,0,0,0,"WC"
"Raft","Sockeye",1987,3820,723,0,0,0,0,0,0,0.366230366492147,0.633769633507853,0,0,0,0,0,0,0,0,0,0,0,0,0,0,0,1.66459647944186,17,49.12,-123.06,1,0,1,0,0,0,"WC"
"Raft","Sockeye",1988,50485,9207,0,0,0,0,0,0,0.827631969892047,0.164484500346638,0,0,0,0.00174309200752699,0.00614043775378825,0,0,0,0,0,0,0,0,0,0,1.70171219815058,17,49.12,-123.06,1,0,0.992116470238685,0.00788352976131524,0,0,"WC"
"Raft","Sockeye",1989,11299,925,0,0,0,0,0,0.000619523851668289,0.651119568103372,0.34826090804496,0,0,0,0,0,0,0,0,0,0,0,0,0,0,0,2.50267576769682,17,49.12,-123.06,1,0,1,0,0,0,"WC"
"Raft","Sockeye",1990,2544,412,0,0,0,0,0,0,0.632861635220126,0.367138364779874,0,0,0,0,0,0,0,0,0,0,0,0,0,0,0,1.82046957511049,17,49.12,-123.06,1,0,1,0,0,0,"WC"
"Raft","Sockeye",1991,1461,264,0,0,0,0,0,0,0.621492128678987,0.378507871321013,0,0,0,0,0,0,0,0,0,0,0,0,0,0,0,1.71092730860438,17,49.12,-123.06,1,0,1,0,0,0,"WC"
"Raft","Sockeye",1992,67359,4112,0,0,0,0,0,8.90749565759587e-05,0.969744206416366,0.0300479520182901,0,0,0.000118766608767945,0,0,0,0,0,0,0,0,0,0,0,0,2.79612699606531,17,49.12,-123.06,1,0,0.999881233391232,0.000118766608767945,0,0,"WC"
"Raft","Sockeye",1993,33598,2934,0,0,0,0,0,0.000714328233823442,0.666289660098815,0.319274956842669,0,0,0,0.00193463896660516,0.0117864158580868,0,0,0,0,0,0,0,0,0,0,2.43809986166723,17,49.12,-123.06,1,0,0.986278945175308,0.0137210548246919,0,0,"WC"
"Raft","Sockeye",1994,28472,800,0,0,0,0,0,0,0.166409103680809,0.798855015453779,0,0,0,0.0347358808654116,0,0,0,0,0,0,0,0,0,0,0,3.5720646995221,17,49.12,-123.06,1,0,0.965264119134588,0.0347358808654116,0,0,"WC"
"Raft","Sockeye",1995,27270,682,0,0,0,0,0,0.0015034836817015,0.834066740007334,0.164429776310964,0,0,0,0,0,0,0,0,0,0,0,0,0,0,0,3.68851281799617,17,49.12,-123.06,1,0,1,0,0,0,"WC"
"Raft","Sockeye",1996,112592,21381,0,0.00526680403581071,0,0,0,0,0.793262398749467,0.201470797214722,0,0,0,0,0,0,0,0,0,0,0,0,0,0,0,1.66126798803635,17,49.12,-123.06,1,0.00526680403581071,0.994733195964189,0,0,0,"WC"
"Raft","Sockeye",1997,51264,2367,0,0,0,0,0,0,0.50684691011236,0.49315308988764,0,0,0,0,0,0,0,0,0,0,0,0,0,0,0,3.07536542091405,17,49.12,-123.06,1,0,1,0,0,0,"WC"
"Raft","Sockeye",1998,16238,3585,0,0,0,0,0,0.000492671511269861,0.302069220347333,0.697438108141397,0,0,0,0,0,0,0,0,0,0,0,0,0,0,0,1.51059570038867,17,49.12,-123.06,1,0,1,0,0,0,"WC"
"Raft","Sockeye",1999,61149,3499,0,0,0,0,0,0.00150452174197452,0.432157516884986,0.56633796137304,0,0,0,0,0,0,0,0,0,0,0,0,0,0,0,2.86083629538415,17,49.12,-123.06,1,0,1,0,0,0,"WC"
"Raft","Sockeye",2000,115396,27668,0,0,0,0,0,0.000459288016915664,0.933056605081632,0.0664841069014524,0,0,0,0,0,0,0,0,0,0,0,0,0,0,0,1.42809318068986,17,49.12,-123.06,1,0,1,0,0,0,"WC"
"Raft","Sockeye",2001,96695,16025,0,0.00651533171311857,0.00377475567506076,0,0,0,0.819845907234087,0.169864005377734,0,0,0,0,0,0,0,0,0,0,0,0,0,0,0,1.79741169200753,17,49.12,-123.06,1,0.0102900873881793,0.989709912611821,0,0,0,"WC"
"Raft","Sockeye",2002,42833,8402,0,0,0,0,0,0.00105059183339948,0.498891041953634,0.500058366212967,0,0,0,0,0,0,0,0,0,0,0,0,0,0,0,1.62883906078853,17,49.12,-123.06,1,0,1,0,0,0,"WC"
"Raft","Sockeye",2003,8475,4890,0,0,0.0125073746312684,0,0,0,0.287787610619469,0.699705014749262,0,0,0,0,0,0,0,0,0,0,0,0,0,0,0,0.549928349779733,17,49.12,-123.06,1,0.0125073746312684,0.987492625368732,0,0,0,"WC"
"Raft","Sockeye",2004,52145,3244,0,0.0243935180745997,0.0341164061750887,0,0,7.67091763352191e-05,0.750522581263784,0.186901908140761,0,0,0,0.00398887716943139,0,0,0,0,0,0,0,0,0,0,0,2.77722116332001,17,49.12,-123.06,1,0.0585099242496884,0.93750119858088,0.00398887716943139,0,0,"WC"
"Raft","Sockeye",2005,9768,16967,0,0.0202702702702703,0,0,0,0,0.705671580671581,0.274058149058149,0,0,0,0,0,0,0,0,0,0,0,0,0,0,0,-0.552158544252399,17,49.12,-123.06,1,0.0202702702702703,0.97972972972973,0,0,0,"WC"
"Raft","Sockeye",2006,18221,3442,0,0.00784808737171396,0.0177816804785687,0,0,0,0.428297019922068,0.546073212227649,0,0,0,0,0,0,0,0,0,0,0,0,0,0,0,1.66652207727839,17,49.12,-123.06,1,0.0256297678502826,0.974370232149717,0,0,0,"WC"
"Raft","Sockeye",2007,11146,8064,0,0,0,0,0,0,0.562713080925893,0.437286919074107,0,0,0,0,0,0,0,0,0,0,0,0,0,0,0,0.323670977818332,17,49.12,-123.06,1,0,1,0,0,0,"WC"
"Raft","Sockeye",2008,19402,3562,0,0,0,0,0,0.000103082156478714,0.799092877022987,0.200804040820534,0,0,0,0,0,0,0,0,0,0,0,0,0,0,0,1.69505396867162,17,49.12,-123.06,1,0,1,0,0,0,"WC"
"Raft","Sockeye",2009,37419,6039,0,0,0,0,0,0.000133621956759935,0.585852107218258,0.414014270824982,0,0,0,0,0,0,0,0,0,0,0,0,0,0,0,1.82394016148592,17,49.12,-123.06,1,0,1,0,0,0,"WC"
"Raft","Sockeye",2010,44641,2389,0,0,0,0,0,0.000784032615756815,0.866938464640129,0.132277502744114,0,0,0,0,0,0,0,0,0,0,0,0,0,0,0,2.92777785091217,17,49.12,-123.06,1,0,1,0,0,0,"WC"
"Raft","Sockeye",2011,23769,4430,0,0,0,0,0,0.00159872102318145,0.782321511212083,0.216079767764736,0,0,0,0,0,0,0,0,0,0,0,0,0,0,0,1.67998262659417,17,49.12,-123.06,1,0,1,0,0,0,"WC"
"Raft","Sockeye",2012,21388,1710,0,0,0,0,0,0,0.794090144005985,0.205909855994015,0,0,0,0,0,0,0,0,0,0,0,0,0,0,0,2.52633664657192,17,49.12,-123.06,1,0,1,0,0,0,"WC"
"Raft","Sockeye",2013,5416,9045,0,0,0,0,0,0.000923190546528803,0.533234859675037,0.465841949778434,0,0,0,0,0,0,0,0,0,0,0,0,0,0,0,-0.512854583237285,17,49.12,-123.06,1,0,1,0,0,0,"WC"
"Raft","Sockeye",2014,11860,9471,0,0,0,0,0,0.000252951096121417,0.943676222596965,0.056070826306914,0,0,0,0,0,0,0,0,0,0,0,0,0,0,0,0.224936895325615,17,49.12,-123.06,1,0,1,0,0,0,"WC"
"Raft","Sockeye",2015,1396,8794,0,0,0,0,0,0,0.376074498567335,0.623925501432665,0,0,0,0,0,0,0,0,0,0,0,0,0,0,0,-1.84045866641844,17,49.12,-123.06,1,0,1,0,0,0,"WC"
"Scotch","Sockeye",1952,35,10,0,0,0,0,0,0,1,0,0,0,0,0,0,0,0,0,0,0,0,0,0,0,0,1.25276296849537,27,49.12,-123.06,1,0,1,0,0,0,"WC"
"Scotch","Sockeye",1953,9499,780,0,0,0,0,0,0.0309506263817244,0.969049373618276,0,0,0,0,0,0,0,0,0,0,0,0,0,0,0,0,2.49964788920655,27,49.12,-123.06,1,0,1,0,0,0,"WC"
"Scotch","Sockeye",1957,1220,1213,0,0,0,0,0,0.019672131147541,0.980327868852459,0,0,0,0,0,0,0,0,0,0,0,0,0,0,0,0,0.0057542287832521,27,49.12,-123.06,1,0,1,0,0,0,"WC"
"Scotch","Sockeye",1961,8185,295,0,0,0,0,0,0,0.986316432498473,0,0,0,0,0.0136835675015272,0,0,0,0,0,0,0,0,0,0,0,3.32308313346542,27,49.12,-123.06,1,0,0.986316432498473,0.0136835675015272,0,0,"WC"
"Scotch","Sockeye",1965,16637,777,0,0,0,0,0,0.0120213980885977,0.987978601911402,0,0,0,0,0,0,0,0,0,0,0,0,0,0,0,0,3.0639440592921,27,49.12,-123.06,1,0,1,0,0,0,"WC"
"Scotch","Sockeye",1966,2956,236,0,0,0,0,0,0,1,0,0,0,0,0,0,0,0,0,0,0,0,0,0,0,0,2.52776047704248,27,49.12,-123.06,1,0,1,0,0,0,"WC"
"Scotch","Sockeye",1969,34003,1317,0,0,0,0,0,0.00352910037349646,0.996470899626504,0,0,0,0,0,0,0,0,0,0,0,0,0,0,0,0,3.25109233325663,27,49.12,-123.06,1,0,1,0,0,0,"WC"
"Scotch","Sockeye",1970,2236,142,0,0,0,0,0,0,1,0,0,0,0,0,0,0,0,0,0,0,0,0,0,0,0,2.75661677667373,27,49.12,-123.06,1,0,1,0,0,0,"WC"
"Scotch","Sockeye",1973,57906,2966,0,0,0,0,0,0,0.999067454149829,0.000932545850170967,0,0,0,0,0,0,0,0,0,0,0,0,0,0,0,2.97160676243731,27,49.12,-123.06,1,0,1,0,0,0,"WC"
"Scotch","Sockeye",1974,7918,275,0,0,0,0,0,0,1,0,0,0,0,0,0,0,0,0,0,0,0,0,0,0,0,3.3601228299995,27,49.12,-123.06,1,0,1,0,0,0,"WC"
"Scotch","Sockeye",1976,279,20,0,0,0,0,0,0,1,0,0,0,0,0,0,0,0,0,0,0,0,0,0,0,0,2.63547950826737,27,49.12,-123.06,1,0,1,0,0,0,"WC"
"Scotch","Sockeye",1977,77703,6702,0,0,0,0,0,0.00209773110433317,0.980734334581676,0.0171679343139905,0,0,0,0,0,0,0,0,0,0,0,0,0,0,0,2.45048787735174,27,49.12,-123.06,1,0,1,0,0,0,"WC"
"Scotch","Sockeye",1978,19328,1091,0,0,0,0,0,0,0.997878725165563,0.00212127483443709,0,0,0,0,0,0,0,0,0,0,0,0,0,0,0,2.87446011490147,27,49.12,-123.06,1,0,1,0,0,0,"WC"
"Scotch","Sockeye",1980,1532,62,0,0,0,0,0,0,1,0,0,0,0,0,0,0,0,0,0,0,0,0,0,0,0,3.20719496525545,27,49.12,-123.06,1,0,1,0,0,0,"WC"
"Scotch","Sockeye",1981,25367,6887,0,0,0,0,0,0.00279891197224741,0.997201088027753,0,0,0,0,0,0,0,0,0,0,0,0,0,0,0,0,1.3038135401551,27,49.12,-123.06,1,0,1,0,0,0,"WC"
"Scotch","Sockeye",1982,109597,2544,0,0,0,0,0,0.00175187277024006,0.948018650145533,0.0499557469638768,0,0,0,0.00027373012035001,0,0,0,0,0,0,0,0,0,0,0,3.76307235639864,27,49.12,-123.06,1,0,0.99972626987965,0.00027373012035001,0,0,"WC"
"Scotch","Sockeye",1983,2632,133,0,0,0,0,0,0,0.905015197568389,0.0949848024316109,0,0,0,0,0,0,0,0,0,0,0,0,0,0,0,2.98515016422345,27,49.12,-123.06,1,0,1,0,0,0,"WC"
"Scotch","Sockeye",1984,2625,265,0,0,0,0,0,0.00457142857142857,0.995428571428571,0,0,0,0,0,0,0,0,0,0,0,0,0,0,0,0,2.2931063490395,27,49.12,-123.06,1,0,1,0,0,0,"WC"
"Scotch","Sockeye",1985,44012,1436,0,0,0,0,0,0.0334227028992093,0.966577297100791,0,0,0,0,0,0,0,0,0,0,0,0,0,0,0,0,3.42260085338163,27,49.12,-123.06,1,0,1,0,0,0,"WC"
"Scotch","Sockeye",1986,257059,11299,0,0,0,0,0,0,0.976083311613287,0.0239166883867128,0,0,0,0,0,0,0,0,0,0,0,0,0,0,0,3.12459140430493,27,49.12,-123.06,1,0,1,0,0,0,"WC"
"Scotch","Sockeye",1987,30444,1148,0,0,0,0,0,0.00160951254762843,0.677736171330968,0.320654316121403,0,0,0,0,0,0,0,0,0,0,0,0,0,0,0,3.27786763250777,27,49.12,-123.06,1,0,1,0,0,0,"WC"
"Scotch","Sockeye",1988,3320,723,0,0,0,0,0,0,1,0,0,0,0,0,0,0,0,0,0,0,0,0,0,0,0,1.52431083975177,27,49.12,-123.06,1,0,1,0,0,0,"WC"
"Scotch","Sockeye",1989,16728,3928,0,0,0,0,0,0.0345528455284553,0.965447154471545,0,0,0,0,0,0,0,0,0,0,0,0,0,0,0,0,1.44895357163411,27,49.12,-123.06,1,0,1,0,0,0,"WC"
"Scotch","Sockeye",1990,316280,34411,0,0,0,0,0,0.000837865182749463,0.983792841785759,0.0149803971164791,0,0,0,0.000388895915012015,0,0,0,0,0,0,0,0,0,0,0,2.21825161649623,27,49.12,-123.06,1,0,0.999611104084988,0.000388895915012015,0,0,"WC"
"Scotch","Sockeye",1992,2454,1385,0,0,0,0,0,0.000407497962510187,0.857375713121434,0.142216788916055,0,0,0,0,0,0,0,0,0,0,0,0,0,0,0,0.572019206649418,27,49.12,-123.06,1,0,1,0,0,0,"WC"
"Scotch","Sockeye",1993,11886,3259,0,0,0,0,0,0.0049638229850244,0.995036177014976,0,0,0,0,0,0,0,0,0,0,0,0,0,0,0,0,1.29394083708904,27,49.12,-123.06,1,0,1,0,0,0,"WC"
"Scotch","Sockeye",1994,184451,26711,0,0,0,0,0,0.00106261283484503,0.986646860141718,0.0122905270234371,0,0,0,0,0,0,0,0,0,0,0,0,0,0,0,1.93230837996903,27,49.12,-123.06,1,0,1,0,0,0,"WC"
"Scotch","Sockeye",1995,14176,7810,0,0,0,0,0,0.000775959367945824,0.863431151241535,0.135792889390519,0,0,0,0,0,0,0,0,0,0,0,0,0,0,0,0.596145430011131,27,49.12,-123.06,1,0,1,0,0,0,"WC"
"Scotch","Sockeye",1996,4148,2205,0,0,0,0,0,0,0.820636451301832,0.179363548698168,0,0,0,0,0,0,0,0,0,0,0,0,0,0,0,0.631898781468472,27,49.12,-123.06,1,0,1,0,0,0,"WC"
"Scotch","Sockeye",1997,2253,1415,0,0,0,0,0,0.00177541056369285,0.998224589436307,0,0,0,0,0,0,0,0,0,0,0,0,0,0,0,0,0.465133130354906,27,49.12,-123.06,1,0,1,0,0,0,"WC"
"Scotch","Sockeye",1998,193690,17001,0,0,0,0,0,0.000764107594609944,0.987521296917755,0.0117145954876349,0,0,0,0,0,0,0,0,0,0,0,0,0,0,0,2.43298677699856,27,49.12,-123.06,1,0,1,0,0,0,"WC"
"Scotch","Sockeye",1999,26423,2034,0,0,0,0,0,0,0.595011921432086,0.404988078567914,0,0,0,0,0,0,0,0,0,0,0,0,0,0,0,2.56423054536211,27,49.12,-123.06,1,0,1,0,0,0,"WC"
"Scotch","Sockeye",2000,41212,1732,0,0,0,0,0,4.85295544986897e-05,0.983014655925459,0.0169368145200427,0,0,0,0,0,0,0,0,0,0,0,0,0,0,0,3.16945266594258,27,49.12,-123.06,1,0,1,0,0,0,"WC"
"Scotch","Sockeye",2001,17024,1336,0,0,0,0,0,0,1,0,0,0,0,0,0,0,0,0,0,0,0,0,0,0,0,2.54494403804478,27,49.12,-123.06,1,0,1,0,0,0,"WC"
"Scotch","Sockeye",2002,693222,50375,0,0.00167478816309927,0,0,0,0.00145407964548153,0.97406458537092,0.0228065468204991,0,0,0,0,0,0,0,0,0,0,0,0,0,0,0,2.62185527394348,27,49.12,-123.06,1,0.00167478816309927,0.998325211836901,0,0,0,"WC"
"Scotch","Sockeye",2003,1681,2477,0,0,0,0,0,0,0.776323616894706,0.223676383105294,0,0,0,0,0,0,0,0,0,0,0,0,0,0,0,-0.387659296080744,27,49.12,-123.06,1,0,1,0,0,0,"WC"
"Scotch","Sockeye",2004,3920,432,0,0,0,0,0,0.000510204081632653,0.960204081632653,0.0392857142857143,0,0,0,0,0,0,0,0,0,0,0,0,0,0,0,2.2054213445404,27,49.12,-123.06,1,0,1,0,0,0,"WC"
"Scotch","Sockeye",2005,5959,2686,0,0,0,0,0,0,1,0,0,0,0,0,0,0,0,0,0,0,0,0,0,0,0,0.796849583663796,27,49.12,-123.06,1,0,1,0,0,0,"WC"
"Scotch","Sockeye",2006,1030396,72735,0,0.000398875772033277,0,0,0,0.000786105536123976,0.976828326196919,0.0219866924949243,0,0,0,0,0,0,0,0,0,0,0,0,0,0,0,2.65087577412955,27,49.12,-123.06,1,0.000398875772033277,0.999601124227967,0,0,0,"WC"
"Scotch","Sockeye",2007,49806,4758,0,0,0,0,0,0,0.978697345701321,0.0213026542986789,0,0,0,0,0,0,0,0,0,0,0,0,0,0,0,2.34830804682019,27,49.12,-123.06,1,0,1,0,0,0,"WC"
"Scotch","Sockeye",2008,5399,139,0,0,0,0,0,0,0.887942211520652,0.112057788479348,0,0,0,0,0,0,0,0,0,0,0,0,0,0,0,3.6594950970876,27,49.12,-123.06,1,0,1,0,0,0,"WC"
"Scotch","Sockeye",2009,47448,2665,0,0,0.00368824818748946,0,0,6.32271117855336e-05,0.950050581689428,0.0461979430112966,0,0,0,0,0,0,0,0,0,0,0,0,0,0,0,2.87943031691862,27,49.12,-123.06,1,0.00368824818748946,0.996311751812511,0,0,0,"WC"
"Scotch","Sockeye",2010,393609,273905,0,0,0,0,0,0.00413354369437691,0.979649855567327,0.0159218920299079,0,0,0,0.000294708708388274,0,0,0,0,0,0,0,0,0,0,0,0.36257669983039,27,49.12,-123.06,1,0,0.999705291291612,0.000294708708388274,0,0,"WC"
"Scotch","Sockeye",2011,8256,12451,0,0,0,0,0,0.00508720930232558,0.955184108527132,0.0397286821705426,0,0,0,0,0,0,0,0,0,0,0,0,0,0,0,-0.410860732231069,27,49.12,-123.06,1,0,1,0,0,0,"WC"
"Scotch","Sockeye",2012,2082,644,0,0,0,0,0,0,0.960134486071086,0.0398655139289145,0,0,0,0,0,0,0,0,0,0,0,0,0,0,0,1.17338552307056,27,49.12,-123.06,1,0,1,0,0,0,"WC"
"Scotch","Sockeye",2013,7155,10957,0,0,0,0,0,0.00335429769392034,0.99664570230608,0,0,0,0,0,0,0,0,0,0,0,0,0,0,0,0,-0.426167108414842,27,49.12,-123.06,1,0,1,0,0,0,"WC"
"Scotch","Sockeye",2014,232365,68761,0,0,0,0,0,0.00779377272825081,0.982729757063241,0.00947647020850817,0,0,0,0,0,0,0,0,0,0,0,0,0,0,0,1.21767268747839,27,49.12,-123.06,1,0,1,0,0,0,"WC"
"Scotch","Sockeye",2015,1744,3535,0,0,0,0,0,0,0.960435779816514,0.0395642201834862,0,0,0,0,0,0,0,0,0,0,0,0,0,0,0,-0.706531973861748,27,49.12,-123.06,1,0,1,0,0,0,"WC"
"Seymour","Sockeye",1950,162026,4697,0,0,0,0,0,0.00561021070692358,0.994167602730426,0,0,0,0.000222186562650439,0,0,0,0,0,0,0,0,0,0,0,0,3.54083280913693,20,49.12,-123.06,1,0,0.99977781343735,0.000222186562650439,0,0,"WC"
"Seymour","Sockeye",1951,68943,11504,0,0,0,0,0,0.00181309197452968,0.985799863655484,0.0106029618670496,0,0,0,0.00178408250293721,0,0,0,0,0,0,0,0,0,0,0,1.79058527526419,20,49.12,-123.06,1,0,0.998215917497063,0.00178408250293721,0,0,"WC"
"Seymour","Sockeye",1952,11249,2780,0,0,0,0,0,0.00826740154680416,0.991732598453196,0,0,0,0,0,0,0,0,0,0,0,0,0,0,0,0,1.39782830810814,20,49.12,-123.06,1,0,1,0,0,0,"WC"
"Seymour","Sockeye",1953,45268,2907,0,0,0,0,0,0.00331359901033843,0.991207917292569,0,0,0,0.00547848369709287,0,0,0,0,0,0,0,0,0,0,0,0,2.74547875952696,20,49.12,-123.06,1,0,0.994521516302907,0.00547848369709287,0,0,"WC"
"Seymour","Sockeye",1954,461522,12463,0,0,0,0,0,0.0517461789470491,0.929442150103354,0.0074622661541595,0,0,0,0.0113494047954377,0,0,0,0,0,0,0,0,0,0,0,3.61176546860168,20,49.12,-123.06,1,0,0.988650595204562,0.0113494047954377,0,0,"WC"
"Seymour","Sockeye",1955,310002,5178,0,0,0,0,0,0.00119999225811446,0.996041961019606,0.00177418210205095,0,0,0,0.000983864620228257,0,0,0,0,0,0,0,0,0,0,0,4.09215986774194,20,49.12,-123.06,1,0,0.999016135379772,0.000983864620228257,0,0,"WC"
"Seymour","Sockeye",1956,12763,1102,0,0,0,0,0,0.00203713860377654,0.85959413930894,0.138368722087284,0,0,0,0,0,0,0,0,0,0,0,0,0,0,0,2.44942364926983,20,49.12,-123.06,1,0,1,0,0,0,"WC"
"Seymour","Sockeye",1957,24583,7106,0,0,0,0,0,0.0106577716308018,0.486474392873124,0,0,0,0.0182239759183175,0.484643859577757,0,0,0,0,0,0,0,0,0,0,0,1.24111564953902,20,49.12,-123.06,1,0,0.497132164503925,0.502867835496075,0,0,"WC"
"Seymour","Sockeye",1958,195518,44285,0,0,0,0,0,0.0316288014402766,0.965762743072249,0.0026084554874743,0,0,0,0,0,0,0,0,0,0,0,0,0,0,0,1.4850064275368,20,49.12,-123.06,1,0,1,0,0,0,"WC"
"Seymour","Sockeye",1959,175980,25473,0,0,0,0,0,0.00232412774178884,0.995522218433913,0.00209114672121832,0,0,6.25071030798954e-05,0,0,0,0,0,0,0,0,0,0,0,0,1.93275128453208,20,49.12,-123.06,1,0,0.99993749289692,6.25071030798954e-05,0,0,"WC"
"Seymour","Sockeye",1960,8837,1862,0,0,0,0,0,0.00577118931764173,0.984157519520199,0,0,0,0,0.0100712911621591,0,0,0,0,0,0,0,0,0,0,0,1.55729627368099,20,49.12,-123.06,1,0,0.989928708837841,0.0100712911621591,0,0,"WC"
"Seymour","Sockeye",1961,32923,1957,0,0,0,0,0,0.00167056465085199,0.779060231449139,0,0,0,0.00419159857850135,0.215077605321508,0,0,0,0,0,0,0,0,0,0,0,2.82275881325499,20,49.12,-123.06,1,0,0.780730796099991,0.219269203900009,0,0,"WC"
"Seymour","Sockeye",1962,176546,27411,0,0,0,0,0,0.0166472194215672,0.961664382087388,0.00323994879521484,0,0,0,0.01844844969583,0,0,0,0,0,0,0,0,0,0,0,1.86263707296189,20,49.12,-123.06,1,0,0.98155155030417,0.01844844969583,0,0,"WC"
"Seymour","Sockeye",1963,114086,26742,0,0,0,0,0,0.00128850165664499,0.984038357028908,0.014673141314447,0,0,0,0,0,0,0,0,0,0,0,0,0,0,0,1.45071718676087,20,49.12,-123.06,1,0,1,0,0,0,"WC"
"Seymour","Sockeye",1964,18498,1321,0,0,0,0,0,0,0.972753811222835,0.0272461887771651,0,0,0,0,0,0,0,0,0,0,0,0,0,0,0,2.63927359259188,20,49.12,-123.06,1,0,1,0,0,0,"WC"
"Seymour","Sockeye",1965,34890,2550,0,0,0,0,0,0.00524505588993981,0.99475494411006,0,0,0,0,0,0,0,0,0,0,0,0,0,0,0,0,2.61610689602835,20,49.12,-123.06,1,0,1,0,0,0,"WC"
"Seymour","Sockeye",1966,141828,12943,0,0,0,0,0,0.00463942239896212,0.9853131962659,0.0100473813351383,0,0,0,0,0,0,0,0,0,0,0,0,0,0,0,2.3940599543578,20,49.12,-123.06,1,0,1,0,0,0,"WC"
"Seymour","Sockeye",1967,220851,7264,0,0,0,0,0,0.000298844017006941,0.981353944514628,0.0133755337308864,0,0,0,0.00497167773747911,0,0,0,0,0,0,0,0,0,0,0,3.41455762469345,20,49.12,-123.06,1,0,0.995028322262521,0.00497167773747911,0,0,"WC"
"Seymour","Sockeye",1968,22108,2064,0,0,0,0,0,0,0.993441288221458,0.0065587117785417,0,0,0,0,0,0,0,0,0,0,0,0,0,0,0,2.3712936863517,20,49.12,-123.06,1,0,1,0,0,0,"WC"
"Seymour","Sockeye",1969,14875,3276,0,0,0,0,0,0.0173445378151261,0.982655462184874,0,0,0,0,0,0,0,0,0,0,0,0,0,0,0,0,1.51305878544087,20,49.12,-123.06,1,0,1,0,0,0,"WC"
"Seymour","Sockeye",1970,226369,3603,0,0,0,0,0,0.00207625602445565,0.988231604150745,0,0,0,0,0.00969213982479933,0,0,0,0,0,0,0,0,0,0,0,4.14039957939283,20,49.12,-123.06,1,0,0.990307860175201,0.00969213982479933,0,0,"WC"
"Seymour","Sockeye",1971,135310,9463,0,0,0,0,0,0.00991057571502476,0.975796319562486,0.0142931047224891,0,0,0,0,0,0,0,0,0,0,0,0,0,0,0,2.66017898474946,20,49.12,-123.06,1,0,1,0,0,0,"WC"
"Seymour","Sockeye",1972,56785,1418,0,0,0,0,0,0.00563529100994981,0.99436470899005,0,0,0,0,0,0,0,0,0,0,0,0,0,0,0,0,3.69002477823367,20,49.12,-123.06,1,0,1,0,0,0,"WC"
"Seymour","Sockeye",1973,24800,1150,0,0,0,0,0,0.0168951612903226,0.983104838709677,0,0,0,0,0,0,0,0,0,0,0,0,0,0,0,0,3.07108171079578,20,49.12,-123.06,1,0,1,0,0,0,"WC"
"Seymour","Sockeye",1974,248730,25096,0,0,0,0,0,0.00543963333735376,0.994560366662646,0,0,0,0,0,0,0,0,0,0,0,0,0,0,0,0,2.29365949990786,20,49.12,-123.06,1,0,1,0,0,0,"WC"
"Seymour","Sockeye",1975,180684,15756,0,0,0,0,0,0.00921498306435545,0.968608177813199,0.0221768391224458,0,0,0,0,0,0,0,0,0,0,0,0,0,0,0,2.43952840402025,20,49.12,-123.06,1,0,1,0,0,0,"WC"
"Seymour","Sockeye",1976,18422,4898,0,0,0,0,0,0.00206275105851699,0.987569210726306,0.0103680382151775,0,0,0,0,0,0,0,0,0,0,0,0,0,0,0,1.32471864403607,20,49.12,-123.06,1,0,1,0,0,0,"WC"
"Seymour","Sockeye",1977,70046,2883,0,0,0,0,0,0.00192730491391371,0.768566370670702,0.0206150244125289,0,0,0,0.208891300002855,0,0,0,0,0,0,0,0,0,0,0,3.19032075042642,20,49.12,-123.06,1,0,0.791108699997145,0.208891300002855,0,0,"WC"
"Seymour","Sockeye",1978,261925,30757,0,0,0,0,0,0.00278705736374916,0.978184594826763,0.0190283478094875,0,0,0,0,0,0,0,0,0,0,0,0,0,0,0,2.14194059261665,20,49.12,-123.06,1,0,1,0,0,0,"WC"
"Seymour","Sockeye",1979,135614,24866,0,0,0,0,0,0.000626778946126506,0.685710914802307,0.311346911085876,0,0,0,0.00231539516569086,0,0,0,0,0,0,0,0,0,0,0,1.69631120648393,20,49.12,-123.06,1,0,0.997684604834309,0.00231539516569086,0,0,"WC"
"Seymour","Sockeye",1980,52848,4616,0,0,0,0,0,0.000189221919467151,0.853901755979413,0.14590902210112,0,0,0,0,0,0,0,0,0,0,0,0,0,0,0,2.43789133944264,20,49.12,-123.06,1,0,1,0,0,0,"WC"
"Seymour","Sockeye",1981,30875,5354,0,0,0,0,0,0,0.850785425101215,0,0,0,0,0.149214574898785,0,0,0,0,0,0,0,0,0,0,0,1.75210284984998,20,49.12,-123.06,1,0,0.850785425101215,0.149214574898785,0,0,"WC"
"Seymour","Sockeye",1982,508455,27219,0,0,0,0,0,0.00538297391116225,0.968117139176525,0.0264998869123128,0,0,0,0,0,0,0,0,0,0,0,0,0,0,0,2.92746145714183,20,49.12,-123.06,1,0,1,0,0,0,"WC"
"Seymour","Sockeye",1983,272460,14014,0,0,0,0,0,0.011021801365338,0.958529692431917,0.0277545327754533,0,0,0,0.00269397342729208,0,0,0,0,0,0,0,0,0,0,0,2.96743498438957,20,49.12,-123.06,1,0,0.997306026572708,0.00269397342729208,0,0,"WC"
"Seymour","Sockeye",1984,36017,9148,0,0,0,0,0,0.0048310520032207,0.992392481328262,0.00277646666851764,0,0,0,0,0,0,0,0,0,0,0,0,0,0,0,1.37045577305597,20,49.12,-123.06,1,0,1,0,0,0,"WC"
"Seymour","Sockeye",1985,43576,2684,0,0,0,0,0,0.00761887277400404,0.734762254451992,0.257618872774004,0,0,0,0,0,0,0,0,0,0,0,0,0,0,0,2.78719832097194,20,49.12,-123.06,1,0,1,0,0,0,"WC"
"Seymour","Sockeye",1986,824169,57017,0,0,0,0,0,0.0013735047059523,0.984887808204385,0.0137374737462826,0,0,1.21334337981652e-06,0,0,0,0,0,0,0,0,0,0,0,0,2.67102613698512,20,49.12,-123.06,1,0,0.99999878665662,1.21334337981652e-06,0,0,"WC"
"Seymour","Sockeye",1987,442220,41080,0,0,0,0,0,0.000710053819365926,0.940936637872552,0.0583533083080819,0,0,0,0,0,0,0,0,0,0,0,0,0,0,0,2.37628611074365,20,49.12,-123.06,1,0,1,0,0,0,"WC"
"Seymour","Sockeye",1988,10843,7989,0,0,0,0,0,0,0.832518675643272,0.167481324356728,0,0,0,0,0,0,0,0,0,0,0,0,0,0,0,0.30545411499014,20,49.12,-123.06,1,0,1,0,0,0,"WC"
"Seymour","Sockeye",1989,18877,2864,0,0,0,0,0,0.00360226730942417,0.996397732690576,0,0,0,0,0,0,0,0,0,0,0,0,0,0,0,0,1.8857250006882,20,49.12,-123.06,1,0,1,0,0,0,"WC"
"Seymour","Sockeye",1990,278827,108234,0,0,0,0,0,0.00048775764183526,0.976512317673683,0.0229999246844818,0,0,0,0,0,0,0,0,0,0,0,0,0,0,0,0.946295967859227,20,49.12,-123.06,1,0,1,0,0,0,"WC"
"Seymour","Sockeye",1991,95565,60797,0,0,0,0,0,0,0.882226756657772,0.116559409825773,0,0,0,0.00121383351645477,0,0,0,0,0,0,0,0,0,0,0,0.452266198587065,20,49.12,-123.06,1,0,0.998786166483545,0.00121383351645477,0,0,"WC"
"Seymour","Sockeye",1992,17906,3586,0,0,0,0,0,0,0.844856472690718,0.155143527309282,0,0,0,0,0,0,0,0,0,0,0,0,0,0,0,1.60809847702902,20,49.12,-123.06,1,0,1,0,0,0,"WC"
"Seymour","Sockeye",1993,8716,4950,0,0,0,0,0,0,0.717186782927949,0.282813217072051,0,0,0,0,0,0,0,0,0,0,0,0,0,0,0,0.565772840501775,20,49.12,-123.06,1,0,1,0,0,0,"WC"
"Seymour","Sockeye",1994,172547,19152,0,0,0,0,0,0,0.984572319426011,0.0154276805739885,0,0,0,0,0,0,0,0,0,0,0,0,0,0,0,2.1982625143124,20,49.12,-123.06,1,0,1,0,0,0,"WC"
"Seymour","Sockeye",1995,66040,23901,0,0,0,0,0,0.000257419745608722,0.974000605693519,0.0257419745608722,0,0,0,0,0,0,0,0,0,0,0,0,0,0,0,1.01634031998559,20,49.12,-123.06,1,0,1,0,0,0,"WC"
"Seymour","Sockeye",1996,39470,9590,0,0,0,0,0,0,0.835850012667849,0.164149987332151,0,0,0,0,0,0,0,0,0,0,0,0,0,0,0,1.41482000077941,20,49.12,-123.06,1,0,1,0,0,0,"WC"
"Seymour","Sockeye",1997,1944,836,0,0,0,0,0,0,1,0,0,0,0,0,0,0,0,0,0,0,0,0,0,0,0,0.843874371935683,20,49.12,-123.06,1,0,1,0,0,0,"WC"
"Seymour","Sockeye",1998,214404,14548,0,0,0,0,0,0.000848864759985821,0.981968619988433,0.0171825152515811,0,0,0,0,0,0,0,0,0,0,0,0,0,0,0,2.69040855861429,20,49.12,-123.06,1,0,1,0,0,0,"WC"
"Seymour","Sockeye",1999,133931,10072,0,0,0,0,0,0.00023892900075412,0.790728061464485,0.20903300953476,0,0,0,0,0,0,0,0,0,0,0,0,0,0,0,2.58756544521613,20,49.12,-123.06,1,0,1,0,0,0,"WC"
"Seymour","Sockeye",2000,59563,11860,0,0,0,0,0,0,0.982774541242046,0.0172254587579538,0,0,0,0,0,0,0,0,0,0,0,0,0,0,0,1.61386318235315,20,49.12,-123.06,1,0,1,0,0,0,"WC"
"Seymour","Sockeye",2001,19042,3743,0,0,0,0,0,0,0.779434933305325,0.220565066694675,0,0,0,0,0,0,0,0,0,0,0,0,0,0,0,1.62675963694121,20,49.12,-123.06,1,0,1,0,0,0,"WC"
"Seymour","Sockeye",2002,507957,55465,0,0.000155524975539268,0,0,0,0.00167533866055591,0.979858531332377,0.0178696228224043,0,0,0,0.000440982209124001,0,0,0,0,0,0,0,0,0,0,0,2.21464460713592,20,49.12,-123.06,1,0.000155524975539268,0.999403492815337,0.000440982209124001,0,0,"WC"
"Seymour","Sockeye",2003,12366,18483,0,0,0,0,0,0,0.906194404010998,0.0703541969917516,0,0,0,0.0234513989972505,0,0,0,0,0,0,0,0,0,0,0,-0.401900619564166,20,49.12,-123.06,1,0,0.976548601002749,0.0234513989972505,0,0,"WC"
"Seymour","Sockeye",2004,6964,762,0,0,0,0,0,0,0.957926479035037,0.0420735209649627,0,0,0,0,0,0,0,0,0,0,0,0,0,0,0,2.21256274520143,20,49.12,-123.06,1,0,1,0,0,0,"WC"
"Seymour","Sockeye",2005,8054,2326,0,0,0,0,0,0,1,0,0,0,0,0,0,0,0,0,0,0,0,0,0,0,0,1.24201880833279,20,49.12,-123.06,1,0,1,0,0,0,"WC"
"Seymour","Sockeye",2006,1088704,57783,0,0.000203912174475339,0,0,0,0.000977308800188114,0.977221540473811,0.0215972385515255,0,0,0,0,0,0,0,0,0,0,0,0,0,0,0,2.93604866221692,20,49.12,-123.06,1,0.000203912174475339,0.999796087825525,0,0,0,"WC"
"Seymour","Sockeye",2007,17342,5905,0,0,0,0,0,0,0.987544689193865,0.0124553108061354,0,0,0,0,0,0,0,0,0,0,0,0,0,0,0,1.07733185530564,20,49.12,-123.06,1,0,1,0,0,0,"WC"
"Seymour","Sockeye",2008,2416,311,0,0,0,0,0,0,0.903973509933775,0.0960264900662252,0,0,0,0,0,0,0,0,0,0,0,0,0,0,0,2.05007564687547,20,49.12,-123.06,1,0,1,0,0,0,"WC"
"Seymour","Sockeye",2009,47422,3093,0,0,0,0,0,2.1087259078065e-05,0.910547846990848,0.0894310657500738,0,0,0,0,0,0,0,0,0,0,0,0,0,0,0,2.72994476234185,20,49.12,-123.06,1,0,1,0,0,0,"WC"
"Seymour","Sockeye",2010,329512,287496,0,0,0,0,0,0.00467357789701134,0.980207094127073,0.0135594454830173,0,0,0,0.00155988249289859,0,0,0,0,0,0,0,0,0,0,0,0.136403824998662,20,49.12,-123.06,1,0,0.998440117507101,0.00155988249289859,0,0,"WC"
"Seymour","Sockeye",2011,17757,7994,0,0,0,0,0,0.0020273694880892,0.989243678549305,0.0087289519626063,0,0,0,0,0,0,0,0,0,0,0,0,0,0,0,0.798088544087566,20,49.12,-123.06,1,0,1,0,0,0,"WC"
"Seymour","Sockeye",2012,863,264,0,0,0,0,0,0,0.869061413673233,0.130938586326767,0,0,0,0,0,0,0,0,0,0,0,0,0,0,0,1.18446558793711,20,49.12,-123.06,1,0,1,0,0,0,"WC"
"Seymour","Sockeye",2013,7937,13883,0,0,0,0,0,0.00113392969635883,0.574524379488472,0.424341690815169,0,0,0,0,0,0,0,0,0,0,0,0,0,0,0,-0.559129699943927,20,49.12,-123.06,1,0,1,0,0,0,"WC"
"Seymour","Sockeye",2014,393812,57414,0,0,0,0,0,0.00297857861111393,0.992440555391913,0.00458086599697317,0,0,0,0,0,0,0,0,0,0,0,0,0,0,0,1.92558546203655,20,49.12,-123.06,1,0,1,0,0,0,"WC"
"Seymour","Sockeye",2015,857,3960,0,0,0,0,0,0,1,0,0,0,0,0,0,0,0,0,0,0,0,0,0,0,0,-1.53056138565075,20,49.12,-123.06,1,0,1,0,0,0,"WC"
"Stellako","Sockeye",1950,939117,77410,0,0,0,0,0,0.00493016312131502,0.96235932264031,0.032710514238375,0,0,0,0,0,0,0,0,0,0,0,0,0,0,0,2.4958241008686,15,49.12,-123.06,1,0,1,0,0,0,"WC"
"Stellako","Sockeye",1951,455367,51413,0,0,0,0,0,5.7096803237828e-05,0.77750254190576,0.222440361291003,0,0,0,0,0,0,0,0,0,0,0,0,0,0,0,2.18121262846528,15,49.12,-123.06,1,0,1,0,0,0,"WC"
"Stellako","Sockeye",1952,110701,19920,0,0,0,0,0,0.000207766867507972,0.848989620689967,0.150802612442525,0,0,0,0,0,0,0,0,0,0,0,0,0,0,0,1.71510862094101,15,49.12,-123.06,1,0,1,0,0,0,"WC"
"Stellako","Sockeye",1953,174245,20388,0,0,0,0,0,0.000172171367901518,0.896393009842463,0.103434818789635,0,0,0,0,0,0,0,0,0,0,0,0,0,0,0,2.14551586234655,15,49.12,-123.06,1,0,1,0,0,0,"WC"
"Stellako","Sockeye",1954,1211299,72273,0,0,0,0,0,0.00273342915333043,0.941307637503209,0.0559589333434602,0,0,0,0,0,0,0,0,0,0,0,0,0,0,0,2.81899800102935,15,49.12,-123.06,1,0,1,0,0,0,"WC"
"Stellako","Sockeye",1955,629796,29937,0,0,0,0,0,4.44588406404614e-05,0.956940025023976,0.0430155161353835,0,0,0,0,0,0,0,0,0,0,0,0,0,0,0,3.04630078385386,15,49.12,-123.06,1,0,1,0,0,0,"WC"
"Stellako","Sockeye",1956,246735,21686,0,0,0,0,0,0.00037286967799461,0.893266054674043,0.106361075647962,0,0,0,0,0,0,0,0,0,0,0,0,0,0,0,2.43164799514224,15,49.12,-123.06,1,0,1,0,0,0,"WC"
"Stellako","Sockeye",1957,151843,18044,0,0,0,0,0,5.26859980374466e-05,0.947261315964516,0.0526859980374466,0,0,0,0,0,0,0,0,0,0,0,0,0,0,0,2.13003387275991,15,49.12,-123.06,1,0,1,0,0,0,"WC"
"Stellako","Sockeye",1958,340460,61581,0,0,0,0,0,0.00339540621512072,0.948977853492334,0.0476267402925454,0,0,0,0,0,0,0,0,0,0,0,0,0,0,0,1.70994426298327,15,49.12,-123.06,1,0,1,0,0,0,"WC"
"Stellako","Sockeye",1959,541420,41872,0,0,0,0,0,3.13989139669757e-05,0.951050940120424,0.048917660965609,0,0,0,0,0,0,0,0,0,0,0,0,0,0,0,2.55957797197349,15,49.12,-123.06,1,0,1,0,0,0,"WC"
"Stellako","Sockeye",1960,164514,22718,0,0,0,0,0,0.000115491690676781,0.871293628505781,0.128590879803543,0,0,0,0,0,0,0,0,0,0,0,0,0,0,0,1.97983811115783,15,49.12,-123.06,1,0,1,0,0,0,"WC"
"Stellako","Sockeye",1961,147402,18136,0,0,0,0,0,0.00195384051776774,0.929743151381935,0.0683030081002971,0,0,0,0,0,0,0,0,0,0,0,0,0,0,0,2.09526463497899,15,49.12,-123.06,1,0,1,0,0,0,"WC"
"Stellako","Sockeye",1962,589505,44532,0,0,0,0,0,0.000169633845344823,0.970354789187539,0.0294755769671165,0,0,0,0,0,0,0,0,0,0,0,0,0,0,0,2.5830751698392,15,49.12,-123.06,1,0,1,0,0,0,"WC"
"Stellako","Sockeye",1963,727926,41535,0,0,0,0,0,0.00134216939633974,0.980164192514074,0.018493638089586,0,0,0,0,0,0,0,0,0,0,0,0,0,0,0,2.86366294938746,15,49.12,-123.06,1,0,1,0,0,0,"WC"
"Stellako","Sockeye",1964,177837,16161,0,0,0,0,0,0.00109088659840191,0.959721542761068,0.0391875706405304,0,0,0,0,0,0,0,0,0,0,0,0,0,0,0,2.39826646805133,15,49.12,-123.06,1,0,1,0,0,0,"WC"
"Stellako","Sockeye",1965,243651,20479,0,0,0,0,0,0.000734657358270641,0.948487796068967,0.0507775465727619,0,0,0,0,0,0,0,0,0,0,0,0,0,0,0,2.47633690267481,15,49.12,-123.06,1,0,1,0,0,0,"WC"
"Stellako","Sockeye",1966,359906,51509,0,0,0,0,0,0.00231449322878752,0.934455107722572,0.0632303990486405,0,0,0,0,0,0,0,0,0,0,0,0,0,0,0,1.94408633656063,15,49.12,-123.06,1,0,1,0,0,0,"WC"
"Stellako","Sockeye",1967,550524,32467,0,0,0,0,0,0.000523137955838438,0.966144981871817,0.0333318801723449,0,0,0,0,0,0,0,0,0,0,0,0,0,0,0,2.83064636307454,15,49.12,-123.06,1,0,1,0,0,0,"WC"
"Stellako","Sockeye",1968,129822,13680,0,0,0,0,0,0.00065474264762521,0.969789403953105,0.0295558533992698,0,0,0,0,0,0,0,0,0,0,0,0,0,0,0,2.25022936923894,15,49.12,-123.06,1,0,1,0,0,0,"WC"
"Stellako","Sockeye",1969,253245,25629,0,0,0,0,0,0.000517285632490276,0.930833777567178,0.0686489368003317,0,0,0,0,0,0,0,0,0,0,0,0,0,0,0,2.29063287675968,15,49.12,-123.06,1,0,1,0,0,0,"WC"
"Stellako","Sockeye",1970,234108,26727,0,0,0,0,0,0.00499769337228971,0.977360876176807,0.017641430450903,0,0,0,0,0,0,0,0,0,0,0,0,0,0,0,2.17010825693651,15,49.12,-123.06,1,0,1,0,0,0,"WC"
"Stellako","Sockeye",1971,509267,20147,0,0,0,0,0,0.000973948832341385,0.999002487889457,0,0,0,2.35632782018077e-05,0,0,0,0,0,0,0,0,0,0,0,0,3.2299170430411,15,49.12,-123.06,1,0,0.999976436721798,2.35632782018077e-05,0,0,"WC"
"Stellako","Sockeye",1972,756214,19938,0,0,0,0,0,0.000269764907817099,0.940508903564335,0.0592213315278479,0,0,0,0,0,0,0,0,0,0,0,0,0,0,0,3.63569694630568,15,49.12,-123.06,1,0,1,0,0,0,"WC"
"Stellako","Sockeye",1973,85901,15424,0,0,0,0,0,0.000128054388191057,0.882562484720783,0.117309460891026,0,0,0,0,0,0,0,0,0,0,0,0,0,0,0,1.7172707324978,15,49.12,-123.06,1,0,1,0,0,0,"WC"
"Stellako","Sockeye",1974,303122,23718,0,0,0,0,0,0.00601408013934983,0.929500333199174,0.0644426996390892,0,0,4.28870223870257e-05,0,0,0,0,0,0,0,0,0,0,0,0,2.54790111119295,15,49.12,-123.06,1,0,0.999957112977613,4.28870223870257e-05,0,0,"WC"
"Stellako","Sockeye",1975,1904124,68451,0,0,0,0,0,0.00202297749516313,0.962494039253746,0.0339499948532764,0,0,0,0.00153298839781443,0,0,0,0,0,0,0,0,0,0,0,3.32565917844958,15,49.12,-123.06,1,0,0.998467011602186,0.00153298839781443,0,0,"WC"
"Stellako","Sockeye",1976,244357,63865,0,0,0,0,0,0.000613855956653585,0.886821331085256,0.11256481295809,0,0,0,0,0,0,0,0,0,0,0,0,0,0,0,1.34185879024306,15,49.12,-123.06,1,0,1,0,0,0,"WC"
"Stellako","Sockeye",1977,265700,10894,0,0,0,0,0,0.000278509597290177,0.787120812946933,0.212600677455777,0,0,0,0,0,0,0,0,0,0,0,0,0,0,0,3.19415567380429,15,49.12,-123.06,1,0,1,0,0,0,"WC"
"Stellako","Sockeye",1978,437405,32528,0,0,0,0,0,0.00196614121923618,0.888204295789943,0.109829562990821,0,0,0,0,0,0,0,0,0,0,0,0,0,0,0,2.59875828247561,15,49.12,-123.06,1,0,1,0,0,0,"WC"
"Stellako","Sockeye",1979,623924,152583,0,0,0,0,0,4.96855386232939e-05,0.767300183996769,0.232650130464608,0,0,0,0,0,0,0,0,0,0,0,0,0,0,0,1.40831985579449,15,49.12,-123.06,1,0,1,0,0,0,"WC"
"Stellako","Sockeye",1980,755406,28477,0,0,0,0,0,0.000274024829032335,0.709478081985052,0.290247893185916,0,0,0,0,0,0,0,0,0,0,0,0,0,0,0,3.27815860914178,15,49.12,-123.06,1,0,1,0,0,0,"WC"
"Stellako","Sockeye",1981,285898,12030,0,0,0,0,0,9.79370264919657e-05,0.818949415525817,0.180952647447691,0,0,0,0,0,0,0,0,0,0,0,0,0,0,0,3.16823157386425,15,49.12,-123.06,1,0,1,0,0,0,"WC"
"Stellako","Sockeye",1982,357773,34888,0,0,0,0,0,0.0053106299245611,0.864707510069234,0.129981860006205,0,0,0,0,0,0,0,0,0,0,0,0,0,0,0,2.32775577653534,15,49.12,-123.06,1,0,1,0,0,0,"WC"
"Stellako","Sockeye",1983,1257480,61357,0,0,0,0,0,0.000897827400833413,0.872971339504406,0.126130833094761,0,0,0,0,0,0,0,0,0,0,0,0,0,0,0,3.02015573319727,15,49.12,-123.06,1,0,1,0,0,0,"WC"
"Stellako","Sockeye",1984,1011189,32672,0,0,0,0,0,0.000168118917432844,0.736349980072964,0.263481901009604,0,0,0,0,0,0,0,0,0,0,0,0,0,0,0,3.43236370318661,15,49.12,-123.06,1,0,1,0,0,0,"WC"
"Stellako","Sockeye",1985,128742,21969,0,0,0,0,0,0.000675770144941045,0.758563638905718,0.240760590949341,0,0,0,0,0,0,0,0,0,0,0,0,0,0,0,1.76817803294396,15,49.12,-123.06,1,0,1,0,0,0,"WC"
"Stellako","Sockeye",1986,561845,44564,0,0,0,0,0,4.09365572355365e-05,0.792741770417108,0.207217293025657,0,0,0,0,0,0,0,0,0,0,0,0,0,0,0,2.53429965294487,15,49.12,-123.06,1,0,1,0,0,0,"WC"
"Stellako","Sockeye",1987,435676,98179,0,0,0,0,0,3.21339711161505e-05,0.811316207456918,0.188651658571966,0,0,0,0,0,0,0,0,0,0,0,0,0,0,0,1.49010650462876,15,49.12,-123.06,1,0,1,0,0,0,"WC"
"Stellako","Sockeye",1988,991499,200537,0,0,0,0,0,0.000159354674084391,0.571081766093561,0.428758879232354,0,0,0,0,0,0,0,0,0,0,0,0,0,0,0,1.59821917101164,15,49.12,-123.06,1,0,1,0,0,0,"WC"
"Stellako","Sockeye",1989,222287,15903,0,0,0,0,0,0.000125963281703383,0.572287178287529,0.427586858430767,0,0,0,0,0,0,0,0,0,0,0,0,0,0,0,2.63746156905421,15,49.12,-123.06,1,0,1,0,0,0,"WC"
"Stellako","Sockeye",1990,951836,56537,0,0,0,0,0,0.00120293832130745,0.904595959808202,0.0942011018704903,0,0,0,0,0,0,0,0,0,0,0,0,0,0,0,2.82349745996677,15,49.12,-123.06,1,0,1,0,0,0,"WC"
"Stellako","Sockeye",1991,336569,54349,0,0,0,0,0,0.000769530170633659,0.888492404232119,0.110738065597248,0,0,0,0,0,0,0,0,0,0,0,0,0,0,0,1.82337696593652,15,49.12,-123.06,1,0,1,0,0,0,"WC"
"Stellako","Sockeye",1992,868461,55138,0,0,0,0,0,0.000316652100670036,0.845625767881344,0.154057580017986,0,0,0,0,0,0,0,0,0,0,0,0,0,0,0,2.75688354603583,15,49.12,-123.06,1,0,1,0,0,0,"WC"
"Stellako","Sockeye",1993,309844,42861,0,0,0,0,0,4.19565975135875e-05,0.219975213333161,0.779982830069325,0,0,0,0,0,0,0,0,0,0,0,0,0,0,0,1.97810662346101,15,49.12,-123.06,1,0,1,0,0,0,"WC"
"Stellako","Sockeye",1994,682889,63584,0,0,0,0,0,0.000185974587378037,0.86896845607412,0.129814655090359,0,0,0,0.00103091424814282,0,0,0,0,0,0,0,0,0,0,0,2.37397046169224,15,49.12,-123.06,1,0,0.998969085751857,0.00103091424814282,0,0,"WC"
"Stellako","Sockeye",1995,183959,41135,0,0,0,0,0,0.000407699541745715,0.692241205920885,0.30735109453737,0,0,0,0,0,0,0,0,0,0,0,0,0,0,0,1.49785356607171,15,49.12,-123.06,1,0,1,0,0,0,"WC"
"Stellako","Sockeye",1996,811994,167624,0,0,0,0,0,1.97045790978751e-05,0.782640019507533,0.217340275913369,0,0,0,0,0,0,0,0,0,0,0,0,0,0,0,1.57776957508501,15,49.12,-123.06,1,0,1,0,0,0,"WC"
"Stellako","Sockeye",1997,125173,23241,0,0,0,0,0,0,0.54736245036869,0.45263754963131,0,0,0,0,0,0,0,0,0,0,0,0,0,0,0,1.68377882013917,15,49.12,-123.06,1,0,1,0,0,0,"WC"
"Stellako","Sockeye",1998,637997,96961,0,0,0,0,0,0.000114420600723828,0.790632244352246,0.20925333504703,0,0,0,0,0,0,0,0,0,0,0,0,0,0,0,1.8840247453402,15,49.12,-123.06,1,0,1,0,0,0,"WC"
"Stellako","Sockeye",1999,174462,66080,0,0,0,0,0,0,0.825325858926299,0.174674141073701,0,0,0,0,0,0,0,0,0,0,0,0,0,0,0,0.97084082367253,15,49.12,-123.06,1,0,1,0,0,0,"WC"
"Stellako","Sockeye",2000,717671,195386,0,0,0,0,0,0,0.902338258059752,0.0976617419402484,0,0,0,0,0,0,0,0,0,0,0,0,0,0,0,1.30103415762431,15,49.12,-123.06,1,0,1,0,0,0,"WC"
"Stellako","Sockeye",2001,287128,61590,0,0,0,0,0,0,0.708429689894402,0.291570310105598,0,0,0,0,0,0,0,0,0,0,0,0,0,0,0,1.5394285896667,15,49.12,-123.06,1,0,1,0,0,0,"WC"
"Stellako","Sockeye",2002,248375,177618,0,0,0,0,0,0.000189229994967287,0.90291696024157,0.0968938097634625,0,0,0,0,0,0,0,0,0,0,0,0,0,0,0,0.335304524098261,15,49.12,-123.06,1,0,1,0,0,0,"WC"
"Stellako","Sockeye",2003,49132,43829,0,0,0,0,0,0.000101766669380445,0.702637792070341,0.297260441260278,0,0,0,0,0,0,0,0,0,0,0,0,0,0,0,0.114214854929632,15,49.12,-123.06,1,0,1,0,0,0,"WC"
"Stellako","Sockeye",2004,247930,53755,0,0.00133908764570645,0.0026781752914129,0,0,0.000617109668051466,0.859528899286089,0.1353083531642,0,0,0,0.000528374944540798,0,0,0,0,0,0,0,0,0,0,0,1.52870976232097,15,49.12,-123.06,1,0.00401726293711935,0.99545436211834,0.000528374944540798,0,0,"WC"
"Stellako","Sockeye",2005,11606,102247,0,0,0,0,0,0.00103394795795278,0.589350336033086,0.409615716008961,0,0,0,0,0,0,0,0,0,0,0,0,0,0,0,-2.17586924887077,15,49.12,-123.06,1,0,1,0,0,0,"WC"
"Stellako","Sockeye",2006,489095,79834,0,0.000198325478690234,0,0,0,0.000222860589456036,0.821081793925516,0.178497020006338,0,0,0,0,0,0,0,0,0,0,0,0,0,0,0,1.81260726575606,15,49.12,-123.06,1,0.000198325478690234,0.99980167452131,0,0,0,"WC"
"Stellako","Sockeye",2007,128465,19626,0,0,0,0,0,0.000171252870431635,0.844907173160005,0.154921573969564,0,0,0,0,0,0,0,0,0,0,0,0,0,0,0,1.87880127590971,15,49.12,-123.06,1,0,1,0,0,0,"WC"
"Stellako","Sockeye",2008,280220,73798,0,0,0,0,0,0.00179858682463778,0.949136392834202,0.0490650203411605,0,0,0,0,0,0,0,0,0,0,0,0,0,0,0,1.33424337797488,15,49.12,-123.06,1,0,1,0,0,0,"WC"
"Stellako","Sockeye",2009,203116,15770,0,0,0,0,0,0,0.747169105338821,0.250428326670474,0.00240256799070482,0,0,0,0,0,0,0,0,0,0,0,0,0,0,2.55566784343513,15,49.12,-123.06,1,0,1,0,0,0,"WC"
"Stellako","Sockeye",2010,1647100,109383,0,0,0,0,0,0.00996357233926295,0.911360573128529,0.0786758545322081,0,0,0,0,0,0,0,0,0,0,0,0,0,0,0,2.71191595992852,15,49.12,-123.06,1,0,1,0,0,0,"WC"
"Stellako","Sockeye",2011,53701,25856,0,0,0,0,0,0,0.777657771736094,0.222342228263906,0,0,0,0,0,0,0,0,0,0,0,0,0,0,0,0.730888940976677,15,49.12,-123.06,1,0,1,0,0,0,"WC"
"Stellako","Sockeye",2012,49614,50572,0,0,0,0,0,0.0013504252831862,0.857681299633168,0.140968275083646,0,0,0,0,0,0,0,0,0,0,0,0,0,0,0,-0.0191250114815667,15,49.12,-123.06,1,0,1,0,0,0,"WC"
"Stellako","Sockeye",2013,146505,54130,0,0,0,0,0,0.00160404081771953,0.738391181188355,0.260004777993925,0,0,0,0,0,0,0,0,0,0,0,0,0,0,0,0.995670996758664,15,49.12,-123.06,1,0,1,0,0,0,"WC"
"Stellako","Sockeye",2014,392898,240406,0,0,0,0,0,0.00117587770871829,0.917645292162342,0.0811788301289393,0,0,0,0,0,0,0,0,0,0,0,0,0,0,0,0.49122087544542,15,49.12,-123.06,1,0,1,0,0,0,"WC"
"Stellako","Sockeye",2015,74550,47613,0,0,0,0,0,0.000885311871227364,0.722253521126761,0.276861167002012,0,0,0,0,0,0,0,0,0,0,0,0,0,0,0,0.448364208017216,15,49.12,-123.06,1,0,1,0,0,0,"WC"
"Weaver","Sockeye",1966,76161,9860,0,0,0,0,0,0.00866585260172529,0.965257809114901,0.0254592245374929,0,0,0.000617113745880437,0,0,0,0,0,0,0,0,0,0,0,0,2.04436335203447,25,49.12,-123.06,1,0,0.99938288625412,0.000617113745880437,0,0,"WC"
"Weaver","Sockeye",1967,88405,10618,0,0,0,0,0,0.0199536225326622,0.87424919405011,0.095254793280923,0,0,0,0.0105423901363045,0,0,0,0,0,0,0,0,0,0,0,2.11937785496857,25,49.12,-123.06,1,0,0.989457609863695,0.0105423901363045,0,0,"WC"
"Weaver","Sockeye",1968,155396,2202,0,0,0,0,0,0.0191510720996679,0.9126682797498,0.0680648150531545,0,0,0.000115833097377024,0,0,0,0,0,0,0,0,0,0,0,0,4.25661065927604,25,49.12,-123.06,1,0,0.999884166902623,0.000115833097377024,0,0,"WC"
"Weaver","Sockeye",1969,412913,30604,0,0,0,0,0,0.00734052936090653,0.900034631992696,0.0926248386463977,0,0,0,0,0,0,0,0,0,0,0,0,0,0,0,2.60210619764778,25,49.12,-123.06,1,0,1,0,0,0,"WC"
"Weaver","Sockeye",1970,384039,5003,0,0,0,0,0,0.0192506490226253,0.968633394004255,0.0121159569731199,0,0,0,0,0,0,0,0,0,0,0,0,0,0,0,4.34070637742454,25,49.12,-123.06,1,0,1,0,0,0,"WC"
"Weaver","Sockeye",1971,155284,2656,0,0,0,0,0,0.0688673656010922,0.898985085391927,0.0151013626645372,0,0,0,0.0170461863424435,0,0,0,0,0,0,0,0,0,0,0,4.06843446683235,25,49.12,-123.06,1,0,0.982953813657557,0.0170461863424435,0,0,"WC"
"Weaver","Sockeye",1972,350142,15026,0,0,0,0,0,0.0212456660440621,0.947012926184234,0.0317414077717041,0,0,0,0,0,0,0,0,0,0,0,0,0,0,0,3.14855675254242,25,49.12,-123.06,1,0,1,0,0,0,"WC"
"Weaver","Sockeye",1973,274667,24885,0,0,0,0,0,0.0153895444301645,0.938634783210215,0.04248417174251,0,0,0,0.0034915006171109,0,0,0,0,0,0,0,0,0,0,0,2.40129424252234,25,49.12,-123.06,1,0,0.996508499382889,0.0034915006171109,0,0,"WC"
"Weaver","Sockeye",1974,284880,28099,0,0,0,0,0,0.0207280258354395,0.8876649817467,0.0916069924178601,0,0,0,0,0,0,0,0,0,0,0,0,0,0,0,2.31633405045167,25,49.12,-123.06,1,0,1,0,0,0,"WC"
"Weaver","Sockeye",1975,169860,16033,0,0,0,0,0,0.0172024019780996,0.974090427410809,0.00870717061109149,0,0,0,0,0,0,0,0,0,0,0,0,0,0,0,2.36032547014516,25,49.12,-123.06,1,0,1,0,0,0,"WC"
"Weaver","Sockeye",1976,304434,28243,0,0,0,0,0,0.0309032499655098,0.891234224823771,0.0778625252107189,0,0,0,0,0,0,0,0,0,0,0,0,0,0,0,2.37760867561066,25,49.12,-123.06,1,0,1,0,0,0,"WC"
"Weaver","Sockeye",1977,235763,28510,0,0,0,0,0,0.0127034352294465,0.920623677167325,0.0666728876032287,0,0,0,0,0,0,0,0,0,0,0,0,0,0,0,2.11257216022879,25,49.12,-123.06,1,0,1,0,0,0,"WC"
"Weaver","Sockeye",1978,1366185,42315,0,0,0,0,0,0.00748507705764593,0.867309332191467,0.124740060826316,0,0,0,0.000465529924570977,0,0,0,0,0,0,0,0,0,0,0,3.4746358297566,25,49.12,-123.06,1,0,0.999534470075429,0.000465529924570977,0,0,"WC"
"Weaver","Sockeye",1979,141028,25702,0,0,0,0,0,0.00882094335876563,0.909386788439175,0.0817922682020592,0,0,0,0,0,0,0,0,0,0,0,0,0,0,0,1.70238964233879,25,49.12,-123.06,1,0,1,0,0,0,"WC"
"Weaver","Sockeye",1980,364714,43286,0,0,0,0,0,0.00868351639915112,0.909767653558679,0.08154883004217,0,0,0,0,0,0,0,0,0,0,0,0,0,0,0,2.13128422770144,25,49.12,-123.06,1,0,1,0,0,0,"WC"
"Weaver","Sockeye",1981,270292,22627,0,0,0,0,0,0.0107587349977062,0.765390762582688,0.223850502419605,0,0,0,0,0,0,0,0,0,0,0,0,0,0,0,2.48035897263086,25,49.12,-123.06,1,0,1,0,0,0,"WC"
"Weaver","Sockeye",1982,1505995,115030,0,0,0,0,0,0.00605048489536818,0.846757791360529,0.147191723744103,0,0,0,0,0,0,0,0,0,0,0,0,0,0,0,2.57201612439329,25,49.12,-123.06,1,0,1,0,0,0,"WC"
"Weaver","Sockeye",1983,239991,27380,0,0,0,0,0,0.00989203761807734,0.914505127275606,0.0756028351063165,0,0,0,0,0,0,0,0,0,0,0,0,0,0,0,2.17078860277855,25,49.12,-123.06,1,0,1,0,0,0,"WC"
"Weaver","Sockeye",1984,635778,30434,0,0,0,0,0,0.0117824146164227,0.905029743086423,0.0816527152559541,0,0,6.29150426721277e-06,0.0015288355369327,0,0,0,0,0,0,0,0,0,0,0,3.03928904130399,25,49.12,-123.06,1,0,0.9984648729588,0.00153512704119992,0,0,"WC"
"Weaver","Sockeye",1985,69300,22773,0,0,0,0,0,0.0158874458874459,0.703910533910534,0.28020202020202,0,0,0,0,0,0,0,0,0,0,0,0,0,0,0,1.11286928249312,25,49.12,-123.06,1,0,1,0,0,0,"WC"
"Weaver","Sockeye",1986,42717,41837,0,0,0,0,0,0.00105344476437952,0.918650654306248,0.079991572441885,0,0,0.000304328487487417,0,0,0,0,0,0,0,0,0,0,0,0,0.0208158520018323,25,49.12,-123.06,1,0,0.999695671512513,0.000304328487487417,0,0,"WC"
"Weaver","Sockeye",1987,220718,30105,0,0,0,0,0,0.00361547313766888,0.870572404606783,0.125812122255548,0,0,0,0,0,0,0,0,0,0,0,0,0,0,0,1.99219459769749,25,49.12,-123.06,1,0,1,0,0,0,"WC"
"Weaver","Sockeye",1988,513778,27428,0,0,0,0,0,0.00618749732374683,0.651547944832204,0.342264557844049,0,0,0,0,0,0,0,0,0,0,0,0,0,0,0,2.93022687611973,25,49.12,-123.06,1,0,1,0,0,0,"WC"
"Weaver","Sockeye",1989,765938,10365,0,0.000528763424715839,0.00986111147377464,0,0,0.00292843546083364,0.893136259070577,0.0914878227741671,0,0,0,0.00205760779593126,0,0,0,0,0,0,0,0,0,0,0,4.30266648062925,25,49.12,-123.06,1,0.0103898748984905,0.987552517305578,0.00205760779593126,0,0,"WC"
"Weaver","Sockeye",1990,634660,8530,0,0,0,0,0,0.00928843790375949,0.946790407462263,0.0439211546339772,0,0,0,0,0,0,0,0,0,0,0,0,0,0,0,4.30950006092276,25,49.12,-123.06,1,0,1,0,0,0,"WC"
"Weaver","Sockeye",1991,65545,18489,0,0,0.00289877183614311,0,0,0.00106796857121062,0.745869250133496,0.25016400945915,0,0,0,0,0,0,0,0,0,0,0,0,0,0,0,1.26556096900156,25,49.12,-123.06,1,0.00289877183614311,0.997101228163857,0,0,0,"WC"
"Weaver","Sockeye",1992,753217,28480,0,0,0,0,0,0.00090810483565825,0.828579280605722,0.17051261455862,0,0,0,0,0,0,0,0,0,0,0,0,0,0,0,3.27515128035095,25,49.12,-123.06,1,0,1,0,0,0,"WC"
"Weaver","Sockeye",1993,501325,34018,0,0,0,0,0,0.000895626589537725,0.760025931282102,0.237739989029073,0,0,0,0,0.00133845309928689,0,0,0,0,0,0,0,0,0,0,2.6903647970712,25,49.12,-123.06,1,0,0.998661546900713,0.00133845309928689,0,0,"WC"
"Weaver","Sockeye",1994,715932,30208,0,0,0,0,0,7.96164998910511e-05,0.903416804947956,0.096503578552153,0,0,0,0,0,0,0,0,0,0,0,0,0,0,0,3.16547840042038,25,49.12,-123.06,1,0,1,0,0,0,"WC"
"Weaver","Sockeye",1995,266443,10904,0,0,0,0,0,0.000427858866624381,0.639446335613996,0.360125805519379,0,0,0,0,0,0,0,0,0,0,0,0,0,0,0,3.19603064265799,25,49.12,-123.06,1,0,1,0,0,0,"WC"
"Weaver","Sockeye",1996,383413,26848,0,0,0,0,0,0.000592050869428006,0.915370631668723,0.0840373174618492,0,0,0,0,0,0,0,0,0,0,0,0,0,0,0,2.6589214068985,25,49.12,-123.06,1,0,1,0,0,0,"WC"
"Weaver","Sockeye",1997,215997,10724,0,0,0,0,0,4.62969393093423e-05,0.892123501715302,0.107830201345389,0,0,0,0,0,0,0,0,0,0,0,0,0,0,0,3.00278029832511,25,49.12,-123.06,1,0,1,0,0,0,"WC"
"Weaver","Sockeye",1998,566885,29811,0,0,0,0,0,0.000310468613563598,0.883341418453478,0.116348112932958,0,0,0,0,0,0,0,0,0,0,0,0,0,0,0,2.94527900836979,25,49.12,-123.06,1,0,1,0,0,0,"WC"
"Weaver","Sockeye",1999,246929,13106,0,0,0,0,0,7.28954476792924e-05,0.739463570500022,0.260463534052298,0,0,0,0,0,0,0,0,0,0,0,0,0,0,0,2.93603070529646,25,49.12,-123.06,1,0,1,0,0,0,"WC"
"Weaver","Sockeye",2000,114132,2732,0,0,0,0,0,0.00340833420951179,0.913161952826552,0.0834297129639365,0,0,0,0,0,0,0,0,0,0,0,0,0,0,0,3.73232173157971,25,49.12,-123.06,1,0,1,0,0,0,"WC"
"Weaver","Sockeye",2001,196083,8035,0,0,0,0,0,0.000254994058638434,0.743894167265903,0.255850838675459,0,0,0,0,0,0,0,0,0,0,0,0,0,0,0,3.19473103979094,25,49.12,-123.06,1,0,1,0,0,0,"WC"
"Weaver","Sockeye",2002,242830,36269,0,0,0,0,0,0.00132191244903842,0.937639500885393,0.0610385866655685,0,0,0,0,0,0,0,0,0,0,0,0,0,0,0,1.90139822811756,25,49.12,-123.06,1,0,1,0,0,0,"WC"
"Weaver","Sockeye",2003,188799,24683,0,0,0,0,0,0.000121822679145546,0.675151881101065,0.324726296219789,0,0,0,0,0,0,0,0,0,0,0,0,0,0,0,2.03456820952162,25,49.12,-123.06,1,0,1,0,0,0,"WC"
"Weaver","Sockeye",2004,122258,13968,0,0.0588836722341278,0.0244646567095814,0,0,0.000752506993407384,0.452542982872287,0.463356181190597,0,0,0,0,0,0,0,0,0,0,0,0,0,0,0,2.16936456678945,25,49.12,-123.06,1,0.0833483289437092,0.916651671056291,0,0,0,"WC"
"Weaver","Sockeye",2005,64152,23597,0,0,0,0,0,0.000888514777403666,0.928856465893503,0.0702550193290934,0,0,0,0,0,0,0,0,0,0,0,0,0,0,0,1.00013568219749,25,49.12,-123.06,1,0,1,0,0,0,"WC"
"Weaver","Sockeye",2006,252412,13618,0,0.00543159596215711,0,0,0,0.00516219514127696,0.902881004072707,0.0865252048238594,0,0,0,0,0,0,0,0,0,0,0,0,0,0,0,2.91967022605774,25,49.12,-123.06,1,0.00543159596215711,0.994568404037843,0,0,0,"WC"
"Weaver","Sockeye",2007,330880,15825,0,0,0.00289833172147002,0,0,0.00688164893617021,0.948068786266925,0.0421512330754352,0,0,0,0,0,0,0,0,0,0,0,0,0,0,0,3.04016480384977,25,49.12,-123.06,1,0.00289833172147002,0.99710166827853,0,0,0,"WC"
"Weaver","Sockeye",2008,63638,617,0,0,0,0,0,0,0.259640466388007,0.740359533611993,0,0,0,0,0,0,0,0,0,0,0,0,0,0,0,4.63609703127689,25,49.12,-123.06,1,0,1,0,0,0,"WC"
"Weaver","Sockeye",2009,230230,12871,6.08087564609304e-05,0,0,0,0,0.000143334925943622,0.88820310124658,0.111592755071016,0,0,0,0,0,0,0,0,0,0,0,0,0,0,0,2.88410209058904,25,49.12,-123.06,1,6.08087564609304e-05,0.999939191243539,0,0,0,"WC"
"Weaver","Sockeye",2010,128361,25328,0.000521965394473399,0,0.003030515499256,0.000373945357234674,0,0.0280459017926006,0.883570554919329,0.0844571170371063,0,0,0,0,0,0,0,0,0,0,0,0,0,0,0,1.62293610366162,25,49.12,-123.06,1,0.00392642625096408,0.996073573749036,0,0,0,"WC"
"Weaver","Sockeye",2011,553,24535,0,0,0,0,0,0,0.962025316455696,0.0379746835443038,0,0,0,0,0,0,0,0,0,0,0,0,0,0,0,-3.79249794700167,25,49.12,-123.06,1,0,1,0,0,0,"WC"
"Weaver","Sockeye",2012,1764,397,0,0,0.0090702947845805,0,0,0.0340136054421769,0.602040816326531,0.354875283446712,0,0,0,0,0,0,0,0,0,0,0,0,0,0,0,1.49140295587955,25,49.12,-123.06,1,0.0090702947845805,0.990929705215419,0,0,0,"WC"
"Weaver","Sockeye",2013,93139,15535,0,8.58931274761378e-05,0,0,0,0.00069788166074362,0.672382138524141,0.326619353868949,0.000214732818690345,0,0,0,0,0,0,0,0,0,0,0,0,0,0,1.79099745812592,25,49.12,-123.06,1,8.58931274761378e-05,0.999914106872524,0,0,0,"WC"
"Weaver","Sockeye",2014,21806,10446,0,0,0,0,0,0.00848390351279464,0.943960377877648,0.047555718609557,0,0,0,0,0,0,0,0,0,0,0,0,0,0,0,0.735966031270083,25,49.12,-123.06,1,0,1,0,0,0,"WC"
"Weaver","Sockeye",2015,2730,1133,0,0,0.00842490842490842,0,0,0,0.941391941391941,0.0501831501831502,0,0,0,0,0,0,0,0,0,0,0,0,0,0,0,0.879432627150999,25,49.12,-123.06,1,0.00842490842490842,0.991575091575092,0,0,0,"WC"
"Great Central Lake","Sockeye",1977,633742,209810.3604,0,0,0,0,0,0.0289155523856711,0.584119405057579,0.2820248618523,0,0,0.00500834724540901,0.048740654714379,0.0511911787446627,0,0,0,0,0,0,0,0,0,0,1.1054378545398,101,49.24,-124.8,1,0,0.895059819295549,0.104940180704451,0,0,"WC"
"Great Central Lake","Sockeye",1978,526832,84373.10195,0,0,0,0,0,0.0565151699213411,0.211659504358126,0.593684514228445,0,0,0.00478141039268685,0.101356789261093,0.032002611838309,0,0,0,0,0,0,0,0,0,0,1.83163305860743,101,49.24,-124.8,1,0,0.861859188507911,0.138140811492089,0,0,"WC"
"Great Central Lake","Sockeye",1979,913810,247475.4573,0,0,0,0,0,0.0287368271303663,0.476054103150546,0.386723717184097,0,0,0.00296232258346921,0.0580569264945667,0.0474661034569549,0,0,0,0,0,0,0,0,0,0,1.30631125771534,101,49.24,-124.8,1,0,0.891514647465009,0.108485352534991,0,0,"WC"
"Great Central Lake","Sockeye",1980,480599,246041.4109,0,0,0,0,0,0.0411736187549287,0.46318656509897,0.447812001273411,0,0,0,0.0454245639295962,0.00240325094309393,0,0,0,0,0,0,0,0,0,0,0.669533383810635,101,49.24,-124.8,1,0,0.95217218512731,0.0478278148726901,0,0,"WC"
"Great Central Lake","Sockeye",1981,224123,195123.9818,0,0,0,0,0,0.0278061600103515,0.597569191916938,0.255158997514758,0,0,0.0418163240720497,0.0324643164690817,0.0451850100168211,0,0,0,0,0,0,0,0,0,0,0.13855984766522,101,49.24,-124.8,1,0,0.880534349442047,0.119465650557953,0,0,"WC"
"Great Central Lake","Sockeye",1982,137076,155579.2603,0,0,0,0,0,0.103227406694097,0.470534593947883,0.080553853336835,0,0,0.0160203099010768,0.281092240800724,0.0485715953193849,0,0,0,0,0,0,0,0,0,0,-0.12661979776036,101,49.24,-124.8,1,0,0.654315853978815,0.345684146021185,0,0,"WC"
"Great Central Lake","Sockeye",1983,503092,339203.6871,0,0,0,0,0,0.0314236759876921,0.587981919807908,0.225245084398082,0,0,0.00680789994672942,0.133993384907731,0.0145480349518577,0,0,0,0,0,0,0,0,0,0,0.394172282112716,101,49.24,-124.8,1,0,0.844650680193682,0.155349319806318,0,0,"WC"
"Great Central Lake","Sockeye",1984,206726,131000.4259,0,0,0,0,0,0.071582674651471,0.730096843164382,0.142241421011387,0,0,0.00510821086849259,0.035380165049389,0.0155906852548784,0,0,0,0,0,0,0,0,0,0,0.456193670599924,101,49.24,-124.8,1,0,0.94392093882724,0.0560790611727601,0,0,"WC"
"Great Central Lake","Sockeye",1985,292062,112339.1475,0,0,0,0,0,0.0483972581164273,0.480127507173134,0.22820154624703,0,0,0.0515986331669303,0.149985277098698,0.0416897781977799,0,0,0,0,0,0,0,0,0,0,0.955443709991761,101,49.24,-124.8,1,0,0.756726311536592,0.243273688463408,0,0,"WC"
"Great Central Lake","Sockeye",1986,274312,119819.7732,0,0,0,0,0,0.207253054915571,0.248312140919829,0.45549228615591,0,0,0.00748782408352533,0.0687829916299688,0.0126717022951967,0,0,0,0,0,0,0,0,0,0,0.828277420893398,101,49.24,-124.8,1,0,0.911057481991309,0.0889425180086908,0,0,"WC"
"Great Central Lake","Sockeye",1987,1258257,277561.6341,0,0,0,0,0,0.0116017633917395,0.818975773629712,0.0833152527663268,0,0,0.0136339396482595,0.0555768813525377,0.016896389211425,0,0,0,0,0,0,0,0,0,0,1.51143969553361,101,49.24,-124.8,1,0,0.913892789787778,0.0861072102122221,0,0,"WC"
"Great Central Lake","Sockeye",1988,599789,195326.5653,0,0,0,0,0,0.0621501894833016,0.240637957681785,0.531190135197544,0,0,0.0112322833529791,0.110924008276244,0.0438654260081462,0,0,0,0,0,0,0,0,0,0,1.12190507502644,101,49.24,-124.8,1,0,0.833978282362631,0.166021717637369,0,0,"WC"
"Great Central Lake","Sockeye",1989,400875,171651.586,0,0,0,0,0,0.0932984097287184,0.597532896788276,0.237418147801684,0,0,0.0218696601184908,0.0351755534767696,0.0147053320860617,0,0,0,0,0,0,0,0,0,0,0.848182898420291,101,49.24,-124.8,1,0,0.928249454318678,0.0717505456813221,0,0,"WC"
"Great Central Lake","Sockeye",1990,138603,163320.2965,0,0,0,0,0,0.140603017250709,0.539779081260867,0.292785870435705,0,0,0.00212116620852362,0.0152521951184318,0.00945866972576351,0,0,0,0,0,0,0,0,0,0,-0.164099550360852,101,49.24,-124.8,1,0,0.973167968947281,0.0268320310527189,0,0,"WC"
"Great Central Lake","Sockeye",1991,74102,402976.0583,0,0,0,0,0,0.00203773177512078,0.123667377398721,0.0541280937086718,0,0,0.0655043048770614,0.50013494912418,0.254527543116245,0,0,0,0,0,0,0,0,0,0,-1.69343462900594,101,49.24,-124.8,1,0,0.179833202882513,0.820166797117487,0,0,"WC"
"Great Central Lake","Sockeye",1992,290005,149897.5377,0,0,0,0,0,0.0666471267736763,0.487022637540732,0.281777900381028,0,0,0.0101549973276323,0.0803951656005931,0.0740021723763383,0,0,0,0,0,0,0,0,0,0,0.65994618552175,101,49.24,-124.8,1,0,0.835447664695436,0.164552335304564,0,0,"WC"
"Great Central Lake","Sockeye",1993,421980,227693.7006,0,0,0,0,0,0.0632470733210105,0.347791364519645,0.325659983885492,0,0,0.0105265652400588,0.185018247310299,0.067756765723494,0,0,0,0,0,0,0,0,0,0,0.616956612210124,101,49.24,-124.8,1,0,0.736698421726148,0.263301578273852,0,0,"WC"
"Great Central Lake","Sockeye",1994,240203,113120.7706,0,0,0,0,0,0.00124894360187008,0.313222565912999,0.508486571774707,0,0,0.0248248356598377,0.0956774061939276,0.0565396768566587,0,0,0,0,0,0,0,0,0,0,0.753028384800041,101,49.24,-124.8,1,0,0.822958081289576,0.177041918710424,0,0,"WC"
"Great Central Lake","Sockeye",1995,241683,40940.28609,0,0,0,0,0,0.366041467542194,0.363281654067518,0.234422776943351,0,0,0.0116061121386279,0.0126446626365942,0.0120033266717146,0,0,0,0,0,0,0,0,0,0,1.77551238186962,101,49.24,-124.8,1,0,0.963745898553063,0.0362541014469367,0,0,"WC"
"Great Central Lake","Sockeye",1996,261944,157087.4705,0,0,0,0,0,0.020721986378768,0.0550728399963351,0.0249786213847235,0,0,0.0504993433711022,0.557500839874172,0.2912263689949,0,0,0,0,0,0,0,0,0,0,0.511327953309516,101,49.24,-124.8,1,0,0.100773447759827,0.899226552240173,0,0,"WC"
"Great Central Lake","Sockeye",1997,717176,174088.0733,0,0,0,0,0,0.0109108503352036,0.367540185393822,0.362436835588475,0,0,0.0508940622664451,0.150184891853604,0.0580331745624505,0,0,0,0,0,0,0,0,0,0,1.41575993815669,101,49.24,-124.8,1,0,0.740887871317501,0.259112128682499,0,0,"WC"
"Great Central Lake","Sockeye",1998,518419,184541.7669,0,0,0,0,0,0.12947635021093,0.382468620941748,0.272341484397755,0,0,0.0206454624541153,0.122200382316235,0.072867699679217,0,0,0,0,0,0,0,0,0,0,1.03290797887845,101,49.24,-124.8,1,0,0.784286455550433,0.215713544449567,0,0,"WC"
"Great Central Lake","Sockeye",1999,569644,203969.221,0,0,0,0,0,0.0290374339060887,0.443194345942378,0.369281516175015,0,0,0.0242081019022407,0.0632465188784574,0.0710320831958206,0,0,0,0,0,0,0,0,0,0,1.02704249929528,101,49.24,-124.8,1,0,0.841513296023481,0.158486703976519,0,0,"WC"
"Great Central Lake","Sockeye",2000,213510,52042.75861,0,0,0,0,0,0.0710645871387757,0.613193761416327,0.237164535618941,0,0,0.0107114420870217,0.049899302140415,0.01796637159852,0,0,0,0,0,0,0,0,0,0,1.4116180083241,101,49.24,-124.8,1,0,0.921422884174043,0.0785771158259566,0,0,"WC"
"Great Central Lake","Sockeye",2001,329841,307105.9177,0,0,0,0,0,0.0292656158573373,0.403309473352312,0.130459827613911,0,0,0.0466618764798797,0.339321066817042,0.0509821398795177,0,0,0,0,0,0,0,0,0,0,0.0714180232868931,101,49.24,-124.8,1,0,0.56303491682356,0.43696508317644,0,0,"WC"
"Great Central Lake","Sockeye",2002,97064,259481.6302,0,0,0,0,0,0.0804829803016566,0.391401549493118,0.51241448940905,0,0,0,0.00457430149179922,0.0111266793043765,0,0,0,0,0,0,0,0,0,0,-0.983315356140678,101,49.24,-124.8,1,0,0.984299019203824,0.0157009807961757,0,0,"WC"
"Great Central Lake","Sockeye",2003,17687,223545.6125,0,0,0,0,0,0.0426301803584554,0.31757788206027,0.177701136427885,0,0,0.013343133374795,0.365353084186125,0.083394583592469,0,0,0,0,0,0,0,0,0,0,-2.53678556955296,101,49.24,-124.8,1,0,0.53790919884661,0.46209080115339,0,0,"WC"
"Great Central Lake","Sockeye",2004,189218,213021.382,0,0,0,0,0,0.0516547051549007,0.258447927786997,0.560644336162522,0,0,0.00839243623756725,0.033633163863903,0.0872274307941105,0,0,0,0,0,0,0,0,0,0,-0.118492756134497,101,49.24,-124.8,1,0,0.870746969104419,0.129253030895581,0,0,"WC"
"Great Central Lake","Sockeye",2005,454549,172961.8927,0,0,0,0,0,0.0282631795471995,0.386855982523336,0.399761081863561,0,0,0.029930766540021,0.0754154117597883,0.0797735777660934,0,0,0,0,0,0,0,0,0,0,0.966234421763824,101,49.24,-124.8,1,0,0.814880243934097,0.185119756065903,0,0,"WC"
"Great Central Lake","Sockeye",2006,966913,135492.6206,0,0,0,0,0,0.00569751363359475,0.530463443970657,0.303199977660865,0,0,0.00321538752710947,0.143473094270115,0.0139505829376583,0,0,0,0,0,0,0,0,0,0,1.96519134410951,101,49.24,-124.8,1,0,0.839360935265117,0.160639064734883,0,0,"WC"
"Great Central Lake","Sockeye",2007,645291,67716.87403,0,0,0,0,0,0.142642621700907,0.438929103303781,0.358442935047909,0,0,0.00522090033798705,0.0341039933921285,0.020660446217288,0,0,0,0,0,0,0,0,0,0,2.25436598186217,101,49.24,-124.8,1,0,0.940014660052596,0.0599853399474036,0,0,"WC"
"Great Central Lake","Sockeye",2008,100033,59588.56228,0,0,0,0,0,0.124009077004588,0.619435586256535,0.225015744804215,0,0,0.00159947217418252,0.0217528215688823,0.00818729819159677,0,0,0,0,0,0,0,0,0,0,0.518036483949161,101,49.24,-124.8,1,0,0.968460408065338,0.0315395919346616,0,0,"WC"
"Great Central Lake","Sockeye",2009,147482,203858.4043,0,0,0,0,0,0.0131609281132613,0.357433449505702,0.399553843858912,0,0,0.147848551009615,0.055098249277878,0.026904978234632,0,0,0,0,0,0,0,0,0,0,-0.323719521844215,101,49.24,-124.8,1,0,0.770148221477875,0.229851778522125,0,0,"WC"
"Great Central Lake","Sockeye",2010,530210,255339.0849,0,0,0,0,0,0.186295995926142,0.333880915109108,0.303581599743498,0,0,0.0246562682710624,0.128845174553479,0.0227400463967107,0,0,0,0,0,0,0,0,0,0,0.730680747947508,101,49.24,-124.8,1,0,0.823758510778748,0.176241489221252,0,0,"WC"
"Great Central Lake","Sockeye",2011,1383228,431213.3766,0,0,0,0,0,0.0697491664425532,0.549938260359102,0.357639521467177,0,0,0.000982484449418317,0.011290980228856,0.0103995870528937,0,0,0,0,0,0,0,0,0,0,1.16557213616593,101,49.24,-124.8,1,0,0.977326948268832,0.022673051731168,0,0,"WC"
"Great Central Lake","Sockeye",2012,189975,147440.4759,0,0,0,0,0,0.0451006711409396,0.232862218712989,0.691906829846032,0,0,0,0.0214975654691407,0.0086327148308988,0,0,0,0,0,0,0,0,0,0,0.253467943445827,101,49.24,-124.8,1,0,0.96986971969996,0.0301302803000395,0,0,"WC"
"Great Central Lake","Sockeye",2013,31703,66687.66638,0,0,0,0,0,0.13730561776488,0.364665804497997,0.212061949973189,0,0,0.0159921773964609,0.193514809324039,0.0764596410434344,0,0,0,0,0,0,0,0,0,0,-0.743608710349807,101,49.24,-124.8,1,0,0.714033372236066,0.285966627763934,0,0,"WC"
"Great Central Lake","Sockeye",2014,86151,66297.57875,0,0,0,0,0,0.148425439054683,0.430337430790124,0.368771111188495,0,0,0.0206265742707572,0.0300867082216109,0.00175273647432996,0,0,0,0,0,0,0,0,0,0,0.26194819365051,101,49.24,-124.8,1,0,0.947533981033302,0.052466018966698,0,0,"WC"
"Great Central Lake","Sockeye",2015,140757,417774.43,0,0,0,0,0,0.00385060778504799,0.0960236435843333,0.0214696249564853,0,0,0.0565016304695326,0.438969287495471,0.38318520570913,0,0,0,0,0,0,0,0,0,0,-1.08790664636446,101,49.24,-124.8,1,0,0.121343876325867,0.878656123674133,0,0,"WC"
"Sproat Lake","Sockeye",1977,495063,209810.3604,0,0,0,0,0,0.0353651959447585,0.487604607898389,0.345541880528337,0,0,0.0072172632574036,0.0864718227781111,0.0377992295930013,0,0,0,0,0,0,0,0,0,0,0.858480950185716,102,49.24,-124.8,1,0,0.868511684371484,0.131488315628516,0,0,"WC"
"Sproat Lake","Sockeye",1978,552802,84373.10195,0,0,0,0,0,0.0485074221873293,0.429003513011892,0.408677971497932,0,0,0.00114507545197014,0.0730966964663659,0.0395693213845102,0,0,0,0,0,0,0,0,0,0,1.87975123685966,102,49.24,-124.8,1,0,0.886188906697154,0.113811093302846,0,0,"WC"
"Sproat Lake","Sockeye",1979,570766,247475.4573,0,0,0,0,0,0.0727776356685577,0.56035222840884,0.285402424110756,0,0,0.00594113875038107,0.0662443102777671,0.0092822627836977,0,0,0,0,0,0,0,0,0,0,0.835667903638927,102,49.24,-124.8,1,0,0.918532288188154,0.0814677118118458,0,0,"WC"
"Sproat Lake","Sockeye",1980,391378,246041.4109,0,0,0,0,0,0.0634195074838136,0.683454358701818,0.214695256248435,0,0,0.00241965567814236,0.0307784290379122,0.00523279284987915,0,0,0,0,0,0,0,0,0,0,0.464173986142698,102,49.24,-124.8,1,0,0.961569122434066,0.0384308775659337,0,0,"WC"
"Sproat Lake","Sockeye",1981,288013,195123.9818,0,0,0,0,0,0.0660768784742355,0.485735018905397,0.366188331776691,0,0,0.0207942002617937,0.0517511362334339,0.00945443434844955,0,0,0,0,0,0,0,0,0,0,0.38937045737759,102,49.24,-124.8,1,0,0.918000229156323,0.0819997708436772,0,0,"WC"
"Sproat Lake","Sockeye",1982,203184,155579.2603,0,0,0,0,0,0.195202378140011,0.482670879596819,0.163881014253091,0,0,0.0110392550594535,0.116923576659579,0.0302828962910465,0,0,0,0,0,0,0,0,0,0,0.266956658146507,102,49.24,-124.8,1,0,0.84175427198992,0.15824572801008,0,0,"WC"
"Sproat Lake","Sockeye",1983,371601,339203.6871,0,0,0,0,0,0.0452313099265072,0.471723703649883,0.220551074943286,0,0,0.0188939211681346,0.21184280989556,0.0317571804166297,0,0,0,0,0,0,0,0,0,0,0.0912199241548469,102,49.24,-124.8,1,0,0.737506088519676,0.262493911480324,0,0,"WC"
"Sproat Lake","Sockeye",1984,340157,131000.4259,0,0,0,0,0,0.238442836690117,0.642932528214913,0.0935861969619911,0,0,0.00791987229426412,0.0127294161225552,0.00438914971616048,0,0,0,0,0,0,0,0,0,0,0.954206701394672,102,49.24,-124.8,1,0,0.97496156186702,0.0250384381329798,0,0,"WC"
"Sproat Lake","Sockeye",1985,172160,112339.1475,0,0,0,0,0,0.147914730483271,0.564300650557621,0.208434014869888,0,0,0.013191217472119,0.0332307156133829,0.0329286710037175,0,0,0,0,0,0,0,0,0,0,0.426901878468337,102,49.24,-124.8,1,0,0.920649395910781,0.0793506040892193,0,0,"WC"
"Sproat Lake","Sockeye",1986,265697,119819.7732,0,0,0,0,0,0.127980368615378,0.249679145793893,0.443414867311261,0,0,0.00394434261583684,0.138560089124077,0.0364211865395545,0,0,0,0,0,0,0,0,0,0,0.796367837957677,102,49.24,-124.8,1,0,0.821074381720531,0.178925618279469,0,0,"WC"
"Sproat Lake","Sockeye",1987,652446,277561.6341,0,0,0,0,0,0.0299488386778369,0.495648682036521,0.259544851221404,0,0,0.0301235657816892,0.127523197322077,0.0572108649604718,0,0,0,0,0,0,0,0,0,0,0.854685363761755,102,49.24,-124.8,1,0,0.785142371935762,0.214857628064238,0,0,"WC"
"Sproat Lake","Sockeye",1988,625357,195326.5653,0,0,0,0,0,0.109914816656726,0.496948143220592,0.30276785899894,0,0,0.00588943595418297,0.0760253743061963,0.00845437086336285,0,0,0,0,0,0,0,0,0,0,1.16364983498996,102,49.24,-124.8,1,0,0.909630818876258,0.0903691811237421,0,0,"WC"
"Sproat Lake","Sockeye",1989,407469,171651.586,0,0,0,0,0,0.0923039544112558,0.613141122392133,0.201176040385894,0,0,0.00901418267401937,0.0663952349749306,0.0179694651617669,0,0,0,0,0,0,0,0,0,0,0.864498096574513,102,49.24,-124.8,1,0,0.906621117189283,0.0933788828107169,0,0,"WC"
"Sproat Lake","Sockeye",1990,181985,163320.2965,0,0,0,0,0,0.141660026925296,0.601610022804077,0.244833365387257,0,0,0.000494546253812127,0.00485204824573454,0.00654999038382284,0,0,0,0,0,0,0,0,0,0,0.108210984193812,102,49.24,-124.8,1,0,0.98810341511663,0.0118965848833695,0,0,"WC"
"Sproat Lake","Sockeye",1991,59697,402976.0583,0,0,0,0,0,0.0318608975325393,0.0419786588940818,0.113071008593397,0,0,0.0718126539022061,0.710337202874516,0.0309395782032598,0,0,0,0,0,0,0,0,0,0,-1.90959538361742,102,49.24,-124.8,1,0,0.186910565020018,0.813089434979982,0,0,"WC"
"Sproat Lake","Sockeye",1992,320116,149897.5377,0,0,0,0,0,0.172962301165827,0.595115520623774,0.170891176948356,0,0,0.0218795686563621,0.0269527296355071,0.0121987029701733,0,0,0,0,0,0,0,0,0,0,0.758731451417072,102,49.24,-124.8,1,0,0.938968998737957,0.0610310012620425,0,0,"WC"
"Sproat Lake","Sockeye",1993,263928,227693.7006,0,0,0,0,0,0.1570579855112,0.393353490345852,0.398885302052075,0,0,0.00710042132702858,0.0345510896911279,0.0090517110727168,0,0,0,0,0,0,0,0,0,0,0.147675031338885,102,49.24,-124.8,1,0,0.949296777909127,0.0507032220908733,0,0,"WC"
"Sproat Lake","Sockeye",1994,189097,113120.7706,0,0,0,0,0,0.0354685690412857,0.502964087214498,0.331205677509426,0,0,0.0115866460070757,0.0772513577687642,0.0415236624589496,0,0,0,0,0,0,0,0,0,0,0.51380409655682,102,49.24,-124.8,1,0,0.86963833376521,0.13036166623479,0,0,"WC"
"Sproat Lake","Sockeye",1995,386549,40940.28609,0,0,0,0,0,0.345966488077837,0.357142302786969,0.274472317869145,0,0,0.00256112420417593,0.00927437401209161,0.0105833930497815,0,0,0,0,0,0,0,0,0,0,2.24514407053569,102,49.24,-124.8,1,0,0.977581108733951,0.0224188912660491,0,0,"WC"
"Sproat Lake","Sockeye",1996,145416,157087.4705,0,0,0,0,0,0.0472987841778071,0.390782307311438,0.199159652307862,0,0,0.0327405512460802,0.320542443747593,0.00947626120922044,0,0,0,0,0,0,0,0,0,0,-0.0772041868370205,102,49.24,-124.8,1,0,0.637240743797106,0.362759256202894,0,0,"WC"
"Sproat Lake","Sockeye",1997,326803,174088.0733,0,0,0,0,0,0.0459389907681386,0.587751642426783,0.24770580441428,0,0,0.00559358390222856,0.0973797670156027,0.0156302114729669,0,0,0,0,0,0,0,0,0,0,0.629796203324948,102,49.24,-124.8,1,0,0.881396437609202,0.118603562390798,0,0,"WC"
"Sproat Lake","Sockeye",1998,732605,184541.7669,0,0,0,0,0,0.294592583998198,0.391470164686291,0.274607735409941,0,0,0.00451266371373387,0.0284245944267375,0.00639225776509852,0,0,0,0,0,0,0,0,0,0,1.37873085860571,102,49.24,-124.8,1,0,0.96067048409443,0.0393295159055699,0,0,"WC"
"Sproat Lake","Sockeye",1999,353960,203969.221,0,0,0,0,0,0.0787942140354842,0.536557803141598,0.34917222285004,0,0,0.00258503785738502,0.0299468866538592,0.00294383546163408,0,0,0,0,0,0,0,0,0,0,0.551214807389061,102,49.24,-124.8,1,0,0.964524240027122,0.0354757599728783,0,0,"WC"
"Sproat Lake","Sockeye",2000,219481,52042.75861,0,0,0,0,0,0.115955367434994,0.481777465930992,0.379417808375212,0,0,0.00197283591745983,0.0124976649459407,0.00837885739540097,0,0,0,0,0,0,0,0,0,0,1.43920000674901,102,49.24,-124.8,1,0,0.977150641741199,0.0228493582588014,0,0,"WC"
"Sproat Lake","Sockeye",2001,150480,307105.9177,0,0,0,0,0,0.248750664540138,0.565789473684211,0.1360778841042,0,0,0.0146398192450824,0.0289540138224349,0.00578814460393408,0,0,0,0,0,0,0,0,0,0,-0.713362511887362,102,49.24,-124.8,1,0,0.950618022328549,0.0493819776714514,0,0,"WC"
"Sproat Lake","Sockeye",2002,131771,259481.6302,0,0,0,0,0,0.140190178415585,0.487079858238914,0.357802551395982,0,0,0.000812014783222409,0.00888662907620038,0.0052287680900957,0,0,0,0,0,0,0,0,0,0,-0.677620343381085,102,49.24,-124.8,1,0,0.985072588050481,0.0149274119495185,0,0,"WC"
"Sproat Lake","Sockeye",2003,21883,223545.6125,0,0,0,0,0,0.0796051729653155,0.381117762646803,0.378375908239272,0,0,0.0277841246629804,0.114472421514418,0.0186446099712105,0,0,0,0,0,0,0,0,0,0,-2.32390539633339,102,49.24,-124.8,1,0,0.839098843851391,0.160901156148609,0,0,"WC"
"Sproat Lake","Sockeye",2004,114009,213021.382,0,0,0,0,0,0.16937259339175,0.472410072888982,0.293968020068591,0,0,0.0211913094580252,0.0421370242700138,0.000920979922637686,0,0,0,0,0,0,0,0,0,0,-0.625115153000979,102,49.24,-124.8,1,0,0.935750686349323,0.0642493136506767,0,0,"WC"
"Sproat Lake","Sockeye",2005,333893,172961.8927,0,0,0,0,0,0.14704111796294,0.458389364257412,0.189434938737859,0,0,0.0259424426388094,0.103982413527687,0.0752097228752924,0,0,0,0,0,0,0,0,0,0,0.657749285545643,102,49.24,-124.8,1,0,0.794865420958211,0.205134579041789,0,0,"WC"
"Sproat Lake","Sockeye",2006,885639,135492.6206,0,0,0,0,0,0.0454711231099805,0.709600638634929,0.195218367754808,0,0,0.00108396310460583,0.0381385643586156,0.0104873430370614,0,0,0,0,0,0,0,0,0,0,1.87739224004504,102,49.24,-124.8,1,0,0.950290129499717,0.0497098705002828,0,0,"WC"
"Sproat Lake","Sockeye",2007,811356,67716.87403,0,0,0,0,0,0.210154358875759,0.502473636726665,0.244377314027381,0,0,0.0123016283850739,0.0238896366083446,0.00680342537677666,0,0,0,0,0,0,0,0,0,0,2.4833715260595,102,49.24,-124.8,1,0,0.957005309629805,0.0429946903701951,0,0,"WC"
"Sproat Lake","Sockeye",2008,271242,59588.56228,0,0,0,0,0,0.193078505541177,0.598590926183998,0.160425007926501,0,0,0.0123358476932039,0.0313852574453809,0.0041844552097389,0,0,0,0,0,0,0,0,0,0,1.51554776373128,102,49.24,-124.8,1,0,0.952094439651676,0.0479055603483236,0,0,"WC"
"Sproat Lake","Sockeye",2009,304274,203858.4043,0,0,0,0,0,0.114561217849701,0.382806286439196,0.441312764153362,0,0,0.0092350973136055,0.0442758829213143,0.00780875132282088,0,0,0,0,0,0,0,0,0,0,0.400502954975479,102,49.24,-124.8,1,0,0.938680268442259,0.0613197315577407,0,0,"WC"
"Sproat Lake","Sockeye",2010,1046784,255339.0849,0,0,0,0,0,0.336833577891905,0.420891989178283,0.173114033076547,0,0,0.0127886937515285,0.0473192177182685,0.00905248838346784,0,0,0,0,0,0,0,0,0,0,1.41088547932527,102,49.24,-124.8,1,0,0.930839600146735,0.0691603998532649,0,0,"WC"
"Sproat Lake","Sockeye",2011,1456289,431213.3766,0,0,0,0,0,0.154951386709643,0.554163356311831,0.274005365693211,0,0,0.00102864197971694,0.00966429053573844,0.00618695876985955,0,0,0,0,0,0,0,0,0,0,1.21704365715803,102,49.24,-124.8,1,0,0.983120108714685,0.0168798912853149,0,0,"WC"
"Sproat Lake","Sockeye",2012,265560,147440.4759,0,0,0,0,0,0.0628445549028468,0.304963096851936,0.56626374453984,0,0,0.00880403675252297,0.0377617111010694,0.0193628558517849,0,0,0,0,0,0,0,0,0,0,0.588416262740938,102,49.24,-124.8,1,0,0.934071396294623,0.0659286037053773,0,0,"WC"
"Sproat Lake","Sockeye",2013,74647,66687.66638,0,0,0,0,0,0.263413131137219,0.368440794673597,0.134821225233432,0,0,0.095676986349083,0.109944137071818,0.0277037255348507,0,0,0,0,0,0,0,0,0,0,0.112750311656599,102,49.24,-124.8,1,0,0.766675151044248,0.233324848955752,0,0,"WC"
"Sproat Lake","Sockeye",2014,420194,66297.57875,0,0,0,0,0,0.358236909617938,0.448714165361714,0.173179531359325,0,0,0.00859126974683123,0.00960508717401962,0.0016730367401724,0,0,0,0,0,0,0,0,0,0,1.84656313247704,102,49.24,-124.8,1,0,0.980130606338977,0.0198693936610232,0,0,"WC"
"Sproat Lake","Sockeye",2015,103508,417774.43,0,0,0,0,0,0.0821675619275805,0.48830042122348,0.114358310468756,0,0,0.0233122077520578,0.156007265138926,0.135854233489199,0,0,0,0,0,0,0,0,0,0,-1.39529274131341,102,49.24,-124.8,1,0,0.684826293619817,0.315173706380183,0,0,"WC"
"Canoona","Sockeye",1975,3675,600,0,0,0,0,0,0,0,0,0,0,0,0,0,0,0,0,0,0,0,0,0,0,0,1.81237875643079,62,53.08,-128.555,0,0,0.841538461538462,0.158461538461538,0,0,"WC"
"Canoona","Sockeye",1976,2467,600,0,0,0,0,0,0,0,0,0,0,0,0,0,0,0,0,0,0,0,0,0,0,0,1.41382846131321,62,53.08,-128.555,0,0,0.841538461538462,0.158461538461538,0,0,"WC"
"Canoona","Sockeye",1977,1297,200,0,0,0,0,0,0,0,0,0,0,0,0,0,0,0,0,0,0,0,0,0,0,0,1.86949181776841,62,53.08,-128.555,0,0,0.841538461538462,0.158461538461538,0,0,"WC"
"Canoona","Sockeye",1978,3419,600,0,0,0,0,0,0,0,0,0,0,0,0,0,0,0,0,0,0,0,0,0,0,0,1.74017373442315,62,53.08,-128.555,0,0,0.841538461538462,0.158461538461538,0,0,"WC"
"Canoona","Sockeye",1979,4113,1000,0,0,0,0,0,0,0,0,0,0,0,0,0,0,0,0,0,0,0,0,0,0,0,1.41415268924829,62,53.08,-128.555,0,0,0.841538461538462,0.158461538461538,0,0,"WC"
"Canoona","Sockeye",1980,2695,1000,0,0,0,0,0,0,0,0,0,0,0,0,0,0,0,0,0,0,0,0,0,0,0,0.99139820436096,62,53.08,-128.555,0,0,0.841538461538462,0.158461538461538,0,0,"WC"
"Canoona","Sockeye",1981,3925,150,0,0,0,0,0,0,0,0,0,0,0,0,0,0,0,0,0,0,0,0,0,0,0,3.26448633612025,62,53.08,-128.555,0,0,0.841538461538462,0.158461538461538,0,0,"WC"
"Canoona","Sockeye",1982,6870,1600,0,0,0,0,0,0,0,0,0,0,0,0,0,0,0,0,0,0,0,0,0,0,0,1.45716047698852,62,53.08,-128.555,0,0,0.841538461538462,0.158461538461538,0,0,"WC"
"Canoona","Sockeye",1983,9953,1800,0,0,0,0,0,0,0,0,0,0,0,0,0,0,0,0,0,0,0,0,0,0,0,1.71008734836181,62,53.08,-128.555,0,0,0.841538461538462,0.158461538461538,0,0,"WC"
"Canoona","Sockeye",1984,13750,2000,0,0,0,0,0,0,0,0,0,0,0,0,0,0,0,0,0,0,0,0,0,0,0,1.92789164355263,62,53.08,-128.555,0,0,0.841538461538462,0.158461538461538,0,0,"WC"
"Canoona","Sockeye",1985,4865,1800,0,0,0,0,0,0,0,0,0,0,0,0,0,0,0,0,0,0,0,0,0,0,0,0.994280050735849,62,53.08,-128.555,0,0,0.841538461538462,0.158461538461538,0,0,"WC"
"Canoona","Sockeye",1986,3870,3600,0,0,0,0,0,0,0,0,0,0,0,0,0,0,0,0,0,0,0,0,0,0,0,0.0723206615796261,62,53.08,-128.555,0,0,0.841538461538462,0.158461538461538,0,0,"WC"
"Canoona","Sockeye",1987,5068,4800,0,0,0,0,0,0,0,0,0,0,0,0,0,0,0,0,0,0,0,0,0,0,0,0.0543303445450474,62,53.08,-128.555,0,0,0.841538461538462,0.158461538461538,0,0,"WC"
"Canoona","Sockeye",1988,4924,5800,0,0,0,0,0,0,0,0,0,0,0,0,0,0,0,0,0,0,0,0,0,0,0,-0.163736709230167,62,53.08,-128.555,0,0,0.841538461538462,0.158461538461538,0,0,"WC"
"Canoona","Sockeye",1989,5054,4000,0,0,0,0,0,0,0,0,0,0,0,0,0,0,0,0,0,0,0,0,0,0,0,0.233885647846112,62,53.08,-128.555,0,0,0.841538461538462,0.158461538461538,0,0,"WC"
"Canoona","Sockeye",1990,6595,1300,0,0,0,0,0,0,0,0,0,0,0,0,0,0,0,0,0,0,0,0,0,0,0,1.62394752170179,62,53.08,-128.555,0,0,0.841538461538462,0.158461538461538,0,0,"WC"
"Canoona","Sockeye",1991,2887,3800,0,0,0,0,0,0,0,0,0,0,0,0,0,0,0,0,0,0,0,0,0,0,0,-0.274783166051542,62,53.08,-128.555,0,0,0.841538461538462,0.158461538461538,0,0,"WC"
"Canoona","Sockeye",1992,6198,3600,0,0,0,0,0,0,0,0,0,0,0,0,0,0,0,0,0,0,0,0,0,0,0,0.543292813903492,62,53.08,-128.555,0,0,0.841538461538462,0.158461538461538,0,0,"WC"
"Canoona","Sockeye",1993,5778,4000,0,0,0,0,0,0,0,0,0,0,0,0,0,0,0,0,0,0,0,0,0,0,0,0.367763240924153,62,53.08,-128.555,0,0,0.841538461538462,0.158461538461538,0,0,"WC"
"Canoona","Sockeye",1994,4771,5800,0,0,0,0,0,0,0,0,0,0,0,0,0,0,0,0,0,0,0,0,0,0,0,-0.195301991018404,62,53.08,-128.555,0,0,0.841538461538462,0.158461538461538,0,0,"WC"
"Canoona","Sockeye",1995,2008,1400,0,0,0,0,0,0,0,0,0,0,0,0,0,0,0,0,0,0,0,0,0,0,0,0.36066696520827,62,53.08,-128.555,0,0,0.841538461538462,0.158461538461538,0,0,"WC"
"Canoona","Sockeye",1996,3917,5200,0,0,0,0,0,0,0,0,0,0,0,0,0,0,0,0,0,0,0,0,0,0,0,-0.283332570903687,62,53.08,-128.555,0,0,0.841538461538462,0.158461538461538,0,0,"WC"
"Canoona","Sockeye",1997,2579,5000,0,0,0,0,0,0,0,0,0,0,0,0,0,0,0,0,0,0,0,0,0,0,0,-0.662036185534893,62,53.08,-128.555,0,0,0.841538461538462,0.158461538461538,0,0,"WC"
"Canoona","Sockeye",1998,4952,3600,0,0,0,0,0,0,0,0,0,0,0,0,0,0,0,0,0,0,0,0,0,0,0,0.318857689920231,62,53.08,-128.555,0,0,0.841538461538462,0.158461538461538,0,0,"WC"
"Canoona","Sockeye",1999,10791,1000,0,0,0,0,0,0,0,0,0,0,0,0,0,0,0,0,0,0,0,0,0,0,0,2.3787124533816,62,53.08,-128.555,0,0,0.841538461538462,0.158461538461538,0,0,"WC"
"Canoona","Sockeye",2000,9052,3000,0,0,0,0,0,0,0,0,0,0,0,0,0,0,0,0,0,0,0,0,0,0,0,1.10437343910318,62,53.08,-128.555,0,0,0.841538461538462,0.158461538461538,0,0,"WC"
"Canoona","Sockeye",2004,11151,8000,0,0,0,0,0,0,0,0,0,0,0,0,0,0,0,0,0,0,0,0,0,0,0,0.332087638303389,62,53.08,-128.555,0,0,0.841538461538462,0.158461538461538,0,0,"WC"
"Canoona","Sockeye",2005,9495,5000,0,0,0,0,0,0,0,0,0,0,0,0,0,0,0,0,0,0,0,0,0,0,0,0.641327431830149,62,53.08,-128.555,0,0,0.841538461538462,0.158461538461538,0,0,"WC"
"Canoona","Sockeye",2006,5656,9250,0,0,0,0,0,0,0,0,0,0,0,0,0,0,0,0,0,0,0,0,0,0,0,-0.491906622930062,62,53.08,-128.555,0,0,0.841538461538462,0.158461538461538,0,0,"WC"
"Canoona","Sockeye",2008,6782,12000,0,0,0,0,0,0,0,0,0,0,0,0,0,0,0,0,0,0,0,0,0,0,0,-0.570634606084553,62,53.08,-128.555,0,0,0.841538461538462,0.158461538461538,0,0,"WC"
"Canoona","Sockeye",2014,1320,2200,0,0,0,0,0,0,0,0,0,0,0,0,0,0,0,0,0,0,0,0,0,0,0,-0.510825623765991,62,53.08,-128.555,0,0,0.841538461538462,0.158461538461538,0,0,"WC"
"Skidegate","Sockeye",1956,36214,30000,0,0,0,0,0,0,0,0,0,0,0,0,0,0,0,0,0,0,0,0,0,0,0,0.188248402736296,75,53.167,-131.789,0,0,0.841538461538462,0.158461538461538,0,0,"WC"
"Skidegate","Sockeye",1957,47357,70000,0,0,0,0,0,0,0,0,0,0,0,0,0,0,0,0,0,0,0,0,0,0,0,-0.390780598074557,75,53.167,-131.789,0,0,0.841538461538462,0.158461538461538,0,0,"WC"
"Skidegate","Sockeye",1958,83321,30000,0,0,0,0,0,0,0,0,0,0,0,0,0,0,0,0,0,0,0,0,0,0,0,1.0215032365789,75,53.167,-131.789,0,0,0.841538461538462,0.158461538461538,0,0,"WC"
"Skidegate","Sockeye",1960,41250,30000,0,0,0,0,0,0,0,0,0,0,0,0,0,0,0,0,0,0,0,0,0,0,0,0.318453731118535,75,53.167,-131.789,0,0,0.841538461538462,0.158461538461538,0,0,"WC"
"Skidegate","Sockeye",1961,52036,30000,0,0,0,0,0,0,0,0,0,0,0,0,0,0,0,0,0,0,0,0,0,0,0,0.550738405077157,75,53.167,-131.789,0,0,0.841538461538462,0.158461538461538,0,0,"WC"
"Skidegate","Sockeye",1962,55664,70000,0,0,0,0,0,0,0,0,0,0,0,0,0,0,0,0,0,0,0,0,0,0,0,-0.229161623639773,75,53.167,-131.789,0,0,0.841538461538462,0.158461538461538,0,0,"WC"
"Skidegate","Sockeye",1963,42450,60000,0,0,0,0,0,0,0,0,0,0,0,0,0,0,0,0,0,0,0,0,0,0,0,-0.346017649464744,75,53.167,-131.789,0,0,0.841538461538462,0.158461538461538,0,0,"WC"
"Skidegate","Sockeye",1964,85529,30000,0,0,0,0,0,0,0,0,0,0,0,0,0,0,0,0,0,0,0,0,0,0,0,1.04765811805814,75,53.167,-131.789,0,0,0.841538461538462,0.158461538461538,0,0,"WC"
"Skidegate","Sockeye",1965,80107,40000,0,0,0,0,0,0,0,0,0,0,0,0,0,0,0,0,0,0,0,0,0,0,0,0.694483786903575,75,53.167,-131.789,0,0,0.841538461538462,0.158461538461538,0,0,"WC"
"Skidegate","Sockeye",1966,51286,50000,0,0,0,0,0,0,0,0,0,0,0,0,0,0,0,0,0,0,0,0,0,0,0,0.025394805019942,75,53.167,-131.789,0,0,0.841538461538462,0.158461538461538,0,0,"WC"
"Skidegate","Sockeye",1967,41621,24000,0,0,0,0,0,0,0,0,0,0,0,0,0,0,0,0,0,0,0,0,0,0,0,0.550551017239041,75,53.167,-131.789,0,0,0.841538461538462,0.158461538461538,0,0,"WC"
"Skidegate","Sockeye",1968,12407,70000,0,0,0,0,0,0,0,0,0,0,0,0,0,0,0,0,0,0,0,0,0,0,0,-1.73023441258862,75,53.167,-131.789,0,0,0.841538461538462,0.158461538461538,0,0,"WC"
"Skidegate","Sockeye",1969,23414,70000,0,0,0,0,0,0,0,0,0,0,0,0,0,0,0,0,0,0,0,0,0,0,0,-1.09516110799188,75,53.167,-131.789,0,0,0.841538461538462,0.158461538461538,0,0,"WC"
"Skidegate","Sockeye",1970,24854,40000,0,0,0,0,0,0,0,0,0,0,0,0,0,0,0,0,0,0,0,0,0,0,0,-0.475860748730134,75,53.167,-131.789,0,0,0.841538461538462,0.158461538461538,0,0,"WC"
"Skidegate","Sockeye",1971,39732,40000,0,0,0,0,0,0,0,0,0,0,0,0,0,0,0,0,0,0,0,0,0,0,0,-0.00672254576082681,75,53.167,-131.789,0,0,0.841538461538462,0.158461538461538,0,0,"WC"
"Skidegate","Sockeye",1972,27564,6000,0,0,0,0,0,0,0,0,0,0,0,0,0,0,0,0,0,0,0,0,0,0,0,1.52475110426691,75,53.167,-131.789,0,0,0.841538461538462,0.158461538461538,0,0,"WC"
"Skidegate","Sockeye",1973,23114,20000,0,0,0,0,0,0,0,0,0,0,0,0,0,0,0,0,0,0,0,0,0,0,0,0.144706220999259,75,53.167,-131.789,0,0,0.841538461538462,0.158461538461538,0,0,"WC"
"Skidegate","Sockeye",1974,14850,16000,0,0,0,0,0,0,0,0,0,0,0,0,0,0,0,0,0,0,0,0,0,0,0,-0.0745888569910726,75,53.167,-131.789,0,0,0.841538461538462,0.158461538461538,0,0,"WC"
"Skidegate","Sockeye",1975,12408,35000,0,0,0,0,0,0,0,0,0,0,0,0,0,0,0,0,0,0,0,0,0,0,0,-1.03700663561518,75,53.167,-131.789,0,0,0.841538461538462,0.158461538461538,0,0,"WC"
"Skidegate","Sockeye",1976,10330,22000,0,0,0,0,0,0,0,0,0,0,0,0,0,0,0,0,0,0,0,0,0,0,0,-0.755990170226769,75,53.167,-131.789,0,0,0.841538461538462,0.158461538461538,0,0,"WC"
"Skidegate","Sockeye",1977,4758,20000,0,0,0,0,0,0,0,0,0,0,0,0,0,0,0,0,0,0,0,0,0,0,0,-1.43590486167323,75,53.167,-131.789,0,0,0.841538461538462,0.158461538461538,0,0,"WC"
"Skidegate","Sockeye",1978,6132,12000,0,0,0,0,0,0,0,0,0,0,0,0,0,0,0,0,0,0,0,0,0,0,0,-0.671385688778433,75,53.167,-131.789,0,0,0.841538461538462,0.158461538461538,0,0,"WC"
"Skidegate","Sockeye",1979,20390,10000,0,0,0,0,0,0,0,0,0,0,0,0,0,0,0,0,0,0,0,0,0,0,0,0.712459491592318,75,53.167,-131.789,0,0,0.841538461538462,0.158461538461538,0,0,"WC"
"Skidegate","Sockeye",1980,28771,9280,0,0,0,0,0,0,0,0,0,0,0,0,0,0,0,0,0,0,0,0,0,0,0,1.13150638859021,75,53.167,-131.789,0,0,0.841538461538462,0.158461538461538,0,0,"WC"
"Skidegate","Sockeye",1981,36921,4000,0,0,0,0,0,0,0,0,0,0,0,0,0,0,0,0,0,0,0,0,0,0,0,2.22248613373842,75,53.167,-131.789,0,0,0.841538461538462,0.158461538461538,0,0,"WC"
"Skidegate","Sockeye",1982,13221,2100,0,0,0,0,0,0,0,0,0,0,0,0,0,0,0,0,0,0,0,0,0,0,0,1.83986912979858,75,53.167,-131.789,0,0,0.841538461538462,0.158461538461538,0,0,"WC"
"Skidegate","Sockeye",1983,31693,16000,0,0,0,0,0,0,0,0,0,0,0,0,0,0,0,0,0,0,0,0,0,0,0,0.683507114069812,75,53.167,-131.789,0,0,0.841538461538462,0.158461538461538,0,0,"WC"
"Skidegate","Sockeye",1984,35319,20000,0,0,0,0,0,0,0,0,0,0,0,0,0,0,0,0,0,0,0,0,0,0,0,0.568688789210178,75,53.167,-131.789,0,0,0.841538461538462,0.158461538461538,0,0,"WC"
"Skidegate","Sockeye",1985,10262,36000,0,0,0,0,0,0,0,0,0,0,0,0,0,0,0,0,0,0,0,0,0,0,0,-1.25507118593634,75,53.167,-131.789,0,0,0.841538461538462,0.158461538461538,0,0,"WC"
"Skidegate","Sockeye",1986,11369,6000,0,0,0,0,0,0,0,0,0,0,0,0,0,0,0,0,0,0,0,0,0,0,0,0.639130883918915,75,53.167,-131.789,0,0,0.841538461538462,0.158461538461538,0,0,"WC"
"Skidegate","Sockeye",1987,8766,24000,0,0,0,0,0,0,0,0,0,0,0,0,0,0,0,0,0,0,0,0,0,0,0,-1.00717322835133,75,53.167,-131.789,0,0,0.841538461538462,0.158461538461538,0,0,"WC"
"Skidegate","Sockeye",1988,15301,34000,0,0,0,0,0,0,0,0,0,0,0,0,0,0,0,0,0,0,0,0,0,0,0,-0.798442338876485,75,53.167,-131.789,0,0,0.841538461538462,0.158461538461538,0,0,"WC"
"Skidegate","Sockeye",1989,20980,6600,0,0,0,0,0,0,0,0,0,0,0,0,0,0,0,0,0,0,0,0,0,0,0,1.15649995393577,75,53.167,-131.789,0,0,0.841538461538462,0.158461538461538,0,0,"WC"
"Skidegate","Sockeye",1990,5306,10000,0,0,0,0,0,0,0,0,0,0,0,0,0,0,0,0,0,0,0,0,0,0,0,-0.633746837278498,75,53.167,-131.789,0,0,0.841538461538462,0.158461538461538,0,0,"WC"
"Skidegate","Sockeye",1991,10166,6000,0,0,0,0,0,0,0,0,0,0,0,0,0,0,0,0,0,0,0,0,0,0,0,0.527289349796656,75,53.167,-131.789,0,0,0.841538461538462,0.158461538461538,0,0,"WC"
"Skidegate","Sockeye",1992,35725,10440,0,0,0,0,0,0,0,0,0,0,0,0,0,0,0,0,0,0,0,0,0,0,0,1.23020614136144,75,53.167,-131.789,0,0,0.841538461538462,0.158461538461538,0,0,"WC"
"Skidegate","Sockeye",1993,29271,20346,0,0,0,0,0,0,0,0,0,0,0,0,0,0,0,0,0,0,0,0,0,0,0,0.363712932422366,75,53.167,-131.789,0,0,0.841538461538462,0.158461538461538,0,0,"WC"
"Skidegate","Sockeye",1994,28968,4000,0,0,0,0,0,0,0,0,0,0,0,0,0,0,0,0,0,0,0,0,0,0,0,1.97989741134345,75,53.167,-131.789,0,0,0.841538461538462,0.158461538461538,0,0,"WC"
"Skidegate","Sockeye",1995,23323,2400,0,0,0,0,0,0,0,0,0,0,0,0,0,0,0,0,0,0,0,0,0,0,0,2.27397126079431,75,53.167,-131.789,0,0,0.841538461538462,0.158461538461538,0,0,"WC"
"Skidegate","Sockeye",1996,16057,31200,0,0,0,0,0,0,0,0,0,0,0,0,0,0,0,0,0,0,0,0,0,0,0,-0.664273203247889,75,53.167,-131.789,0,0,0.841538461538462,0.158461538461538,0,0,"WC"
"Skidegate","Sockeye",1997,15686,22920,0,0,0,0,0,0,0,0,0,0,0,0,0,0,0,0,0,0,0,0,0,0,0,-0.379241297056064,75,53.167,-131.789,0,0,0.841538461538462,0.158461538461538,0,0,"WC"
"Skidegate","Sockeye",1998,13587,24000,0,0,0,0,0,0,0,0,0,0,0,0,0,0,0,0,0,0,0,0,0,0,0,-0.568940377105759,75,53.167,-131.789,0,0,0.841538461538462,0.158461538461538,0,0,"WC"
"Skidegate","Sockeye",1999,12965,20000,0,0,0,0,0,0,0,0,0,0,0,0,0,0,0,0,0,0,0,0,0,0,0,-0.433478854563363,75,53.167,-131.789,0,0,0.841538461538462,0.158461538461538,0,0,"WC"
"Skidegate","Sockeye",2000,12649,12500,0,0,0,0,0,0,0,0,0,0,0,0,0,0,0,0,0,0,0,0,0,0,0,0.0118495163571492,75,53.167,-131.789,0,0,0.841538461538462,0.158461538461538,0,0,"WC"
"Skidegate","Sockeye",2001,6633,12948,0,0,0,0,0,0,0,0,0,0,0,0,0,0,0,0,0,0,0,0,0,0,0,-0.668884145520579,75,53.167,-131.789,0,0,0.841538461538462,0.158461538461538,0,0,"WC"
"Skidegate","Sockeye",2002,10603,11000,0,0,0,0,0,0,0,0,0,0,0,0,0,0,0,0,0,0,0,0,0,0,0,-0.0367582928547094,75,53.167,-131.789,0,0,0.841538461538462,0.158461538461538,0,0,"WC"
"Skidegate","Sockeye",2003,7348,10000,0,0,0,0,0,0,0,0,0,0,0,0,0,0,0,0,0,0,0,0,0,0,0,-0.308156925641166,75,53.167,-131.789,0,0,0.841538461538462,0.158461538461538,0,0,"WC"
"Skidegate","Sockeye",2004,11426,11712,0,0,0,0,0,0,0,0,0,0,0,0,0,0,0,0,0,0,0,0,0,0,0,-0.024722496916685,75,53.167,-131.789,0,0,0.841538461538462,0.158461538461538,0,0,"WC"
"Skidegate","Sockeye",2005,17679,3932,0,0,0,0,0,0,0,0,0,0,0,0,0,0,0,0,0,0,0,0,0,0,0,1.50322929223897,75,53.167,-131.789,0,0,0.841538461538462,0.158461538461538,0,0,"WC"
"Skidegate","Sockeye",2006,25397,9549,0,0,0,0,0,0,0,0,0,0,0,0,0,0,0,0,0,0,0,0,0,0,0,0.978194619844642,75,53.167,-131.789,0,0,0.841538461538462,0.158461538461538,0,0,"WC"
"Skidegate","Sockeye",2007,33258,5116,0,0,0,0,0,0,0,0,0,0,0,0,0,0,0,0,0,0,0,0,0,0,0,1.87192245594913,75,53.167,-131.789,0,0,0.841538461538462,0.158461538461538,0,0,"WC"
"Skidegate","Sockeye",2008,13280,8212,0,0,0,0,0,0,0,0,0,0,0,0,0,0,0,0,0,0,0,0,0,0,0,0.480662644891601,75,53.167,-131.789,0,0,0.841538461538462,0.158461538461538,0,0,"WC"
"Skidegate","Sockeye",2009,13664,13463,0,0,0,0,0,0,0,0,0,0,0,0,0,0,0,0,0,0,0,0,0,0,0,0.0148194550491162,75,53.167,-131.789,0,0,0.841538461538462,0.158461538461538,0,0,"WC"
"Skidegate","Sockeye",2010,24539,17825,0,0,0,0,0,0,0,0,0,0,0,0,0,0,0,0,0,0,0,0,0,0,0,0.319661722355859,75,53.167,-131.789,0,0,0.841538461538462,0.158461538461538,0,0,"WC"
"Skidegate","Sockeye",2011,28992,31226,0,0,0,0,0,0,0,0,0,0,0,0,0,0,0,0,0,0,0,0,0,0,0,-0.0742311512587597,75,53.167,-131.789,0,0,0.841538461538462,0.158461538461538,0,0,"WC"
"Skidegate","Sockeye",2012,18461,10122,0,0,0,0,0,0,0,0,0,0,0,0,0,0,0,0,0,0,0,0,0,0,0,0.600949125996546,75,53.167,-131.789,0,0,0.841538461538462,0.158461538461538,0,0,"WC"
"Skidegate","Sockeye",2013,15129,9000,0,0,0,0,0,0,0,0,0,0,0,0,0,0,0,0,0,0,0,0,0,0,0,0.519388854426479,75,53.167,-131.789,0,0,0.841538461538462,0.158461538461538,0,0,"WC"
"Skidegate","Sockeye",2014,15000,18600,0,0,0,0,0,0,0,0,0,0,0,0,0,0,0,0,0,0,0,0,0,0,0,-0.215111379616946,75,53.167,-131.789,0,0,0.841538461538462,0.158461538461538,0,0,"WC"
"Skidegate","Sockeye",2015,13891,25500,0,0,0,0,0,0,0,0,0,0,0,0,0,0,0,0,0,0,0,0,0,0,0,-0.607437303749128,75,53.167,-131.789,0,0,0.841538461538462,0.158461538461538,0,0,"WC"
"Evelyn","Sockeye",1954,16056,1500,0,0,0,0,0,0,0,0,0,0,0,0,0,0,0,0,0,0,0,0,0,0,0,2.37061750338587,63,53.56,-128.958,0,0,0.841538461538462,0.158461538461538,0,0,"WC"
"Evelyn","Sockeye",1955,4870,1500,0,0,0,0,0,0,0,0,0,0,0,0,0,0,0,0,0,0,0,0,0,0,0,1.17762882898633,63,53.56,-128.958,0,0,0.841538461538462,0.158461538461538,0,0,"WC"
"Evelyn","Sockeye",1956,725,1500,0,0,0,0,0,0,0,0,0,0,0,0,0,0,0,0,0,0,0,0,0,0,0,-0.727048732235627,63,53.56,-128.958,0,0,0.841538461538462,0.158461538461538,0,0,"WC"
"Evelyn","Sockeye",1957,3288,3000,0,0,0,0,0,0,0,0,0,0,0,0,0,0,0,0,0,0,0,0,0,0,0,0.0916671885258239,63,53.56,-128.958,0,0,0.841538461538462,0.158461538461538,0,0,"WC"
"Evelyn","Sockeye",1958,8598,7000,0,0,0,0,0,0,0,0,0,0,0,0,0,0,0,0,0,0,0,0,0,0,0,0.205619469018776,63,53.56,-128.958,0,0,0.841538461538462,0.158461538461538,0,0,"WC"
"Evelyn","Sockeye",1959,8802,3000,0,0,0,0,0,0,0,0,0,0,0,0,0,0,0,0,0,0,0,0,0,0,0,1.07636667972079,63,53.56,-128.958,0,0,0.841538461538462,0.158461538461538,0,0,"WC"
"Evelyn","Sockeye",1960,12251,50,0,0,0,0,0,0,0,0,0,0,0,0,0,0,0,0,0,0,0,0,0,0,0,5.50133983986602,63,53.56,-128.958,0,0,0.841538461538462,0.158461538461538,0,0,"WC"
"Evelyn","Sockeye",1961,6491,1500,0,0,0,0,0,0,0,0,0,0,0,0,0,0,0,0,0,0,0,0,0,0,0,1.46495149394317,63,53.56,-128.958,0,0,0.841538461538462,0.158461538461538,0,0,"WC"
"Evelyn","Sockeye",1962,2917,7000,0,0,0,0,0,0,0,0,0,0,0,0,0,0,0,0,0,0,0,0,0,0,0,-0.875354458169729,63,53.56,-128.958,0,0,0.841538461538462,0.158461538461538,0,0,"WC"
"Evelyn","Sockeye",1967,6494,3000,0,0,0,0,0,0,0,0,0,0,0,0,0,0,0,0,0,0,0,0,0,0,0,0.772266385012545,63,53.56,-128.958,0,0,0.841538461538462,0.158461538461538,0,0,"WC"
"Evelyn","Sockeye",1968,14027,1500,0,0,0,0,0,0,0,0,0,0,0,0,0,0,0,0,0,0,0,0,0,0,0,2.23551893562937,63,53.56,-128.958,0,0,0.841538461538462,0.158461538461538,0,0,"WC"
"Evelyn","Sockeye",1971,2091,3000,0,0,0,0,0,0,0,0,0,0,0,0,0,0,0,0,0,0,0,0,0,0,0,-0.360969868221613,63,53.56,-128.958,0,0,0.841538461538462,0.158461538461538,0,0,"WC"
"Evelyn","Sockeye",1972,1439,2400,0,0,0,0,0,0,0,0,0,0,0,0,0,0,0,0,0,0,0,0,0,0,0,-0.511520309448669,63,53.56,-128.958,0,0,0.841538461538462,0.158461538461538,0,0,"WC"
"Evelyn","Sockeye",1973,704,1600,0,0,0,0,0,0,0,0,0,0,0,0,0,0,0,0,0,0,0,0,0,0,0,-0.82098055206983,63,53.56,-128.958,0,0,0.841538461538462,0.158461538461538,0,0,"WC"
"Evelyn","Sockeye",1974,3739,2000,0,0,0,0,0,0,0,0,0,0,0,0,0,0,0,0,0,0,0,0,0,0,0,0.625671015435031,63,53.56,-128.958,0,0,0.841538461538462,0.158461538461538,0,0,"WC"
"Evelyn","Sockeye",1975,9452,1400,0,0,0,0,0,0,0,0,0,0,0,0,0,0,0,0,0,0,0,0,0,0,0,1.90975412270345,63,53.56,-128.958,0,0,0.841538461538462,0.158461538461538,0,0,"WC"
"Evelyn","Sockeye",1976,1892,1000,0,0,0,0,0,0,0,0,0,0,0,0,0,0,0,0,0,0,0,0,0,0,0,0.637634470629686,63,53.56,-128.958,0,0,0.841538461538462,0.158461538461538,0,0,"WC"
"Evelyn","Sockeye",1977,4909,200,0,0,0,0,0,0,0,0,0,0,0,0,0,0,0,0,0,0,0,0,0,0,0,3.20050816751002,63,53.56,-128.958,0,0,0.841538461538462,0.158461538461538,0,0,"WC"
"Evelyn","Sockeye",1978,1821,600,0,0,0,0,0,0,0,0,0,0,0,0,0,0,0,0,0,0,0,0,0,0,0,1.11021142451146,63,53.56,-128.958,0,0,0.841538461538462,0.158461538461538,0,0,"WC"
"Evelyn","Sockeye",1979,999,3000,0,0,0,0,0,0,0,0,0,0,0,0,0,0,0,0,0,0,0,0,0,0,0,-1.09961278900169,63,53.56,-128.958,0,0,0.841538461538462,0.158461538461538,0,0,"WC"
"Evelyn","Sockeye",1980,871,100,0,0,0,0,0,0,0,0,0,0,0,0,0,0,0,0,0,0,0,0,0,0,0,2.16447179086441,63,53.56,-128.958,0,0,0.841538461538462,0.158461538461538,0,0,"WC"
"Evelyn","Sockeye",1981,1384,1200,0,0,0,0,0,0,0,0,0,0,0,0,0,0,0,0,0,0,0,0,0,0,0,0.142656300401523,63,53.56,-128.958,0,0,0.841538461538462,0.158461538461538,0,0,"WC"
"Evelyn","Sockeye",1982,933,800,0,0,0,0,0,0,0,0,0,0,0,0,0,0,0,0,0,0,0,0,0,0,0,0.153793473179417,63,53.56,-128.958,0,0,0.841538461538462,0.158461538461538,0,0,"WC"
"Evelyn","Sockeye",1983,812,400,0,0,0,0,0,0,0,0,0,0,0,0,0,0,0,0,0,0,0,0,0,0,0,0.708035793053696,63,53.56,-128.958,0,0,0.841538461538462,0.158461538461538,0,0,"WC"
"Evelyn","Sockeye",1984,942,600,0,0,0,0,0,0,0,0,0,0,0,0,0,0,0,0,0,0,0,0,0,0,0,0.451075619360217,63,53.56,-128.958,0,0,0.841538461538462,0.158461538461538,0,0,"WC"
"Evelyn","Sockeye",1989,644,200,0,0,0,0,0,0,0,0,0,0,0,0,0,0,0,0,0,0,0,0,0,0,0,1.16938135955632,63,53.56,-128.958,0,0,0.841538461538462,0.158461538461538,0,0,"WC"
"Evelyn","Sockeye",1990,640,500,0,0,0,0,0,0,0,0,0,0,0,0,0,0,0,0,0,0,0,0,0,0,0,0.246860077931526,63,53.56,-128.958,0,0,0.841538461538462,0.158461538461538,0,0,"WC"
"Evelyn","Sockeye",1993,352,600,0,0,0,0,0,0,0,0,0,0,0,0,0,0,0,0,0,0,0,0,0,0,0,-0.533298479618049,63,53.56,-128.958,0,0,0.841538461538462,0.158461538461538,0,0,"WC"
"Evelyn","Sockeye",1994,1177,556,0,0,0,0,0,0,0,0,0,0,0,0,0,0,0,0,0,0,0,0,0,0,0,0.749955813009694,63,53.56,-128.958,0,0,0.841538461538462,0.158461538461538,0,0,"WC"
"Evelyn","Sockeye",1995,1166,104,0,0,0,0,0,0,0,0,0,0,0,0,0,0,0,0,0,0,0,0,0,0,0,2.41694346776907,63,53.56,-128.958,0,0,0.841538461538462,0.158461538461538,0,0,"WC"
"Evelyn","Sockeye",1996,1342,260,0,0,0,0,0,0,0,0,0,0,0,0,0,0,0,0,0,0,0,0,0,0,0,1.6412346865161,63,53.56,-128.958,0,0,0.841538461538462,0.158461538461538,0,0,"WC"
"Evelyn","Sockeye",1997,3299,140,0,0,0,0,0,0,0,0,0,0,0,0,0,0,0,0,0,0,0,0,0,0,0,3.15973224861928,63,53.56,-128.958,0,0,0.841538461538462,0.158461538461538,0,0,"WC"
"Evelyn","Sockeye",1998,3478,820,0,0,0,0,0,0,0,0,0,0,0,0,0,0,0,0,0,0,0,0,0,0,0,1.44490835465593,63,53.56,-128.958,0,0,0.841538461538462,0.158461538461538,0,0,"WC"
"Evelyn","Sockeye",1999,3462,1000,0,0,0,0,0,0,0,0,0,0,0,0,0,0,0,0,0,0,0,0,0,0,0,1.24184645675402,63,53.56,-128.958,0,0,0.841538461538462,0.158461538461538,0,0,"WC"
"Evelyn","Sockeye",2000,2518,600,0,0,0,0,0,0,0,0,0,0,0,0,0,0,0,0,0,0,0,0,0,0,0,1.43429055938815,63,53.56,-128.958,0,0,0.841538461538462,0.158461538461538,0,0,"WC"
"Evelyn","Sockeye",2001,3821,2200,0,0,0,0,0,0,0,0,0,0,0,0,0,0,0,0,0,0,0,0,0,0,0,0.552054808100493,63,53.56,-128.958,0,0,0.841538461538462,0.158461538461538,0,0,"WC"
"Evelyn","Sockeye",2002,1800,2400,0,0,0,0,0,0,0,0,0,0,0,0,0,0,0,0,0,0,0,0,0,0,0,-0.287682072451781,63,53.56,-128.958,0,0,0.841538461538462,0.158461538461538,0,0,"WC"
"Evelyn","Sockeye",2003,3430,1740,0,0,0,0,0,0,0,0,0,0,0,0,0,0,0,0,0,0,0,0,0,0,0,0.678675147951411,63,53.56,-128.958,0,0,0.841538461538462,0.158461538461538,0,0,"WC"
"Evelyn","Sockeye",2004,2092,1800,0,0,0,0,0,0,0,0,0,0,0,0,0,0,0,0,0,0,0,0,0,0,0,0.150333881300557,63,53.56,-128.958,0,0,0.841538461538462,0.158461538461538,0,0,"WC"
"Evelyn","Sockeye",2005,3551,2500,0,0,0,0,0,0,0,0,0,0,0,0,0,0,0,0,0,0,0,0,0,0,0,0.350938522086796,63,53.56,-128.958,0,0,0.841538461538462,0.158461538461538,0,0,"WC"
"Evelyn","Sockeye",2006,1278,1100,0,0,0,0,0,0,0,0,0,0,0,0,0,0,0,0,0,0,0,0,0,0,0,0.149986176151018,63,53.56,-128.958,0,0,0.841538461538462,0.158461538461538,0,0,"WC"
"Evelyn","Sockeye",2007,2557,3000,0,0,0,0,0,0,0,0,0,0,0,0,0,0,0,0,0,0,0,0,0,0,0,-0.15977759235906,63,53.56,-128.958,0,0,0.841538461538462,0.158461538461538,0,0,"WC"
"Evelyn","Sockeye",2008,2487,1460,0,0,0,0,0,0,0,0,0,0,0,0,0,0,0,0,0,0,0,0,0,0,0,0.532640729101023,63,53.56,-128.958,0,0,0.841538461538462,0.158461538461538,0,0,"WC"
"Evelyn","Sockeye",2009,3665,2760,0,0,0,0,0,0,0,0,0,0,0,0,0,0,0,0,0,0,0,0,0,0,0,0.283597655609556,63,53.56,-128.958,0,0,0.841538461538462,0.158461538461538,0,0,"WC"
"Evelyn","Sockeye",2010,2710,700,0,0,0,0,0,0,0,0,0,0,0,0,0,0,0,0,0,0,0,0,0,0,0,1.35362357883034,63,53.56,-128.958,0,0,0.841538461538462,0.158461538461538,0,0,"WC"
"Evelyn","Sockeye",2011,1725,2080,0,0,0,0,0,0,0,0,0,0,0,0,0,0,0,0,0,0,0,0,0,0,0,-0.187140843229903,63,53.56,-128.958,0,0,0.841538461538462,0.158461538461538,0,0,"WC"
"Evelyn","Sockeye",2012,1851,2150,0,0,0,0,0,0,0,0,0,0,0,0,0,0,0,0,0,0,0,0,0,0,0,-0.149741808548211,63,53.56,-128.958,0,0,0.841538461538462,0.158461538461538,0,0,"WC"
"Evelyn","Sockeye",2013,3093,3600,0,0,0,0,0,0,0,0,0,0,0,0,0,0,0,0,0,0,0,0,0,0,0,-0.151792351759132,63,53.56,-128.958,0,0,0.841538461538462,0.158461538461538,0,0,"WC"
"Evelyn","Sockeye",2014,969,1840,0,0,0,0,0,0,0,0,0,0,0,0,0,0,0,0,0,0,0,0,0,0,0,-0.641256238712265,63,53.56,-128.958,0,0,0.841538461538462,0.158461538461538,0,0,"WC"
"Awun","Sockeye",1957,1381,800,0,0,0,0,0,0,0,0,0,0,0,0,0,0,0,0,0,0,0,0,0,0,0,0.545951425741365,73,53.665,-132.523,0,0,0.841538461538462,0.158461538461538,0,0,"WC"
"Awun","Sockeye",1959,2133,1500,0,0,0,0,0,0,0,0,0,0,0,0,0,0,0,0,0,0,0,0,0,0,0,0.352064331381049,73,53.665,-132.523,0,0,0.841538461538462,0.158461538461538,0,0,"WC"
"Awun","Sockeye",1961,1007,800,0,0,0,0,0,0,0,0,0,0,0,0,0,0,0,0,0,0,0,0,0,0,0,0.230119165050635,73,53.665,-132.523,0,0,0.841538461538462,0.158461538461538,0,0,"WC"
"Awun","Sockeye",1962,931,3000,0,0,0,0,0,0,0,0,0,0,0,0,0,0,0,0,0,0,0,0,0,0,0,-1.17010829037318,73,53.665,-132.523,0,0,0.841538461538462,0.158461538461538,0,0,"WC"
"Awun","Sockeye",1963,706,1500,0,0,0,0,0,0,0,0,0,0,0,0,0,0,0,0,0,0,0,0,0,0,0,-0.753605149597059,73,53.665,-132.523,0,0,0.841538461538462,0.158461538461538,0,0,"WC"
"Awun","Sockeye",1964,3432,3000,0,0,0,0,0,0,0,0,0,0,0,0,0,0,0,0,0,0,0,0,0,0,0,0.134530892957606,73,53.665,-132.523,0,0,0.841538461538462,0.158461538461538,0,0,"WC"
"Awun","Sockeye",1968,3908,800,0,0,0,0,0,0,0,0,0,0,0,0,0,0,0,0,0,0,0,0,0,0,0,1.58616928549475,73,53.665,-132.523,0,0,0.841538461538462,0.158461538461538,0,0,"WC"
"Awun","Sockeye",1969,4805,15000,0,0,0,0,0,0,0,0,0,0,0,0,0,0,0,0,0,0,0,0,0,0,0,-1.13839315867995,73,53.665,-132.523,0,0,0.841538461538462,0.158461538461538,0,0,"WC"
"Awun","Sockeye",1972,2074,3000,0,0,0,0,0,0,0,0,0,0,0,0,0,0,0,0,0,0,0,0,0,0,0,-0.369133178860774,73,53.665,-132.523,0,0,0.841538461538462,0.158461538461538,0,0,"WC"
"Awun","Sockeye",1973,2526,4000,0,0,0,0,0,0,0,0,0,0,0,0,0,0,0,0,0,0,0,0,0,0,0,-0.459657337191591,73,53.665,-132.523,0,0,0.841538461538462,0.158461538461538,0,0,"WC"
"Awun","Sockeye",1974,3174,3000,0,0,0,0,0,0,0,0,0,0,0,0,0,0,0,0,0,0,0,0,0,0,0,0.0563803334361077,73,53.665,-132.523,0,0,0.841538461538462,0.158461538461538,0,0,"WC"
"Awun","Sockeye",1975,8634,2000,0,0,0,0,0,0,0,0,0,0,0,0,0,0,0,0,0,0,0,0,0,0,0,1.46256071657334,73,53.665,-132.523,0,0,0.841538461538462,0.158461538461538,0,0,"WC"
"Awun","Sockeye",1976,21022,1600,0,0,0,0,0,0,0,0,0,0,0,0,0,0,0,0,0,0,0,0,0,0,0,2.57556587915543,73,53.665,-132.523,0,0,0.841538461538462,0.158461538461538,0,0,"WC"
"Awun","Sockeye",1977,6138,2000,0,0,0,0,0,0,0,0,0,0,0,0,0,0,0,0,0,0,0,0,0,0,0,1.1213517756376,73,53.665,-132.523,0,0,0.841538461538462,0.158461538461538,0,0,"WC"
"Awun","Sockeye",1978,12128,2000,0,0,0,0,0,0,0,0,0,0,0,0,0,0,0,0,0,0,0,0,0,0,0,1.80236964834007,73,53.665,-132.523,0,0,0.841538461538462,0.158461538461538,0,0,"WC"
"Awun","Sockeye",1979,10613,5000,0,0,0,0,0,0,0,0,0,0,0,0,0,0,0,0,0,0,0,0,0,0,0,0.752641752345585,73,53.665,-132.523,0,0,0.841538461538462,0.158461538461538,0,0,"WC"
"Awun","Sockeye",1980,16942,19000,0,0,0,0,0,0,0,0,0,0,0,0,0,0,0,0,0,0,0,0,0,0,0,-0.114643233157081,73,53.665,-132.523,0,0,0.841538461538462,0.158461538461538,0,0,"WC"
"Awun","Sockeye",1981,39753,4000,0,0,0,0,0,0,0,0,0,0,0,0,0,0,0,0,0,0,0,0,0,0,0,2.29639094883072,73,53.665,-132.523,0,0,0.841538461538462,0.158461538461538,0,0,"WC"
"Awun","Sockeye",1982,9175,10000,0,0,0,0,0,0,0,0,0,0,0,0,0,0,0,0,0,0,0,0,0,0,0,-0.0861026990534117,73,53.665,-132.523,0,0,0.841538461538462,0.158461538461538,0,0,"WC"
"Awun","Sockeye",1983,4106,8000,0,0,0,0,0,0,0,0,0,0,0,0,0,0,0,0,0,0,0,0,0,0,0,-0.666992223083094,73,53.665,-132.523,0,0,0.841538461538462,0.158461538461538,0,0,"WC"
"Awun","Sockeye",1984,9412,10000,0,0,0,0,0,0,0,0,0,0,0,0,0,0,0,0,0,0,0,0,0,0,0,-0.0605996221289296,73,53.665,-132.523,0,0,0.841538461538462,0.158461538461538,0,0,"WC"
"Awun","Sockeye",1985,310,36000,0,0,0,0,0,0,0,0,0,0,0,0,0,0,0,0,0,0,0,0,0,0,0,-4.75470191995906,73,53.665,-132.523,0,0,0.841538461538462,0.158461538461538,0,0,"WC"
"Awun","Sockeye",1986,710,8000,0,0,0,0,0,0,0,0,0,0,0,0,0,0,0,0,0,0,0,0,0,0,0,-2.42193185062661,73,53.665,-132.523,0,0,0.841538461538462,0.158461538461538,0,0,"WC"
"Awun","Sockeye",1987,4112,2400,0,0,0,0,0,0,0,0,0,0,0,0,0,0,0,0,0,0,0,0,0,0,0,0.538440790798964,73,53.665,-132.523,0,0,0.841538461538462,0.158461538461538,0,0,"WC"
"Awun","Sockeye",1988,9783,8800,0,0,0,0,0,0,0,0,0,0,0,0,0,0,0,0,0,0,0,0,0,0,0,0.105894463991131,73,53.665,-132.523,0,0,0.841538461538462,0.158461538461538,0,0,"WC"
"Awun","Sockeye",1989,1546,200,0,0,0,0,0,0,0,0,0,0,0,0,0,0,0,0,0,0,0,0,0,0,0,2.04510886259933,73,53.665,-132.523,0,0,0.841538461538462,0.158461538461538,0,0,"WC"
"Awun","Sockeye",1990,3177,200,0,0,0,0,0,0,0,0,0,0,0,0,0,0,0,0,0,0,0,0,0,0,0,2.76537526772148,73,53.665,-132.523,0,0,0.841538461538462,0.158461538461538,0,0,"WC"
"Awun","Sockeye",1991,5160,2400,0,0,0,0,0,0,0,0,0,0,0,0,0,0,0,0,0,0,0,0,0,0,0,0.765467842139571,73,53.665,-132.523,0,0,0.841538461538462,0.158461538461538,0,0,"WC"
"Awun","Sockeye",1992,12997,9000,0,0,0,0,0,0,0,0,0,0,0,0,0,0,0,0,0,0,0,0,0,0,0,0.367493984263232,73,53.665,-132.523,0,0,0.841538461538462,0.158461538461538,0,0,"WC"
"Awun","Sockeye",1993,8950,1000,0,0,0,0,0,0,0,0,0,0,0,0,0,0,0,0,0,0,0,0,0,0,0,2.19165353228676,73,53.665,-132.523,0,0,0.841538461538462,0.158461538461538,0,0,"WC"
"Awun","Sockeye",1994,10005,2400,0,0,0,0,0,0,0,0,0,0,0,0,0,0,0,0,0,0,0,0,0,0,0,1.4276162306818,73,53.665,-132.523,0,0,0.841538461538462,0.158461538461538,0,0,"WC"
"Awun","Sockeye",1995,10116,3000,0,0,0,0,0,0,0,0,0,0,0,0,0,0,0,0,0,0,0,0,0,0,0,1.21550604013961,73,53.665,-132.523,0,0,0.841538461538462,0.158461538461538,0,0,"WC"
"Awun","Sockeye",1996,10047,11000,0,0,0,0,0,0,0,0,0,0,0,0,0,0,0,0,0,0,0,0,0,0,0,-0.0906211903181933,73,53.665,-132.523,0,0,0.841538461538462,0.158461538461538,0,0,"WC"
"Awun","Sockeye",1997,3876,7000,0,0,0,0,0,0,0,0,0,0,0,0,0,0,0,0,0,0,0,0,0,0,0,-0.591106455026793,73,53.665,-132.523,0,0,0.841538461538462,0.158461538461538,0,0,"WC"
"Awun","Sockeye",1998,11294,8000,0,0,0,0,0,0,0,0,0,0,0,0,0,0,0,0,0,0,0,0,0,0,0,0.344830069570809,73,53.665,-132.523,0,0,0.841538461538462,0.158461538461538,0,0,"WC"
"Awun","Sockeye",1999,7182,8000,0,0,0,0,0,0,0,0,0,0,0,0,0,0,0,0,0,0,0,0,0,0,0,-0.107863645875945,73,53.665,-132.523,0,0,0.841538461538462,0.158461538461538,0,0,"WC"
"Awun","Sockeye",2000,5711,9000,0,0,0,0,0,0,0,0,0,0,0,0,0,0,0,0,0,0,0,0,0,0,0,-0.454830437653494,73,53.665,-132.523,0,0,0.841538461538462,0.158461538461538,0,0,"WC"
"Awun","Sockeye",2001,11659,2000,0,0,0,0,0,0,0,0,0,0,0,0,0,0,0,0,0,0,0,0,0,0,0,1.76293123339121,73,53.665,-132.523,0,0,0.841538461538462,0.158461538461538,0,0,"WC"
"Awun","Sockeye",2002,26840,9600,0,0,0,0,0,0,0,0,0,0,0,0,0,0,0,0,0,0,0,0,0,0,0,1.02813021362969,73,53.665,-132.523,0,0,0.841538461538462,0.158461538461538,0,0,"WC"
"Awun","Sockeye",2003,8857,6000,0,0,0,0,0,0,0,0,0,0,0,0,0,0,0,0,0,0,0,0,0,0,0,0.389448637599391,73,53.665,-132.523,0,0,0.841538461538462,0.158461538461538,0,0,"WC"
"Awun","Sockeye",2004,9331,4000,0,0,0,0,0,0,0,0,0,0,0,0,0,0,0,0,0,0,0,0,0,0,0,0.847047829131994,73,53.665,-132.523,0,0,0.841538461538462,0.158461538461538,0,0,"WC"
"Awun","Sockeye",2005,13137,7000,0,0,0,0,0,0,0,0,0,0,0,0,0,0,0,0,0,0,0,0,0,0,0,0.629522527432058,73,53.665,-132.523,0,0,0.841538461538462,0.158461538461538,0,0,"WC"
"Awun","Sockeye",2006,16020,24000,0,0,0,0,0,0,0,0,0,0,0,0,0,0,0,0,0,0,0,0,0,0,0,-0.404215888707733,73,53.665,-132.523,0,0,0.841538461538462,0.158461538461538,0,0,"WC"
"Awun","Sockeye",2007,7335,7000,0,0,0,0,0,0,0,0,0,0,0,0,0,0,0,0,0,0,0,0,0,0,0,0.0467472625396317,73,53.665,-132.523,0,0,0.841538461538462,0.158461538461538,0,0,"WC"
"Awun","Sockeye",2008,6340,7000,0,0,0,0,0,0,0,0,0,0,0,0,0,0,0,0,0,0,0,0,0,0,0,-0.0990313806061788,73,53.665,-132.523,0,0,0.841538461538462,0.158461538461538,0,0,"WC"
"Awun","Sockeye",2009,8820,10000,0,0,0,0,0,0,0,0,0,0,0,0,0,0,0,0,0,0,0,0,0,0,0,-0.125563222975346,73,53.665,-132.523,0,0,0.841538461538462,0.158461538461538,0,0,"WC"
"Awun","Sockeye",2010,13131,14000,0,0,0,0,0,0,0,0,0,0,0,0,0,0,0,0,0,0,0,0,0,0,0,-0.0640814827383906,73,53.665,-132.523,0,0,0.841538461538462,0.158461538461538,0,0,"WC"
"Awun","Sockeye",2011,8044,6000,0,0,0,0,0,0,0,0,0,0,0,0,0,0,0,0,0,0,0,0,0,0,0,0.293167002682351,73,53.665,-132.523,0,0,0.841538461538462,0.158461538461538,0,0,"WC"
"Awun","Sockeye",2012,6982,4800,0,0,0,0,0,0,0,0,0,0,0,0,0,0,0,0,0,0,0,0,0,0,0,0.374719490768999,73,53.665,-132.523,0,0,0.841538461538462,0.158461538461538,0,0,"WC"
"Awun","Sockeye",2013,9378,6400,0,0,0,0,0,0,0,0,0,0,0,0,0,0,0,0,0,0,0,0,0,0,0,0.382068530301768,73,53.665,-132.523,0,0,0.841538461538462,0.158461538461538,0,0,"WC"
"Awun","Sockeye",2014,5942,11200,0,0,0,0,0,0,0,0,0,0,0,0,0,0,0,0,0,0,0,0,0,0,0,-0.633868001260633,73,53.665,-132.523,0,0,0.841538461538462,0.158461538461538,0,0,"WC"
"Awun","Sockeye",2015,7353,6600,0,0,0,0,0,0,0,0,0,0,0,0,0,0,0,0,0,0,0,0,0,0,0,0.108038744181705,73,53.665,-132.523,0,0,0.841538461538462,0.158461538461538,0,0,"WC"
"Yakoun","Sockeye",1957,18344,1500,0,0,0,0,0,0,0,0,0,0,0,0,0,0,0,0,0,0,0,0,0,0,0,2.50383743744744,76,53.682,-132.235,0,0,0.841538461538462,0.158461538461538,0,0,"WC"
"Yakoun","Sockeye",1958,31406,7000,0,0,0,0,0,0,0,0,0,0,0,0,0,0,0,0,0,0,0,0,0,0,0,1.50108880840745,76,53.682,-132.235,0,0,0.841538461538462,0.158461538461538,0,0,"WC"
"Yakoun","Sockeye",1959,24844,15000,0,0,0,0,0,0,0,0,0,0,0,0,0,0,0,0,0,0,0,0,0,0,0,0.504566073594847,76,53.682,-132.235,0,0,0.841538461538462,0.158461538461538,0,0,"WC"
"Yakoun","Sockeye",1960,30688,15000,0,0,0,0,0,0,0,0,0,0,0,0,0,0,0,0,0,0,0,0,0,0,0,0.715821497598818,76,53.682,-132.235,0,0,0.841538461538462,0.158461538461538,0,0,"WC"
"Yakoun","Sockeye",1961,15500,7000,0,0,0,0,0,0,0,0,0,0,0,0,0,0,0,0,0,0,0,0,0,0,0,0.794929874869888,76,53.682,-132.235,0,0,0.841538461538462,0.158461538461538,0,0,"WC"
"Yakoun","Sockeye",1962,12719,30000,0,0,0,0,0,0,0,0,0,0,0,0,0,0,0,0,0,0,0,0,0,0,0,-0.858100443192808,76,53.682,-132.235,0,0,0.841538461538462,0.158461538461538,0,0,"WC"
"Yakoun","Sockeye",1963,25312,15000,0,0,0,0,0,0,0,0,0,0,0,0,0,0,0,0,0,0,0,0,0,0,0,0.523228390483033,76,53.682,-132.235,0,0,0.841538461538462,0.158461538461538,0,0,"WC"
"Yakoun","Sockeye",1964,38125,30000,0,0,0,0,0,0,0,0,0,0,0,0,0,0,0,0,0,0,0,0,0,0,0,0.23967285326542,76,53.682,-132.235,0,0,0.841538461538462,0.158461538461538,0,0,"WC"
"Yakoun","Sockeye",1965,45062,15000,0,0,0,0,0,0,0,0,0,0,0,0,0,0,0,0,0,0,0,0,0,0,0,1.09998911818098,76,53.682,-132.235,0,0,0.841538461538462,0.158461538461538,0,0,"WC"
"Yakoun","Sockeye",1966,45812,7000,0,0,0,0,0,0,0,0,0,0,0,0,0,0,0,0,0,0,0,0,0,0,0,1.87863591648016,76,53.682,-132.235,0,0,0.841538461538462,0.158461538461538,0,0,"WC"
"Yakoun","Sockeye",1967,14562,15000,0,0,0,0,0,0,0,0,0,0,0,0,0,0,0,0,0,0,0,0,0,0,0,-0.0296348051296907,76,53.682,-132.235,0,0,0.841538461538462,0.158461538461538,0,0,"WC"
"Yakoun","Sockeye",1968,18812,30000,0,0,0,0,0,0,0,0,0,0,0,0,0,0,0,0,0,0,0,0,0,0,0,-0.466702417579354,76,53.682,-132.235,0,0,0.841538461538462,0.158461538461538,0,0,"WC"
"Yakoun","Sockeye",1969,32281,30000,0,0,0,0,0,0,0,0,0,0,0,0,0,0,0,0,0,0,0,0,0,0,0,0.0732814401940801,76,53.682,-132.235,0,0,0.841538461538462,0.158461538461538,0,0,"WC"
"Yakoun","Sockeye",1970,32594,50000,0,0,0,0,0,0,0,0,0,0,0,0,0,0,0,0,0,0,0,0,0,0,0,-0.427894783074349,76,53.682,-132.235,0,0,0.841538461538462,0.158461538461538,0,0,"WC"
"Yakoun","Sockeye",1971,22750,12000,0,0,0,0,0,0,0,0,0,0,0,0,0,0,0,0,0,0,0,0,0,0,0,0.639658495608959,76,53.682,-132.235,0,0,0.841538461538462,0.158461538461538,0,0,"WC"
"Yakoun","Sockeye",1972,24312,10000,0,0,0,0,0,0,0,0,0,0,0,0,0,0,0,0,0,0,0,0,0,0,0,0.888384962620446,76,53.682,-132.235,0,0,0.841538461538462,0.158461538461538,0,0,"WC"
"Yakoun","Sockeye",1973,31469,24000,0,0,0,0,0,0,0,0,0,0,0,0,0,0,0,0,0,0,0,0,0,0,0,0.270949103928609,76,53.682,-132.235,0,0,0.841538461538462,0.158461538461538,0,0,"WC"
"Yakoun","Sockeye",1974,28312,30000,0,0,0,0,0,0,0,0,0,0,0,0,0,0,0,0,0,0,0,0,0,0,0,-0.0579116386189931,76,53.682,-132.235,0,0,0.841538461538462,0.158461538461538,0,0,"WC"
"Yakoun","Sockeye",1975,30625,19000,0,0,0,0,0,0,0,0,0,0,0,0,0,0,0,0,0,0,0,0,0,0,0,0.477377689698451,76,53.682,-132.235,0,0,0.841538461538462,0.158461538461538,0,0,"WC"
"Yakoun","Sockeye",1976,42094,16000,0,0,0,0,0,0,0,0,0,0,0,0,0,0,0,0,0,0,0,0,0,0,0,0.967316490477199,76,53.682,-132.235,0,0,0.841538461538462,0.158461538461538,0,0,"WC"
"Yakoun","Sockeye",1977,39750,26000,0,0,0,0,0,0,0,0,0,0,0,0,0,0,0,0,0,0,0,0,0,0,0,0.424513303078859,76,53.682,-132.235,0,0,0.841538461538462,0.158461538461538,0,0,"WC"
"Yakoun","Sockeye",1978,38062,24000,0,0,0,0,0,0,0,0,0,0,0,0,0,0,0,0,0,0,0,0,0,0,0,0.46116257874689,76,53.682,-132.235,0,0,0.841538461538462,0.158461538461538,0,0,"WC"
"Yakoun","Sockeye",1979,29375,19000,0,0,0,0,0,0,0,0,0,0,0,0,0,0,0,0,0,0,0,0,0,0,0,0.435704993297883,76,53.682,-132.235,0,0,0.841538461538462,0.158461538461538,0,0,"WC"
"Yakoun","Sockeye",1980,30500,35000,0,0,0,0,0,0,0,0,0,0,0,0,0,0,0,0,0,0,0,0,0,0,0,-0.137621377876048,76,53.682,-132.235,0,0,0.841538461538462,0.158461538461538,0,0,"WC"
"Yakoun","Sockeye",1981,30344,31000,0,0,0,0,0,0,0,0,0,0,0,0,0,0,0,0,0,0,0,0,0,0,0,-0.0213884000985484,76,53.682,-132.235,0,0,0.841538461538462,0.158461538461538,0,0,"WC"
"Yakoun","Sockeye",1982,15766,34000,0,0,0,0,0,0,0,0,0,0,0,0,0,0,0,0,0,0,0,0,0,0,0,-0.768504801978445,76,53.682,-132.235,0,0,0.841538461538462,0.158461538461538,0,0,"WC"
"Yakoun","Sockeye",1983,17484,24000,0,0,0,0,0,0,0,0,0,0,0,0,0,0,0,0,0,0,0,0,0,0,0,-0.316767653346877,76,53.682,-132.235,0,0,0.841538461538462,0.158461538461538,0,0,"WC"
"Yakoun","Sockeye",1984,27219,22000,0,0,0,0,0,0,0,0,0,0,0,0,0,0,0,0,0,0,0,0,0,0,0,0.212872805497286,76,53.682,-132.235,0,0,0.841538461538462,0.158461538461538,0,0,"WC"
"Yakoun","Sockeye",1987,7231,9000,0,0,0,0,0,0,0,0,0,0,0,0,0,0,0,0,0,0,0,0,0,0,0,-0.218847238143405,76,53.682,-132.235,0,0,0.841538461538462,0.158461538461538,0,0,"WC"
"Yakoun","Sockeye",1991,15562,4500,0,0,0,0,0,0,0,0,0,0,0,0,0,0,0,0,0,0,0,0,0,0,0,1.24075464841846,76,53.682,-132.235,0,0,0.841538461538462,0.158461538461538,0,0,"WC"
"Yakoun","Sockeye",1992,24281,8800,0,0,0,0,0,0,0,0,0,0,0,0,0,0,0,0,0,0,0,0,0,0,0,1.01494243002046,76,53.682,-132.235,0,0,0.841538461538462,0.158461538461538,0,0,"WC"
"Yakoun","Sockeye",1994,14719,7000,0,0,0,0,0,0,0,0,0,0,0,0,0,0,0,0,0,0,0,0,0,0,0,0.743229027155136,76,53.682,-132.235,0,0,0.841538461538462,0.158461538461538,0,0,"WC"
"Yakoun","Sockeye",1995,18844,8000,0,0,0,0,0,0,0,0,0,0,0,0,0,0,0,0,0,0,0,0,0,0,0,0.856753019157959,76,53.682,-132.235,0,0,0.841538461538462,0.158461538461538,0,0,"WC"
"Yakoun","Sockeye",1996,15284,21000,0,0,0,0,0,0,0,0,0,0,0,0,0,0,0,0,0,0,0,0,0,0,0,-0.317715908138769,76,53.682,-132.235,0,0,0.841538461538462,0.158461538461538,0,0,"WC"
"Yakoun","Sockeye",1997,7541,17000,0,0,0,0,0,0,0,0,0,0,0,0,0,0,0,0,0,0,0,0,0,0,0,-0.812858544835706,76,53.682,-132.235,0,0,0.841538461538462,0.158461538461538,0,0,"WC"
"Yakoun","Sockeye",1998,9362,10000,0,0,0,0,0,0,0,0,0,0,0,0,0,0,0,0,0,0,0,0,0,0,0,-0.0659261501161668,76,53.682,-132.235,0,0,0.841538461538462,0.158461538461538,0,0,"WC"
"Yakoun","Sockeye",1999,9438,15000,0,0,0,0,0,0,0,0,0,0,0,0,0,0,0,0,0,0,0,0,0,0,0,-0.463306107798014,76,53.682,-132.235,0,0,0.841538461538462,0.158461538461538,0,0,"WC"
"Yakoun","Sockeye",2000,10781,16000,0,0,0,0,0,0,0,0,0,0,0,0,0,0,0,0,0,0,0,0,0,0,0,-0.3948033966828,76,53.682,-132.235,0,0,0.841538461538462,0.158461538461538,0,0,"WC"
"Yakoun","Sockeye",2001,10781,5000,0,0,0,0,0,0,0,0,0,0,0,0,0,0,0,0,0,0,0,0,0,0,0,0.768347413122881,76,53.682,-132.235,0,0,0.841538461538462,0.158461538461538,0,0,"WC"
"Yakoun","Sockeye",2002,19288,8100,0,0,0,0,0,0,0,0,0,0,0,0,0,0,0,0,0,0,0,0,0,0,0,0.867619079200477,76,53.682,-132.235,0,0,0.841538461538462,0.158461538461538,0,0,"WC"
"Yakoun","Sockeye",2003,8362,6000,0,0,0,0,0,0,0,0,0,0,0,0,0,0,0,0,0,0,0,0,0,0,0,0.331938163706318,76,53.682,-132.235,0,0,0.841538461538462,0.158461538461538,0,0,"WC"
"Yakoun","Sockeye",2004,7475,11000,0,0,0,0,0,0,0,0,0,0,0,0,0,0,0,0,0,0,0,0,0,0,0,-0.38633115352162,76,53.682,-132.235,0,0,0.841538461538462,0.158461538461538,0,0,"WC"
"Yakoun","Sockeye",2005,9594,3000,0,0,0,0,0,0,0,0,0,0,0,0,0,0,0,0,0,0,0,0,0,0,0,1.16252561441176,76,53.682,-132.235,0,0,0.841538461538462,0.158461538461538,0,0,"WC"
"Yakoun","Sockeye",2006,14094,20000,0,0,0,0,0,0,0,0,0,0,0,0,0,0,0,0,0,0,0,0,0,0,0,-0.34998309864916,76,53.682,-132.235,0,0,0.841538461538462,0.158461538461538,0,0,"WC"
"Yakoun","Sockeye",2007,10231,7000,0,0,0,0,0,0,0,0,0,0,0,0,0,0,0,0,0,0,0,0,0,0,0,0.37951217784149,76,53.682,-132.235,0,0,0.841538461538462,0.158461538461538,0,0,"WC"
"Yakoun","Sockeye",2008,8762,6200,0,0,0,0,0,0,0,0,0,0,0,0,0,0,0,0,0,0,0,0,0,0,0,0.345874897340661,76,53.682,-132.235,0,0,0.841538461538462,0.158461538461538,0,0,"WC"
"Yakoun","Sockeye",2009,8325,5000,0,0,0,0,0,0,0,0,0,0,0,0,0,0,0,0,0,0,0,0,0,0,0,0.509825123432407,76,53.682,-132.235,0,0,0.841538461538462,0.158461538461538,0,0,"WC"
"Yakoun","Sockeye",2010,15138,13000,0,0,0,0,0,0,0,0,0,0,0,0,0,0,0,0,0,0,0,0,0,0,0,0.152258781425439,76,53.682,-132.235,0,0,0.841538461538462,0.158461538461538,0,0,"WC"
"Yakoun","Sockeye",2011,8075,8000,0,0,0,0,0,0,0,0,0,0,0,0,0,0,0,0,0,0,0,0,0,0,0,0.00933132742888422,76,53.682,-132.235,0,0,0.841538461538462,0.158461538461538,0,0,"WC"
"Yakoun","Sockeye",2012,10656,9000,0,0,0,0,0,0,0,0,0,0,0,0,0,0,0,0,0,0,0,0,0,0,0,0.168898536461814,76,53.682,-132.235,0,0,0.841538461538462,0.158461538461538,0,0,"WC"
"Yakoun","Sockeye",2013,12731,2400,0,0,0,0,0,0,0,0,0,0,0,0,0,0,0,0,0,0,0,0,0,0,0,1.66857122672561,76,53.682,-132.235,0,0,0.841538461538462,0.158461538461538,0,0,"WC"
"Yakoun","Sockeye",2014,4419,15200,0,0,0,0,0,0,0,0,0,0,0,0,0,0,0,0,0,0,0,0,0,0,0,-1.23538200170363,76,53.682,-132.235,0,0,0.841538461538462,0.158461538461538,0,0,"WC"
"Yakoun","Sockeye",2015,6175,6400,0,0,0,0,0,0,0,0,0,0,0,0,0,0,0,0,0,0,0,0,0,0,0,-0.0357891078515853,76,53.682,-132.235,0,0,0.841538461538462,0.158461538461538,0,0,"WC"
"Alastair","Sockeye",1960,23532,7770,0,0,0,0,0,0,0,0,0,0,0,0,0,0,0,0,0,0,0,0,0,0,0,1.10809103262265,40,54.22,-129.831,0,0,0.75,0.25,0,0,"SEAK"
"Alastair","Sockeye",1961,32500,29417,0,0,0,0,0,0,0,0,0,0,0,0,0,0,0,0,0,0,0,0,0,0,0,0.0996673508098364,40,54.22,-129.831,0,0,0.75,0.25,0,0,"SEAK"
"Alastair","Sockeye",1962,43080,22079,0,0,0,0,0,0,0,0,0,0,0,0,0,0,0,0,0,0,0,0,0,0,0,0.668431921759982,40,54.22,-129.831,0,0,0.75,0.25,0,0,"SEAK"
"Alastair","Sockeye",1963,30878,19981,0,0,0,0,0,0,0,0,0,0,0,0,0,0,0,0,0,0,0,0,0,0,0,0.435262134201739,40,54.22,-129.831,0,0,0.75,0.25,0,0,"SEAK"
"Alastair","Sockeye",1964,9103,4218,0,0,0,0,0,0,0,0,0,0,0,0,0,0,0,0,0,0,0,0,0,0,0,0.769242947466569,40,54.22,-129.831,0,0,0.75,0.25,0,0,"SEAK"
"Alastair","Sockeye",1965,5348,17539,0,0,0,0,0,0,0,0,0,0,0,0,0,0,0,0,0,0,0,0,0,0,0,-1.1877043135363,40,54.22,-129.831,0,0,0.75,0.25,0,0,"SEAK"
"Alastair","Sockeye",1966,7138,18649,0,0,0,0,0,0,0,0,0,0,0,0,0,0,0,0,0,0,0,0,0,0,0,-0.960359900281341,40,54.22,-129.831,0,0,0.75,0.25,0,0,"SEAK"
"Alastair","Sockeye",1967,12033,27752,0,0,0,0,0,0,0,0,0,0,0,0,0,0,0,0,0,0,0,0,0,0,0,-0.835655034211423,40,54.22,-129.831,0,0,0.75,0.25,0,0,"SEAK"
"Alastair","Sockeye",1968,9750,33302,0,0,0,0,0,0,0,0,0,0,0,0,0,0,0,0,0,0,0,0,0,0,0,-1.22835017023317,40,54.22,-129.831,0,0,0.75,0.25,0,0,"SEAK"
"Alastair","Sockeye",1969,4272,6660,0,0,0,0,0,0,0,0,0,0,0,0,0,0,0,0,0,0,0,0,0,0,0,-0.444037382894404,40,54.22,-129.831,0,0,0.75,0.25,0,0,"SEAK"
"Alastair","Sockeye",1970,4898,4995,0,0,0,0,0,0,0,0,0,0,0,0,0,0,0,0,0,0,0,0,0,0,0,-0.0196104535705408,40,54.22,-129.831,0,0,0.75,0.25,0,0,"SEAK"
"Alastair","Sockeye",1971,13980,2553,0,0,0,0,0,0,0,0,0,0,0,0,0,0,0,0,0,0,0,0,0,0,0,1.70035859854632,40,54.22,-129.831,0,0,0.75,0.25,0,0,"SEAK"
"Alastair","Sockeye",1972,23720,8881,0,0,0,0,0,0,0,0,0,0,0,0,0,0,0,0,0,0,0,0,0,0,0,0.982404410853158,40,54.22,-129.831,0,0,0.75,0.25,0,0,"SEAK"
"Alastair","Sockeye",1973,27442,8881,0,0,0,0,0,0,0,0,0,0,0,0,0,0,0,0,0,0,0,0,0,0,0,1.12816052322262,40,54.22,-129.831,0,0,0.75,0.25,0,0,"SEAK"
"Alastair","Sockeye",1974,35173,3885,0,0,0,0,0,0,0,0,0,0,0,0,0,0,0,0,0,0,0,0,0,0,0,2.20315575900001,40,54.22,-129.831,0,0,0.75,0.25,0,0,"SEAK"
"Alastair","Sockeye",1975,27640,1332,0,0,0,0,0,0,0,0,0,0,0,0,0,0,0,0,0,0,0,0,0,0,0,3.03258242678127,40,54.22,-129.831,0,0,0.75,0.25,0,0,"SEAK"
"Alastair","Sockeye",1976,9400,6660,0,0,0,0,0,0,0,0,0,0,0,0,0,0,0,0,0,0,0,0,0,0,0,0.34459020472366,40,54.22,-129.831,0,0,0.75,0.25,0,0,"SEAK"
"Alastair","Sockeye",1977,15598,15541,0,0,0,0,0,0,0,0,0,0,0,0,0,0,0,0,0,0,0,0,0,0,0,0.00366100797483134,40,54.22,-129.831,0,0,0.75,0.25,0,0,"SEAK"
"Alastair","Sockeye",1978,14667,19981,0,0,0,0,0,0,0,0,0,0,0,0,0,0,0,0,0,0,0,0,0,0,0,-0.309181749753377,40,54.22,-129.831,0,0,0.75,0.25,0,0,"SEAK"
"Alastair","Sockeye",1979,12071,19981,0,0,0,0,0,0,0,0,0,0,0,0,0,0,0,0,0,0,0,0,0,0,0,-0.503975940299006,40,54.22,-129.831,0,0,0.75,0.25,0,0,"SEAK"
"Alastair","Sockeye",1980,20450,33302,0,0,0,0,0,0,0,0,0,0,0,0,0,0,0,0,0,0,0,0,0,0,0,-0.487634572754114,40,54.22,-129.831,0,0,0.75,0.25,0,0,"SEAK"
"Alastair","Sockeye",1981,23513,1998,0,0,0,0,0,0,0,0,0,0,0,0,0,0,0,0,0,0,0,0,0,0,0,2.46540677945911,40,54.22,-129.831,0,0,0.75,0.25,0,0,"SEAK"
"Alastair","Sockeye",1982,17978,10546,0,0,0,0,0,0,0,0,0,0,0,0,0,0,0,0,0,0,0,0,0,0,0,0.533402147042929,40,54.22,-129.831,0,0,0.75,0.25,0,0,"SEAK"
"Alastair","Sockeye",1983,22439,14431,0,0,0,0,0,0,0,0,0,0,0,0,0,0,0,0,0,0,0,0,0,0,0,0.441421845927725,40,54.22,-129.831,0,0,0.75,0.25,0,0,"SEAK"
"Alastair","Sockeye",1984,19494,8881,0,0,0,0,0,0,0,0,0,0,0,0,0,0,0,0,0,0,0,0,0,0,0,0.786192562638651,40,54.22,-129.831,0,0,0.75,0.25,0,0,"SEAK"
"Alastair","Sockeye",1985,24411,8881,0,0,0,0,0,0,0,0,0,0,0,0,0,0,0,0,0,0,0,0,0,0,0,1.01111968710626,40,54.22,-129.831,0,0,0.75,0.25,0,0,"SEAK"
"Alastair","Sockeye",1986,33265,23311,0,0,0,0,0,0,0,0,0,0,0,0,0,0,0,0,0,0,0,0,0,0,0,0.355580441023466,40,54.22,-129.831,0,0,0.75,0.25,0,0,"SEAK"
"Alastair","Sockeye",1987,29110,11101,0,0,0,0,0,0,0,0,0,0,0,0,0,0,0,0,0,0,0,0,0,0,0,0.964046563407022,40,54.22,-129.831,0,0,0.75,0.25,0,0,"SEAK"
"Alastair","Sockeye",1988,24301,14431,0,0,0,0,0,0,0,0,0,0,0,0,0,0,0,0,0,0,0,0,0,0,0,0.521138831309205,40,54.22,-129.831,0,0,0.75,0.25,0,0,"SEAK"
"Alastair","Sockeye",1989,24786,16576,0,0,0,0,0,0,0,0,0,0,0,0,0,0,0,0,0,0,0,0,0,0,0,0.40232311156561,40,54.22,-129.831,0,0,0.75,0.25,0,0,"SEAK"
"Alastair","Sockeye",1990,37035,11101,0,0,0,0,0,0,0,0,0,0,0,0,0,0,0,0,0,0,0,0,0,0,0,1.20482821711474,40,54.22,-129.831,0,0,0.75,0.25,0,0,"SEAK"
"Alastair","Sockeye",1991,49801,24421,0,0,0,0,0,0,0,0,0,0,0,0,0,0,0,0,0,0,0,0,0,0,0,0.712591646265207,40,54.22,-129.831,0,0,0.75,0.25,0,0,"SEAK"
"Alastair","Sockeye",1992,42862,17761,0,0,0,0,0,0,0,0,0,0,0,0,0,0,0,0,0,0,0,0,0,0,0,0.880980610227294,40,54.22,-129.831,0,0,0.75,0.25,0,0,"SEAK"
"Alastair","Sockeye",1993,19706,16651,0,0,0,0,0,0,0,0,0,0,0,0,0,0,0,0,0,0,0,0,0,0,0,0.168452883217303,40,54.22,-129.831,0,0,0.75,0.25,0,0,"SEAK"
"Alastair","Sockeye",1994,12250,14431,0,0,0,0,0,0,0,0,0,0,0,0,0,0,0,0,0,0,0,0,0,0,0,-0.163852733463205,40,54.22,-129.831,0,0,0.75,0.25,0,0,"SEAK"
"Alastair","Sockeye",1995,20181,18871,0,0,0,0,0,0,0,0,0,0,0,0,0,0,0,0,0,0,0,0,0,0,0,0.0671152155646197,40,54.22,-129.831,0,0,0.75,0.25,0,0,"SEAK"
"Alastair","Sockeye",1996,16424,27752,0,0,0,0,0,0,0,0,0,0,0,0,0,0,0,0,0,0,0,0,0,0,0,-0.524564229950816,40,54.22,-129.831,0,0,0.75,0.25,0,0,"SEAK"
"Alastair","Sockeye",1997,36328,26642,0,0,0,0,0,0,0,0,0,0,0,0,0,0,0,0,0,0,0,0,0,0,0,0.310099875866379,40,54.22,-129.831,0,0,0.75,0.25,0,0,"SEAK"
"Alastair","Sockeye",1998,50880,20536,0,0,0,0,0,0,0,0,0,0,0,0,0,0,0,0,0,0,0,0,0,0,0,0.907290475463027,40,54.22,-129.831,0,0,0.75,0.25,0,0,"SEAK"
"Alastair","Sockeye",1999,19105,5550,0,0,0,0,0,0,0,0,0,0,0,0,0,0,0,0,0,0,0,0,0,0,0,1.23615215314052,40,54.22,-129.831,0,0,0.75,0.25,0,0,"SEAK"
"Alastair","Sockeye",2000,14795,12087,0,0,0,0,0,0,0,0,0,0,0,0,0,0,0,0,0,0,0,0,0,0,0,0.202158790974853,40,54.22,-129.831,0,0,0.75,0.25,0,0,"SEAK"
"Alastair","Sockeye",2001,26137,19630,0,0,0,0,0,0,0,0,0,0,0,0,0,0,0,0,0,0,0,0,0,0,0,0.286292926680348,40,54.22,-129.831,0,0,0.75,0.25,0,0,"SEAK"
"Alastair","Sockeye",2002,24671,4346,0,0,0,0,0,0,0,0,0,0,0,0,0,0,0,0,0,0,0,0,0,0,0,1.73637258294833,40,54.22,-129.831,0,0,0.75,0.25,0,0,"SEAK"
"Alastair","Sockeye",2003,15252,64724,0,0,0,0,0,0,0,0,0,0,0,0,0,0,0,0,0,0,0,0,0,0,0,-1.44542143354224,40,54.22,-129.831,0,0,0.75,0.25,0,0,"SEAK"
"Alastair","Sockeye",2004,53355,15951,0,0,0,0,0,0,0,0,0,0,0,0,0,0,0,0,0,0,0,0,0,0,0,1.20744617087822,40,54.22,-129.831,0,0,0.75,0.25,0,0,"SEAK"
"Alastair","Sockeye",2005,70148,13324,0,0,0,0,0,0,0,0,0,0,0,0,0,0,0,0,0,0,0,0,0,0,0,1.66104037547561,40,54.22,-129.831,0,0,0.75,0.25,0,0,"SEAK"
"Alastair","Sockeye",2006,49001,11489,0,0,0,0,0,0,0,0,0,0,0,0,0,0,0,0,0,0,0,0,0,0,0,1.45045065019442,40,54.22,-129.831,0,0,0.75,0.25,0,0,"SEAK"
"Alastair","Sockeye",2007,38582,35091,0,0,0,0,0,0,0,0,0,0,0,0,0,0,0,0,0,0,0,0,0,0,0,0.0948411591290179,40,54.22,-129.831,0,0,0.75,0.25,0,0,"SEAK"
"Alastair","Sockeye",2008,24672,985,0,0,0,0,0,0,0,0,0,0,0,0,0,0,0,0,0,0,0,0,0,0,0,3.22078263519097,40,54.22,-129.831,0,0,0.75,0.25,0,0,"SEAK"
"Alastair","Sockeye",2009,18475,29550,0,0,0,0,0,0,0,0,0,0,0,0,0,0,0,0,0,0,0,0,0,0,0,-0.469665277017842,40,54.22,-129.831,0,0,0.75,0.25,0,0,"SEAK"
"Alastair","Sockeye",2010,45678,79168,0,0,0,0,0,0,0,0,0,0,0,0,0,0,0,0,0,0,0,0,0,0,0,-0.549955395217892,40,54.22,-129.831,0,0,0.75,0.25,0,0,"SEAK"
"Alastair","Sockeye",2011,48620,44309,0,0,0,0,0,0,0,0,0,0,0,0,0,0,0,0,0,0,0,0,0,0,0,0.0928471522002601,40,54.22,-129.831,0,0,0.75,0.25,0,0,"SEAK"
"Alastair","Sockeye",2012,11740,36410,0,0,0,0,0,0,0,0,0,0,0,0,0,0,0,0,0,0,0,0,0,0,0,-1.13184164778739,40,54.22,-129.831,0,0,0.75,0.25,0,0,"SEAK"
"Alastair","Sockeye",2013,4329,30504,0,0,0,0,0,0,0,0,0,0,0,0,0,0,0,0,0,0,0,0,0,0,0,-1.95252125409542,40,54.22,-129.831,0,0,0.75,0.25,0,0,"SEAK"
"Alastair","Sockeye",2014,2932,11609,0,0,0,0,0,0,0,0,0,0,0,0,0,0,0,0,0,0,0,0,0,0,0,-1.37609587533149,40,54.22,-129.831,0,0,0.75,0.25,0,0,"SEAK"
"Alastair","Sockeye",2015,6157,23622,0,0,0,0,0,0,0,0,0,0,0,0,0,0,0,0,0,0,0,0,0,0,0,-1.34458883526058,40,54.22,-129.831,0,0,0.75,0.25,0,0,"SEAK"
"Babine Early Wild","Sockeye",1960,75137,42485,0,0,0,0,0,0,0,0,0,0,0,0,0,0,0,0,0,0,0,0,0,0,0,0.570162041420824,42,54.22,-129.831,0,0,0.841538461538462,0.158461538461538,0,0,"SEAK"
"Babine Early Wild","Sockeye",1961,68644,133007,0,0,0,0,0,0,0,0,0,0,0,0,0,0,0,0,0,0,0,0,0,0,0,-0.661468029875652,42,54.22,-129.831,0,0,0.841538461538462,0.158461538461538,0,0,"SEAK"
"Babine Early Wild","Sockeye",1962,168279,21587,0,0,0,0,0,0,0,0,0,0,0,0,0,0,0,0,0,0,0,0,0,0,0,2.0535320345751,42,54.22,-129.831,0,0,0.841538461538462,0.158461538461538,0,0,"SEAK"
"Babine Early Wild","Sockeye",1963,269041,77002,0,0,0,0,0,0,0,0,0,0,0,0,0,0,0,0,0,0,0,0,0,0,0,1.25103238880219,42,54.22,-129.831,0,0,0.841538461538462,0.158461538461538,0,0,"SEAK"
"Babine Early Wild","Sockeye",1964,84351,68409,0,0,0,0,0,0,0,0,0,0,0,0,0,0,0,0,0,0,0,0,0,0,0,0.209482269366133,42,54.22,-129.831,0,0,0.841538461538462,0.158461538461538,0,0,"SEAK"
"Babine Early Wild","Sockeye",1965,140371,29888,0,0,0,0,0,0,0,0,0,0,0,0,0,0,0,0,0,0,0,0,0,0,0,1.54683185550378,42,54.22,-129.831,0,0,0.841538461538462,0.158461538461538,0,0,"SEAK"
"Babine Early Wild","Sockeye",1966,141270,31977,0,0,0,0,0,0,0,0,0,0,0,0,0,0,0,0,0,0,0,0,0,0,0,1.48565605854846,42,54.22,-129.831,0,0,0.841538461538462,0.158461538461538,0,0,"SEAK"
"Babine Early Wild","Sockeye",1967,129313,95242,0,0,0,0,0,0,0,0,0,0,0,0,0,0,0,0,0,0,0,0,0,0,0,0.305814801122327,42,54.22,-129.831,0,0,0.841538461538462,0.158461538461538,0,0,"SEAK"
"Babine Early Wild","Sockeye",1968,174940,62457,0,0,0,0,0,0,0,0,0,0,0,0,0,0,0,0,0,0,0,0,0,0,0,1.02996473802996,42,54.22,-129.831,0,0,0.841538461538462,0.158461538461538,0,0,"SEAK"
"Babine Early Wild","Sockeye",1969,357739,89905,0,0,0,0,0,0,0,0,0,0,0,0,0,0,0,0,0,0,0,0,0,0,0,1.38105011295138,42,54.22,-129.831,0,0,0.841538461538462,0.158461538461538,0,0,"SEAK"
"Babine Early Wild","Sockeye",1970,143923,82164,0,0,0,0,0,0,0,0,0,0,0,0,0,0,0,0,0,0,0,0,0,0,0,0.56056118441194,42,54.22,-129.831,0,0,0.841538461538462,0.158461538461538,0,0,"SEAK"
"Babine Early Wild","Sockeye",1971,113008,34049,0,0,0,0,0,0,0,0,0,0,0,0,0,0,0,0,0,0,0,0,0,0,0,1.19965794907793,42,54.22,-129.831,0,0,0.841538461538462,0.158461538461538,0,0,"SEAK"
"Babine Early Wild","Sockeye",1972,80106,52692,0,0,0,0,0,0,0,0,0,0,0,0,0,0,0,0,0,0,0,0,0,0,0,0.418887116268432,42,54.22,-129.831,0,0,0.841538461538462,0.158461538461538,0,0,"SEAK"
"Babine Early Wild","Sockeye",1973,103618,140253,0,0,0,0,0,0,0,0,0,0,0,0,0,0,0,0,0,0,0,0,0,0,0,-0.302736874641183,42,54.22,-129.831,0,0,0.841538461538462,0.158461538461538,0,0,"SEAK"
"Babine Early Wild","Sockeye",1974,25614,109851,0,0,0,0,0,0,0,0,0,0,0,0,0,0,0,0,0,0,0,0,0,0,0,-1.45598582510802,42,54.22,-129.831,0,0,0.841538461538462,0.158461538461538,0,0,"SEAK"
"Babine Early Wild","Sockeye",1975,140928,60353,0,0,0,0,0,0,0,0,0,0,0,0,0,0,0,0,0,0,0,0,0,0,0,0.848038465327267,42,54.22,-129.831,0,0,0.841538461538462,0.158461538461538,0,0,"SEAK"
"Babine Early Wild","Sockeye",1976,26599,13336,0,0,0,0,0,0,0,0,0,0,0,0,0,0,0,0,0,0,0,0,0,0,0,0.690406475647527,42,54.22,-129.831,0,0,0.841538461538462,0.158461538461538,0,0,"SEAK"
"Babine Early Wild","Sockeye",1977,288997,54679,0,0,0,0,0,0,0,0,0,0,0,0,0,0,0,0,0,0,0,0,0,0,0,1.66493658396958,42,54.22,-129.831,0,0,0.841538461538462,0.158461538461538,0,0,"SEAK"
"Babine Early Wild","Sockeye",1978,72810,32032,0,0,0,0,0,0,0,0,0,0,0,0,0,0,0,0,0,0,0,0,0,0,0,0.82111790527381,42,54.22,-129.831,0,0,0.841538461538462,0.158461538461538,0,0,"SEAK"
"Babine Early Wild","Sockeye",1979,37452,42455,0,0,0,0,0,0,0,0,0,0,0,0,0,0,0,0,0,0,0,0,0,0,0,-0.125384578374684,42,54.22,-129.831,0,0,0.841538461538462,0.158461538461538,0,0,"SEAK"
"Babine Early Wild","Sockeye",1980,133304,31679,0,0,0,0,0,0,0,0,0,0,0,0,0,0,0,0,0,0,0,0,0,0,0,1.43697823344487,42,54.22,-129.831,0,0,0.841538461538462,0.158461538461538,0,0,"SEAK"
"Babine Early Wild","Sockeye",1981,86702,46466,0,0,0,0,0,0,0,0,0,0,0,0,0,0,0,0,0,0,0,0,0,0,0,0.623756089218086,42,54.22,-129.831,0,0,0.841538461538462,0.158461538461538,0,0,"SEAK"
"Babine Early Wild","Sockeye",1982,47445,93630,0,0,0,0,0,0,0,0,0,0,0,0,0,0,0,0,0,0,0,0,0,0,0,-0.679779699525076,42,54.22,-129.831,0,0,0.841538461538462,0.158461538461538,0,0,"SEAK"
"Babine Early Wild","Sockeye",1983,51382,26965,0,0,0,0,0,0,0,0,0,0,0,0,0,0,0,0,0,0,0,0,0,0,0,0.644748187786968,42,54.22,-129.831,0,0,0.841538461538462,0.158461538461538,0,0,"SEAK"
"Babine Early Wild","Sockeye",1984,105955,26503,0,0,0,0,0,0,0,0,0,0,0,0,0,0,0,0,0,0,0,0,0,0,0,1.38575654154067,42,54.22,-129.831,0,0,0.841538461538462,0.158461538461538,0,0,"SEAK"
"Babine Early Wild","Sockeye",1985,43735,75649,0,0,0,0,0,0,0,0,0,0,0,0,0,0,0,0,0,0,0,0,0,0,0,-0.547955524504524,42,54.22,-129.831,0,0,0.841538461538462,0.158461538461538,0,0,"SEAK"
"Babine Early Wild","Sockeye",1986,103359,26865,0,0,0,0,0,0,0,0,0,0,0,0,0,0,0,0,0,0,0,0,0,0,0,1.3473840408841,42,54.22,-129.831,0,0,0.841538461538462,0.158461538461538,0,0,"SEAK"
"Babine Early Wild","Sockeye",1987,99438,38206,0,0,0,0,0,0,0,0,0,0,0,0,0,0,0,0,0,0,0,0,0,0,0,0.956541763028002,42,54.22,-129.831,0,0,0.841538461538462,0.158461538461538,0,0,"SEAK"
"Babine Early Wild","Sockeye",1988,97301,42435,0,0,0,0,0,0,0,0,0,0,0,0,0,0,0,0,0,0,0,0,0,0,0,0.829835773209798,42,54.22,-129.831,0,0,0.841538461538462,0.158461538461538,0,0,"SEAK"
"Babine Early Wild","Sockeye",1989,61013,18412,0,0,0,0,0,0,0,0,0,0,0,0,0,0,0,0,0,0,0,0,0,0,0,1.19808433026669,42,54.22,-129.831,0,0,0.841538461538462,0.158461538461538,0,0,"SEAK"
"Babine Early Wild","Sockeye",1990,107316,21328,0,0,0,0,0,0,0,0,0,0,0,0,0,0,0,0,0,0,0,0,0,0,0,1.61575698971569,42,54.22,-129.831,0,0,0.841538461538462,0.158461538461538,0,0,"SEAK"
"Babine Early Wild","Sockeye",1991,181679,58719,0,0,0,0,0,0,0,0,0,0,0,0,0,0,0,0,0,0,0,0,0,0,0,1.12947803941048,42,54.22,-129.831,0,0,0.841538461538462,0.158461538461538,0,0,"SEAK"
"Babine Early Wild","Sockeye",1992,356760,52358,0,0,0,0,0,0,0,0,0,0,0,0,0,0,0,0,0,0,0,0,0,0,0,1.91895854358286,42,54.22,-129.831,0,0,0.841538461538462,0.158461538461538,0,0,"SEAK"
"Babine Early Wild","Sockeye",1993,149515,16646,0,0,0,0,0,0,0,0,0,0,0,0,0,0,0,0,0,0,0,0,0,0,0,2.19522677492183,42,54.22,-129.831,0,0,0.841538461538462,0.158461538461538,0,0,"SEAK"
"Babine Early Wild","Sockeye",1994,14062,25124,0,0,0,0,0,0,0,0,0,0,0,0,0,0,0,0,0,0,0,0,0,0,0,-0.580347440815165,42,54.22,-129.831,0,0,0.841538461538462,0.158461538461538,0,0,"SEAK"
"Babine Early Wild","Sockeye",1995,94981,79679,0,0,0,0,0,0,0,0,0,0,0,0,0,0,0,0,0,0,0,0,0,0,0,0.175670808601089,42,54.22,-129.831,0,0,0.841538461538462,0.158461538461538,0,0,"SEAK"
"Babine Early Wild","Sockeye",1996,629521,60909,0,0,0,0,0,0,0,0,0,0,0,0,0,0,0,0,0,0,0,0,0,0,0,2.33557826568913,42,54.22,-129.831,0,0,0.841538461538462,0.158461538461538,0,0,"SEAK"
"Babine Early Wild","Sockeye",1997,64172,92245,0,0,0,0,0,0,0,0,0,0,0,0,0,0,0,0,0,0,0,0,0,0,0,-0.362881102420899,42,54.22,-129.831,0,0,0.841538461538462,0.158461538461538,0,0,"SEAK"
"Babine Early Wild","Sockeye",1998,97830,43130,0,0,0,0,0,0,0,0,0,0,0,0,0,0,0,0,0,0,0,0,0,0,0,0.819012467809586,42,54.22,-129.831,0,0,0.841538461538462,0.158461538461538,0,0,"SEAK"
"Babine Early Wild","Sockeye",1999,34679,63692,0,0,0,0,0,0,0,0,0,0,0,0,0,0,0,0,0,0,0,0,0,0,0,-0.607924649561014,42,54.22,-129.831,0,0,0.841538461538462,0.158461538461538,0,0,"SEAK"
"Babine Early Wild","Sockeye",2000,69509,84558,0,0,0,0,0,0,0,0,0,0,0,0,0,0,0,0,0,0,0,0,0,0,0,-0.19598144884774,42,54.22,-129.831,0,0,0.841538461538462,0.158461538461538,0,0,"SEAK"
"Babine Early Wild","Sockeye",2001,39057,232802,0,0,0,0,0,0,0,0,0,0,0,0,0,0,0,0,0,0,0,0,0,0,0,-1.7851661893023,42,54.22,-129.831,0,0,0.841538461538462,0.158461538461538,0,0,"SEAK"
"Babine Early Wild","Sockeye",2002,147269,29324,0,0,0,0,0,0,0,0,0,0,0,0,0,0,0,0,0,0,0,0,0,0,0,1.61385455310447,42,54.22,-129.831,0,0,0.841538461538462,0.158461538461538,0,0,"SEAK"
"Babine Early Wild","Sockeye",2003,18000,55028,0,0,0,0,0,0,0,0,0,0,0,0,0,0,0,0,0,0,0,0,0,0,0,-1.11747038870258,42,54.22,-129.831,0,0,0.841538461538462,0.158461538461538,0,0,"SEAK"
"Babine Early Wild","Sockeye",2004,66928,39546,0,0,0,0,0,0,0,0,0,0,0,0,0,0,0,0,0,0,0,0,0,0,0,0.526152863401205,42,54.22,-129.831,0,0,0.841538461538462,0.158461538461538,0,0,"SEAK"
"Babine Early Wild","Sockeye",2005,18748,25141,0,0,0,0,0,0,0,0,0,0,0,0,0,0,0,0,0,0,0,0,0,0,0,-0.293412899557962,42,54.22,-129.831,0,0,0.841538461538462,0.158461538461538,0,0,"SEAK"
"Babine Early Wild","Sockeye",2006,74155,40874,0,0,0,0,0,0,0,0,0,0,0,0,0,0,0,0,0,0,0,0,0,0,0,0.595663333107582,42,54.22,-129.831,0,0,0.841538461538462,0.158461538461538,0,0,"SEAK"
"Babine Early Wild","Sockeye",2007,138814,52862,0,0,0,0,0,0,0,0,0,0,0,0,0,0,0,0,0,0,0,0,0,0,0,0.965450163286484,42,54.22,-129.831,0,0,0.841538461538462,0.158461538461538,0,0,"SEAK"
"Babine Early Wild","Sockeye",2008,20608,28667,0,0,0,0,0,0,0,0,0,0,0,0,0,0,0,0,0,0,0,0,0,0,0,-0.330067285502828,42,54.22,-129.831,0,0,0.841538461538462,0.158461538461538,0,0,"SEAK"
"Babine Early Wild","Sockeye",2009,8047,20503,0,0,0,0,0,0,0,0,0,0,0,0,0,0,0,0,0,0,0,0,0,0,0,-0.935271865736914,42,54.22,-129.831,0,0,0.841538461538462,0.158461538461538,0,0,"SEAK"
"Babine Early Wild","Sockeye",2010,66888,20455,0,0,0,0,0,0,0,0,0,0,0,0,0,0,0,0,0,0,0,0,0,0,0,1.18479222746639,42,54.22,-129.831,0,0,0.841538461538462,0.158461538461538,0,0,"SEAK"
"Babine Early Wild","Sockeye",2011,98817,64622,0,0,0,0,0,0,0,0,0,0,0,0,0,0,0,0,0,0,0,0,0,0,0,0.424714744642073,42,54.22,-129.831,0,0,0.841538461538462,0.158461538461538,0,0,"SEAK"
"Babine Early Wild","Sockeye",2012,46230,60983,0,0,0,0,0,0,0,0,0,0,0,0,0,0,0,0,0,0,0,0,0,0,0,-0.276966198807724,42,54.22,-129.831,0,0,0.841538461538462,0.158461538461538,0,0,"SEAK"
"Babine Early Wild","Sockeye",2013,2135,8760,0,0,0,0,0,0,0,0,0,0,0,0,0,0,0,0,0,0,0,0,0,0,0,-1.41172925826771,42,54.22,-129.831,0,0,0.841538461538462,0.158461538461538,0,0,"SEAK"
"Babine Early Wild","Sockeye",2014,25974,20322,0,0,0,0,0,0,0,0,0,0,0,0,0,0,0,0,0,0,0,0,0,0,0,0.245391994624209,42,54.22,-129.831,0,0,0.841538461538462,0.158461538461538,0,0,"SEAK"
"Babine Early Wild","Sockeye",2015,10548,52239,0,0,0,0,0,0,0,0,0,0,0,0,0,0,0,0,0,0,0,0,0,0,0,-1.59989307387432,42,54.22,-129.831,0,0,0.841538461538462,0.158461538461538,0,0,"SEAK"
"Babine Late Wild","Sockeye",1960,528122,112920,0,0,0,0,0,0,0,0,0,0,0,0,0,0,0,0,0,0,0,0,0,0,0,1.54264771423664,43,54.22,-129.831,0,0,0.841538461538462,0.158461538461538,0,0,"SEAK"
"Babine Late Wild","Sockeye",1961,775612,467457,0,0,0,0,0,0,0,0,0,0,0,0,0,0,0,0,0,0,0,0,0,0,0,0.506345029252712,43,54.22,-129.831,0,0,0.841538461538462,0.158461538461538,0,0,"SEAK"
"Babine Late Wild","Sockeye",1962,1072980,354597,0,0,0,0,0,0,0,0,0,0,0,0,0,0,0,0,0,0,0,0,0,0,0,1.10721316976057,43,54.22,-129.831,0,0,0.841538461538462,0.158461538461538,0,0,"SEAK"
"Babine Late Wild","Sockeye",1963,1537616,193636,0,0,0,0,0,0,0,0,0,0,0,0,0,0,0,0,0,0,0,0,0,0,0,2.07200833602009,43,54.22,-129.831,0,0,0.841538461538462,0.158461538461538,0,0,"SEAK"
"Babine Late Wild","Sockeye",1964,422135,396889,0,0,0,0,0,0,0,0,0,0,0,0,0,0,0,0,0,0,0,0,0,0,0,0.0616685234751813,43,54.22,-129.831,0,0,0.841538461538462,0.158461538461538,0,0,"SEAK"
"Babine Late Wild","Sockeye",1965,677457,313242,0,0,0,0,0,0,0,0,0,0,0,0,0,0,0,0,0,0,0,0,0,0,0,0.771370027361994,43,54.22,-129.831,0,0,0.841538461538462,0.158461538461538,0,0,"SEAK"
"Babine Late Wild","Sockeye",1966,1005183,243131,0,0,0,0,0,0,0,0,0,0,0,0,0,0,0,0,0,0,0,0,0,0,0,1.41932450073769,43,54.22,-129.831,0,0,0.841538461538462,0.158461538461538,0,0,"SEAK"
"Babine Late Wild","Sockeye",1967,1301038,296655,0,0,0,0,0,0,0,0,0,0,0,0,0,0,0,0,0,0,0,0,0,0,0,1.47834783894516,43,54.22,-129.831,0,0,0.841538461538462,0.158461538461538,0,0,"SEAK"
"Babine Late Wild","Sockeye",1968,574425,267415,0,0,0,0,0,0,0,0,0,0,0,0,0,0,0,0,0,0,0,0,0,0,0,0.764567781632507,43,54.22,-129.831,0,0,0.841538461538462,0.158461538461538,0,0,"SEAK"
"Babine Late Wild","Sockeye",1969,1255132,345342,0,0,0,0,0,0,0,0,0,0,0,0,0,0,0,0,0,0,0,0,0,0,0,1.2904607949563,43,54.22,-129.831,0,0,0.841538461538462,0.158461538461538,0,0,"SEAK"
"Babine Late Wild","Sockeye",1970,505521,327830,0,0,0,0,0,0,0,0,0,0,0,0,0,0,0,0,0,0,0,0,0,0,0,0.433094399283208,43,54.22,-129.831,0,0,0.841538461538462,0.158461538461538,0,0,"SEAK"
"Babine Late Wild","Sockeye",1971,524003,436876,0,0,0,0,0,0,0,0,0,0,0,0,0,0,0,0,0,0,0,0,0,0,0,0.181848007525775,43,54.22,-129.831,0,0,0.841538461538462,0.158461538461538,0,0,"SEAK"
"Babine Late Wild","Sockeye",1972,469660,309504,0,0,0,0,0,0,0,0,0,0,0,0,0,0,0,0,0,0,0,0,0,0,0,0.417038012553451,43,54.22,-129.831,0,0,0.841538461538462,0.158461538461538,0,0,"SEAK"
"Babine Late Wild","Sockeye",1973,443829,236140,0,0,0,0,0,0,0,0,0,0,0,0,0,0,0,0,0,0,0,0,0,0,0,0.631014503634542,43,54.22,-129.831,0,0,0.841538461538462,0.158461538461538,0,0,"SEAK"
"Babine Late Wild","Sockeye",1974,150801,291444,0,0,0,0,0,0,0,0,0,0,0,0,0,0,0,0,0,0,0,0,0,0,0,-0.658886790706481,43,54.22,-129.831,0,0,0.841538461538462,0.158461538461538,0,0,"SEAK"
"Babine Late Wild","Sockeye",1975,1291170,118485,0,0,0,0,0,0,0,0,0,0,0,0,0,0,0,0,0,0,0,0,0,0,0,2.38851769276053,43,54.22,-129.831,0,0,0.841538461538462,0.158461538461538,0,0,"SEAK"
"Babine Late Wild","Sockeye",1976,173522,163137,0,0,0,0,0,0,0,0,0,0,0,0,0,0,0,0,0,0,0,0,0,0,0,0.0617140539113572,43,54.22,-129.831,0,0,0.841538461538462,0.158461538461538,0,0,"SEAK"
"Babine Late Wild","Sockeye",1977,770631,199711,0,0,0,0,0,0,0,0,0,0,0,0,0,0,0,0,0,0,0,0,0,0,0,1.35033833824766,43,54.22,-129.831,0,0,0.841538461538462,0.158461538461538,0,0,"SEAK"
"Babine Late Wild","Sockeye",1978,244544,57402,0,0,0,0,0,0,0,0,0,0,0,0,0,0,0,0,0,0,0,0,0,0,0,1.44931610590035,43,54.22,-129.831,0,0,0.841538461538462,0.158461538461538,0,0,"SEAK"
"Babine Late Wild","Sockeye",1979,267691,357449,0,0,0,0,0,0,0,0,0,0,0,0,0,0,0,0,0,0,0,0,0,0,0,-0.289159364377298,43,54.22,-129.831,0,0,0.841538461538462,0.158461538461538,0,0,"SEAK"
"Babine Late Wild","Sockeye",1980,1349751,197031,0,0,0,0,0,0,0,0,0,0,0,0,0,0,0,0,0,0,0,0,0,0,0,1.92431433321183,43,54.22,-129.831,0,0,0.841538461538462,0.158461538461538,0,0,"SEAK"
"Babine Late Wild","Sockeye",1981,817576,113332,0,0,0,0,0,0,0,0,0,0,0,0,0,0,0,0,0,0,0,0,0,0,0,1.97602230064415,43,54.22,-129.831,0,0,0.841538461538462,0.158461538461538,0,0,"SEAK"
"Babine Late Wild","Sockeye",1982,370993,159595,0,0,0,0,0,0,0,0,0,0,0,0,0,0,0,0,0,0,0,0,0,0,0,0.843543838300741,43,54.22,-129.831,0,0,0.841538461538462,0.158461538461538,0,0,"SEAK"
"Babine Late Wild","Sockeye",1983,369446,103027,0,0,0,0,0,0,0,0,0,0,0,0,0,0,0,0,0,0,0,0,0,0,0,1.27701349647084,43,54.22,-129.831,0,0,0.841538461538462,0.158461538461538,0,0,"SEAK"
"Babine Late Wild","Sockeye",1984,789445,204447,0,0,0,0,0,0,0,0,0,0,0,0,0,0,0,0,0,0,0,0,0,0,0,1.35102139373581,43,54.22,-129.831,0,0,0.841538461538462,0.158461538461538,0,0,"SEAK"
"Babine Late Wild","Sockeye",1985,532209,623637,0,0,0,0,0,0,0,0,0,0,0,0,0,0,0,0,0,0,0,0,0,0,0,-0.158532198992864,43,54.22,-129.831,0,0,0.841538461538462,0.158461538461538,0,0,"SEAK"
"Babine Late Wild","Sockeye",1986,1138056,167437,0,0,0,0,0,0,0,0,0,0,0,0,0,0,0,0,0,0,0,0,0,0,0,1.91646966150289,43,54.22,-129.831,0,0,0.841538461538462,0.158461538461538,0,0,"SEAK"
"Babine Late Wild","Sockeye",1987,1401026,237400,0,0,0,0,0,0,0,0,0,0,0,0,0,0,0,0,0,0,0,0,0,0,0,1.77521362216197,43,54.22,-129.831,0,0,0.841538461538462,0.158461538461538,0,0,"SEAK"
"Babine Late Wild","Sockeye",1988,2144883,241974,0,0,0,0,0,0,0,0,0,0,0,0,0,0,0,0,0,0,0,0,0,0,0,2.18201000205163,43,54.22,-129.831,0,0,0.841538461538462,0.158461538461538,0,0,"SEAK"
"Babine Late Wild","Sockeye",1989,1036725,132563,0,0,0,0,0,0,0,0,0,0,0,0,0,0,0,0,0,0,0,0,0,0,0,2.05676398089499,43,54.22,-129.831,0,0,0.841538461538462,0.158461538461538,0,0,"SEAK"
"Babine Late Wild","Sockeye",1990,234101,198864,0,0,0,0,0,0,0,0,0,0,0,0,0,0,0,0,0,0,0,0,0,0,0,0.163131472163355,43,54.22,-129.831,0,0,0.841538461538462,0.158461538461538,0,0,"SEAK"
"Babine Late Wild","Sockeye",1991,365727,432582,0,0,0,0,0,0,0,0,0,0,0,0,0,0,0,0,0,0,0,0,0,0,0,-0.16788475033774,43,54.22,-129.831,0,0,0.841538461538462,0.158461538461538,0,0,"SEAK"
"Babine Late Wild","Sockeye",1992,661265,582914,0,0,0,0,0,0,0,0,0,0,0,0,0,0,0,0,0,0,0,0,0,0,0,0.126115004620337,43,54.22,-129.831,0,0,0.841538461538462,0.158461538461538,0,0,"SEAK"
"Babine Late Wild","Sockeye",1993,314775,595377,0,0,0,0,0,0,0,0,0,0,0,0,0,0,0,0,0,0,0,0,0,0,0,-0.637336720454996,43,54.22,-129.831,0,0,0.841538461538462,0.158461538461538,0,0,"SEAK"
"Babine Late Wild","Sockeye",1994,35280,132299,0,0,0,0,0,0,0,0,0,0,0,0,0,0,0,0,0,0,0,0,0,0,0,-1.32174828137477,43,54.22,-129.831,0,0,0.841538461538462,0.158461538461538,0,0,"SEAK"
"Babine Late Wild","Sockeye",1995,231973,69506,0,0,0,0,0,0,0,0,0,0,0,0,0,0,0,0,0,0,0,0,0,0,0,1.20520790580367,43,54.22,-129.831,0,0,0.841538461538462,0.158461538461538,0,0,"SEAK"
"Babine Late Wild","Sockeye",1996,1965568,143305,0,0,0,0,0,0,0,0,0,0,0,0,0,0,0,0,0,0,0,0,0,0,0,2.61856131499744,43,54.22,-129.831,0,0,0.841538461538462,0.158461538461538,0,0,"SEAK"
"Babine Late Wild","Sockeye",1997,259926,129975,0,0,0,0,0,0,0,0,0,0,0,0,0,0,0,0,0,0,0,0,0,0,0,0.693054850850487,43,54.22,-129.831,0,0,0.841538461538462,0.158461538461538,0,0,"SEAK"
"Babine Late Wild","Sockeye",1998,291458,97880,0,0,0,0,0,0,0,0,0,0,0,0,0,0,0,0,0,0,0,0,0,0,0,1.09115367450246,43,54.22,-129.831,0,0,0.841538461538462,0.158461538461538,0,0,"SEAK"
"Babine Late Wild","Sockeye",1999,151930,155040,0,0,0,0,0,0,0,0,0,0,0,0,0,0,0,0,0,0,0,0,0,0,0,-0.0202632596867811,43,54.22,-129.831,0,0,0.841538461538462,0.158461538461538,0,0,"SEAK"
"Babine Late Wild","Sockeye",2000,485631,185020,0,0,0,0,0,0,0,0,0,0,0,0,0,0,0,0,0,0,0,0,0,0,0,0.96498514891477,43,54.22,-129.831,0,0,0.841538461538462,0.158461538461538,0,0,"SEAK"
"Babine Late Wild","Sockeye",2001,199543,617401,0,0,0,0,0,0,0,0,0,0,0,0,0,0,0,0,0,0,0,0,0,0,0,-1.12948897981037,43,54.22,-129.831,0,0,0.841538461538462,0.158461538461538,0,0,"SEAK"
"Babine Late Wild","Sockeye",2002,487062,130726,0,0,0,0,0,0,0,0,0,0,0,0,0,0,0,0,0,0,0,0,0,0,0,1.31528789534981,43,54.22,-129.831,0,0,0.841538461538462,0.158461538461538,0,0,"SEAK"
"Babine Late Wild","Sockeye",2003,68282,99284,0,0,0,0,0,0,0,0,0,0,0,0,0,0,0,0,0,0,0,0,0,0,0,-0.374338241522032,43,54.22,-129.831,0,0,0.841538461538462,0.158461538461538,0,0,"SEAK"
"Babine Late Wild","Sockeye",2004,291126,249231,0,0,0,0,0,0,0,0,0,0,0,0,0,0,0,0,0,0,0,0,0,0,0,0.155375985898893,43,54.22,-129.831,0,0,0.841538461538462,0.158461538461538,0,0,"SEAK"
"Babine Late Wild","Sockeye",2005,74829,163178,0,0,0,0,0,0,0,0,0,0,0,0,0,0,0,0,0,0,0,0,0,0,0,-0.779636119142814,43,54.22,-129.831,0,0,0.841538461538462,0.158461538461538,0,0,"SEAK"
"Babine Late Wild","Sockeye",2006,217627,137660,0,0,0,0,0,0,0,0,0,0,0,0,0,0,0,0,0,0,0,0,0,0,0,0.457995711196526,43,54.22,-129.831,0,0,0.841538461538462,0.158461538461538,0,0,"SEAK"
"Babine Late Wild","Sockeye",2007,310126,100762,0,0,0,0,0,0,0,0,0,0,0,0,0,0,0,0,0,0,0,0,0,0,0,1.12421736607911,43,54.22,-129.831,0,0,0.841538461538462,0.158461538461538,0,0,"SEAK"
"Babine Late Wild","Sockeye",2008,49090,93158,0,0,0,0,0,0,0,0,0,0,0,0,0,0,0,0,0,0,0,0,0,0,0,-0.640641628274338,43,54.22,-129.831,0,0,0.841538461538462,0.158461538461538,0,0,"SEAK"
"Babine Late Wild","Sockeye",2009,50436,93791,0,0,0,0,0,0,0,0,0,0,0,0,0,0,0,0,0,0,0,0,0,0,0,-0.620363696770524,43,54.22,-129.831,0,0,0.841538461538462,0.158461538461538,0,0,"SEAK"
"Babine Late Wild","Sockeye",2010,330958,74126,0,0,0,0,0,0,0,0,0,0,0,0,0,0,0,0,0,0,0,0,0,0,0,1.49622513115653,43,54.22,-129.831,0,0,0.841538461538462,0.158461538461538,0,0,"SEAK"
"Babine Late Wild","Sockeye",2011,380731,152998,0,0,0,0,0,0,0,0,0,0,0,0,0,0,0,0,0,0,0,0,0,0,0,0.911668239608399,43,54.22,-129.831,0,0,0.841538461538462,0.158461538461538,0,0,"SEAK"
"Babine Late Wild","Sockeye",2012,172403,112218,0,0,0,0,0,0,0,0,0,0,0,0,0,0,0,0,0,0,0,0,0,0,0,0.429391351441384,43,54.22,-129.831,0,0,0.841538461538462,0.158461538461538,0,0,"SEAK"
"Babine Late Wild","Sockeye",2013,18534,39602,0,0,0,0,0,0,0,0,0,0,0,0,0,0,0,0,0,0,0,0,0,0,0,-0.759272738871103,43,54.22,-129.831,0,0,0.841538461538462,0.158461538461538,0,0,"SEAK"
"Babine Late Wild","Sockeye",2014,392386,133779,0,0,0,0,0,0,0,0,0,0,0,0,0,0,0,0,0,0,0,0,0,0,0,1.07605686447159,43,54.22,-129.831,0,0,0.841538461538462,0.158461538461538,0,0,"SEAK"
"Babine Late Wild","Sockeye",2015,60734,140168,0,0,0,0,0,0,0,0,0,0,0,0,0,0,0,0,0,0,0,0,0,0,0,-0.836338030138876,43,54.22,-129.831,0,0,0.841538461538462,0.158461538461538,0,0,"SEAK"
"Babine Mid Wild","Sockeye",1960,45409,12298,0,0,0,0,0,0,0,0,0,0,0,0,0,0,0,0,0,0,0,0,0,0,0,1.30627367575495,44,54.22,-129.831,0,0,0.841538461538462,0.158461538461538,0,0,"SEAK"
"Babine Mid Wild","Sockeye",1961,33571,33657,0,0,0,0,0,0,0,0,0,0,0,0,0,0,0,0,0,0,0,0,0,0,0,-0.00255845918102398,44,54.22,-129.831,0,0,0.841538461538462,0.158461538461538,0,0,"SEAK"
"Babine Mid Wild","Sockeye",1962,62111,16828,0,0,0,0,0,0,0,0,0,0,0,0,0,0,0,0,0,0,0,0,0,0,0,1.30587894118024,44,54.22,-129.831,0,0,0.841538461538462,0.158461538461538,0,0,"SEAK"
"Babine Mid Wild","Sockeye",1963,175926,56280,0,0,0,0,0,0,0,0,0,0,0,0,0,0,0,0,0,0,0,0,0,0,0,1.13972421983071,44,54.22,-129.831,0,0,0.841538461538462,0.158461538461538,0,0,"SEAK"
"Babine Mid Wild","Sockeye",1964,45527,35960,0,0,0,0,0,0,0,0,0,0,0,0,0,0,0,0,0,0,0,0,0,0,0,0.235898346950821,44,54.22,-129.831,0,0,0.841538461538462,0.158461538461538,0,0,"SEAK"
"Babine Mid Wild","Sockeye",1965,46101,11094,0,0,0,0,0,0,0,0,0,0,0,0,0,0,0,0,0,0,0,0,0,0,0,1.42443022010826,44,54.22,-129.831,0,0,0.841538461538462,0.158461538461538,0,0,"SEAK"
"Babine Mid Wild","Sockeye",1966,25136,15196,0,0,0,0,0,0,0,0,0,0,0,0,0,0,0,0,0,0,0,0,0,0,0,0.503268846187886,44,54.22,-129.831,0,0,0.841538461538462,0.158461538461538,0,0,"SEAK"
"Babine Mid Wild","Sockeye",1967,28929,24201,0,0,0,0,0,0,0,0,0,0,0,0,0,0,0,0,0,0,0,0,0,0,0,0.17845059757341,44,54.22,-129.831,0,0,0.841538461538462,0.158461538461538,0,0,"SEAK"
"Babine Mid Wild","Sockeye",1968,46245,55410,0,0,0,0,0,0,0,0,0,0,0,0,0,0,0,0,0,0,0,0,0,0,0,-0.180806732873035,44,54.22,-129.831,0,0,0.841538461538462,0.158461538461538,0,0,"SEAK"
"Babine Mid Wild","Sockeye",1969,124776,32575,0,0,0,0,0,0,0,0,0,0,0,0,0,0,0,0,0,0,0,0,0,0,0,1.34297500673862,44,54.22,-129.831,0,0,0.841538461538462,0.158461538461538,0,0,"SEAK"
"Babine Mid Wild","Sockeye",1970,58958,7423,0,0,0,0,0,0,0,0,0,0,0,0,0,0,0,0,0,0,0,0,0,0,0,2.07224203786775,44,54.22,-129.831,0,0,0.841538461538462,0.158461538461538,0,0,"SEAK"
"Babine Mid Wild","Sockeye",1971,58171,8381,0,0,0,0,0,0,0,0,0,0,0,0,0,0,0,0,0,0,0,0,0,0,0,1.93741970965006,44,54.22,-129.831,0,0,0.841538461538462,0.158461538461538,0,0,"SEAK"
"Babine Mid Wild","Sockeye",1972,31034,10277,0,0,0,0,0,0,0,0,0,0,0,0,0,0,0,0,0,0,0,0,0,0,0,1.10517498901836,44,54.22,-129.831,0,0,0.841538461538462,0.158461538461538,0,0,"SEAK"
"Babine Mid Wild","Sockeye",1973,27197,32179,0,0,0,0,0,0,0,0,0,0,0,0,0,0,0,0,0,0,0,0,0,0,0,-0.168207392777943,44,54.22,-129.831,0,0,0.841538461538462,0.158461538461538,0,0,"SEAK"
"Babine Mid Wild","Sockeye",1974,8349,38189,0,0,0,0,0,0,0,0,0,0,0,0,0,0,0,0,0,0,0,0,0,0,0,-1.52040574481758,44,54.22,-129.831,0,0,0.841538461538462,0.158461538461538,0,0,"SEAK"
"Babine Mid Wild","Sockeye",1975,66954,28686,0,0,0,0,0,0,0,0,0,0,0,0,0,0,0,0,0,0,0,0,0,0,0,0.847596617559598,44,54.22,-129.831,0,0,0.841538461538462,0.158461538461538,0,0,"SEAK"
"Babine Mid Wild","Sockeye",1976,8785,8022,0,0,0,0,0,0,0,0,0,0,0,0,0,0,0,0,0,0,0,0,0,0,0,0.0908579542911995,44,54.22,-129.831,0,0,0.841538461538462,0.158461538461538,0,0,"SEAK"
"Babine Mid Wild","Sockeye",1977,30860,15573,0,0,0,0,0,0,0,0,0,0,0,0,0,0,0,0,0,0,0,0,0,0,0,0.683922201421813,44,54.22,-129.831,0,0,0.841538461538462,0.158461538461538,0,0,"SEAK"
"Babine Mid Wild","Sockeye",1978,13630,3931,0,0,0,0,0,0,0,0,0,0,0,0,0,0,0,0,0,0,0,0,0,0,0,1.24337939926872,44,54.22,-129.831,0,0,0.841538461538462,0.158461538461538,0,0,"SEAK"
"Babine Mid Wild","Sockeye",1979,12234,21765,0,0,0,0,0,0,0,0,0,0,0,0,0,0,0,0,0,0,0,0,0,0,0,-0.576084214183888,44,54.22,-129.831,0,0,0.841538461538462,0.158461538461538,0,0,"SEAK"
"Babine Mid Wild","Sockeye",1980,38711,11166,0,0,0,0,0,0,0,0,0,0,0,0,0,0,0,0,0,0,0,0,0,0,0,1.24325035048578,44,54.22,-129.831,0,0,0.841538461538462,0.158461538461538,0,0,"SEAK"
"Babine Mid Wild","Sockeye",1981,19508,7178,0,0,0,0,0,0,0,0,0,0,0,0,0,0,0,0,0,0,0,0,0,0,0,0.999803845122391,44,54.22,-129.831,0,0,0.841538461538462,0.158461538461538,0,0,"SEAK"
"Babine Mid Wild","Sockeye",1982,15554,4827,0,0,0,0,0,0,0,0,0,0,0,0,0,0,0,0,0,0,0,0,0,0,0,1.1700926835944,44,54.22,-129.831,0,0,0.841538461538462,0.158461538461538,0,0,"SEAK"
"Babine Mid Wild","Sockeye",1983,27206,8904,0,0,0,0,0,0,0,0,0,0,0,0,0,0,0,0,0,0,0,0,0,0,0,1.11693692323799,44,54.22,-129.831,0,0,0.841538461538462,0.158461538461538,0,0,"SEAK"
"Babine Mid Wild","Sockeye",1984,59718,8065,0,0,0,0,0,0,0,0,0,0,0,0,0,0,0,0,0,0,0,0,0,0,0,2.00209977091481,44,54.22,-129.831,0,0,0.841538461538462,0.158461538461538,0,0,"SEAK"
"Babine Mid Wild","Sockeye",1985,19260,17229,0,0,0,0,0,0,0,0,0,0,0,0,0,0,0,0,0,0,0,0,0,0,0,0.11143639581971,44,54.22,-129.831,0,0,0.841538461538462,0.158461538461538,0,0,"SEAK"
"Babine Mid Wild","Sockeye",1986,51392,3874,0,0,0,0,0,0,0,0,0,0,0,0,0,0,0,0,0,0,0,0,0,0,0,2.58519495333949,44,54.22,-129.831,0,0,0.841538461538462,0.158461538461538,0,0,"SEAK"
"Babine Mid Wild","Sockeye",1987,29242,15786,0,0,0,0,0,0,0,0,0,0,0,0,0,0,0,0,0,0,0,0,0,0,0,0.616482560709036,44,54.22,-129.831,0,0,0.841538461538462,0.158461538461538,0,0,"SEAK"
"Babine Mid Wild","Sockeye",1988,56070,23459,0,0,0,0,0,0,0,0,0,0,0,0,0,0,0,0,0,0,0,0,0,0,0,0.871346693564705,44,54.22,-129.831,0,0,0.841538461538462,0.158461538461538,0,0,"SEAK"
"Babine Mid Wild","Sockeye",1989,35961,7701,0,0,0,0,0,0,0,0,0,0,0,0,0,0,0,0,0,0,0,0,0,0,0,1.54108482733596,44,54.22,-129.831,0,0,0.841538461538462,0.158461538461538,0,0,"SEAK"
"Babine Mid Wild","Sockeye",1990,14442,7395,0,0,0,0,0,0,0,0,0,0,0,0,0,0,0,0,0,0,0,0,0,0,0,0.669336531866227,44,54.22,-129.831,0,0,0.841538461538462,0.158461538461538,0,0,"SEAK"
"Babine Mid Wild","Sockeye",1991,22859,24980,0,0,0,0,0,0,0,0,0,0,0,0,0,0,0,0,0,0,0,0,0,0,0,-0.0887305918195204,44,54.22,-129.831,0,0,0.841538461538462,0.158461538461538,0,0,"SEAK"
"Babine Mid Wild","Sockeye",1992,112067,8426,0,0,0,0,0,0,0,0,0,0,0,0,0,0,0,0,0,0,0,0,0,0,0,2.58777474316515,44,54.22,-129.831,0,0,0.841538461538462,0.158461538461538,0,0,"SEAK"
"Babine Mid Wild","Sockeye",1993,59876,21962,0,0,0,0,0,0,0,0,0,0,0,0,0,0,0,0,0,0,0,0,0,0,0,1.00296206987747,44,54.22,-129.831,0,0,0.841538461538462,0.158461538461538,0,0,"SEAK"
"Babine Mid Wild","Sockeye",1994,5213,7560,0,0,0,0,0,0,0,0,0,0,0,0,0,0,0,0,0,0,0,0,0,0,0,-0.371715684405473,44,54.22,-129.831,0,0,0.841538461538462,0.158461538461538,0,0,"SEAK"
"Babine Mid Wild","Sockeye",1995,31227,6555,0,0,0,0,0,0,0,0,0,0,0,0,0,0,0,0,0,0,0,0,0,0,0,1.56105498798578,44,54.22,-129.831,0,0,0.841538461538462,0.158461538461538,0,0,"SEAK"
"Babine Mid Wild","Sockeye",1996,155725,7975,0,0,0,0,0,0,0,0,0,0,0,0,0,0,0,0,0,0,0,0,0,0,0,2.9717799824693,44,54.22,-129.831,0,0,0.841538461538462,0.158461538461538,0,0,"SEAK"
"Babine Mid Wild","Sockeye",1997,33238,34660,0,0,0,0,0,0,0,0,0,0,0,0,0,0,0,0,0,0,0,0,0,0,0,-0.0418924845821285,44,54.22,-129.831,0,0,0.841538461538462,0.158461538461538,0,0,"SEAK"
"Babine Mid Wild","Sockeye",1998,123384,16545,0,0,0,0,0,0,0,0,0,0,0,0,0,0,0,0,0,0,0,0,0,0,0,2.00921750204774,44,54.22,-129.831,0,0,0.841538461538462,0.158461538461538,0,0,"SEAK"
"Babine Mid Wild","Sockeye",1999,51590,22946,0,0,0,0,0,0,0,0,0,0,0,0,0,0,0,0,0,0,0,0,0,0,0,0.810184225879607,44,54.22,-129.831,0,0,0.841538461538462,0.158461538461538,0,0,"SEAK"
"Babine Mid Wild","Sockeye",2000,95441,19982,0,0,0,0,0,0,0,0,0,0,0,0,0,0,0,0,0,0,0,0,0,0,0,1.56367638721103,44,54.22,-129.831,0,0,0.841538461538462,0.158461538461538,0,0,"SEAK"
"Babine Mid Wild","Sockeye",2001,31173,47818,0,0,0,0,0,0,0,0,0,0,0,0,0,0,0,0,0,0,0,0,0,0,0,-0.427849802112122,44,54.22,-129.831,0,0,0.841538461538462,0.158461538461538,0,0,"SEAK"
"Babine Mid Wild","Sockeye",2002,50233,24573,0,0,0,0,0,0,0,0,0,0,0,0,0,0,0,0,0,0,0,0,0,0,0,0.715023902040683,44,54.22,-129.831,0,0,0.841538461538462,0.158461538461538,0,0,"SEAK"
"Babine Mid Wild","Sockeye",2003,7751,83151,0,0,0,0,0,0,0,0,0,0,0,0,0,0,0,0,0,0,0,0,0,0,0,-2.37283636472545,44,54.22,-129.831,0,0,0.841538461538462,0.158461538461538,0,0,"SEAK"
"Babine Mid Wild","Sockeye",2004,41610,51747,0,0,0,0,0,0,0,0,0,0,0,0,0,0,0,0,0,0,0,0,0,0,0,-0.218025936455752,44,54.22,-129.831,0,0,0.841538461538462,0.158461538461538,0,0,"SEAK"
"Babine Mid Wild","Sockeye",2005,9317,31371,0,0,0,0,0,0,0,0,0,0,0,0,0,0,0,0,0,0,0,0,0,0,0,-1.21404321081627,44,54.22,-129.831,0,0,0.841538461538462,0.158461538461538,0,0,"SEAK"
"Babine Mid Wild","Sockeye",2006,45342,12515,0,0,0,0,0,0,0,0,0,0,0,0,0,0,0,0,0,0,0,0,0,0,0,1.2873058303829,44,54.22,-129.831,0,0,0.841538461538462,0.158461538461538,0,0,"SEAK"
"Babine Mid Wild","Sockeye",2007,149474,12595,0,0,0,0,0,0,0,0,0,0,0,0,0,0,0,0,0,0,0,0,0,0,0,2.47382255485806,44,54.22,-129.831,0,0,0.841538461538462,0.158461538461538,0,0,"SEAK"
"Babine Mid Wild","Sockeye",2008,24730,12744,0,0,0,0,0,0,0,0,0,0,0,0,0,0,0,0,0,0,0,0,0,0,0,0.662956508925577,44,54.22,-129.831,0,0,0.841538461538462,0.158461538461538,0,0,"SEAK"
"Babine Mid Wild","Sockeye",2009,6686,18341,0,0,0,0,0,0,0,0,0,0,0,0,0,0,0,0,0,0,0,0,0,0,0,-1.00912320297099,44,54.22,-129.831,0,0,0.841538461538462,0.158461538461538,0,0,"SEAK"
"Babine Mid Wild","Sockeye",2010,74400,6065,0,0,0,0,0,0,0,0,0,0,0,0,0,0,0,0,0,0,0,0,0,0,0,2.50692139944303,44,54.22,-129.831,0,0,0.841538461538462,0.158461538461538,0,0,"SEAK"
"Babine Mid Wild","Sockeye",2011,105950,43110,0,0,0,0,0,0,0,0,0,0,0,0,0,0,0,0,0,0,0,0,0,0,0,0.899212295955265,44,54.22,-129.831,0,0,0.841538461538462,0.158461538461538,0,0,"SEAK"
"Babine Mid Wild","Sockeye",2012,39293,82348,0,0,0,0,0,0,0,0,0,0,0,0,0,0,0,0,0,0,0,0,0,0,0,-0.739907783784918,44,54.22,-129.831,0,0,0.841538461538462,0.158461538461538,0,0,"SEAK"
"Babine Mid Wild","Sockeye",2013,1320,7960,0,0,0,0,0,0,0,0,0,0,0,0,0,0,0,0,0,0,0,0,0,0,0,-1.79679726325801,44,54.22,-129.831,0,0,0.841538461538462,0.158461538461538,0,0,"SEAK"
"Babine Mid Wild","Sockeye",2014,30338,14701,0,0,0,0,0,0,0,0,0,0,0,0,0,0,0,0,0,0,0,0,0,0,0,0.724485533487651,44,54.22,-129.831,0,0,0.841538461538462,0.158461538461538,0,0,"SEAK"
"Babine Mid Wild","Sockeye",2015,39560,68421,0,0,0,0,0,0,0,0,0,0,0,0,0,0,0,0,0,0,0,0,0,0,0,-0.547861288297611,44,54.22,-129.831,0,0,0.841538461538462,0.158461538461538,0,0,"SEAK"
"Bear-Skeena","Sockeye",1960,9187,3808,0,0,0,0,0,0,0,0,0,0,0,0,0,0,0,0,0,0,0,0,0,0,0,0.880685324360211,45,54.22,-129.831,0,0,0.93,0.07,0,0,"SEAK"
"Bear-Skeena","Sockeye",1961,5046,3288,0,0,0,0,0,0,0,0,0,0,0,0,0,0,0,0,0,0,0,0,0,0,0,0.428316373024933,45,54.22,-129.831,0,0,0.93,0.07,0,0,"SEAK"
"Bear-Skeena","Sockeye",1962,6681,5020,0,0,0,0,0,0,0,0,0,0,0,0,0,0,0,0,0,0,0,0,0,0,0,0.285837743239702,45,54.22,-129.831,0,0,0.93,0.07,0,0,"SEAK"
"Bear-Skeena","Sockeye",1963,6818,9954,0,0,0,0,0,0,0,0,0,0,0,0,0,0,0,0,0,0,0,0,0,0,0,-0.378408306720651,45,54.22,-129.831,0,0,0.93,0.07,0,0,"SEAK"
"Bear-Skeena","Sockeye",1964,5055,7814,0,0,0,0,0,0,0,0,0,0,0,0,0,0,0,0,0,0,0,0,0,0,0,-0.435539144160444,45,54.22,-129.831,0,0,0.93,0.07,0,0,"SEAK"
"Bear-Skeena","Sockeye",1965,3830,2633,0,0,0,0,0,0,0,0,0,0,0,0,0,0,0,0,0,0,0,0,0,0,0,0.374740922678382,45,54.22,-129.831,0,0,0.93,0.07,0,0,"SEAK"
"Bear-Skeena","Sockeye",1966,2139,1307,0,0,0,0,0,0,0,0,0,0,0,0,0,0,0,0,0,0,0,0,0,0,0,0.492603995458184,45,54.22,-129.831,0,0,0.93,0.07,0,0,"SEAK"
"Bear-Skeena","Sockeye",1967,16792,2320,0,0,0,0,0,0,0,0,0,0,0,0,0,0,0,0,0,0,0,0,0,0,0,1.97933539684011,45,54.22,-129.831,0,0,0.93,0.07,0,0,"SEAK"
"Bear-Skeena","Sockeye",1968,41933,2420,0,0,0,0,0,0,0,0,0,0,0,0,0,0,0,0,0,0,0,0,0,0,0,2.85230556627244,45,54.22,-129.831,0,0,0.93,0.07,0,0,"SEAK"
"Bear-Skeena","Sockeye",1969,38050,2027,0,0,0,0,0,0,0,0,0,0,0,0,0,0,0,0,0,0,0,0,0,0,0,2.93234421683783,45,54.22,-129.831,0,0,0.93,0.07,0,0,"SEAK"
"Bear-Skeena","Sockeye",1970,15522,1635,0,0,0,0,0,0,0,0,0,0,0,0,0,0,0,0,0,0,0,0,0,0,0,2.25061556808273,45,54.22,-129.831,0,0,0.93,0.07,0,0,"SEAK"
"Bear-Skeena","Sockeye",1971,3731,594,0,0,0,0,0,0,0,0,0,0,0,0,0,0,0,0,0,0,0,0,0,0,0,1.83755225385851,45,54.22,-129.831,0,0,0.93,0.07,0,0,"SEAK"
"Bear-Skeena","Sockeye",1972,2652,10400,0,0,0,0,0,0,0,0,0,0,0,0,0,0,0,0,0,0,0,0,0,0,0,-1.36649173382371,45,54.22,-129.831,0,0,0.93,0.07,0,0,"SEAK"
"Bear-Skeena","Sockeye",1973,5657,18857,0,0,0,0,0,0,0,0,0,0,0,0,0,0,0,0,0,0,0,0,0,0,0,-1.20399048138377,45,54.22,-129.831,0,0,0.93,0.07,0,0,"SEAK"
"Bear-Skeena","Sockeye",1974,5830,10553,0,0,0,0,0,0,0,0,0,0,0,0,0,0,0,0,0,0,0,0,0,0,0,-0.593393179326552,45,54.22,-129.831,0,0,0.93,0.07,0,0,"SEAK"
"Bear-Skeena","Sockeye",1975,5391,2249,0,0,0,0,0,0,0,0,0,0,0,0,0,0,0,0,0,0,0,0,0,0,0,0.874245223492353,45,54.22,-129.831,0,0,0.93,0.07,0,0,"SEAK"
"Bear-Skeena","Sockeye",1976,3454,200,0,0,0,0,0,0,0,0,0,0,0,0,0,0,0,0,0,0,0,0,0,0,0,2.84897089215859,45,54.22,-129.831,0,0,0.93,0.07,0,0,"SEAK"
"Bear-Skeena","Sockeye",1981,4744,1014,0,0,0,0,0,0,0,0,0,0,0,0,0,0,0,0,0,0,0,0,0,0,0,1.54297775652643,45,54.22,-129.831,0,0,0.93,0.07,0,0,"SEAK"
"Bear-Skeena","Sockeye",1984,8840,600,0,0,0,0,0,0,0,0,0,0,0,0,0,0,0,0,0,0,0,0,0,0,0,2.69011250041554,45,54.22,-129.831,0,0,0.93,0.07,0,0,"SEAK"
"Bear-Skeena","Sockeye",1985,5932,2643,0,0,0,0,0,0,0,0,0,0,0,0,0,0,0,0,0,0,0,0,0,0,0,0.808446788653534,45,54.22,-129.831,0,0,0.93,0.07,0,0,"SEAK"
"Bear-Skeena","Sockeye",1986,14691,2000,0,0,0,0,0,0,0,0,0,0,0,0,0,0,0,0,0,0,0,0,0,0,0,1.99408788082834,45,54.22,-129.831,0,0,0.93,0.07,0,0,"SEAK"
"Bear-Skeena","Sockeye",1987,14634,11217,0,0,0,0,0,0,0,0,0,0,0,0,0,0,0,0,0,0,0,0,0,0,0,0.265917103798752,45,54.22,-129.831,0,0,0.93,0.07,0,0,"SEAK"
"Bear-Skeena","Sockeye",1988,13679,6965,0,0,0,0,0,0,0,0,0,0,0,0,0,0,0,0,0,0,0,0,0,0,0,0.674964202875538,45,54.22,-129.831,0,0,0.93,0.07,0,0,"SEAK"
"Bear-Skeena","Sockeye",1989,16737,1607,0,0,0,0,0,0,0,0,0,0,0,0,0,0,0,0,0,0,0,0,0,0,0,2.34325275077613,45,54.22,-129.831,0,0,0.93,0.07,0,0,"SEAK"
"Bear-Skeena","Sockeye",1990,26532,2193,0,0,0,0,0,0,0,0,0,0,0,0,0,0,0,0,0,0,0,0,0,0,0,2.49308108222756,45,54.22,-129.831,0,0,0.93,0.07,0,0,"SEAK"
"Bear-Skeena","Sockeye",1991,23393,7283,0,0,0,0,0,0,0,0,0,0,0,0,0,0,0,0,0,0,0,0,0,0,0,1.16689396707585,45,54.22,-129.831,0,0,0.93,0.07,0,0,"SEAK"
"Bear-Skeena","Sockeye",1992,15763,4843,0,0,0,0,0,0,0,0,0,0,0,0,0,0,0,0,0,0,0,0,0,0,0,1.18013105822331,45,54.22,-129.831,0,0,0.93,0.07,0,0,"SEAK"
"Bear-Skeena","Sockeye",1993,9707,5322,0,0,0,0,0,0,0,0,0,0,0,0,0,0,0,0,0,0,0,0,0,0,0,0.600998102174592,45,54.22,-129.831,0,0,0.93,0.07,0,0,"SEAK"
"Bear-Skeena","Sockeye",1994,11243,7948,0,0,0,0,0,0,0,0,0,0,0,0,0,0,0,0,0,0,0,0,0,0,0,0.346825388078052,45,54.22,-129.831,0,0,0.93,0.07,0,0,"SEAK"
"Bear-Skeena","Sockeye",1995,10011,10573,0,0,0,0,0,0,0,0,0,0,0,0,0,0,0,0,0,0,0,0,0,0,0,-0.0546190933130429,45,54.22,-129.831,0,0,0.93,0.07,0,0,"SEAK"
"Bear-Skeena","Sockeye",1996,17164,6430,0,0,0,0,0,0,0,0,0,0,0,0,0,0,0,0,0,0,0,0,0,0,0,0.98183962887975,45,54.22,-129.831,0,0,0.93,0.07,0,0,"SEAK"
"Bear-Skeena","Sockeye",1997,6959,3632,0,0,0,0,0,0,0,0,0,0,0,0,0,0,0,0,0,0,0,0,0,0,0,0.650252325123666,45,54.22,-129.831,0,0,0.93,0.07,0,0,"SEAK"
"Bear-Skeena","Sockeye",1998,21805,3729,0,0,0,0,0,0,0,0,0,0,0,0,0,0,0,0,0,0,0,0,0,0,0,1.76599920009805,45,54.22,-129.831,0,0,0.93,0.07,0,0,"SEAK"
"Bear-Skeena","Sockeye",1999,17647,9420,0,0,0,0,0,0,0,0,0,0,0,0,0,0,0,0,0,0,0,0,0,0,0,0.627730708672824,45,54.22,-129.831,0,0,0.93,0.07,0,0,"SEAK"
"Bear-Skeena","Sockeye",2000,7192,3620,0,0,0,0,0,0,0,0,0,0,0,0,0,0,0,0,0,0,0,0,0,0,0,0.686495271331639,45,54.22,-129.831,0,0,0.93,0.07,0,0,"SEAK"
"Bear-Skeena","Sockeye",2001,3912,10548,0,0,0,0,0,0,0,0,0,0,0,0,0,0,0,0,0,0,0,0,0,0,0,-0.991887516318469,45,54.22,-129.831,0,0,0.93,0.07,0,0,"SEAK"
"Bear-Skeena","Sockeye",2002,1937,316,0,0,0,0,0,0,0,0,0,0,0,0,0,0,0,0,0,0,0,0,0,0,0,1.81315344982008,45,54.22,-129.831,0,0,0.93,0.07,0,0,"SEAK"
"Bear-Skeena","Sockeye",2003,8509,19669,0,0,0,0,0,0,0,0,0,0,0,0,0,0,0,0,0,0,0,0,0,0,0,-0.837919365400335,45,54.22,-129.831,0,0,0.93,0.07,0,0,"SEAK"
"Bear-Skeena","Sockeye",2004,10846,8118,0,0,0,0,0,0,0,0,0,0,0,0,0,0,0,0,0,0,0,0,0,0,0,0.289712530002163,45,54.22,-129.831,0,0,0.93,0.07,0,0,"SEAK"
"Bear-Skeena","Sockeye",2005,9394,1207,0,0,0,0,0,0,0,0,0,0,0,0,0,0,0,0,0,0,0,0,0,0,0,2.05193324548941,45,54.22,-129.831,0,0,0.93,0.07,0,0,"SEAK"
"Bear-Skeena","Sockeye",2006,17531,2177,0,0,0,0,0,0,0,0,0,0,0,0,0,0,0,0,0,0,0,0,0,0,0,2.08602296011933,45,54.22,-129.831,0,0,0.93,0.07,0,0,"SEAK"
"Bear-Skeena","Sockeye",2007,15156,548,0,0,0,0,0,0,0,0,0,0,0,0,0,0,0,0,0,0,0,0,0,0,0,3.31987648519048,45,54.22,-129.831,0,0,0.93,0.07,0,0,"SEAK"
"Bear-Skeena","Sockeye",2008,11604,6625,0,0,0,0,0,0,0,0,0,0,0,0,0,0,0,0,0,0,0,0,0,0,0,0.560499494386872,45,54.22,-129.831,0,0,0.93,0.07,0,0,"SEAK"
"Bear-Skeena","Sockeye",2009,21496,8780,0,0,0,0,0,0,0,0,0,0,0,0,0,0,0,0,0,0,0,0,0,0,0,0.895390463666165,45,54.22,-129.831,0,0,0.93,0.07,0,0,"SEAK"
"Bear-Skeena","Sockeye",2010,18637,6105,0,0,0,0,0,0,0,0,0,0,0,0,0,0,0,0,0,0,0,0,0,0,0,1.11604074453586,45,54.22,-129.831,0,0,0.93,0.07,0,0,"SEAK"
"Bear-Skeena","Sockeye",2011,27102,13532,0,0,0,0,0,0,0,0,0,0,0,0,0,0,0,0,0,0,0,0,0,0,0,0.69455027498206,45,54.22,-129.831,0,0,0.93,0.07,0,0,"SEAK"
"Bear-Skeena","Sockeye",2012,20664,8600,0,0,0,0,0,0,0,0,0,0,0,0,0,0,0,0,0,0,0,0,0,0,0,0.876630852534077,45,54.22,-129.831,0,0,0.93,0.07,0,0,"SEAK"
"Bear-Skeena","Sockeye",2013,21928,7803,0,0,0,0,0,0,0,0,0,0,0,0,0,0,0,0,0,0,0,0,0,0,0,1.03325608386586,45,54.22,-129.831,0,0,0.93,0.07,0,0,"SEAK"
"Bear-Skeena","Sockeye",2014,15283,17701,0,0,0,0,0,0,0,0,0,0,0,0,0,0,0,0,0,0,0,0,0,0,0,-0.14688003561332,45,54.22,-129.831,0,0,0.93,0.07,0,0,"SEAK"
"Bear-Skeena","Sockeye",2015,17877,11403,0,0,0,0,0,0,0,0,0,0,0,0,0,0,0,0,0,0,0,0,0,0,0,0.44963849175773,45,54.22,-129.831,0,0,0.93,0.07,0,0,"SEAK"
"Kitsumkalum","Sockeye",1960,4062,840,0,0,0,0,0,0,0,0,0,0,0,0,0,0,0,0,0,0,0,0,0,0,0,1.57602885030297,48,54.22,-129.831,0,0,0.94,0.06,0,0,"SEAK"
"Kitsumkalum","Sockeye",1961,4357,2241,0,0,0,0,0,0,0,0,0,0,0,0,0,0,0,0,0,0,0,0,0,0,0,0.664861552316515,48,54.22,-129.831,0,0,0.94,0.06,0,0,"SEAK"
"Kitsumkalum","Sockeye",1962,5999,2241,0,0,0,0,0,0,0,0,0,0,0,0,0,0,0,0,0,0,0,0,0,0,0,0.984670593852166,48,54.22,-129.831,0,0,0.94,0.06,0,0,"SEAK"
"Kitsumkalum","Sockeye",1963,5840,2024,0,0,0,0,0,0,0,0,0,0,0,0,0,0,0,0,0,0,0,0,0,0,0,1.05965504541492,48,54.22,-129.831,0,0,0.94,0.06,0,0,"SEAK"
"Kitsumkalum","Sockeye",1964,4429,1518,0,0,0,0,0,0,0,0,0,0,0,0,0,0,0,0,0,0,0,0,0,0,0,1.07078014596762,48,54.22,-129.831,0,0,0.94,0.06,0,0,"SEAK"
"Kitsumkalum","Sockeye",1965,3777,2987,0,0,0,0,0,0,0,0,0,0,0,0,0,0,0,0,0,0,0,0,0,0,0,0.234660504496347,48,54.22,-129.831,0,0,0.94,0.06,0,0,"SEAK"
"Kitsumkalum","Sockeye",1966,4006,1587,0,0,0,0,0,0,0,0,0,0,0,0,0,0,0,0,0,0,0,0,0,0,0,0.925947795699354,48,54.22,-129.831,0,0,0.94,0.06,0,0,"SEAK"
"Kitsumkalum","Sockeye",1967,8757,2894,0,0,0,0,0,0,0,0,0,0,0,0,0,0,0,0,0,0,0,0,0,0,0,1.1072137523308,48,54.22,-129.831,0,0,0.94,0.06,0,0,"SEAK"
"Kitsumkalum","Sockeye",1968,13624,1774,0,0,0,0,0,0,0,0,0,0,0,0,0,0,0,0,0,0,0,0,0,0,0,2.038596059473,48,54.22,-129.831,0,0,0.94,0.06,0,0,"SEAK"
"Kitsumkalum","Sockeye",1969,16049,2241,0,0,0,0,0,0,0,0,0,0,0,0,0,0,0,0,0,0,0,0,0,0,0,1.96872434752023,48,54.22,-129.831,0,0,0.94,0.06,0,0,"SEAK"
"Kitsumkalum","Sockeye",1970,11502,1774,0,0,0,0,0,0,0,0,0,0,0,0,0,0,0,0,0,0,0,0,0,0,0,1.86928404940417,48,54.22,-129.831,0,0,0.94,0.06,0,0,"SEAK"
"Kitsumkalum","Sockeye",1971,5628,2241,0,0,0,0,0,0,0,0,0,0,0,0,0,0,0,0,0,0,0,0,0,0,0,0.920831944433353,48,54.22,-129.831,0,0,0.94,0.06,0,0,"SEAK"
"Kitsumkalum","Sockeye",1972,8813,6348,0,0,0,0,0,0,0,0,0,0,0,0,0,0,0,0,0,0,0,0,0,0,0,0.328088101453361,48,54.22,-129.831,0,0,0.94,0.06,0,0,"SEAK"
"Kitsumkalum","Sockeye",1973,8305,6348,0,0,0,0,0,0,0,0,0,0,0,0,0,0,0,0,0,0,0,0,0,0,0,0.268717940401096,48,54.22,-129.831,0,0,0.94,0.06,0,0,"SEAK"
"Kitsumkalum","Sockeye",1974,3537,6348,0,0,0,0,0,0,0,0,0,0,0,0,0,0,0,0,0,0,0,0,0,0,0,-0.584860892440819,48,54.22,-129.831,0,0,0.94,0.06,0,0,"SEAK"
"Kitsumkalum","Sockeye",1975,1923,3548,0,0,0,0,0,0,0,0,0,0,0,0,0,0,0,0,0,0,0,0,0,0,0,-0.61249759784069,48,54.22,-129.831,0,0,0.94,0.06,0,0,"SEAK"
"Kitsumkalum","Sockeye",1976,1628,1774,0,0,0,0,0,0,0,0,0,0,0,0,0,0,0,0,0,0,0,0,0,0,0,-0.0858846163070391,48,54.22,-129.831,0,0,0.94,0.06,0,0,"SEAK"
"Kitsumkalum","Sockeye",1977,1992,6348,0,0,0,0,0,0,0,0,0,0,0,0,0,0,0,0,0,0,0,0,0,0,0,-1.15900064350176,48,54.22,-129.831,0,0,0.94,0.06,0,0,"SEAK"
"Kitsumkalum","Sockeye",1978,1990,1774,0,0,0,0,0,0,0,0,0,0,0,0,0,0,0,0,0,0,0,0,0,0,0,0.114897754849013,48,54.22,-129.831,0,0,0.94,0.06,0,0,"SEAK"
"Kitsumkalum","Sockeye",1979,1838,784,0,0,0,0,0,0,0,0,0,0,0,0,0,0,0,0,0,0,0,0,0,0,0,0.852024282565224,48,54.22,-129.831,0,0,0.94,0.06,0,0,"SEAK"
"Kitsumkalum","Sockeye",1980,3176,840,0,0,0,0,0,0,0,0,0,0,0,0,0,0,0,0,0,0,0,0,0,0,0,1.32997593052967,48,54.22,-129.831,0,0,0.94,0.06,0,0,"SEAK"
"Kitsumkalum","Sockeye",1981,4179,654,0,0,0,0,0,0,0,0,0,0,0,0,0,0,0,0,0,0,0,0,0,0,0,1.85471991099072,48,54.22,-129.831,0,0,0.94,0.06,0,0,"SEAK"
"Kitsumkalum","Sockeye",1982,5446,1027,0,0,0,0,0,0,0,0,0,0,0,0,0,0,0,0,0,0,0,0,0,0,0,1.66823946330515,48,54.22,-129.831,0,0,0.94,0.06,0,0,"SEAK"
"Kitsumkalum","Sockeye",1983,6204,822,0,0,0,0,0,0,0,0,0,0,0,0,0,0,0,0,0,0,0,0,0,0,0,2.02120912924025,48,54.22,-129.831,0,0,0.94,0.06,0,0,"SEAK"
"Kitsumkalum","Sockeye",1984,6904,1064,0,0,0,0,0,0,0,0,0,0,0,0,0,0,0,0,0,0,0,0,0,0,0,1.87006556286167,48,54.22,-129.831,0,0,0.94,0.06,0,0,"SEAK"
"Kitsumkalum","Sockeye",1985,10836,2127,0,0,0,0,0,0,0,0,0,0,0,0,0,0,0,0,0,0,0,0,0,0,0,1.62816138800475,48,54.22,-129.831,0,0,0.94,0.06,0,0,"SEAK"
"Kitsumkalum","Sockeye",1986,14532,2127,0,0,0,0,0,0,0,0,0,0,0,0,0,0,0,0,0,0,0,0,0,0,0,1.92164057814086,48,54.22,-129.831,0,0,0.94,0.06,0,0,"SEAK"
"Kitsumkalum","Sockeye",1987,29257,4254,0,0,0,0,0,0,0,0,0,0,0,0,0,0,0,0,0,0,0,0,0,0,0,1.92825914450757,48,54.22,-129.831,0,0,0.94,0.06,0,0,"SEAK"
"Kitsumkalum","Sockeye",1988,37299,2553,0,0,0,0,0,0,0,0,0,0,0,0,0,0,0,0,0,0,0,0,0,0,0,2.68169737837956,48,54.22,-129.831,0,0,0.94,0.06,0,0,"SEAK"
"Kitsumkalum","Sockeye",1989,44614,3829,0,0,0,0,0,0,0,0,0,0,0,0,0,0,0,0,0,0,0,0,0,0,0,2.45544403861943,48,54.22,-129.831,0,0,0.94,0.06,0,0,"SEAK"
"Kitsumkalum","Sockeye",1990,53148,6381,0,0,0,0,0,0,0,0,0,0,0,0,0,0,0,0,0,0,0,0,0,0,0,2.11975564984285,48,54.22,-129.831,0,0,0.94,0.06,0,0,"SEAK"
"Kitsumkalum","Sockeye",1991,39314,6381,0,0,0,0,0,0,0,0,0,0,0,0,0,0,0,0,0,0,0,0,0,0,0,1.8182558646494,48,54.22,-129.831,0,0,0.94,0.06,0,0,"SEAK"
"Kitsumkalum","Sockeye",1992,36058,17017,0,0,0,0,0,0,0,0,0,0,0,0,0,0,0,0,0,0,0,0,0,0,0,0.750915908730709,48,54.22,-129.831,0,0,0.94,0.06,0,0,"SEAK"
"Kitsumkalum","Sockeye",1993,35401,14890,0,0,0,0,0,0,0,0,0,0,0,0,0,0,0,0,0,0,0,0,0,0,0,0.866050221632398,48,54.22,-129.831,0,0,0.94,0.06,0,0,"SEAK"
"Kitsumkalum","Sockeye",1994,27820,23398,0,0,0,0,0,0,0,0,0,0,0,0,0,0,0,0,0,0,0,0,0,0,0,0.173104637869887,48,54.22,-129.831,0,0,0.94,0.06,0,0,"SEAK"
"Kitsumkalum","Sockeye",1995,36500,20739,0,0,0,0,0,0,0,0,0,0,0,0,0,0,0,0,0,0,0,0,0,0,0,0.565296274957208,48,54.22,-129.831,0,0,0.94,0.06,0,0,"SEAK"
"Kitsumkalum","Sockeye",1996,40566,8083,0,0,0,0,0,0,0,0,0,0,0,0,0,0,0,0,0,0,0,0,0,0,0,1.61316718658489,48,54.22,-129.831,0,0,0.94,0.06,0,0,"SEAK"
"Kitsumkalum","Sockeye",1997,42054,15528,0,0,0,0,0,0,0,0,0,0,0,0,0,0,0,0,0,0,0,0,0,0,0,0.996309660879534,48,54.22,-129.831,0,0,0.94,0.06,0,0,"SEAK"
"Kitsumkalum","Sockeye",1998,57757,16591,0,0,0,0,0,0,0,0,0,0,0,0,0,0,0,0,0,0,0,0,0,0,0,1.2473841745163,48,54.22,-129.831,0,0,0.94,0.06,0,0,"SEAK"
"Kitsumkalum","Sockeye",1999,52301,20411,0,0,0,0,0,0,0,0,0,0,0,0,0,0,0,0,0,0,0,0,0,0,0,0.940941520135069,48,54.22,-129.831,0,0,0.94,0.06,0,0,"SEAK"
"Kitsumkalum","Sockeye",2000,31176,24232,0,0,0,0,0,0,0,0,0,0,0,0,0,0,0,0,0,0,0,0,0,0,0,0.251974494311472,48,54.22,-129.831,0,0,0.94,0.06,0,0,"SEAK"
"Kitsumkalum","Sockeye",2001,25648,19614,0,0,0,0,0,0,0,0,0,0,0,0,0,0,0,0,0,0,0,0,0,0,0,0.268221998897069,48,54.22,-129.831,0,0,0.94,0.06,0,0,"SEAK"
"Kitsumkalum","Sockeye",2002,30280,26801,0,0,0,0,0,0,0,0,0,0,0,0,0,0,0,0,0,0,0,0,0,0,0,0.12204822831573,48,54.22,-129.831,0,0,0.94,0.06,0,0,"SEAK"
"Kitsumkalum","Sockeye",2003,33612,48643,0,0,0,0,0,0,0,0,0,0,0,0,0,0,0,0,0,0,0,0,0,0,0,-0.369624767321532,48,54.22,-129.831,0,0,0.94,0.06,0,0,"SEAK"
"Kitsumkalum","Sockeye",2004,32464,24328,0,0,0,0,0,0,0,0,0,0,0,0,0,0,0,0,0,0,0,0,0,0,0,0.288503832708395,48,54.22,-129.831,0,0,0.94,0.06,0,0,"SEAK"
"Kitsumkalum","Sockeye",2005,47414,16100,0,0,0,0,0,0,0,0,0,0,0,0,0,0,0,0,0,0,0,0,0,0,0,1.08009827175062,48,54.22,-129.831,0,0,0.94,0.06,0,0,"SEAK"
"Kitsumkalum","Sockeye",2006,54674,18745,0,0,0,0,0,0,0,0,0,0,0,0,0,0,0,0,0,0,0,0,0,0,0,1.07046122631286,48,54.22,-129.831,0,0,0.94,0.06,0,0,"SEAK"
"Kitsumkalum","Sockeye",2007,53379,16885,0,0,0,0,0,0,0,0,0,0,0,0,0,0,0,0,0,0,0,0,0,0,0,1.15099175635528,48,54.22,-129.831,0,0,0.94,0.06,0,0,"SEAK"
"Kitsumkalum","Sockeye",2008,46346,21452,0,0,0,0,0,0,0,0,0,0,0,0,0,0,0,0,0,0,0,0,0,0,0,0.77031710727501,48,54.22,-129.831,0,0,0.94,0.06,0,0,"SEAK"
"Kitsumkalum","Sockeye",2009,39059,25405,0,0,0,0,0,0,0,0,0,0,0,0,0,0,0,0,0,0,0,0,0,0,0,0.430127318436605,48,54.22,-129.831,0,0,0.94,0.06,0,0,"SEAK"
"Kitsumkalum","Sockeye",2010,33641,54028,0,0,0,0,0,0,0,0,0,0,0,0,0,0,0,0,0,0,0,0,0,0,0,-0.473756869519542,48,54.22,-129.831,0,0,0.94,0.06,0,0,"SEAK"
"Kitsumkalum","Sockeye",2011,31950,33468,0,0,0,0,0,0,0,0,0,0,0,0,0,0,0,0,0,0,0,0,0,0,0,-0.0464175776098085,48,54.22,-129.831,0,0,0.94,0.06,0,0,"SEAK"
"Kitsumkalum","Sockeye",2012,31896,40981,0,0,0,0,0,0,0,0,0,0,0,0,0,0,0,0,0,0,0,0,0,0,0,-0.250627934581361,48,54.22,-129.831,0,0,0.94,0.06,0,0,"SEAK"
"Kitsumkalum","Sockeye",2013,37576,33816,0,0,0,0,0,0,0,0,0,0,0,0,0,0,0,0,0,0,0,0,0,0,0,0.105431485460205,48,54.22,-129.831,0,0,0.94,0.06,0,0,"SEAK"
"Kitsumkalum","Sockeye",2014,38432,26651,0,0,0,0,0,0,0,0,0,0,0,0,0,0,0,0,0,0,0,0,0,0,0,0.366063772537549,48,54.22,-129.831,0,0,0.94,0.06,0,0,"SEAK"
"Kitsumkalum","Sockeye",2015,26030,23007,0,0,0,0,0,0,0,0,0,0,0,0,0,0,0,0,0,0,0,0,0,0,0,0.123451201555642,48,54.22,-129.831,0,0,0.94,0.06,0,0,"SEAK"
"Lakelse","Sockeye",1960,94936,11348,0,0,0,0,0,0,0,0,0,0,0,0,0,0,0,0,0,0,0,0,0,0,0,2.12416146341623,51,54.22,-129.831,0,0,0.96,0.04,0,0,"SEAK"
"Lakelse","Sockeye",1961,70405,14879,0,0,0,0,0,0,0,0,0,0,0,0,0,0,0,0,0,0,0,0,0,0,0,1.55431346052371,51,54.22,-129.831,0,0,0.96,0.04,0,0,"SEAK"
"Lakelse","Sockeye",1962,44869,17333,0,0,0,0,0,0,0,0,0,0,0,0,0,0,0,0,0,0,0,0,0,0,0,0.951134934174619,51,54.22,-129.831,0,0,0.96,0.04,0,0,"SEAK"
"Lakelse","Sockeye",1963,35591,19922,0,0,0,0,0,0,0,0,0,0,0,0,0,0,0,0,0,0,0,0,0,0,0,0.580268148184668,51,54.22,-129.831,0,0,0.96,0.04,0,0,"SEAK"
"Lakelse","Sockeye",1964,22633,52421,0,0,0,0,0,0,0,0,0,0,0,0,0,0,0,0,0,0,0,0,0,0,0,-0.839898256154001,51,54.22,-129.831,0,0,0.96,0.04,0,0,"SEAK"
"Lakelse","Sockeye",1965,15422,87763,0,0,0,0,0,0,0,0,0,0,0,0,0,0,0,0,0,0,0,0,0,0,0,-1.7388449381105,51,54.22,-129.831,0,0,0.96,0.04,0,0,"SEAK"
"Lakelse","Sockeye",1966,10274,39873,0,0,0,0,0,0,0,0,0,0,0,0,0,0,0,0,0,0,0,0,0,0,0,-1.35608297106223,51,54.22,-129.831,0,0,0.96,0.04,0,0,"SEAK"
"Lakelse","Sockeye",1967,7803,29440,0,0,0,0,0,0,0,0,0,0,0,0,0,0,0,0,0,0,0,0,0,0,0,-1.32784601872605,51,54.22,-129.831,0,0,0.96,0.04,0,0,"SEAK"
"Lakelse","Sockeye",1968,5977,24933,0,0,0,0,0,0,0,0,0,0,0,0,0,0,0,0,0,0,0,0,0,0,0,-1.42827345739688,51,54.22,-129.831,0,0,0.96,0.04,0,0,"SEAK"
"Lakelse","Sockeye",1969,6637,14216,0,0,0,0,0,0,0,0,0,0,0,0,0,0,0,0,0,0,0,0,0,0,0,-0.761708036688562,51,54.22,-129.831,0,0,0.96,0.04,0,0,"SEAK"
"Lakelse","Sockeye",1970,6985,11373,0,0,0,0,0,0,0,0,0,0,0,0,0,0,0,0,0,0,0,0,0,0,0,-0.487477132493382,51,54.22,-129.831,0,0,0.96,0.04,0,0,"SEAK"
"Lakelse","Sockeye",1971,8028,6561,0,0,0,0,0,0,0,0,0,0,0,0,0,0,0,0,0,0,0,0,0,0,0,0.201792400571351,51,54.22,-129.831,0,0,0.96,0.04,0,0,"SEAK"
"Lakelse","Sockeye",1972,7244,5796,0,0,0,0,0,0,0,0,0,0,0,0,0,0,0,0,0,0,0,0,0,0,0,0.223005515562731,51,54.22,-129.831,0,0,0.96,0.04,0,0,"SEAK"
"Lakelse","Sockeye",1973,12841,3937,0,0,0,0,0,0,0,0,0,0,0,0,0,0,0,0,0,0,0,0,0,0,0,1.18222416488754,51,54.22,-129.831,0,0,0.96,0.04,0,0,"SEAK"
"Lakelse","Sockeye",1974,16000,5249,0,0,0,0,0,0,0,0,0,0,0,0,0,0,0,0,0,0,0,0,0,0,0,1.11455113996962,51,54.22,-129.831,0,0,0.96,0.04,0,0,"SEAK"
"Lakelse","Sockeye",1975,31755,5686,0,0,0,0,0,0,0,0,0,0,0,0,0,0,0,0,0,0,0,0,0,0,0,1.72004318002613,51,54.22,-129.831,0,0,0.96,0.04,0,0,"SEAK"
"Lakelse","Sockeye",1976,26435,6561,0,0,0,0,0,0,0,0,0,0,0,0,0,0,0,0,0,0,0,0,0,0,0,1.39354585932467,51,54.22,-129.831,0,0,0.96,0.04,0,0,"SEAK"
"Lakelse","Sockeye",1977,33169,5085,0,0,0,0,0,0,0,0,0,0,0,0,0,0,0,0,0,0,0,0,0,0,0,1.87532067528014,51,54.22,-129.831,0,0,0.96,0.04,0,0,"SEAK"
"Lakelse","Sockeye",1978,26777,11810,0,0,0,0,0,0,0,0,0,0,0,0,0,0,0,0,0,0,0,0,0,0,0,0.818596679880178,51,54.22,-129.831,0,0,0.96,0.04,0,0,"SEAK"
"Lakelse","Sockeye",1979,14431,12466,0,0,0,0,0,0,0,0,0,0,0,0,0,0,0,0,0,0,0,0,0,0,0,0.146373732067282,51,54.22,-129.831,0,0,0.96,0.04,0,0,"SEAK"
"Lakelse","Sockeye",1980,38864,29438,0,0,0,0,0,0,0,0,0,0,0,0,0,0,0,0,0,0,0,0,0,0,0,0.277782015489422,51,54.22,-129.831,0,0,0.96,0.04,0,0,"SEAK"
"Lakelse","Sockeye",1981,24073,15966,0,0,0,0,0,0,0,0,0,0,0,0,0,0,0,0,0,0,0,0,0,0,0,0.410629419281835,51,54.22,-129.831,0,0,0.96,0.04,0,0,"SEAK"
"Lakelse","Sockeye",1982,7853,30110,0,0,0,0,0,0,0,0,0,0,0,0,0,0,0,0,0,0,0,0,0,0,0,-1.3439617181009,51,54.22,-129.831,0,0,0.96,0.04,0,0,"SEAK"
"Lakelse","Sockeye",1983,13192,19246,0,0,0,0,0,0,0,0,0,0,0,0,0,0,0,0,0,0,0,0,0,0,0,-0.377692661676911,51,54.22,-129.831,0,0,0.96,0.04,0,0,"SEAK"
"Lakelse","Sockeye",1984,12147,9514,0,0,0,0,0,0,0,0,0,0,0,0,0,0,0,0,0,0,0,0,0,0,0,0.244317827708044,51,54.22,-129.831,0,0,0.96,0.04,0,0,"SEAK"
"Lakelse","Sockeye",1985,5721,36306,0,0,0,0,0,0,0,0,0,0,0,0,0,0,0,0,0,0,0,0,0,0,0,-1.84783940158185,51,54.22,-129.831,0,0,0.96,0.04,0,0,"SEAK"
"Lakelse","Sockeye",1986,14166,8967,0,0,0,0,0,0,0,0,0,0,0,0,0,0,0,0,0,0,0,0,0,0,0,0.45729355536152,51,54.22,-129.831,0,0,0.96,0.04,0,0,"SEAK"
"Lakelse","Sockeye",1987,17935,5304,0,0,0,0,0,0,0,0,0,0,0,0,0,0,0,0,0,0,0,0,0,0,0,1.21829285810068,51,54.22,-129.831,0,0,0.96,0.04,0,0,"SEAK"
"Lakelse","Sockeye",1988,20688,10443,0,0,0,0,0,0,0,0,0,0,0,0,0,0,0,0,0,0,0,0,0,0,0,0.68362192453209,51,54.22,-129.831,0,0,0.96,0.04,0,0,"SEAK"
"Lakelse","Sockeye",1989,9908,7677,0,0,0,0,0,0,0,0,0,0,0,0,0,0,0,0,0,0,0,0,0,0,0,0.255113665781352,51,54.22,-129.831,0,0,0.96,0.04,0,0,"SEAK"
"Lakelse","Sockeye",1990,30081,2690,0,0,0,0,0,0,0,0,0,0,0,0,0,0,0,0,0,0,0,0,0,0,0,2.41435254959615,51,54.22,-129.831,0,0,0.96,0.04,0,0,"SEAK"
"Lakelse","Sockeye",1991,39989,13451,0,0,0,0,0,0,0,0,0,0,0,0,0,0,0,0,0,0,0,0,0,0,0,1.08955096356806,51,54.22,-129.831,0,0,0.96,0.04,0,0,"SEAK"
"Lakelse","Sockeye",1992,17021,10389,0,0,0,0,0,0,0,0,0,0,0,0,0,0,0,0,0,0,0,0,0,0,0,0.493700321737441,51,54.22,-129.831,0,0,0.96,0.04,0,0,"SEAK"
"Lakelse","Sockeye",1993,7025,13669,0,0,0,0,0,0,0,0,0,0,0,0,0,0,0,0,0,0,0,0,0,0,0,-0.665655279950706,51,54.22,-129.831,0,0,0.96,0.04,0,0,"SEAK"
"Lakelse","Sockeye",1994,10503,3117,0,0,0,0,0,0,0,0,0,0,0,0,0,0,0,0,0,0,0,0,0,0,0,1.21478992985544,51,54.22,-129.831,0,0,0.96,0.04,0,0,"SEAK"
"Lakelse","Sockeye",1995,13534,27448,0,0,0,0,0,0,0,0,0,0,0,0,0,0,0,0,0,0,0,0,0,0,0,-0.707088267746115,51,54.22,-129.831,0,0,0.96,0.04,0,0,"SEAK"
"Lakelse","Sockeye",1996,13373,23675,0,0,0,0,0,0,0,0,0,0,0,0,0,0,0,0,0,0,0,0,0,0,0,-0.571181890181482,51,54.22,-129.831,0,0,0.96,0.04,0,0,"SEAK"
"Lakelse","Sockeye",1997,10295,3445,0,0,0,0,0,0,0,0,0,0,0,0,0,0,0,0,0,0,0,0,0,0,0,1.09473443601413,51,54.22,-129.831,0,0,0.96,0.04,0,0,"SEAK"
"Lakelse","Sockeye",1998,5109,5318,0,0,0,0,0,0,0,0,0,0,0,0,0,0,0,0,0,0,0,0,0,0,0,-0.0400936024721671,51,54.22,-129.831,0,0,0.96,0.04,0,0,"SEAK"
"Lakelse","Sockeye",1999,5240,9931,0,0,0,0,0,0,0,0,0,0,0,0,0,0,0,0,0,0,0,0,0,0,0,-0.639339679588271,51,54.22,-129.831,0,0,0.96,0.04,0,0,"SEAK"
"Lakelse","Sockeye",2000,8404,10445,0,0,0,0,0,0,0,0,0,0,0,0,0,0,0,0,0,0,0,0,0,0,0,-0.217415612025775,51,54.22,-129.831,0,0,0.96,0.04,0,0,"SEAK"
"Lakelse","Sockeye",2001,5144,10960,0,0,0,0,0,0,0,0,0,0,0,0,0,0,0,0,0,0,0,0,0,0,0,-0.756421294584551,51,54.22,-129.831,0,0,0.96,0.04,0,0,"SEAK"
"Lakelse","Sockeye",2002,5949,6871,0,0,0,0,0,0,0,0,0,0,0,0,0,0,0,0,0,0,0,0,0,0,0,-0.14408651784317,51,54.22,-129.831,0,0,0.96,0.04,0,0,"SEAK"
"Lakelse","Sockeye",2003,7846,2783,0,0,0,0,0,0,0,0,0,0,0,0,0,0,0,0,0,0,0,0,0,0,0,1.03647436524361,51,54.22,-129.831,0,0,0.96,0.04,0,0,"SEAK"
"Lakelse","Sockeye",2004,10279,5168,0,0,0,0,0,0,0,0,0,0,0,0,0,0,0,0,0,0,0,0,0,0,0,0.687617212550484,51,54.22,-129.831,0,0,0.96,0.04,0,0,"SEAK"
"Lakelse","Sockeye",2005,19244,8280,0,0,0,0,0,0,0,0,0,0,0,0,0,0,0,0,0,0,0,0,0,0,0,0.843356355440039,51,54.22,-129.831,0,0,0.96,0.04,0,0,"SEAK"
"Lakelse","Sockeye",2006,25964,2530,0,0,0,0,0,0,0,0,0,0,0,0,0,0,0,0,0,0,0,0,0,0,0,2.32849166043179,51,54.22,-129.831,0,0,0.96,0.04,0,0,"SEAK"
"Lakelse","Sockeye",2007,29949,6125,0,0,0,0,0,0,0,0,0,0,0,0,0,0,0,0,0,0,0,0,0,0,0,1.58711717859161,51,54.22,-129.831,0,0,0.96,0.04,0,0,"SEAK"
"Lakelse","Sockeye",2008,29195,7413,0,0,0,0,0,0,0,0,0,0,0,0,0,0,0,0,0,0,0,0,0,0,0,1.37076224606092,51,54.22,-129.831,0,0,0.96,0.04,0,0,"SEAK"
"Lakelse","Sockeye",2009,24081,10305,0,0,0,0,0,0,0,0,0,0,0,0,0,0,0,0,0,0,0,0,0,0,0,0.848793933475127,51,54.22,-129.831,0,0,0.96,0.04,0,0,"SEAK"
"Lakelse","Sockeye",2010,27730,20750,0,0,0,0,0,0,0,0,0,0,0,0,0,0,0,0,0,0,0,0,0,0,0,0.289968612950979,51,54.22,-129.831,0,0,0.96,0.04,0,0,"SEAK"
"Lakelse","Sockeye",2011,32793,23810,0,0,0,0,0,0,0,0,0,0,0,0,0,0,0,0,0,0,0,0,0,0,0,0.320109417481037,51,54.22,-129.831,0,0,0.96,0.04,0,0,"SEAK"
"Lakelse","Sockeye",2012,19301,27594,0,0,0,0,0,0,0,0,0,0,0,0,0,0,0,0,0,0,0,0,0,0,0,-0.357441449745771,51,54.22,-129.831,0,0,0.96,0.04,0,0,"SEAK"
"Lakelse","Sockeye",2013,11788,26462,0,0,0,0,0,0,0,0,0,0,0,0,0,0,0,0,0,0,0,0,0,0,0,-0.808627676744771,51,54.22,-129.831,0,0,0.96,0.04,0,0,"SEAK"
"Lakelse","Sockeye",2014,15641,20508,0,0,0,0,0,0,0,0,0,0,0,0,0,0,0,0,0,0,0,0,0,0,0,-0.27091938222935,51,54.22,-129.831,0,0,0.96,0.04,0,0,"SEAK"
"Lakelse","Sockeye",2015,6366,28528,0,0,0,0,0,0,0,0,0,0,0,0,0,0,0,0,0,0,0,0,0,0,0,-1.49991473226088,51,54.22,-129.831,0,0,0.96,0.04,0,0,"SEAK"
"Morice","Sockeye",1960,21776,4020,0,0,0,0,0,0,0,0,0,0,0,0,0,0,0,0,0,0,0,0,0,0,0,1.68952654327818,55,54.22,-129.831,0,0,0.841538461538462,0.158461538461538,0,0,"SEAK"
"Morice","Sockeye",1961,20227,5742,0,0,0,0,0,0,0,0,0,0,0,0,0,0,0,0,0,0,0,0,0,0,0,1.25921076387209,55,54.22,-129.831,0,0,0.841538461538462,0.158461538461538,0,0,"SEAK"
"Morice","Sockeye",1962,14654,3445,0,0,0,0,0,0,0,0,0,0,0,0,0,0,0,0,0,0,0,0,0,0,0,1.44778943127215,55,54.22,-129.831,0,0,0.841538461538462,0.158461538461538,0,0,"SEAK"
"Morice","Sockeye",1963,10120,1148,0,0,0,0,0,0,0,0,0,0,0,0,0,0,0,0,0,0,0,0,0,0,0,2.17649236596194,55,54.22,-129.831,0,0,0.841538461538462,0.158461538461538,0,0,"SEAK"
"Morice","Sockeye",1964,12427,5742,0,0,0,0,0,0,0,0,0,0,0,0,0,0,0,0,0,0,0,0,0,0,0,0.772063943124985,55,54.22,-129.831,0,0,0.841538461538462,0.158461538461538,0,0,"SEAK"
"Morice","Sockeye",1965,21548,11485,0,0,0,0,0,0,0,0,0,0,0,0,0,0,0,0,0,0,0,0,0,0,0,0.629241168677226,55,54.22,-129.831,0,0,0.841538461538462,0.158461538461538,0,0,"SEAK"
"Morice","Sockeye",1966,17029,6891,0,0,0,0,0,0,0,0,0,0,0,0,0,0,0,0,0,0,0,0,0,0,0,0.904701560669397,55,54.22,-129.831,0,0,0.841538461538462,0.158461538461538,0,0,"SEAK"
"Morice","Sockeye",1967,10297,3905,0,0,0,0,0,0,0,0,0,0,0,0,0,0,0,0,0,0,0,0,0,0,0,0.969594807382965,55,54.22,-129.831,0,0,0.841538461538462,0.158461538461538,0,0,"SEAK"
"Morice","Sockeye",1968,8254,3445,0,0,0,0,0,0,0,0,0,0,0,0,0,0,0,0,0,0,0,0,0,0,0,0.873774026864768,55,54.22,-129.831,0,0,0.841538461538462,0.158461538461538,0,0,"SEAK"
"Morice","Sockeye",1969,7830,3790,0,0,0,0,0,0,0,0,0,0,0,0,0,0,0,0,0,0,0,0,0,0,0,0.725596490908377,55,54.22,-129.831,0,0,0.841538461538462,0.158461538461538,0,0,"SEAK"
"Morice","Sockeye",1970,1521,10796,0,0,0,0,0,0,0,0,0,0,0,0,0,0,0,0,0,0,0,0,0,0,0,-1.9598076818786,55,54.22,-129.831,0,0,0.841538461538462,0.158461538461538,0,0,"SEAK"
"Morice","Sockeye",1971,1421,7580,0,0,0,0,0,0,0,0,0,0,0,0,0,0,0,0,0,0,0,0,0,0,0,-1.67415235053932,55,54.22,-129.831,0,0,0.841538461538462,0.158461538461538,0,0,"SEAK"
"Morice","Sockeye",1972,3400,4135,0,0,0,0,0,0,0,0,0,0,0,0,0,0,0,0,0,0,0,0,0,0,0,-0.195711896853539,55,54.22,-129.831,0,0,0.841538461538462,0.158461538461538,0,0,"SEAK"
"Morice","Sockeye",1973,3553,2297,0,0,0,0,0,0,0,0,0,0,0,0,0,0,0,0,0,0,0,0,0,0,0,0.436188393331929,55,54.22,-129.831,0,0,0.841538461538462,0.158461538461538,0,0,"SEAK"
"Morice","Sockeye",1974,3681,2756,0,0,0,0,0,0,0,0,0,0,0,0,0,0,0,0,0,0,0,0,0,0,0,0.289404101245472,55,54.22,-129.831,0,0,0.841538461538462,0.158461538461538,0,0,"SEAK"
"Morice","Sockeye",1975,3587,517,0,0,0,0,0,0,0,0,0,0,0,0,0,0,0,0,0,0,0,0,0,0,0,1.93702860302385,55,54.22,-129.831,0,0,0.841538461538462,0.158461538461538,0,0,"SEAK"
"Morice","Sockeye",1976,9449,230,0,0,0,0,0,0,0,0,0,0,0,0,0,0,0,0,0,0,0,0,0,0,0,3.71558488585943,55,54.22,-129.831,0,0,0.841538461538462,0.158461538461538,0,0,"SEAK"
"Morice","Sockeye",1977,19791,1378,0,0,0,0,0,0,0,0,0,0,0,0,0,0,0,0,0,0,0,0,0,0,0,2.66459411631738,55,54.22,-129.831,0,0,0.841538461538462,0.158461538461538,0,0,"SEAK"
"Morice","Sockeye",1978,21002,1148,0,0,0,0,0,0,0,0,0,0,0,0,0,0,0,0,0,0,0,0,0,0,0,2.90659637338643,55,54.22,-129.831,0,0,0.841538461538462,0.158461538461538,0,0,"SEAK"
"Morice","Sockeye",1979,16251,1608,0,0,0,0,0,0,0,0,0,0,0,0,0,0,0,0,0,0,0,0,0,0,0,2.3131632745871,55,54.22,-129.831,0,0,0.841538461538462,0.158461538461538,0,0,"SEAK"
"Morice","Sockeye",1980,13020,919,0,0,0,0,0,0,0,0,0,0,0,0,0,0,0,0,0,0,0,0,0,0,0,2.65095579340687,55,54.22,-129.831,0,0,0.841538461538462,0.158461538461538,0,0,"SEAK"
"Morice","Sockeye",1981,16710,2297,0,0,0,0,0,0,0,0,0,0,0,0,0,0,0,0,0,0,0,0,0,0,0,1.98440341890034,55,54.22,-129.831,0,0,0.841538461538462,0.158461538461538,0,0,"SEAK"
"Morice","Sockeye",1982,14389,6891,0,0,0,0,0,0,0,0,0,0,0,0,0,0,0,0,0,0,0,0,0,0,0,0.736247813406209,55,54.22,-129.831,0,0,0.841538461538462,0.158461538461538,0,0,"SEAK"
"Morice","Sockeye",1983,12548,9188,0,0,0,0,0,0,0,0,0,0,0,0,0,0,0,0,0,0,0,0,0,0,0,0.31166300550158,55,54.22,-129.831,0,0,0.841538461538462,0.158461538461538,0,0,"SEAK"
"Morice","Sockeye",1984,22857,6891,0,0,0,0,0,0,0,0,0,0,0,0,0,0,0,0,0,0,0,0,0,0,0,1.19904120378391,55,54.22,-129.831,0,0,0.841538461538462,0.158461538461538,0,0,"SEAK"
"Morice","Sockeye",1985,42673,4594,0,0,0,0,0,0,0,0,0,0,0,0,0,0,0,0,0,0,0,0,0,0,0,2.22881529746885,55,54.22,-129.831,0,0,0.841538461538462,0.158461538461538,0,0,"SEAK"
"Morice","Sockeye",1986,100089,6891,0,0,0,0,0,0,0,0,0,0,0,0,0,0,0,0,0,0,0,0,0,0,0,2.67584357779785,55,54.22,-129.831,0,0,0.841538461538462,0.158461538461538,0,0,"SEAK"
"Morice","Sockeye",1987,84464,9188,0,0,0,0,0,0,0,0,0,0,0,0,0,0,0,0,0,0,0,0,0,0,0,2.21842712325441,55,54.22,-129.831,0,0,0.841538461538462,0.158461538461538,0,0,"SEAK"
"Morice","Sockeye",1988,67915,2297,0,0,0,0,0,0,0,0,0,0,0,0,0,0,0,0,0,0,0,0,0,0,0,3.38665299956749,55,54.22,-129.831,0,0,0.841538461538462,0.158461538461538,0,0,"SEAK"
"Morice","Sockeye",1989,88538,12863,0,0,0,0,0,0,0,0,0,0,0,0,0,0,0,0,0,0,0,0,0,0,0,1.9290768652918,55,54.22,-129.831,0,0,0.841538461538462,0.158461538461538,0,0,"SEAK"
"Morice","Sockeye",1990,128160,6891,0,0,0,0,0,0,0,0,0,0,0,0,0,0,0,0,0,0,0,0,0,0,0,2.92306327094498,55,54.22,-129.831,0,0,0.841538461538462,0.158461538461538,0,0,"SEAK"
"Morice","Sockeye",1991,126054,45939,0,0,0,0,0,0,0,0,0,0,0,0,0,0,0,0,0,0,0,0,0,0,0,1.00939595706837,55,54.22,-129.831,0,0,0.841538461538462,0.158461538461538,0,0,"SEAK"
"Morice","Sockeye",1992,84612,31009,0,0,0,0,0,0,0,0,0,0,0,0,0,0,0,0,0,0,0,0,0,0,0,1.00379861559456,55,54.22,-129.831,0,0,0.841538461538462,0.158461538461538,0,0,"SEAK"
"Morice","Sockeye",1993,23799,25267,0,0,0,0,0,0,0,0,0,0,0,0,0,0,0,0,0,0,0,0,0,0,0,-0.0598556335173562,55,54.22,-129.831,0,0,0.841538461538462,0.158461538461538,0,0,"SEAK"
"Morice","Sockeye",1994,18884,32732,0,0,0,0,0,0,0,0,0,0,0,0,0,0,0,0,0,0,0,0,0,0,0,-0.550038189981095,55,54.22,-129.831,0,0,0.841538461538462,0.158461538461538,0,0,"SEAK"
"Morice","Sockeye",1995,11505,40197,0,0,0,0,0,0,0,0,0,0,0,0,0,0,0,0,0,0,0,0,0,0,0,-1.25101064248725,55,54.22,-129.831,0,0,0.841538461538462,0.158461538461538,0,0,"SEAK"
"Morice","Sockeye",1996,14630,47088,0,0,0,0,0,0,0,0,0,0,0,0,0,0,0,0,0,0,0,0,0,0,0,-1.16894397645908,55,54.22,-129.831,0,0,0.841538461538462,0.158461538461538,0,0,"SEAK"
"Morice","Sockeye",1997,12107,27564,0,0,0,0,0,0,0,0,0,0,0,0,0,0,0,0,0,0,0,0,0,0,0,-0.822726775769358,55,54.22,-129.831,0,0,0.841538461538462,0.158461538461538,0,0,"SEAK"
"Morice","Sockeye",1998,19360,6891,0,0,0,0,0,0,0,0,0,0,0,0,0,0,0,0,0,0,0,0,0,0,0,1.03299286947336,55,54.22,-129.831,0,0,0.841538461538462,0.158461538461538,0,0,"SEAK"
"Morice","Sockeye",1999,16111,17227,0,0,0,0,0,0,0,0,0,0,0,0,0,0,0,0,0,0,0,0,0,0,0,-0.0669756519553826,55,54.22,-129.831,0,0,0.841538461538462,0.158461538461538,0,0,"SEAK"
"Morice","Sockeye",2000,16623,3445,0,0,0,0,0,0,0,0,0,0,0,0,0,0,0,0,0,0,0,0,0,0,0,1.5738633740877,55,54.22,-129.831,0,0,0.841538461538462,0.158461538461538,0,0,"SEAK"
"Morice","Sockeye",2001,27440,11098,0,0,0,0,0,0,0,0,0,0,0,0,0,0,0,0,0,0,0,0,0,0,0,0.905236890953975,55,54.22,-129.831,0,0,0.841538461538462,0.158461538461538,0,0,"SEAK"
"Morice","Sockeye",2002,38072,4384,0,0,0,0,0,0,0,0,0,0,0,0,0,0,0,0,0,0,0,0,0,0,0,2.16151755417309,55,54.22,-129.831,0,0,0.841538461538462,0.158461538461538,0,0,"SEAK"
"Morice","Sockeye",2003,23181,15395,0,0,0,0,0,0,0,0,0,0,0,0,0,0,0,0,0,0,0,0,0,0,0,0.409290196243093,55,54.22,-129.831,0,0,0.841538461538462,0.158461538461538,0,0,"SEAK"
"Morice","Sockeye",2004,22512,11399,0,0,0,0,0,0,0,0,0,0,0,0,0,0,0,0,0,0,0,0,0,0,0,0.680522868117392,55,54.22,-129.831,0,0,0.841538461538462,0.158461538461538,0,0,"SEAK"
"Morice","Sockeye",2005,13158,11301,0,0,0,0,0,0,0,0,0,0,0,0,0,0,0,0,0,0,0,0,0,0,0,0.152138721285792,55,54.22,-129.831,0,0,0.841538461538462,0.158461538461538,0,0,"SEAK"
"Morice","Sockeye",2006,8664,13151,0,0,0,0,0,0,0,0,0,0,0,0,0,0,0,0,0,0,0,0,0,0,0,-0.417321291661138,55,54.22,-129.831,0,0,0.841538461538462,0.158461538461538,0,0,"SEAK"
"Morice","Sockeye",2007,8184,30773,0,0,0,0,0,0,0,0,0,0,0,0,0,0,0,0,0,0,0,0,0,0,0,-1.32445665349461,55,54.22,-129.831,0,0,0.841538461538462,0.158461538461538,0,0,"SEAK"
"Morice","Sockeye",2008,10994,12564,0,0,0,0,0,0,0,0,0,0,0,0,0,0,0,0,0,0,0,0,0,0,0,-0.133485912237931,55,54.22,-129.831,0,0,0.841538461538462,0.158461538461538,0,0,"SEAK"
"Morice","Sockeye",2009,18962,21038,0,0,0,0,0,0,0,0,0,0,0,0,0,0,0,0,0,0,0,0,0,0,0,-0.103893349821315,55,54.22,-129.831,0,0,0.841538461538462,0.158461538461538,0,0,"SEAK"
"Morice","Sockeye",2010,27405,10584,0,0,0,0,0,0,0,0,0,0,0,0,0,0,0,0,0,0,0,0,0,0,0,0.951382051685425,55,54.22,-129.831,0,0,0.841538461538462,0.158461538461538,0,0,"SEAK"
"Morice","Sockeye",2011,26855,6091,0,0,0,0,0,0,0,0,0,0,0,0,0,0,0,0,0,0,0,0,0,0,0,1.48363975150308,55,54.22,-129.831,0,0,0.841538461538462,0.158461538461538,0,0,"SEAK"
"Morice","Sockeye",2012,18022,5663,0,0,0,0,0,0,0,0,0,0,0,0,0,0,0,0,0,0,0,0,0,0,0,1.15763944668118,55,54.22,-129.831,0,0,0.841538461538462,0.158461538461538,0,0,"SEAK"
"Morice","Sockeye",2013,20076,7079,0,0,0,0,0,0,0,0,0,0,0,0,0,0,0,0,0,0,0,0,0,0,0,1.04239241700064,55,54.22,-129.831,0,0,0.841538461538462,0.158461538461538,0,0,"SEAK"
"Morice","Sockeye",2014,25263,13129,0,0,0,0,0,0,0,0,0,0,0,0,0,0,0,0,0,0,0,0,0,0,0,0.654517350763992,55,54.22,-129.831,0,0,0.841538461538462,0.158461538461538,0,0,"SEAK"
"Morice","Sockeye",2015,38026,21520,0,0,0,0,0,0,0,0,0,0,0,0,0,0,0,0,0,0,0,0,0,0,0,0.569287400993811,55,54.22,-129.831,0,0,0.841538461538462,0.158461538461538,0,0,"SEAK"
"Swan-Stephens","Sockeye",1960,9510,10893,0,0,0,0,0,0,0,0,0,0,0,0,0,0,0,0,0,0,0,0,0,0,0,-0.13577650454301,59,54.22,-129.831,0,0,0.841538461538462,0.158461538461538,0,0,"SEAK"
"Swan-Stephens","Sockeye",1961,22120,2655,0,0,0,0,0,0,0,0,0,0,0,0,0,0,0,0,0,0,0,0,0,0,0,2.12003752196023,59,54.22,-129.831,0,0,0.841538461538462,0.158461538461538,0,0,"SEAK"
"Swan-Stephens","Sockeye",1962,39064,7528,0,0,0,0,0,0,0,0,0,0,0,0,0,0,0,0,0,0,0,0,0,0,0,1.64657192447628,59,54.22,-129.831,0,0,0.841538461538462,0.158461538461538,0,0,"SEAK"
"Swan-Stephens","Sockeye",1963,29020,12402,0,0,0,0,0,0,0,0,0,0,0,0,0,0,0,0,0,0,0,0,0,0,0,0.850127497528356,59,54.22,-129.831,0,0,0.841538461538462,0.158461538461538,0,0,"SEAK"
"Swan-Stephens","Sockeye",1964,30457,10055,0,0,0,0,0,0,0,0,0,0,0,0,0,0,0,0,0,0,0,0,0,0,0,1.10824582956924,59,54.22,-129.831,0,0,0.841538461538462,0.158461538461538,0,0,"SEAK"
"Swan-Stephens","Sockeye",1965,24714,5028,0,0,0,0,0,0,0,0,0,0,0,0,0,0,0,0,0,0,0,0,0,0,0,1.592347593954,59,54.22,-129.831,0,0,0.841538461538462,0.158461538461538,0,0,"SEAK"
"Swan-Stephens","Sockeye",1966,32500,10055,0,0,0,0,0,0,0,0,0,0,0,0,0,0,0,0,0,0,0,0,0,0,0,1.17317006611108,59,54.22,-129.831,0,0,0.841538461538462,0.158461538461538,0,0,"SEAK"
"Swan-Stephens","Sockeye",1967,34121,15083,0,0,0,0,0,0,0,0,0,0,0,0,0,0,0,0,0,0,0,0,0,0,0,0.816344748731447,59,54.22,-129.831,0,0,0.841538461538462,0.158461538461538,0,0,"SEAK"
"Swan-Stephens","Sockeye",1968,33193,12392,0,0,0,0,0,0,0,0,0,0,0,0,0,0,0,0,0,0,0,0,0,0,0,0.985287907203792,59,54.22,-129.831,0,0,0.841538461538462,0.158461538461538,0,0,"SEAK"
"Swan-Stephens","Sockeye",1969,36896,16759,0,0,0,0,0,0,0,0,0,0,0,0,0,0,0,0,0,0,0,0,0,0,0,0.789167716683912,59,54.22,-129.831,0,0,0.841538461538462,0.158461538461538,0,0,"SEAK"
"Swan-Stephens","Sockeye",1970,24300,13072,0,0,0,0,0,0,0,0,0,0,0,0,0,0,0,0,0,0,0,0,0,0,0,0.620003812228856,59,54.22,-129.831,0,0,0.841538461538462,0.158461538461538,0,0,"SEAK"
"Swan-Stephens","Sockeye",1971,4790,16759,0,0,0,0,0,0,0,0,0,0,0,0,0,0,0,0,0,0,0,0,0,0,0,-1.25240501597991,59,54.22,-129.831,0,0,0.841538461538462,0.158461538461538,0,0,"SEAK"
"Swan-Stephens","Sockeye",1972,25332,16759,0,0,0,0,0,0,0,0,0,0,0,0,0,0,0,0,0,0,0,0,0,0,0,0.413132991251448,59,54.22,-129.831,0,0,0.841538461538462,0.158461538461538,0,0,"SEAK"
"Swan-Stephens","Sockeye",1973,3928,14245,0,0,0,0,0,0,0,0,0,0,0,0,0,0,0,0,0,0,0,0,0,0,0,-1.28827557745765,59,54.22,-129.831,0,0,0.841538461538462,0.158461538461538,0,0,"SEAK"
"Swan-Stephens","Sockeye",1974,31248,14245,0,0,0,0,0,0,0,0,0,0,0,0,0,0,0,0,0,0,0,0,0,0,0,0.785549406184452,59,54.22,-129.831,0,0,0.841538461538462,0.158461538461538,0,0,"SEAK"
"Swan-Stephens","Sockeye",1975,27921,14245,0,0,0,0,0,0,0,0,0,0,0,0,0,0,0,0,0,0,0,0,0,0,0,0.672973125921812,59,54.22,-129.831,0,0,0.841538461538462,0.158461538461538,0,0,"SEAK"
"Swan-Stephens","Sockeye",1976,34326,1425,0,0,0,0,0,0,0,0,0,0,0,0,0,0,0,0,0,0,0,0,0,0,0,3.18173127079383,59,54.22,-129.831,0,0,0.841538461538462,0.158461538461538,0,0,"SEAK"
"Swan-Stephens","Sockeye",1977,56405,13072,0,0,0,0,0,0,0,0,0,0,0,0,0,0,0,0,0,0,0,0,0,0,0,1.46208526893924,59,54.22,-129.831,0,0,0.841538461538462,0.158461538461538,0,0,"SEAK"
"Swan-Stephens","Sockeye",1979,35692,16759,0,0,0,0,0,0,0,0,0,0,0,0,0,0,0,0,0,0,0,0,0,0,0,0.755991146635169,59,54.22,-129.831,0,0,0.841538461538462,0.158461538461538,0,0,"SEAK"
"Swan-Stephens","Sockeye",1980,50797,12569,0,0,0,0,0,0,0,0,0,0,0,0,0,0,0,0,0,0,0,0,0,0,0,1.3966038327798,59,54.22,-129.831,0,0,0.841538461538462,0.158461538461538,0,0,"SEAK"
"Swan-Stephens","Sockeye",1981,40658,16759,0,0,0,0,0,0,0,0,0,0,0,0,0,0,0,0,0,0,0,0,0,0,0,0.886260191196136,59,54.22,-129.831,0,0,0.841538461538462,0.158461538461538,0,0,"SEAK"
"Swan-Stephens","Sockeye",1982,45475,23462,0,0,0,0,0,0,0,0,0,0,0,0,0,0,0,0,0,0,0,0,0,0,0,0.661780633320657,59,54.22,-129.831,0,0,0.841538461538462,0.158461538461538,0,0,"SEAK"
"Swan-Stephens","Sockeye",1983,68734,21787,0,0,0,0,0,0,0,0,0,0,0,0,0,0,0,0,0,0,0,0,0,0,0,1.14893052054456,59,54.22,-129.831,0,0,0.841538461538462,0.158461538461538,0,0,"SEAK"
"Swan-Stephens","Sockeye",1984,39187,20111,0,0,0,0,0,0,0,0,0,0,0,0,0,0,0,0,0,0,0,0,0,0,0,0.667078130088621,59,54.22,-129.831,0,0,0.841538461538462,0.158461538461538,0,0,"SEAK"
"Swan-Stephens","Sockeye",1985,41382,25809,0,0,0,0,0,0,0,0,0,0,0,0,0,0,0,0,0,0,0,0,0,0,0,0.472122735369888,59,54.22,-129.831,0,0,0.841538461538462,0.158461538461538,0,0,"SEAK"
"Swan-Stephens","Sockeye",1986,55794,20111,0,0,0,0,0,0,0,0,0,0,0,0,0,0,0,0,0,0,0,0,0,0,0,1.02039940767165,59,54.22,-129.831,0,0,0.841538461538462,0.158461538461538,0,0,"SEAK"
"Swan-Stephens","Sockeye",1987,83801,30166,0,0,0,0,0,0,0,0,0,0,0,0,0,0,0,0,0,0,0,0,0,0,0,1.021729478245,59,54.22,-129.831,0,0,0.841538461538462,0.158461538461538,0,0,"SEAK"
"Swan-Stephens","Sockeye",1988,69408,30166,0,0,0,0,0,0,0,0,0,0,0,0,0,0,0,0,0,0,0,0,0,0,0,0.833286672298403,59,54.22,-129.831,0,0,0.841538461538462,0.158461538461538,0,0,"SEAK"
"Swan-Stephens","Sockeye",1989,32850,18435,0,0,0,0,0,0,0,0,0,0,0,0,0,0,0,0,0,0,0,0,0,0,0,0.577700713244512,59,54.22,-129.831,0,0,0.841538461538462,0.158461538461538,0,0,"SEAK"
"Swan-Stephens","Sockeye",1990,36655,20111,0,0,0,0,0,0,0,0,0,0,0,0,0,0,0,0,0,0,0,0,0,0,0,0.600282915623084,59,54.22,-129.831,0,0,0.841538461538462,0.158461538461538,0,0,"SEAK"
"Swan-Stephens","Sockeye",1991,39636,25138,0,0,0,0,0,0,0,0,0,0,0,0,0,0,0,0,0,0,0,0,0,0,0,0.455357150694007,59,54.22,-129.831,0,0,0.841538461538462,0.158461538461538,0,0,"SEAK"
"Swan-Stephens","Sockeye",1992,15514,36870,0,0,0,0,0,0,0,0,0,0,0,0,0,0,0,0,0,0,0,0,0,0,0,-0.865655370177373,59,54.22,-129.831,0,0,0.841538461538462,0.158461538461538,0,0,"SEAK"
"Swan-Stephens","Sockeye",1993,24026,30166,0,0,0,0,0,0,0,0,0,0,0,0,0,0,0,0,0,0,0,0,0,0,0,-0.227578885046877,59,54.22,-129.831,0,0,0.841538461538462,0.158461538461538,0,0,"SEAK"
"Swan-Stephens","Sockeye",1994,32682,14162,0,0,0,0,0,0,0,0,0,0,0,0,0,0,0,0,0,0,0,0,0,0,0,0.83626214640001,59,54.22,-129.831,0,0,0.841538461538462,0.158461538461538,0,0,"SEAK"
"Swan-Stephens","Sockeye",1995,57069,14748,0,0,0,0,0,0,0,0,0,0,0,0,0,0,0,0,0,0,0,0,0,0,0,1.35315358168222,59,54.22,-129.831,0,0,0.841538461538462,0.158461538461538,0,0,"SEAK"
"Swan-Stephens","Sockeye",1996,51978,13742,0,0,0,0,0,0,0,0,0,0,0,0,0,0,0,0,0,0,0,0,0,0,0,1.33036371552717,59,54.22,-129.831,0,0,0.841538461538462,0.158461538461538,0,0,"SEAK"
"Swan-Stephens","Sockeye",1997,26269,4249,0,0,0,0,0,0,0,0,0,0,0,0,0,0,0,0,0,0,0,0,0,0,0,1.82170587560499,59,54.22,-129.831,0,0,0.841538461538462,0.158461538461538,0,0,"SEAK"
"Swan-Stephens","Sockeye",1998,33813,15285,0,0,0,0,0,0,0,0,0,0,0,0,0,0,0,0,0,0,0,0,0,0,0,0.793973388585253,59,54.22,-129.831,0,0,0.841538461538462,0.158461538461538,0,0,"SEAK"
"Swan-Stephens","Sockeye",1999,33160,26321,0,0,0,0,0,0,0,0,0,0,0,0,0,0,0,0,0,0,0,0,0,0,0,0.230977230610756,59,54.22,-129.831,0,0,0.841538461538462,0.158461538461538,0,0,"SEAK"
"Swan-Stephens","Sockeye",2000,18446,28059,0,0,0,0,0,0,0,0,0,0,0,0,0,0,0,0,0,0,0,0,0,0,0,-0.419461891306996,59,54.22,-129.831,0,0,0.841538461538462,0.158461538461538,0,0,"SEAK"
"Swan-Stephens","Sockeye",2001,49758,29796,0,0,0,0,0,0,0,0,0,0,0,0,0,0,0,0,0,0,0,0,0,0,0,0.512797098383092,59,54.22,-129.831,0,0,0.841538461538462,0.158461538461538,0,0,"SEAK"
"Swan-Stephens","Sockeye",2002,22636,12944,0,0,0,0,0,0,0,0,0,0,0,0,0,0,0,0,0,0,0,0,0,0,0,0.558909198964141,59,54.22,-129.831,0,0,0.841538461538462,0.158461538461538,0,0,"SEAK"
"Swan-Stephens","Sockeye",2003,34362,24306,0,0,0,0,0,0,0,0,0,0,0,0,0,0,0,0,0,0,0,0,0,0,0,0.346228069191167,59,54.22,-129.831,0,0,0.841538461538462,0.158461538461538,0,0,"SEAK"
"Swan-Stephens","Sockeye",2004,32061,22855,0,0,0,0,0,0,0,0,0,0,0,0,0,0,0,0,0,0,0,0,0,0,0,0.338470426427162,59,54.22,-129.831,0,0,0.841538461538462,0.158461538461538,0,0,"SEAK"
"Swan-Stephens","Sockeye",2005,10207,12961,0,0,0,0,0,0,0,0,0,0,0,0,0,0,0,0,0,0,0,0,0,0,0,-0.238871089019877,59,54.22,-129.831,0,0,0.841538461538462,0.158461538461538,0,0,"SEAK"
"Swan-Stephens","Sockeye",2006,14880,32263,0,0,0,0,0,0,0,0,0,0,0,0,0,0,0,0,0,0,0,0,0,0,0,-0.773903033388739,59,54.22,-129.831,0,0,0.841538461538462,0.158461538461538,0,0,"SEAK"
"Swan-Stephens","Sockeye",2007,21162,11709,0,0,0,0,0,0,0,0,0,0,0,0,0,0,0,0,0,0,0,0,0,0,0,0.591849343615382,59,54.22,-129.831,0,0,0.841538461538462,0.158461538461538,0,0,"SEAK"
"Swan-Stephens","Sockeye",2008,9050,23151,0,0,0,0,0,0,0,0,0,0,0,0,0,0,0,0,0,0,0,0,0,0,0,-0.939273218431741,59,54.22,-129.831,0,0,0.841538461538462,0.158461538461538,0,0,"SEAK"
"Swan-Stephens","Sockeye",2009,11383,26990,0,0,0,0,0,0,0,0,0,0,0,0,0,0,0,0,0,0,0,0,0,0,0,-0.863345412686834,59,54.22,-129.831,0,0,0.841538461538462,0.158461538461538,0,0,"SEAK"
"Swan-Stephens","Sockeye",2010,34109,6517,0,0,0,0,0,0,0,0,0,0,0,0,0,0,0,0,0,0,0,0,0,0,0,1.6551471317347,59,54.22,-129.831,0,0,0.841538461538462,0.158461538461538,0,0,"SEAK"
"Swan-Stephens","Sockeye",2011,31017,10761,0,0,0,0,0,0,0,0,0,0,0,0,0,0,0,0,0,0,0,0,0,0,0,1.05860695405441,59,54.22,-129.831,0,0,0.841538461538462,0.158461538461538,0,0,"SEAK"
"Swan-Stephens","Sockeye",2012,12340,15674,0,0,0,0,0,0,0,0,0,0,0,0,0,0,0,0,0,0,0,0,0,0,0,-0.239157270153431,59,54.22,-129.831,0,0,0.841538461538462,0.158461538461538,0,0,"SEAK"
"Swan-Stephens","Sockeye",2013,9241,6665,0,0,0,0,0,0,0,0,0,0,0,0,0,0,0,0,0,0,0,0,0,0,0,0.326780151275231,59,54.22,-129.831,0,0,0.841538461538462,0.158461538461538,0,0,"SEAK"
"Swan-Stephens","Sockeye",2014,12732,8660,0,0,0,0,0,0,0,0,0,0,0,0,0,0,0,0,0,0,0,0,0,0,0,0.385403786845503,59,54.22,-129.831,0,0,0.841538461538462,0.158461538461538,0,0,"SEAK"
"Swan-Stephens","Sockeye",2015,15916,29479,0,0,0,0,0,0,0,0,0,0,0,0,0,0,0,0,0,0,0,0,0,0,0,-0.616353252878535,59,54.22,-129.831,0,0,0.841538461538462,0.158461538461538,0,0,"SEAK"
"Bowser","Sockeye",1982,108850,31772,0,0,0,0,0,0,0,0,0,0,0,0,0,0,0,0,0,0,0,0,0,0,0,1.23138538890967,46,54.99,-130.02,0,0,0.841538461538462,0.158461538461538,0,0,"SEAK"
"Bowser","Sockeye",1983,91795,11844,0,0,0,0,0,0,0,0,0,0,0,0,0,0,0,0,0,0,0,0,0,0,0,2.04773641967282,46,54.99,-130.02,0,0,0.841538461538462,0.158461538461538,0,0,"SEAK"
"Bowser","Sockeye",1984,159565,34187,0,0,0,0,0,0,0,0,0,0,0,0,0,0,0,0,0,0,0,0,0,0,0,1.54060590787399,46,54.99,-130.02,0,0,0.841538461538462,0.158461538461538,0,0,"SEAK"
"Bowser","Sockeye",1985,102934,40453,0,0,0,0,0,0,0,0,0,0,0,0,0,0,0,0,0,0,0,0,0,0,0,0.933947199754521,46,54.99,-130.02,0,0,0.841538461538462,0.158461538461538,0,0,"SEAK"
"Bowser","Sockeye",1986,75429,39601,0,0,0,0,0,0,0,0,0,0,0,0,0,0,0,0,0,0,0,0,0,0,0,0.644337445986141,46,54.99,-130.02,0,0,0.841538461538462,0.158461538461538,0,0,"SEAK"
"Bowser","Sockeye",1987,122148,35398,0,0,0,0,0,0,0,0,0,0,0,0,0,0,0,0,0,0,0,0,0,0,0,1.23857810288964,46,54.99,-130.02,0,0,0.841538461538462,0.158461538461538,0,0,"SEAK"
"Bowser","Sockeye",1988,115746,17114,0,0,0,0,0,0,0,0,0,0,0,0,0,0,0,0,0,0,0,0,0,0,0,1.91150129313794,46,54.99,-130.02,0,0,0.841538461538462,0.158461538461538,0,0,"SEAK"
"Bowser","Sockeye",1989,87551,45911,0,0,0,0,0,0,0,0,0,0,0,0,0,0,0,0,0,0,0,0,0,0,0,0.645516740940368,46,54.99,-130.02,0,0,0.841538461538462,0.158461538461538,0,0,"SEAK"
"Bowser","Sockeye",1990,148164,17474,0,0,0,0,0,0,0,0,0,0,0,0,0,0,0,0,0,0,0,0,0,0,0,2.1376057064977,46,54.99,-130.02,0,0,0.841538461538462,0.158461538461538,0,0,"SEAK"
"Bowser","Sockeye",1991,212070,18643,0,0,0,0,0,0,0,0,0,0,0,0,0,0,0,0,0,0,0,0,0,0,0,2.43144566833765,46,54.99,-130.02,0,0,0.841538461538462,0.158461538461538,0,0,"SEAK"
"Bowser","Sockeye",1992,232361,41113,0,0,0,0,0,0,0,0,0,0,0,0,0,0,0,0,0,0,0,0,0,0,0,1.73196782358928,46,54.99,-130.02,0,0,0.841538461538462,0.158461538461538,0,0,"SEAK"
"Bowser","Sockeye",1993,118771,21504,0,0,0,0,0,0,0,0,0,0,0,0,0,0,0,0,0,0,0,0,0,0,0,1.70895830504455,46,54.99,-130.02,0,0,0.841538461538462,0.158461538461538,0,0,"SEAK"
"Bowser","Sockeye",1994,29702,18675,0,0,0,0,0,0,0,0,0,0,0,0,0,0,0,0,0,0,0,0,0,0,0,0.464028652589872,46,54.99,-130.02,0,0,0.841538461538462,0.158461538461538,0,0,"SEAK"
"Bowser","Sockeye",1995,19409,27811,0,0,0,0,0,0,0,0,0,0,0,0,0,0,0,0,0,0,0,0,0,0,0,-0.359694749869185,46,54.99,-130.02,0,0,0.841538461538462,0.158461538461538,0,0,"SEAK"
"Bowser","Sockeye",1996,27013,38189,0,0,0,0,0,0,0,0,0,0,0,0,0,0,0,0,0,0,0,0,0,0,0,-0.346229284418652,46,54.99,-130.02,0,0,0.841538461538462,0.158461538461538,0,0,"SEAK"
"Bowser","Sockeye",1997,37265,64351,0,0,0,0,0,0,0,0,0,0,0,0,0,0,0,0,0,0,0,0,0,0,0,-0.546297925603274,46,54.99,-130.02,0,0,0.841538461538462,0.158461538461538,0,0,"SEAK"
"Bowser","Sockeye",1998,36128,31512,0,0,0,0,0,0,0,0,0,0,0,0,0,0,0,0,0,0,0,0,0,0,0,0.136699762298647,46,54.99,-130.02,0,0,0.841538461538462,0.158461538461538,0,0,"SEAK"
"Bowser","Sockeye",1999,31097,3340,0,0,0,0,0,0,0,0,0,0,0,0,0,0,0,0,0,0,0,0,0,0,0,2.23114054452121,46,54.99,-130.02,0,0,0.841538461538462,0.158461538461538,0,0,"SEAK"
"Bowser","Sockeye",2000,21970,8369,0,0,0,0,0,0,0,0,0,0,0,0,0,0,0,0,0,0,0,0,0,0,0,0.965143483345782,46,54.99,-130.02,0,0,0.841538461538462,0.158461538461538,0,0,"SEAK"
"Bowser","Sockeye",2001,21520,9524,0,0,0,0,0,0,0,0,0,0,0,0,0,0,0,0,0,0,0,0,0,0,0,0.815167806668967,46,54.99,-130.02,0,0,0.841538461538462,0.158461538461538,0,0,"SEAK"
"Bowser","Sockeye",2002,19780,16190,0,0,0,0,0,0,0,0,0,0,0,0,0,0,0,0,0,0,0,0,0,0,0,0.200277558505022,46,54.99,-130.02,0,0,0.841538461538462,0.158461538461538,0,0,"SEAK"
"Bowser","Sockeye",2003,14112,14548,0,0,0,0,0,0,0,0,0,0,0,0,0,0,0,0,0,0,0,0,0,0,0,-0.0304280278603071,46,54.99,-130.02,0,0,0.841538461538462,0.158461538461538,0,0,"SEAK"
"Bowser","Sockeye",2004,12658,13674,0,0,0,0,0,0,0,0,0,0,0,0,0,0,0,0,0,0,0,0,0,0,0,-0.0772067931384886,46,54.99,-130.02,0,0,0.841538461538462,0.158461538461538,0,0,"SEAK"
"Bowser","Sockeye",2005,16093,9337,0,0,0,0,0,0,0,0,0,0,0,0,0,0,0,0,0,0,0,0,0,0,0,0.544399393334569,46,54.99,-130.02,0,0,0.841538461538462,0.158461538461538,0,0,"SEAK"
"Bowser","Sockeye",2006,19070,12049,0,0,0,0,0,0,0,0,0,0,0,0,0,0,0,0,0,0,0,0,0,0,0,0.459134750671188,46,54.99,-130.02,0,0,0.841538461538462,0.158461538461538,0,0,"SEAK"
"Bowser","Sockeye",2007,15316,6817,0,0,0,0,0,0,0,0,0,0,0,0,0,0,0,0,0,0,0,0,0,0,0,0.8094785412344,46,54.99,-130.02,0,0,0.841538461538462,0.158461538461538,0,0,"SEAK"
"Bowser","Sockeye",2008,15570,8110,0,0,0,0,0,0,0,0,0,0,0,0,0,0,0,0,0,0,0,0,0,0,0,0.652248117718585,46,54.99,-130.02,0,0,0.841538461538462,0.158461538461538,0,0,"SEAK"
"Bowser","Sockeye",2009,26045,6646,0,0,0,0,0,0,0,0,0,0,0,0,0,0,0,0,0,0,0,0,0,0,0,1.36581064126475,46,54.99,-130.02,0,0,0.841538461538462,0.158461538461538,0,0,"SEAK"
"Bowser","Sockeye",2010,35726,12697,0,0,0,0,0,0,0,0,0,0,0,0,0,0,0,0,0,0,0,0,0,0,0,1.03451296993904,46,54.99,-130.02,0,0,0.841538461538462,0.158461538461538,0,0,"SEAK"
"Bowser","Sockeye",2011,38132,13531,0,0,0,0,0,0,0,0,0,0,0,0,0,0,0,0,0,0,0,0,0,0,0,1.03607047534982,46,54.99,-130.02,0,0,0.841538461538462,0.158461538461538,0,0,"SEAK"
"Bowser","Sockeye",2012,20797,8548,0,0,0,0,0,0,0,0,0,0,0,0,0,0,0,0,0,0,0,0,0,0,0,0.889111408078883,46,54.99,-130.02,0,0,0.841538461538462,0.158461538461538,0,0,"SEAK"
"Bowser","Sockeye",2013,12397,8025,0,0,0,0,0,0,0,0,0,0,0,0,0,0,0,0,0,0,0,0,0,0,0,0.43489283883993,46,54.99,-130.02,0,0,0.841538461538462,0.158461538461538,0,0,"SEAK"
"Bowser","Sockeye",2014,11667,20926,0,0,0,0,0,0,0,0,0,0,0,0,0,0,0,0,0,0,0,0,0,0,0,-0.584228061117136,46,54.99,-130.02,0,0,0.841538461538462,0.158461538461538,0,0,"SEAK"
"Bowser","Sockeye",2015,9717,21382,0,0,0,0,0,0,0,0,0,0,0,0,0,0,0,0,0,0,0,0,0,0,0,-0.788672517734006,46,54.99,-130.02,0,0,0.841538461538462,0.158461538461538,0,0,"SEAK"
"Damdochax","Sockeye",1982,25058,7270,0,0,0,0,0,0,0,0,0,0,0,0,0,0,0,0,0,0,0,0,0,0,0,1.23743684627793,47,54.99,-130.02,0,0,0.841538461538462,0.158461538461538,0,0,"SEAK"
"Damdochax","Sockeye",1983,10812,798,0,0,0,0,0,0,0,0,0,0,0,0,0,0,0,0,0,0,0,0,0,0,0,2.60630330994653,47,54.99,-130.02,0,0,0.841538461538462,0.158461538461538,0,0,"SEAK"
"Damdochax","Sockeye",1984,28901,1599,0,0,0,0,0,0,0,0,0,0,0,0,0,0,0,0,0,0,0,0,0,0,0,2.89449776274406,47,54.99,-130.02,0,0,0.841538461538462,0.158461538461538,0,0,"SEAK"
"Damdochax","Sockeye",1985,26023,22282,0,0,0,0,0,0,0,0,0,0,0,0,0,0,0,0,0,0,0,0,0,0,0,0.155201584727381,47,54.99,-130.02,0,0,0.841538461538462,0.158461538461538,0,0,"SEAK"
"Damdochax","Sockeye",1986,19461,15196,0,0,0,0,0,0,0,0,0,0,0,0,0,0,0,0,0,0,0,0,0,0,0,0.247380227573649,47,54.99,-130.02,0,0,0.841538461538462,0.158461538461538,0,0,"SEAK"
"Damdochax","Sockeye",1987,23375,3208,0,0,0,0,0,0,0,0,0,0,0,0,0,0,0,0,0,0,0,0,0,0,0,1.98601938517048,47,54.99,-130.02,0,0,0.841538461538462,0.158461538461538,0,0,"SEAK"
"Damdochax","Sockeye",1988,52766,3275,0,0,0,0,0,0,0,0,0,0,0,0,0,0,0,0,0,0,0,0,0,0,0,2.77954917481304,47,54.99,-130.02,0,0,0.841538461538462,0.158461538461538,0,0,"SEAK"
"Damdochax","Sockeye",1989,41990,7713,0,0,0,0,0,0,0,0,0,0,0,0,0,0,0,0,0,0,0,0,0,0,0,1.69452427774424,47,54.99,-130.02,0,0,0.841538461538462,0.158461538461538,0,0,"SEAK"
"Damdochax","Sockeye",1990,15712,6091,0,0,0,0,0,0,0,0,0,0,0,0,0,0,0,0,0,0,0,0,0,0,0,0.947612479757763,47,54.99,-130.02,0,0,0.841538461538462,0.158461538461538,0,0,"SEAK"
"Damdochax","Sockeye",1991,11449,5297,0,0,0,0,0,0,0,0,0,0,0,0,0,0,0,0,0,0,0,0,0,0,0,0.770761767379286,47,54.99,-130.02,0,0,0.841538461538462,0.158461538461538,0,0,"SEAK"
"Damdochax","Sockeye",1992,16083,5976,0,0,0,0,0,0,0,0,0,0,0,0,0,0,0,0,0,0,0,0,0,0,0,0.990011365682994,47,54.99,-130.02,0,0,0.841538461538462,0.158461538461538,0,0,"SEAK"
"Damdochax","Sockeye",1993,31212,13414,0,0,0,0,0,0,0,0,0,0,0,0,0,0,0,0,0,0,0,0,0,0,0,0.844503698576969,47,54.99,-130.02,0,0,0.841538461538462,0.158461538461538,0,0,"SEAK"
"Damdochax","Sockeye",1994,18080,10283,0,0,0,0,0,0,0,0,0,0,0,0,0,0,0,0,0,0,0,0,0,0,0,0.564314308716977,47,54.99,-130.02,0,0,0.841538461538462,0.158461538461538,0,0,"SEAK"
"Damdochax","Sockeye",1995,4858,1546,0,0,0,0,0,0,0,0,0,0,0,0,0,0,0,0,0,0,0,0,0,0,0,1.14495588041475,47,54.99,-130.02,0,0,0.841538461538462,0.158461538461538,0,0,"SEAK"
"Damdochax","Sockeye",1996,9274,2187,0,0,0,0,0,0,0,0,0,0,0,0,0,0,0,0,0,0,0,0,0,0,0,1.44468404427464,47,54.99,-130.02,0,0,0.841538461538462,0.158461538461538,0,0,"SEAK"
"Damdochax","Sockeye",1997,6301,4109,0,0,0,0,0,0,0,0,0,0,0,0,0,0,0,0,0,0,0,0,0,0,0,0.427528661058646,47,54.99,-130.02,0,0,0.841538461538462,0.158461538461538,0,0,"SEAK"
"Damdochax","Sockeye",1998,7456,15728,0,0,0,0,0,0,0,0,0,0,0,0,0,0,0,0,0,0,0,0,0,0,0,-0.746423486021521,47,54.99,-130.02,0,0,0.841538461538462,0.158461538461538,0,0,"SEAK"
"Damdochax","Sockeye",1999,6661,1844,0,0,0,0,0,0,0,0,0,0,0,0,0,0,0,0,0,0,0,0,0,0,0,1.28433249829664,47,54.99,-130.02,0,0,0.841538461538462,0.158461538461538,0,0,"SEAK"
"Damdochax","Sockeye",2000,3661,1303,0,0,0,0,0,0,0,0,0,0,0,0,0,0,0,0,0,0,0,0,0,0,0,1.03306703599539,47,54.99,-130.02,0,0,0.841538461538462,0.158461538461538,0,0,"SEAK"
"Damdochax","Sockeye",2001,7084,4687,0,0,0,0,0,0,0,0,0,0,0,0,0,0,0,0,0,0,0,0,0,0,0,0.413046000980018,47,54.99,-130.02,0,0,0.841538461538462,0.158461538461538,0,0,"SEAK"
"Damdochax","Sockeye",2002,12682,944,0,0,0,0,0,0,0,0,0,0,0,0,0,0,0,0,0,0,0,0,0,0,0,2.59781277811448,47,54.99,-130.02,0,0,0.841538461538462,0.158461538461538,0,0,"SEAK"
"Damdochax","Sockeye",2003,9027,4240,0,0,0,0,0,0,0,0,0,0,0,0,0,0,0,0,0,0,0,0,0,0,0,0.755656817072151,47,54.99,-130.02,0,0,0.841538461538462,0.158461538461538,0,0,"SEAK"
"Damdochax","Sockeye",2004,6735,1914,0,0,0,0,0,0,0,0,0,0,0,0,0,0,0,0,0,0,0,0,0,0,0,1.25812251683156,47,54.99,-130.02,0,0,0.841538461538462,0.158461538461538,0,0,"SEAK"
"Damdochax","Sockeye",2005,7199,1488,0,0,0,0,0,0,0,0,0,0,0,0,0,0,0,0,0,0,0,0,0,0,0,1.57650919107627,47,54.99,-130.02,0,0,0.841538461538462,0.158461538461538,0,0,"SEAK"
"Damdochax","Sockeye",2006,10597,4439,0,0,0,0,0,0,0,0,0,0,0,0,0,0,0,0,0,0,0,0,0,0,0,0.870141816340801,47,54.99,-130.02,0,0,0.841538461538462,0.158461538461538,0,0,"SEAK"
"Damdochax","Sockeye",2007,13012,4439,0,0,0,0,0,0,0,0,0,0,0,0,0,0,0,0,0,0,0,0,0,0,0,1.07544288275921,47,54.99,-130.02,0,0,0.841538461538462,0.158461538461538,0,0,"SEAK"
"Damdochax","Sockeye",2008,11669,3882,0,0,0,0,0,0,0,0,0,0,0,0,0,0,0,0,0,0,0,0,0,0,0,1.10058526807715,47,54.99,-130.02,0,0,0.841538461538462,0.158461538461538,0,0,"SEAK"
"Damdochax","Sockeye",2009,18677,3890,0,0,0,0,0,0,0,0,0,0,0,0,0,0,0,0,0,0,0,0,0,0,0,1.56888366270111,47,54.99,-130.02,0,0,0.841538461538462,0.158461538461538,0,0,"SEAK"
"Damdochax","Sockeye",2010,21102,5251,0,0,0,0,0,0,0,0,0,0,0,0,0,0,0,0,0,0,0,0,0,0,0,1.39094928806418,47,54.99,-130.02,0,0,0.841538461538462,0.158461538461538,0,0,"SEAK"
"Damdochax","Sockeye",2011,12896,7632,0,0,0,0,0,0,0,0,0,0,0,0,0,0,0,0,0,0,0,0,0,0,0,0.524567251618287,47,54.99,-130.02,0,0,0.841538461538462,0.158461538461538,0,0,"SEAK"
"Damdochax","Sockeye",2012,7941,8775,0,0,0,0,0,0,0,0,0,0,0,0,0,0,0,0,0,0,0,0,0,0,0,-0.0998675574388556,47,54.99,-130.02,0,0,0.841538461538462,0.158461538461538,0,0,"SEAK"
"Damdochax","Sockeye",2013,13216,5925,0,0,0,0,0,0,0,0,0,0,0,0,0,0,0,0,0,0,0,0,0,0,0,0.802247529757427,47,54.99,-130.02,0,0,0.841538461538462,0.158461538461538,0,0,"SEAK"
"Damdochax","Sockeye",2014,12325,16528,0,0,0,0,0,0,0,0,0,0,0,0,0,0,0,0,0,0,0,0,0,0,0,-0.293426192448529,47,54.99,-130.02,0,0,0.841538461538462,0.158461538461538,0,0,"SEAK"
"Damdochax","Sockeye",2015,11699,12298,0,0,0,0,0,0,0,0,0,0,0,0,0,0,0,0,0,0,0,0,0,0,0,-0.0499332794658135,47,54.99,-130.02,0,0,0.841538461538462,0.158461538461538,0,0,"SEAK"
"Kwinageese","Sockeye",1982,31547,23752,0,0,0,0,0,0,0,0,0,0,0,0,0,0,0,0,0,0,0,0,0,0,0,0.28381175984146,50,54.99,-130.02,0,0,0.841538461538462,0.158461538461538,0,0,"SEAK"
"Kwinageese","Sockeye",1983,5911,2786,0,0,0,0,0,0,0,0,0,0,0,0,0,0,0,0,0,0,0,0,0,0,0,0.752208146484619,50,54.99,-130.02,0,0,0.841538461538462,0.158461538461538,0,0,"SEAK"
"Kwinageese","Sockeye",1984,9693,8530,0,0,0,0,0,0,0,0,0,0,0,0,0,0,0,0,0,0,0,0,0,0,0,0.127814614006883,50,54.99,-130.02,0,0,0.841538461538462,0.158461538461538,0,0,"SEAK"
"Kwinageese","Sockeye",1985,113509,21014,0,0,0,0,0,0,0,0,0,0,0,0,0,0,0,0,0,0,0,0,0,0,0,1.68669324666536,50,54.99,-130.02,0,0,0.841538461538462,0.158461538461538,0,0,"SEAK"
"Kwinageese","Sockeye",1986,12508,34691,0,0,0,0,0,0,0,0,0,0,0,0,0,0,0,0,0,0,0,0,0,0,0,-1.02011184772181,50,54.99,-130.02,0,0,0.841538461538462,0.158461538461538,0,0,"SEAK"
"Kwinageese","Sockeye",1987,15371,11376,0,0,0,0,0,0,0,0,0,0,0,0,0,0,0,0,0,0,0,0,0,0,0,0.30097674418191,50,54.99,-130.02,0,0,0.841538461538462,0.158461538461538,0,0,"SEAK"
"Kwinageese","Sockeye",1988,5519,3755,0,0,0,0,0,0,0,0,0,0,0,0,0,0,0,0,0,0,0,0,0,0,0,0.385108399241266,50,54.99,-130.02,0,0,0.841538461538462,0.158461538461538,0,0,"SEAK"
"Kwinageese","Sockeye",1989,82715,22213,0,0,0,0,0,0,0,0,0,0,0,0,0,0,0,0,0,0,0,0,0,0,0,1.31472326098349,50,54.99,-130.02,0,0,0.841538461538462,0.158461538461538,0,0,"SEAK"
"Kwinageese","Sockeye",1990,2657,19104,0,0,0,0,0,0,0,0,0,0,0,0,0,0,0,0,0,0,0,0,0,0,0,-1.97270007043252,50,54.99,-130.02,0,0,0.841538461538462,0.158461538461538,0,0,"SEAK"
"Kwinageese","Sockeye",1991,7727,3291,0,0,0,0,0,0,0,0,0,0,0,0,0,0,0,0,0,0,0,0,0,0,0,0.853529218990244,50,54.99,-130.02,0,0,0.841538461538462,0.158461538461538,0,0,"SEAK"
"Kwinageese","Sockeye",1992,8673,5414,0,0,0,0,0,0,0,0,0,0,0,0,0,0,0,0,0,0,0,0,0,0,0,0.471226560510209,50,54.99,-130.02,0,0,0.841538461538462,0.158461538461538,0,0,"SEAK"
"Kwinageese","Sockeye",1993,54655,15963,0,0,0,0,0,0,0,0,0,0,0,0,0,0,0,0,0,0,0,0,0,0,0,1.23076715746346,50,54.99,-130.02,0,0,0.841538461538462,0.158461538461538,0,0,"SEAK"
"Kwinageese","Sockeye",1994,12183,4968,0,0,0,0,0,0,0,0,0,0,0,0,0,0,0,0,0,0,0,0,0,0,0,0.897024192741093,50,54.99,-130.02,0,0,0.841538461538462,0.158461538461538,0,0,"SEAK"
"Kwinageese","Sockeye",1995,43305,1091,0,0,0,0,0,0,0,0,0,0,0,0,0,0,0,0,0,0,0,0,0,0,0,3.68117339493207,50,54.99,-130.02,0,0,0.841538461538462,0.158461538461538,0,0,"SEAK"
"Kwinageese","Sockeye",1996,3317,1199,0,0,0,0,0,0,0,0,0,0,0,0,0,0,0,0,0,0,0,0,0,0,0,1.01757288391954,50,54.99,-130.02,0,0,0.841538461538462,0.158461538461538,0,0,"SEAK"
"Kwinageese","Sockeye",1997,20872,10041,0,0,0,0,0,0,0,0,0,0,0,0,0,0,0,0,0,0,0,0,0,0,0,0.731731836937128,50,54.99,-130.02,0,0,0.841538461538462,0.158461538461538,0,0,"SEAK"
"Kwinageese","Sockeye",1998,33117,6216,0,0,0,0,0,0,0,0,0,0,0,0,0,0,0,0,0,0,0,0,0,0,0,1.67292013263898,50,54.99,-130.02,0,0,0.841538461538462,0.158461538461538,0,0,"SEAK"
"Kwinageese","Sockeye",1999,23318,16848,0,0,0,0,0,0,0,0,0,0,0,0,0,0,0,0,0,0,0,0,0,0,0,0.32499363911948,50,54.99,-130.02,0,0,0.841538461538462,0.158461538461538,0,0,"SEAK"
"Kwinageese","Sockeye",2000,10511,932,0,0,0,0,0,0,0,0,0,0,0,0,0,0,0,0,0,0,0,0,0,0,0,2.42284479213776,50,54.99,-130.02,0,0,0.841538461538462,0.158461538461538,0,0,"SEAK"
"Kwinageese","Sockeye",2001,18060,3766,0,0,0,0,0,0,0,0,0,0,0,0,0,0,0,0,0,0,0,0,0,0,0,1.56768611775388,50,54.99,-130.02,0,0,0.841538461538462,0.158461538461538,0,0,"SEAK"
"Kwinageese","Sockeye",2002,21416,10109,0,0,0,0,0,0,0,0,0,0,0,0,0,0,0,0,0,0,0,0,0,0,0,0.750712190046131,50,54.99,-130.02,0,0,0.841538461538462,0.158461538461538,0,0,"SEAK"
"Kwinageese","Sockeye",2003,18133,16376,0,0,0,0,0,0,0,0,0,0,0,0,0,0,0,0,0,0,0,0,0,0,0,0.1019166343129,50,54.99,-130.02,0,0,0.841538461538462,0.158461538461538,0,0,"SEAK"
"Kwinageese","Sockeye",2004,16520,2034,0,0,0,0,0,0,0,0,0,0,0,0,0,0,0,0,0,0,0,0,0,0,0,2.09456747046646,50,54.99,-130.02,0,0,0.841538461538462,0.158461538461538,0,0,"SEAK"
"Kwinageese","Sockeye",2005,16992,8578,0,0,0,0,0,0,0,0,0,0,0,0,0,0,0,0,0,0,0,0,0,0,0,0.68354185896484,50,54.99,-130.02,0,0,0.841538461538462,0.158461538461538,0,0,"SEAK"
"Kwinageese","Sockeye",2006,17527,10055,0,0,0,0,0,0,0,0,0,0,0,0,0,0,0,0,0,0,0,0,0,0,0,0.555672525866424,50,54.99,-130.02,0,0,0.841538461538462,0.158461538461538,0,0,"SEAK"
"Kwinageese","Sockeye",2007,18266,10277,0,0,0,0,0,0,0,0,0,0,0,0,0,0,0,0,0,0,0,0,0,0,0,0.575133019626551,50,54.99,-130.02,0,0,0.841538461538462,0.158461538461538,0,0,"SEAK"
"Kwinageese","Sockeye",2008,3777,9230,0,0,0,0,0,0,0,0,0,0,0,0,0,0,0,0,0,0,0,0,0,0,0,-0.893529004784441,50,54.99,-130.02,0,0,0.841538461538462,0.158461538461538,0,0,"SEAK"
"Kwinageese","Sockeye",2009,1699,10986,0,0,0,0,0,0,0,0,0,0,0,0,0,0,0,0,0,0,0,0,0,0,0,-1.86658189223063,50,54.99,-130.02,0,0,0.841538461538462,0.158461538461538,0,0,"SEAK"
"Kwinageese","Sockeye",2010,13145,10491,0,0,0,0,0,0,0,0,0,0,0,0,0,0,0,0,0,0,0,0,0,0,0,0.225523711432496,50,54.99,-130.02,0,0,0.841538461538462,0.158461538461538,0,0,"SEAK"
"Kwinageese","Sockeye",2011,34663,14174,0,0,0,0,0,0,0,0,0,0,0,0,0,0,0,0,0,0,0,0,0,0,0,0.89426353526047,50,54.99,-130.02,0,0,0.841538461538462,0.158461538461538,0,0,"SEAK"
"Kwinageese","Sockeye",2012,31157,6243,0,0,0,0,0,0,0,0,0,0,0,0,0,0,0,0,0,0,0,0,0,0,0,1.60757810300942,50,54.99,-130.02,0,0,0.841538461538462,0.158461538461538,0,0,"SEAK"
"Kwinageese","Sockeye",2013,8793,601,0,0,0,0,0,0,0,0,0,0,0,0,0,0,0,0,0,0,0,0,0,0,0,2.68311629484379,50,54.99,-130.02,0,0,0.841538461538462,0.158461538461538,0,0,"SEAK"
"Kwinageese","Sockeye",2014,8973,802,0,0,0,0,0,0,0,0,0,0,0,0,0,0,0,0,0,0,0,0,0,0,0,2.41486673943154,50,54.99,-130.02,0,0,0.841538461538462,0.158461538461538,0,0,"SEAK"
"Kwinageese","Sockeye",2015,12126,14399,0,0,0,0,0,0,0,0,0,0,0,0,0,0,0,0,0,0,0,0,0,0,0,-0.171806852076594,50,54.99,-130.02,0,0,0.841538461538462,0.158461538461538,0,0,"SEAK"
"Lower Nass Sea & River Type","Sockeye",1982,6695,1630,0,0,0,0,0,0,0,0,0,0,0,0,0,0,0,0,0,0,0,0,0,0,0,1.41278096432446,52,54.99,-130.02,0,0,0.841538461538462,0.158461538461538,0,0,"SEAK"
"Lower Nass Sea & River Type","Sockeye",1983,2548,3167,0,0,0,0,0,0,0,0,0,0,0,0,0,0,0,0,0,0,0,0,0,0,0,-0.217476029846586,52,54.99,-130.02,0,0,0.841538461538462,0.158461538461538,0,0,"SEAK"
"Lower Nass Sea & River Type","Sockeye",1984,2589,10120,0,0,0,0,0,0,0,0,0,0,0,0,0,0,0,0,0,0,0,0,0,0,0,-1.36324196308992,52,54.99,-130.02,0,0,0.841538461538462,0.158461538461538,0,0,"SEAK"
"Lower Nass Sea & River Type","Sockeye",1985,4124,9491,0,0,0,0,0,0,0,0,0,0,0,0,0,0,0,0,0,0,0,0,0,0,0,-0.833520414993642,52,54.99,-130.02,0,0,0.841538461538462,0.158461538461538,0,0,"SEAK"
"Lower Nass Sea & River Type","Sockeye",1986,2823,2035,0,0,0,0,0,0,0,0,0,0,0,0,0,0,0,0,0,0,0,0,0,0,0,0.327304330376794,52,54.99,-130.02,0,0,0.841538461538462,0.158461538461538,0,0,"SEAK"
"Lower Nass Sea & River Type","Sockeye",1987,1396,1804,0,0,0,0,0,0,0,0,0,0,0,0,0,0,0,0,0,0,0,0,0,0,0,-0.256395417300251,52,54.99,-130.02,0,0,0.841538461538462,0.158461538461538,0,0,"SEAK"
"Lower Nass Sea & River Type","Sockeye",1988,1034,1801,0,0,0,0,0,0,0,0,0,0,0,0,0,0,0,0,0,0,0,0,0,0,0,-0.554907290107582,52,54.99,-130.02,0,0,0.841538461538462,0.158461538461538,0,0,"SEAK"
"Lower Nass Sea & River Type","Sockeye",1989,1291,3033,0,0,0,0,0,0,0,0,0,0,0,0,0,0,0,0,0,0,0,0,0,0,0,-0.854135116841939,52,54.99,-130.02,0,0,0.841538461538462,0.158461538461538,0,0,"SEAK"
"Lower Nass Sea & River Type","Sockeye",1990,3591,935,0,0,0,0,0,0,0,0,0,0,0,0,0,0,0,0,0,0,0,0,0,0,0,1.3456394649374,52,54.99,-130.02,0,0,0.841538461538462,0.158461538461538,0,0,"SEAK"
"Lower Nass Sea & River Type","Sockeye",1991,15924,928,0,0,0,0,0,0,0,0,0,0,0,0,0,0,0,0,0,0,0,0,0,0,0,2.84255095133401,52,54.99,-130.02,0,0,0.841538461538462,0.158461538461538,0,0,"SEAK"
"Lower Nass Sea & River Type","Sockeye",1992,4234,447,0,0,0,0,0,0,0,0,0,0,0,0,0,0,0,0,0,0,0,0,0,0,0,2.24834385708124,52,54.99,-130.02,0,0,0.841538461538462,0.158461538461538,0,0,"SEAK"
"Lower Nass Sea & River Type","Sockeye",1993,25942,658,0,0,0,0,0,0,0,0,0,0,0,0,0,0,0,0,0,0,0,0,0,0,0,3.6744136245753,52,54.99,-130.02,0,0,0.841538461538462,0.158461538461538,0,0,"SEAK"
"Lower Nass Sea & River Type","Sockeye",1994,8287,6213,0,0,0,0,0,0,0,0,0,0,0,0,0,0,0,0,0,0,0,0,0,0,0,0.288044150785349,52,54.99,-130.02,0,0,0.841538461538462,0.158461538461538,0,0,"SEAK"
"Lower Nass Sea & River Type","Sockeye",1995,18533,3161,0,0,0,0,0,0,0,0,0,0,0,0,0,0,0,0,0,0,0,0,0,0,0,1.76866449358169,52,54.99,-130.02,0,0,0.841538461538462,0.158461538461538,0,0,"SEAK"
"Lower Nass Sea & River Type","Sockeye",1996,5744,2051,0,0,0,0,0,0,0,0,0,0,0,0,0,0,0,0,0,0,0,0,0,0,0,1.02982835265568,52,54.99,-130.02,0,0,0.841538461538462,0.158461538461538,0,0,"SEAK"
"Lower Nass Sea & River Type","Sockeye",1997,11242,9887,0,0,0,0,0,0,0,0,0,0,0,0,0,0,0,0,0,0,0,0,0,0,0,0.128436001664887,52,54.99,-130.02,0,0,0.841538461538462,0.158461538461538,0,0,"SEAK"
"Lower Nass Sea & River Type","Sockeye",1998,814,7204,0,0,0,0,0,0,0,0,0,0,0,0,0,0,0,0,0,0,0,0,0,0,0,-2.18043134029331,52,54.99,-130.02,0,0,0.841538461538462,0.158461538461538,0,0,"SEAK"
"Lower Nass Sea & River Type","Sockeye",1999,13189,4931,0,0,0,0,0,0,0,0,0,0,0,0,0,0,0,0,0,0,0,0,0,0,0,0.983841341601759,52,54.99,-130.02,0,0,0.841538461538462,0.158461538461538,0,0,"SEAK"
"Lower Nass Sea & River Type","Sockeye",2000,7348,2641,0,0,0,0,0,0,0,0,0,0,0,0,0,0,0,0,0,0,0,0,0,0,0,1.02327053403788,52,54.99,-130.02,0,0,0.841538461538462,0.158461538461538,0,0,"SEAK"
"Lower Nass Sea & River Type","Sockeye",2001,9795,4428,0,0,0,0,0,0,0,0,0,0,0,0,0,0,0,0,0,0,0,0,0,0,0,0.793924036550114,52,54.99,-130.02,0,0,0.841538461538462,0.158461538461538,0,0,"SEAK"
"Lower Nass Sea & River Type","Sockeye",2002,10115,653,0,0,0,0,0,0,0,0,0,0,0,0,0,0,0,0,0,0,0,0,0,0,0,2.74019762032541,52,54.99,-130.02,0,0,0.841538461538462,0.158461538461538,0,0,"SEAK"
"Lower Nass Sea & River Type","Sockeye",2003,25521,4806,0,0,0,0,0,0,0,0,0,0,0,0,0,0,0,0,0,0,0,0,0,0,0,1.66963650534758,52,54.99,-130.02,0,0,0.841538461538462,0.158461538461538,0,0,"SEAK"
"Lower Nass Sea & River Type","Sockeye",2004,14429,2527,0,0,0,0,0,0,0,0,0,0,0,0,0,0,0,0,0,0,0,0,0,0,0,1.74220724190906,52,54.99,-130.02,0,0,0.841538461538462,0.158461538461538,0,0,"SEAK"
"Lower Nass Sea & River Type","Sockeye",2005,21798,6717,0,0,0,0,0,0,0,0,0,0,0,0,0,0,0,0,0,0,0,0,0,0,0,1.17717659618239,52,54.99,-130.02,0,0,0.841538461538462,0.158461538461538,0,0,"SEAK"
"Lower Nass Sea & River Type","Sockeye",2006,10512,2917,0,0,0,0,0,0,0,0,0,0,0,0,0,0,0,0,0,0,0,0,0,0,0,1.28196177085667,52,54.99,-130.02,0,0,0.841538461538462,0.158461538461538,0,0,"SEAK"
"Lower Nass Sea & River Type","Sockeye",2007,44340,15226,0,0,0,0,0,0,0,0,0,0,0,0,0,0,0,0,0,0,0,0,0,0,0,1.06888271130414,52,54.99,-130.02,0,0,0.841538461538462,0.158461538461538,0,0,"SEAK"
"Lower Nass Sea & River Type","Sockeye",2008,27773,9469,0,0,0,0,0,0,0,0,0,0,0,0,0,0,0,0,0,0,0,0,0,0,0,1.07604102073097,52,54.99,-130.02,0,0,0.841538461538462,0.158461538461538,0,0,"SEAK"
"Lower Nass Sea & River Type","Sockeye",2009,34372,13574,0,0,0,0,0,0,0,0,0,0,0,0,0,0,0,0,0,0,0,0,0,0,0,0.92908608116941,52,54.99,-130.02,0,0,0.841538461538462,0.158461538461538,0,0,"SEAK"
"Lower Nass Sea & River Type","Sockeye",2010,8492,4719,0,0,0,0,0,0,0,0,0,0,0,0,0,0,0,0,0,0,0,0,0,0,0,0.587527631096759,52,54.99,-130.02,0,0,0.841538461538462,0.158461538461538,0,0,"SEAK"
"Lower Nass Sea & River Type","Sockeye",2011,90141,32568,0,0,0,0,0,0,0,0,0,0,0,0,0,0,0,0,0,0,0,0,0,0,0,1.01804489985429,52,54.99,-130.02,0,0,0.841538461538462,0.158461538461538,0,0,"SEAK"
"Lower Nass Sea & River Type","Sockeye",2012,47201,14858,0,0,0,0,0,0,0,0,0,0,0,0,0,0,0,0,0,0,0,0,0,0,0,1.15587663807814,52,54.99,-130.02,0,0,0.841538461538462,0.158461538461538,0,0,"SEAK"
"Lower Nass Sea & River Type","Sockeye",2013,15078,17064,0,0,0,0,0,0,0,0,0,0,0,0,0,0,0,0,0,0,0,0,0,0,0,-0.123734253379539,52,54.99,-130.02,0,0,0.841538461538462,0.158461538461538,0,0,"SEAK"
"Lower Nass Sea & River Type","Sockeye",2014,28750,19120,0,0,0,0,0,0,0,0,0,0,0,0,0,0,0,0,0,0,0,0,0,0,0,0.407902859620104,52,54.99,-130.02,0,0,0.841538461538462,0.158461538461538,0,0,"SEAK"
"Lower Nass Sea & River Type","Sockeye",2015,96314,62630,0,0,0,0,0,0,0,0,0,0,0,0,0,0,0,0,0,0,0,0,0,0,0,0.430369290724136,52,54.99,-130.02,0,0,0.841538461538462,0.158461538461538,0,0,"SEAK"
"Meziadin","Sockeye",1982,360727,307730,0,0,0,0,0,0,0,0,0,0,0,0,0,0,0,0,0,0,0,0,0,0,0,0.158898664419741,54,54.99,-130.02,0,0,0.841538461538462,0.158461538461538,0,0,"SEAK"
"Meziadin","Sockeye",1983,421792,215756,0,0,0,0,0,0,0,0,0,0,0,0,0,0,0,0,0,0,0,0,0,0,0,0.67036416198797,54,54.99,-130.02,0,0,0.841538461538462,0.158461538461538,0,0,"SEAK"
"Meziadin","Sockeye",1984,184643,188209,0,0,0,0,0,0,0,0,0,0,0,0,0,0,0,0,0,0,0,0,0,0,0,-0.019128816453032,54,54.99,-130.02,0,0,0.841538461538462,0.158461538461538,0,0,"SEAK"
"Meziadin","Sockeye",1985,330314,354391,0,0,0,0,0,0,0,0,0,0,0,0,0,0,0,0,0,0,0,0,0,0,0,-0.0703571061661507,54,54.99,-130.02,0,0,0.841538461538462,0.158461538461538,0,0,"SEAK"
"Meziadin","Sockeye",1986,573491,167205,0,0,0,0,0,0,0,0,0,0,0,0,0,0,0,0,0,0,0,0,0,0,0,1.23252163882412,54,54.99,-130.02,0,0,0.841538461538462,0.158461538461538,0,0,"SEAK"
"Meziadin","Sockeye",1987,1409726,198493,0,0,0,0,0,0,0,0,0,0,0,0,0,0,0,0,0,0,0,0,0,0,0,1.96039680322548,54,54.99,-130.02,0,0,0.841538461538462,0.158461538461538,0,0,"SEAK"
"Meziadin","Sockeye",1988,1977142,163639,0,0,0,0,0,0,0,0,0,0,0,0,0,0,0,0,0,0,0,0,0,0,0,2.49174486452303,54,54.99,-130.02,0,0,0.841538461538462,0.158461538461538,0,0,"SEAK"
"Meziadin","Sockeye",1989,1239216,79671,0,0,0,0,0,0,0,0,0,0,0,0,0,0,0,0,0,0,0,0,0,0,0,2.74432854548557,54,54.99,-130.02,0,0,0.841538461538462,0.158461538461538,0,0,"SEAK"
"Meziadin","Sockeye",1990,566792,161229,0,0,0,0,0,0,0,0,0,0,0,0,0,0,0,0,0,0,0,0,0,0,0,1.25716667875413,54,54.99,-130.02,0,0,0.841538461538462,0.158461538461538,0,0,"SEAK"
"Meziadin","Sockeye",1991,1293267,352498,0,0,0,0,0,0,0,0,0,0,0,0,0,0,0,0,0,0,0,0,0,0,0,1.29988190549674,54,54.99,-130.02,0,0,0.841538461538462,0.158461538461538,0,0,"SEAK"
"Meziadin","Sockeye",1992,438808,676894,0,0,0,0,0,0,0,0,0,0,0,0,0,0,0,0,0,0,0,0,0,0,0,-0.433452727761286,54,54.99,-130.02,0,0,0.841538461538462,0.158461538461538,0,0,"SEAK"
"Meziadin","Sockeye",1993,618375,520720,0,0,0,0,0,0,0,0,0,0,0,0,0,0,0,0,0,0,0,0,0,0,0,0.171882600283741,54,54.99,-130.02,0,0,0.841538461538462,0.158461538461538,0,0,"SEAK"
"Meziadin","Sockeye",1994,765219,303295,0,0,0,0,0,0,0,0,0,0,0,0,0,0,0,0,0,0,0,0,0,0,0,0.925456138137018,54,54.99,-130.02,0,0,0.841538461538462,0.158461538461538,0,0,"SEAK"
"Meziadin","Sockeye",1995,697124,269398,0,0,0,0,0,0,0,0,0,0,0,0,0,0,0,0,0,0,0,0,0,0,0,0.950773460201984,54,54.99,-130.02,0,0,0.841538461538462,0.158461538461538,0,0,"SEAK"
"Meziadin","Sockeye",1996,386197,207881,0,0,0,0,0,0,0,0,0,0,0,0,0,0,0,0,0,0,0,0,0,0,0,0.619381801372138,54,54.99,-130.02,0,0,0.841538461538462,0.158461538461538,0,0,"SEAK"
"Meziadin","Sockeye",1997,950659,198194,0,0,0,0,0,0,0,0,0,0,0,0,0,0,0,0,0,0,0,0,0,0,0,1.56790907933183,54,54.99,-130.02,0,0,0.841538461538462,0.158461538461538,0,0,"SEAK"
"Meziadin","Sockeye",1998,1373214,243463,0,0,0,0,0,0,0,0,0,0,0,0,0,0,0,0,0,0,0,0,0,0,0,1.72994427643787,54,54.99,-130.02,0,0,0.841538461538462,0.158461538461538,0,0,"SEAK"
"Meziadin","Sockeye",1999,927611,228451,0,0,0,0,0,0,0,0,0,0,0,0,0,0,0,0,0,0,0,0,0,0,0,1.40129071854563,54,54.99,-130.02,0,0,0.841538461538462,0.158461538461538,0,0,"SEAK"
"Meziadin","Sockeye",2000,857398,286401,0,0,0,0,0,0,0,0,0,0,0,0,0,0,0,0,0,0,0,0,0,0,0,1.09650929482711,54,54.99,-130.02,0,0,0.841538461538462,0.158461538461538,0,0,"SEAK"
"Meziadin","Sockeye",2001,629452,223866,0,0,0,0,0,0,0,0,0,0,0,0,0,0,0,0,0,0,0,0,0,0,0,1.03380194101653,54,54.99,-130.02,0,0,0.841538461538462,0.158461538461538,0,0,"SEAK"
"Meziadin","Sockeye",2002,512634,523659,0,0,0,0,0,0,0,0,0,0,0,0,0,0,0,0,0,0,0,0,0,0,0,-0.0212785688722837,54,54.99,-130.02,0,0,0.841538461538462,0.158461538461538,0,0,"SEAK"
"Meziadin","Sockeye",2003,313736,366973,0,0,0,0,0,0,0,0,0,0,0,0,0,0,0,0,0,0,0,0,0,0,0,-0.156736407929434,54,54.99,-130.02,0,0,0.841538461538462,0.158461538461538,0,0,"SEAK"
"Meziadin","Sockeye",2004,492507,340463,0,0,0,0,0,0,0,0,0,0,0,0,0,0,0,0,0,0,0,0,0,0,0,0.369202217753679,54,54.99,-130.02,0,0,0.841538461538462,0.158461538461538,0,0,"SEAK"
"Meziadin","Sockeye",2005,363306,318401,0,0,0,0,0,0,0,0,0,0,0,0,0,0,0,0,0,0,0,0,0,0,0,0.131933859698598,54,54.99,-130.02,0,0,0.841538461538462,0.158461538461538,0,0,"SEAK"
"Meziadin","Sockeye",2006,425624,314610,0,0,0,0,0,0,0,0,0,0,0,0,0,0,0,0,0,0,0,0,0,0,0,0.302222550900543,54,54.99,-130.02,0,0,0.841538461538462,0.158461538461538,0,0,"SEAK"
"Meziadin","Sockeye",2007,460921,182650,0,0,0,0,0,0,0,0,0,0,0,0,0,0,0,0,0,0,0,0,0,0,0,0.925654908476064,54,54.99,-130.02,0,0,0.841538461538462,0.158461538461538,0,0,"SEAK"
"Meziadin","Sockeye",2008,365787,242065,0,0,0,0,0,0,0,0,0,0,0,0,0,0,0,0,0,0,0,0,0,0,0,0.412844911646784,54,54.99,-130.02,0,0,0.841538461538462,0.158461538461538,0,0,"SEAK"
"Meziadin","Sockeye",2009,535923,286650,0,0,0,0,0,0,0,0,0,0,0,0,0,0,0,0,0,0,0,0,0,0,0,0.625728534680378,54,54.99,-130.02,0,0,0.841538461538462,0.158461538461538,0,0,"SEAK"
"Meziadin","Sockeye",2010,450826,272240,0,0,0,0,0,0,0,0,0,0,0,0,0,0,0,0,0,0,0,0,0,0,0,0.504397425553829,54,54.99,-130.02,0,0,0.841538461538462,0.158461538461538,0,0,"SEAK"
"Meziadin","Sockeye",2011,570981,281957,0,0,0,0,0,0,0,0,0,0,0,0,0,0,0,0,0,0,0,0,0,0,0,0.705601357104163,54,54.99,-130.02,0,0,0.841538461538462,0.158461538461538,0,0,"SEAK"
"Meziadin","Sockeye",2012,237760,247365,0,0,0,0,0,0,0,0,0,0,0,0,0,0,0,0,0,0,0,0,0,0,0,-0.0396032171194487,54,54.99,-130.02,0,0,0.841538461538462,0.158461538461538,0,0,"SEAK"
"Meziadin","Sockeye",2013,211083,261242,0,0,0,0,0,0,0,0,0,0,0,0,0,0,0,0,0,0,0,0,0,0,0,-0.213195759743312,54,54.99,-130.02,0,0,0.841538461538462,0.158461538461538,0,0,"SEAK"
"Meziadin","Sockeye",2014,219321,297384,0,0,0,0,0,0,0,0,0,0,0,0,0,0,0,0,0,0,0,0,0,0,0,-0.304487822909156,54,54.99,-130.02,0,0,0.841538461538462,0.158461538461538,0,0,"SEAK"
"Meziadin","Sockeye",2015,300294,449075,0,0,0,0,0,0,0,0,0,0,0,0,0,0,0,0,0,0,0,0,0,0,0,-0.402427916885198,54,54.99,-130.02,0,0,0.841538461538462,0.158461538461538,0,0,"SEAK"
"Upper Nass River Type","Sockeye",1982,1320,567,0,0,0,0,0,0,0,0,0,0,0,0,0,0,0,0,0,0,0,0,0,0,0,0.845027711852664,60,54.99,-130.02,0,0,0.841538461538462,0.158461538461538,0,0,"SEAK"
"Upper Nass River Type","Sockeye",1983,1115,367,0,0,0,0,0,0,0,0,0,0,0,0,0,0,0,0,0,0,0,0,0,0,0,1.11124783583965,60,54.99,-130.02,0,0,0.841538461538462,0.158461538461538,0,0,"SEAK"
"Upper Nass River Type","Sockeye",1984,1018,241,0,0,0,0,0,0,0,0,0,0,0,0,0,0,0,0,0,0,0,0,0,0,0,1.44079826361981,60,54.99,-130.02,0,0,0.841538461538462,0.158461538461538,0,0,"SEAK"
"Upper Nass River Type","Sockeye",1985,1308,393,0,0,0,0,0,0,0,0,0,0,0,0,0,0,0,0,0,0,0,0,0,0,0,1.20244492014788,60,54.99,-130.02,0,0,0.841538461538462,0.158461538461538,0,0,"SEAK"
"Upper Nass River Type","Sockeye",1986,1555,356,0,0,0,0,0,0,0,0,0,0,0,0,0,0,0,0,0,0,0,0,0,0,0,1.4743000937613,60,54.99,-130.02,0,0,0.841538461538462,0.158461538461538,0,0,"SEAK"
"Upper Nass River Type","Sockeye",1987,2975,366,0,0,0,0,0,0,0,0,0,0,0,0,0,0,0,0,0,0,0,0,0,0,0,2.09536598457836,60,54.99,-130.02,0,0,0.841538461538462,0.158461538461538,0,0,"SEAK"
"Upper Nass River Type","Sockeye",1988,4315,279,0,0,0,0,0,0,0,0,0,0,0,0,0,0,0,0,0,0,0,0,0,0,0,2.73864082169616,60,54.99,-130.02,0,0,0.841538461538462,0.158461538461538,0,0,"SEAK"
"Upper Nass River Type","Sockeye",1989,3749,253,0,0,0,0,0,0,0,0,0,0,0,0,0,0,0,0,0,0,0,0,0,0,0,2.69585492800839,60,54.99,-130.02,0,0,0.841538461538462,0.158461538461538,0,0,"SEAK"
"Upper Nass River Type","Sockeye",1990,2097,318,0,0,0,0,0,0,0,0,0,0,0,0,0,0,0,0,0,0,0,0,0,0,0,1.88621164812174,60,54.99,-130.02,0,0,0.841538461538462,0.158461538461538,0,0,"SEAK"
"Upper Nass River Type","Sockeye",1991,2501,585,0,0,0,0,0,0,0,0,0,0,0,0,0,0,0,0,0,0,0,0,0,0,0,1.45283408364576,60,54.99,-130.02,0,0,0.841538461538462,0.158461538461538,0,0,"SEAK"
"Upper Nass River Type","Sockeye",1992,2081,1081,0,0,0,0,0,0,0,0,0,0,0,0,0,0,0,0,0,0,0,0,0,0,0,0.654962008754426,60,54.99,-130.02,0,0,0.841538461538462,0.158461538461538,0,0,"SEAK"
"Upper Nass River Type","Sockeye",1993,1554,916,0,0,0,0,0,0,0,0,0,0,0,0,0,0,0,0,0,0,0,0,0,0,0,0.528571166253462,60,54.99,-130.02,0,0,0.841538461538462,0.158461538461538,0,0,"SEAK"
"Upper Nass River Type","Sockeye",1994,1401,590,0,0,0,0,0,0,0,0,0,0,0,0,0,0,0,0,0,0,0,0,0,0,0,0.864819009437242,60,54.99,-130.02,0,0,0.841538461538462,0.158461538461538,0,0,"SEAK"
"Upper Nass River Type","Sockeye",1995,1421,479,0,0,0,0,0,0,0,0,0,0,0,0,0,0,0,0,0,0,0,0,0,0,0,1.08741553068619,60,54.99,-130.02,0,0,0.841538461538462,0.158461538461538,0,0,"SEAK"
"Upper Nass River Type","Sockeye",1996,1319,390,0,0,0,0,0,0,0,0,0,0,0,0,0,0,0,0,0,0,0,0,0,0,0,1.21848241359362,60,54.99,-130.02,0,0,0.841538461538462,0.158461538461538,0,0,"SEAK"
"Upper Nass River Type","Sockeye",1997,1674,428,0,0,0,0,0,0,0,0,0,0,0,0,0,0,0,0,0,0,0,0,0,0,0,1.36384805546762,60,54.99,-130.02,0,0,0.841538461538462,0.158461538461538,0,0,"SEAK"
"Upper Nass River Type","Sockeye",1998,2303,481,0,0,0,0,0,0,0,0,0,0,0,0,0,0,0,0,0,0,0,0,0,0,0,1.56610062971492,60,54.99,-130.02,0,0,0.841538461538462,0.158461538461538,0,0,"SEAK"
"Upper Nass River Type","Sockeye",1999,3516,387,0,0,0,0,0,0,0,0,0,0,0,0,0,0,0,0,0,0,0,0,0,0,0,2.20665456577529,60,54.99,-130.02,0,0,0.841538461538462,0.158461538461538,0,0,"SEAK"
"Upper Nass River Type","Sockeye",2000,6360,523,0,0,0,0,0,0,0,0,0,0,0,0,0,0,0,0,0,0,0,0,0,0,0,2.49820219226925,60,54.99,-130.02,0,0,0.841538461538462,0.158461538461538,0,0,"SEAK"
"Upper Nass River Type","Sockeye",2001,4050,445,0,0,0,0,0,0,0,0,0,0,0,0,0,0,0,0,0,0,0,0,0,0,0,2.20839787793434,60,54.99,-130.02,0,0,0.841538461538462,0.158461538461538,0,0,"SEAK"
"Upper Nass River Type","Sockeye",2002,1431,974,0,0,0,0,0,0,0,0,0,0,0,0,0,0,0,0,0,0,0,0,0,0,0,0.384717475913916,60,54.99,-130.02,0,0,0.841538461538462,0.158461538461538,0,0,"SEAK"
"Upper Nass River Type","Sockeye",2003,920,603,0,0,0,0,0,0,0,0,0,0,0,0,0,0,0,0,0,0,0,0,0,0,0,0.422456473315901,60,54.99,-130.02,0,0,0.841538461538462,0.158461538461538,0,0,"SEAK"
"Upper Nass River Type","Sockeye",2004,510,2723,0,0,0,0,0,0,0,0,0,0,0,0,0,0,0,0,0,0,0,0,0,0,0,-1.67507876695539,60,54.99,-130.02,0,0,0.841538461538462,0.158461538461538,0,0,"SEAK"
"Upper Nass River Type","Sockeye",2005,633,3139,0,0,0,0,0,0,0,0,0,0,0,0,0,0,0,0,0,0,0,0,0,0,0,-1.60118913469778,60,54.99,-130.02,0,0,0.841538461538462,0.158461538461538,0,0,"SEAK"
"Upper Nass River Type","Sockeye",2006,331,718,0,0,0,0,0,0,0,0,0,0,0,0,0,0,0,0,0,0,0,0,0,0,0,-0.774351193671161,60,54.99,-130.02,0,0,0.841538461538462,0.158461538461538,0,0,"SEAK"
"Upper Nass River Type","Sockeye",2007,381,312,0,0,0,0,0,0,0,0,0,0,0,0,0,0,0,0,0,0,0,0,0,0,0,0.199796187317219,60,54.99,-130.02,0,0,0.841538461538462,0.158461538461538,0,0,"SEAK"
"Upper Nass River Type","Sockeye",2008,893,216,0,0,0,0,0,0,0,0,0,0,0,0,0,0,0,0,0,0,0,0,0,0,0,1.41930817319233,60,54.99,-130.02,0,0,0.841538461538462,0.158461538461538,0,0,"SEAK"
"Upper Nass River Type","Sockeye",2009,1257,427,0,0,0,0,0,0,0,0,0,0,0,0,0,0,0,0,0,0,0,0,0,0,0,1.07969919536162,60,54.99,-130.02,0,0,0.841538461538462,0.158461538461538,0,0,"SEAK"
"Upper Nass River Type","Sockeye",2010,1822,296,0,0,0,0,0,0,0,0,0,0,0,0,0,0,0,0,0,0,0,0,0,0,0,1.81733062349584,60,54.99,-130.02,0,0,0.841538461538462,0.158461538461538,0,0,"SEAK"
"Upper Nass River Type","Sockeye",2011,2884,88,0,0,0,0,0,0,0,0,0,0,0,0,0,0,0,0,0,0,0,0,0,0,0,3.48959668392663,60,54.99,-130.02,0,0,0.841538461538462,0.158461538461538,0,0,"SEAK"
"Upper Nass River Type","Sockeye",2012,3182,369,0,0,0,0,0,0,0,0,0,0,0,0,0,0,0,0,0,0,0,0,0,0,0,2.15446856485721,60,54.99,-130.02,0,0,0.841538461538462,0.158461538461538,0,0,"SEAK"
"Upper Nass River Type","Sockeye",2013,587,650,0,0,0,0,0,0,0,0,0,0,0,0,0,0,0,0,0,0,0,0,0,0,0,-0.101947543061586,60,54.99,-130.02,0,0,0.841538461538462,0.158461538461538,0,0,"SEAK"
"Upper Nass River Type","Sockeye",2014,1245,1135,0,0,0,0,0,0,0,0,0,0,0,0,0,0,0,0,0,0,0,0,0,0,0,0.092502878983305,60,54.99,-130.02,0,0,0.841538461538462,0.158461538461538,0,0,"SEAK"
"Upper Nass River Type","Sockeye",2015,2436,1268,0,0,0,0,0,0,0,0,0,0,0,0,0,0,0,0,0,0,0,0,0,0,0,0.652916493832616,60,54.99,-130.02,0,0,0.841538461538462,0.158461538461538,0,0,"SEAK"
"Redoubt","Sockeye",1982,6876,456,0,0,0,0,0,0,0,0,0,0,0,0,0,0,0,0,0,0,0,0,0,0,0,2.71329955698835,90,56.9,-135.33,0,0,0.841538461538462,0.158461538461538,0,0,"SEAK"
"Redoubt","Sockeye",1983,12869,2540,0,0,0,0,0,0,0,0,0,0,0,0,0,0,0,0,0,0,0,0,0,0,0,1.62265723748108,90,56.9,-135.33,0,0,0.841538461538462,0.158461538461538,0,0,"SEAK"
"Redoubt","Sockeye",1984,50161,11579,0,0,0,0,0,0,0,0,0,0,0,0,0,0,0,0,0,0,0,0,0,0,0,1.46604471969995,90,56.9,-135.33,0,0,0.841538461538462,0.158461538461538,0,0,"SEAK"
"Redoubt","Sockeye",1985,96230,10991,0,0,0,0,0,0,0,0,0,0,0,0,0,0,0,0,0,0,0,0,0,0,0,2.16966440328155,90,56.9,-135.33,0,0,0.841538461538462,0.158461538461538,0,0,"SEAK"
"Redoubt","Sockeye",1986,10927,9798,0,0,0,0,0,0,0,0,0,0,0,0,0,0,0,0,0,0,0,0,0,0,0,0.109058507372225,90,56.9,-135.33,0,0,0.841538461538462,0.158461538461538,0,0,"SEAK"
"Redoubt","Sockeye",1987,14283,14251,0,0,0,0,0,0,0,0,0,0,0,0,0,0,0,0,0,0,0,0,0,0,0,0.00224293918941626,90,56.9,-135.33,0,0,0.841538461538462,0.158461538461538,0,0,"SEAK"
"Redoubt","Sockeye",1988,32707,3252,0,0,0,0,0,0,0,0,0,0,0,0,0,0,0,0,0,0,0,0,0,0,0,2.3083189305868,90,56.9,-135.33,0,0,0.841538461538462,0.158461538461538,0,0,"SEAK"
"Redoubt","Sockeye",1989,27682,31570,0,0,0,0,0,0,0,0,0,0,0,0,0,0,0,0,0,0,0,0,0,0,0,-0.13142492009539,90,56.9,-135.33,0,0,0.841538461538462,0.158461538461538,0,0,"SEAK"
"Redoubt","Sockeye",1990,45395,73181,0,0,0,0,0,0,0,0,0,0,0,0,0,0,0,0,0,0,0,0,0,0,0,-0.477533857609751,90,56.9,-135.33,0,0,0.841538461538462,0.158461538461538,0,0,"SEAK"
"Redoubt","Sockeye",1991,36354,45510,0,0,0,0,0,0,0,0,0,0,0,0,0,0,0,0,0,0,0,0,0,0,0,-0.224627842837644,90,56.9,-135.33,0,0,0.841538461538462,0.158461538461538,0,0,"SEAK"
"Redoubt","Sockeye",1992,35765,10326,0,0,0,0,0,0,0,0,0,0,0,0,0,0,0,0,0,0,0,0,0,0,0,1.24230477510289,90,56.9,-135.33,0,0,0.841538461538462,0.158461538461538,0,0,"SEAK"
"Redoubt","Sockeye",1993,41747,25018,0,0,0,0,0,0,0,0,0,0,0,0,0,0,0,0,0,0,0,0,0,0,0,0.512032026635103,90,56.9,-135.33,0,0,0.841538461538462,0.158461538461538,0,0,"SEAK"
"Redoubt","Sockeye",1994,72288,39710,0,0,0,0,0,0,0,0,0,0,0,0,0,0,0,0,0,0,0,0,0,0,0,0.599055095142433,90,56.9,-135.33,0,0,0.841538461538462,0.158461538461538,0,0,"SEAK"
"Redoubt","Sockeye",1995,5105,34798,0,0,0,0,0,0,0,0,0,0,0,0,0,0,0,0,0,0,0,0,0,0,0,-1.9193394622479,90,56.9,-135.33,0,0,0.841538461538462,0.158461538461538,0,0,"SEAK"
"Redoubt","Sockeye",1996,7510,19209,0,0,0,0,0,0,0,0,0,0,0,0,0,0,0,0,0,0,0,0,0,0,0,-0.939143453428732,90,56.9,-135.33,0,0,0.841538461538462,0.158461538461538,0,0,"SEAK"
"Redoubt","Sockeye",1997,27240,28898,0,0,0,0,0,0,0,0,0,0,0,0,0,0,0,0,0,0,0,0,0,0,0,-0.0590859072901078,90,56.9,-135.33,0,0,0.841538461538462,0.158461538461538,0,0,"SEAK"
"Redoubt","Sockeye",1998,81556,40156,0,0,0,0,0,0,0,0,0,0,0,0,0,0,0,0,0,0,0,0,0,0,0,0.708518032025448,90,56.9,-135.33,0,0,0.841538461538462,0.158461538461538,0,0,"SEAK"
"Redoubt","Sockeye",1999,62222,57754,0,0,0,0,0,0,0,0,0,0,0,0,0,0,0,0,0,0,0,0,0,0,0,0.0745160238855044,90,56.9,-135.33,0,0,0.841538461538462,0.158461538461538,0,0,"SEAK"
"Redoubt","Sockeye",2000,91230,3032,0,0,0,0,0,0,0,0,0,0,0,0,0,0,0,0,0,0,0,0,0,0,0,3.40416132257726,90,56.9,-135.33,0,0,0.841538461538462,0.158461538461538,0,0,"SEAK"
"Redoubt","Sockeye",2001,75082,3667,0,0,0,0,0,0,0,0,0,0,0,0,0,0,0,0,0,0,0,0,0,0,0,3.01920696052686,90,56.9,-135.33,0,0,0.841538461538462,0.158461538461538,0,0,"SEAK"
"Redoubt","Sockeye",2002,142840,23988,0,0,0,0,0,0,0,0,0,0,0,0,0,0,0,0,0,0,0,0,0,0,0,1.78417141741998,90,56.9,-135.33,0,0,0.841538461538462,0.158461538461538,0,0,"SEAK"
"Redoubt","Sockeye",2003,12325,69893,0,0,0,0,0,0,0,0,0,0,0,0,0,0,0,0,0,0,0,0,0,0,0,-1.73533578123484,90,56.9,-135.33,0,0,0.841538461538462,0.158461538461538,0,0,"SEAK"
"Redoubt","Sockeye",2004,17272,77263,0,0,0,0,0,0,0,0,0,0,0,0,0,0,0,0,0,0,0,0,0,0,0,-1.4981284931967,90,56.9,-135.33,0,0,0.841538461538462,0.158461538461538,0,0,"SEAK"
"Redoubt","Sockeye",2005,10179,65653,0,0,0,0,0,0,0,0,0,0,0,0,0,0,0,0,0,0,0,0,0,0,0,-1.86405652211191,90,56.9,-135.33,0,0,0.841538461538462,0.158461538461538,0,0,"SEAK"
"Redoubt","Sockeye",2006,30284,103953,0,0,0,0,0,0,0,0,0,0,0,0,0,0,0,0,0,0,0,0,0,0,0,-1.23331935367538,90,56.9,-135.33,0,0,0.841538461538462,0.158461538461538,0,0,"SEAK"
"Redoubt","Sockeye",2007,30387,66938,0,0,0,0,0,0,0,0,0,0,0,0,0,0,0,0,0,0,0,0,0,0,0,-0.789751932461829,90,56.9,-135.33,0,0,0.841538461538462,0.158461538461538,0,0,"SEAK"
"Redoubt","Sockeye",2008,68784,10064,0,0,0,0,0,0,0,0,0,0,0,0,0,0,0,0,0,0,0,0,0,0,0,1.92200645979584,90,56.9,-135.33,0,0,0.841538461538462,0.158461538461538,0,0,"SEAK"
"Redoubt","Sockeye",2009,24896,12569,0,0,0,0,0,0,0,0,0,0,0,0,0,0,0,0,0,0,0,0,0,0,0,0.683473683053281,90,56.9,-135.33,0,0,0.841538461538462,0.158461538461538,0,0,"SEAK"
"Redoubt","Sockeye",2010,18547,17156,0,0,0,0,0,0,0,0,0,0,0,0,0,0,0,0,0,0,0,0,0,0,0,0.0779600842525159,90,56.9,-135.33,0,0,0.841538461538462,0.158461538461538,0,0,"SEAK"
"Redoubt","Sockeye",2011,26883,22720,0,0,0,0,0,0,0,0,0,0,0,0,0,0,0,0,0,0,0,0,0,0,0,0.168248522717242,90,56.9,-135.33,0,0,0.841538461538462,0.158461538461538,0,0,"SEAK"
"Redoubt","Sockeye",2012,42473,40944,0,0,0,0,0,0,0,0,0,0,0,0,0,0,0,0,0,0,0,0,0,0,0,0.0366633005104745,90,56.9,-135.33,0,0,0.841538461538462,0.158461538461538,0,0,"SEAK"
"Redoubt","Sockeye",2013,23052,49124,0,0,0,0,0,0,0,0,0,0,0,0,0,0,0,0,0,0,0,0,0,0,0,-0.756595180173718,90,56.9,-135.33,0,0,0.841538461538462,0.158461538461538,0,0,"SEAK"
"Redoubt","Sockeye",2014,218433,19936,0,0,0,0,0,0,0,0,0,0,0,0,0,0,0,0,0,0,0,0,0,0,0,2.39395218875252,90,56.9,-135.33,0,0,0.841538461538462,0.158461538461538,0,0,"SEAK"
"Redoubt","Sockeye",2015,26962,13983,0,0,0,0,0,0,0,0,0,0,0,0,0,0,0,0,0,0,0,0,0,0,0,0.656586161210159,90,56.9,-135.33,0,0,0.841538461538462,0.158461538461538,0,0,"SEAK"
"Chilkoot","Sockeye",1976,123362,71291,0,0,0,0,0,0,0,0,0,0,0,0,0,0,0,0,0,0,0,0,0,0,0,0.54835303015041,91,58.92,-135.23,0,0,0.841538461538462,0.158461538461538,0,0,"SEAK"
"Chilkoot","Sockeye",1977,292305,97368,0,0,0,0,0,0,0,0,0,0,0,0,0,0,0,0,0,0,0,0,0,0,0,1.09930016311195,91,58.92,-135.23,0,0,0.841538461538462,0.158461538461538,0,0,"SEAK"
"Chilkoot","Sockeye",1978,279209,35454,0,0,0,0,0,0,0,0,0,0,0,0,0,0,0,0,0,0,0,0,0,0,0,2.06372452373411,91,58.92,-135.23,0,0,0.841538461538462,0.158461538461538,0,0,"SEAK"
"Chilkoot","Sockeye",1979,350528,96122,0,0,0,0,0,0,0,0,0,0,0,0,0,0,0,0,0,0,0,0,0,0,0,1.29382237118528,91,58.92,-135.23,0,0,0.841538461538462,0.158461538461538,0,0,"SEAK"
"Chilkoot","Sockeye",1980,213768,98673,0,0,0,0,0,0,0,0,0,0,0,0,0,0,0,0,0,0,0,0,0,0,0,0.773079962012576,91,58.92,-135.23,0,0,0.841538461538462,0.158461538461538,0,0,"SEAK"
"Chilkoot","Sockeye",1981,276356,84047,0,0,0,0,0,0,0,0,0,0,0,0,0,0,0,0,0,0,0,0,0,0,0,1.19031372346343,91,58.92,-135.23,0,0,0.841538461538462,0.158461538461538,0,0,"SEAK"
"Chilkoot","Sockeye",1982,348958,103038,0,0,0,0,0,0,0,0,0,0,0,0,0,0,0,0,0,0,0,0,0,0,0,1.2198537188912,91,58.92,-135.23,0,0,0.841538461538462,0.158461538461538,0,0,"SEAK"
"Chilkoot","Sockeye",1983,421515,80141,0,0,0,0,0,0,0,0,0,0,0,0,0,0,0,0,0,0,0,0,0,0,0,1.66006778070395,91,58.92,-135.23,0,0,0.841538461538462,0.158461538461538,0,0,"SEAK"
"Chilkoot","Sockeye",1984,353233,100781,0,0,0,0,0,0,0,0,0,0,0,0,0,0,0,0,0,0,0,0,0,0,0,1.25417805004202,91,58.92,-135.23,0,0,0.841538461538462,0.158461538461538,0,0,"SEAK"
"Chilkoot","Sockeye",1985,229111,69141,0,0,0,0,0,0,0,0,0,0,0,0,0,0,0,0,0,0,0,0,0,0,0,1.19805870447805,91,58.92,-135.23,0,0,0.841538461538462,0.158461538461538,0,0,"SEAK"
"Chilkoot","Sockeye",1986,296514,88024,0,0,0,0,0,0,0,0,0,0,0,0,0,0,0,0,0,0,0,0,0,0,0,1.2144849302934,91,58.92,-135.23,0,0,0.841538461538462,0.158461538461538,0,0,"SEAK"
"Chilkoot","Sockeye",1987,234011,94208,0,0,0,0,0,0,0,0,0,0,0,0,0,0,0,0,0,0,0,0,0,0,0,0.909863019133487,91,58.92,-135.23,0,0,0.841538461538462,0.158461538461538,0,0,"SEAK"
"Chilkoot","Sockeye",1988,68424,81274,0,0,0,0,0,0,0,0,0,0,0,0,0,0,0,0,0,0,0,0,0,0,0,-0.172102521929304,91,58.92,-135.23,0,0,0.841538461538462,0.158461538461538,0,0,"SEAK"
"Chilkoot","Sockeye",1989,52076,54900,0,0,0,0,0,0,0,0,0,0,0,0,0,0,0,0,0,0,0,0,0,0,0,-0.0528091584803343,91,58.92,-135.23,0,0,0.841538461538462,0.158461538461538,0,0,"SEAK"
"Chilkoot","Sockeye",1990,13499,76119,0,0,0,0,0,0,0,0,0,0,0,0,0,0,0,0,0,0,0,0,0,0,0,-1.7296822965631,91,58.92,-135.23,0,0,0.841538461538462,0.158461538461538,0,0,"SEAK"
"Chilkoot","Sockeye",1991,75513,92375,0,0,0,0,0,0,0,0,0,0,0,0,0,0,0,0,0,0,0,0,0,0,0,-0.201551552405133,91,58.92,-135.23,0,0,0.841538461538462,0.158461538461538,0,0,"SEAK"
"Chilkoot","Sockeye",1992,79777,77601,0,0,0,0,0,0,0,0,0,0,0,0,0,0,0,0,0,0,0,0,0,0,0,0.0276549286567792,91,58.92,-135.23,0,0,0.841538461538462,0.158461538461538,0,0,"SEAK"
"Chilkoot","Sockeye",1993,16529,52080,0,0,0,0,0,0,0,0,0,0,0,0,0,0,0,0,0,0,0,0,0,0,0,-1.1476645839651,91,58.92,-135.23,0,0,0.841538461538462,0.158461538461538,0,0,"SEAK"
"Chilkoot","Sockeye",1994,25819,37007,0,0,0,0,0,0,0,0,0,0,0,0,0,0,0,0,0,0,0,0,0,0,0,-0.359996428937837,91,58.92,-135.23,0,0,0.841538461538462,0.158461538461538,0,0,"SEAK"
"Chilkoot","Sockeye",1995,51314,7177,0,0,0,0,0,0,0,0,0,0,0,0,0,0,0,0,0,0,0,0,0,0,0,1.96708215098056,91,58.92,-135.23,0,0,0.841538461538462,0.158461538461538,0,0,"SEAK"
"Chilkoot","Sockeye",1996,145983,50741,0,0,0,0,0,0,0,0,0,0,0,0,0,0,0,0,0,0,0,0,0,0,0,1.05675591427886,91,58.92,-135.23,0,0,0.841538461538462,0.158461538461538,0,0,"SEAK"
"Chilkoot","Sockeye",1997,90782,44254,0,0,0,0,0,0,0,0,0,0,0,0,0,0,0,0,0,0,0,0,0,0,0,0.718515265221319,91,58.92,-135.23,0,0,0.841538461538462,0.158461538461538,0,0,"SEAK"
"Chilkoot","Sockeye",1998,65635,12335,0,0,0,0,0,0,0,0,0,0,0,0,0,0,0,0,0,0,0,0,0,0,0,1.67166834027405,91,58.92,-135.23,0,0,0.841538461538462,0.158461538461538,0,0,"SEAK"
"Chilkoot","Sockeye",1999,178314,19284,0,0,0,0,0,0,0,0,0,0,0,0,0,0,0,0,0,0,0,0,0,0,0,2.22427030459265,91,58.92,-135.23,0,0,0.841538461538462,0.158461538461538,0,0,"SEAK"
"Chilkoot","Sockeye",2000,102280,43555,0,0,0,0,0,0,0,0,0,0,0,0,0,0,0,0,0,0,0,0,0,0,0,0.853689643152131,91,58.92,-135.23,0,0,0.841538461538462,0.158461538461538,0,0,"SEAK"
"Chilkoot","Sockeye",2001,220508,76283,0,0,0,0,0,0,0,0,0,0,0,0,0,0,0,0,0,0,0,0,0,0,0,1.06148386666036,91,58.92,-135.23,0,0,0.841538461538462,0.158461538461538,0,0,"SEAK"
"Chilkoot","Sockeye",2002,180285,58361,0,0,0,0,0,0,0,0,0,0,0,0,0,0,0,0,0,0,0,0,0,0,0,1.12789107354109,91,58.92,-135.23,0,0,0.841538461538462,0.158461538461538,0,0,"SEAK"
"Chilkoot","Sockeye",2003,50731,75065,0,0,0,0,0,0,0,0,0,0,0,0,0,0,0,0,0,0,0,0,0,0,0,-0.3918172412781,91,58.92,-135.23,0,0,0.841538461538462,0.158461538461538,0,0,"SEAK"
"Chilkoot","Sockeye",2004,52919,77660,0,0,0,0,0,0,0,0,0,0,0,0,0,0,0,0,0,0,0,0,0,0,0,-0.383577881682774,91,58.92,-135.23,0,0,0.841538461538462,0.158461538461538,0,0,"SEAK"
"Chilkoot","Sockeye",2005,119490,51178,0,0,0,0,0,0,0,0,0,0,0,0,0,0,0,0,0,0,0,0,0,0,0,0.847922933658327,91,58.92,-135.23,0,0,0.841538461538462,0.158461538461538,0,0,"SEAK"
"Chilkoot","Sockeye",2006,82829,96203,0,0,0,0,0,0,0,0,0,0,0,0,0,0,0,0,0,0,0,0,0,0,0,-0.149682300599748,91,58.92,-135.23,0,0,0.841538461538462,0.158461538461538,0,0,"SEAK"
"Chilkoot","Sockeye",2007,255800,72678,0,0,0,0,0,0,0,0,0,0,0,0,0,0,0,0,0,0,0,0,0,0,0,1.25835716388202,91,58.92,-135.23,0,0,0.841538461538462,0.158461538461538,0,0,"SEAK"
"Chilkoot","Sockeye",2008,63919,33117,0,0,0,0,0,0,0,0,0,0,0,0,0,0,0,0,0,0,0,0,0,0,0,0.657569911075623,91,58.92,-135.23,0,0,0.841538461538462,0.158461538461538,0,0,"SEAK"
"Chilkoot","Sockeye",2009,177711,33705,0,0,0,0,0,0,0,0,0,0,0,0,0,0,0,0,0,0,0,0,0,0,0,1.66251244102151,91,58.92,-135.23,0,0,0.841538461538462,0.158461538461538,0,0,"SEAK"
"Chilkoot","Sockeye",2010,188902,71657,0,0,0,0,0,0,0,0,0,0,0,0,0,0,0,0,0,0,0,0,0,0,0,0.969337515422913,91,58.92,-135.23,0,0,0.841538461538462,0.158461538461538,0,0,"SEAK"
"Chilkoot","Sockeye",2011,198896,65915,0,0,0,0,0,0,0,0,0,0,0,0,0,0,0,0,0,0,0,0,0,0,0,1.10441604183943,91,58.92,-135.23,0,0,0.841538461538462,0.158461538461538,0,0,"SEAK"
"Chilkoot","Sockeye",2012,43043,118166,0,0,0,0,0,0,0,0,0,0,0,0,0,0,0,0,0,0,0,0,0,0,0,-1.00989079951257,91,58.92,-135.23,0,0,0.841538461538462,0.158461538461538,0,0,"SEAK"
"Chilkoot","Sockeye",2013,81819,46329,0,0,0,0,0,0,0,0,0,0,0,0,0,0,0,0,0,0,0,0,0,0,0,0.568741375566967,91,58.92,-135.23,0,0,0.841538461538462,0.158461538461538,0,0,"SEAK"
"Chilkoot","Sockeye",2014,305345,105713,0,0,0,0,0,0,0,0,0,0,0,0,0,0,0,0,0,0,0,0,0,0,0,1.06071440997626,91,58.92,-135.23,0,0,0.841538461538462,0.158461538461538,0,0,"SEAK"
"Chilkoot","Sockeye",2015,109360,71515,0,0,0,0,0,0,0,0,0,0,0,0,0,0,0,0,0,0,0,0,0,0,0,0.424737974508831,91,58.92,-135.23,0,0,0.841538461538462,0.158461538461538,0,0,"SEAK"
"Copper","Sockeye",1961,1466172,343140.4275,0,0,0.0488448831378583,0.00574011780336823,0,0,0.122113912965191,0.806537022941374,0.000950775216004671,0,0.000813001475952344,0.00574011780336823,0.00926016865688337,0,0,0,0,0,0,0,0,0,0,1.45227042862005,4,60.46,-144.96,1,0.0545850009412265,0.92960171112257,0.0158132879362039,0,0,"GOA"
"Copper","Sockeye",1962,752678,416093.1807,0,0,0.0633644134676449,0,0,0,0.136048881460598,0.745072926271261,0.00366690669848195,0,0.00186268231567815,0.0129271747015324,0.0370570150848039,0,0,0,0,0,0,0,0,0,0,0.592728286255114,4,60.46,-144.96,1,0.0633644134676449,0.884788714430341,0.0518468721020144,0,0,"GOA"
"Copper","Sockeye",1963,620325,271007.3531,0,0.00226010558981179,0.0068286785152944,0,0,0.00452182323781889,0.157323983395801,0.793003667432394,0.0017120058034095,0,0,0.0187562971023254,0.0153500181356547,0.000243420787490428,0,0,0,0,0,0,0,0,0,0.828097580524146,4,60.46,-144.96,1,0.00908878410510619,0.956561479869423,0.0343497360254705,0,0,"GOA"
"Copper","Sockeye",1964,1187838,233990.1993,0,0,0.00535510734628796,0.00012712171188327,0,0.000360318494609534,0.244745495597885,0.703911644517182,0.00498552832962071,0,0,0.0193864819950195,0.0209237286566013,0,0,0,0,0.000204573350911488,0,0,0,0,0,1.62461089584062,4,60.46,-144.96,1,0.00548222905817123,0.954002986939296,0.0403102106516208,0.000204573350911488,0,"GOA"
"Copper","Sockeye",1965,1790507,373563.22,0,9.99716839978844e-05,0.000211671889582113,0,0,0.00113208158359615,0.215791951665087,0.629345766310883,0.00180563382326905,0,0,0.0142808712839436,0.135437057771905,0.00072884384143709,0,0,0,0.00116615014629934,0,0,0,0,0,1.56716684498239,4,60.46,-144.96,1,0.000311643573579997,0.848075433382835,0.150446772897286,0.00116615014629934,0,"GOA"
"Copper","Sockeye",1966,1492942,374673.1046,0,0,0.00280252012469339,0,0,0.000669148567057528,0.202391653527063,0.593846244529258,0.00269869827494973,0,0.000101142576201889,0.00972375350147561,0.187766838899301,0,0,0,0,0,0,0,0,0,0,1.38245002409347,4,60.46,-144.96,1,0.00280252012469339,0.799605744898328,0.197591734976978,0,0,"GOA"
"Copper","Sockeye",1967,870446,152518.2057,0,0.000173474287893792,0.0026687468263396,0.000538804245180057,0,0.00193923574811074,0.111805901802065,0.813208401210414,0,0,0.000279167231511202,0.0102476201855141,0.0591386484629719,0,0,0,0,0,0,0,0,0,0,1.74172175340852,4,60.46,-144.96,1,0.00338102535941345,0.926953538760589,0.0696654358799972,0,0,"GOA"
"Copper","Sockeye",1968,844266,234701.7683,0,0.000543667517109537,0.0208145300177906,0,0,0.00382107061044742,0.172790329114284,0.702368684751014,0.00318146176678914,0,0,0.0170514979876011,0.079252273572547,0,0,0,0,0.000176484662416821,0,0,0,0,0,1.2801519736907,4,60.46,-144.96,1,0.0213581975349001,0.882161546242535,0.0963037715601481,0.000176484662416821,0,"GOA"
"Copper","Sockeye",1969,917046,527822.3726,0,0,0.0277837752958957,0.000342403761643364,0,0,0.110696737132052,0.696242064193072,0.00082547658459881,0,0,0.0472211862872746,0.116888356745463,0,0,0,0,0,0,0,0,0,0,0.552397822999636,4,60.46,-144.96,1,0.0281261790575391,0.807764277909723,0.164109543032738,0,0,"GOA"
"Copper","Sockeye",1970,492013,329729.4895,0,0,0.0143918961490855,0,0,0.0185482903907011,0.17059305343558,0.704481385654444,0.0035466542550705,0,6.3006465276324e-05,0.0309443043171624,0.0565066370197535,0,0,0,0.000924772312926691,0,0,0,0,0,0,0.400232549396176,4,60.46,-144.96,1,0.0143918961490855,0.897169383735796,0.0875139478021922,0.000924772312926691,0,"GOA"
"Copper","Sockeye",1971,1095884,585402.0987,0,0.000819429793664293,0.00298662997178534,0,0,2.82876654828431e-05,0.0441178080891773,0.85859361027262,0.00787492106828825,0,0,0.00884582674808648,0.0767334863908954,0,0,0,0,0,0,0,0,0,0,0.62701766316912,4,60.46,-144.96,1,0.00380605976544963,0.910614627095569,0.0855793131389819,0,0,"GOA"
"Copper","Sockeye",1972,1040825,408348.7457,0,0.0011663824370091,0.0119587826964187,0,0,0.000560132587130401,0.134544231739245,0.810036269305599,0.00179088703672567,0,0.000874306439603199,0.00681286479475416,0.0322561429635145,0,0,0,0,0,0,0,0,0,0,0.93564736872461,4,60.46,-144.96,1,0.0131251651334278,0.9469315206687,0.0399433141978719,0,0,"GOA"
"Copper","Sockeye",1973,460408,432244.8939,0,0.0074086462442008,0.059238762141405,0,0,0,0.0656374346232038,0.646192073117756,0,0,0,0.0405162377717155,0.181006846101718,0,0,0,0,0,0,0,0,0,0,0.0631207412375406,4,60.46,-144.96,1,0.0666474083856058,0.71182950774096,0.221523083873434,0,0,"GOA"
"Copper","Sockeye",1974,660223,209834.4829,0,0.000554358148686126,0.0108311888558866,0,0,0.00166610372555939,0.233551390969415,0.673169519995517,0.00404560277360831,0,3.02927950101708e-06,0.0287720967006602,0.0453907240432399,0,0,0,0,0.00201598550792687,0,0,0,0,0,1.1462586134639,4,60.46,-144.96,1,0.0113855470045727,0.912432617464099,0.0741658500234012,0.00201598550792687,0,"GOA"
"Copper","Sockeye",1975,589226,172586.4332,0,2.03657000879119e-05,0.0177571933349852,0,0,1.0182850043956e-05,0.117320009639765,0.701011157009365,0,0,0,0.0508599416862121,0.112961749820952,0,0,0,0,5.93999585897432e-05,0,0,0,0,0,1.22791163823483,4,60.46,-144.96,1,0.0177775590350731,0.818341349499173,0.163821691507164,5.93999585897432e-05,0,"GOA"
"Copper","Sockeye",1976,1169831,248496.4691,0,5.98377030528341e-06,0.0045673263915899,0,0,0,0.148642838153545,0.769260688082296,0.00157800571193617,0,0,0.0102416502896572,0.0656701694518268,0,0,0,3.33381488437219e-05,0,0,0,0,0,0,1.54918593633164,4,60.46,-144.96,1,0.00457331016189518,0.919481531947777,0.075911819741484,3.33381488437219e-05,0,"GOA"
"Copper","Sockeye",1977,1878510,357096.425,0,0.00284427551623361,0.109841310400264,0,0,0.00284427551623361,0.0722828198944908,0.720861214473173,0.000815539975831909,0,0,0.0136863790983279,0.076285992621812,0.000150651314073388,0,0,0,0.000387541189559811,0,0,0,0,0,1.66022834504724,4,60.46,-144.96,1,0.112685585916498,0.796803849859729,0.0901230230342133,0.000387541189559811,0,"GOA"
"Copper","Sockeye",1978,1405959,234393.7055,0,0.00473413520593417,0.0351290471486011,4.62317891204509e-05,0,0.001893369579056,0.255543724959263,0.580127870016124,0.00161882387750994,0.000338558948020533,8.81960284759371e-05,0.0218889740027981,0.0977325796840448,0.000455916566557062,0,0,0.000402572194495003,0,0,0,0,0,0,1.79147270753239,4,60.46,-144.96,1,0.0399094141436557,0.839522347379973,0.120165666281876,0.000402572194495003,0,"GOA"
"Copper","Sockeye",1979,2083034,507703.1474,0,0.0128341640126853,0.0390099249460162,8.40120708543403e-05,0,0.00453233120534758,0.166015053042821,0.682490540240822,0.00588036489082751,0,9.07330365226876e-05,0.00789953500518955,0.0809741943722474,7.2490415422888e-05,0,0,0,0.000116656761243455,0,0,0,0,0,1.41168384247493,4,60.46,-144.96,1,0.0519281010295559,0.858918289379818,0.0890369528293825,0.000116656761243455,0,"GOA"
"Copper","Sockeye",1980,1455745,609245.6797,0,0.00363731285355608,0.0117293894191634,0.00079066045220832,0,0.00323683062624292,0.139612363429035,0.714796204005509,0.00212537223208735,0,6.73194824643052e-05,0.0180292564975322,0.105629763454451,0.000345527547750465,0,0,0,0,0,0,0,0,0,0.87105147475316,4,60.46,-144.96,1,0.0161573627249278,0.859770770292874,0.124071866982198,0,0,"GOA"
"Copper","Sockeye",1981,1123037,779344.0319,0,0.00591164850312145,0.104891468402199,6.76736385355068e-05,0,0.00437474455427559,0.139527014693194,0.647336641624452,0.00330888474734136,0,0.000768451974422926,0.00763554540055225,0.0852153579980001,0.000953664037783261,0,0,0,8.90442612309301e-06,0,0,0,0,0,0.365339320543853,4,60.46,-144.96,1,0.110870790543856,0.794547285619263,0.0945730194107585,8.90442612309301e-06,0,"GOA"
"Copper","Sockeye",1982,1942981,609259.1798,0,0.0280460797094773,0.0670263888324178,0.000563567013779342,0,0.0123325961499366,0.149928383242039,0.698448415090009,0.00384409317435425,0,3.08803843166763e-06,0.0056804466950526,0.0335978581365438,0.000529083917959054,0,0,0,0,0,0,0,0,0,1.15973491086716,4,60.46,-144.96,1,0.0956360355556745,0.864553487656338,0.0398104767879871,0,0,"GOA"
"Copper","Sockeye",1983,962643,689904.8681,0.000311642010589595,0.0178352722660426,0.126420698015775,0.0015665205065637,0,0.000696000490316763,0.117927414420507,0.552468568306215,0.0027736138942474,7.58328892434682e-05,0.00106062164270659,0.0187369564833484,0.156781901494116,0.00211189402509549,0,0,0,0.00123306355523283,0,0,0,0,0,0.333128910787666,4,60.46,-144.96,1,0.146134132798971,0.67394143000053,0.178691373645266,0.00123306355523283,0,"GOA"
"Copper","Sockeye",1984,1665949,837471.7362,3.60155082778644e-06,0.00536150866563142,0.0484726723327065,0.000617065708494078,0,0.0021267157638079,0.19272258634568,0.604048503285515,0.00464840160172971,0,0,0.0115387685937565,0.130460176151851,0,0,0,0,0,0,0,0,0,0,0.68776269470447,4,60.46,-144.96,1,0.0544548482576597,0.803546206996733,0.141998944745607,0,0,"GOA"
"Copper","Sockeye",1985,1121383,644071.2164,0.000189052268493459,0.0135270465131003,0.0511716335988685,0.000819523748799474,0,0.000600151776868385,0.216163433902601,0.57810489368931,0.0207984248022308,0,0.00110577741949004,0.0578526694269487,0.0584492541798832,0.00121813867340596,0,0,0,0,0,0,0,0,0,0.554508719490371,4,60.46,-144.96,1,0.0657072561292618,0.81566690417101,0.118625839699728,0,0,"GOA"
"Copper","Sockeye",1986,1943552,512181.0056,0,0.00790254132639621,0.115283254577187,0.000621542413066386,0,0.00543695254873551,0.14917995505137,0.659454442175975,0.00515293647918862,0,0.000380746180189673,0.00320135504478398,0.0526556531546365,0.000462555156743941,0,0,0,0.000268065891728135,0,0,0,0,0,1.33359441666097,4,60.46,-144.96,1,0.123807338316649,0.819224286255269,0.0567003095363541,0.000268065891728135,0,"GOA"
"Copper","Sockeye",1987,1709543,505998.9939,0.000418825381988052,0.017581306817085,0.0904124669575436,0.00181159526259357,0,0.00446259614411571,0.139182225893119,0.626826584648646,0.00582143882897359,6.43446815903431e-05,0.000706621594192132,0.0144763834545256,0.0980226879347287,0.000212922400898954,0,0,0,0,0,0,0,0,0,1.21744668137111,4,60.46,-144.96,1,0.11022419441921,0.776357190196444,0.113418615384345,0,0,"GOA"
"Copper","Sockeye",1988,1755011,495779.976,0.000250710679306284,0.00501820216511463,0.0503398554197096,0.00126608893049673,0,0.00301935429464545,0.135192884830921,0.755553668894383,0.0059241793926078,0,2.27918799369349e-05,0.0114614666232861,0.0317650430681061,0.000176637069511245,0,0,0,9.11675197477395e-06,0,0,0,0,0,1.26409817215401,4,60.46,-144.96,1,0.0568748571946273,0.899690087412558,0.0434259386408404,9.11675197477395e-06,0,"GOA"
"Copper","Sockeye",1989,1982777,581067.3784,0.000609246526462633,0.0130735831613943,0.121126581557079,0.00192961689589903,0,0.00157556800386529,0.125792764390549,0.669262352750713,0.00169913207587137,0.000106920748021588,3.07649322137588e-05,0.0074950435676831,0.05706289713871,0.000117007611042492,0,0,0.000118520640495628,0,0,0,0,0,0,1.22738694648588,4,60.46,-144.96,1,0.136739028140835,0.79843673796902,0.0647057132496494,0.000118520640495628,0,"GOA"
"Copper","Sockeye",1990,1657982,619668.0198,9.65028570877127e-05,0.0105423339939758,0.105706817082453,0.000132691428495605,0,0.00268458885560881,0.126700410499028,0.636818131921818,0.0112528362792841,0,0.000447531999744267,0.0235774574150986,0.0819224816674729,0,0,0,0.000118215999932448,0,0,0,0,0,0,0.984172596484678,4,60.46,-144.96,1,0.116478345362012,0.777455967555739,0.105947471082316,0.000118215999932448,0,"GOA"
"Copper","Sockeye",1991,2878964,567389.9221,3.95975774618925e-05,0.00761697610668282,0.0323262117900745,0.000479686442762049,0,0.0047819284992796,0.15377267656004,0.684494839115737,0.00357385503952116,0,0.000156653573993978,0.0184854690784602,0.0940824546607738,0.000189651555212222,0,0,0,0,0,0,0,0,0,1.62413902551908,4,60.46,-144.96,1,0.0404624719169812,0.846623299214579,0.11291422886844,0,0,"GOA"
"Copper","Sockeye",1992,3102759,558331.0406,0.000182740586684303,0.00535910136752484,0.0362090642553933,0.0010603466140941,0,0.00337312694927321,0.161381531727085,0.755212377113401,0.00371540296877714,0,8.79862084035531e-05,0.00861652484127836,0.0248017973680843,0,0,0,0,0,0,0,0,0,0,1.7150949454635,4,60.46,-144.96,1,0.0428112528236966,0.923682438758537,0.0335063084177663,0,0,"GOA"
"Copper","Sockeye",1993,2303628,652721.1081,6.51146799743709e-05,0.021936701585499,0.347545697482406,0.000874707200989049,0,0.00117206423953868,0.128873238213809,0.454391073558752,0.00666774322937558,0,9.11605519641192e-06,0.00821399982983364,0.0299883488132633,9.55015306290773e-05,0,0,0.000166693580734389,0,0,0,0,0,0,1.26109060566239,4,60.46,-144.96,1,0.370422220948869,0.591104119241475,0.0383069662289224,0.000166693580734389,0,"GOA"
"Copper","Sockeye",1994,1452968,614989.2834,0.000136961034241635,0.0403979991300565,0.077236387862637,0.00307990265442873,0,0.00234760848139808,0.219750882331889,0.565244382532857,0.00604142692750288,0,0.000688934649627521,0.0239220684832701,0.0611534459120917,0,0,0,0,0,0,0,0,0,0,0.859758797639061,4,60.46,-144.96,1,0.120851250681364,0.793384300273647,0.0857644490449893,0,0,"GOA"
"Copper","Sockeye",1995,1638422,528715.4215,7.07998305686813e-05,0.0201639138146338,0.0619339828200549,0.00112974557226404,0,0.00679495270449249,0.303083698827286,0.562185444287247,0.00228878762614272,0,0,0.00545830073082515,0.0364503162188984,0.000440057567586373,0,0,0,0,0,0,0,0,0,1.13103853095769,4,60.46,-144.96,1,0.0832984420375215,0.874352883445169,0.0423486745173099,0,0,"GOA"
"Copper","Sockeye",1996,1916383,674836.3295,0.0003068280192425,0.0138276117039235,0.0343903071567635,0.000511380032070833,0,0.000950227590205089,0.0372028973331531,0.865486178911001,0.00708887524049211,0,0,0.00393553898150839,0.0359411453764722,0.000359009655168095,0,0,0,0,0,0,0,0,0,1.04372464751426,4,60.46,-144.96,1,0.0490361269120004,0.910728179074851,0.0402356940131487,0,0,"GOA"
"Copper","Sockeye",1997,1596773,900332.7069,5.13535737390349e-05,0.0162076888825149,0.100479529651366,0.00144729401110865,0,0.00194329438185641,0.0645126138781154,0.778329167639984,0.00369808357230489,0,0,0.00693461124405285,0.0263963631649583,0,0,0,0,0,0,0,0,0,0,0.572975627251686,4,60.46,-144.96,1,0.118185866118728,0.848483159472261,0.0333309744090112,0,0,"GOA"
"Copper","Sockeye",1998,1911922,635380.7972,0.000128666336806627,0.0026904863273711,0.0296690973794956,0.000327419214800604,0,0.00121605379298946,0.184719355705934,0.731227006122635,0.00386051313808827,0.000116113523459639,0,0.00691764622196931,0.038861417986717,0.000266224249734037,0,0,0,0,0,0,0,0,0,1.10163979801409,4,60.46,-144.96,1,0.0328156692584739,0.921139042283106,0.0460452884584204,0,0,"GOA"
"Copper","Sockeye",1999,1586662,648887,3.15126977264219e-05,0.00856893276576864,0.0446207194727043,0.000914498488020763,0,0.00427627308147545,0.166141875207196,0.617202655638063,0.00318845475595937,0,0.000129832314632858,0.044912527053651,0.108423218051482,0.00151765152250448,0,0,0,7.18489508162419e-05,0,0,0,0,0,0.894129129853648,4,60.46,-144.96,1,0.0541356634242202,0.790809258682694,0.15498322894227,7.18489508162419e-05,0,"GOA"
"Copper","Sockeye",2000,2330999,537592,0.000279708399703303,0.00789704328487485,0.0418412877912003,0.000396825567063735,0,0.0028725881049284,0.219964487329252,0.610645049611776,0.00846332409409013,0.00101844745536141,2.57400367825126e-06,0.0206160534603404,0.0846739959991403,0.00132861489859069,0,0,0,0,0,0,0,0,0,1.4669523018894,4,60.46,-144.96,1,0.0504148650428421,0.842963896595408,0.10662123836175,0,0,"GOA"
"Copper","Sockeye",2001,2204284,680513,3.94685984201673e-05,0.00419319833560467,0.0598457367562438,0.00031937808376779,0,0.000604277851674285,0.117901323060005,0.654330839401819,0.00637168350357758,1.90538061338739e-05,5.53467701983955e-05,0.0261282121541507,0.129797249356254,0.000394232322150866,0,0,0,0,0,0,0,0,0,1.17531109308648,4,60.46,-144.96,1,0.0643977817740364,0.77922717762321,0.156375040602754,0,0,"GOA"
"Copper","Sockeye",2002,2909184,732389,1.23746040126716e-05,0.00676340857092573,0.0225032173970433,0,0,0.00151898264255544,0.143752337425202,0.777302501319958,0.00447170065557902,0,0,0.00522620776135164,0.038449269623372,0,0,0,0,0,0,0,0,0,0,1.37931611489917,4,60.46,-144.96,1,0.0292790005719817,0.927045522043295,0.0436754773847237,0,0,"GOA"
"Copper","Sockeye",2003,1292452,653564,0.00041548931797854,0.0237772853459935,0.0669603203832715,0.000270029370529815,0,0.00403264492607849,0.111023852336489,0.607969193440066,0.00440325830282285,0.000232890660542906,0.000246043953663269,0.0117513068183577,0.168106823309492,0.000810861834714171,0,0,0,0,0,0,0,0,0,0.681856005892727,4,60.46,-144.96,1,0.0914231244177734,0.727661839665999,0.180915035916227,0,0,"GOA"
"Copper","Sockeye",2004,1183051,586275,0.000419254960267985,0.00352140355741215,0.0130078923055726,0.000196103126576961,0,0.00349181903400614,0.0865195160648188,0.785130142318463,0.00424580174481066,0,0,0.0314914572575485,0.0719766096305231,0,0,0,0,0,0,0,0,0,0,0.70206301101006,4,60.46,-144.96,1,0.0171446539498297,0.879387279162099,0.103468066888072,0,0,"GOA"
"Copper","Sockeye",2005,1266774,633006.3006,0,0.00407886489618511,0.0345562823360757,5.21008482965391e-05,0,0.00210297969487849,0.271662506492871,0.56602993114794,0.00361785132943998,0,9.15711879151293e-05,0.0167906824737483,0.100342286785172,0.000674942807477893,0,0,0,0,0,0,0,0,0,0.693748414649367,4,60.46,-144.96,1,0.0386872480805574,0.843413268665129,0.117899483254314,0,0,"GOA"
"Copper","Sockeye",2006,2395210,777091,0.000106044981442128,0.0013021822721181,0.00799554110078031,0,0,0.000688874879446896,0.168357680537406,0.753090125709228,0.00417040677017882,0,0.000226284960400132,0.0199982465003069,0.0435719623749066,0.000492649913786265,0,0,0,0,0,0,0,0,0,1.12566872804626,4,60.46,-144.96,1,0.00940376835434054,0.92630708789626,0.0642891437493998,0,0,"GOA"
"Copper","Sockeye",2007,3025008,786932,9.45452045085501e-05,0.000660824698645425,0.0289870307781004,0.000508758985100205,0,0.00257883615514405,0.144257139154673,0.68271621099845,0.00989815564124128,0,6.94213040097745e-06,0.0343949503604619,0.0958966058932737,0,0,0,0,0,0,0,0,0,0,1.34652717447126,4,60.46,-144.96,1,0.0302511596663546,0.839450341949509,0.130298498384137,0,0,"GOA"
"Copper","Sockeye",2008,2237922,615240,4.82590546051203e-05,0.000289107484532526,0.029574310454073,0.000322173873798997,0,0.000583130243145203,0.20104498726944,0.648453341984216,0.00117609103445071,0,3.61942909538402e-05,0.0374843269783308,0.0809880773324539,0,0,0,0,0,0,0,0,0,0,1.29129060013398,4,60.46,-144.96,1,0.0302338508670097,0.851257550531252,0.118508598601739,0,0,"GOA"
"Copper","Sockeye",2009,3033238,605329,6.92329451233303e-06,0.00146081514210227,0.00719099523347657,0.000147037588214311,0,0.000951458474409196,0.215297315937622,0.625582298520591,0.00375868955881471,7.3189113416092e-05,7.51671975624728e-05,0.0275098755851008,0.117743810409866,7.3189113416092e-05,0,0,1.74730766263643e-05,0.000111761754270519,0,0,0,0,0,1.61161386289432,4,60.46,-144.96,1,0.00880577125830548,0.845662951604853,0.145402042305945,0.000129234830896883,0,"GOA"
"Copper","Sockeye",2010,2697904.5,668184,0,0.000397716079275601,0.00496162855282683,0.00058712233883742,0,0.000748729245234589,0.268430183499824,0.635515823484486,0.00337076423572443,0,0.000252788784777222,0.0278023184289881,0.0579231029119081,0,0,0,9.82243811817653e-06,0,0,0,0,0,0,1.39566705484186,4,60.46,-144.96,1,0.00594646697093985,0.908065500465268,0.0859782101256735,9.82243811817653e-06,0,"GOA"
"Copper","Sockeye",2011,2405593,751003,0,0,0,0,0,0,0,0,0,0,0,0,0,0,0,0,0,0,0,0,0,0,0,1.16414207536321,4,60.46,-144.96,0,0.0325572825911129,0.852747851960687,0.114680959721298,1.3905726901506e-05,0,"GOA"
"Copper","Sockeye",2012,1041307,1086874,0,0,0,0,0,0,0,0,0,0,0,0,0,0,0,0,0,0,0,0,0,0,0,-0.0428290311595909,4,60.46,-144.96,0,0.0325572825911129,0.852747851960687,0.114680959721298,1.3905726901506e-05,0,"GOA"
"Copper","Sockeye",2013,1035460,1011175,0,0,0,0,0,0,0,0,0,0,0,0,0,0,0,0,0,0,0,0,0,0,0,0.0237327514220297,4,60.46,-144.96,0,0.0325572825911129,0.852747851960687,0.114680959721298,1.3905726901506e-05,0,"GOA"
"Copper","Sockeye",2014,2172740,992408,0,0,0,0,0,0,0,0,0,0,0,0,0,0,0,0,0,0,0,0,0,0,0,0.783610009793888,4,60.46,-144.96,0,0.0325572825911129,0.852747851960687,0.114680959721298,1.3905726901506e-05,0,"GOA"
"Copper","Sockeye",2015,862785,1063193,0,0,0,0,0,0,0,0,0,0,0,0,0,0,0,0,0,0,0,0,0,0,0,-0.20886639437312,4,60.46,-144.96,0,0.0325572825911129,0.852747851960687,0.114680959721298,1.3905726901506e-05,0,"GOA"
"Early Russian","Sockeye",1965,5970,21510,0,0,0,0,0,0,0,0,0,0,0,0,0,0,0,0,0,0,0,0,0,0,0,-1.28177101587513,8,60.54,-151.28,0,0,0.841538461538462,0.158461538461538,0,0,"GOA"
"Early Russian","Sockeye",1966,7822,16660,0,0,0,0,0,0,0,0,0,0,0,0,0,0,0,0,0,0,0,0,0,0,0,-0.756070360405374,8,60.54,-151.28,0,0,0.841538461538462,0.158461538461538,0,0,"GOA"
"Early Russian","Sockeye",1967,18662,13710,0,0,0,0,0,0,0,0,0,0,0,0,0,0,0,0,0,0,0,0,0,0,0,0.308363877237607,8,60.54,-151.28,0,0,0.841538461538462,0.158461538461538,0,0,"GOA"
"Early Russian","Sockeye",1968,19800,9120,0,0,0,0,0,0,0,0,0,0,0,0,0,0,0,0,0,0,0,0,0,0,0,0.77521213361425,8,60.54,-151.28,0,0,0.841538461538462,0.158461538461538,0,0,"GOA"
"Early Russian","Sockeye",1969,13169,5000,0,0,0,0,0,0,0,0,0,0,0,0,0,0,0,0,0,0,0,0,0,0,0,0.968427670293983,8,60.54,-151.28,0,0,0.841538461538462,0.158461538461538,0,0,"GOA"
"Early Russian","Sockeye",1970,12642,5450,0,0,0,0,0,0,0,0,0,0,0,0,0,0,0,0,0,0,0,0,0,0,0,0.841408995374954,8,60.54,-151.28,0,0,0.841538461538462,0.158461538461538,0,0,"GOA"
"Early Russian","Sockeye",1971,8728,2650,0,0,0,0,0,0,0,0,0,0,0,0,0,0,0,0,0,0,0,0,0,0,0,1.19197660853264,8,60.54,-151.28,0,0,0.841538461538462,0.158461538461538,0,0,"GOA"
"Early Russian","Sockeye",1972,98980,9270,0,0,0,0,0,0,0,0,0,0,0,0,0,0,0,0,0,0,0,0,0,0,0,2.36813442994598,8,60.54,-151.28,0,0,0.841538461538462,0.158461538461538,0,0,"GOA"
"Early Russian","Sockeye",1973,26788,13120,0,0,0,0,0,0,0,0,0,0,0,0,0,0,0,0,0,0,0,0,0,0,0,0.713816242531861,8,60.54,-151.28,0,0,0.841538461538462,0.158461538461538,0,0,"GOA"
"Early Russian","Sockeye",1974,52849,13160,0,0,0,0,0,0,0,0,0,0,0,0,0,0,0,0,0,0,0,0,0,0,0,1.39025686476419,8,60.54,-151.28,0,0,0.841538461538462,0.158461538461538,0,0,"GOA"
"Early Russian","Sockeye",1975,14130,5650,0,0,0,0,0,0,0,0,0,0,0,0,0,0,0,0,0,0,0,0,0,0,0,0.916644651538087,8,60.54,-151.28,0,0,0.841538461538462,0.158461538461538,0,0,"GOA"
"Early Russian","Sockeye",1976,115408,14735,0,0,0,0,0,0,0,0,0,0,0,0,0,0,0,0,0,0,0,0,0,0,0,2.05824805957166,8,60.54,-151.28,0,0,0.841538461538462,0.158461538461538,0,0,"GOA"
"Early Russian","Sockeye",1977,17515,16060,0,0,0,0,0,0,0,0,0,0,0,0,0,0,0,0,0,0,0,0,0,0,0,0.0867259481308345,8,60.54,-151.28,0,0,0.841538461538462,0.158461538461538,0,0,"GOA"
"Early Russian","Sockeye",1978,17001,34240,0,0,0,0,0,0,0,0,0,0,0,0,0,0,0,0,0,0,0,0,0,0,0,-0.700122385417949,8,60.54,-151.28,0,0,0.841538461538462,0.158461538461538,0,0,"GOA"
"Early Russian","Sockeye",1979,94836,19750,0,0,0,0,0,0,0,0,0,0,0,0,0,0,0,0,0,0,0,0,0,0,0,1.56899559266371,8,60.54,-151.28,0,0,0.841538461538462,0.158461538461538,0,0,"GOA"
"Early Russian","Sockeye",1980,42401,28620,0,0,0,0,0,0,0,0,0,0,0,0,0,0,0,0,0,0,0,0,0,0,0,0.393066172737148,8,60.54,-151.28,0,0,0.841538461538462,0.158461538461538,0,0,"GOA"
"Early Russian","Sockeye",1981,76040,21140,0,0,0,0,0,0,0,0,0,0,0,0,0,0,0,0,0,0,0,0,0,0,0,1.28009253717814,8,60.54,-151.28,0,0,0.841538461538462,0.158461538461538,0,0,"GOA"
"Early Russian","Sockeye",1982,278179,56110,0,0,0,0,0,0,0,0,0,0,0,0,0,0,0,0,0,0,0,0,0,0,0,1.6009507416149,8,60.54,-151.28,0,0,0.841538461538462,0.158461538461538,0,0,"GOA"
"Early Russian","Sockeye",1983,23549,21270,0,0,0,0,0,0,0,0,0,0,0,0,0,0,0,0,0,0,0,0,0,0,0,0.101785727503698,8,60.54,-151.28,0,0,0.841538461538462,0.158461538461538,0,0,"GOA"
"Early Russian","Sockeye",1984,42857,28900,0,0,0,0,0,0,0,0,0,0,0,0,0,0,0,0,0,0,0,0,0,0,0,0.394027397143612,8,60.54,-151.28,0,0,0.841538461538462,0.158461538461538,0,0,"GOA"
"Early Russian","Sockeye",1985,43776,30610,0,0,0,0,0,0,0,0,0,0,0,0,0,0,0,0,0,0,0,0,0,0,0,0.357758969042764,8,60.54,-151.28,0,0,0.841538461538462,0.158461538461538,0,0,"GOA"
"Early Russian","Sockeye",1986,90637,36340,0,0,0,0,0,0,0,0,0,0,0,0,0,0,0,0,0,0,0,0,0,0,0,0.913943455233985,8,60.54,-151.28,0,0,0.841538461538462,0.158461538461538,0,0,"GOA"
"Early Russian","Sockeye",1987,109215,61510,0,0,0,0,0,0,0,0,0,0,0,0,0,0,0,0,0,0,0,0,0,0,0,0.574118653294507,8,60.54,-151.28,0,0,0.841538461538462,0.158461538461538,0,0,"GOA"
"Early Russian","Sockeye",1988,87848,50410,0,0,0,0,0,0,0,0,0,0,0,0,0,0,0,0,0,0,0,0,0,0,0,0.555418480200873,8,60.54,-151.28,0,0,0.841538461538462,0.158461538461538,0,0,"GOA"
"Early Russian","Sockeye",1989,57055,15340,0,0,0,0,0,0,0,0,0,0,0,0,0,0,0,0,0,0,0,0,0,0,0,1.31355191894753,8,60.54,-151.28,0,0,0.841538461538462,0.158461538461538,0,0,"GOA"
"Early Russian","Sockeye",1990,94893,26720,0,0,0,0,0,0,0,0,0,0,0,0,0,0,0,0,0,0,0,0,0,0,0,1.26733759237231,8,60.54,-151.28,0,0,0.841538461538462,0.158461538461538,0,0,"GOA"
"Early Russian","Sockeye",1991,126044,32389,0,0,0,0,0,0,0,0,0,0,0,0,0,0,0,0,0,0,0,0,0,0,0,1.35881219336216,8,60.54,-151.28,0,0,0.841538461538462,0.158461538461538,0,0,"GOA"
"Early Russian","Sockeye",1992,64978,37117,0,0,0,0,0,0,0,0,0,0,0,0,0,0,0,0,0,0,0,0,0,0,0,0.559973665379688,8,60.54,-151.28,0,0,0.841538461538462,0.158461538461538,0,0,"GOA"
"Early Russian","Sockeye",1993,41584,39857,0,0,0,0,0,0,0,0,0,0,0,0,0,0,0,0,0,0,0,0,0,0,0,0.0424174293688962,8,60.54,-151.28,0,0,0.841538461538462,0.158461538461538,0,0,"GOA"
"Early Russian","Sockeye",1994,114649,44872,0,0,0,0,0,0,0,0,0,0,0,0,0,0,0,0,0,0,0,0,0,0,0,0.938061294861845,8,60.54,-151.28,0,0,0.841538461538462,0.158461538461538,0,0,"GOA"
"Early Russian","Sockeye",1995,26462,28603,0,0,0,0,0,0,0,0,0,0,0,0,0,0,0,0,0,0,0,0,0,0,0,-0.077801865809376,8,60.54,-151.28,0,0,0.841538461538462,0.158461538461538,0,0,"GOA"
"Early Russian","Sockeye",1996,192607,52905,0,0,0,0,0,0,0,0,0,0,0,0,0,0,0,0,0,0,0,0,0,0,0,1.29215399110342,8,60.54,-151.28,0,0,0.841538461538462,0.158461538461538,0,0,"GOA"
"Early Russian","Sockeye",1997,63876,36280,0,0,0,0,0,0,0,0,0,0,0,0,0,0,0,0,0,0,0,0,0,0,0,0.565677078731685,8,60.54,-151.28,0,0,0.841538461538462,0.158461538461538,0,0,"GOA"
"Early Russian","Sockeye",1998,57692,34143,0,0,0,0,0,0,0,0,0,0,0,0,0,0,0,0,0,0,0,0,0,0,0,0.524560928753401,8,60.54,-151.28,0,0,0.841538461538462,0.158461538461538,0,0,"GOA"
"Early Russian","Sockeye",1999,106219,36607,0,0,0,0,0,0,0,0,0,0,0,0,0,0,0,0,0,0,0,0,0,0,0,1.06526352157638,8,60.54,-151.28,0,0,0.841538461538462,0.158461538461538,0,0,"GOA"
"Early Russian","Sockeye",2000,94932,32736,0,0,0,0,0,0,0,0,0,0,0,0,0,0,0,0,0,0,0,0,0,0,0,1.06468545605804,8,60.54,-151.28,0,0,0.841538461538462,0.158461538461538,0,0,"GOA"
"Early Russian","Sockeye",2001,77071,78255,0,0,0,0,0,0,0,0,0,0,0,0,0,0,0,0,0,0,0,0,0,0,0,-0.0152456502194064,8,60.54,-151.28,0,0,0.841538461538462,0.158461538461538,0,0,"GOA"
"Early Russian","Sockeye",2002,74180,85943,0,0,0,0,0,0,0,0,0,0,0,0,0,0,0,0,0,0,0,0,0,0,0,-0.147189713751533,8,60.54,-151.28,0,0,0.841538461538462,0.158461538461538,0,0,"GOA"
"Early Russian","Sockeye",2003,68346,23650,0,0,0,0,0,0,0,0,0,0,0,0,0,0,0,0,0,0,0,0,0,0,0,1.06121992420789,8,60.54,-151.28,0,0,0.841538461538462,0.158461538461538,0,0,"GOA"
"Early Russian","Sockeye",2004,105293,56582,0,0,0,0,0,0,0,0,0,0,0,0,0,0,0,0,0,0,0,0,0,0,0,0.621056026768853,8,60.54,-151.28,0,0,0.841538461538462,0.158461538461538,0,0,"GOA"
"Early Russian","Sockeye",2005,31718,52903,0,0,0,0,0,0,0,0,0,0,0,0,0,0,0,0,0,0,0,0,0,0,0,-0.511575704954897,8,60.54,-151.28,0,0,0.841538461538462,0.158461538461538,0,0,"GOA"
"Early Russian","Sockeye",2006,59545,80524,0,0,0,0,0,0,0,0,0,0,0,0,0,0,0,0,0,0,0,0,0,0,0,-0.301822947416623,8,60.54,-151.28,0,0,0.841538461538462,0.158461538461538,0,0,"GOA"
"Early Russian","Sockeye",2007,36587,27298,0,0,0,0,0,0,0,0,0,0,0,0,0,0,0,0,0,0,0,0,0,0,0,0.292879546621131,8,60.54,-151.28,0,0,0.841538461538462,0.158461538461538,0,0,"GOA"
"Early Russian","Sockeye",2008,72061,30989,0,0,0,0,0,0,0,0,0,0,0,0,0,0,0,0,0,0,0,0,0,0,0,0.843880679742793,8,60.54,-151.28,0,0,0.841538461538462,0.158461538461538,0,0,"GOA"
"Early Russian","Sockeye",2009,109924,52178,0,0,0,0,0,0,0,0,0,0,0,0,0,0,0,0,0,0,0,0,0,0,0,0.745128267801448,8,60.54,-151.28,0,0,0.841538461538462,0.158461538461538,0,0,"GOA"
"Early Russian","Sockeye",2010,63213,27074,0,0,0,0,0,0,0,0,0,0,0,0,0,0,0,0,0,0,0,0,0,0,0,0.847936118439186,8,60.54,-151.28,0,0,0.841538461538462,0.158461538461538,0,0,"GOA"
"Early Russian","Sockeye",2011,76795,29129,0,0,0,0,0,0,0,0,0,0,0,0,0,0,0,0,0,0,0,0,0,0,0,0.969405292356078,8,60.54,-151.28,0,0,0.841538461538462,0.158461538461538,0,0,"GOA"
"Early Russian","Sockeye",2012,13215,24115,0,0,0,0,0,0,0,0,0,0,0,0,0,0,0,0,0,0,0,0,0,0,0,-0.601481505464683,8,60.54,-151.28,0,0,0.841538461538462,0.158461538461538,0,0,"GOA"
"Early Russian","Sockeye",2013,115625,35776,0,0,0,0,0,0,0,0,0,0,0,0,0,0,0,0,0,0,0,0,0,0,0,1.17307491829996,8,60.54,-151.28,0,0,0.841538461538462,0.158461538461538,0,0,"GOA"
"Early Russian","Sockeye",2014,133878,44920,0,0,0,0,0,0,0,0,0,0,0,0,0,0,0,0,0,0,0,0,0,0,0,1.09204580761018,8,60.54,-151.28,0,0,0.841538461538462,0.158461538461538,0,0,"GOA"
"Early Russian","Sockeye",2015,92528,50226,0,0,0,0,0,0,0,0,0,0,0,0,0,0,0,0,0,0,0,0,0,0,0,0.610978480509888,8,60.54,-151.28,0,0,0.841538461538462,0.158461538461538,0,0,"GOA"
"Kenai","Sockeye",1968,960169,115545,0,0,0,0,0,0,0.176678272262487,0.684437843754589,0.00151639971713313,0,0.000931086090052897,0.0804702088903099,0.0559661892854279,0,0,0,0,0,0,0,0,0,0,2.11744924616199,88,60.54,-151.28,1,0,0.862632515734209,0.137367484265791,0,0,"GOA"
"Kenai","Sockeye",1969,430946,72901,0,0,0,0,0,0.00207450585456182,0.0880133473799502,0.485784761895922,0.0248731859676154,0,0.0179604869287567,0.218565667160155,0.154940526191217,0,0,0,0.00778751862182269,0,0,0,0,0,0,1.7768827563631,88,60.54,-151.28,1,0,0.600745801098049,0.391466680280128,0.00778751862182269,0,"GOA"
"Kenai","Sockeye",1970,550923,101794,0,0,0,0,0,0.0028098300488453,0.119797140435233,0.354535933333696,0,0,0.0111503785465482,0.247624441165099,0.247983838031812,0,0,0,0.0160984384387655,0,0,0,0,0,0,1.68864389018785,88,60.54,-151.28,1,0,0.477142903817775,0.50675865774346,0.0160984384387655,0,"GOA"
"Kenai","Sockeye",1971,986397,406714,0,0,0,0,0,0.00453367153387531,0.0577891051980085,0.343048488590294,0.0104825947361965,0,0.0101571679557014,0.304090543665482,0.269898428320443,0,0,0,0,0,0,0,0,0,0,0.885948674754355,88,60.54,-151.28,1,0,0.415853860058374,0.584146139941626,0,0,"GOA"
"Kenai","Sockeye",1972,2547850,431058,0,0,0,0,0,0.00225209490354613,0.221393724120337,0.650081441215142,0.000447436073552211,0,0.00696194830935887,0.0714786977255333,0.0473846576525306,0,0,0,0,0,0,0,0,0,0,1.77676288592957,88,60.54,-151.28,1,0,0.874174696312577,0.125825303687423,0,0,"GOA"
"Kenai","Sockeye",1973,2125986,507072,0,0,0,0,0,0.00421733727315232,0.072236129494738,0.858765767977776,0,0,0,0.041069414379963,0.0237113508743708,0,0,0,0,0,0,0,0,0,0,1.43333796840103,88,60.54,-151.28,1,0,0.935219234745666,0.0647807652543338,0,0,"GOA"
"Kenai","Sockeye",1974,788067,209836,0,0,0,0,0,0,0.0757879723424531,0.620438363743184,0,0,0.00216986626771582,0.119935233933155,0.181668563713491,0,0,0,0,0,0,0,0,0,0,1.32325683838979,88,60.54,-151.28,1,0,0.696226336085637,0.303773663914363,0,0,"GOA"
"Kenai","Sockeye",1975,1055375,184262,0,0,0,0,0,0,0.154042875755063,0.590752102333294,0,0,0,0.19822622290655,0.056978799005093,0,0,0,0,0,0,0,0,0,0,1.74529182760912,88,60.54,-151.28,1,0,0.744794978088357,0.255205021911643,0,0,"GOA"
"Kenai","Sockeye",1976,1506076,507440,0,0,0,0,0,0.000923592169319477,0.303881743019609,0.533888728058876,0.00194545295190947,0,0.00404494859489163,0.0631156727814533,0.0908519888770553,0.000589611679623074,0,0.000758261867263007,0,0,0,0,0,0,0,1.08788373059099,88,60.54,-151.28,1,0,0.840639516199714,0.158602221933023,0.000758261867263007,0,"GOA"
"Kenai","Sockeye",1977,3112852,951038,0,0,0,0,0,0.0134275577508985,0.0683662442030652,0.777878935458544,0.00595274044509665,0,0.00104437988057254,0.0216271123715487,0.111508031862742,0,0,0,0,0.000194998027532308,0,0,0,0,0,1.18574060706188,88,60.54,-151.28,1,0,0.865625477857605,0.134179524114863,0.000194998027532308,0,"GOA"
"Kenai","Sockeye",1978,3785624,511781,0,0,0,0,0,0,0.0361512395314484,0.858852067717238,0.0100506547929747,0,0,0.017769329442121,0.0755011591219836,0,0,0,0.00167554939423461,0,0,0,0,0,0,2.00106895026066,88,60.54,-151.28,1,0,0.905053962041661,0.0932704885641046,0.00167554939423461,0,"GOA"
"Kenai","Sockeye",1979,1321706,373810,0,0,0.0222833217069454,0,0,0.00097979429615966,0.196125310772592,0.428235931440124,0.00849205496532512,0,0.0035552535889222,0.113292971356716,0.221785328961206,0.00160852716110845,0,0,0.00364150575090073,0,0,0,0,0,0,1.26293171502159,88,60.54,-151.28,1,0.0222833217069454,0.633833091474201,0.340242081067953,0.00364150575090073,0,"GOA"
"Kenai","Sockeye",1980,2675009,615382,0,0,0.00680334159623388,0.000258316887905798,0,0.00136635054311967,0.0818658927876504,0.597788269123581,0.00558689709081353,0,0.000977192973930181,0.101581714304513,0.203772024692253,0,0,0,0,0,0,0,0,0,0,1.46946406295771,88,60.54,-151.28,1,0.00706165848413968,0.686607409545164,0.306330931970696,0,0,"GOA"
"Kenai","Sockeye",1981,2465820,535524,0,0.000334574299827238,0.00317298099617977,0,0,0,0.122315091936962,0.505053896878118,0.00275080906148867,0,0.000900309024989659,0.119815720531101,0.245656617271334,0,0,0,0,0,0,0,0,0,0,1.52703317045924,88,60.54,-151.28,1,0.00350755529600701,0.630119797876568,0.366372646827425,0,0,"GOA"
"Kenai","Sockeye",1982,9591199,755672,0,0.000460630626056242,0.0038197518370748,0.000310492984245244,0,0.000145341578253146,0.0838435319713416,0.799017724478452,0.00243108291257433,0,0.000203311389952393,0.031095278077329,0.0776842394782967,0.000988614666424917,0,0,0,0,0,0,0,0,0,2.54099387079331,88,60.54,-151.28,1,0.00459087544737629,0.885437680940621,0.109971443612003,0,0,"GOA"
"Kenai","Sockeye",1983,9489649,792765,0,0.000128139618230348,0.00241326101734637,0,0,0,0.0839195422296441,0.470596120046168,0.0052425542820393,0,0,0.0277077687488758,0.408836090776382,0.0011565232813142,0,0,0,0,0,0,0,0,0,2.48242996452529,88,60.54,-151.28,1,0.00254140063557672,0.559758216557852,0.437700382806572,0,0,"GOA"
"Kenai","Sockeye",1984,3865134,446397,0,0,0.000616537486151838,0,0,0,0.141696769115896,0.430646130250594,0.00516566825367503,0,0.0011689116082392,0.182260433920273,0.234671035984781,0.000158597347465832,0,0.00198544216060814,0.00163047387231594,0,0,0,0,0,0,2.15854293992255,88,60.54,-151.28,1,0.000616537486151838,0.577508567620165,0.418258978860759,0.00361591603292408,0,"GOA"
"Kenai","Sockeye",1985,2592968,573836,0,0,0.00187507134681184,0,0,0.00159276936699566,0.121460041157469,0.605680054670941,0.00188355583254402,0,0.00773823664619077,0.115048469553037,0.144457625392986,0,0,0,0.000264176033024704,0,0,0,0,0,0,1.50821480333491,88,60.54,-151.28,1,0.00187507134681184,0.730616421027949,0.267244331592214,0.000264176033024704,0,"GOA"
"Kenai","Sockeye",1986,2174842,555207,0,0.000794080673446623,0.00722167403425168,0.000941677602326974,0,0.00228016563961888,0.179825476977178,0.38631771871244,0.00525049635789634,0,0.00148148693100464,0.0649546035987902,0.347162690439122,0.00376992903392522,0,0,0,0,0,0,0,0,0,1.36537028002367,88,60.54,-151.28,1,0.00895743231002528,0.573673857687133,0.417368710002842,0,0,"GOA"
"Kenai","Sockeye",1987,10378573,2011772,0,0,0.00470873982386596,0,0,0.000545739765958191,0.0748354325782552,0.676780805993271,0.0101554423715091,0,0.000438306884771153,0.0290837671036278,0.201959652834739,0.00138477611517499,0,0,0.000107336528827229,0,0,0,0,0,0,1.64072746663508,88,60.54,-151.28,1,0.00470873982386596,0.762317420708993,0.232866502938313,0.000107336528827229,0,"GOA"
"Kenai","Sockeye",1988,2550943,1213047,0,0.000159940853245251,0,0,0,0.000453165750861544,0.059499173442919,0.584538345231548,0.00860975725447413,0,0.00278524451545958,0.114615261885507,0.226181455250078,0.00179776655142824,0,0.000233639089544533,0.00112625017493531,0,0,0,0,0,0,0.743327326599552,88,60.54,-151.28,1,0.000159940853245251,0.653100441679802,0.345379728202473,0.00135988926447984,0,"GOA"
"Kenai","Sockeye",1989,4480889,2026638,0,0.000876388591638847,0.00374992551701236,0,0,0,0.0786147570270096,0.553601305455234,0.00386329587722436,0,0.0173630723724689,0.12466320857312,0.213283123058839,0.00366891480686087,0,0.000316008720590936,0,0,0,0,0,0,0,0.793442978597666,88,60.54,-151.28,1,0.00462631410865121,0.636079358359468,0.358978318811289,0.000316008720590936,0,"GOA"
"Kenai","Sockeye",1990,1518984,794753,0,0.000745893307631943,0.00391511694659062,0,0,0.00227586334023268,0.147355074181163,0.512499802499566,0.0072239075592633,0,0.00917982019560443,0.12598157715947,0.186986169702907,0.00224162993158585,0,0,0.00159514517598605,0,0,0,0,0,0,0.647764936404015,88,60.54,-151.28,1,0.00466101025422256,0.669354647580225,0.324389196989567,0.00159514517598605,0,"GOA"
"Kenai","Sockeye",1991,4444532,727159,0,0.000360442899274884,0.00233342903144808,0,0,0.000983455625924169,0.150738705447503,0.622057620464877,0.00395609706488782,0,0.00516859817861588,0.0567074328635726,0.155274391094495,0.000665536888923288,0,0.000413766848793079,0.000658787021895669,0.000681736569789575,0,0,0,0,0,1.81028446993446,88,60.54,-151.28,1,0.00269387193072296,0.777735878603191,0.217815959025607,0.00175429044047832,0,"GOA"
"Kenai","Sockeye",1992,4272742,1207382,0,0,0.00198186550931463,0,0,0.00062044466995667,0.0808572106623803,0.80597190282025,0.00467919663766265,0,0.00243941712371119,0.0329486311132289,0.0687993798829885,0.00105248573398534,0,0,0.000649465846521976,0,0,0,0,0,0,1.26380116247034,88,60.54,-151.28,1,0.00198186550931463,0.892128754790249,0.105239913853914,0.000649465846521976,0,"GOA"
"Kenai","Sockeye",1993,1690264,997730,0,0,0.00884477217760066,0,0,0,0.171008197536006,0.483018037419007,0.00737340439126669,0,0.00417390419484767,0.116479437531652,0.195606130166649,0.00373077815063209,0,0.000971445880643497,0.00879389255169607,0,0,0,0,0,0,0.527157310108428,88,60.54,-151.28,1,0.00884477217760066,0.66139963934628,0.31999025004378,0.00976533843233956,0,"GOA"
"Kenai","Sockeye",1994,3053461,1309695,0,0,0,0,0,0.000577050108057709,0.15857186320703,0.565810075845082,0.0057783610139445,0,0.0253214303375743,0.143913414974025,0.0955489524837553,0,0,0.000596699941476246,0.00312170353575828,0.000760448553297389,0,0,0,0,0,0.846481415693132,88,60.54,-151.28,1,0,0.730737350174114,0.264783797795354,0.00447885203053191,0,"GOA"
"Kenai","Sockeye",1995,1900508,776881,0,0,0.00454457439800306,0,0,0.00179004771355869,0.225853824345912,0.546969547089515,0.00792524945961817,0,0.00855665958785756,0.0813203627661657,0.121526455032023,0.00119231279215873,0,0,0,0.00032096681518836,0,0,0,0,0,0.894589838528634,88,60.54,-151.28,1,0.00454457439800306,0.782538668608604,0.212595790178205,0.00032096681518836,0,"GOA"
"Kenai","Sockeye",1996,2262667,963125,0,0,0.00582365854100493,0,0,0,0.112631686412539,0.67757076052287,0.0112199453123239,0,0.0116296388288688,0.0698445683788202,0.109089406439392,0.0010615791011227,0,0,0.00112875646305886,0,0,0,0,0,0,0.854116278930414,88,60.54,-151.28,1,0.00582365854100493,0.801422392247732,0.191625192748204,0.00112875646305886,0,"GOA"
"Kenai","Sockeye",1997,3627322,1365746,0,0,0,0,0,0.000486584868947394,0.0635405403766195,0.590537592196116,0.00463951091190691,0,0.00464723010529531,0.0902144888157158,0.240889008475123,0.00302840497755645,0,0.00033633628335174,0,0.00168030298936791,0,0,0,0,0,0.976793559783872,88,60.54,-151.28,1,0,0.65920422835359,0.338779132373691,0.00201663927271965,0,"GOA"
"Kenai","Sockeye",1998,4466352,929090,0,0,0.000675495348329017,0,0,0.000837372423848367,0.157231673634322,0.607074184927655,0.00678226884043174,0,0.00278459915385084,0.0703883169082956,0.151721807864673,0.000778487678534965,0,0.000303603477737536,0.00142218974232215,0,0,0,0,0,0,1.57012141064648,88,60.54,-151.28,1,0.000675495348329017,0.771925499826256,0.225673211605355,0.00172579322005968,0,"GOA"
"Kenai","Sockeye",1999,5756040,949276,0,0.000318448099735235,0.00203490594227976,0,0,0,0.0867792788097373,0.68762760508961,0.00315494680370533,0,0.000735401421810828,0.0741459406119485,0.140333284688779,0.00187107803281423,0,0,0.002605263340769,0.000393847158810571,0,0,0,0,0,1.80230542847186,88,60.54,-151.28,1,0.002353354042015,0.777561830703053,0.217085704755353,0.00299911049957957,0,"GOA"
"Kenai","Sockeye",2000,7052658,696899,0,0.000623311097744992,0.00278490747743617,0,0,8.98951856165434e-05,0.0798169994915392,0.707349059035615,0.00948408387305892,0,0.00105690648830554,0.0175477103809656,0.176901105937648,0.00336227844877775,0,0,0.000321439094310259,0.000662303488982452,0,0,0,0,0,2.31451921072038,88,60.54,-151.28,1,0.00340821857518116,0.796740037585829,0.198868001255697,0.00098374258329271,0,"GOA"
"Kenai","Sockeye",2001,1691128,738229,0,0,0.00750564120516011,0,0,0,0.0791572252366468,0.648586032517941,0.0308054742160262,0,0.00286081242815446,0.0611715967094153,0.165073844203396,0.00207731171147305,0,0,0.00276206177178782,0,0,0,0,0,0,0.828896966318031,88,60.54,-151.28,1,0.00750564120516011,0.758548731970614,0.231183565052438,0.00276206177178782,0,"GOA"
"Kenai","Sockeye",2002,3617275,1126642,0,0.000526915979570257,0.00360409424221272,0,0,1.05051454478855e-05,0.0774903760427394,0.78256975209239,0.0262249898058621,0,0.00297737938088755,0.0432057280687811,0.0624486664685433,0.000941592773565737,0,0,0,0,0,0,0,0,0,1.16647945284281,88,60.54,-151.28,1,0.00413101022178297,0.886295623086439,0.109573366691778,0,0,"GOA"
"Kenai","Sockeye",2003,1908810,1402340,0,0,0.00244707435522655,0,0,0,0.111615613916524,0.658842944033193,0.0109623273138762,0,0.0124229231825064,0.0782817566965806,0.123643002708494,0,0,0,0.00178435779359915,0,0,0,0,0,0,0.308337217444157,88,60.54,-151.28,1,0.00244707435522655,0.781420885263594,0.214347682587581,0.00178435779359915,0,"GOA"
"Kenai","Sockeye",2004,3229758,1690547,0,0,0.00223979629433537,0,0,0,0.0970732172503327,0.547074734391865,0.00254353422144941,0,0.00454337445715747,0.0741284641140296,0.263859397515232,0.00246674828268867,0,0,0.00132703440938919,0.00474369906352117,0,0,0,0,0,0.647355066622466,88,60.54,-151.28,1,0.00223979629433537,0.646691485863647,0.344997984369108,0.00607073347291035,0,"GOA"
"Kenai","Sockeye",2005,4730091,1654003,0,0,0.000720070713227293,0,0,0,0.0315319514994532,0.335564791459615,0.00492337251016947,0,0.000720070713227293,0.0353384321781547,0.591201310926153,0,0,0,0,0,0,0,0,0,0,1.05074645365955,88,60.54,-151.28,1,0.000720070713227293,0.372020115469237,0.627259813817535,0,0,"GOA"
"Kenai","Sockeye",2006,4928584,1892090,0,0,0.000869620970242163,0,0,0.00143164852217189,0.16950406039544,0.484203982320277,0.0160157562496652,0,0.0203636582028428,0.0676443781824557,0.235727746549516,0.00423914860738906,0,0,0,0,0,0,0,0,0,0.957369281698546,88,60.54,-151.28,1,0.000869620970242163,0.671155447487554,0.327974931542204,0,0,"GOA"
"Kenai","Sockeye",2007,4331111,964261,0,0.000989584427644547,0,0,0,0.00189674196759215,0.112633686830007,0.492293778663258,0.0048239354752164,0,0.0161309650110561,0.169263498441855,0.201025325834411,0,0,0,0,0.000942483348960578,0,0,0,0,0,1.50221759610558,88,60.54,-151.28,1,0.000989584427644547,0.611648142936073,0.386419789287321,0.000942483348960578,0,"GOA"
"Kenai","Sockeye",2008,3377348,708833,0,0,0,0,0,0.00235895146132409,0.173678874667343,0.584385144794081,0,0,0.00335884842189789,0.076901166240494,0.15931701441486,0,0,0,0,0,0,0,0,0,0,1.56122610935152,88,60.54,-151.28,1,0,0.760422970922748,0.239577029077252,0,0,"GOA"
"Kenai","Sockeye",2009,3964469,848117,0,0,0,0,0,0.00572283450822796,0.109853803876383,0.546551127023569,0.00529579118918574,0,0.00354372805033915,0.0542625002238635,0.272949794789668,0.00182042033876416,0,0,0,0,0,0,0,0,0,1.54210860531194,88,60.54,-151.28,1,0,0.667423556597365,0.332576443402635,0,0,"GOA"
"Kenai","Sockeye",2010,3676200,1038323,0,0,0.0039336815189598,0,0,0.00186170502148958,0.0858261248027855,0.546523856155813,0.00462597247157391,0,0.00462134813122246,0.0566620423263152,0.288174745661281,0.00738507154126544,0,0,0,0.00038545236929438,0,0,0,0,0,1.26427297032163,88,60.54,-151.28,1,0.0039336815189598,0.638837658451662,0.356843207660084,0.00038545236929438,0,"GOA"
"Kenai","Sockeye",2011,4141584,1280733,0,8.69232641424151e-06,0,0,0,0.00191351907869067,0.129048933934456,0.503978670962608,0.0127296705801452,0,0.004210949240677,0.0328190856445263,0.312193595493898,0.00185653604997508,0,0,0.00104163044863994,0.000198716239970021,0,0,0,0,0,1.17364575308033,88,60.54,-151.28,1,8.69232641424151e-06,0.647670794555899,0.351080166429076,0.00124034668860996,0,"GOA"
"Kenai","Sockeye",2012,1604608,1212923,0,1.93193602425016e-05,0,0,0,6.9175773771538e-05,0.111403532825463,0.772612376356094,0.0153352095963625,0,0.0033241763720485,0.0546469916640077,0.0425892180520102,0,0,0,0,0,0,0,0,0,0,0.279846341021903,88,60.54,-151.28,1,1.93193602425016e-05,0.899420294551691,0.100560386088066,0,0,"GOA"
"Kenai","Sockeye",2013,1196598,980208,0,0,0.00184606693308864,0,0,0.000805617258260502,0.153193470154555,0.531448322661412,0.00441585227453163,0,0.00456711443609299,0.168460920041651,0.134228872185981,0.00103376405442764,0,0,0,0,0,0,0,0,0,0.199473015510413,88,60.54,-151.28,1,0.00184606693308864,0.689863262348759,0.308290670718153,0,0,"GOA"
"Kenai","Sockeye",2014,4021778,1218342,0,0.000429660712252143,0,0,0,0.000601475267903897,0.172067180237199,0.775582093293066,0.00745267391685966,0,0.00735893428230002,0.0226919536583073,0.013595230766094,0.000220797866018462,0,0,0,0,0,0,0,0,0,1.19423317535597,88,60.54,-151.28,1,0.000429660712252143,0.955703422715028,0.0438669165727198,0,0,"GOA"
"Kenai","Sockeye",2015,3002572,1325673,0,0.00031473017133311,0,0,0,0.000602150423037316,0.0825998510610237,0.685500963840334,0.00664863323843691,0,0.00242925065577112,0.0246558617078958,0.194084604798819,0.00316395410334873,0,0,0,0,0,0,0,0,0,0.817548666636796,88,60.54,-151.28,1,0.00031473017133311,0.775351598562832,0.224333671265835,0,0,"GOA"
"Kasilof","Sockeye",1968,145853,90958,0,0,0,0,0,0,0.592500668481279,0.29243827689523,0,0,0.000788465098421013,0.0965286967014734,0.0177438928235964,0,0,0,0,0,0,0,0,0,0,0.472201403666357,87,60.39,-151.3,1,0,0.884938945376509,0.115061054623491,0,0,"GOA"
"Kasilof","Sockeye",1969,110918,46964,0,0,0,0,0,0.00208261959285238,0.115698083268721,0.768630880470257,0,0,0.00183919652355794,0.0576011107304495,0.0494419300744694,0.00470617933969239,0,0,0,0,0,0,0,0,0,0.8594188544323,87,60.39,-151.3,1,0,0.886411583331831,0.113588416668169,0,0,"GOA"
"Kasilof","Sockeye",1970,168239,38797,0,0,0,0,0,0,0.228882720415599,0.0519736803000493,0,0,0.00177723357842117,0.412460844393987,0.304905521311943,0,0,0,0,0,0,0,0,0,0,1.46704266343481,87,60.39,-151.3,1,0,0.280856400715649,0.719143599284351,0,0,"GOA"
"Kasilof","Sockeye",1971,295083,91887,0,0,0,0,0,0,0.124747952271056,0.364094170114849,0,0,0.00090821904345557,0.343320353934317,0.166929304636323,0,0,0,0,0,0,0,0,0,0,1.16669711145,87,60.39,-151.3,1,0,0.488842122385905,0.511157877614095,0,0,"GOA"
"Kasilof","Sockeye",1972,372640,115486,0,0.000131494203520824,0,0,0,0.00132567625590382,0.311278982395878,0.277460820094461,0,0,0,0.306936990124517,0.102866036925719,0,0,0,0,0,0,0,0,0,0,1.1714608120834,87,60.39,-151.3,1,0.000131494203520824,0.590065478746243,0.409803027050236,0,0,"GOA"
"Kasilof","Sockeye",1973,341734,40880,0,0,0,0,0,0.00138411747148367,0.348226983560313,0.51665330344654,0,0,0.00711957253302276,0.113386435063529,0.0132295879251113,0,0,0,0,0,0,0,0,0,0,2.12339171076332,87,60.39,-151.3,1,0,0.866264404478337,0.133735595521663,0,0,"GOA"
"Kasilof","Sockeye",1974,342894,71335,0,0,0,0,0,0.0080287202459069,0.601640740287086,0.236125449847475,0.00393707676424784,0,0,0.101010808004806,0.0492572048504786,0,0,0,0,0,0,0,0,0,0,1.57004010362554,87,60.39,-151.3,1,0,0.849731987144715,0.150268012855285,0,0,"GOA"
"Kasilof","Sockeye",1975,321496,45687,0,0,0,0,0,0,0.562168736158459,0.346679274392216,0,0,0,0.0641718715007341,0.0269801179485903,0,0,0,0,0,0,0,0,0,0,1.95117130838299,87,60.39,-151.3,1,0,0.908848010550676,0.0911519894493244,0,0,"GOA"
"Kasilof","Sockeye",1976,691522,136595,0,0.00063627766000214,0,0,0,0.00260440014923603,0.35576453099106,0.532162389627517,0,0,0,0.0490526693293923,0.059779732242792,0,0,0,0,0,0,0,0,0,0,1.62187317616156,87,60.39,-151.3,1,0.00063627766000214,0.890531320767814,0.108832401572184,0,0,"GOA"
"Kasilof","Sockeye",1977,609726,156616,0,0,0,0,0,0.00670301086061608,0.24465907637201,0.587498318917022,0,0,0,0.0845068112562036,0.0766327825941489,0,0,0,0,0,0,0,0,0,0,1.35921108637124,87,60.39,-151.3,1,0,0.838860406149648,0.161139593850352,0,0,"GOA"
"Kasilof","Sockeye",1978,694637,112484,0,0,0,0,0,0,0.247643013545204,0.524486890275065,0,0,0.000669414384779388,0.150526102122403,0.0766745796725484,0,0,0,0,0,0,0,0,0,0,1.82057841765152,87,60.39,-151.3,1,0,0.772129903820269,0.227870096179731,0,0,"GOA"
"Kasilof","Sockeye",1979,782400,152503,0,0,0,0,0,0.00314928425357873,0.520394938650307,0.261308793456033,0.00374872188139059,0,0,0.14288726993865,0.0669798057259714,0.00153118609406953,0,0,0,0,0,0,0,0,0,1.63518185073549,87,60.39,-151.3,1,0,0.788601738241309,0.211398261758691,0,0,"GOA"
"Kasilof","Sockeye",1980,1081104,182284,0,0,0,0,0,0,0.243806331305776,0.448147449274075,0.00323650638606462,0,0.000532788704879457,0.238569092335242,0.0657078319939617,0,0,0,0,0,0,0,0,0,0,1.78017118482983,87,60.39,-151.3,1,0,0.695190286965916,0.304809713034084,0,0,"GOA"
"Kasilof","Sockeye",1981,1850929,252460,0,0,0,0,0,0,0.461110069592081,0.366511627404401,0,0,0.000940068473723195,0.118742534154471,0.0512250875101098,0.00134418986357661,0,0,0.000126423001638637,0,0,0,0,0,0,1.99219013386859,87,60.39,-151.3,1,0,0.827621696996481,0.17225188000188,0.000126423001638637,0,"GOA"
"Kasilof","Sockeye",1982,1281861,172470,0,0,0,0,0,0.00170455298975474,0.412954290675822,0.267357381182515,0.00133711845512111,0,0.000207510798752751,0.206683876020879,0.109755269877155,0,0,0,0,0,0,0,0,0,0,2.00584489896199,87,60.39,-151.3,1,0,0.683353343303213,0.316646656696787,0,0,"GOA"
"Kasilof","Sockeye",1983,1003029,205361,0,0.000744744169909345,0,0,0,0,0.344873378536413,0.351673780120016,0.000238278255165105,0,0.000480544430918747,0.238082847056267,0.0639064274313106,0,0,0,0,0,0,0,0,0,0,1.58600929777503,87,60.39,-151.3,1,0.000744744169909345,0.696785436911595,0.302469818918496,0,0,"GOA"
"Kasilof","Sockeye",1984,757116,226469,0,0,0,0,0,0.000927202700775046,0.337227056355961,0.212324135271213,0.00190723746427232,0,0.000501904595861136,0.328739585479636,0.11716434469751,0,0,0,0.00120853343477089,0,0,0,0,0,0,1.20691104954329,87,60.39,-151.3,1,0,0.552385631792222,0.446405834773007,0.00120853343477089,0,"GOA"
"Kasilof","Sockeye",1985,362905,501071,0,0,0,0,0,0.00039128697593034,0.167862112674116,0.360121794960114,0.00209972306802056,0,0.000347198302586076,0.333255259640953,0.135922624378281,0,0,0,0,0,0,0,0,0,0,-0.322603960048241,87,60.39,-151.3,1,0,0.53047491767818,0.46952508232182,0,0,"GOA"
"Kasilof","Sockeye",1986,668119,270559,0,0,0.000872599042984857,0,0,0,0.149132115685978,0.345423494916325,0,0,0,0.281639947374644,0.222931842980068,0,0,0,0,0,0,0,0,0,0,0.903976112277921,87,60.39,-151.3,1,0.000872599042984857,0.494555610602303,0.504571790354712,0,0,"GOA"
"Kasilof","Sockeye",1987,882203,243244,0,0,0.00087054793511244,0,0,0.000726590138550878,0.14963789513298,0.371234285079511,0,0,0.000182497679105603,0.28028242932749,0.19706575470725,0,0,0,0,0,0,0,0,0,0,1.2883582669994,87,60.39,-151.3,1,0.00087054793511244,0.521598770351042,0.477530681713846,0,0,"GOA"
"Kasilof","Sockeye",1988,662506,194322,0,0.000319997101913039,0,0,0,0,0.240198579333621,0.297499192460144,0,0,0.00110640507406725,0.260921410523074,0.19995441550718,0,0,0,0,0,0,0,0,0,0,1.22651303748083,87,60.39,-151.3,1,0.000319997101913039,0.537697771793765,0.461982231104322,0,0,"GOA"
"Kasilof","Sockeye",1989,508619,154070,0,0,0,0,0,0,0.125172280233338,0.369103395665518,0,0,0.00115607163711934,0.284704267831127,0.219863984632898,0,0,0,0,0,0,0,0,0,0,1.19429019903823,87,60.39,-151.3,1,0,0.494275675898856,0.505724324101144,0,0,"GOA"
"Kasilof","Sockeye",1990,498497,137317,0,0,0,0,0,0.00113340702150665,0.294856338152486,0.219104628513311,0,0,0,0.348311022934942,0.136594603377754,0,0,0,0,0,0,0,0,0,0,1.28930344372788,87,60.39,-151.3,1,0,0.515094373687304,0.484905626312696,0,0,"GOA"
"Kasilof","Sockeye",1991,942751,223492,0,0,0,0,0,0,0.234207123620129,0.439292029390581,0,0,0,0.217730874854548,0.108769972134742,0,0,0,0,0,0,0,0,0,0,1.43942657763495,87,60.39,-151.3,1,0,0.67349915301071,0.32650084698929,0,0,"GOA"
"Kasilof","Sockeye",1992,813666,181394,0,0,0,0,0,0.000473167122627712,0.228110797305037,0.555907460800869,0.00183367622587155,0,0,0.150059115165191,0.0636157833804042,0,0,0,0,0,0,0,0,0,0,1.5008797303339,87,60.39,-151.3,1,0,0.786325101454405,0.213674898545595,0,0,"GOA"
"Kasilof","Sockeye",1993,519995,142111,0,0,0,0,0,0,0.279298839411917,0.298322099250954,0.00345195626881028,0,0,0.241333089741248,0.176747853344744,0,0,0,0.000846161982326753,0,0,0,0,0,0,1.29721075376314,87,60.39,-151.3,1,0,0.581072894931682,0.418080943085991,0.000846161982326753,0,"GOA"
"Kasilof","Sockeye",1994,763336,204604,0,0,0,0,0,0,0.255102602261651,0.388632266786841,0,0,0.00246025341396187,0.257214385277257,0.096590492260289,0,0,0,0,0,0,0,0,0,0,1.31662058761535,87,60.39,-151.3,1,0,0.643734869048492,0.356265130951508,0,0,"GOA"
"Kasilof","Sockeye",1995,528758,188698,0,0.00128792377609417,0,0,0,0.000731903819894924,0.447384247614221,0.359536876983422,0.00215032207550524,0,0.000703535454782717,0.105776177381713,0.0795827202614428,0.000924808702657927,0,0,0.00192148393026678,0,0,0,0,0,0,1.03038489800802,87,60.39,-151.3,1,0.00128792377609417,0.809803350493042,0.186987241800597,0.00192148393026678,0,"GOA"
"Kasilof","Sockeye",1996,748858,252213,0,0,0,0,0,0,0.277060537511785,0.502422355106041,0.00260530033731362,0,0.00159843388199098,0.145569654059915,0.0707437191029541,0,0,0,0,0,0,0,0,0,0,1.08827541083458,87,60.39,-151.3,1,0,0.78208819295514,0.21791180704486,0,0,"GOA"
"Kasilof","Sockeye",1997,680347,254459,0,0,0,0,0,0.000589405112391177,0.318838769039916,0.409179433436173,0,0,0.00103476608260197,0.174352205565689,0.0960054207632282,0,0,0,0,0,0,0,0,0,0,0.983463239315949,87,60.39,-151.3,1,0,0.728607607588481,0.271392392411519,0,0,"GOA"
"Kasilof","Sockeye",1998,789866,248220,0,0,0,0,0,0.00174839782950526,0.260984774632659,0.333335021383374,0.00150785069872611,0,0.00623270276224068,0.313626615147379,0.0825646375461154,0,0,0,0,0,0,0,0,0,0,1.15754786111939,87,60.39,-151.3,1,0,0.597576044544264,0.402423955455736,0,0,"GOA"
"Kasilof","Sockeye",1999,1156326,301403,0,0,0,0,0,0.00133093954473047,0.241213118099913,0.193838069886866,0,0,0.00115711313245573,0.441677347045729,0.120319010382885,0,0,0,0.000464401907420572,0,0,0,0,0,0,1.3445547767033,87,60.39,-151.3,1,0,0.436382127531509,0.56315347056107,0.000464401907420572,0,"GOA"
"Kasilof","Sockeye",2000,1387340,253514,0,0,0,0,0,0.00213502097539176,0.441998356567244,0.33707598714086,0,0,0.000914700073521992,0.137818415096516,0.0800575201464673,0,0,0,0,0,0,0,0,0,0,1.6997244753252,87,60.39,-151.3,1,0,0.781209364683495,0.218790635316505,0,0,"GOA"
"Kasilof","Sockeye",2001,1644462,308510,0,0.000586209958028826,0,0,0,0.000780802475216819,0.255034169229815,0.353687102529581,0,0,0.00116390649343068,0.317542758665144,0.0712050506487836,0,0,0,0,0,0,0,0,0,0,1.67341430030373,87,60.39,-151.3,1,0.000586209958028826,0.609502074234613,0.389911715807358,0,0,"GOA"
"Kasilof","Sockeye",2002,1273594,225184,0,0,0,0,0,0.0037201808425605,0.527733327889422,0.235765872012588,0,0,0.00613303768704941,0.179502258961647,0.0471453226067334,0,0,0,0,0,0,0,0,0,0,1.73267947305972,87,60.39,-151.3,1,0,0.76721938074457,0.23278061925543,0,0,"GOA"
"Kasilof","Sockeye",2003,1598617,341327,0,0,0,0,0,0.00643556273954299,0.332098933015225,0.387954087814655,0.00125170694418988,0,0.00118727625191024,0.181423067564026,0.0896493656704514,0,0,0,0,0,0,0,0,0,0,1.54405319736869,87,60.39,-151.3,1,0,0.727740290513613,0.272259709486387,0,0,"GOA"
"Kasilof","Sockeye",2004,1511138,523653,0,0,0,0,0,0.00502469000183967,0.42315724970188,0.333886779367602,0,0,0.00192768628675872,0.198875284719198,0.0371283099227205,0,0,0,0,0,0,0,0,0,0,1.05978903712704,87,60.39,-151.3,1,0,0.762068719071322,0.237931280928678,0,0,"GOA"
"Kasilof","Sockeye",2005,857699,360065,0,0,0,0,0,0.00679259273941091,0.150500350356011,0.287014442129465,0,0,0.0282593310706903,0.287014442129465,0.240418841574958,0,0,0,0,0,0,0,0,0,0,0.867968651379352,87,60.39,-151.3,1,0,0.444307385224887,0.555692614775113,0,0,"GOA"
"Kasilof","Sockeye",2006,729084,389645,0,0,0,0,0,0.0111317763110972,0.299061562179392,0.336811670534534,0,0,0.0158884298654202,0.280639816536915,0.0564667445726418,0,0,0,0,0,0,0,0,0,0,0.626552883529567,87,60.39,-151.3,1,0,0.647005009025023,0.352994990974977,0,0,"GOA"
"Kasilof","Sockeye",2007,504211,365184,0,0.00328235599778664,0,0,0,0.0164097966922578,0.215963158280958,0.13176229792686,0,0,0.0425912961042103,0.469085363072206,0.120905731925722,0,0,0,0,0,0,0,0,0,0,0.322593495104247,87,60.39,-151.3,1,0.00328235599778664,0.364135252900076,0.632582391102138,0,0,"GOA"
"Kasilof","Sockeye",2008,822795,327018,0,0,0,0,0,0.0140691180670762,0.26003196421952,0.295057699670027,0,0,0.0339173184085951,0.350671795526225,0.0462521041085568,0,0,0,0,0,0,0,0,0,0,0.922691865695604,87,60.39,-151.3,1,0,0.569158781956624,0.430841218043377,0,0,"GOA"
"Kasilof","Sockeye",2009,1072071,326283,0,0,0,0,0,0.0396914010359389,0.292169082085048,0.353494311477505,0,0,0.00982397621053083,0.215652694644291,0.0891685345466858,0,0,0,0,0,0,0,0,0,0,1.18958153505942,87,60.39,-151.3,1,0,0.685354794598492,0.314645205401508,0,0,"GOA"
"Kasilof","Sockeye",2010,1340285,295265,0,0.00128703969678091,0,0,0,0.0131412348866099,0.312776760166681,0.358670730478965,0.000623747934208023,0,0.0157354592493388,0.264092338569782,0.0336726890176343,0,0,0,0,0,0,0,0,0,0,1.51276429870752,87,60.39,-151.3,1,0.00128703969678091,0.685212473466464,0.313500486836755,0,0,"GOA"
"Kasilof","Sockeye",2011,685430,245721,0,0.00497643814831566,0,0,0,0.0183869979428972,0.286929372802474,0.206234042863604,0.00108399107129831,0,0.0309207358884204,0.296756780415214,0.154711640867776,0,0,0,0,0,0,0,0,0,0,1.02584963258366,87,60.39,-151.3,1,0.00497643814831566,0.512634404680274,0.482389157171411,0,0,"GOA"
"Kasilof","Sockeye",2012,571458,374523,0,0.0081213317514148,0,0,0,0.0257814222567538,0.274585358854019,0.303836852402101,0,0,0.0125451039271478,0.364343486310455,0.0107864444981083,0,0,0,0,0,0,0,0,0,0,0.422537773428904,87,60.39,-151.3,1,0.0081213317514148,0.604203633512874,0.387675034735711,0,0,"GOA"
"Kasilof","Sockeye",2013,649391,489654,0,0,0,0,0,0.00862500404224881,0.454033086384012,0.11971216108631,0,0,0.030944377116406,0.381240269729639,0.005445101641384,0,0,0,0,0,0,0,0,0,0,0.282335981392175,87,60.39,-151.3,1,0,0.582370251512571,0.417629748487429,0,0,"GOA"
"Kasilof","Sockeye",2014,711043,440192,0,0,0,0,0,0.0173899468808497,0.498843248579903,0.346787747013894,0,0,0.00953247553242209,0.119604580876262,0.00784200111666946,0,0,0,0,0,0,0,0,0,0,0.479521910804481,87,60.39,-151.3,1,0,0.863020942474646,0.136979057525354,0,0,"GOA"
"Kasilof","Sockeye",2015,669412,470677,0,0.000118014018272753,0,0,0,0.00550931265050522,0.479205631210674,0.339971497373815,0,0,0.00783075295931355,0.133198986573291,0.0341658052141282,0,0,0,0,0,0,0,0,0,0,0.352227631299595,87,60.39,-151.3,1,0.000118014018272753,0.824686441234994,0.175195544746733,0,0,"GOA"
"Upper Station Early","Sockeye",1969,30534,22509,0,0.010381869391498,0.0460470295408397,0.00861334905351412,0,0,0.101329665291151,0.326816008384096,0.00203052335101854,0,0.00920285583284208,0.378397851575293,0.115150324228729,0,0,0,0.00203052335101854,0,0,0,0,0,0,0.304925587603049,93,57.06,-154.36,1,0.0650422479858518,0.430176197026266,0.502751031636864,0.00203052335101854,0,"GOA"
"Upper Station Early","Sockeye",1970,11458,16168,0,0.0327282248210857,0.0687729097573748,0,0,0.0164077500436376,0.252138244021644,0.161459242450689,0,0,0.0229533950078548,0.285302845173678,0.128207366032466,0,0,0,0.0320300226915692,0,0,0,0,0,0,-0.344345804114934,93,57.06,-154.36,1,0.10150113457846,0.430005236515971,0.436463606213999,0.0320300226915692,0,"GOA"
"Upper Station Early","Sockeye",1971,25904,32529,0,0,0.00714175416924027,0,0,0,0.0476374305126621,0.226837554045707,0,0,0.0142835083384805,0.616738727609636,0.0873610253242742,0,0,0,0,0,0,0,0,0,0,-0.227734602222875,93,57.06,-154.36,1,0.00714175416924027,0.274474984558369,0.71838326127239,0,0,"GOA"
"Upper Station Early","Sockeye",1972,39070,39613,0,0.00473509086255439,0.028205784489378,0,0,0.00158689531609931,0.145712823137958,0.0891220885589967,0,0,0.00470949577681085,0.485717942155106,0.220194522651651,0,0,0,0.0146915792167904,0.00532377783465575,0,0,0,0,0,-0.0138024381487209,93,57.06,-154.36,1,0.0329408753519324,0.236421807013053,0.710621960583568,0.0200153570514461,0,"GOA"
"Upper Station Early","Sockeye",1973,53756,26892,0,0,0.0032368479797604,0,0,0,0.0097105439392812,0.0693503980950964,0.00386933551603542,0,0.0129473919190416,0.762817173896867,0.135594166232607,0.00247414242131111,0,0,0,0,0,0,0,0,0,0.692626444078028,93,57.06,-154.36,1,0.0032368479797604,0.082930277550413,0.913832874469827,0,0,"GOA"
"Upper Station Early","Sockeye",1974,93734,35319,0,0,0,0,0,0.00556895043420744,0.281456035163335,0.177737000448076,0,0,0,0.408784432543154,0.125034672584121,0,0,0,0.00141890882710649,0,0,0,0,0,0,0.976039920854471,93,57.06,-154.36,1,0,0.464761986045618,0.533819105127275,0.00141890882710649,0,"GOA"
"Upper Station Early","Sockeye",1975,32065,10325,0,0,0,0,0,0,0.0454701387806019,0.199376266957742,0,0,0.0064868236394823,0.461032278184937,0.272508966162482,0,0,0,0.0151255262747544,0,0,0,0,0,0,1.13319695375373,93,57.06,-154.36,1,0,0.244846405738344,0.740028067986902,0.0151255262747544,0,"GOA"
"Upper Station Early","Sockeye",1976,94522,28567,0,0,0.00140707983326633,0,0,0,0.102854361947483,0.110429318042361,0,0,0,0.498190897357229,0.287118342819661,0,0,0,0,0,0,0,0,0,0,1.19658040615882,93,57.06,-154.36,1,0.00140707983326633,0.213283679989844,0.78530924017689,0,0,"GOA"
"Upper Station Early","Sockeye",1977,211375,26380,0,0,0,0,0,0,0.151583678296866,0.23110585452395,0,0,0.00114961561206387,0.445090479006505,0.168070963926671,0,0,0,0.00299940863394441,0,0,0,0,0,0,2.08102765992958,93,57.06,-154.36,1,0,0.382689532820816,0.614311058545239,0.00299940863394441,0,"GOA"
"Upper Station Early","Sockeye",1978,154029,66157,0,0.00157762499269618,0.0117445416122938,0,0,0.00157762499269618,0.187938634932383,0.210051353965812,0,0,0,0.459231703120841,0.127638301878218,0,0,0,0,0.000240214505060735,0,0,0,0,0,0.845110191305288,93,57.06,-154.36,1,0.01332216660499,0.399567613890891,0.586870004999059,0.000240214505060735,0,"GOA"
"Upper Station Early","Sockeye",1979,102074,53115,0,0,0,0,0,0,0.0404020612496816,0.1719732742912,0.000450653447498873,0,0,0.639731959166879,0.145678625311049,0,0,0,0.000372278934890374,0.00139114759880087,0,0,0,0,0,0.653238666207575,93,57.06,-154.36,1,0,0.212825988988381,0.785410584477928,0.00176342653369124,0,"GOA"
"Upper Station Early","Sockeye",1980,33082,37866,0,0.00958225016625355,0.0707635572214497,0,0,0,0.360830663200532,0.120911674022127,0,0,0,0.216583036092135,0.219424460431655,0,0,0.0011486609032102,0,0.000755697962638293,0,0,0,0,0,-0.135064284010128,93,57.06,-154.36,1,0.0803458073877033,0.481742337222659,0.436007496523789,0.0019043588658485,0,"GOA"
"Upper Station Early","Sockeye",1981,119018,77042,0,0,0.00455393301853501,0,0,0,0.0237947201263674,0.0367171352232435,0.000361289888924364,0,0.012586331479272,0.721504310272396,0.200482279991262,0,0,0,0,0,0,0,0,0,0,0.434924014484134,93,57.06,-154.36,1,0.00455393301853501,0.0608731452385353,0.93457292174293,0,0,"GOA"
"Upper Station Early","Sockeye",1982,249397,170610,0,0.00991190752094051,0.00403372935520475,0,0,0.000938263090574466,0.454853105690927,0.303467964730931,0.00144348167780687,0,0.00313155330657546,0.149239966799921,0.0726993508342121,0,0,0,0.000280676992906891,0,0,0,0,0,0,0.379665754317484,93,57.06,-154.36,1,0.0139456368761453,0.760702815190239,0.225070870940709,0.000280676992906891,0,"GOA"
"Upper Station Early","Sockeye",1983,150273,115890,0,0.00189654828212653,0.0078590298989173,0,0,0.00811855755857672,0.0365401635689711,0.0758353130635577,0,0,0.00801873922793848,0.582639595935398,0.277648013947948,0,0,0,0.00144403851656652,0,0,0,0,0,0,0.25981217455674,93,57.06,-154.36,1,0.00975557818104383,0.120494034191106,0.868306349111284,0.00144403851656652,0,"GOA"
"Upper Station Early","Sockeye",1984,68683,96798,0,0.00158700115021184,0.0501288528456823,0,0,0,0.0308373251022815,0.0260908812952259,0,0,0.000960936476275061,0.682541531383312,0.205334653407685,0,0,0,0.00164523972453154,0.00087357861479551,0,0,0,0,0,-0.343124616998095,93,57.06,-154.36,1,0.0517158539958942,0.0569282063975074,0.888837121267271,0.00251881833932705,0,"GOA"
"Upper Station Early","Sockeye",1985,166380,27408,0,0.00887125856473134,0.0172196177425171,0,0,2.40413511239332e-05,0.0139079216251953,0.0403534078615218,0,0,0.135028248587571,0.522592859718716,0.257813439115278,0,0,0,0.00380454381536242,0.000384661617982931,0,0,0,0,0,1.80343938727398,93,57.06,-154.36,1,0.0260908763072485,0.0542853708378411,0.915434547421565,0.00418920543334535,0,"GOA"
"Upper Station Early","Sockeye",1986,186762,100812,0,0.000187404289951917,0.00240412931966888,0,0,0.030413039055054,0.275007763892012,0.193015709833906,9.6379349118129e-05,0,0.00501172615414271,0.445374326683158,0.0441631595292404,0,0,0.00032126449706043,0.00182049881667577,0.00218459858001092,0,0,0,0,0,0.616577682805934,93,57.06,-154.36,1,0.0025915336096208,0.498532892130091,0.494549212366541,0.00432636189374712,0,"GOA"
"Upper Station Early","Sockeye",1987,66326,74747,0,0.0321744112414438,0.0154087386545246,0,0,0.000693544009890541,0.0305611675662636,0.0109459337213159,0,0,0.0580315411754063,0.458598438018273,0.380574736905588,0,0,0.000407080179718361,0.0117450170370594,0.00085939149051654,0,0,0,0,0,-0.119527100504994,93,57.06,-154.36,1,0.0475831498959684,0.0422006452974701,0.897204716099267,0.0130114887072943,0,"GOA"
"Upper Station Early","Sockeye",1988,47039,56724,0,0.000361402240693892,0.00150938582878037,0,0,0,0.00174323433746466,0.0341631412232403,0.00437934479899658,0,0.0181126299453645,0.757669168137078,0.154807712748996,0,0,0.00446438062033632,0.0227896001190501,0,0,0,0,0,0,-0.187220356738095,93,57.06,-154.36,1,0.00187078806947427,0.0402857203597015,0.930589510831438,0.0272539807393865,0,"GOA"
"Upper Station Early","Sockeye",1989,129217,64582,0,0.00348251391070834,0.045063730004566,0,0,0.00312652359983593,0.0677232871835749,0.0428658767809189,0,0,0.0488558007073373,0.524776151744739,0.264106116068319,0,0,0,0,0,0,0,0,0,0,0.693557427449177,93,57.06,-154.36,1,0.0485462439152743,0.11371568756433,0.837738068520396,0,0,"GOA"
"Upper Station Early","Sockeye",1990,120384,56159,0,0.0124352073365231,0,0,0,0.00480130249867092,0.0521248670919724,0.159032761828814,0,0,0.0283592503987241,0.683388157894737,0.056809875066454,0,0,0,0.00299873737373737,4.98405103668262e-05,0,0,0,0,0,0.762499680387349,93,57.06,-154.36,1,0.0124352073365231,0.215958931419458,0.768557283359915,0.0030485778841042,0,"GOA"
"Upper Station Early","Sockeye",1991,294021,50026,0,0.00138425486614902,0.0696106740674986,0,0,0.0110808411644066,0.157781246917737,0.195489437829271,0,0,0.0231786164933797,0.448712847041538,0.0927620816200203,0,0,0,0,0,0,0,0,0,0,1.77110832308421,93,57.06,-154.36,1,0.0709949289336476,0.364351525911415,0.564653545154938,0,0,"GOA"
"Upper Station Early","Sockeye",1992,52835,19076,0.000984196082142519,0.0442509700009463,0.111252010977572,0,0,0.00422068704457273,0.112785085643986,0.0650137219646068,0,0,0.0678148954291663,0.456118103529857,0.137560329327151,0,0,0,0,0,0,0,0,0,0,1.01874284945702,93,57.06,-154.36,1,0.156487177060661,0.182019494653166,0.661493328286174,0,0,"GOA"
"Upper Station Early","Sockeye",1993,61866,34852,0.00353990883522452,0.0108136941130831,0.0391652927294475,0,0,0.00977920020689878,0.0838748262373517,0.190928781560146,0,0,0.0443054343258009,0.51318979730385,0.083535382924385,0.00100216597161607,0,0,0.019865515792196,0,0,0,0,0,0,0.573860231394821,93,57.06,-154.36,1,0.0535188956777551,0.284582808004397,0.642032780525652,0.019865515792196,0,"GOA"
"Upper Station Early","Sockeye",1994,119248,37645,0,0.00192036763719308,0.0409818194015833,0,0,0.00833556956930095,0.44954213068563,0.0601771098886354,0,0,0.0110693680397156,0.27760633302026,0.145587347376895,0,0,0,0.00477995438078626,0,0,0,0,0,0,1.15300521483725,93,57.06,-154.36,1,0.0429021870387763,0.518054810143566,0.434263048436871,0.00477995438078626,0,"GOA"
"Upper Station Early","Sockeye",1995,155291,41492,0,0.00119131179527468,0.0377162874860745,0.00231822835837235,0,0.0158863037780683,0.216953976727563,0.286011423714188,0.00316824542310887,0,0.00963996625689834,0.287254251695204,0.134830737132223,0,0,0,0.00443683149699596,0.000592436136028488,0,0,0,0,0,1.31980013855547,93,57.06,-154.36,1,0.0412258276397216,0.522019949642928,0.431724955084326,0.00502926763302445,0,"GOA"
"Upper Station Early","Sockeye",1996,184138,58686,0,0.000429026056544548,0.0147878221768456,0,0,0.000961235595042848,0.16556604285916,0.440778112068123,0.000135767739412832,0,0.0107147899944607,0.282326298754195,0.0827531525269092,0,0,2.17228383060531e-05,0.00152602939100023,0,0,0,0,0,0,1.14348427896312,93,57.06,-154.36,1,0.0152168482333902,0.607441158261739,0.375794241275565,0.00154775222930628,0,"GOA"
"Upper Station Early","Sockeye",1997,26069,47655,0,0.0161878092753846,0,0,0,0.00172618819287276,0.0372856649660516,0.0214047335916222,0,0,0.0935210403160842,0.443668725305919,0.277455982201082,0,0,0.00130423107905942,0.0304959914074188,0.0769496336645057,0,0,0,0,0,-0.603240687446082,93,57.06,-154.36,1,0.0161878092753846,0.0604165867505466,0.814645747823085,0.108749856150984,0,"GOA"
"Upper Station Early","Sockeye",1998,69281,30713,0,0,0,0,0,8.66038307761147e-05,0.00209292591042277,0.00603340021073599,0,0,0.0904143993302637,0.663241004027078,0.238016194916355,0,0,0,0.000115471774368153,0,0,0,0,0,0,0.813484680599087,93,57.06,-154.36,1,0,0.00821292995193487,0.991671598273697,0.000115471774368153,0,"GOA"
"Upper Station Early","Sockeye",1999,192198,36521,0,0,0.00170657342948418,0,0,0.0135173102737802,0.145131583054975,0.179486779258889,0.00187306839821434,0,0.0316340440587311,0.423427923287443,0.199819977315061,0,0,0,0.00325705782578383,0.000145683097638893,0,0,0,0,0,1.66063865304661,93,57.06,-154.36,1,0.00170657342948418,0.340008740985858,0.654881944661235,0.00340274092342272,0,"GOA"
"Upper Station Early","Sockeye",2000,254768,55761,0,0.00306160899328016,0.0288026753752434,0.000270834641713245,0,0.0428311247880425,0.480570558311876,0.232819663380016,0.000474941907931922,0,0.0102956415248383,0.160389059850531,0.0386351504113546,0.000109903912579288,0,0.000270834641713245,0.000545594423161465,0.000922407837719023,0,0,0,0,0,1.51927862681974,93,57.06,-154.36,1,0.0321351190102368,0.756696288387867,0.209429755699303,0.00173883690259373,0,"GOA"
"Upper Station Early","Sockeye",2001,51296,66795,0,0.0220485028072364,0.0751715533374922,0,0,0.0218925452276981,0.126169681846538,0.0845095134123518,0.000467872738615097,0,0.0997348721147848,0.301680442919526,0.268325015595758,0,0,0,0,0,0,0,0,0,0,-0.264015451014633,93,57.06,-154.36,1,0.0972200561447286,0.233039613225203,0.669740330630069,0,0,"GOA"
"Upper Station Early","Sockeye",2002,19288,36802,0.00425134798838656,0.0275819162173372,0.0297594359187059,0.00186644545831605,0,0.0198050601410203,0.0671401907922024,0.25352550808793,0,0,0.00217751970136873,0.14594566569888,0.446080464537536,0.00186644545831605,0,0,0,0,0,0,0,0,0,-0.646069050645313,93,57.06,-154.36,1,0.0634591455827457,0.340470759021153,0.596070095396101,0,0,"GOA"
"Upper Station Early","Sockeye",2003,71847,76175,0,0.00104388492212618,0.00122482497529472,0,0,0.00698706974543126,0.151753030745891,0.129914958175011,0.00147535735660501,0,0.0451654209639929,0.476707447770958,0.184531017300653,0,0,0,0.00119698804403803,0,0,0,0,0,0,-0.0584944668718916,93,57.06,-154.36,1,0.00226870989742091,0.290130416022938,0.706403886035603,0.00119698804403803,0,"GOA"
"Upper Station Early","Sockeye",2004,110569,78487,0,0.00172742812180629,0.0578643200173647,0,0,0.0140455281317548,0.333149436098726,0.232886252023623,0,0,0.029465763459921,0.292776456330436,0.0380848158163681,0,0,0,0,0,0,0,0,0,0,0.342706754490133,93,57.06,-154.36,1,0.059591748139171,0.580081216254104,0.360327035606725,0,0,"GOA"
"Upper Station Early","Sockeye",2005,66383,60349,0,0.0035099347724568,0,0,0,0.00423301146377838,0.0886371510778362,0.0588102375608213,0,0,0.0519108807977946,0.643327357907898,0.146618863263185,3.01281954717322e-05,0,0.000964102255095431,0.00195833270566259,0,0,0,0,0,0,0.0952966222082673,93,57.06,-154.36,1,0.0035099347724568,0.151680400102436,0.841887230164349,0.00292243496075803,0,"GOA"
"Upper Station Early","Sockeye",2006,49003,24997,0,0,0,0,0,0.00548945982899006,0.0370385486602861,0.092096402261086,0.000571393588147664,0,0.0483031651123401,0.498724567883599,0.304940513846091,8.16276554496663e-05,0,0.000102034569312083,0.0126522865946983,0,0,0,0,0,0,0.673125703058655,93,57.06,-154.36,1,0,0.13519580433851,0.85204987449748,0.0127543211640104,0,"GOA"
"Upper Station Early","Sockeye",2007,57356,31895,0,0.00123788269753818,0.0023711555896506,0,0,0.000453309156844968,0.062382313968896,0.0542576190808285,0.000278959481135365,0,0.0845421577515866,0.500784573540693,0.293692028732827,0,0,0,0,0,0,0,0,0,0,0.586828201158874,93,57.06,-154.36,1,0.00360903828718879,0.117372201687705,0.879018760025106,0,0,"GOA"
"Upper Station Early","Sockeye",2008,48372,38800,0,0,0.00107500206731167,0,0,0.020218308112131,0.213284544777971,0.222111965599934,0,0,0.042503927892169,0.448317208302324,0.0523856776647647,0,0,0.000103365583395353,0,0,0,0,0,0,0,0.220500887293801,93,57.06,-154.36,1,0.00107500206731167,0.455614818490036,0.543206813859257,0.000103365583395353,0,"GOA"
"Upper Station Early","Sockeye",2009,49495,34585,0,0.00218203858975654,0.047398727144156,0,0,0.00456611778967572,0.0560460652591171,0.0475603596322861,0,0,0.0562076977472472,0.625073239721184,0.160884937872512,0,0,8.08162440650571e-05,0,0,0,0,0,0,0,0.358451592319223,93,57.06,-154.36,1,0.0495807657339125,0.108172542681079,0.842165875340944,8.08162440650571e-05,0,"GOA"
"Upper Station Early","Sockeye",2010,62615,42060,0,0,0,0,0,0.00364130000798531,0.028491575501078,0.0375788549069712,0,0,0.107562085762198,0.725992174399106,0.094098858101094,0,0,0.00142138465223988,0.00121376666932844,0,0,0,0,0,0,0.397907695741442,93,57.06,-154.36,1,0,0.0697117304160345,0.927653118262397,0.00263515132156831,0,"GOA"
"Upper Station Early","Sockeye",2011,54500,28759,0,0.00146788990825688,0,0,0,0.00242201834862385,0.0252477064220183,0.0127706422018349,0,0,0.132862385321101,0.511009174311927,0.313743119266055,0,0,0.000477064220183486,0,0,0,0,0,0,0,0.639249939935464,93,57.06,-154.36,1,0.00146788990825688,0.0404403669724771,0.957614678899083,0.000477064220183486,0,"GOA"
"Upper Station Early","Sockeye",2012,71670,25487,0,0,0.00611134365843449,0,0,0.02267336402958,0.217203850983675,0.202874284916981,0,0,0.0628575415096972,0.450872052462676,0.0374075624389563,0,0,0,0,0,0,0,0,0,0,1.03390373175722,93,57.06,-154.36,1,0.00611134365843449,0.442751499930236,0.55113715641133,0,0,"GOA"
"Upper Station Early","Sockeye",2013,84241,27712,0,0.00378675466815446,0.0120606355575076,0,0,0.0848043114397977,0.373476098336914,0.0963663774171722,0,0,0.0339739556747902,0.338516874206147,0.0558397929749172,0,0,0,0.00117519972459966,0,0,0,0,0,0,1.11181620622044,93,57.06,-154.36,1,0.0158473902256621,0.554646787193884,0.428330622855854,0.00117519972459966,0,"GOA"
"Upper Station Early","Sockeye",2014,59004,36823,0,0.0016609043454681,0,0,0,0.0589960002711681,0.453003186224663,0.150905023388245,0.00061012812690665,0,0.0231848688224527,0.287099179716629,0.0224561046708698,0,0,0,0.00208460443359772,0,0,0,0,0,0,0.471482588274075,93,57.06,-154.36,1,0.0016609043454681,0.663514338010982,0.332740153209952,0.00208460443359772,0,"GOA"
"Upper Station Early","Sockeye",2015,42264,54473,0,0.00350179822070793,0,0,0,0.0778203672155972,0.445769449176604,0.170830967253454,0,0,0.0610921824720803,0.217915956842703,0.0230692788188529,0,0,0,0,0,0,0,0,0,0,-0.253769506205659,93,57.06,-154.36,1,0.00350179822070793,0.694420783645656,0.302077418133636,0,0,"GOA"
"Upper Station Late","Sockeye",1970,157665,36833,0,0.00428122918846922,0.0632289981923699,0,0,0.0798782228141947,0.519861732153617,0.0581042082897282,0,0,0.0281038911616402,0.194361462594742,0.0391399486252497,0,0,0.00400849903275933,0.00903180794722989,0,0,0,0,0,0,1.45407834646843,92,57.06,-154.36,1,0.0675102273808391,0.65784416325754,0.261605302381632,0.0130403069799892,0,"GOA"
"Upper Station Late","Sockeye",1971,105634,95150,0.00425999204801484,0.0524263021375693,0.00598292216521196,0,0,0.199225628112161,0.0956983546964046,0.157269439763712,0,0,0.0179392998466403,0.381941420376015,0.0767271901092451,0,0,0,0.00852945074502528,0,0,0,0,0,0,0.104525695405852,92,57.06,-154.36,1,0.0626692163507961,0.452193422572278,0.476607910331901,0.00852945074502528,0,"GOA"
"Upper Station Late","Sockeye",1972,156865,68351,0.0211838204825806,0.0664584196602174,0.111962515538839,0,0,0.0745163038281325,0.251152264686195,0.0516686322634112,0,0,0.0242055270455487,0.373180760526567,0.025671755968508,0,0,0,0,0,0,0,0,0,0,0.830729369193487,92,57.06,-154.36,1,0.199604755681637,0.377337200777739,0.423058043540624,0,0,"GOA"
"Upper Station Late","Sockeye",1973,112182,67826,0.0140842559412383,0.012693658519192,0.016054268955804,0,0,0.0211531261699738,0.0963345278208625,0.0538499937601398,0,0,0.0240858604767253,0.691091262412865,0.0706530459431994,0,0,0,0,0,0,0,0,0,0,0.503176950148863,92,57.06,-154.36,1,0.0428321834162343,0.171337647750976,0.78583016883279,0,0,"GOA"
"Upper Station Late","Sockeye",1974,463909,251234,0,0,0,0,0,0.0504754165148768,0.232230890109914,0.0488134526383407,0,0,0.00217068433679881,0.63457919548877,0.0165549709102432,0,0,0,0.0151753900010562,0,0,0,0,0,0,0.613303636548936,92,57.06,-154.36,1,0,0.331519759263131,0.653304850735812,0.0151753900010562,0,"GOA"
"Upper Station Late","Sockeye",1975,184060,74456,0.00489514288818863,0.0164131261545148,0,0,0,0,0.332185157014017,0.198190807345431,0,0,0.00615016842334022,0.41376181679887,0.0284037813756384,0,0,0,0,0,0,0,0,0,0,0.905053444527301,92,57.06,-154.36,1,0.0213082690427035,0.530375964359448,0.448315766597849,0,0,"GOA"
"Upper Station Late","Sockeye",1976,251559,48650,0,0.0405073958792967,0.145011706995178,0,0,0,0.152644111321797,0.0457188969585664,0,0,0.0101765391021589,0.561116875166462,0.0410877766249667,0,0,0,0.00373669795157398,0,0,0,0,0,0,1.6430257458406,92,57.06,-154.36,1,0.185519102874475,0.198363008280364,0.612381190893588,0.00373669795157398,0,"GOA"
"Upper Station Late","Sockeye",1977,446445,49001,0,0.00143354724546137,0.00702662142033173,0,0,0,0.117100650696054,0.149433860833921,0,0,0.00234295377930092,0.700863488223633,0.0217988778012969,0,0,0,0,0,0,0,0,0,0,2.20947550637244,92,57.06,-154.36,1,0.0084601686657931,0.266534511529976,0.725005319804231,0,0,"GOA"
"Upper Station Late","Sockeye",1978,614798,38126,0,0.134354698616456,0.146722988688968,0,0,0.00170137183269952,0.21855471227948,0.0896977543843669,0,0,0.00764153429256439,0.353517740786405,0.0435183588755982,0,0,0,0.00429084024346208,0,0,0,0,0,0,2.78039729447693,92,57.06,-154.36,1,0.281077687305424,0.309953838496547,0.404677633954567,0.00429084024346208,0,"GOA"
"Upper Station Late","Sockeye",1979,621765,134579,0,0.0513811488263251,0.101736186501331,0,0,0,0.114779699725781,0.165689609418349,0.00118372697080087,0,0,0.546749977885536,0.0174503228711812,0,0,0,0.000578996887891728,0.000450330912804677,0,0,0,0,0,1.53041082063688,92,57.06,-154.36,1,0.153117335327656,0.281653036114931,0.564200300756717,0.0010293278006964,0,"GOA"
"Upper Station Late","Sockeye",1980,314522,77718,0,0.397078741709642,0.17861389664316,0,0,0,0.114303609922358,0.0691779907287884,0,0,0.00677536070608733,0.176369220595062,0.052635427728426,0,0,0.00126859170423691,0.00306814785611181,0.000709012406127393,0,0,0,0,0,1.39796713522302,92,57.06,-154.36,1,0.575692638352802,0.183481600651147,0.235780009029575,0.00504575196647611,0,"GOA"
"Upper Station Late","Sockeye",1981,700035,118900,0,0.0018484790046212,0.0255030105637575,0.00143849950359625,0,0,0.224630197061575,0.21307220353268,0,0,0.0175419800438549,0.493555322233888,0.0211546565528866,0.00125565150313913,0,0,0,0,0,0,0,0,0,1.77284753009671,92,57.06,-154.36,1,0.028789989071975,0.437702400594256,0.533507610333769,0,0,"GOA"
"Upper Station Late","Sockeye",1982,1675201,306161,0,0.384441628198646,0.193767792641002,6.98423651848345e-05,0,0.00306172214558134,0.217473604659978,0.0554106641531374,0,0,0.00300202781636353,0.138468756883502,0.00308500293397628,0,0,0,0.00121895820262762,0,0,0,0,0,0,1.69957732968163,92,57.06,-154.36,1,0.578279263204833,0.275945990958697,0.144555787633842,0.00121895820262762,0,"GOA"
"Upper Station Late","Sockeye",1983,525000,179741,0.00927047619047619,0.347645714285714,0.25748,0,0,0,0.0442704761904762,0.10132380952381,0,0,0.00320380952380952,0.17676,0.0572114285714286,0,0,0,0,0.00283428571428571,0,0,0,0,0,1.07188133678502,92,57.06,-154.36,1,0.61439619047619,0.145594285714286,0.237175238095238,0.00283428571428571,0,"GOA"
"Upper Station Late","Sockeye",1984,597439,239608,0.00504151888309936,0.0631579123559058,0.150176001231925,0,0,0.000883772234487538,0.313757555164628,0.0360589114537216,0,0,0.00847617915803957,0.374988911001793,0.0396894076215312,0,0,0,0.0077698308948696,0,0,0,0,0,0,0.913647931878178,92,57.06,-154.36,1,0.21837543247093,0.350700238852837,0.423154497781363,0.0077698308948696,0,"GOA"
"Upper Station Late","Sockeye",1985,1196706,408409,0.00193280555123815,0.470255016687474,0.258856394135235,0,0,0.0016361579201575,0.0291834418812975,0.0340593261837076,0.000482992481027086,0,0.0103400501042027,0.150278347396938,0.0378447170817227,0,0,0,0.00513075057700053,0,0,0,0,0,0,1.07505893808871,92,57.06,-154.36,1,0.731044216373946,0.0653619184661897,0.198463114582863,0.00513075057700053,0,"GOA"
"Upper Station Late","Sockeye",1986,1056851,367922,0.00137105419780083,0.0685195926388867,0.0893030332563436,0.000641528465223575,0,0.0018479426144272,0.276117447019495,0.109796934477992,0,0,0.00530822225649595,0.427607108286788,0.0167677373631666,5.67724305507588e-06,0,0,0.0014940611306608,0.00121966104966547,0,0,0,0,0,1.05517805175724,92,57.06,-154.36,1,0.159835208558255,0.387762324111914,0.449688745149505,0.00271372218032627,0,"GOA"
"Upper Station Late","Sockeye",1987,360212,156274,0,0.188822138074245,0.315983365351515,0,0,0.00137419075433356,0.0358094677578759,0.0473415655225256,0.000624632161060709,0,0.000352570153132044,0.291481127780307,0.0762606465081674,0,0,0,0.0418420263622533,0.000108269574583856,0,0,0,0,0,0.835081870190788,92,57.06,-154.36,1,0.50480550342576,0.0851498561957958,0.368094344441607,0.0419502959368372,0,"GOA"
"Upper Station Late","Sockeye",1988,271837,247647,0,0.0339247416650419,0.10224141673135,0,0,0.000794593819090116,0.281723974293418,0.262399894054157,0.000489263786754563,0,0.00367867508838017,0.294669231929428,0.0148508113317907,0,0,0.00065112549064329,0.00457627180994493,0,0,0,0,0,0,0.0931982768687616,92,57.06,-154.36,1,0.136166158396392,0.545407725953421,0.313198718349599,0.00522739730058822,0,"GOA"
"Upper Station Late","Sockeye",1989,613023,221706,0.000654135326080751,0.27594070695553,0.13952168189448,0.000231638943400166,0,0.00183516768538864,0.136711020630547,0.0879705981667898,0,0,0.0209845307598573,0.300261164752383,0.0353869267547873,0,0,0.00050242813075529,0,0,0,0,0,0,0,1.01705027576834,92,57.06,-154.36,1,0.416348163119491,0.226516786482726,0.356632622267028,0.00050242813075529,0,"GOA"
"Upper Station Late","Sockeye",1990,473411,198287,0.00302485578070641,0.120385880344986,0.244833770233476,0.00093787427837545,0,0.0082465341954454,0.0586108054100982,0.0371579874569877,0,0,0.0163240820344267,0.501221982590181,0.00911470160177943,0,0,0,0,0.000141526073538638,0,0,0,0,0,0.870248456833578,92,57.06,-154.36,1,0.369182380637543,0.104015327062531,0.526660766226387,0.000141526073538638,0,"GOA"
"Upper Station Late","Sockeye",1991,1084640,242860,0.00621773122879481,0.0477670010326007,0.150541193391356,0.000147514382652309,0,0.00447890544328072,0.0678022200914589,0.0410338914294144,0,0,0.00597802035698481,0.657062251069479,0.0189426906623396,0,0,2.85809116388848e-05,0,0,0,0,0,0,0,1.49651826805698,92,57.06,-154.36,1,0.204673440035403,0.113315016964154,0.681982962088804,2.85809116388848e-05,0,"GOA"
"Upper Station Late","Sockeye",1992,447599,199067,0.0109763426638576,0.136322914036895,0.0351497657501469,0.000176497266526511,0,0.00247543001659968,0.131642385260021,0.0140795667550642,0,0,0.0281747725084283,0.624105505150816,0.0160612512539125,5.80877079707506e-05,0,0,0.000348526247824504,0.000428955381937851,0,0,0,0,0,0.810256290821217,92,57.06,-154.36,1,0.182625519717426,0.148197382031685,0.668399616621127,0.000777481629762354,0,"GOA"
"Upper Station Late","Sockeye",1993,497539,187229,0.0104233034998261,0.0924852122145199,0.230769849197751,0.000892392355172157,0,0.0114322696311244,0.0720385738605416,0.0216445343983085,0.000558750168328513,0,0.0909597036614215,0.401616757681307,0.0560418379262731,0,0,0.000383889504139374,0.0107529259012861,0,0,0,0,0,0,0.977341478910568,92,57.06,-154.36,1,0.334570757267269,0.105674128058303,0.548618299269002,0.0111368154054255,0,"GOA"
"Upper Station Late","Sockeye",1994,475125,221675,0.00298237305972113,0.0214806629834254,0.0487598000526177,9.26072086293081e-05,0,0.0133059721126019,0.190450933964746,0.0538868718758222,0,0,0.0367040252565114,0.617357537490134,0.0127734806629834,0,0,0.000168376742962378,0.00203735858984478,0,0,0,0,0,0,0.762365582043342,92,57.06,-154.36,1,0.0733154433043936,0.25764377795317,0.666835043409629,0.00220573533280716,0,"GOA"
"Upper Station Late","Sockeye",1995,493960,203659,0.000471698113207547,0.00611385537290469,0.00677990120657543,0,0,0.00676168110778201,0.363515264393878,0.0263523362215564,0.000514211677058871,0,0.0495829621831727,0.509869220179772,0.0288768321321565,4.04891084298324e-05,0,0,0.000621507814397927,0.00050004048910843,0,0,0,0,0,0.886007515662515,92,57.06,-154.36,1,0.0133654546926877,0.397143493400275,0.588369503603531,0.00112154830350636,0,"GOA"
"Upper Station Late","Sockeye",1996,162877,235727,0.00170066983060837,0.0121072956893852,0.00819636903921364,0,0,0.0401284404796257,0.218606678659356,0.0950287640366657,6.13960227656452e-06,0,0.0249083664360223,0.545540499886417,0.0298139086549973,0.00920940341484679,0,0.000742891875464307,0.0140105723951202,0,0,0,0,0,0,-0.369679041053623,92,57.06,-154.36,1,0.0220043345592073,0.353770022777924,0.609472178392284,0.0147534642705846,0,"GOA"
"Upper Station Late","Sockeye",1997,177256,230793,0,0.00195762061650946,0.00516766710294715,0,0,0,0.0160333077582705,0.0108994900031593,0.000733402536444465,0,0.0671401814325044,0.728923139414181,0.047964525883468,0,0,0.0111928510177371,0.0990319086518933,0.0109559055828858,0,0,0,0,0,-0.263926189551599,92,57.06,-154.36,1,0.00712528771945661,0.0276662002978743,0.844027846730153,0.121180665252516,0,"GOA"
"Upper Station Late","Sockeye",1998,279155,171214,0,0,0,0,0,0.000318819293940642,0.00899500277623543,0.0117533270047106,0,0,0.0500761225842274,0.787698590388852,0.0472497358098547,0,0,0.0907202092027727,0.00318819293940642,0,0,0,0,0,0,0.48885294704794,92,57.06,-154.36,1,0,0.0210671490748867,0.885024448782934,0.0939084021421791,0,"GOA"
"Upper Station Late","Sockeye",1999,480610,210016,0,0.000580512265662387,0.0013982230914879,0,0,0.00483344083560475,0.167110547013171,0.0418031251950646,0.00071991843698633,0,0.0331641039512286,0.653099186450552,0.0851126693160775,1.87262021181415e-05,0,3.9533093360521e-05,0.0111524937059154,0.000967520442770646,0,0,0,0,0,0.827872412118765,92,57.06,-154.36,1,0.00197873535715029,0.214467031480826,0.771394685919977,0.0121595472420466,0,"GOA"
"Upper Station Late","Sockeye",2000,432436,176783,0.00022199816851511,0.0796256555883414,0.0841604306764469,0.000226623130359175,0,0.0120179633518023,0.282696167756616,0.0702716702587204,7.16869085830042e-05,0,0.00935398532962103,0.419694475020581,0.0385652443367342,0.000381559352135345,0,0,0.00228010618912394,0.000432433932420058,0,0,0,0,0,0.894511346809351,92,57.06,-154.36,1,0.164234707563663,0.365057488275722,0.467995264039072,0.002712540121544,0,"GOA"
"Upper Station Late","Sockeye",2001,110972,74408,0,0.00470388926936525,0.0153281908950005,0,0,0.00193742565692247,0.0513282629852575,0.0637818548823127,0.000702880005767221,0,0.0748837544605847,0.695418664167538,0.0892116930396857,0,0,0,0.00270338463756623,0,0,0,0,0,0,0.399714454298965,92,57.06,-154.36,1,0.0200320801643658,0.11775042353026,0.859514111667808,0.00270338463756623,0,"GOA"
"Upper Station Late","Sockeye",2002,247651,150349,0.00165959354091039,0.00977585392346488,0.0289883747693327,0,0,0.0160104340382231,0.381759007635745,0.0872558560231939,0,0,0.0326467488522154,0.38551429229036,0.0554409229116781,0.000948916014875773,0,0,0,0,0,0,0,0,0,0.499061238717792,92,57.06,-154.36,1,0.0404238222337079,0.485025297697163,0.47455088006913,0,0,"GOA"
"Upper Station Late","Sockeye",2003,350543,200894,0.000122666834026068,0.00253321275849183,0.000961365652715929,0,0,0.00475547935631292,0.146364354729662,0.0460171790621978,0.0010184199941234,0,0.0212413313060024,0.731753308438622,0.0436693929132803,0,0,0,0.00156328895456478,0,0,0,0,0,0,0.556705975062738,92,57.06,-154.36,1,0.00361724524523382,0.198155433142296,0.796664032657905,0.00156328895456478,0,"GOA"
"Upper Station Late","Sockeye",2004,431685,177108,0.00154974113068557,0.0121940766994452,0.0575535401971345,0,0,0.00355583353602743,0.22970452992344,0.0689414735281513,0,0,0.0164332788954909,0.592925396990861,0.0129191424302443,0,0,0.000419287211740042,0.00337514622931072,0.000428553227469104,0,0,0,0,0,0.890936439618491,92,57.06,-154.36,1,0.0712973580272653,0.302201836987618,0.622277818316597,0.00422298666851987,0,"GOA"
"Upper Station Late","Sockeye",2005,239187,156401,0.000581135262367938,0.0118233850501909,0.0128226032351257,0,0,0.0101301492137951,0.0875172981809212,0.0261552676357829,0,0,0.0839594125098772,0.71683661737469,0.036348129287963,1.67233169026745e-05,0,0.000639666871527299,0.0131696120608562,0,0,0,0,0,0,0.42482245082083,92,57.06,-154.36,1,0.0252271235476844,0.123802715030499,0.837160882489433,0.0138092789323834,0,"GOA"
"Upper Station Late","Sockeye",2006,163677,153153,0,0.00568803191651851,0.001081398119467,0,0,0.00953707607055359,0.0630937761566989,0.0321792310465123,0.00045210994825174,0,0.0501414370986761,0.771745572071824,0.0243650604544316,0,0,0.00111194608894347,0.0373601666697215,0.003244194358401,0,0,0,0,0,0.0664575518640815,92,57.06,-154.36,1,0.00676943003598551,0.105262193222017,0.846252069624932,0.0417163071170659,0,"GOA"
"Upper Station Late","Sockeye",2007,186004,149709,0.00117201780606869,0.000317197479624094,0.00154297757037483,0,0,0.00423109180447732,0.065778155308488,0.0552998860239565,0.00148921528569278,0,0.0637513171759747,0.757360056772973,0.0475151072019957,0,0,0.000247306509537429,0.0012956710608374,0,0,0,0,0,0,0.217074768999394,92,57.06,-154.36,1,0.00303219285606761,0.126798348422615,0.868626481150943,0.00154297757037483,0,"GOA"
"Upper Station Late","Sockeye",2008,172492,184856,0,0,0.00202328223917631,0,0,0.0128527699835355,0.233865918419405,0.0591099877095749,0,0,0.0449933909978434,0.608996359251444,0.0326913711940264,0,0,0.00546692020499501,0,0,0,0,0,0,0,-0.0692262850218226,92,57.06,-154.36,1,0.00202328223917631,0.305828676112515,0.686681121443313,0.00546692020499501,0,"GOA"
"Upper Station Late","Sockeye",2009,233748,161736,0.00160856991289765,0.00956585724797645,0.0247959340828585,0,0,0.00653267621541147,0.0365607406266578,0.0168643154166025,0,0,0.0717567636942348,0.73270359532488,0.098542019610863,0,0,0,0.00106952786761812,0,0,0,0,0,0,0.368278235670434,92,57.06,-154.36,1,0.0359703612437326,0.0599577322586717,0.903002378629978,0.00106952786761812,0,"GOA"
"Upper Station Late","Sockeye",2010,137943,141139,0.000420463524789225,0.00108015629644128,0.000275476102448113,0,0,0.0149772007278369,0.0679991010779815,0.0304256105782823,0,0,0.0235242092748454,0.838128792327266,0.0102071145328143,0,0,0.000173984906809334,0.0127878906504861,0,0,0,0,0,0,-0.0229046640309271,92,57.06,-154.36,1,0.00177609592367862,0.113401912384101,0.871860116134925,0.0129618755572954,0,"GOA"
"Upper Station Late","Sockeye",2011,156831,101893,0,4.46340328123904e-05,0.0369187214262486,0,0,0.00339856278414344,0.166542329003832,0.0475671263972046,0,0,0.0474140954275622,0.647212604650866,0.0465979302561356,0,0,5.10103232141605e-05,0.00425298569798063,0,0,0,0,0,0,0.431245549386803,92,57.06,-154.36,1,0.036963355459061,0.21750801818518,0.741224630334564,0.00430399602119479,0,"GOA"
"Upper Station Late","Sockeye",2012,267679,149325,0,0.00634715461429548,0.0135871697069998,0,0,0.00719892109579011,0.212530680404514,0.16947164327422,0,0,0.0214734812966277,0.533157251782919,0.0348402377474512,0,0,0,0.001393460077182,0,0,0,0,0,0,0.583663362809221,92,57.06,-154.36,1,0.0199343243212953,0.389201244774525,0.589470970826998,0.001393460077182,0,"GOA"
"Upper Station Late","Sockeye",2013,294812,125573,0.00196396347502815,0.0263286433388057,0.0442756739888471,0,0,0.0111189503819383,0.221520833615999,0.0306127294682713,0,0,0.0479152816031912,0.604646350894808,0.0116175732331113,0,0,0,0,0,0,0,0,0,0,0.853450602277559,92,57.06,-154.36,1,0.072568280802681,0.263252513466209,0.66417920573111,0,0,"GOA"
"Upper Station Late","Sockeye",2014,302444,181411,0.00196069354988031,0.0348031371096798,0.0154607133882636,0,0,0.0090396899921969,0.486083374112232,0.0324985782491965,0,0,0.00756834323048234,0.374641255901919,0.0379442144661491,0,0,0,0,0,0,0,0,0,0,0.511130961053077,92,57.06,-154.36,1,0.0522245440478237,0.527621642353626,0.42015381359855,0,0,"GOA"
"Upper Station Late","Sockeye",2015,200131,132864,0.0187127431532346,0.149641984500152,0.055778465105356,0,0,0.0155248312355407,0.160674758033488,0.100893914486012,0,0,0.0332382289600312,0.44637762265716,0.0191574518690258,0,0,0,0,0,0,0,0,0,0,0.409646103465847,92,57.06,-154.36,1,0.224133192758743,0.27709350375504,0.498773303486217,0,0,"GOA"
"Karluk Early","Sockeye",1982,386408,122705,0,0,0.0021764559739964,0,0,0.00321939504358088,0.0120339123413594,0.0544968013084615,0,0,0.0141456698619076,0.510582079045983,0.242127492184427,0,0,0.0107891140970166,0.095958158216186,0.0536427817229457,0,0,0,0,0.00082814020413656,1.14711070537492,96,57.57,-154.45,1,0.0021764559739964,0.0697501086934018,0.766855241092317,0.160390054036148,0.00082814020413656,"GOA"
"Karluk Early","Sockeye",1983,414010,215620,0,0,0.00136228593512234,0,0,0.000345402284968962,0.0197072534479843,0.0344049660636217,0,0,0.0169850969783339,0.36218207289679,0.444020675829086,0.00081399000024154,0,0.00417381222675781,0.0819907731697302,0.0340136711673631,0,0,0,0,0,0.652372529011997,96,57.57,-154.45,1,0.00136228593512234,0.054457621796575,0.824001835704452,0.120178256563851,0,"GOA"
"Karluk Early","Sockeye",1984,261977,288422,0,0,0,0,0,0,0.0156120575470366,0.0222538619802502,0,0,0.0320371635677941,0.372311309771468,0.359794943830947,0.00346595311802181,0,0.00281704119063887,0.116762158510098,0.0749455104837448,0,0,0,0,0,-0.0961679717936434,96,57.57,-154.45,1,0,0.0378659195272867,0.767609370288231,0.194524710184482,0,"GOA"
"Karluk Early","Sockeye",1985,275847,316688,0,0,8.70047526346127e-05,0,0,0,0.0154360931965909,0.0143884109669491,0,0,0.0103028127911487,0.264121052612499,0.321188919944752,0.00708726214169449,0,0.010911846059591,0.210022222463902,0.14620786160444,0.000137757525004803,0,0,0.000108755940793266,0,-0.13807069789488,96,57.57,-154.45,1,8.70047526346127e-05,0.0298245041635399,0.602700047490094,0.367279687652938,0.000108755940793266,"GOA"
"Karluk Early","Sockeye",1986,431476,358756,0,5.56230242238271e-05,0.000781039965142905,0.00080189859922684,0,0,0.0142580352093743,0.0149324643780882,0.000217856844876656,0,0.00510109484652681,0.203234942383817,0.299856770712624,0.00111014285846721,0,0.00934235044359362,0.304114249691756,0.141892017168973,0.00054464211219164,0,0.0034949800220638,0.000261891739053852,0,0.184569397373512,96,57.57,-154.45,1,0.00163856158859357,0.0294083564323392,0.509302950801435,0.455893259416514,0.00375687176111765,"GOA"
"Karluk Early","Sockeye",1987,596477,354094,0,0.000715870016781871,0.00244099940148572,0,0,0,0.00160609713366986,0.0142553694442535,0.000697428400424492,0,0.00483505650678903,0.191967167216842,0.0738519674689887,0.000477805514713895,0,0.0333223242472048,0.566501306839996,0.100999703257628,0.00115679229878101,0,0.00387106292447152,0.00330104932797073,0,0.521478267929783,96,57.57,-154.45,1,0.00315686941826759,0.0165588949783479,0.271131996707333,0.701980126643609,0.00717211225244226,"GOA"
"Karluk Early","Sockeye",1988,436158,296510,0,0,0,0,0,0,0.0192200991383856,0.0222579890773527,0,0,0.0144374286382458,0.193329022968741,0.085051747302583,0.000733679079599595,0,0.0315711278940201,0.464806331650457,0.16131080938559,8.94171378262006e-05,0,0.000529624585585957,0.00666272314161382,0,0.385923618342573,96,57.57,-154.45,1,0,0.0414780882157383,0.293551877989169,0.657777686067893,0.00719234772719978,"GOA"
"Karluk Early","Sockeye",1989,487629,349753,0,0,0,0,0,0.00332424855781752,0.0174148789345999,0.0286672859899637,0,0,0.015634837140531,0.214433514003474,0.344013584097746,2.05073939408854e-06,0,0.0113139292371865,0.207731697663593,0.142954992422518,0,0,0.0109960646311027,0.00351291658207367,0,0.332327679753841,96,57.57,-154.45,1,0,0.0494064134823811,0.574083985981146,0.362000619323297,0.0145089812131764,"GOA"
"Karluk Early","Sockeye",1990,473859,196197,0,0,0,0,0,0.000381970164120551,0.0383004226995794,0.106886225649402,0.00137593672379336,0,0.0058667240677079,0.16704547133219,0.309693389805828,0.000567679415184686,0,0.0138986491762317,0.204835193591343,0.149544484751793,0,0,0.00160385262282662,0,0,0.881790552593675,96,57.57,-154.45,1,0,0.146944555236895,0.48317326462091,0.368278327519368,0.00160385262282662,"GOA"
"Karluk Early","Sockeye",1991,682826,243069,0,0,0.0015553010576633,0,0,0.00179255037154414,0.039045086156649,0.122183396648634,0,0,0.0175959907794958,0.478045651454397,0.187176528134547,0.000156701707316359,0,0.0103789252313181,0.119157735645684,0.0177395119693743,0,0.00118478206746668,0.00362610679733929,0.000361731978571408,0,1.03289471504413,96,57.57,-154.45,1,0.0015553010576633,0.163021033176827,0.682974872075756,0.147276172846377,0.00517262084337738,"GOA"
"Karluk Early","Sockeye",1992,241483,217152,0,0,1.65643130158231e-05,0,0,0.0110525378598079,0.0398661603508322,0.0544924487438039,0,0,0.0399282765246415,0.218359056331087,0.177614987390417,0.00318448917729198,0,0.0618470037228293,0.241735443074668,0.151575887329543,0.000327145182062505,0,0,0,0,0.106201508078391,96,57.57,-154.45,1,1.65643130158231e-05,0.105411146954444,0.439086809423438,0.455485479309102,0,"GOA"
"Karluk Early","Sockeye",1993,468044,261169,0,4.27310252882208e-06,0.000747792942543863,0,0,0.00327746963960653,0.00706984813393613,0.0164899026587244,0,0,0.0389963336780303,0.483666065583578,0.27381613694439,0.00374323781524814,0,0.00486065412653511,0.0748412542410543,0.090938031467127,0.000615326764150379,0,0.000933672902547624,0,0,0.583394601234974,96,57.57,-154.45,1,0.000752066045072686,0.0268372204322671,0.800221774021246,0.171255266598867,0.000933672902547624,"GOA"
"Karluk Early","Sockeye",1994,629060,260771,0,0,0,0,0,0.00161669793024513,0.014237115696436,0.0654611642768575,0.000678790576415604,0,0.0115505675134327,0.468603948748927,0.289532000127174,0.000933138333386322,0,0.0029520236543414,0.0860776396528153,0.053869265252917,0.0016564397672718,0,0.00283120846978031,0,0,0.880584014107595,96,57.57,-154.45,1,0,0.0819937684799542,0.77061965472292,0.144555368327346,0.00283120846978031,"GOA"
"Karluk Early","Sockeye",1995,689563,238079,0,0,0,0,0,0.000316142252412035,0.0337431097666203,0.0478621967826,0,0,0.0190062401840006,0.336167978850373,0.356651966535327,0.00203752231485738,0,0.00502202119313246,0.121176745272006,0.0760916696516489,0.000713495358654684,0,0.0012109118383672,0,0,1.06345551225061,96,57.57,-154.45,1,0,0.0819214488016323,0.713863707884559,0.203003931475442,0.0012109118383672,"GOA"
"Karluk Early","Sockeye",1996,609241,250357,0,0,0,0,0,0,0.0033861805098475,0.00363895404281721,0,0,0.00978102261666565,0.416661058595859,0.353109853079487,0.000100124581241249,0,0.00381786517978928,0.137924072739688,0.0689956847946872,0.00239806579005681,0,0,0.000187118069860696,0,0.889326020895368,96,57.57,-154.45,1,0,0.00702513455266471,0.779652058873254,0.213135688504221,0.000187118069860696,"GOA"
"Karluk Early","Sockeye",1997,481086,252859,0,0,0.00382052273398103,0,0,0,0.00816901759768524,0.0139081162203847,0,0,0.0243116615324495,0.486324690387997,0.274127702739219,0,0,0.00680543603430572,0.132508532777923,0.0500243199760542,0,0,0,0,0,0.643214027184423,96,57.57,-154.45,1,0.00382052273398103,0.02207713381807,0.784764054659666,0.189338288788283,0,"GOA"
"Karluk Early","Sockeye",1998,854229,252298,0,0,0,0,0,0.000671950963968678,0.00498461185466661,0.00633319636771873,0.000622783820263653,0,0.0232783012517721,0.621854327118372,0.19669667033079,0,0,0.00528780924084759,0.122367655511578,0.0170656814507585,0,0.00083701208926412,0,0,0,1.21958837918107,96,57.57,-154.45,1,0,0.0126125430066177,0.841829298700934,0.144721146203184,0.00083701208926412,"GOA"
"Karluk Early","Sockeye",1999,842682,392419,0,0,0,0,0,0.00106564516626675,0.0182536235495715,0.0398964259352876,9.018823233438e-05,0,0.0343522230212583,0.512890983787479,0.228216575173078,0,0,0.0123332407717265,0.0952553869668511,0.0575080516731104,0.000137655723036685,0,0,0,0,0.76425951613701,96,57.57,-154.45,1,0,0.0593058828834602,0.775459781981815,0.165234335134725,0,"GOA"
"Karluk Early","Sockeye",2000,511919,291351,0,0,0,0,0,0.00183427456296797,0.0187744545523804,0.00662800169558075,0.000251992991078667,0,0.00837241829273772,0.435891224978952,0.213416575669198,0.000943508641015473,0,0.0117459988787289,0.15252803666205,0.145542556537265,0.0030493105354558,0,0.00102164600259025,0,0,0.563637683517957,96,57.57,-154.45,1,0,0.0274887238020077,0.658623727581903,0.312865902613499,0.00102164600259025,"GOA"
"Karluk Early","Sockeye",2001,605906,338799,0,0,0,0,0,0,0.00531930695520427,0.0018187639666879,0,0,0.0108482173802537,0.356740154413391,0.453486184325621,0.00518892369443445,9.73748403217661e-05,0.00931497625044149,0.0848217380253703,0.0702831792390239,0.00127247460827257,0,0.000701428934521196,0.000107277366456183,0,0.581317847346425,96,57.57,-154.45,1,0,0.00713807092189217,0.826360854654022,0.165692368123108,0.000808706300977379,"GOA"
"Karluk Early","Sockeye",2002,171904,456842,0,0,0,0,0,0.000453741623231571,0.0284693782576322,0.0441641846612063,0.000575902829486225,0,0.0650828369322412,0.405883516381236,0.345326461280715,0.00406040580789278,0,0.00727731757259866,0.0703066827997022,0.0283995718540581,0,0,0,0,0,-0.977401416612465,96,57.57,-154.45,1,0,0.0736632073715562,0.820353220402085,0.105983572226359,0,"GOA"
"Karluk Early","Sockeye",2003,79349,451856,0,0,0.00360433023730608,0,0,0,0.0281919116813066,0.0144929362688881,0.000617525110587405,0,0.118501808466395,0.389746562653594,0.199775674551664,1.2602553277294e-05,0,0.00804042899091356,0.200103340936874,0.0188282145962772,0,0.00782618558519956,0.00864535154822367,0.00161312681949363,0,-1.7395077005042,96,57.57,-154.45,1,0.00360433023730608,0.0433023730607821,0.70803664822493,0.226971984524065,0.0180846639529169,"GOA"
"Karluk Early","Sockeye",2004,71891,393468,0,0.0105715597223575,0.00137708475330709,0,0,0,0.00272634961260798,0.0131588098649344,0,0,0.00542487933120975,0.237081136720869,0.0712189286558818,0,0,0.065376750914579,0.446022450654463,0.145345036235412,0.00029210888706514,0,0.00140490464731329,0,0,-1.69984866003721,96,57.57,-154.45,1,0.0119486444756645,0.0158851594775424,0.313724944707961,0.657036346691519,0.00140490464731329,"GOA"
"Karluk Early","Sockeye",2005,54011,283860,0,0,0,0,0,0.00516561441187906,0.111625409638777,0.0463979559719316,0,0,0.0232730369739498,0.260835755679399,0.143563348206847,0,0,0.0785951009979449,0.311158838014479,0.0161263446335006,0,0.00325859547129288,0,0,0,-1.65929342934792,96,57.57,-154.45,1,0,0.163188980022588,0.427672140860195,0.405880283645924,0.00325859547129288,"GOA"
"Karluk Early","Sockeye",2006,81807,202366,0,0,0.000281149534880878,0,0,0,0.185399782414708,0.0495801092816018,0,0,0.0636498099184666,0.337550576356547,0.163739044336059,0,0,0.0798464679061694,0.107399122324495,0.0125539379270723,0,0,0,0,0,-0.905715124593129,96,57.57,-154.45,1,0.000281149534880878,0.23497989169631,0.564939430611072,0.199799528157737,0,"GOA"
"Karluk Early","Sockeye",2007,382001,294740,0,0,5.23558838851207e-05,0,0,0.00198690579344033,0.0100313873523891,0.026256475768388,5.49736780793768e-05,0,0.0420129790236151,0.459229164321559,0.414522475072055,0.00183245593597923,0,0.00415967497467284,0.0250889395577498,0.0147722126381868,0,0,0,0,0,0.259329614619079,96,57.57,-154.45,1,5.23558838851207e-05,0.0383297425922969,0.917597074353208,0.0440208271706095,0,"GOA"
"Karluk Early","Sockeye",2008,414945,82191,0,0,0,0.000245815710515851,0,0.000814565785827037,0.0366771499837328,0.108438467748738,0.000330164238634036,0,0.0248442564677246,0.444335996336864,0.351733362252829,0.000151827350612732,0,0.00525852823868223,0.0233163431298124,0.00385352275602791,0,0,0,0,0,1.61910017431065,96,57.57,-154.45,1,0.000245815710515851,0.146260347756932,0.82106544240803,0.0324283941245225,0,"GOA"
"Karluk Early","Sockeye",2009,267034,52798,0,0,2.99587318468809e-05,0,0,0.000898761955406428,0.0752113963015946,0.0264797741111619,0,0,0.0839368769519986,0.699012110817349,0.103095485968079,0,0,0.00366245496828119,0.00766943535280152,3.74484148086012e-06,0,0,0,0,0,1.62090267991015,96,57.57,-154.45,1,2.99587318468809e-05,0.102589932368163,0.886044473737427,0.0113356351625636,0,"GOA"
"Karluk Early","Sockeye",2010,396742,71453,0,0,0,0,0,0.00576697198683275,0.0713687988667698,0.0593282284204849,0,0,0.104725489108791,0.698143881918224,0.047000317586744,8.31774805793185e-05,0,0.00313049790543981,0.00932595994374178,0.00112667678239259,0,0,0,0,0,1.71424630447389,96,57.57,-154.45,1,0,0.136463999274087,0.849952866094338,0.0135831346315742,0,"GOA"
"Karluk Early","Sockeye",2011,241488,87049,0.000612866891936659,0.000761942622407739,0,0,0,0.00644338435036109,0.0976280394885046,0.0384035645663553,0.00204565030146426,0,0.116900218644405,0.535931392036043,0.191914298018949,0.000202908633141191,0,0.00478284635261379,0.00333349897303386,0.00103938912078447,0,0,0,0,0,1.02034860391963,96,57.57,-154.45,1,0.0013748095143444,0.144520638706685,0.844948817332538,0.00915573444643212,0,"GOA"
"Karluk Early","Sockeye",2012,412373,188085,0,0,0,0.000678996927538903,0,0.00226008977309378,0.0701743324611456,0.14087003756308,0.000118824462319308,0,0.0567811180654408,0.64713499671414,0.0717651252628082,0,0,0.0050658020772456,0.00415643119214886,0.000994245501039108,0,0,0,0,0,0.785034291271842,96,57.57,-154.45,1,0.000678996927538903,0.213423284259639,0.775681240042389,0.0102164787704336,0,"GOA"
"Karluk Early","Sockeye",2013,357778,234880,0,0,0.00805806952914936,0,0,0.00337639541838794,0.0858688907646641,0.0179580633800849,0,0,0.0602552420774894,0.523877935479543,0.270838341094198,0,0,0.00554533817059741,0.0230869421820235,0.00113478190386217,0,0,0,0,0,0.420837936893903,96,57.57,-154.45,1,0.00805806952914936,0.107203349563137,0.854971518651231,0.0297670622564831,0,"GOA"
"Karluk Early","Sockeye",2014,124973,252097,0,0.00289662567114497,0.000392084690293103,0,0,0.00484104566586383,0.067054483768494,0.0270618453585975,0,0,0.0713674153617181,0.698750930200923,0.111304041673001,0,0,0.00393685035967769,0.011858561449273,0.000536115801013019,0,0,0,0,0,-0.70171622011246,96,57.57,-154.45,1,0.00328871036143807,0.0989573747929553,0.881422387235643,0.0163315276099638,0,"GOA"
"Karluk Early","Sockeye",2015,234310,260758,0.000341428022704964,0.00497204558064103,0.0129828005633562,0,0,0.00647006103025906,0.0878024838888652,0.0286714182066493,0,0,0.0944517946310443,0.585058256156374,0.154683965686484,0,0,0.00776321966625411,0.0158550638043617,0.000947462763006274,0,0,0,0,0,-0.106947749211564,96,57.57,-154.45,1,0.0182962741667022,0.122943963125774,0.834194016473902,0.0245657462336221,0,"GOA"
"Karluk Late","Sockeye",1982,463076,41702,0,0,0,0,0,0,0,0.0113134777012845,0,0,0.00272309512909328,0.627609722810079,0.23969499606976,0,0,0.00130864048233983,0.0749574583869602,0.0423926094204839,0,0,0,0,0,2.40734209819853,95,57.57,-154.45,1,0,0.0113134777012845,0.870027814008932,0.118658708289784,0,"GOA"
"Karluk Late","Sockeye",1983,569699,220795,0,0,0.00715992129176986,0,0,0,0.00730210163612715,0.000842550188783902,5.44146996922937e-05,0,0.0225206644210364,0.42443992353857,0.374675047700628,0.00363349768913058,0,0.00222573674870414,0.0739969703299462,0.0831491717556113,0,0,0,0,0,0.947873481955993,95,57.57,-154.45,1,0.00715992129176986,0.00819906652460334,0.825269133349365,0.159371878834262,0,"GOA"
"Karluk Late","Sockeye",1984,1110598,131846,0,0.000796867993639463,0,0,0,0,0.000400685036349786,0.0274770889196631,0.000843689615864606,0,0.00562399716188936,0.381887055442203,0.273314016412779,0.000424095847462358,0,0,0.244028892542576,0.0646174403339462,0,0,0.000586170693626317,0,0,2.13101931314314,95,57.57,-154.45,1,0.000796867993639463,0.0287214635718775,0.661249164864334,0.308646332876522,0.000586170693626317,"GOA"
"Karluk Late","Sockeye",1985,1838274,679260,9.19340642363434e-05,0,0.000589683583622463,0.000102813835151887,0,0,0.0164094144833686,0.0327671500548884,0.000323673184737422,0,0.000115325571704762,0.42698422542015,0.268590536557662,0.000251322708149057,0,0.000268730341613927,0.229547934638688,0.0239344080371044,2.28475189226416e-05,0,0,0,0,0.995578396568584,95,57.57,-154.45,1,0.000784431483010694,0.0495002377229945,0.695941410257666,0.253773920536329,0,"GOA"
"Karluk Late","Sockeye",1986,1783933,528415,0,0.000500579337901143,0.00869931774343543,5.88587127431355e-05,0,0,0.0219229085397265,0.0324978572625766,0,0,0.000548226867264634,0.468186865762335,0.0643869472676384,0.000315594812137003,0,0.000651369754357367,0.367289018141376,0.0337680843394903,8.24021978403897e-05,0,0.000182181729919229,0.000909787531258181,0,1.21669379655048,95,57.57,-154.45,1,0.00925875579407971,0.0544207658023031,0.533437634709375,0.401790874433064,0.00109196926117741,"GOA"
"Karluk Late","Sockeye",1987,679507,412157,0.000155995449642167,0.00879461138737349,0.0251167390475742,0,0,0.000295802692245996,0.0363542980425514,0.000809410351916904,0,0,0.00255626505687211,0.33340642554087,0.0344205431290627,0.000116260759638974,0,0.00349223775472512,0.471993665996082,0.0801330964949588,0,0,0.00235464829648554,0,0,0.499963190507821,95,57.57,-154.45,1,0.0340673458845899,0.0374595110867143,0.370499494486444,0.555619000245766,0.00235464829648554,"GOA"
"Karluk Late","Sockeye",1988,511275,282306,0,0.00495036917510146,0.00474108845533226,0,0,0.000217104298078334,0.00909295388978534,0.0061160823431617,0,0,0.00295731260085081,0.370047430443499,0.13902107476407,0,0,0.0141782797907193,0.415919025964501,0.0327416752237054,0,0,0,1.76030511955406e-05,0,0.593916016898256,95,57.57,-154.45,1,0.00969145763043372,0.0154261405310254,0.51202581780842,0.462838980978925,1.76030511955406e-05,"GOA"
"Karluk Late","Sockeye",1989,722863,758893,0,0.0049179443407672,0.00514205319680216,0,0,0.00110532701217243,0.00817443969327521,0.0045679471767126,0,0,0.0174403725187207,0.426690811398564,0.209184866288633,0,0,0.00862265740534513,0.296197204726207,0.0166421576425962,0,0,0.00131421860020502,0,0,-0.0486410765304942,95,57.57,-154.45,1,0.0100599975375694,0.0138477138821602,0.653316050205917,0.321462019774148,0.00131421860020502,"GOA"
"Karluk Late","Sockeye",1990,686721,541891,0,0.00522919788385676,0.00916238181153627,0,0,0.00141396578814395,0.02474804178116,0.0150133751552668,2.62115182148209e-05,0,0.00471952947412414,0.651459617515701,0.0764196813553102,0.000860611514719952,0,0.00157997207017115,0.116824736683457,0.0908549469143946,0,0,0.00159453402473494,9.3196509208252e-05,0,0.236863221994946,95,57.57,-154.45,1,0.014391579695393,0.0412015942427856,0.733459439859856,0.209259655668022,0.00168773053394319,"GOA"
"Karluk Late","Sockeye",1991,675007,831970,0,0.0105376684982526,0.00426514095409381,0,0,0.000503698480163909,0.02413604599656,0.0126932017001305,7.70362381427156e-05,0,0.00447847207510441,0.504491064537108,0.283420764525405,0.00141035574445895,0,0.00700881620486899,0.126419429724432,0.0194175764103187,0.000164442739112335,0,0.000976286171847107,0,0,-0.209073321289678,95,57.57,-154.45,1,0.0148028094523464,0.0374099824149972,0.793800656882077,0.153010265078733,0.000976286171847107,"GOA"
"Karluk Late","Sockeye",1992,332669,614262,0,0.00471038780289116,0,0,0,0.00578052057751098,0.01166324484698,0.0367752931592664,0,0,0.0203174927630768,0.171906609873478,0.22904448565992,0.00154207335219092,0,0.0151592123101341,0.4177936627699,0.0853070168846511,0,0,0,0,0,-0.613273545583187,95,57.57,-154.45,1,0.00471038780289116,0.0542190585837574,0.422810661648666,0.518259891964686,0,"GOA"
"Karluk Late","Sockeye",1993,752803,396288,0,0,0.00379913470057904,0,0,0.00199388153341578,0.00471570915631314,0.0153307040487352,4.78212759513445e-05,0,0.0228054351536856,0.54829483942014,0.269543293530977,0,0,0.00180923827349253,0.100412724178836,0.0312472187278744,0,0,0,0,0,0.641662353738342,95,57.57,-154.45,1,0.00379913470057904,0.0220881160144155,0.840643568104803,0.133469181180203,0,"GOA"
"Karluk Late","Sockeye",1994,976808,587258,0,0,0.00122030122603418,0,0,0.000202701042579504,0.0253048705579807,0.017670821696792,0,0,0.0044256394296525,0.630983775726653,0.162871311455271,0.000564082194249023,0,0.00103193258040475,0.112499078631625,0.0422539536940729,0.000131039057829174,0,0.000840492706857438,0,0,0.508825866506694,95,57.57,-154.45,1,0.00122030122603418,0.0431783932973522,0.798844808805825,0.155916003963931,0.000840492706857438,"GOA"
"Karluk Late","Sockeye",1995,973620,504977,0,0.00118732154228549,0.0033062180316756,0,0,0,0.0500873030545798,0.0018888272632033,0,0,0.00892031798853762,0.363444670405292,0.40147079969598,0.000435488178139315,0,0.00539430167827284,0.132717076477476,0.0290185082475709,0.00029169491177256,0,0.000415973377703827,0.00142149914751135,0,0.656508200095781,95,57.57,-154.45,1,0.00449353957396109,0.0519761303177831,0.774271276267948,0.167421581315092,0.00183747252521518,"GOA"
"Karluk Late","Sockeye",1996,664238,323969,0,0.000812961619178668,0,0,0,0.000952971675814994,0.00447128890548267,0.000706072221101473,0,0,0.000162592323835734,0.426158997226898,0.224987128107696,0,0,0.00424094978004872,0.210496839988077,0.125604075647584,0,0,0,0.0014061225042831,0,0.717992686786893,95,57.57,-154.45,1,0.000812961619178668,0.00613033280239914,0.65130871765843,0.340341865415709,0.0014061225042831,"GOA"
"Karluk Late","Sockeye",1997,1053806,311902,0,0,0,0,0,0.000386219095355312,0.00139779048515571,0.000276141908472717,0,0,0.0207068473703889,0.468817789991706,0.254915041288435,0,0,0.0177281207356952,0.223672099039102,0.0117004458126069,0.000399504273082522,0,0,0,0,1.21747461553415,95,57.57,-154.45,1,0,0.00206015148898374,0.74443967865053,0.253500169860487,0,"GOA"
"Karluk Late","Sockeye",1998,1204531,384848,0,0,0,0.00116144789963895,0,0.000112907015261542,0.000486496403994584,0.00225481951066432,0,0,0.0280499215047184,0.766390404232021,0.0648077965614833,0,0,0.00697947998017486,0.119095315936244,0.0104256345415768,0,0,0,0.000235776414222631,0,1.14099710740711,95,57.57,-154.45,1,0.00116144789963895,0.00285422292992044,0.859248122298222,0.136500430457996,0.000235776414222631,"GOA"
"Karluk Late","Sockeye",1999,912050,589119,0,0,0,0,0,0,0.027539060358533,0.00838221588728688,9.31966449207829e-05,0,0.0453933446631215,0.442299216051752,0.169511539937503,0,0,0.00373883010799847,0.2309544432871,0.0717570308645359,0.000228057672276739,0,0,0.000103064524971219,0,0.437066612536691,95,57.57,-154.45,1,0,0.0360144728907406,0.657204100652377,0.306678361931912,0.000103064524971219,"GOA"
"Karluk Late","Sockeye",2000,1002271,445393,0.000154648792592024,0.000667484143510089,0.00336835047606885,0,0,5.08844414335045e-05,0.00603529384767194,0.00112344864812012,0,0,0.000269388219353847,0.530099144842064,0.291717509535844,0.0028684856690456,0,0.002948304400706,0.0549003213701683,0.100738223494444,0.00400490486106053,0,0.00104362991645972,0,9.9773414575499e-06,0.811066665669564,95,57.57,-154.45,1,0.00419048341217096,0.00720962693722556,0.824954528266307,0.162591754126379,0.00105360725791727,"GOA"
"Karluk Late","Sockeye",2001,617873,524739,0,0,0,0,0,0,0.00411573252108443,0.00422578750002023,0,0,0.00869919870264601,0.213985721984939,0.494559561592754,0.0216452248277559,3.39875670242914e-05,0.00612747279780796,0.184353418906474,0.0618638458065007,0.000373863237267205,0,0,1.6184555725853e-05,0,0.163381938603218,95,57.57,-154.45,1,0,0.00834152002110466,0.738923694675119,0.25271860074805,1.6184555725853e-05,"GOA"
"Karluk Late","Sockeye",2002,412282,408734,0,0,0.00676721273303225,0,0,0.000150382505178494,0.00805031507560359,0.0166002881522841,0.000875614264023169,0,0.0300352671229886,0.444727152774072,0.390718003696499,2.18297184936524e-05,0,0.00162995231419271,0.0628089511547921,0.0360942267671157,0,0,0.000240126903430176,0.00128067681829427,0,0.00864300351447196,95,57.57,-154.45,1,0.00676721273303225,0.0256765999970894,0.865502253312053,0.100533130236101,0.00152080372172445,"GOA"
"Karluk Late","Sockeye",2003,354822,626854,0,0,0.00493205043655692,0,0,0.00058620942331648,0.00702887645072741,0.00531815952787595,0,0,0.00435147764231079,0.116664130183585,0.0440643477574671,0,0,0.00633275276053909,0.759256754090784,0.0160841210522459,0,0.000980773458241034,0.0294795700379345,0.00492077717841622,0,-0.569097403376125,95,57.57,-154.45,1,0.00493205043655692,0.0129332454019198,0.165079955583363,0.781673627903569,0.0353811206745918,"GOA"
"Karluk Late","Sockeye",2004,271351,326466,0,0.00102081805484409,0.00110926438450568,0,0,1.84263186794963e-05,0.00736315694432672,0.0020010982085933,0,0,0.00187948450530862,0.0558759687637046,0.0261064083051104,0,0,0.0404383989740226,0.823825967105336,0.0326809188099546,0,0,0.00768008962561406,0,0,-0.184912622751511,95,57.57,-154.45,1,0.00213008243934977,0.00938268147159952,0.0838618615741236,0.896945284889313,0.00768008962561406,"GOA"
"Karluk Late","Sockeye",2005,168267,498102,0,0.0209904497019618,0,0,0,0.000374404963540088,0.00251386189805488,0.00323295714548901,0,0,0.0120166164488581,0.377459632607701,0.122085732793715,0,0,0.00456417479363155,0.433412374381192,0.0233497952658572,0,0,0,0,0,-1.08525287178966,95,57.57,-154.45,1,0.0209904497019618,0.00612122400708398,0.511561981850274,0.461326344440681,0,"GOA"
"Karluk Late","Sockeye",2006,259737,288007,0,0,0,0,0,5.77507247715959e-05,0.00667598378359648,0.00597912503801923,0.000130901642815617,0,0.00781174803743787,0.47507286216442,0.147499201114974,0.000227152850768277,0,0.046065828126143,0.28116902867131,0.029310417845744,0,0,0,0,0,-0.103315204792434,95,57.57,-154.45,1,0,0.0128437611892029,0.6306109641676,0.356545274643197,0,"GOA"
"Karluk Late","Sockeye",2007,740399,251835,0,0,0.00301864265078694,0,0,0.000109400471907715,0.00433144831367952,0.00833739645785583,0,0,0.0249730213033783,0.610632915495564,0.247313948290044,0.00121691142208458,0,0.000293085214863877,0.0870301013372519,0.0127431290425838,0,0,0,0,0,1.07841511892067,95,57.57,-154.45,1,0.00301864265078694,0.0127782452434431,0.88413679651107,0.1000663155947,0,"GOA"
"Karluk Late","Sockeye",2008,768690,164299,0,0,4.4231094459405e-05,0,0,0,0.0112138833600021,0.00746464764729605,0.000206845412324864,0,0.00844163446903173,0.6044764469422,0.280531813865147,0.000200340839610246,0,0.000660864587805227,0.0790084429353836,0.00775084884673926,0,0,0,0,0,1.54299982869684,95,57.57,-154.45,1,4.4231094459405e-05,0.018885376419623,0.89365023611599,0.0874201563699281,0,"GOA"
"Karluk Late","Sockeye",2009,1089821,277280,0,0.000459708520940595,6.42307314687458e-06,0,0,0.000320236075465604,0.0135269920473179,0.00679652897127143,0,0,0.0103888620241306,0.845601250113551,0.0469499119580188,0,0,0.00621936996993084,0.0688048771311986,0.000925840115028064,0,0,0,0,0,1.3687409155868,95,57.57,-154.45,1,0.000466131594087469,0.0206437570940549,0.9029400240957,0.0759500872161575,0,"GOA"
"Karluk Late","Sockeye",2010,749265,276649,0,0.000270932180203266,0,0,0,0.00136133410742528,0.045856939801005,0.0589350897212602,0,0,0.0386592193683143,0.771524093611739,0.0387126050195859,0,0,0.0034407052244533,0.0299707046238647,0.0112683763421486,0,0,0,0,0,0.996343171354392,95,57.57,-154.45,1,0.000270932180203266,0.10615336362969,0.84889591799964,0.0446797861904667,0,"GOA"
"Karluk Late","Sockeye",2011,1033373,230273,0,0,0,0,0,0.00234958722552263,0.0345470609354028,0.0174032029093077,0.00123479130962392,0,0.0464836994966967,0.62494955838792,0.251506474428885,0.000215798167747754,0,0.00150091012635321,0.0191441038231113,0.00066481318942918,0,0,0,0,0,1.50131792659617,95,57.57,-154.45,1,0,0.055534642379857,0.923155530481249,0.0213098271388937,0,"GOA"
"Karluk Late","Sockeye",2012,794331,314605,0,0,9.69369192439927e-05,0,0,0.00106504719065478,0.0450303462914075,0.0851471238060708,0.00077927211703937,0,0.0267205988435551,0.698742715568195,0.0607114666304097,0,0,0.00317751667755633,0.0703850158183427,0.00814396013752453,0,0,0,0,0,0.926182367256952,95,57.57,-154.45,1,9.69369192439927e-05,0.132021789405172,0.78617478104216,0.0817064926334236,0,"GOA"
"Karluk Late","Sockeye",2013,1234943,336479,0,0.000104458262446121,0.00587962359396345,0,0,0.00127212349071981,0.0433113107244626,0.0112159022724126,0,0,0.0387232447165578,0.720055905414258,0.123813811649607,0,0,0.00277016833975333,0.0472774856815254,0.00557596585429449,0,0,0,0,0,1.30024435414567,95,57.57,-154.45,1,0.00598408185640957,0.055799336487595,0.882592961780422,0.0556236198755732,0,"GOA"
"Karluk Late","Sockeye",2014,676592,543469,0,0.00475471184997753,6.94657932697992e-05,0,0,0.00435713103317805,0.0872120864568307,0.0193440064322369,0,0,0.0142981294487668,0.608511481069832,0.220098670986355,0,0,0,0.0349176460850852,0.00613515974176461,0.000301511102702958,0,0,0,0,0.219095765235638,95,57.57,-154.45,1,0.00482417764324733,0.110913223922246,0.842908281504954,0.0413543169295528,0,"GOA"
"Karluk Late","Sockeye",2015,803344,368896,0,0.00484101455914278,0.0246171005198271,0,0,0.00226304049074867,0.0663177916309825,0.0337676014260392,0,0,0.0235913879981677,0.548476119819156,0.239344539823538,0,0,0.00516590651078492,0.0488918819335179,0.00272361528809576,0,0,0,0,0,0.77826825423979,95,57.57,-154.45,1,0.0294581150789699,0.10234843354777,0.811412047640861,0.0567814037323986,0,"GOA"
"Ayakulik","Sockeye",1966,137385,66057,0,0,0,0,0,0.00229282672780871,0.00853805000545911,0.0239109073042909,0,0,0.120988463078211,0.421079448265822,0.372012956290716,0,0,0,0.0511773483276923,0,0,0,0,0,0,0.732269197852302,94,57.2,-154.54,1,0,0.0347417840375587,0.914080867634749,0.0511773483276923,0,"GOA"
"Ayakulik","Sockeye",1967,148402,227089,0,0,0,0,0,0.0119405398849072,0.161810487729276,0.110975593320845,0,0,0.0224929583159257,0.531219255805178,0.161561164943869,0,0,0,0,0,0,0,0,0,0,-0.425417203395022,94,57.2,-154.54,1,0,0.284726620935028,0.715273379064972,0,0,"GOA"
"Ayakulik","Sockeye",1968,262665,220850,0,0,0,0,0,0.000315991852740182,0.0159861420440485,0.131205147240782,0,0,0.0107551443854339,0.34092475206061,0.468478860906478,0,0,0,0.0323339615099081,0,0,0,0,0,0,0.173395717949438,94,57.2,-154.54,1,0,0.147507281137571,0.820158757352521,0.0323339615099081,0,"GOA"
"Ayakulik","Sockeye",1969,105521,71160,0,0,0,0,0,0,0.0450715971228476,0.0351020176078695,0,0,0.0350925408212583,0.748400792259361,0.130154187318164,0,0,0,0.00617886487049971,0,0,0,0,0,0,0.393979122442941,94,57.2,-154.54,1,0,0.0801736147307171,0.913647520398783,0.00617886487049971,0,"GOA"
"Ayakulik","Sockeye",1970,39430,33863,0,0,0,0,0,0,0.0274917575450165,0.0520415926959168,0,0,0.160410854679178,0.44491503931017,0.232107532335785,0,0,0,0.0830332234339336,0,0,0,0,0,0,0.152203974991172,94,57.2,-154.54,1,0,0.0795333502409333,0.837433426325133,0.0830332234339336,0,"GOA"
"Ayakulik","Sockeye",1971,288753,109174,0,0,0,0,0,0.0112587574847707,0.124393512794672,0.0917912541168403,0,0,0.0655404446014414,0.637406364609199,0.0579595709828123,0,0,0,0.0116500954102641,0,0,0,0,0,0,0.972628711668883,94,57.2,-154.54,1,0,0.227443524396283,0.760906380193453,0.0116500954102641,0,"GOA"
"Ayakulik","Sockeye",1972,564194,113733,0,0,0,0,0,0.00900399507970663,0.214748827530956,0.176678589279574,0,0,0.0119161139608007,0.461410436835557,0.126242037313406,0,0,0,0,0,0,0,0,0,0,1.60154456787182,94,57.2,-154.54,1,0,0.400431411890236,0.599568588109764,0,0,"GOA"
"Ayakulik","Sockeye",1973,330222,119993,0,0,0.00422443083743663,0,0,0.00298587011162188,0.2422400688022,0.249928835752918,0,0,0.0228573505096571,0.335852850506629,0.137692219173768,0,0,0,0.00421837430577006,0,0,0,0,0,0,1.01233174780644,94,57.2,-154.54,1,0.00422443083743663,0.495154774666739,0.496402420190054,0.00421837430577006,0,"GOA"
"Ayakulik","Sockeye",1974,449569,181631,0,0,0,0,0,0.00748272234073079,0.10294526535415,0.100338324039246,0,0,0,0.286941492852043,0.493635014869797,0,0,0,0.00865718054403217,0,0,0,0,0,0,0.906312189579779,94,57.2,-154.54,1,0,0.210766311734128,0.78057650772184,0.00865718054403217,0,"GOA"
"Ayakulik","Sockeye",1975,463564,94517,0,0,0.00300497881630152,0,0,0,0.023690364221553,0.0667653225876039,0,0,0.0323342623672244,0.664958883778723,0.207395311111303,0,0,0,0.00185087711729125,0,0,0,0,0,0,1.59016474280059,94,57.2,-154.54,1,0.00300497881630152,0.0904556868091569,0.90468845725725,0.00185087711729125,0,"GOA"
"Ayakulik","Sockeye",1976,836327,219047,0,0,0.00460944104399356,0,0,0.00697693605491632,0.484654925645112,0.19668742011199,0,0,0.0100534838645649,0.223607512372553,0.0734102809068702,0,0,0,0,0,0,0,0,0,0,1.33973336626868,94,57.2,-154.54,1,0.00460944104399356,0.688319281812019,0.307071277143988,0,0,"GOA"
"Ayakulik","Sockeye",1977,287349,306982,0,0,0,0,0,0,0.0176092486836565,0.0649245342771334,0,0,0.0119401842358943,0.594124218285082,0.297690265147956,0,0,0,0.013711549370278,0,0,0,0,0,0,-0.0660916090753213,94,57.2,-154.54,1,0,0.0825337829607898,0.903754667668932,0.013711549370278,0,"GOA"
"Ayakulik","Sockeye",1978,122271,132864,0,0,0,0,0,0,0.0127258303277147,0.122163064013544,0,0,0.129212977729797,0.368697401673332,0.344734237881427,0,0,0,0.0224664883741852,0,0,0,0,0,0,-0.0830861559195756,94,57.2,-154.54,1,0,0.134888894341258,0.842644617284556,0.0224664883741852,0,"GOA"
"Ayakulik","Sockeye",1979,254513,222270,0,0,0.00173272092191754,0,0,0.0142428873967145,0.0642206881377376,0.16092694675714,0,0,0.0721063364150358,0.51682625249005,0.164294161791343,0,0,0,0.0056500060900622,0,0,0,0,0,0,0.135459056139434,94,57.2,-154.54,1,0.00173272092191754,0.239390522291592,0.753226750696428,0.0056500060900622,0,"GOA"
"Ayakulik","Sockeye",1980,1152537,774328,0,0,0.0115805392798669,0,0,0.0102209300005119,0.349456026140592,0.20180089663065,0,0,0.0215012619985302,0.26470560164229,0.13833829195939,0,0,0,0.00239645234816756,0,0,0,0,0,0,0.397725322043659,94,57.2,-154.54,1,0.0115805392798669,0.561477852771755,0.424545155600211,0.00239645234816756,0,"GOA"
"Ayakulik","Sockeye",1981,1091985,279200,0,0,0,0,0,0.0157044281743797,0.284604642005156,0.211439717578538,0,0,0.00682243803715253,0.300940031227535,0.154330874508349,0,0,0,0.0261578684688892,0,0,0,0,0,0,1.36382404905855,94,57.2,-154.54,1,0,0.511748787758074,0.462093343773037,0.0261578684688892,0,"GOA"
"Ayakulik","Sockeye",1982,240477,169678,0,0,0.0311880138225277,0,0,0.0285141614374763,0.00676156139672401,0.0679940285349534,0,0,0.0107952111844376,0.514257080718738,0.320733375749032,0,0,0,0.0197565671561106,0,0,0,0,0,0,0.348721927582964,94,57.2,-154.54,1,0.0311880138225277,0.103269751369154,0.845785667652208,0.0197565671561106,0,"GOA"
"Ayakulik","Sockeye",1983,383232,171415,0,0,0.00305559034736139,0,0,0.00142994321977288,0.0527043670674683,0.188478519539078,0,0,0.0394434702738811,0.438520269706079,0.273372265364061,0,0,0,0.00299557448229793,0,0,0,0,0,0,0.804553032996788,94,57.2,-154.54,1,0.00305559034736139,0.242612829826319,0.751336005344021,0.00299557448229793,0,"GOA"
"Ayakulik","Sockeye",1984,604316,283215,0,0,0.00547892162378623,0,0,0.0128724045036041,0.22866348069553,0.119670834464088,0,0,0.13055917764878,0.326031414028422,0.171185273929534,0,0,0,0.00553849310625567,0,0,0,0,0,0,0.75789091341384,94,57.2,-154.54,1,0.00547892162378623,0.361206719663223,0.627775865606736,0.00553849310625567,0,"GOA"
"Ayakulik","Sockeye",1985,1786779,388759,0,0,0.0021843775867077,0,0,0.0343327294533907,0.204551877988268,0.330052569455988,0,0,0.0106174294638565,0.28728454946023,0.12858333347325,0,0,0,0.00239313311830954,0,0,0,0,0,0,1.52521022220377,94,57.2,-154.54,1,0.0021843775867077,0.568937176897647,0.426485312397336,0.00239313311830954,0,"GOA"
"Ayakulik","Sockeye",1986,1730211,318135,0,0,0.0221510555648993,0,0,0.00258927957341619,0.330231977487139,0.29271747781051,0,0,0.00375040963212001,0.211329138469239,0.133781949137995,0,0,0,0.00344871232468179,0,0,0,0,0,0,1.69352282437716,94,57.2,-154.54,1,0.0221510555648993,0.625538734871065,0.348861497239354,0.00344871232468179,0,"GOA"
"Ayakulik","Sockeye",1987,1015566,261913,0,0,0.0151442643806508,0,0,0.0127918815714587,0.170684130819661,0.101925428775678,0,0,0.0133935165218213,0.312281033433573,0.336490193645711,0,0,0,0.0323041535459044,0.00498539730554193,0,0,0,0,0,1.35518898397508,94,57.2,-154.54,1,0.0151442643806508,0.285401441166798,0.662164743601105,0.0372895508514464,0,"GOA"
"Ayakulik","Sockeye",1988,325535,291774,0,0,0.010293824012779,0,0,0.00866880673353096,0.250615141229054,0.190944138111109,0,0,0.00869952539665474,0.387436066782374,0.0853456617568003,0,0,0,0.0327307355583885,0.0252661004193098,0,0,0,0,0,0.109490452755631,94,57.2,-154.54,1,0.010293824012779,0.450228086073694,0.481481253935829,0.0579968359776983,0,"GOA"
"Ayakulik","Sockeye",1989,752667,768101,0,0,0.00739370797444288,0,0,0.0034158532259286,0.0349384256251437,0.0243374560064411,0,0,0.0387807622760132,0.412372270871448,0.338206670413343,0,0,0,0.0791226398925421,0.0614322137146972,0,0,0,0,0,-0.0202983360064063,94,57.2,-154.54,1,0.00739370797444288,0.0626917348575134,0.789359703560804,0.140554853607239,0,"GOA"
"Ayakulik","Sockeye",1990,600475,371282,0,0,0.0134010574961489,0,0,0.00171197801740289,0.00602523002622924,0.0983138348807194,0,0,0.0243773679170657,0.49155585161747,0.33739955868271,0,0,0,0.026981972605021,0.000169865523127524,6.32832341063325e-05,0,0,0,0,0.480759126991544,94,57.2,-154.54,1,0.0134010574961489,0.106051042924352,0.853332778217245,0.0272151213622549,0,"GOA"
"Ayakulik","Sockeye",1991,1265194,384859,0,0.00050585127656312,0.0135299408628242,0,0,0.0176818732937399,0.115338043019489,0.310821107276829,1.50174597729676e-05,0,0.02855135259889,0.381117046081471,0.125611566289439,5.0585127656312e-05,0,0,0.00456767894884105,0.00220993776448513,0,0,0,0,0,1.19010371564543,94,57.2,-154.54,1,0.0140357921393873,0.443856041049831,0.535330550097455,0.00677761671332618,0,"GOA"
"Ayakulik","Sockeye",1992,582035,344184,0,0.00788784179645554,0.0170092863831213,0.000352212495812108,0,0.00442928689855421,0.113204532373483,0.0174130421710035,0.00461312464027077,0,0.0424270018126058,0.345025642787805,0.395955569682236,0.00340701160583126,0,0.00375922410164337,0.0339979554494146,0.0103258395113696,0.000192428290394908,0,0,0,0,0.525354185285277,94,57.2,-154.54,1,0.0252493406753889,0.139659986083311,0.786815225888478,0.0482754473528224,0,"GOA"
"Ayakulik","Sockeye",1993,772671,286170,0,0,0.00476011135399154,0.000517684758454763,0,0.00400299739475145,0.00324070658792681,0.228478873932113,0.0104507610613055,0,0.0210736523047973,0.530261909661421,0.179253524462546,0.000445208892271096,0,0.000667813338406644,0.00982436250357526,0.00702239374843886,0,0,0,0,0,0.993267303673637,94,57.2,-154.54,1,0.00527779611244631,0.246173338976097,0.731034295321036,0.0175145695904208,0,"GOA"
"Ayakulik","Sockeye",1994,1454921,380181,0,0.000319604981988713,0.00500027149240405,0.0117092268239994,0,0.0293562330875697,0.381633092106032,0.2328153899765,5.42984808109856e-05,0,0.0246803778349477,0.237082975639227,0.0705385378312637,0.000275616339306395,0,0.000375278107883521,0.00496521804276658,0.00119387925529977,0,0,0,0,0,1.34205942749134,94,57.2,-154.54,1,0.0170291032983921,0.643859013650913,0.332577507644745,0.00653437540594988,0,"GOA"
"Ayakulik","Sockeye",1995,683796,317832,0,0,0.00688363196040924,0.000754611024340593,0,0.00688948165827235,0.148131898987417,0.0786184768556704,0,0,0.0265883392122797,0.333172466642098,0.35141182457926,0.00164522752399839,0,0.00465928434796343,0.0322727831107523,0.00897197409753786,0,0,0,0,0,0.766136686231674,94,57.2,-154.54,1,0.00763824298474984,0.23363985750136,0.712817857957637,0.0459040415562536,0,"GOA"
"Ayakulik","Sockeye",1996,482559,337155,0,0.000557444789134593,0.0353324671180104,0.000687998773207007,0,0.00366794526679639,0.0350257688697133,0.194486062844129,0,0,0.0177988598285391,0.41064615932974,0.298272335610775,0.000603035069286864,0,0.000754311907973947,0.00166197294009644,0.000505637652597921,0,0,0,0,0,0.358560427831322,94,57.2,-154.54,1,0.036577910680352,0.233179776980639,0.727320389838341,0.00292192250066831,0,"GOA"
"Ayakulik","Sockeye",1997,91801,308214,0,5.44656376292197e-05,0.0523959433993094,0.00650319713292884,0,0.0136164094073049,0.157373013365867,0.128179431596606,0,0,0.0587684230019281,0.379233341684731,0.176130978965371,0,0,0.0035947320835285,0.00791930371128855,0.0162307600135075,0,0,0,0,0,-1.2111711560897,94,57.2,-154.54,1,0.0589536061698674,0.299168854369778,0.61413274365203,0.0277447958083245,0,"GOA"
"Ayakulik","Sockeye",1998,212285,427208,0.000292060202086817,0,0.0028122571071908,0,0,0.0214522929081188,0.139826177073274,0.0596226770614975,0.00283581034929458,0,0.0137974892243917,0.45963680900676,0.218126575123066,0.0011022917304567,0,0.00692465317851002,0.0509597946157289,0.0224226864827944,0.000188425936830205,0,0,0,0,-0.699341302583225,94,57.2,-154.54,1,0.00310431730927762,0.223736957392185,0.692663165084674,0.0804955602138634,0,"GOA"
"Ayakulik","Sockeye",1999,474024,295717,0,0,0.0101640423269708,0.000744688032673451,0,0.00622964238097649,0.111840328759725,0.263501426088131,0.000506303478304896,0,0.0184674193711711,0.405106070578705,0.168907059558166,0.00138811536968592,0,0,0.00907338025078899,0.00407152380470187,0,0,0,0,0,0.471855037418728,94,57.2,-154.54,1,0.0109087303596442,0.382077700707137,0.593868664877728,0.0131449040554909,0,"GOA"
"Ayakulik","Sockeye",2000,291388,208651,0.000446140541134158,0,0.024276909138331,0,0,0.00775941356541793,0.193738245912666,0.139539033865499,0,0,0.0201037791535684,0.510906420305572,0.0892933133828435,0.00184976732054855,0,0.000507913846829657,0.00306464233256002,0.00851442063502958,0,0,0,0,0,0.333992712664122,94,57.2,-154.54,1,0.0247230496794652,0.341036693343583,0.622153280162532,0.0120869768144193,0,"GOA"
"Ayakulik","Sockeye",2001,194604,218892,0,0,0,0,0,0.000498448130562578,0.109026535939652,0.0658362623584305,0.00161867176419806,0,0.0244393743191301,0.293585948901359,0.491331113440628,0.00153645351585784,0,0,0.0113975046761629,0.000729686954019445,0,0,0,0,0,-0.11761173296754,94,57.2,-154.54,1,0,0.176979918192843,0.810892890176975,0.0121271916301823,0,"GOA"
"Ayakulik","Sockeye",2002,313392,229292,0,0,0.000386097922091183,0.000449915760453362,0,0.00159225506713637,0.0426047888905907,0.196919512942258,0.004422576198499,0,0.0155747434522898,0.518947516209731,0.215302241282483,0.00152205544493797,0,0.000682850870475315,0.000603078572522592,0.000992367386531883,0,0,0,0,0,0.312458502649132,94,57.2,-154.54,1,0.000836013682544545,0.245539133098484,0.751346556389442,0.00227829682952979,0,"GOA"
"Ayakulik","Sockeye",2003,233519,197892,0,0.000171292271720931,0.00465058517722327,0,0,0.00952385030768374,0.205122495385814,0.205490773770014,0.000650910632539536,0,0.0243149379707861,0.377219840783833,0.154454241410763,0.00126756281073489,0,0,0.0127869680839675,0.00434654139491861,0,0,0,0,0,0.165542016913602,94,57.2,-154.54,1,0.0048218774489442,0.420788030096052,0.557256582976118,0.0171335094788861,0,"GOA"
"Ayakulik","Sockeye",2004,298132,275238,0,0,0.0112634671890304,0.000509841278359921,0,0.00820106529993426,0.0836676371540123,0.199723612359626,0.00209638683536152,0,0.0170159526652624,0.550004695906511,0.116156601773711,0.000654072692632794,0,0,0.0107066668455583,0,0,0,0,0,0,0.0799001635286311,94,57.2,-154.54,1,0.0117733084673903,0.293688701648934,0.683831323038117,0.0107066668455583,0,"GOA"
"Ayakulik","Sockeye",2005,491730,251906,0,0.000136253635124967,0.00141134362353324,0,0,0.0110284098997417,0.202407825432656,0.149663433184878,0.000624326357960669,0,0.0269233115734244,0.530388627905558,0.0688324893742501,0,0,0.00215362088951254,0.00504341813596893,0.00138693998739145,0,0,0,0,0,0.668873783318697,94,57.2,-154.54,1,0.00154759725865821,0.363723994875236,0.626144428853233,0.00858397901287292,0,"GOA"
"Ayakulik","Sockeye",2006,420594,87780,0,0,0.00199479783354018,0,0,0.0205542637317698,0.261960465436977,0.183844752897093,0.000753695963328055,0,0.0382173782792907,0.384639343404804,0.0972362896284778,0,0,0.00038754713571758,0.0104114656890017,0,0,0,0,0,0,1.56683431357153,94,57.2,-154.54,1,0.00199479783354018,0.467113178029168,0.520093011312572,0.0107990128247193,0,"GOA"
"Ayakulik","Sockeye",2007,636871,283042,0,0,0.0022830369101435,0,0,0.0250568796506671,0.159723083638602,0.162844594902264,0.000527579368506338,0,0.0555120267683722,0.500657118945595,0.0911518973230058,0,0,0.000351719579004225,0.00189206291383969,0,0,0,0,0,0,0.810971826764373,94,57.2,-154.54,1,0.0022830369101435,0.34815213756004,0.647321043036973,0.00224378249284392,0,"GOA"
"Ayakulik","Sockeye",2008,353426,162888,0,0,0.00245030077017537,0,0,0.0478516011838405,0.189386179850945,0.191429040308296,0.00188441144680923,0,0.0329008052605071,0.424354744699032,0.105478940428831,2.54650195514761e-05,0,0,0.00413099206057279,0.000107518971439566,0,0,0,0,0,0.774611280134149,94,57.2,-154.54,1,0.00245030077017537,0.430551232789891,0.562759955407921,0.00423851103201236,0,"GOA"
"Ayakulik","Sockeye",2009,480612,315184,0.000197664644245254,0,0.0121990295706308,0,0,0.0201160187427696,0.154865047064992,0.154242923605736,0.000680382512296822,0,0.0442852030327998,0.437456825880336,0.172879578537365,0,0,0,0.00297953442693899,9.77919818897572e-05,0,0,0,0,0,0.421903696505668,94,57.2,-154.54,1,0.012396694214876,0.329904371925795,0.654621607450501,0.00307732640882874,0,"GOA"
"Ayakulik","Sockeye",2010,992537,262327,0,0.000320391078619739,0.00138634630245522,0,0,0.0513008583055342,0.279683276290959,0.397249674319446,0.000165233134885652,0,0.0206259313254821,0.220279949261337,0.0270085649199979,0,0,0.000519879863420709,0.00145989519786164,0,0,0,0,0,0,1.33067247431817,94,57.2,-154.54,1,0.00170673738107496,0.728399042050825,0.267914445506817,0.00197977506128235,0,"GOA"
"Ayakulik","Sockeye",2011,491674,261141,0,0.000593889447072654,0.0250430163075534,0,0,0.0079402205526426,0.177577012410662,0.0929721726184423,0.000719989261177121,0,0.0274368789075688,0.410792516992967,0.255468054035804,0,0,0.00011796434222676,0.0013382851238829,0,0,0,0,0,0,0.632755403912696,94,57.2,-154.54,1,0.025636905754626,0.279209394842924,0.69369744993634,0.00145624946610966,0,"GOA"
"Ayakulik","Sockeye",2012,339907,328254,0,0.00418055526952961,0.0159425960630408,0.00104440332208516,0,0.0142950865972163,0.204603023768266,0.282730276222614,0.000385399535755368,0,0.025368703792508,0.401389203517433,0.0500607519115523,0,0,0,0,0,0,0,0,0,0,0.0348843518398228,94,57.2,-154.54,1,0.0211675546546555,0.502013786123852,0.476818659221493,0,0,"GOA"
"Ayakulik","Sockeye",2013,272567,282164,0,0.00169499609270381,0.0482340121878291,0,0,0.010613904104312,0.168850227650449,0.0576592177336215,0,0,0.0356829696918556,0.448209064193391,0.227639442779207,0.000741102187718983,0,0,0,0.000675063378912341,0,0,0,0,0,-0.0346040067396812,94,57.2,-154.54,1,0.0499290082805329,0.237123349488383,0.712272578852172,0.000675063378912341,0,"GOA"
"Ayakulik","Sockeye",2014,694697,297711,0,0,0,0,0,0.0267339573943748,0.380990561352647,0.366883691738988,0.000354111216832662,0,0.00827267139486712,0.177920733787536,0.0388442731147536,0,0,0,0,0,0,0,0,0,0,0.847352561989974,94,57.2,-154.54,1,0,0.774962321702843,0.225037678297157,0,0,"GOA"
"Ayakulik","Sockeye",2015,326512,326435,0.00132001274072622,0.0134053266036164,0.0724751310824717,0,0,0.0443567158328025,0.323556255206547,0.301348801881707,0.000722791199098349,0,0.00491865536335571,0.183319449208605,0.054249154701818,0,0,0.000327706179252217,0,0,0,0,0,0,0,0.000235853753388688,94,57.2,-154.54,1,0.0872004704268143,0.669984564120155,0.242487259273779,0.000327706179252217,0,"GOA"
"Chignik Early","Sockeye",1983,602061,426178,0,0,0.0290103494496405,0.000320565524091413,0,0,0.121321593659114,0.40211872218928,0.000470052037916424,0,0.00366408054997749,0.0465584052114321,0.392197800555093,0.00327209369150302,0,0,1.66096126472235e-06,0.00106467617068702,0,0,0,0,0,0.345501669705072,97,56.28,-158.64,1,0.0293309149737319,0.523910367886311,0.445692380008006,0.00106633713195175,0,"GOA"
"Chignik Early","Sockeye",1984,790222,597713,0,0.000707396149436487,0.00167421306923877,0,0,0.00225000063273359,0.0616788699884336,0.507551042618403,0.00293714930740982,0,0.00150590593529413,0.0648893602051069,0.352376926990137,0.000898481692486415,0,0,0.000813695391927838,0.00271695801939202,0,0,0,0,0,0.279203213007127,97,56.28,-158.64,1,0.00238160921867526,0.57441706254698,0.419670674823024,0.00353065341131986,0,"GOA"
"Chignik Early","Sockeye",1985,913305,376578,0.000209130575218574,0.000211320424173743,0.000661334384460832,0.000959153842363723,0,0.000491621090435287,0.0558126803203749,0.428666217747631,0.025903723290686,0,0.00050804495759905,0.0682400731409551,0.402502997355757,0.00149019221399204,0,0,0.00195225034353255,0.0123912603128199,0,0,0,0,0,0.885944691237331,97,56.28,-158.64,1,0.00204093922621687,0.510874242449127,0.472741307668304,0.0143435106563525,0,"GOA"
"Chignik Early","Sockeye",1986,2771749,498818,0.000138901466186152,0.000159105315813228,0.00182123273066934,3.24704726149446e-06,0,0.000624515423294101,0.141100077965213,0.724059790406707,0.00122954856301923,0,0,0.022997392621049,0.0999935419837799,0.00187462861896947,0,3.24704726149446e-06,0.00562027802661785,0.000374492784159027,0,0,0,0,0,1.71499250810686,97,56.28,-158.64,1,0.00212248655993021,0.867013932358233,0.124865563223798,0.00599801785803837,0,"GOA"
"Chignik Early","Sockeye",1987,1596380,490454,0,0.000598854909232138,0.000713489269472181,0.000639572031721771,0,0.00141507661083201,0.116984051416329,0.559549104849723,0.00630113130958794,0,0.000680915571480475,0.0598128265200015,0.246597927811674,0.00316278079154086,0,2.7562359839136e-05,0.00164998308673374,0.00182475350480462,4.19699570277753e-05,0,0,0,0,1.1801623521553,97,56.28,-158.64,1,0.00195191621042609,0.684249364186472,0.310254450694697,0.00354426890840527,0,"GOA"
"Chignik Early","Sockeye",1988,1469067,447972,0,0,0.000527545714388792,0,0,0.00134439069150692,0.0640597059221941,0.366713703323266,0.00232460466404868,0,0.001396804910872,0.0816103009597248,0.480479787511393,0.000332864328175638,0,0.000198765611098745,0.000883553983582777,0.000127972379748507,0,0,0,0,0,1.18765205393003,97,56.28,-158.64,1,0.000527545714388792,0.434442404601015,0.563819757710166,0.00121029197443003,0,"GOA"
"Chignik Early","Sockeye",1989,1293615,463544,0,3.6332293611314e-05,0.00420604275615233,0.000217993761667884,0,0.00638366129026024,0.168438059237099,0.551559003258311,0.003719035416256,0,0.00212814477259463,0.0706168373124925,0.18251179833258,0.000834869725536578,0,0,0.00076065908326666,0.00844068753067953,0.000146102201968901,0,0,7.73027523644979e-07,0,1.02629459336129,97,56.28,-158.64,1,0.00446036881143153,0.730099759201926,0.256091650143203,0.00934744881591509,7.73027523644979e-07,"GOA"
"Chignik Early","Sockeye",1990,1502684,500770,0,0.000906378187296863,0.021596689656641,0.000504430738598401,0,0.000381983171445227,0.0850005723092813,0.379097002430318,0.00359090800194851,0,0.00205898246071696,0.146266946344008,0.352705558853358,0.00265192149513803,0,0,6.65475908441163e-07,0.00523796087534039,0,0,0,0,0,1.09886120763562,97,56.28,-158.64,1,0.0230074985825363,0.468070465912993,0.503683409153222,0.00523862635124883,0,"GOA"
"Chignik Early","Sockeye",1991,1470777,755846,0,0.00106610315499902,0.00171745954689256,0.000513334108433841,0,0.00035967383226689,0.088249952236131,0.794277446546961,0.00104094638412213,0,0.00022845067607122,0.0210949722493621,0.0884838422140134,0.00014210175981811,0,0,0.000834252915295793,0.00199146437563274,0,0,0,0,0,0.66570845983127,97,56.28,-158.64,1,0.00329689681032543,0.883928018999481,0.109949366899265,0.00282571729092854,0,"GOA"
"Chignik Early","Sockeye",1992,885614,435594,0,0.00279128378729334,0.129675005137678,0.000604100657848679,0,0.000772345513959806,0.0548613730135251,0.509457845065683,0.00147581226132378,0,0.00202345491376604,0.0782135332097279,0.214057140018112,0,0,6.77496064877023e-06,0.00242882339258413,0.00363250806784897,0,0,0,0,0,0.709570572901634,97,56.28,-158.64,1,0.13307038958282,0.566567375854492,0.294294128141606,0.00606810642108187,0,"GOA"
"Chignik Early","Sockeye",1993,797995,432935,0,0.0040877449106824,0.0165715324030852,0.000229324745142513,0,1.12782661545498e-05,0.067327489520611,0.265177100107144,0.000805769459708394,0,0.00197870913978158,0.133121134844203,0.507241273441563,0.00122431844811058,0,0,0.00173309356574916,0.000491231148064837,0,0,0,0,0,0.611514730505426,97,56.28,-158.64,1,0.0208886020589101,0.333321637353618,0.643565435873658,0.002224324713814,0,"GOA"
"Chignik Early","Sockeye",1994,1604263,680548,0,0.000210688646437648,0,0,0,0.000496177995752567,0.062702935865254,0.650709391165912,0.00496551999266953,0,0.000459400983504575,0.106979341915883,0.17315053703788,0.000302319507462305,0,0,0,2.36868892444693e-05,0,0,0,0,0,0.857521384098672,97,56.28,-158.64,1,0.000210688646437648,0.718874025019588,0.280891599444729,2.36868892444693e-05,0,"GOA"
"Chignik Early","Sockeye",1995,1623800,446160,0,0.00118179578765858,0.017242887055056,0,0,0.00054132282300776,0.263818204212341,0.663169725335632,0.00377940633082892,0,0,0.00795664490700825,0.0412563123537381,0.000503140780884345,0,0,0,0.000550560413844069,0,0,0,0,0,1.29184672834705,97,56.28,-158.64,1,0.0184246828427146,0.931308658701811,0.0497160980416307,0.000550560413844069,0,"GOA"
"Chignik Early","Sockeye",1996,1606913,429463,0,0.00459763534180133,0.0351276018054493,0.000404502297261893,0,0.000238345199771238,0.0260916427958452,0.756884162365978,0.00757477224964886,0,0,0.00656164957281446,0.161062857790061,0.000358451266496693,0,0,0.000333558817434422,0.000764820497438256,0,0,0,0,0,1.31953463509509,97,56.28,-158.64,1,0.0401297394445126,0.790788922611243,0.167982958629372,0.00109837931487268,0,"GOA"
"Chignik Early","Sockeye",1997,739057,468840,0,9.4715292595835e-06,0.0106108189219505,2.16492097361908e-05,0,0,0.0711907200662466,0.650238073653318,0.00523910875615819,0,0.00111764045263085,0.0502410504196564,0.209880969938719,7.71253096851799e-05,0,0,1.8943058519167e-05,0.00135442868412044,0,0,0,0,0,0.455113490377217,97,56.28,-158.64,1,0.0106419396609463,0.726667902475722,0.261316786120692,0.00137337174263961,0,"GOA"
"Chignik Early","Sockeye",1998,1003163,482890,0,0.000181426149090427,0.00286792874139098,0,0,0.000913111827290281,0.201489688116488,0.625432756192164,0.00308623822848331,0,0,0.0414429160565132,0.12320829217186,0,0,0,0.00137764251671962,0,0,0,0,0,0,0.731124402776914,97,56.28,-158.64,1,0.00304935489048141,0.830921794364425,0.164651208228374,0.00137764251671962,0,"GOA"
"Chignik Early","Sockeye",1999,926471,424534,0,0.00215225301169707,0.0205521813418877,0,0,6.04444175802588e-05,0.106059444925961,0.606619095470878,0.000840825023125386,0,0.000360507776282258,0.0842163435228949,0.176591604054525,0.00158558659688215,0,0,0,0.000961713858285904,0,0,0,0,0,0.780390647869374,97,56.28,-158.64,1,0.0227044343535847,0.713579809837545,0.262754041950585,0.000961713858285904,0,"GOA"
"Chignik Early","Sockeye",2000,1510791,366082,0,0.00101271453165924,0.00941361180997239,0,0,1.19142886077558e-05,0.161040143871654,0.643862718271422,0.00698905407829409,0,0.000476571544310232,0.0281964878000994,0.143297782419938,0.00385691998429962,0,0,0,0.00184208139974358,0,0,0,0,0,1.41753128168857,97,56.28,-158.64,1,0.0104263263416316,0.811903830509978,0.175827761748647,0.00184208139974358,0,"GOA"
"Chignik Early","Sockeye",2001,975851,835060,0,0.00278013754148943,0.0525787235961228,0.00114464195865967,0,7.17322624048138e-06,0.0704769478127296,0.609595112368589,0.0134549229339315,0,0,0.0194671112700607,0.226553029099729,0.00365527114282816,0,0,0.000149613004444326,0.000137316045174929,0,0,0,0,0,0.1558063322676,97,56.28,-158.64,1,0.0565035030962719,0.693534156341491,0.249675411512618,0.000286929049619255,0,"GOA"
"Chignik Early","Sockeye",2002,391049,393196,0,0,0.0221327761994021,0.00135277164754289,0,0,0.10202046290874,0.662111397804367,0.0100882498101261,0,0,0.0193556306242952,0.182938711005526,0,0,0,0,0,0,0,0,0,0,-0.00547534345468348,97,56.28,-158.64,1,0.023485547846945,0.774220110523234,0.202294341629821,0,0,"GOA"
"Chignik Early","Sockeye",2003,716630,365050,0,0.00237779607328747,0.101301927075339,0.00123773774472182,0,5.58168092321002e-06,0.078294238309867,0.68857569457042,0.00432719813571857,0,0,0.02696928680072,0.0965114494229937,8.23297936173479e-05,0,0,0.000120006139849016,0.000196754252543153,0,0,0,0,0,0.674525337851946,97,56.28,-158.64,1,0.104917460893348,0.771202712696929,0.123563066017331,0.000316760392392169,0,"GOA"
"Chignik Early","Sockeye",2004,1091698,362033,0,0.00649630209087129,0.113241940536669,0.000796007687107607,0,0.00012182856430991,0.0420244426572184,0.671137072706921,0.00195108903744442,0,0,0.0329871447964547,0.128665619979152,0.00222222629335219,0,0,0,0.000356325650500413,0,0,0,0,0,1.10375419338749,97,56.28,-158.64,1,0.120534250314647,0.715234432965894,0.163874991068959,0.000356325650500413,0,"GOA"
"Chignik Early","Sockeye",2005,1564269,335061,0,0.000246760627487983,0.0162331414865346,0,0,8.18273583379841e-05,0.0818868110280265,0.563890865317922,0.00170303189540929,0,0.000228221616614534,0.00827543088816565,0.306168568193834,0.000228860892851549,0,0,0.00410671054658758,0.0166052002564776,0.000344569891751355,0,0,0,0,1.54086129639973,97,56.28,-158.64,1,0.0164799021140226,0.647562535599695,0.314901081591465,0.0210564806948166,0,"GOA"
"Chignik Early","Sockeye",2006,3156222,411786,0,0.000377666716726517,0.00458396145771749,0,0,0.000356438805635345,0.065026794693149,0.691976039708233,0.0109960579452269,0,0.000242061553338137,0.0362290738737643,0.186067710066022,0.00139945795954784,0,0,0,0.00274473722063911,0,0,0,0,0,2.03662722476738,97,56.28,-158.64,1,0.004961628174444,0.768355331152245,0.223938303452672,0.00274473722063911,0,"GOA"
"Chignik Early","Sockeye",2007,855898,389781,0,0.00251782338549687,0.0169564597650655,0.00124664387578894,0,0.000293259243507988,0.0451619235002302,0.366496942392668,0.00139969949690267,0,0.00114032279547329,0.0833966196906641,0.480019815445298,0.00115901661179253,0,0,0,0.000211473797111338,0,0,0,0,0,0.78656616722287,97,56.28,-158.64,1,0.0207209270263513,0.413351824633309,0.565715774543228,0.000211473797111338,0,"GOA"
"Chignik Early","Sockeye",2008,2347312,440697,0,0.000150810799757339,0.00440163046071421,0,0,1.2780576250622e-05,0.180285790725732,0.784232773487291,0.00205426462268331,0,4.26019208354066e-07,0.00164912035553859,0.0267028839796329,0,0,0,0,0.000509518973191463,0,0,0,0,0,1.67266855820558,97,56.28,-158.64,1,0.00455244126047155,0.966585609411957,0.0283524303543798,0.000509518973191463,0,"GOA"
"Chignik Early","Sockeye",2009,294918,446383,0,0,0.0122033921293376,0.00184458052746865,0,0.000807003980767535,0.153222251608922,0.32289653395181,0.00112912741846886,0,0.000233963338962017,0.130537980048691,0.355831112377,1.35630921137401e-05,0,0,0.00524213510196055,0.0119863826555178,0.00405197376897985,0,0,0,0,-0.414479976306283,97,56.28,-158.64,1,0.0140479726568063,0.478054916959969,0.486616618856767,0.0212804915264582,0,"GOA"
"Chignik Early","Sockeye",2010,918041,450518,0,0,0,0,0,0.00124504243274538,0.186304315384607,0.384276954950814,0.000934598781535901,0,0.000955295024949866,0.0771653989309846,0.340667791525651,0.00260772667015961,0,0,0.000934598781535901,0.00490827751701721,0,0,0,0,0,0.711844020077455,97,56.28,-158.64,1,0,0.572760911549702,0.421396212151745,0.00584287629855311,0,"GOA"
"Chignik Early","Sockeye",2011,1381369,492557,0,0,0.000388744788684269,0,0,0.00204434875836941,0.144876568100196,0.561832500946525,0.00481840840499533,0,0.000573344269344397,0.0497209652163904,0.234387046473462,0.00109384241285276,0,0,5.28461258360366e-05,0.000211384503344146,0,0,0,0,0,1.03122012544533,97,56.28,-158.64,1,0.000388744788684269,0.713571826210086,0.28577519837205,0.000264230629180183,0,"GOA"
"Chignik Early","Sockeye",2012,727598,360709,0,0,0.00053051272818232,0,0,0.00233508063518591,0.148037790098379,0.782109076715439,0.00420149588096724,0,0.00059098568165388,0.0347678250902284,0.0256419066572475,0.00118746890453245,0,0,0,0.000597857608184739,0,0,0,0,0,0.701677158795695,97,56.28,-158.64,1,0.00053051272818232,0.936683443329971,0.0621881863336623,0.000597857608184739,0,"GOA"
"Chignik Early","Sockeye",2013,261831,404753,0,0,0.152865779835084,0.00113050020814953,0,0.00187525541284264,0.143420756136592,0.219462172164488,0.0041897254335812,0,0.000202420645378126,0.0852840190810103,0.390156245822687,0.00141312526018691,0,0,0,0,0,0,0,0,0,-0.435577747046447,97,56.28,-158.64,1,0.153996280043234,0.368947909147504,0.477055810809262,0,0,"GOA"
"Chignik Early","Sockeye",2014,232929,353798,0,0.0164513650082214,0.0460311940548407,0.00312970905297322,0,0.00237411400040356,0.216460809946379,0.528998106719215,0.00567554920168807,0,0,0.0475466773136879,0.132675622185301,0,0,0,0.000656852517290677,0,0,0,0,0,0,-0.417992442699687,97,56.28,-158.64,1,0.0656122681160354,0.753508579867685,0.180222299498989,0.000656852517290677,0,"GOA"
"Chignik Early","Sockeye",2015,373967,421848,0,0.0478946003256972,0.351012255092027,0.000965325817518658,0,0.000914519195543992,0.118085285600066,0.238333863683159,0.000655138020199643,0,0.000489347990598101,0.0793465733607511,0.160942008252065,0.00101880647222883,0,0,0,0.00034227619014512,0,0,0,0,0,-0.120477501351255,97,56.28,-158.64,1,0.399872181235243,0.357988806498969,0.241796736075643,0.00034227619014512,0,"GOA"
"Chignik Late","Sockeye",1983,1213142,428034,0,0,0.00227013820311225,5.52284893277127e-05,0,0,0.00924788689205386,0.0811529070793032,8.24305810861383e-07,0,0.00291062381815154,0.0781705686556067,0.81668592794578,0.00872280409053516,0.000138483376224712,0,0.000638012697606711,6.59444648689106e-06,0,0,0,0,0,1.04176633554124,98,56.28,-158.64,1,0.00232536669243996,0.0904016182771679,0.906628407886299,0.000644607144093602,0,"GOA"
"Chignik Late","Sockeye",1984,1711284,268495,0,0.000216211920405964,0.000198096867615194,0,0,0.0008794565951648,0.0134320194660851,0.031676215052557,0.00131304914906,0,0.00506812428562413,0.169981721327378,0.769191437540467,0.00425411562312275,0,0,0.00095191680632788,0.00283763536619287,0,0,0,0,0,1.85216695312085,98,56.28,-158.64,1,0.000414308788021158,0.0473007402628669,0.948495398776591,0.00378955217252075,0,"GOA"
"Chignik Late","Sockeye",1985,562588,369260,0.000216854963134656,0.000119092479754278,1.77749969782505e-05,0.000943852339545102,0,0.000844312356466899,0.0117919329953714,0.210130681777784,0.00121936479270799,0,0.0240726784076447,0.250485257417506,0.493279273642523,0.00492367416297539,0,0,0.00127802228273621,0.000677227384871345,0,0,0,0,0,0.421046563319267,98,56.28,-158.64,1,0.00129757477941229,0.22398629192233,0.77276088363065,0.00195524966760756,0,"GOA"
"Chignik Late","Sockeye",1986,627198,274501,0.000212054247621963,1.59439283926288e-06,0.0205437517339022,0.00010522992739135,0,0.00252232947171388,0.146789371139576,0.145902888720946,0.000945474953682888,0,0.00146684141212185,0.192610626947152,0.469569418269829,0.0141183485916728,0,0.00010522992739135,0.00369261381573283,0.000932719810968785,0.00048150663745739,0,0,0,0,0.826307376325405,98,56.28,-158.64,1,0.0208626303017548,0.296160064285919,0.677765235220776,0.00521207019155036,0,"GOA"
"Chignik Late","Sockeye",1987,1208486,313289,0,0.00501453885274633,0.000491524105368205,6.95084593449986e-05,0,8.0265720910296e-05,0.0238008549540499,0.171973030717774,0.00327268996082702,0,0.00572038070776161,0.123133408248006,0.593063552246364,0.00487883186069181,0,0.000167978776750413,0.0024369334853693,0.0658212010730782,7.53008309570818e-05,0,0,0,0,1.34999752824374,98,56.28,-158.64,1,0.00557557141745953,0.199126841353561,0.726796173062824,0.068501414166155,0,"GOA"
"Chignik Late","Sockeye",1988,664478,227785,0,0,0.000994765816174501,0,0,0.00253582511384877,0.0406499537983199,0.271777244694332,0.00464725694454895,0,0.0032958201776432,0.113564331700974,0.536424080255479,0.0120861789254121,0,6.92272731377111e-05,0.00507165022769753,0.00812818483079951,0.000356670950731251,0,0,0.000398809290902031,0,1.07059956839489,98,56.28,-158.64,1,0.000994765816174501,0.319610280551049,0.665370411059508,0.013625733282366,0.000398809290902031,"GOA"
"Chignik Late","Sockeye",1989,1778041,477631,0,0.000274459362860586,0.00330082377178029,0.000424062212288693,0,0.00270972379152112,0.0605047915093072,0.254674104815356,0.0010207863598196,0,0.00163888234298309,0.066231318625386,0.553048551748807,0.00596161730803733,0,0.000212031106144346,0.00328057676960205,0.0466209721823063,2.024700217824e-05,0,7.70510916227466e-05,0,0,1.31442900758086,98,56.28,-158.64,1,0.00399934534692957,0.318909406476004,0.626880370025213,0.0501338270602309,7.70510916227466e-05,"GOA"
"Chignik Late","Sockeye",1990,888009,269640,0,0.000297294284179552,0.00825554695954658,6.75668827680801e-06,0,0.000376122314075646,0.033794702531168,0.233673307365128,0.00230177847296593,0,0.00308668042778846,0.136173169416076,0.564156444360361,0.00159457843332669,0,0,0.0013535898847872,0.0146507524135454,0.000279276448774731,0,0,0,0,1.19189414209071,98,56.28,-158.64,1,0.00855959793200294,0.270145910683338,0.705010872637552,0.0162836187471073,0,"GOA"
"Chignik Late","Sockeye",1991,838041,284252,0,0.000183761892317918,0.000783971189953714,0.00014915738012818,0,0.000316213645871741,0.0808755180235812,0.304106839641497,0.000381842893128141,0,0.00204882577344068,0.118602789123682,0.478978952103775,0.00595436261471694,0,0,0.00307741506680461,0.0045403506511018,0,0,0,0,0,1.08120585663387,98,56.28,-158.64,1,0.00111689046239981,0.385680414204078,0.605584929615615,0.0076177657179064,0,"GOA"
"Chignik Late","Sockeye",1992,995042,331009,0,1.40697578594672e-05,0.0138466516991243,5.0249135212383e-06,0,0.00117080485044852,0.0184705771213677,0.122716428050273,0.00198785578900187,0,0.0108166288458176,0.179375342950348,0.567659455580769,0.0012039692796887,0,0.00331242299320029,0.0599040040520903,0.0195167641164896,0,0,0,0,0,1.10063938198327,98,56.28,-158.64,1,0.013865746370505,0.144345665811091,0.759055396656624,0.0827331911617801,0,"GOA"
"Chignik Late","Sockeye",1993,1460665,264442,0,0.000108854528588006,0.00122067688347431,1.36923935330825e-06,0,0.000379279300866386,0.013341183638959,0.0691014024434076,0.00132747755303235,0,0.0111305467030428,0.202274991185522,0.697048262264106,0.000863990031937508,0,0,0.00308010392526692,0.000121862302444435,0,0,0,0,0,1.70902514486606,98,56.28,-158.64,1,0.00133090065141562,0.0841493429362653,0.911317790184608,0.00320196622771135,0,"GOA"
"Chignik Late","Sockeye",1994,1425974,286361,0,1.68306013994645e-05,0,0,0,0.000572240447581793,0.0294184886961473,0.328996882131091,0.00358561937314425,0,0.00501481794198211,0.203927981856612,0.424802976772368,0.00170269584157916,0,0,0.000189344265743976,0.000955837904477922,0,0,0.000816284167874029,0,0,1.60535711535922,98,56.28,-158.64,1,1.68306013994645e-05,0.362573230647964,0.63544847241254,0.0011451821702219,0.000816284167874029,"GOA"
"Chignik Late","Sockeye",1995,1488206,293760,0,2.3518249489654e-05,0.00377165526815508,0,0,0.00147828996792111,0.132366083727656,0.342814099660934,0.00206288645523536,0,0,0.028588112129638,0.462527365163156,0.00824281047113101,0,8.86973980752665e-05,0.00959746164173508,0.0083933272678648,0,4.56925990084706e-05,0,0,0,1.62256353923908,98,56.28,-158.64,1,0.00379517351764473,0.478721359811747,0.499358287763925,0.0180794863076751,4.56925990084706e-05,"GOA"
"Chignik Late","Sockeye",1996,1297411,319674,0,0.000732227489978118,0.0554535147304902,0.000139508605985305,0,6.55150912085684e-05,0.0442242280973415,0.405199277638312,0.00560038414966422,0,0.000206565228751722,0.0721906936198321,0.4056093250327,0.00238552008577082,0,0.000158777750458413,0.00287958095006131,0.00515488152944595,0,0,0,0,0,1.40082429272318,98,56.28,-158.64,1,0.0563252508264536,0.455089404976526,0.480392103967054,0.00819324022996568,0,"GOA"
"Chignik Late","Sockeye",1997,870783,306778,0,0.00408253261719625,0.00235764823153415,0.000482324528613903,0,0.000151587708992941,0.0305541104959559,0.215308521181511,0.00194422720700795,0,0.00241966138521308,0.122093564068201,0.610191057932918,0.00446954063182217,0,0,0.00257124909420602,0.00312936747731639,0.000244607439511336,0,0,0,0,1.04326844792257,98,56.28,-158.64,1,0.0069225053773443,0.247958446593468,0.739173824018154,0.00594522401103375,0,"GOA"
"Chignik Late","Sockeye",1998,468110,218238,0,0.000382388754779859,0.00479374505992181,0,0,0.00308047253850591,0.0983999487299994,0.47382880092286,0.00129029501612869,0,0.000279848753498109,0.0759308709491359,0.338837025485463,0.000863045010788063,0,0,0.000546880006836,0.00176667877208348,0,0,0,0,0,0.763117100644242,98,56.28,-158.64,1,0.00517613381470167,0.576599517207494,0.415910790198885,0.00231355877891948,0,"GOA"
"Chignik Late","Sockeye",1999,366158,291432,0,0.00162225050388084,0.0238012005746153,0,0,0.000226678100710622,0.140327399647147,0.36954538751031,0.00525729329961383,0,0.00683038469731646,0.114726429574118,0.330406545808094,0.00528187285270293,0,0,0.000289492514160554,0.00168506491733077,0,0,0,0,0,0.228258231817768,98,56.28,-158.64,1,0.0254234510784962,0.515356758557781,0.457245232932231,0.00197455743149132,0,"GOA"
"Chignik Late","Sockeye",2000,1049835,439155,0,0.000151452371086885,0.00323193644715598,0,0,0.00121352402996661,0.0592664561573962,0.5268608876633,0.00554944348397605,0,0.00106778684269433,0.0187553282182438,0.37192415951078,0.00696299894745365,0,0,0,0.00501602632794677,0,0,0,0,0,0.87153586201655,98,56.28,-158.64,1,0.00338338881824287,0.592890311334638,0.398710273519172,0.00501602632794677,0,"GOA"
"Chignik Late","Sockeye",2001,746635,301858,0,2.27688227848949e-05,0.0155953042651362,0.00156167337454044,0,0.000468769880865483,0.0202763063612073,0.364536888841268,0.0187374018094517,0,0.00138755884736183,0.0553563655601465,0.512906574162744,0.00817400737977727,0,0,0.000767443262102634,0.00020893743261433,0,0,0,0,0,0.905619736446018,98,56.28,-158.64,1,0.0171797464624616,0.404019366892792,0.577824505950029,0.000976380694716963,0,"GOA"
"Chignik Late","Sockeye",2002,614072,331120,0,0,0.0128014304511523,0.000309409971469144,0,0.000657903307755442,0.0460304329134043,0.456317825922693,0.00549772665094647,0,0,0.0394921116742011,0.429462668872705,0.00580225120181347,0,0,0.00044294480126109,0.00318529423259813,0,0,0,0,0,0.617631337675447,98,56.28,-158.64,1,0.0131108404226215,0.508503888794799,0.47475703174872,0.00362823903385922,0,"GOA"
"Chignik Late","Sockeye",2003,692725,246939,0,0.00133241906961637,0.0526875744342993,6.49608430473853e-05,0,0.000482153812840593,0.0639474538958461,0.32347757046447,0.00449095961600924,0,0.000383990761124544,0.0550290519325851,0.489735465011368,0.00451405680464831,0,0,0.00031181204662745,0.00354253130751741,0,0,0,0,0,1.03149175247234,98,56.28,-158.64,1,0.0540849543469631,0.392398137789166,0.549662564509726,0.00385434335414486,0,"GOA"
"Chignik Late","Sockeye",2004,990435,216227,0,0.00427690863105605,0.0359882273950335,0.000223134279382292,0,0.000866286025837132,0.016052542569679,0.325032940071787,0.00135697950900362,0,0.000548243953414409,0.141981048731113,0.456708415999031,0.00798235118912397,0,0,0,0.00898292164553959,0,0,0,0,0,1.52181545878875,98,56.28,-158.64,1,0.0404882703054718,0.343308748176306,0.607220059872682,0.00898292164553959,0,"GOA"
"Chignik Late","Sockeye",2005,826447,245396,0,0.000619519461018069,0.0138823179223834,0,0,0,0.0644675339132455,0.43871052832184,0.00262206771880108,0,0.00130437886519039,0.0582203093483309,0.342507142018786,0.00384416665557501,0,0,0.0383521266336498,0.028742314994186,0.00672759414699309,0,0,0,0,1.21426255714764,98,56.28,-158.64,1,0.0145018373834015,0.505800129953887,0.405875996887883,0.0738220357748289,0,"GOA"
"Chignik Late","Sockeye",2006,1407875,323706,0,0.00122027878895499,0.0076675841250111,0,0,0.00053768978069786,0.0431664742963686,0.17724726982154,0.00297824735860783,0,0.00204563615377786,0.122993873745894,0.607753529255083,0.00888289088164787,0,0.000133534582260499,0.00060445707182811,0.024768534138329,0,0,0,0,0,1.47000105792626,98,56.28,-158.64,1,0.00888786291396608,0.223929681257214,0.741675930036402,0.0255065257924177,0,"GOA"
"Chignik Late","Sockeye",2007,811206,265192,0,0.00278597544889954,0.0144205047793039,2.09564524917222e-05,0,0.00139791865444782,0.0168341950133505,0.0765761101372524,1.23273249951307e-06,0,0.00110945924956176,0.112723525220474,0.766901378934574,0.00573343885523529,0,0,0,0.00149530452190935,0,0,0,0,0,1.11806793731508,98,56.28,-158.64,1,0.0172274366806952,0.0948094565375503,0.886467802259845,0.00149530452190935,0,"GOA"
"Chignik Late","Sockeye",2008,888548,265359,0,0.000833944817837641,0.00332902668173244,0,0,0.0033661659246321,0.212476984923718,0.339526958588619,0.00152158352728271,0,0.000733781405168882,0.0423409877688093,0.385300512746638,0,0,0,0,0.0105700536155616,0,0,0,0,0,1.20850504360461,98,56.28,-158.64,1,0.00416297149957009,0.556891692964252,0.428375281920617,0.0105700536155616,0,"GOA"
"Chignik Late","Sockeye",2009,1207651,273679,0,0,0.000147393576455449,0.00176872291746539,0,0.000990352345172571,0.0254742471127834,0.0864372239993177,0.00127106258347817,0,0.00251397133774576,0.15996840146698,0.712315892588173,0.00047613093517912,0,0,0.00524654887877375,0.00326915640362986,0.000120895854845481,0,0,0,0,1.48447654270794,98,56.28,-158.64,1,0.00191611649392084,0.114172886040752,0.875274396328078,0.00863660113724909,0,"GOA"
"Chignik Late","Sockeye",2010,1180393,293395,0,0,0.000501527880968457,0,0,0.00262878549771136,0.0525401285842935,0.493651690581018,0.000782790138538605,0,0.0127008547153363,0.120165063669473,0.301938422203453,0.0104287300924353,0,0,0.000943753478714293,0.00371825315805838,0,0,0,0,0,1.39208288887583,98,56.28,-158.64,1,0.000501527880968457,0.549603394801562,0.445233070680697,0.00466200663677267,0,"GOA"
"Chignik Late","Sockeye",2011,958392,261259,0,0,0.000785691032479403,0,0,0.0066820257264251,0.123914849038807,0.454833721483485,0.00550505429928463,0,0.0119241396004975,0.0624671324468485,0.330857310995918,0.00232159700832227,0,0,0.000232681408025109,0.000475796959907846,0,0,0,0,0,1.29974462763453,98,56.28,-158.64,1,0.000785691032479403,0.590935650548001,0.407570180051586,0.000708478367932954,0,"GOA"
"Chignik Late","Sockeye",2012,324331,351682,0,0,0.00395583524239126,0,0,0.013615719743102,0.110846635073428,0.616740305428713,0.00612337396055264,0,0.00526622493687005,0.109489996330909,0.125211589394785,0.0016896318884103,0,0,0.00132272277395624,0.00573796522688241,0,0,0,0,0,-0.0809627589398444,98,56.28,-158.64,1,0.00395583524239126,0.747326034205796,0.241657442550974,0.00706068800083865,0,"GOA"
"Chignik Late","Sockeye",2013,666510,351349,0,0.00065415372612564,0.0122743844803529,1.50035258285697e-06,0,0.00138932649172556,0.0725555505543803,0.150224302711137,0.00115677184138273,0,0.00619795651978215,0.169560846798998,0.584633388846379,0.00135181767715413,0,0,0,0,0,0,0,0,0,0.640275111787783,98,56.28,-158.64,1,0.0129300385590614,0.225325951598626,0.761744009842313,0,0,"GOA"
"Chignik Late","Sockeye",2014,398197,297812,0,0.00238826510496061,0.0273055799014056,0.00230288023264866,0,0.00744857444933036,0.184662365613001,0.573866704169042,0.000718237455329899,0,0.000572580908444815,0.0662310363965575,0.134327983385108,0,0,0,0.000175792384171654,0,0,0,0,0,0,0.290484442760752,98,56.28,-158.64,1,0.0319967252390149,0.766695881686703,0.201131600690111,0.000175792384171654,0,"GOA"
"Chignik Late","Sockeye",2015,497448,702051,0,0.0237894212058346,0.148540148920088,0.000199015776523375,0,0.00291085701420048,0.0275043823676043,0.0756038822148245,1.60820829513839e-05,0,0.034924253389299,0.10058538781943,0.576982920827906,0.00562671877261543,0,0,0.00191778839195253,0.0013991412167704,0,0,0,0,0,-0.344515022436895,98,56.28,-158.64,1,0.172528585902446,0.106035203679581,0.71811928080925,0.00331692960872292,0,"GOA"
"Nelson","Sockeye",1982,337539,179600,0,0.00093026287332723,0.0166143764127997,0.000198495581251352,0,0.000192570340019968,0.033963482738291,0.134769611807821,0.000364402335730093,0,0.00780650532234794,0.424807207463434,0.372819140899274,0.00285300365291122,0,0,0.00465723960786754,2.37009649255345e-05,0,0,0,0,0,0.630948903324012,100,55.96,-161.28,1,0.0177431348673783,0.169290067221862,0.808285857337967,0.00468094057279307,0,"BS"
"Nelson","Sockeye",1983,273580,128800,0,0.00311426273850428,0.020981065867388,0.000891878061261788,0,0,0.160304115797938,0.265670005117333,0.00342130272680751,0,0.0866693471745011,0.195672198260107,0.241618539366913,0.0108341253015571,0,0,0.000767599970758096,0.0100555596169311,0,0,0,0,0,0.753333269991045,100,55.96,-161.28,1,0.024987206667154,0.429395423642079,0.534794210103078,0.0108231595876892,0,"BS"
"Nelson","Sockeye",1984,704171,251000,0,0.000886148392932967,0.00271524956296127,0.000292542578436204,0,0.00942668755174524,0.084642792730743,0.0847748629239205,0.000637629212222599,0,0.0180041495602631,0.392741251769812,0.390548602541144,2.41418632690071e-05,0,0.000218696879025123,0.0150872444335254,0,0,0,0,0,0,1.03156828525865,100,55.96,-161.28,1,0.00389394053433044,0.179481972418631,0.801318145734488,0.0153059413125505,0,"BS"
"Nelson","Sockeye",1985,547610,314000,0,0.000306787677361626,0.00178229031610087,0.000312266028743084,0,0.00122532459231935,0.14123007249685,0.202001424371359,0,0,0.0146765033509249,0.436303208487792,0.199097898139187,0.00298022315151294,0,0,0,8.40013878490166e-05,0,0,0,0,0,0.556170368844049,100,55.96,-161.28,1,0.00240134402220558,0.344456821460528,0.653057833129417,8.40013878490166e-05,0,"BS"
"Nelson","Sockeye",1986,554509,117500,7.21358895888074e-05,0.000337235283827675,0.00788084593757721,0,0,0.000636599225621225,0.0606843171165842,0.340632884227307,0.0140683018670572,0,2.34441641163624e-05,0.315619764512388,0.252684807640633,0.00327677278457158,0,0,0.000513968213320253,0.00356892313740625,0,0,0,0,0,1.55164470391308,100,55.96,-161.28,1,0.00829021711099369,0.41602210243657,0.57160478910171,0.0040828913507265,0,"BS"
"Nelson","Sockeye",1987,530288,155700,0,0.000107488760824307,0.00299459916121051,0.000269664785927647,0,0,0.133970597109495,0.000211205986181094,0.00563090245300667,0,0.00795982560419998,0.28526008508584,0.542444860151465,0.00575913465890233,0,0,0.0148485351356244,0.000543101107322813,0,0,0,0,0,1.22548917634636,100,55.96,-161.28,1,0.00337175270796247,0.139812705548683,0.841423905500407,0.0153916362429472,0,"BS"
"Nelson","Sockeye",1988,671751,142900,0,0.000854483283240367,0.00512243375893746,0,0,0.00499738742480473,0.197181693812142,0.188635372332903,0.00658279630398764,0,0.0137863583381342,0.383914575490025,0.19239420559106,0.00152586300578637,0,0,0.00344026283548517,0.00156456782349412,0,0,0,0,0,1.54774265120772,100,55.96,-161.28,1,0.00597691704217783,0.397397249873837,0.591621002425006,0.00500483065897929,0,"BS"
"Nelson","Sockeye",1989,632332,206800,0,0.000822352814660653,0.0047902051453983,0,0,0.000623090401877495,0.0344961191272939,0.0675357249040061,0.00080653833745564,0,0.0135213780102857,0.668835358640714,0.204519145006104,0.000164470562932131,0,0.000526622090926918,0.00335899495834467,0,0,0,0,0,0,1.11766243003789,100,55.96,-161.28,1,0.00561255796005896,0.103461472770633,0.887040352220036,0.00388561704927159,0,"BS"
"Nelson","Sockeye",1990,719453,269200,0,0.000380844891883139,0.00255193876458921,6.53274084617063e-05,0,0,0.0547513180152143,0.145798266182781,0.00107025754288327,0,0.022002827147847,0.681086881283419,0.091753040156897,0,0,0,0,0.000539298606024299,0,0,0,0,0,0.98303660328213,100,55.96,-161.28,1,0.00299811106493405,0.201619841740878,0.794842748588164,0.000539298606024299,0,"BS"
"Nelson","Sockeye",1991,667405,279200,0,6.44286452753575e-05,0.00127358949962916,1.94784276413872e-05,0,8.54054135045437e-05,0.0413407151579626,0.140503891939677,0.00158674268247915,0,0.0436811231561046,0.595758197795941,0.175686427281785,0,0,0,0,0,0,0,0,0,0,0.871468687160058,100,55.96,-161.28,1,0.00135749657254591,0.183516755193623,0.815125748233831,0,0,"BS"
"Nelson","Sockeye",1992,420384,179700,0.000421043617264216,0.000884905229504453,0.0167037755956459,8.3257212453376e-05,0,0.000873011342011114,0.241548203547233,0.209358586435259,0.000642269924640329,0,0.0380651975336835,0.330283740580041,0.155729047727792,0,0,0,0.00463861612240237,0.000768345132069727,0,0,0,0,0,0.849879785497584,100,55.96,-161.28,1,0.0180929816548679,0.452422071249144,0.524077985841516,0.0054069612544721,0,"BS"
"Nelson","Sockeye",1993,255474,262200,0,0.00230160407712722,0.0241433570539468,0,0,0.00272434768313018,0.126040223271253,0.397175446425077,0.00296311953466889,0,0,0.268391304007453,0.172076219106445,0.00096683028409936,0,0,0,0.0032175485568003,0,0,0,0,0,-0.0259869281163141,100,55.96,-161.28,1,0.026444961131074,0.528903136914128,0.441434353397997,0.0032175485568003,0,"BS"
"Nelson","Sockeye",1994,486611,333400,0,0,0.00366617277455709,0,0,0.000135631952421955,0.115776256599214,0.114487753051205,0.000384290531862206,0,0.0528533058233373,0.572346288924829,0.13319057727836,0.000813791714531731,0,0,0.00459915620485357,0.00174677514482821,0,0,0,0,0,0.378122065613636,100,55.96,-161.28,1,0.00366617277455709,0.230783932134703,0.759203963741058,0.00634593134968178,0,"BS"
"Nelson","Sockeye",1995,320842,338700,0,0.00127165396051639,0.0282163806484188,0.000140255951527543,0,0.00381807868047201,0.125261031909787,0.124706241701523,0.00138074192281559,0,0.0250839977309704,0.49685514988686,0.186309772411343,0.00133087314005024,0,0,0,0.0056258220557159,0,0,0,0,0,-0.0541659697077276,100,55.96,-161.28,1,0.0296282905604628,0.255166094214598,0.709579793169223,0.0056258220557159,0,"BS"
"Nelson","Sockeye",1996,510952,250500,0,0.000953122798227622,0.00939031455009473,0.00264408398440558,0,0.00072218133993017,0.201741063739842,0.250319012353411,0.000504939798650362,0,0.000730009863940253,0.237691603125147,0.227305108894769,0.000555825204715903,0,0.00035032644945122,0.0570307974134557,0.0100616104839594,0,0,0,0,0,0.712816731802964,100,55.96,-161.28,1,0.0129875213327279,0.453287197231834,0.466282547088572,0.0674427343468662,0,"BS"
"Nelson","Sockeye",1997,654502,183000,0,4.27806179354685e-05,0.0174224066542195,0,0,0.000513367415225622,0.0623114979022218,0.056180118624542,0.00119327366455717,0,0.00882503032840236,0.556745433932975,0.287394079773629,0.00218181151470889,0,0.000357523735603558,0.00592817134248635,0.000904504493492762,0,0,0,0,0,1.27438848827163,100,55.96,-161.28,1,0.017465187272155,0.120198257606547,0.855146355549716,0.00719019957158267,0,"BS"
"Nelson","Sockeye",1998,535911,159810,0,0.0101117536307335,0.0151237798813609,0,0,0.00112518683139551,0.0928120527475644,0.164598226198007,0.0018454556820069,0,0.016183657361017,0.463481809479559,0.22928434012364,0.000143680573826624,0,0.00201899195948581,0.00189397120044186,0.00137709433096167,0,0,0,0,0,1.20998249291071,100,55.96,-161.28,1,0.0252355335120944,0.260380921458974,0.709093487538043,0.00529005749088935,0,"BS"
"Nelson","Sockeye",1999,1103081,202067,0,0.021659334174009,0.0124886567713522,0.000535772078387716,0,0.000257460694182929,0.0429361035137039,0.0966175648025848,0.00136073416186119,0,0.0946458147679092,0.61385519286435,0.106916899121642,0.000404322076076009,0,0.000482285525722952,0.0059768956223523,0.00186296382586592,0,0,0,0,0,1.69726312706579,100,55.96,-161.28,1,0.0346837630237489,0.141171863172333,0.815822228829977,0.00832214497394117,0,"BS"
"Nelson","Sockeye",2000,569781,182694,0.000410684104945584,0.0186018838817019,0.0278370110621449,0,0,0.00402961839724385,0.0746076123984478,0.0943766113647173,0.00162694087728443,0,0.00438414057330799,0.638499704272343,0.133363520370107,0.00045280555160667,0,0,0.000759941100177086,0.00104952604597205,0,0,0,0,0,1.13743945435231,100,55.96,-161.28,1,0.0468495790487924,0.174640783037693,0.776700170767365,0.00180946714614913,0,"BS"
"Nelson","Sockeye",2001,539933,201962,0.0039856797047041,0.0647358098134398,0.0291184276567648,0.00130571756125297,0,3.70416329433467e-05,0.0704680025114227,0.111454569363236,0.00124459886689645,0,0.0158241855933977,0.467037576884539,0.229845184495113,0.00086862629252148,0,0,0.00196876279093888,0.00210581683282926,0,0,0,0,0,0.983365496893661,100,55.96,-161.28,1,0.0991456347361617,0.183204212374498,0.713575573265572,0.00407457962376813,0,"BS"
"Nelson","Sockeye",2002,488245,315689,0.000325656176714559,0.0347161773290049,0.0250488996303086,0.000555049206853117,0,0.000391197042468433,0.106594025540456,0.137943040891356,0.000802875605484951,0,0.00882753535622485,0.489168347858145,0.193427480056119,0.000487460189044435,0,0,0.00171225511781995,0,0,0,0,0,0,0.436059777297618,100,55.96,-161.28,1,0.0606457823428811,0.245731139079765,0.691910823459534,0.00171225511781995,0,"BS"
"Nelson","Sockeye",2003,279660,343511,0.00293213187441894,0.0285847100050061,0.0372738325109061,0.00116927697918902,0,0.00280340413359079,0.256879782593149,0.285096188228563,0.00740899663877566,0,0.00316098119144676,0.263162411499678,0.108878638346564,0,0,0,0.00177715797754416,0.000872488021168562,0,0,0,0,0,-0.20564455482663,100,55.96,-161.28,1,0.0699599513695201,0.552188371594079,0.375202031037689,0.00264964599871272,0,"BS"
"Nelson","Sockeye",2004,429920,480097,0,0.00271213248976554,0.0163193152214365,0.000548939337551172,0,0.000223297357647935,0.151383978414589,0.336837085969483,0,0,0.00269352437662821,0.379954410122814,0.106103461109044,0.00265630815035355,0,0,0.0005675474506885,0,0,0,0,0,0,-0.110389021952003,100,55.96,-161.28,1,0.0195803870487533,0.488444361741719,0.491407703758839,0.0005675474506885,0,"BS"
"Nelson","Sockeye",2005,164387,290000,0,0.00343092823641772,0.0119352503543468,0,0,0.001101060302822,0.158844677498829,0.49187587826288,0.00975746257307451,0,0.00347959388516124,0.216142395688224,0.103432753198246,0,0,0,0,0,0,0,0,0,0,-0.567657518910857,100,55.96,-161.28,1,0.0153661785907645,0.661579078637605,0.32305474277163,0,0,"BS"
"Nelson","Sockeye",2006,204881,215000,0,0.00238187045162802,0.0116457846261976,0.00133248080593125,0,0.00209877929139354,0.150448309018406,0.131354298348798,0,0,0.0153064461809538,0.478370371093464,0.191940687521049,0,0.000707727900586194,0.00071748966473221,0.00789726719412732,0.00579848790273378,0,0,0,0,0,-0.0482087053424084,100,55.96,-161.28,1,0.0153601358837569,0.283901386658597,0.686325232696053,0.0144132447615933,0,"BS"
"Nelson","Sockeye",2007,148625,180000,0,0,0,0.000571909167367536,0,0.00871993271656855,0.080497897392767,0.079542472666106,0.00213288477712363,0.000975609756097561,0.0192363330529857,0.448127838519765,0.330550042052145,0.00869301934398654,0,0,0.0172245584524811,0.00372750210260723,0,0,0,0,0,-0.191530495879265,100,55.96,-161.28,1,0.000571909167367536,0.171868797308663,0.806607232968881,0.0209520605550883,0,"BS"
"Nelson","Sockeye",2008,390320,141600,0,0,0.00521110883377741,0,0,0.00765781922525108,0.160043041606887,0.187392395982783,0.00228786636605862,0,0.00439639270342283,0.485650235704038,0.146310719409715,0,0,0,0.00105042016806723,0,0,0,0,0,0,1.01396073424796,100,55.96,-161.28,1,0.00521110883377741,0.35738112318098,0.636357347817176,0.00105042016806723,0,"BS"
"Nelson","Sockeye",2009,494678,157000,0,0,0.00111385588200809,0.000165764396233509,0,0.0693683567896692,0.29139157189121,0.198272411548522,0,0,0.0049042003080792,0.317847165226673,0.101827855696029,0,0,0,0.0151088182615762,0,0,0,0,0,0,1.14766124049967,100,55.96,-161.28,1,0.0012796202782416,0.559032340229402,0.42457922123078,0.0151088182615762,0,"BS"
"Nelson","Sockeye",2010,615564,108000,0,0.00222885029014042,0.00696109584056248,0,0,0.00131261737203605,0.215651012729789,0.0404474595655366,0,0,0.0102231449532461,0.61478091636288,0.100615045714174,0,0,0.00107543651025726,0.00670442066137721,0,0,0,0,0,0,1.74040769359835,100,55.96,-161.28,1,0.0091899461307029,0.257411089667362,0.725619107030301,0.00777985717163447,0,"BS"
"Nelson","Sockeye",2011,526115,89000,0,0.000420060252986514,0.000482784182165496,0,0,0.00260209269836443,0.11414994820524,0.0858671583208994,0,0,0.0681276907140074,0.619056670119651,0.109293595506686,0,0,0,0,0,0,0,0,0,0,1.77688345028796,100,55.96,-161.28,1,0.000902844435152011,0.202619199224504,0.796477956340344,0,0,"BS"
"Nelson","Sockeye",2012,649550,103300,0,0,0,0,0,0.0131352474790239,0.178606727734585,0.0699869140173967,0,0,0.0595304441536448,0.577442845046571,0.101054576245093,0.000243245323685629,0,0,0,0,0,0,0,0,0,1.83864243931615,100,55.96,-161.28,1,0,0.261728889231006,0.738271110768994,0,0,"BS"
"Nelson","Sockeye",2013,573600,248000,0,0,0,0,0,0.0177301255230126,0.381391213389121,0.0748675034867504,0,0,0.0547280334728033,0.421492329149233,0.0492398884239888,0,0,0,0.000550906555090656,0,0,0,0,0,0,0.838503543120428,100,55.96,-161.28,1,0,0.473988842398884,0.525460251046025,0.000550906555090656,0,"BS"
"Nelson","Sockeye",2014,154668,250000,0,0,0,0,0,0.00294825044611684,0.20319005870639,0.137391056973647,0,0,0.0244394444875475,0.550921974810562,0.0788980267411488,0,0,0,0.00221118783458763,0,0,0,0,0,0,-0.480180033651604,100,55.96,-161.28,1,0,0.343529366126154,0.654259446039258,0.00221118783458763,0,"BS"
"Nelson","Sockeye",2015,317728,257000,0,0.000538196192970088,0.000745921039379595,0,0,0.00180972404068889,0.138923859401752,0.0492591147144728,0.00203948031020244,0,0.0518714120253802,0.596875314734616,0.157936977540538,0,0,0,0,0,0,0,0,0,0,0.212119585955964,100,55.96,-161.28,1,0.00128411723234968,0.192032178467117,0.806683704300534,0,0,"BS"
"Bear","Sockeye",1982,280870,104503,0,0,0.00233916046569587,0,0,0,0.004713924591448,0.0261473279453128,0.000323993306511909,0,0.00474596788549863,0.25018335884929,0.702310677537651,0.00448250080108235,0,0,0.00173745861074518,0.0030156300067647,0,0,0,0,0,0.988676149707149,99,56.16,-160.45,1,0.00233916046569587,0.0311852458432727,0.961722505073522,0.00475308861750988,0,"BS"
"Bear","Sockeye",1983,319246,172143,0,0,0.00046045995877787,0,0,0,0.0157997281093577,0.0526302600502434,0.00152860176791565,0,0.000551298998264661,0.420929314697757,0.501265481791471,0.000278781879804289,0,0,0.00655607274640873,0,0,0,0,0,0,0.617636438723838,99,56.16,-160.45,1,0.00046045995877787,0.0699585899275167,0.923024877367297,0.00655607274640873,0,"BS"
"Bear","Sockeye",1984,503626,108151,0,0,0.000851822582630762,0,0,0,0.00573242842903266,0.0472314773264287,0.000367336078756855,0,0.0395094772708319,0.598410328299174,0.283523884787521,0.00250384213682375,0,0,0.0218694030888,0,0,0,0,0,0,1.53830553034058,99,56.16,-160.45,1,0.000851822582630762,0.0533312418342183,0.923947532494351,0.0218694030888,0,"BS"
"Bear","Sockeye",1985,939836,170739,0,0,0.000629897130988811,0,0,1.06401542396759e-06,0.0259694244527769,0.147475729808179,0.00112572831855771,0,0.0157006115960657,0.572913784958227,0.230969020126916,0.0029675390174456,0,0,4.04325861107683e-05,0.00220676798930877,0,0,0,0,0,1.70556931725099,99,56.16,-160.45,1,0.000629897130988811,0.174571946594938,0.822550955698654,0.00224720057541954,0,"BS"
"Bear","Sockeye",1986,870243,98921,0,0,0.00288655007854128,0,0,0.000197645944868272,0.0719454221407124,0.089258977090307,0.00143867862194812,0,0.00260731772619831,0.473727453136653,0.345921771275379,0.000478027401541868,0,0,0.0066084990054502,0.00492965757840052,0,0,0,0,0,2.17445093121233,99,56.16,-160.45,1,0.00288655007854128,0.162840723797836,0.822734569539772,0.0115381565838507,0,"BS"
"Bear","Sockeye",1987,1088611,83395,0,0,0.000835927617854312,5.23603013381272e-05,0,0,0.0715462180705504,0.0176472587545046,0.000294871170693664,0,0.0162785421054904,0.414347273727714,0.450660520608372,0.00175361079393833,0,0.000918601777861881,0.0235143683097084,0.00215044676197466,0,0,0,0,0,2.56906949514157,99,56.16,-160.45,1,0.000888287919192439,0.0894883479957487,0.883039947235514,0.026583416849545,0,"BS"
"Bear","Sockeye",1988,690272,140660,0,0,0.000370868295396597,0.000111550229474758,0,0.00304372768995411,0.0218696397941681,0.0268227597237031,0.000157908766399332,0,0.0425383037411339,0.537467838765009,0.362904767975523,0.00418096054888508,0,0,0.000324509758472023,0.000207164711881693,0,0,0,0,0,1.59074009193243,99,56.16,-160.45,1,0.000482418524871355,0.0518940359742247,0.94709187103055,0.000531674470353716,0,"BS"
"Bear","Sockeye",1989,1069218,204804,0,0,0.00180692805396093,0,0,0.00243074845354268,0.00608295034314798,0.0493014520892839,0.00207908957761654,0,0.0381175775192711,0.596836192432226,0.301757920274444,0.000410580442903131,0,0,0.00111389819475542,6.26626188485416e-05,0,0,0,0,0,1.65262939491527,99,56.16,-160.45,1,0.00180692805396093,0.0598942404635911,0.937122270668844,0.00117656081360396,0,"BS"
"Bear","Sockeye",1990,1188080,262946,0,0,0.000872836846003636,6.9018921284762e-05,0,0,0.0302058783920275,0.0655721836913339,7.91192512288735e-05,0,0.0100254191636927,0.669401050434314,0.21086627163154,0.000632112315668978,0,0,0.0111229883509528,0.00115312100195273,0,0,0,0,0,1.50814514982053,99,56.16,-160.45,1,0.000941855767288398,0.0958571813345903,0.890924853545216,0.0122761093529055,0,"BS"
"Bear","Sockeye",1991,376415,173913,0,0,0.000560551518935218,0.000239097804285164,0,0.00298340926902488,0.105569650518709,0.0866463876306736,0.00260085278216862,0,0.0415419151734123,0.51200138145398,0.243311238925123,0,0,0.000387869771395933,0.00415498851002218,2.65664226983516e-06,0,0,0,0,0,0.772137083966443,99,56.16,-160.45,1,0.000799649323220382,0.197800300200576,0.796854535552515,0.00454551492368795,0,"BS"
"Bear","Sockeye",1992,503964,195830,0,0,0.00147034311974665,0.00044844473017914,0,0.000490114373248883,0.0154554690414395,0.0890738227333698,0,0,0.0396079878721496,0.707108047400211,0.145159178036526,8.73078235746998e-05,0,0,0.00067266709526871,0.000426617774285465,0,0,0,0,0,0.945257901020053,99,56.16,-160.45,1,0.00191878784992579,0.105019406148058,0.891962521132462,0.00109928486955417,0,"BS"
"Bear","Sockeye",1993,540820,197988,0,0.000349469324359306,0.0146814097111793,1.84904404422913e-06,0,0.000225583373395954,0.0122610110572834,0.0122055397359565,0.000340224104138161,0,0.0571539514071225,0.677288192004734,0.211859768499686,0.000184904404422913,0,0.000227432417440183,0.0107595872933693,0.00240190821345364,5.91694094153323e-05,0,0,0,0,1.00488008349614,99,56.16,-160.45,1,0.0150327280795829,0.025032358270774,0.946486816315965,0.0134480973336785,0,"BS"
"Bear","Sockeye",1994,787727,204441,0,0.000401154206977798,0.000396076305623649,0,0,0.00216445545220616,0.0259531538210573,0.0230270131657287,6.98211436195535e-05,4.06232108331947e-05,0.0271299574598814,0.719044795976271,0.199181950091847,0.000906405391715658,0,0,0.00139388392171399,0.00029070985252505,0,0,0,0,0,1.34887215783205,99,56.16,-160.45,1,0.000797230512601447,0.0512550667934449,0.946263108919715,0.00168459377423904,0,"BS"
"Bear","Sockeye",1995,713745,107961,0,3.36254544690331e-05,0.00069632711962956,0,0,0.00179195651107889,0.0433530182348037,0.0665251595457761,0.00120491211847368,0,0.0386034227910528,0.638435295518708,0.207209857862402,0.00160981863270496,0,0,4.48339392920441e-05,0.000491772271609609,0,0,0,0,0,1.88875570489495,99,56.16,-160.45,1,0.000729952574098593,0.112875046410132,0.885858394804867,0.000536606210901652,0,"BS"
"Bear","Sockeye",1996,503017,119629,0,0.00043139695079888,0.00255856163906985,6.3616140209973e-05,0,0.00240150929292648,0.0750571054258604,0.0310904005232428,0.000598389318850059,0,0.0159557231664139,0.539774997664095,0.285837257985317,0.000840925853400581,0,0,0.0396229153289054,0.00576720071091037,0,0,0,0,0,1.4362286797047,99,56.16,-160.45,1,0.00305357473007871,0.10914740456088,0.842408904669226,0.0453901160398157,0,"BS"
"Bear","Sockeye",1997,348670,145311,0,0,0.00314050534889724,0.000143402070725901,0,0.001511457825451,0.0163994608082141,0.00747411592623397,0.000562136117245533,0,0.082897869045229,0.569395130065678,0.297281096739037,0,0,0.000576476324318123,0.0205896693148249,2.86804141451803e-05,0,0,0,0,0,0.875249642992753,99,56.16,-160.45,1,0.00328390741962314,0.0259471706771446,0.949574095849944,0.0211948260532882,0,"BS"
"Bear","Sockeye",1998,226082,193420,0,0.012159305030918,0.00685149635972789,0,0,0.000893481126317,0.0584920515565149,0.0615484647163419,0,0,0.0456515777461275,0.721640820587221,0.0903787121486894,0.00061482117107952,0,0,0.00165869020974691,0.00011057934731646,0,0,0,0,0,0.156033775034315,99,56.16,-160.45,1,0.0190108013906459,0.120933997399174,0.858285931653117,0.00176926955706337,0,"BS"
"Bear","Sockeye",1999,114120,127890,0.00184893094987732,0.0180336487907466,0.0115317209954434,0,0,0.00304065895548545,0.0511479144759902,0.013950227830354,0.00455660708026639,0,0.239765159481248,0.368410445145461,0.281940063091483,0.00507360672975815,0,0,0.000604626708727655,9.63897651594812e-05,0,0,0,0,0,-0.113919993099929,99,56.16,-160.45,1,0.0314143007360673,0.072695408342096,0.895189274447949,0.000701016473887136,0,"BS"
"Bear","Sockeye",2000,740756,90947,2.02495828585931e-05,0.000974679921593615,0.000303743742878897,9.31480811495283e-05,0,0.0102935379531182,0.0204655784090848,0.106476356587054,0.00258654671713763,0,0.0104784841432266,0.663468132556469,0.181818304542926,0.00143367046638839,0,0,0.000457640572604204,0.0011299267235095,0,0,0,0,0,2.09739436705619,99,56.16,-160.45,1,0.00139182132848063,0.139822019666395,0.857198591709011,0.0015875672961137,0,"BS"
"Bear","Sockeye",2001,401742,122505,0.000333547401068347,0.00229251609241752,0.00835113082525601,0.00026385092920332,0,0.00134414624311125,0.035522798213779,0.103897526273081,0.00203115432292367,0,0.0259718924085607,0.506367270536812,0.309454824240433,0.00415689671480702,0,0,1.24457985473264e-05,0,0,0,0,0,0,1.18765824605986,99,56.16,-160.45,1,0.0112410452479452,0.142795625052895,0.845950883900613,1.24457985473264e-05,0,"BS"
"Bear","Sockeye",2002,1042167,95520,1.05549302558995e-05,0.00717351441755496,0.00225875507476249,9.97920678739588e-05,0,0.00616024111298861,0.131518269144964,0.144848186519051,0.00107756242521592,0,0.0147932145232002,0.561044439134995,0.130790938496421,0.000224532152716407,0,0,0,0,0,0,0,0,0,2.38972182854137,99,56.16,-160.45,1,0.00954261649044731,0.28360425920222,0.706853124307333,0,0,"BS"
"Bear","Sockeye",2003,903431,139799,0.000244622998325273,0.00294986556804006,0.00226469979445027,0,0,0.00478177082699177,0.0689549063514535,0.25542625834181,0.00203778705844719,0,0.0189311635310278,0.483462489110956,0.160688530723431,0,0,0,0.000257905695066917,0,0,0,0,0,0,1.86599406074418,99,56.16,-160.45,1,0.0054591883608156,0.331200722578703,0.663082183365415,0.000257905695066917,0,"BS"
"Bear","Sockeye",2004,293118,80435,0,0,0.0170989157950041,0,0,0.00399497813167393,0.174182411179116,0.0840719437223234,0.000593617587456246,0,0.0322668686331102,0.395311785697228,0.292479479254089,0,0,0,0,0,0,0,0,0,0,1.29312585347611,99,56.16,-160.45,1,0.0170989157950041,0.262842950620569,0.720058133584427,0,0,"BS"
"Bear","Sockeye",2005,457637,221752,0,0,0,0,0,0.000915572823001637,0.0140329562513521,0.138520268247541,0,0,0.021569497221597,0.568725867882186,0.25602387918809,0,0,0,5.89987260645446e-05,0.000152959660167338,0,0,0,0,0,0.724516653125479,99,56.16,-160.45,1,0,0.153468797321895,0.846319244291873,0.000211958386231882,0,"BS"
"Bear","Sockeye",2006,150733,182005,0,0,0.00229544956976906,0,0,0,0.18469744515136,0.336303264713102,0,0,0.0221384832783797,0.224695322192221,0.143677894024533,0.0036023962901289,0,0.000895623387048622,0.0729369149423152,0.00875720645114209,0,0,0,0,0,-0.18852409946447,99,56.16,-160.45,1,0.00229544956976906,0.521000709864462,0.394114095785263,0.0825897447805059,0,"BS"
"Bear","Sockeye",2007,118759,224767,0,0,0,0,0,0.0147609865357573,0.0379255466954083,0.13734538013961,0.000294714505847978,0,0.0197711331351729,0.479062639463114,0.286150944349481,0.0052627590329996,0,0,0.0122601234432759,0.00716577269933226,0,0,0,0,0,-0.637968080574197,99,56.16,-160.45,1,0,0.190326627876624,0.790247475980768,0.0194258961426081,0,"BS"
"Bear","Sockeye",2008,320020,195474,0,0,0,0,0,0.00426848321979876,0.00435597775139054,0.0327917005187176,5.31216798950066e-05,0,0.0259827510780576,0.701734266608337,0.222989188175739,0,0,0,0.00629648146990813,0.00152802949815637,0,0,0,0,0,0.492956115586938,99,56.16,-160.45,1,0,0.0414692831698019,0.950706205862134,0.0078245109680645,0,"BS"
"Bear","Sockeye",2009,515207,133263,0,0,0,0,0,0.00156636070550284,0.0240602321008837,0.0187633320199454,0,0,0.0284351726587566,0.71345303926383,0.213721863251082,0,0,0,0,0,0,0,0,0,0,1.35224414239156,99,56.16,-160.45,1,0,0.0443899248263319,0.955610075173668,0,0,"BS"
"Bear","Sockeye",2010,516947,142966,0,0,0.000307575051214148,0,0,0,0.0141852066072537,0.00490959421372017,0,0,0.0201935594944936,0.807715297699764,0.151470073334404,0,0,0,0.0012186935991504,0,0,0,0,0,0,1.28533351499447,99,56.16,-160.45,1,0.000307575051214148,0.0190948008209739,0.979378930528662,0.0012186935991504,0,"BS"
"Bear","Sockeye",2011,311446,132549,0,0,0,0,0,0.000764177417594061,0.0282841969394373,0.0308143305741605,0,0,0.104486813123302,0.593274596559275,0.241425479858467,0.000950405527764043,0,0,0,0,0,0,0,0,0,0.854273580081008,99,56.16,-160.45,1,0,0.0598627049311919,0.940137295068808,0,0,"BS"
"Bear","Sockeye",2012,218617,116442,0,0,0,0,0,0.00304642365415315,0.0329526066133924,0.0392650159868629,0,0,0.043002145304345,0.352250739878417,0.525855720277929,0,0,0,0,0.00362734828490008,0,0,0,0,0,0.629928045372758,99,56.16,-160.45,1,0,0.0752640462544084,0.921108605460692,0.00362734828490008,0,"BS"
"Bear","Sockeye",2013,863517,196926,0,0,0,0,0,0.0502086235708156,0.165451288162248,0.231207955373201,0.000125069917558079,0,0.0196660864812158,0.408514250443245,0.124826726051716,0,0,0,0,0,0,0,0,0,0,1.47818556106009,99,56.16,-160.45,1,0,0.446992937023822,0.553007062976178,0,0,"BS"
"Bear","Sockeye",2014,421293,208459,0,0,0,0,0,0.0173727073556883,0.221969033428042,0.129363649526577,0,0,0.0208002506569062,0.442948256913834,0.167546102118953,0,0,0,0,0,0,0,0,0,0,0.703586174392092,99,56.16,-160.45,1,0,0.368705390310307,0.631294609689693,0,0,"BS"
"Bear","Sockeye",2015,405858,201664,0,0,0,0,0,0.0314001448782579,0.215848892962563,0.170236880879519,0,0,0.0198222038249831,0.45812574841447,0.104566129040206,0,0,0,0,0,0,0,0,0,0,0.699400398594253,99,56.16,-160.45,1,0,0.417485918720341,0.582514081279659,0,0,"BS"
"Kvichak","Sockeye",1963,1388216,338760,0,0,0.000436531490776651,0,0,0,0.0224972194528805,0.0576444876013531,0,0,8.13994363989466e-05,0.666703164349064,0.242622905945472,0,0,0,0,0.0100142917240545,0,0,0,0,0,1.41048285650242,78,57.5,-157.6,1,0.000436531490776651,0.0801417070542336,0.909407469730935,0.0100142917240545,0,"BS"
"Kvichak","Sockeye",1964,5763515,957120,0,0,0,0,0,0.000562850968549574,0.397053360666191,0.0500338768963037,0.000683784114381588,0,0.0194121122266534,0.453522026055281,0.0774005099318732,0,0,0,0.00114617555432752,0.000185303586439872,0,0,0,0,0,1.79537403518133,78,57.5,-157.6,1,0,0.448333872645426,0.550334648213807,0.0013314791407674,0,"BS"
"Kvichak","Sockeye",1965,45820689,24325926,0,0,0,0,0,0.000523409850951827,0.225266451143936,0.00654274317001213,0,0,0.0105984656843549,0.731736727049216,0.0253040062317701,0,0,0,2.81968697589859e-05,0,0,0,0,0,0,0.633193018835039,78,57.5,-157.6,1,0,0.2323326041649,0.767639198965341,2.81968697589859e-05,0,"BS"
"Kvichak","Sockeye",1966,6522063,3755185,0,0.00073029040044538,0,0,0,0.00052575389106177,0.0803920477309097,0.135827881454074,0,0,0.00250564890280882,0.700510099335134,0.0793362468286492,0.000172031456917849,0,0,0,0,0,0,0,0,0,0.552053031962728,78,57.5,-157.6,1,0.00073029040044538,0.216745683076045,0.782524026523509,0,0,"BS"
"Kvichak","Sockeye",1967,1784048,3216208,0,0,0.00826491215482992,0.000542586298126508,0,0,0.192157946422966,0.180463754338448,3.64339972915527e-05,0,0.00128864245805046,0.555612292942791,0.0616334313874963,0,0,0,0,0,0,0,0,0,0,-0.589318086216734,78,57.5,-157.6,1,0.00880749845295642,0.372658134758706,0.618534366788338,0,0,"BS"
"Kvichak","Sockeye",1968,635324,2557440,0,0.00281431206754349,0,0,0,0,0.473281349358752,0.0606950154566804,0.00710503617052087,0,0,0.16371331792912,0.277829894667917,0,0,0,0.0114980702759537,0.0030630040735121,0,0,0,0,0,-1.3926269321531,78,57.5,-157.6,1,0.00281431206754349,0.541081400985954,0.441543212597037,0.0145610743494658,0,"BS"
"Kvichak","Sockeye",1969,5513625,8394204,0,0,0.000135663923462332,0,0,0,0.0270760162325149,0.0583276882268925,0,0,0.00111070303112743,0.811987032124963,0.0991594459180666,0,0,0,0.00220345054297309,0,0,0,0,0,0,-0.420318984737049,78,57.5,-157.6,1,0.000135663923462332,0.0854037044594074,0.912257181074157,0.00220345054297309,0,"BS"
"Kvichak","Sockeye",1970,15363872,13935306,0,0,0,0,0,3.97686208268332e-05,0.0029596054952814,0.00262173493765113,0,0,0.00188507167984737,0.992456393804895,0,0,0,0,0,3.74254614982473e-05,0,0,0,0,0,0.0975931594965786,78,57.5,-157.6,1,0,0.00562110905375937,0.994341465484742,3.74254614982473e-05,0,"BS"
"Kvichak","Sockeye",1971,2036285,2387392,0,0,0,0,0,0,0.15764640018465,0.320964403312896,0,0,0.0221884461163344,0.451726551047619,0.0469133741102056,0,0,0,0.000560825228295646,0,0,0,0,0,0,-0.159074487501918,78,57.5,-157.6,1,0,0.478610803497546,0.520828371274159,0.000560825228295646,0,"BS"
"Kvichak","Sockeye",1972,3248671,1009962,0,0,0,0,0,0.00134208727199523,0.606990674032551,0.0438040663397432,0.00335090872544496,0,0,0.272804479123925,0.0717077845063412,0,0,0,0,0,0,0,0,0,0,1.16833328324988,78,57.5,-157.6,1,0,0.655487736369734,0.344512263630266,0,0,"BS"
"Kvichak","Sockeye",1973,2203242,226554,0,0,0.000546467432991927,0,0,0,0.241239500699424,0.476025783822204,0,0,0.00119551097882121,0.114765876830598,0.159650188222628,0,0,0,0.00657667201333308,0,0,0,0,0,0,2.27470140999298,78,57.5,-157.6,1,0.000546467432991927,0.717265284521628,0.275611576032047,0.00657667201333308,0,"BS"
"Kvichak","Sockeye",1974,25784406,4433844,0,0,0,0,0,0.000555452004595336,0.23456033852399,0.0715554587528602,0,0,0.0123808165291843,0.65649094262633,0.0239104208954823,0,0,0,0.000546570667557748,0,0,0,0,0,0,1.76050300147559,78,57.5,-157.6,1,0,0.306671249281446,0.692782180050997,0.000546570667557748,0,"BS"
"Kvichak","Sockeye",1975,37439011,13140450,0,0,0,0,0,0.00017000983279179,0.146075733677901,0.0348579987863461,0,0,0.00839450593393079,0.80019159694149,0.0102125560955657,0,0,0,9.75987319750514e-05,0,0,0,0,0,0,1.0470179766168,78,57.5,-157.6,1,0,0.181103742297039,0.818798658970986,9.75987319750514e-05,0,"BS"
"Kvichak","Sockeye",1976,10716323,1965282,0,0,0.0015509984161545,0,0,0.000498958458045731,0.554315878683388,0.0630587562543607,0.000313073803393197,0,0.00349952124436712,0.355223148835659,0.0215396643046314,0,0,0,0,0,0,0,0,0,0,1.69613234659725,78,57.5,-157.6,1,0.0015509984161545,0.618186667199188,0.380262334384658,0,0,"BS"
"Kvichak","Sockeye",1977,3089504,1341144,0,0.00213302847317887,0.00158569142490186,0,0,0.0118786057567817,0.655366686691456,0.232403000611101,0,0,0.000689431054305157,0.0565605352833335,0.0393830207049416,0,0,0,0,0,0,0,0,0,0,0.834486931787845,78,57.5,-157.6,1,0.00371871989808073,0.899648293059339,0.0966329870425803,0,0,"BS"
"Kvichak","Sockeye",1978,5055227,4149288,0,0,0,0,0,0.000221948490146931,0.31913522379905,0.210304304831415,0,0,0.00302122931373804,0.271557142735628,0.195373026770113,0,0,0,0,0.000387124059908685,0,0,0,0,0,0.197486202054482,78,57.5,-157.6,1,0,0.529661477120612,0.469951398819479,0.000387124059908685,0,"BS"
"Kvichak","Sockeye",1979,43049769,11218434,0,5.53080784243e-05,0,0,0,0.0012540136974951,0.438288460967119,0.0573769629286513,0,0,0.00161875433059815,0.416274661078901,0.0851318389188105,0,0,0,0,0,0,0,0,0,0,1.34479857007368,78,57.5,-157.6,1,5.53080784243e-05,0.496919437593266,0.50302525432831,0,0,"BS"
"Kvichak","Sockeye",1980,12597312,22505268,0,0,0,0,0,0.00010907088750362,0.201556252635483,0.109947026794288,0.000235208908059116,0,0.00107983353909151,0.658166678732733,0.0289059285028425,0,0,0,0,0,0,0,0,0,0,-0.580265877891459,78,57.5,-157.6,1,0,0.311847559225333,0.688152440774667,0,0,"BS"
"Kvichak","Sockeye",1981,2048789,1754358,0,0,0.00256785837877888,0,0,0,0.363729500695289,0.0922486405383863,0,0,0,0.469635965441048,0.0718180349464977,0,0,0,0,0,0,0,0,0,0,0.155145908865782,78,57.5,-157.6,1,0.00256785837877888,0.455978141233675,0.541454000387546,0,0,"BS"
"Kvichak","Sockeye",1982,1509246,1134840,0,0,0,0,0,0,0.326470966297078,0.255639571017581,0.00320954966917255,0,0.000351831311794101,0.340700588240751,0.0736274934636236,0,0,0,0,0,0,0,0,0,0,0.285118516534594,78,57.5,-157.6,1,0,0.585320086983832,0.414679913016168,0,0,"BS"
"Kvichak","Sockeye",1983,13775451,3569982,0,0,0,0,0,6.59869502639151e-05,0.67271880971447,0.217428090013169,0.000297050165544489,0,0.000216036484032356,0.0806563066428823,0.0280304434315798,0.000587276598058387,0,0,0,0,0,0,0,0,0,1.35032754121286,78,57.5,-157.6,1,0,0.890509936843447,0.109490063156553,0,0,"BS"
"Kvichak","Sockeye",1984,23287185,10490670,0,0,5.08434145217638e-05,0,0,0,0.11073442324609,0.0617697244213931,0,0,0.00199989822728681,0.754030253119903,0.0714148575708056,0,0,0,0,0,0,0,0,0,0,0.797416918544875,78,57.5,-157.6,1,5.08434145217638e-05,0.172504147667483,0.827445008917995,0,0,"BS"
"Kvichak","Sockeye",1985,18314833,7211046,5.29079353330713e-05,0.000208956314261779,0.000362602268882277,0,0,0.000412725576039923,0.0574018338032348,0.0523628034173175,0.000171118131407477,0,0.00201836402221085,0.810906711516288,0.0755074861998469,0.000464814503086105,0,0,7.07623159872656e-05,5.89139961035954e-05,0,0,0,0,0,0.932097260922837,78,57.5,-157.6,1,0.000624466518477127,0.110348480928,0.888897376241432,0.000129676312090861,0,"BS"
"Kvichak","Sockeye",1986,4114462,1179322,0,0.000385955685093215,0.00535355533724701,9.01697475878985e-05,0,0,0.158688304813606,0.211001827213376,0.00547823749496289,0,0,0.374149524287744,0.244852425420383,0,0,0,0,0,0,0,0,0,0,1.24956790122631,78,57.5,-157.6,1,0.00582968076992812,0.375168369521945,0.619001949708127,0,0,"BS"
"Kvichak","Sockeye",1987,11648130,6065880,0,0.00248743789775698,0.00473174664087712,0.000564468288042802,0,0.000626194934294174,0.404819657747638,0.188341905524749,0.000271974986542904,0,0.0027997627086923,0.36710493444012,0.0282519168312854,0,0,0,0,0,0,0,0,0,0,0.65246602542929,78,57.5,-157.6,1,0.0077836528266769,0.594059733193225,0.398156613980098,0,0,"BS"
"Kvichak","Sockeye",1988,9205714,4065216,0,0.000925294876638575,0.00258198332035951,0.00010656424911745,0,0.000673277488307805,0.329772573860105,0.212741130128527,0.000208566114480637,0,0.00193988212103917,0.401743634442695,0.0493070933987304,0,0,0,0,0,0,0,0,0,0,0.817357500097393,78,57.5,-157.6,1,0.00361384244611553,0.54339554759142,0.452990609962465,0,0,"BS"
"Kvichak","Sockeye",1989,24800933,8317500,0,0.00128333881632598,0.00241329630623171,7.70132317199518e-05,0,0.000134390105404502,0.0750231452986063,0.0432396232835273,0,0,0.00590675358866539,0.7393023883416,0.132116844152597,0,0,0,0.000503206875321989,0,0,0,0,0,0,1.09251954452053,78,57.5,-157.6,1,0.00377364835427764,0.118397158687538,0.877325986082862,0.000503206875321989,0,"BS"
"Kvichak","Sockeye",1990,26298688,6970020,0,0.000195370962992526,0.000291117184248887,0,0,0.000104225731717111,0.0621962586118365,0.033871157374847,0,0,0.0031318292380213,0.838308511816255,0.0618579907864605,4.35382936213396e-05,0,0,0,0,0,0,0,0,0,1.32790088174962,78,57.5,-157.6,1,0.000486488147241414,0.0961716417184005,0.903341870134358,0,0,"BS"
"Kvichak","Sockeye",1991,4637249,4222788,0,0,0.00055118886218963,0,0,0.000243678957071315,0.472787853315619,0.254826298954402,0.00259356355459886,0,0.00041835148382155,0.217481528380296,0.051097536492002,0,0,0,0,0,0,0,0,0,0,0.0936259447116825,78,57.5,-157.6,1,0.00055118886218963,0.730451394781691,0.26899741635612,0,0,"BS"
"Kvichak","Sockeye",1992,1875602,4725864,0,0.00183940942694666,0.00198709534325513,0,0,0,0.347399394967589,0.160287203788437,0,0,0.00113990068255419,0.400855298725423,0.0864916970657954,0,0,0,0,0,0,0,0,0,0,-0.924120193652055,78,57.5,-157.6,1,0.00382650477020178,0.507686598756026,0.488486896473772,0,0,"BS"
"Kvichak","Sockeye",1993,3130469,4025166,0,0,0,0.000821282689590601,0,7.34714191387936e-05,0.347260426472838,0.27890900692516,0.00157101060575907,0,0.000216580965983052,0.218471736982542,0.152676483938988,0,0,0,0,0,0,0,0,0,0,-0.251382999232489,78,57.5,-157.6,1,0.000821282689590601,0.627813915422897,0.371364801887513,0,0,"BS"
"Kvichak","Sockeye",1994,7303051,8355936,0,0,0,0,0,0.000252907996945386,0.277093915953757,0.145428533910006,1.28713328169282e-05,0,0.00656615981457613,0.536797702768336,0.0338358584651812,1.20497583818051e-05,0,0,0,0,0,0,0,0,0,-0.134680115381949,78,57.5,-157.6,1,0,0.422788229193525,0.577211770806475,0,0,"BS"
"Kvichak","Sockeye",1995,10636782,10038720,0,0,0,1.50421433850952e-06,0,0.00165510583934126,0.727471146818652,0.197245369887246,0.000724185190596178,0,0,0.063659572979873,0.00910068477477493,0.000141114107631425,0,0,0,1.31618754619583e-06,0,0,0,0,0,0.0578683784629871,78,57.5,-157.6,1,1.50421433850952e-06,0.927095807735836,0.0729013718622794,1.31618754619583e-06,0,"BS"
"Kvichak","Sockeye",1996,2260607,1450578,0,0,0,0,0,0,0.242216360473094,0.730696666868677,0.00404979724472232,0,0,0.0107502100099664,0.0122338823156789,2.74262620614729e-05,0,0,2.21179532753813e-05,0,3.53887252406102e-06,0,0,0,0,0.443671263598728,78,57.5,-157.6,1,0,0.976962824586494,0.0230115185877068,2.56568257994424e-05,0,"BS"
"Kvichak","Sockeye",1997,816243,1503732,0,0,8.94341513495368e-05,0,0,0,0.195242103148205,0.17214971521961,0.000705672207908674,0,1.83768804142884e-05,0.419013700576912,0.212325251181327,0.000150690419397165,0,0,0.000305056214877187,0,0,0,0,0,0,-0.610994417518658,78,57.5,-157.6,1,8.94341513495368e-05,0.368097490575723,0.63150801905805,0.000305056214877187,0,"BS"
"Kvichak","Sockeye",1998,1254500,2296074,0,0,0,0,0,4.70306895177361e-05,0.29967477082503,0.336538062973296,0.0145842965324831,0,0.000508569151056198,0.27406855320845,0.0745787166201674,0,0,0,0,0,0,0,0,0,0,-0.604463621078763,78,57.5,-157.6,1,0,0.650844161020327,0.349155838979673,0,0,"BS"
"Kvichak","Sockeye",1999,7378834,6196914,0,1.89731873626646e-06,0,0,0,5.01434237441851e-05,0.136944807269008,0.0377815790408078,0.00167533244412329,0,0.00692236740926818,0.788176424622102,0.0282224806791967,8.26688877944673e-06,0,0,0.000208434015455558,8.26688877944673e-06,0,0,0,0,0,0.17456434087181,78,57.5,-157.6,1,1.89731873626646e-06,0.176451862177683,0.823329539599346,0.000216700904235005,0,"BS"
"Kvichak","Sockeye",2000,4261675,1827780,0,0,4.22369138894918e-06,0,0,3.75439234573261e-06,0.442236444590449,0.296730041591628,0.000467421847043709,0,0,0.174307754580065,0.0861771486563382,0,0,0,7.32106507417858e-05,0,0,0,0,0,0,0.846560159809739,78,57.5,-157.6,1,4.22369138894918e-06,0.739437662421466,0.260484903236404,7.32106507417858e-05,0,"BS"
"Kvichak","Sockeye",2001,4421264,1095348,0,0,4.29741359032168e-06,0.000403504518164941,0,0,0.143230306989133,0.463916653699033,0.00290278979043097,0,0.000327960510840339,0.185396981496694,0.203817505582114,0,0,0,0,0,0,0,0,0,0,1.39535373324017,78,57.5,-157.6,1,0.000407801931755263,0.610049750478596,0.389542447589649,0,0,"BS"
"Kvichak","Sockeye",2002,3881255,703884,0,0,0,0,0,0.000873686475122093,0.633025142640718,0.325989145263581,0.000160772739745263,0,0.000614749610628521,0.0366958625496135,0.00264064072059166,0,0,0,0,0,0,0,0,0,0,1.70730000642282,78,57.5,-157.6,1,0,0.960048747119166,0.0399512528808336,0,0,"BS"
"Kvichak","Sockeye",2003,4966631,1686804,0,0.00200719562214306,0,0,0,0.000774569320732706,0.724002648878083,0.238898561217856,0.00186786576252595,0,0,0.0063219917082626,0.0261271674903974,0,0,0,0,0,0,0,0,0,0,1.07990592746422,78,57.5,-157.6,1,0.00200719562214306,0.965543645179197,0.03244915919866,0,0,"BS"
"Kvichak","Sockeye",2004,10919653,5500134,0,0,0,0,0,0,0.439505174752348,0.268430141507244,0,0,0,0.241255468465894,0.0508092152745147,0,0,0,0,0,0,0,0,0,0,0.685791646099091,78,57.5,-157.6,1,0,0.707935316259592,0.292064683740408,0,0,"BS"
"Kvichak","Sockeye",2005,9582841,2320332,0,0,0,0,0,0.000450388355603521,0.130884254471091,0.212196675286588,0.000873123116620635,0,0,0.472432757675933,0.183041855750294,0.000120945343870362,0,0,0,0,0,0,0,0,0,1.41826382445435,78,57.5,-157.6,1,0,0.344404441229902,0.655595558770098,0,0,"BS"
"Kvichak","Sockeye",2006,8319505,3068226,0,0,0,0,0,0.000349900625097286,0.440388580810998,0.324778577571622,0.00022585478342762,0,0,0.143892575339518,0.0897833464851575,0.000515054681738878,0,0,3.48578431048482e-05,3.12518593353811e-05,0,0,0,0,0,0.997503213454411,78,57.5,-157.6,1,0,0.765742913791145,0.234190976506415,6.61097024402293e-05,0,"BS"
"Kvichak","Sockeye",2007,12799403,2810208,0,0,0,0.000138131442536812,0,0,0.12051499589473,0.14478323715567,0.000465334203478084,0,0.00189891669166132,0.545001591089834,0.185977189717364,0.00122060380472433,0,0,0,0,0,0,0,0,0,1.51613994912569,78,57.5,-157.6,1,0.000138131442536812,0.265763567253879,0.734098301303584,0,0,"BS"
"Kvichak","Sockeye",2008,6579394,2757912,0,0,0.0008149686734067,0,0,0,0.407374448163463,0.29354010414941,0.00458370482144708,0,0.000383165987627432,0.189657436535948,0.103256926093801,0,0,0,0.000389245574896411,0,0,0,0,0,0,0.869468620158931,78,57.5,-157.6,1,0.0008149686734067,0.70549825713432,0.293297528617377,0.000389245574896411,0,"BS"
"Kvichak","Sockeye",2009,12895287,2266140,0,0,0,0,0,0,0.0574727030115731,0.0777136639145759,0.000409762109210908,0,0.000900639124976435,0.7546190325194,0.10827095201526,0,0,0,0.000613247305003758,0,0,0,0,0,0,1.73878395219962,78,57.5,-157.6,1,0,0.13559612903536,0.863790623659636,0.000613247305003758,0,"BS"
"Kvichak","Sockeye",2010,25777818,4207410,0,0,1.17542920040789e-05,0,0,0.00011820240177039,0.234941103238451,0.215104629879845,0,0,0.00339179212142781,0.513248444845099,0.0330392199991481,0,0,0,0.000144698050083215,1.55172171671008e-07,0,0,0,0,0,1.81266709819399,78,57.5,-157.6,1,1.17542920040789e-05,0.450163935520066,0.549679456965675,0.000144853222254886,0,"BS"
"Kvichak","Sockeye",2011,8130509,2264352,0,0,4.42776706845783e-06,0,0,0.000564663294758053,0.350048072021075,0.266772842881055,6.02668295428982e-06,1.10694176711446e-06,0.00540556562940893,0.316552014148192,0.060506666925773,6.80154219126994e-05,0,0,3.09943694792048e-05,3.96039165567617e-05,0,0,0,0,0,1.27833478094505,78,57.5,-157.6,1,4.42776706845783e-06,0.617392711821609,0.382532262125286,7.05982860359665e-05,0,"BS"
"Kvichak","Sockeye",2012,11800940,4164444,0,0.000652744611869902,0,0,0,0.00180502570134244,0.727992346372408,0.223287551669613,0.000161682035498867,0,0.000313703823593714,0.0336543529583237,0.0121320843932771,0,0,0,0,5.08434073895808e-07,0,0,0,0,0,1.04159641600539,78,57.5,-157.6,1,0.000652744611869902,0.953246605778862,0.0461001411751945,5.08434073895808e-07,0,"BS"
"Kvichak","Sockeye",2013,6591647,2088576,0,0,0,0,0,0.00039686591226745,0.563429898476056,0.42315281749766,0.00199631442642484,0,0.000326928914731022,0.00580568103844153,0.00489149373441873,0,0,0,0,0,0,0,0,0,0,1.14932074736964,78,57.5,-157.6,1,0,0.988975896312409,0.0110241036875913,0,0,"BS"
"Kvichak","Sockeye",2014,6661126,4458540,0,0,0,0,0,0.00147602672581182,0.673169371064292,0.311198136771471,0.00214077920159445,0,0.000733059245538967,0.0107792586418572,0.000503368349435216,0,0,0,0,0,0,0,0,0,0,0.401467181151021,78,57.5,-157.6,1,0,0.987984313763169,0.0120156862368314,0,0,"BS"
"Alagnak","Sockeye",1963,414873,203304,0,0,0,0,0,0,0.556801720044447,0.365615501611336,0,0,0.0010003061177758,0.0746083741289503,0.00197409809749008,0,0,0,0,0,0,0,0,0,0,0.713270053502024,79,58.25,-157.38,1,0,0.922417221655784,0.0775827783442162,0,0,"BS"
"Alagnak","Sockeye",1964,381899,248700,0,0,0,0,0,0.0166981322286783,0.255695877705886,0.237578522069971,0,0,0.00492276753801398,0.293907551473033,0.191197148984417,0,0,0,0,0,0,0,0,0,0,0.428911443422112,79,58.25,-157.38,1,0,0.509972532004535,0.490027467995465,0,0,"BS"
"Alagnak","Sockeye",1965,259729,175020,0,0,0,0,0,0.0326494153521555,0.424761963431115,0.340154545699556,0.0211643674753301,0,0.00196358512141501,0.111808846913514,0.0674972760069149,0,0,0,0,0,0,0,0,0,0,0.394738526635121,79,58.25,-157.38,1,0,0.818730291958156,0.181269708041844,0,0,"BS"
"Alagnak","Sockeye",1966,565583,174336,0,0,0,0,0,0.0170832574529291,0.538460314401246,0.405330428955609,0,0,0,0.02354561576285,0.0155803834273661,0,0,0,0,0,0,0,0,0,0,1.17687435399216,79,58.25,-157.38,1,0,0.960874000809784,0.0391259991902161,0,0,"BS"
"Alagnak","Sockeye",1967,389349,202626,0,0,0.0011840276975156,0,0,0.0149737125304033,0.668705968167377,0.133974917105219,0,0,0.00597150628356564,0.152048676123478,0.0231411920924415,0,0,0,0,0,0,0,0,0,0,0.653114198367662,79,58.25,-157.38,1,0.0011840276975156,0.817654597802999,0.181161374499485,0,0,"BS"
"Alagnak","Sockeye",1968,249191,193872,0,0.00164933725535834,0,0,0,0.0326777451834135,0.732024832357509,0.210697818139499,0.00854766022849942,0,0,0.00274889542559723,0.0116537114101232,0,0,0,0,0,0,0,0,0,0,0.251025536180096,79,58.25,-157.38,1,0.00164933725535834,0.983948055908921,0.0144026068357204,0,0,"BS"
"Alagnak","Sockeye",1969,180185,182490,0,0,0,0,0,0,0.00751449898715209,0.303893220856342,0,0,0,0.602319837944335,0.0862724422121708,0,0,0,0,0,0,0,0,0,0,-0.0127112761347046,79,58.25,-157.38,1,0,0.311407719843494,0.688592280156506,0,0,"BS"
"Alagnak","Sockeye",1970,145641,177060,0,0,0,0,0,0,0.535748861927617,0.401610810142748,0,0,0,0.0571267706209103,0.00551355730872488,0,0,0,0,0,0,0,0,0,0,-0.195337102478886,79,58.25,-157.38,1,0,0.937359672070365,0.0626403279296352,0,0,"BS"
"Alagnak","Sockeye",1971,324753,187302,0,0,0,0,0,0.00379673166991529,0.0887997955369157,0.173066915471143,0,0,0,0.0927566488993173,0.63846369394586,0,0,0,0,0.00311621447684856,0,0,0,0,0,0.550339526665644,79,58.25,-157.38,1,0,0.265663442677974,0.731220342845178,0.00311621447684856,0,"BS"
"Alagnak","Sockeye",1972,124168,151188,0,0,0,0,0,0.0117743702081051,0.566329489079312,0.222053991366536,0,0,0,0,0,0,0,0,0.199842149346047,0,0,0,0,0,0,-0.19688860816761,79,58.25,-157.38,1,0,0.800157850653953,0,0.199842149346047,0,"BS"
"Alagnak","Sockeye",1973,512941,35280,0,0,0,0.00604163051890958,0,0,0,0.0130365870538717,0.00268646881415212,0,0,0.683509409464246,0,0,0,0,0.131617476473902,0.163108427674918,0,0,0,0,0,2.67684264812761,79,58.25,-157.38,1,0.00604163051890958,0.0157230558680238,0.683509409464246,0.29472590414882,0,"BS"
"Alagnak","Sockeye",1974,2290908,214848,0,0,0.000834167063889078,0,0,0,0.315412491466266,0,0.000814960705536844,0,0,0.677153774835131,0,0,0,0,0,0.00578460592917743,0,0,0,0,0,2.36677315966103,79,58.25,-157.38,1,0.000834167063889078,0.316227452171803,0.677153774835131,0.00578460592917743,0,"BS"
"Alagnak","Sockeye",1975,1022274,100480,0,0,0,0,0,0,0,0.457093695036751,0,0,0,0,0.482060582583534,0,0,0.0608457223797142,0,0,0,0,0,0,0,2.31982613387216,79,58.25,-157.38,1,0,0.457093695036751,0.482060582583534,0.0608457223797142,0,"BS"
"Alagnak","Sockeye",1976,344707,81822,0,0,0.224123676049515,0,0,0,0,0.45806148410099,0,0,2.90101448476532e-06,0,0.274578119968553,0.0432338188664576,0,0,0,0,0,0,0,0,0,1.43815442673879,79,58.25,-157.38,1,0.224123676049515,0.45806148410099,0.317814839849495,0,0,"BS"
"Alagnak","Sockeye",1977,1002660,108911,0,0,0.00327827977579638,0,0,0.162960525003491,0,0.687346657890013,0,0,0,0,0.144661201204795,0,0,0,0,0.00175333612590509,0,0,0,0,0,2.21987971515704,79,58.25,-157.38,1,0.00327827977579638,0.850307182893503,0.144661201204795,0.00175333612590509,0,"BS"
"Alagnak","Sockeye",1978,2175584,584970,0,0,0,0,0,0,0.258207451424537,0.471698173915602,0.00706522938208775,0,0,0.235778071543089,0,0.00760117743097945,0,0,0.0196498963037051,0,0,0,0,0,0,1.31349184936309,79,58.25,-157.38,1,0,0.736970854722226,0.243379248974069,0.0196498963037051,0,"BS"
"Alagnak","Sockeye",1979,2108488,750210,0,0,0.000495615815693521,0,0,0,0.449508368081772,0.0384896665288112,0.00672187842662609,0,0.00788384852083578,0.496838018523226,0,6.2604103034971e-05,0,0,0,0,0,0,0,0,0,1.03337321458304,79,58.25,-157.38,1,0.000495615815693521,0.49471991303721,0.504784471147097,0,0,"BS"
"Alagnak","Sockeye",1980,643095,759645,0,0,0.00721510818774831,0,0,0,0,0.573151711644469,0,0,0,0.419633180167782,0,0,0,0,0,0,0,0,0,0,0,-0.166558760619594,79,58.25,-157.38,1,0.00721510818774831,0.573151711644469,0.419633180167782,0,0,"BS"
"Alagnak","Sockeye",1981,1182707,209636,0,0,0,0,0,0,0.147471013530824,0.852528986469176,0,0,0,0,0,0,0,0,0,0,0,0,0,0,0,1.73018761895819,79,58.25,-157.38,1,0,1,0,0,0,"BS"
"Alagnak","Sockeye",1982,773488,610215,0,0,0.00776611918995511,0,0,0,0,0.992233880810045,0,0,0,0,0,0,0,0,0,0,0,0,0,0,0,0.23709880191025,79,58.25,-157.38,1,0.00776611918995511,0.992233880810045,0,0,0,"BS"
"Alagnak","Sockeye",1983,456603,245361,0,0,0.0278031462780577,0,0,0.0142530819990232,0,0.950639833728644,0,0,0,0,0.00273103768481591,0,0,0,0,0.0045729003094592,0,0,0,0,0,0.621085899018659,79,58.25,-157.38,1,0.0278031462780577,0.964892915727667,0.00273103768481591,0.0045729003094592,0,"BS"
"Alagnak","Sockeye",1984,2467946,549194,0,0.000227314536055489,0.00264673538237871,0.000661278650343241,0,0,0.163586237300168,0.506846584163511,0.0101768839350618,0,0,0,0.312869892615154,0.00179947211162643,0,0,0,0.00118560130570118,0,0,0,0,0,1.5026901610639,79,58.25,-157.38,1,0.00353532856877744,0.68060970539874,0.314669364726781,0.00118560130570118,0,"BS"
"Alagnak","Sockeye",1985,1645392,300977,0,0,0.0237335540710056,0,0,0.00414187014401431,0.0526136021081906,0.481389237336756,0,0,0,0,0.437596025749487,0,0,0,0,0.000525710590546204,0,0,0,0,0,1.69870069057191,79,58.25,-157.38,1,0.0237335540710056,0.538144709588961,0.437596025749487,0.000525710590546204,0,"BS"
"Alagnak","Sockeye",1986,2032310,586959,0,0,0,0.00120355654403118,0,0,0,0.469822025183166,0,0,0,0,0.524644862250346,0,0,0,0,0.0043295560224572,0,0,0,0,0,1.24197387745766,79,58.25,-157.38,1,0.00120355654403118,0.469822025183166,0.524644862250346,0.0043295560224572,0,"BS"
"Alagnak","Sockeye",1987,770409,393236,0,0,0,0,0,0,0,0.512107205393499,0,0,0,0,0.486084664119967,0,0,0,0.00180813048653378,0,0,0,0,0,0,0.672511602116878,79,58.25,-157.38,1,0,0.512107205393499,0.486084664119967,0.00180813048653378,0,"BS"
"Alagnak","Sockeye",1988,1273821,496307,0,0,0,0,0,0,0,0.501307483547531,0.0155704765426226,0,0,0.483122039909846,0,0,0,0,0,0,0,0,0,0,0,0.942581637039655,79,58.25,-157.38,1,0,0.516877960090154,0.483122039909846,0,0,"BS"
"Alagnak","Sockeye",1989,2741826,501738,0,0,0,0.000497843408006197,0,0,0.259938085057185,0.482392755776625,0.00443062397103244,0,0,0.252099148523648,0,0.000641543263503957,0,0,0,0,0,0,0,0,0,1.69830096496036,79,58.25,-157.38,1,0.000497843408006197,0.746761464804842,0.252740691787152,0,0,"BS"
"Alagnak","Sockeye",1990,1283665,430338,0,0,0.00244456302851601,0.000187743687021146,0,0.0781870659401012,0,0.914658419447442,0.00328356697424951,0,0,0,0,0,0,0,0,0.00123864092267063,0,0,0,0,0,1.09290360035542,79,58.25,-157.38,1,0.00263230671553715,0.996129052361792,0,0.00123864092267063,0,"BS"
"Alagnak","Sockeye",1991,3434248,707852,0,0,0,0,0,0.00694125759118153,0.294758561408495,0.681926581889252,0,0,0,0,0.0156162280650669,0,0,0,0.000757371046004831,0,0,0,0,0,0,1.57931851672699,79,58.25,-157.38,1,0,0.983626400888928,0.0156162280650669,0.000757371046004831,0,"BS"
"Alagnak","Sockeye",1992,186844,577940,0,0,0.190870458778446,0.00441544818137056,0,0,0,0.804714093040183,0,0,0,0,0,0,0,0,0,0,0,0,0,0,0,-1.12919601295909,79,58.25,-157.38,1,0.195285906959817,0.804714093040183,0,0,0,"BS"
"Alagnak","Sockeye",1993,1506977,887336,0,0,0.00693905746404889,0,0,0,0.00097148131656953,0.635220046490424,2.58796252364834e-05,0,0,0.150442242980483,0.206401292123237,0,0,0,0,0,0,0,0,0,0,0.529637220858241,79,58.25,-157.38,1,0.00693905746404889,0.63621740743223,0.356843535103721,0,0,"BS"
"Alagnak","Sockeye",1994,1563840,618464,0,0,0.00103335379578474,0,0,0.379458896050747,0,0.440336607325558,0.00706785860446081,0,0,0.000707872928176796,0.166165976058932,4.22038060159607e-05,0,0,0.00518723143032535,0,0,0,0,0,0,0.927661268730135,79,58.25,-157.38,1,0.00103335379578474,0.826863361980765,0.166916052793125,0.00518723143032535,0,"BS"
"Alagnak","Sockeye",1995,3896349,550068,0,0,0,3.07980624938885e-06,0,0,0.520521134015459,0.477840152409345,0.000249977607242062,0,0,0.000493538951464563,0.000878258082117387,1.10359723936434e-05,0,0,0,2.82315572860645e-06,0,0,0,0,0,1.9577533328581,79,58.25,-157.38,1,3.07980624938885e-06,0.998611264032046,0.00138283300597559,2.82315572860645e-06,0,"BS"
"Alagnak","Sockeye",1996,1421616,782213,0,0,0,0,0,0,0.0284092188045154,0.821396213886169,0.144038896579667,0,0,0.000818083082914092,0.00508857525520253,3.30609672372849e-05,0,0,2.67301437237623e-05,0,0.000189221280570843,0,0,0,0,0.597421746302411,79,58.25,-157.38,1,0,0.993844329270351,0.00593971930535391,0.000215951424294606,0,"BS"
"Alagnak","Sockeye",1997,1391084,556193,0,0,3.9537511753424e-05,0,0,0.00430886991727315,0.00134499426346648,0.44988296896521,0.0297767783972787,0,7.90750235068479e-06,0.0613708446075147,0.445837203217059,0.00729574921428181,0,0,0.000135146403811704,0,0,0,0,0,0,0.916723940853928,79,58.25,-157.38,1,3.9537511753424e-05,0.485313611543228,0.514511704541207,0.000135146403811704,0,"BS"
"Alagnak","Sockeye",1998,2777780,643110,0,0,0,0,0,0.00419003664797068,0.00356507714793828,0.871956022435182,3.05999755200196e-05,0,0.00291455766835387,0.0969965224027821,0.020347183722253,0,0,0,0,0,0,0,0,0,0,1.46309154381264,79,58.25,-157.38,1,0,0.879741736206611,0.120258263793389,0,0,"BS"
"Alagnak","Sockeye",1999,3726509,1182180,0,2.95182434820364e-06,0,0,0,0,0.215297749180265,0.32550920982614,7.4332304041128e-05,0,1.26123403968701e-05,0.173414581851272,0.282829586618468,0.00284663206234038,0,0,0,1.23439927288516e-05,0,0,0,0,0,1.14811167881775,79,58.25,-157.38,1,2.95182434820364e-06,0.540881291310446,0.459103412872477,1.23439927288516e-05,0,"BS"
"Alagnak","Sockeye",2000,9751334,1150815,0,0,1.3331509309393e-06,2.95344206238859e-05,0,0.000210330196873576,0.570149171385166,0.410944594862611,0.00322889155473497,0,0,0.0035555135328151,0.0118732472910886,0,0,0,7.38360515597148e-06,0,0,0,0,0,0,2.13693381169242,79,58.25,-157.38,1,3.08675715548252e-05,0.984532987999385,0.0154287608239037,7.38360515597148e-06,0,"BS"
"Alagnak","Sockeye",2001,1677185,680850,0,0,0.000183044804240439,0,0,0.023822058985741,0.0762676747049371,0.814891022755391,0.00735816263560669,0,1.07322686525339e-05,0.0223690290576174,0.0550982747878141,0,0,0,0,0,0,0,0,0,0,0.901529457971481,79,58.25,-157.38,1,0.000183044804240439,0.922338919081676,0.077478036114084,0,0,"BS"
"Alagnak","Sockeye",2002,3727488,766962,0,0,0.00161368728752447,0,0,4.02415782425054e-06,0.476093283197692,0.49261888971876,0.00113159318017925,0,0,0.0182321177157378,0.0103064047422822,0,0,0,0,0,0,0,0,0,0,1.58105257085455,79,58.25,-157.38,1,0.00161368728752447,0.969847790254456,0.02853852245802,0,0,"BS"
"Alagnak","Sockeye",2003,6701447,3676146,0,0,0,0,0,0,0.41192133579509,0.566639861510507,0.0174371296229008,0,0,0.000802960912770033,0.00319871215873229,0,0,0,0,0,0,0,0,0,0,0.600458552439454,79,58.25,-157.38,1,0,0.995998326928498,0.00400167307150232,0,0,"BS"
"Alagnak","Sockeye",2004,2514458,5396592,0,0,0,0,0,0.000724609438694144,0.342295635878587,0.548036594765154,0.00631070393699159,0,0,0.0436372371302285,0.0589952188503447,0,0,0,0,0,0,0,0,0,0,-0.763709972156237,79,58.25,-157.38,1,0,0.897367544019427,0.102632455980573,0,0,"BS"
"Alagnak","Sockeye",2005,2840332,4218990,0,0,0,0,0,0,0.261163131633908,0.653197231872894,0.00254054807677412,0,0,0.0449053138858415,0.0380582269959991,0.000135547534583985,0,0,0,0,0,0,0,0,0,-0.395674816160352,79,58.25,-157.38,1,0,0.916900911583575,0.0830990884164246,0,0,"BS"
"Alagnak","Sockeye",2006,2439920,1773966,0,0,0,0,0,0.000549198334371619,0.273318797337618,0.646694153906685,0.000255746090035739,0,0,0.0224560641332503,0.0566514475884455,0,0,0,3.93455523131906e-05,3.52470572805666e-05,0,0,0,0,0,0.31874794375523,79,58.25,-157.38,1,0,0.92081789566871,0.0791075117216958,7.45926095937572e-05,0,"BS"
"Alagnak","Sockeye",2007,2209681,2466414,0,0,0,0,0,0.000735400268183507,0.226497399398375,0.497553266738502,0.000117211488898171,0,0,0.217931004520562,0.0571200096303494,4.57079551301749e-05,0,0,0,0,0,0,0,0,0,-0.109917565197459,79,58.25,-157.38,1,0,0.724903277893958,0.275096722106042,0,0,"BS"
"Alagnak","Sockeye",2008,1924725,2180502,0,0,4.98772551923002e-05,0,0,0.000429671771292003,0.263419449531751,0.650870124303472,0.0020299003753783,0,0,0.0465895127875411,0.0366114639753731,0,0,0,0,0,0,0,0,0,0,-0.124772025129248,79,58.25,-157.38,1,4.98772551923002e-05,0.916749145981893,0.0832009767629142,0,0,"BS"
"Alagnak","Sockeye",2009,1405167,970818,0,0,0,0,0,0,0.328131816360618,0.493194047397925,0.000603486987667658,0,0.000123117038757671,0.0837238563103176,0.0942194059496131,0,0,0,4.26995510142211e-06,0,0,0,0,0,0,0.369771709165236,79,58.25,-157.38,1,0,0.82192935074621,0.178066379298688,4.26995510142211e-06,0,"BS"
"Alagnak","Sockeye",2010,6499066,1187730,0,0,1.55406946167342e-05,0,0,0,0.113163183755943,0.489760528666735,0.00197459142590643,0,3.69283832476851e-05,0.277089507938525,0.117959719135026,0,0,0,0,0,0,0,0,0,0,1.69961455188635,79,58.25,-157.38,1,1.55406946167342e-05,0.604898303848584,0.395086155456799,0,0,"BS"
"Alagnak","Sockeye",2011,6167987,883794,0,0,0,0,0,1.94552939232849e-05,0.500538668450501,0.405133960236946,4.86382348082121e-07,6.64722542378899e-06,0,0.0864711614988812,0.0078033562651802,1.81582743283992e-05,0,0,1.62127449360707e-07,7.94424501867465e-06,0,0,0,0,0,1.94290380378121,79,58.25,-157.38,1,0,0.905699217589142,0.0942926760383898,8.10637246803536e-06,0,"BS"
"Alagnak","Sockeye",2012,2828306,861747,0,0,0,0,0,0.0140536420033759,0.39732794117751,0.570893319181164,0.00376196917872394,0,0,0.00788846751376973,0.0060746609454564,0,0,0,0,0,0,0,0,0,0,1.18847114716895,79,58.25,-157.38,1,0,0.986036871540774,0.0139631284592261,0,0,"BS"
"Alagnak","Sockeye",2013,3928291,1095950,0,0,0,0,0,0.000687830916803261,0.681497628357981,0.314459901264952,0.000116590140598036,0,0,0.000814094475180174,0.00242395484448581,0,0,0,0,0,0,0,0,0,0,1.27658239507662,79,58.25,-157.38,1,0,0.996761950680334,0.00323804931966598,0,0,"BS"
"Alagnak","Sockeye",2014,2284294,200500,0,0,0,0,0,0.0298070213378838,0.702320717035548,0.256793127329494,0,0,1.53220207206253e-05,0.0105958339863433,0.000467540517989366,4.37772020589294e-07,0,0,0,0,0,0,0,0,0,2.43299803728653,79,58.25,-157.38,1,0,0.988920865702926,0.0110791342970738,0,0,"BS"
"Wood","Sockeye",1963,1632835,721404,0,0,0,0,0,0,0.362035968116803,0.579997978975218,0,0,0.000403592524658033,0.032970263376275,0.0240936775608068,0.00049851944623921,0,0,0,0,0,0,0,0,0,0.816874346040143,85,58.68,-158.8,1,0,0.942033947092021,0.0579660529079791,0,0,"BS"
"Wood","Sockeye",1964,1286903,1076112,0,0,0.00401506562654683,0,0,9.09159431596632e-05,0.383063836202107,0.249238676108456,0,0,0.000707124002352936,0.300027274782948,0.06285710733443,0,0,0,0,0,0,0,0,0,0,0.178884011156212,85,58.68,-158.8,1,0.00401506562654683,0.632393428253722,0.363591506119731,0,0,"BS"
"Wood","Sockeye",1965,2021719,675156,0,0.00102437579109659,0.00103872001994342,0,0,0.000294304005650637,0.295309090927077,0.50662728104153,0.00242219616079188,0,6.6280229844009e-05,0.0849865881460282,0.108231163678038,0,0,0,0,0,0,0,0,0,0,1.0967596433259,85,58.68,-158.8,1,0.00206309581104001,0.804652872135049,0.193284032053911,0,0,"BS"
"Wood","Sockeye",1966,2290778,1208682,0,0,0,0,0,0.0024375998023379,0.418649035393216,0.526297615919133,0.00246641097478673,0.0001379444014217,9.73468402437949e-05,0.0218345033870589,0.027971283118661,0.000108260163141081,0,0,0,0,0,0,0,0,0,0.639361861185357,85,58.68,-158.8,1,0,0.949988606490895,0.0500113935091048,0,0,"BS"
"Wood","Sockeye",1967,1054262,515772,0,0,0.00705232665124988,0.000311118109160721,3.69927020038662e-05,0.00142184770009732,0.545814038635557,0.274188958721836,0.000619390625859606,0,0.0004998757424625,0.0773052618798743,0.0927501892318987,0,0,0,0,0,0,0,0,0,0,0.714933364753793,85,58.68,-158.8,1,0.00740043746241447,0.82204423568335,0.170555326854235,0,0,"BS"
"Wood","Sockeye",1968,1154367,649344,0,0,0.00489965496241663,0,0,0.000787444547531244,0.478419774647058,0.489848549031634,0.00386532186037889,0,0,0.00340099812278071,0.0187782568282011,0,0,0,0,0,0,0,0,0,0,0.575344798268309,85,58.68,-158.8,1,0.00489965496241663,0.972921090086602,0.0221792549509818,0,0,"BS"
"Wood","Sockeye",1969,989848,604338,0,0,0.00191847637212986,0,0,0,0.0614003362132368,0.442516426764513,0.0104187713669169,0,0,0.387815098883869,0.095930890399334,0,0,0,0,0,0,0,0,0,0,0.493417751922693,85,58.68,-158.8,1,0.00191847637212986,0.514335534344667,0.483745989283203,0,0,"BS"
"Wood","Sockeye",1970,2648101,1161964,0,0,0,0,0,0.0014923902071711,0.524117093721123,0.386012844676242,0,0,0.00168384816138055,0.0678384245918113,0.0188553986422723,0,0,0,0,0,0,0,0,0,0,0.823731480087691,85,58.68,-158.8,1,0,0.911622328604536,0.0883776713954642,0,0,"BS"
"Wood","Sockeye",1971,1425140,851202,0,0.00173175968676762,0.0133748263328515,0,0,0.00119076020601485,0.311737794181624,0.451557040010104,0,0,0,0.142403553335111,0.0780042662475266,0,0,0,0,0,0,0,0,0,0,0.515375865282322,85,58.68,-158.8,1,0.0151065860196191,0.764485594397743,0.220407819582637,0,0,"BS"
"Wood","Sockeye",1972,1338681,430602,0,0.00126617170184682,0.00838362537452911,0,0,0.00127513574929352,0.599385514547529,0.315941587278821,0.0260622209473355,0,0,0.0312456813833916,0.0164400630172536,0,0,0,0,0,0,0,0,0,0,1.13425435620711,85,58.68,-158.8,1,0.00964979707637592,0.942664458522979,0.0476857444006451,0,0,"BS"
"Wood","Sockeye",1973,1460261,330474,0,0.000441701860146919,0.000863544256814364,0,0,0.000852587311446378,0.159753633083401,0.790353916183477,0,0,0,0.0306205534490067,0.017114063855708,0,0,0,0,0,0,0,0,0,0,1.48584179352603,85,58.68,-158.8,1,0.00130524611696128,0.950960136578324,0.0477346173047147,0,0,"BS"
"Wood","Sockeye",1974,5893429,1708836,0,0,0.00210692281182992,0,0,0.000408760332906361,0.57749826119904,0.326614777237496,0.00141411731608203,0,0.000722329903355076,0.0742277543345309,0.017007076864759,0,0,0,0,0,0,0,0,0,0,1.23802573414424,85,58.68,-158.8,1,0.00210692281182992,0.905935916085525,0.091957161102645,0,0,"BS"
"Wood","Sockeye",1975,6290686,1270116,0,0,0,0,0,0.00487498501753227,0.285554230492509,0.44664826697756,0.00125010213512485,0,0,0.0872373855569965,0.174435029820277,0,0,0,0,0,0,0,0,0,0,1.5999620508518,85,58.68,-158.8,1,0,0.738327584622726,0.261672415377274,0,0,"BS"
"Wood","Sockeye",1976,6590536,817008,0,0,0,0,0,0.000298458274106992,0.402540552088631,0.456841901781585,0.00140003787248867,0,0.00060890343365092,0.0936908621696323,0.0441111314770149,0.000508152902889841,0,0,0,0,0,0,0,0,0,2.08774107281189,85,58.68,-158.8,1,0,0.861080950016812,0.138919049983188,0,0,"BS"
"Wood","Sockeye",1977,3824312,561828,0,0,0,0,0,0.00504665937298003,0.333536071324725,0.639221904488964,0,0,0,0.0146164852658465,0.00706427718240562,0,0,0,0.000514602365079,0,0,0,0,0,0,1.91793836905726,85,58.68,-158.8,1,0,0.977804635186669,0.0216807624482521,0.000514602365079,0,"BS"
"Wood","Sockeye",1978,3117208,2267238,0,0,0,0,0,0,0.408752319383243,0.220921735091146,0.00426278900862567,0,0.000896314907442814,0.328855180661669,0.0363116609478739,0,0,0,0,0,0,0,0,0,0,0.318375058013785,85,58.68,-158.8,1,0,0.633936843483014,0.366063156516986,0,0,"BS"
"Wood","Sockeye",1979,4154669,1706352,0,0,0,0.00251403902452879,0,0.00391992719516284,0.568162951127996,0.411333129065155,0.000341543453882848,0,0,0.00761071459603641,0.00611769553723774,0,0,0,0,0,0,0,0,0,0,0.889875003693437,85,58.68,-158.8,1,0.00251403902452879,0.983757550842197,0.0137284101332742,0,0,"BS"
"Wood","Sockeye",1980,1471792,2969040,0,0,0,0,0,0,0.32084424973094,0.550922956504723,0.00100965353799993,0,0,0.0492827790883494,0.0779403611379869,0,0,0,0,0,0,0,0,0,0,-0.70175796226609,85,58.68,-158.8,1,0,0.872776859773664,0.127223140226336,0,0,"BS"
"Wood","Sockeye",1981,2231913,1233318,0,0,0,0.00103498657877794,0,0,0.275065381132688,0.6196800681747,0,0,0,0.0312677958325437,0.0729517682812905,0,0,0,0,0,0,0,0,0,0,0.593150966792406,85,58.68,-158.8,1,0.00103498657877794,0.894745449307388,0.104219564113834,0,0,"BS"
"Wood","Sockeye",1982,2085370,976470,0,0,0,0,0,0.00173973923092784,0.255675491639373,0.665792161582837,0.00614806964711298,0,0,0.0602933771944547,0.0103511607052945,0,0,0,0,0,0,0,0,0,0,0.758758028175158,85,58.68,-158.8,1,0,0.929355462100251,0.0706445378997492,0,0,"BS"
"Wood","Sockeye",1983,3326754,1360968,0,0,0.000312917636831578,0,0,0.000408506309754193,0.55290622630949,0.406819680685737,0.000847071950616126,0,0,0.00454316730362389,0.034162429803947,0,0,0,0,0,0,0,0,0,0,0.89380054195285,85,58.68,-158.8,1,0.000312917636831578,0.960981485255597,0.0387055971075709,0,0,"BS"
"Wood","Sockeye",1984,2218822,1002792,6.98568880243661e-05,0,0,0.000559305793795086,0,0.000172163427260051,0.264417334964229,0.675583710635644,0.00726151083773282,0,0,0.0363611862510828,0.0155749312022325,0,0,0,0,0,0,0,0,0,0,0.794188314811667,85,58.68,-158.8,1,0.000629162681819452,0.947434719864865,0.0519361174533153,0,0,"BS"
"Wood","Sockeye",1985,3304166,939000,0,0.00270597784735997,0.00488988749354603,0.000170390954933862,0,0.000440353178381474,0.417903337786298,0.55160485278282,0.00109104687839533,0,0,0.0134587669021472,0.00748025371606632,0.000255132460051947,0,0,0,0,0,0,0,0,0,1.25812419894945,85,58.68,-158.8,1,0.00776625629583986,0.971039590625895,0.0211941530782654,0,0,"BS"
"Wood","Sockeye",1986,4176306,818652,0,0.000763354026261486,0.00764958314836126,0.000301941476510581,0,0.000523668524289168,0.293533088811021,0.660896974503305,0.00500083087781403,0,0,0.0126166521322911,0.0187139065001463,0,0,0,0,0,0,0,0,0,0,1.62952307816492,85,58.68,-158.8,1,0.00871487865113332,0.959954562716429,0.0313305586324374,0,0,"BS"
"Wood","Sockeye",1987,2897913,1337172,0,0.0065547171360907,0.025856193750468,0.00585214255914515,0,0,0.545207878911479,0.342007851857526,0.00233857952257366,0,5.10712364380849e-05,0.0303338989127693,0.04179766611351,0,0,0,0,0,0,0,0,0,0,0.773434231751311,85,58.68,-158.8,1,0.0382630534457039,0.889554310291579,0.0721826362627173,0,0,"BS"
"Wood","Sockeye",1988,3978870,866778,0,0.00194100335019742,0.00474204987848309,0.00109779912387185,0,0.000282492265391933,0.465083302545698,0.486400158839067,0.00318683445299796,0,0,0.0226488927760897,0.0143789568395047,0.000238509928698349,0,0,0,0,0,0,0,0,0,1.52397024973825,85,58.68,-158.8,1,0.00778085235255236,0.954952788103155,0.0372663595442927,0,0,"BS"
"Wood","Sockeye",1989,5106292,1186410,0,0.000460020696035401,0.00388559839507807,0,0,0.000804889340445082,0.502025148581397,0.478516896409371,0.000479212704639688,0,0,0.00467344993196629,0.00915478394106722,0,0,0,0,0,0,0,0,0,0,1.45954136830323,85,58.68,-158.8,1,0.00434561909111347,0.981826147035853,0.0138282338730335,0,0,"BS"
"Wood","Sockeye",1990,3555677,1069440,0,0.00158928946583168,0.00657118180307154,0.00152601037720805,0,0.000405548647978992,0.315631312967966,0.512985009605766,0.00130608038919171,0.000256209998827228,0.000403861205615696,0.0847520739369746,0.074399333797755,0,0,0,0,0.000174087803813451,0,0,0,0,0,1.20141061538571,85,58.68,-158.8,1,0.00968648164611128,0.83058416160973,0.159555268940345,0.000174087803813451,0,"BS"
"Wood","Sockeye",1991,6110265,1159920,0,0,0.0013536237790014,0,0,0.00201415159571639,0.448289394977141,0.518411721913861,0.0106407823555934,0,0,0.00835921191634078,0.0109095104713134,2.16029910323038e-05,0,0,0,0,0,0,0,0,0,1.66161910654228,85,58.68,-158.8,1,0.0013536237790014,0.979356050842312,0.0192903253786865,0,0,"BS"
"Wood","Sockeye",1992,4539124,1286250,0,0.00197240701069193,0.0171085874719439,0.00134122795499748,0,0.000285297339310404,0.524525437066712,0.425546647326665,0,0,0,0.0187831396542593,0.0100072172516107,0.000260402668003782,0,0,0.000169636255806186,0,0,0,0,0,0,1.26100281342089,85,58.68,-158.8,1,0.0204222224376333,0.950357381732687,0.0290507595738737,0.000169636255806186,0,"BS"
"Wood","Sockeye",1993,3267338,1176126,0,0.00410272827604613,0.000514486104590342,0.00125759869349299,0,0,0.523452425185273,0.377445186264782,0.000792082117001669,0,0,0.0424140385843154,0.0500214547744984,0,0,0,0,0,0,0,0,0,0,1.02174990556348,85,58.68,-158.8,1,0.00587481307412946,0.901689693567057,0.0924354933588138,0,0,"BS"
"Wood","Sockeye",1994,5887328,1471890,0,0,0,0,0,0.00185007528033091,0.507958279205779,0.404831189972769,0.000488167127770017,0,8.30597513846689e-05,0.0679537474385664,0.0168354812234005,0,0,0,0,0,0,0,0,0,0,1.3862549552249,85,58.68,-158.8,1,0,0.915127711586649,0.0848722884133515,0,0,"BS"
"Wood","Sockeye",1995,7844736,1482162,0,5.34116125768923e-05,0,0,0,0.000935149379150554,0.567569769078271,0.410094998735458,0.00118793035227699,0,0,0.0149651944947542,0.00519354634751252,0,0,0,0,0,0,0,0,0,0,1.66634090097041,85,58.68,-158.8,1,5.34116125768923e-05,0.979787847545156,0.0201587408422667,0,0,"BS"
"Wood","Sockeye",1996,7529944,1649598,0,0,0,0,0,0,0.412306253539203,0.582174980318579,0.00283308879853555,0,0,0.000385129026191961,0.00230054831749081,0,0,0,0,0,0,0,0,0,0,1.51835611580357,85,58.68,-158.8,1,0,0.997314322656317,0.00268567734368277,0,0,"BS"
"Wood","Sockeye",1997,1237316,1512396,0,0,0,0,0,0,0.165370042899308,0.47233447235791,0.0206325627406418,0,0,0.157466645545681,0.184026554251299,0.000146284376828555,0,0,0,2.34378283316469e-05,0,0,0,0,0,-0.200749822490498,85,58.68,-158.8,1,0,0.65833707799786,0.341639484173808,2.34378283316469e-05,0,"BS"
"Wood","Sockeye",1998,6866963,1755768,0,0,0.000109072962822138,0,0,0.000404254398924241,0.442456730872148,0.514883071308233,0.000773995724165108,0,0.000131062305126735,0.0215549435754933,0.019641142671076,4.57261820108831e-05,0,0,0,0,0,0,0,0,0,1.36381557350258,85,58.68,-158.8,1,0.000109072962822138,0.958518052303471,0.0413728747337069,0,0,"BS"
"Wood","Sockeye",1999,5621106,1512426,0,0.000194801521266455,0,0,0,0.000128978176180986,0.407695567384782,0.464232305884287,0.00146216776556073,0,7.96996178332165e-05,0.0711374238450583,0.0550628292723887,0,0,0,0,0,6.22653264322003e-06,0,0,0,0,1.31281327968953,85,58.68,-158.8,1,0.000194801521266455,0.87351901921081,0.12627995273528,6.22653264322003e-06,0,"BS"
"Wood","Sockeye",2000,7238919,1300026,0,0,0,0,0,0.000593596916887729,0.453203717295359,0.446212203783465,0.00839697197882723,0,0,0.0155752537084612,0.0760182563169998,0,0,0,0,0,0,0,0,0,0,1.71708762159011,85,58.68,-158.8,1,0,0.908406489974539,0.091593510025461,0,0,"BS"
"Wood","Sockeye",2001,8311690,1458732,0,0,0,0,0,0,0.261831107753056,0.661213423503523,0.00162746685692079,0,0,0.0677000706234232,0.00746466723373947,0,0,0.000163264029336994,0,0,0,0,0,0,0,1.74009539241413,85,58.68,-158.8,1,0,0.9246719981135,0.0751647378571626,0.000163264029336994,0,"BS"
"Wood","Sockeye",2002,8408983,1283682,0,0,0.00331264791473594,0,0,0.00527840286988331,0.706064455119008,0.252237755742876,0,0,0,0.0281300366524703,0.00497670170102615,0,0,0,0,0,0,0,0,0,0,1.8795679092421,85,58.68,-158.8,1,0.00331264791473594,0.963580613731768,0.0331067383534965,0,0,"BS"
"Wood","Sockeye",2003,8340091,1459782,0,0,0,0,0,0.000496397461370625,0.641509307272547,0.337066346158573,0.00596588214684948,0,0,0.00452668921718,0.0104353777434803,0,0,0,0,0,0,0,0,0,0,1.74278689817619,85,58.68,-158.8,1,0,0.98503793303934,0.0149620669606603,0,0,"BS"
"Wood","Sockeye",2004,8066084,1543392,0,0,0,0,0,0.00133695607434785,0.485251207401262,0.479489551559344,0.00291355755779384,0,0,0.0139929115541073,0.0170158158531451,0,0,0,0,0,0,0,0,0,0,1.65368551881424,85,58.68,-158.8,1,0,0.968991272592748,0.0310087274072524,0,0,"BS"
"Wood","Sockeye",2005,6718864,1496550,0,0,0,0.000254953813620874,0,0,0.374429814325755,0.574513638019761,0.00144339876502933,0,0,0.0351057857399703,0.0142082054347283,4.42039011356682e-05,0,0,0,0,0,0,0,0,0,1.50175663358036,85,58.68,-158.8,1,0.000254953813620874,0.950386851110545,0.0493581950758342,0,0,"BS"
"Wood","Sockeye",2006,8034987,4008102,0,0,5.04045619488868e-05,0.00029334210497167,0,0.00506248485529597,0.565763205341838,0.396804375663582,0.00201419118661922,0,0.000290479623675807,0.0231309646176154,0.00659055204445259,0,0,0,0,0,0,0,0,0,0,0.695487319794589,85,58.68,-158.8,1,0.000343746666920556,0.969644257047336,0.0300119962857438,0,0,"BS"
"Wood","Sockeye",2007,2826072,1528086,0,3.78617388375102e-05,0,0,0,0.000886743154456079,0.519033839194472,0.405249760091038,0.000451510081837972,0,0,0.0620939593895697,0.0122463263497887,0,0,0,0,0,0,0,0,0,0,0.614871435913673,85,58.68,-158.8,1,3.78617388375102e-05,0.925621852521804,0.0743402857393584,0,0,"BS"
"Wood","Sockeye",2008,3221129,1724676,0,0.000213279257055523,0,0,0,0,0.405803679393157,0.551583000867087,0.00639061645776993,0,0,0.0148416905997866,0.0208492115652617,0.000318521859882048,0,0,0,0,0,0,0,0,0,0.624692712466271,85,58.68,-158.8,1,0.000213279257055523,0.963777296718014,0.0360094240249304,0,0,"BS"
"Wood","Sockeye",2009,3721141,1319232,0,0,0,0,0,0.000481035252359424,0.371661272711784,0.55281081797223,0,0,0.000437231483569153,0.0561838425364693,0.0182771897114353,0.000148610332153498,0,0,0,0,0,0,0,0,0,1.03698032385667,85,58.68,-158.8,1,0,0.924953125936373,0.0750468740636273,0,0,"BS"
"Wood","Sockeye",2010,7127174,1804344,0,0,0.000884081123878833,0,0,0.00586852516860119,0.673204695156874,0.279084388847529,0.00189878905720556,0.000544816220285909,0.000173701385710521,0.0301440655160096,0.00819693752390499,0,0,0,0,0,0,0,0,0,0,1.37371757128983,85,58.68,-158.8,1,0.000884081123878833,0.960601214450496,0.0385147044256251,0,0,"BS"
"Wood","Sockeye",2011,5649575,1098006,0,0,0,0.000217538487408345,0,0.00184297048893058,0.471975325577588,0.506186217547338,0.000194527906966453,0,0.000521455153706252,0.0187058318546085,0.000194527906966453,0,0,0,0,0.000161605076488054,0,0,0,0,0,1.63808469054132,85,58.68,-158.8,1,0.000217538487408345,0.980199041520822,0.0194218149152812,0.000161605076488054,0,"BS"
"Wood","Sockeye",2012,4655415,764211,0,0,0.000896805118340685,0,0,0.0165860616078266,0.673070607024293,0.297336757303055,0,0,0,0.0121097689464849,0,0,0,0,0,0,0,0,0,0,0,1.8069424081406,85,58.68,-158.8,1,0.000896805118340685,0.986993425935174,0.0121097689464849,0,0,"BS"
"Wood","Sockeye",2013,12363437,1183348,0,0,0,0,0,0.0168094842882283,0.782744312928517,0.191579493631099,6.1471579464513e-06,0,0,0.00465218531060578,0.00420837668360343,0,0,0,0,0,0,0,0,0,0,2.34639585958272,85,58.68,-158.8,1,0,0.991139438005791,0.00886056199420922,0,0,"BS"
"Wood","Sockeye",2014,24560850,2764614,0,0,0.000127642162221584,0,0,0.00664964771170379,0.82434003709155,0.154335008763948,3.96973231789616e-05,0,0.000143928243525774,0.0138814413996258,0.000482597304246392,0,0,0,0,0,0,0,0,0,0,2.18425268874155,85,58.68,-158.8,1,0.000127642162221584,0.98536439089038,0.014507966947398,0,0,"BS"
"Naknek","Sockeye",1963,1706836,905358,0,0,0,0,0,0,0.0831620612642339,0.243835377271161,0,0,0.0136011895694724,0.410683861835583,0.245008893648833,0,0,0,0.0037086164107155,0,0,0,0,0,0,0.63406619760435,80,58.78,-157.08,1,0,0.326997438535395,0.669293945053889,0.0037086164107155,0,"BS"
"Naknek","Sockeye",1964,2223531,1349604,0,0,0,0,0,0.000334153200472582,0.154048223298888,0.115210446807353,0,0,0.0154803328579633,0.57365514580188,0.139279371414206,0,0,0,0.0019923266192376,0,0,0,0,0,0,0.499285256768418,80,58.78,-157.08,1,0,0.269592823306714,0.728414850074049,0.0019923266192376,0,"BS"
"Naknek","Sockeye",1965,2654768,717798,0,0,0,0,0,0.00485051801136672,0.238978321269505,0.226138404561152,0,0,0.0139612952996269,0.321886884277647,0.194184576580703,0,0,0,0,0,0,0,0,0,0,1.30792435514225,80,58.78,-157.08,1,0,0.469967243842023,0.530032756157977,0,0,"BS"
"Naknek","Sockeye",1966,4205624,1016445,0,0,0,0,0,0.00317931417549453,0.218396366389387,0.611816462907763,0.000713330530736937,0,0.000481498108247432,0.0498423063973384,0.115447315309215,0.00012340618181749,0,0,0,0,0,0,0,0,0,1.42011095623811,80,58.78,-157.08,1,0,0.834105474003382,0.165894525996618,0,0,"BS"
"Naknek","Sockeye",1967,1552168,755640,0,0,0,0,0,0,0.227075290819035,0.336791507104901,0,0,0.00243981321609517,0.213049747192314,0.22034921477572,0.000294426891934378,0,0,0,0,0,0,0,0,0,0.719842870018863,80,58.78,-157.08,1,0,0.563866797923936,0.436133202076064,0,0,"BS"
"Naknek","Sockeye",1968,638311,1023222,0,0,0,0,0,0.00561638448969233,0.198038260346446,0.31780276385649,0.000402625052678083,0,0,0.137881064246112,0.339301688361943,0,0,0,0.000957213646639334,0,0,0,0,0,0,-0.471884559183649,80,58.78,-157.08,1,0,0.521860033745306,0.477182752608055,0.000957213646639334,0,"BS"
"Naknek","Sockeye",1969,2143779,1331202,0,0,0,0,0,0,0.0214056579526154,0.112023207616084,0,0,0.00203659052542263,0.390441831923906,0.470134748031397,0,0,0,0.00095672175163578,0.00300124219893935,0,0,0,0,0,0.476487399583781,80,58.78,-157.08,1,0,0.133428865568699,0.862613170480726,0.00395796395057513,0,"BS"
"Naknek","Sockeye",1970,2535305,732502,0,0,0,0,0,0.000235474627313085,0.0637331603101008,0.110983096708286,0,0,0.00700349662072216,0.611337886368701,0.19914566492,0,0,0,0.00688043450393542,0.000680785940942017,0,0,0,0,0,1.24160354753666,80,58.78,-157.08,1,0,0.174951731645699,0.817487047909423,0.00756122044487744,0,"BS"
"Naknek","Sockeye",1971,4350423,935754,0,0,0,0,0,5.17191086935684e-05,0.0803793102417857,0.144971649883241,0.000339737078440418,0,0.00397869356611989,0.408498208105281,0.353431838697065,0.00578564429252052,0,0,0.000454898293798097,0.00210830073305515,0,0,0,0,0,1.53667550945026,80,58.78,-157.08,1,0,0.225742416312161,0.771694384660986,0.00256319902685325,0,"BS"
"Naknek","Sockeye",1972,1715209,586518,0,0,0,0,0,0.00171291078813136,0.13348460741519,0.231521639636919,0.00296407026782159,0,0.0204324953985199,0.209662495940728,0.39441782313409,0.00154325216343897,0,0,0.00210936393174243,0.0021513413234189,0,0,0,0,0,1.0730856938652,80,58.78,-157.08,1,0,0.369683228108061,0.626056066636777,0.00426070525516132,0,"BS"
"Naknek","Sockeye",1973,2742668,356676,0,0,0.000458312854490591,0,0,0,0.222513260810277,0.260990028687395,0,0,9.29751614121724e-05,0.205890395775209,0.310055026711217,0,0,0,0,0,0,0,0,0,0,2.03985900618814,80,58.78,-157.08,1,0.000458312854490591,0.483503289497672,0.516038397647838,0,0,"BS"
"Naknek","Sockeye",1974,2642514,1241058,0,0,0,0,0,0.000584292079436476,0.0960823670186799,0.14885824635177,0,0,0.000693279203061933,0.417689367019437,0.33327732606147,0,0,0,0.00281512226614504,0,0,0,0,0,0,0.755766116700708,80,58.78,-157.08,1,0,0.245524905449886,0.751659972283969,0.00281512226614504,0,"BS"
"Naknek","Sockeye",1975,5195705,2026686,0,0,0,0,0,0.000198048195576924,0.0878993322369149,0.313748952259607,0,0,0.00227187648259476,0.296288954049547,0.297797122815864,0.000913061846274952,0,0,0.000882652113620769,0,0,0,0,0,0,0.941430376016595,80,58.78,-157.08,1,0,0.401846332692099,0.597271015194281,0.000882652113620769,0,"BS"
"Naknek","Sockeye",1976,8991732,1320750,0,0,0,0,0,0.000475659194468874,0.112713879817592,0.496158137275444,0.00270159297452371,0,0.000491896333209219,0.216883799472671,0.16906019885824,0.00118775782018414,0,0,0,0.000327078253666813,0,0,0,0,0,1.91810573137443,80,58.78,-157.08,1,0,0.612049269262029,0.387623652484304,0.000327078253666813,0,"BS"
"Naknek","Sockeye",1977,3721060,1085856,0,0,0.00115907832714334,0,0,0.00119025223995313,0.211980188440928,0.660276372861496,0.0201310916781777,0,0,0.0391942081019924,0.0652929541582237,0.00037462443497283,0,0,0,0.000401229757112221,0,0,0,0,0,1.23163968915654,80,58.78,-157.08,1,0.00115907832714334,0.893577905220555,0.104861786695189,0.000401229757112221,0,"BS"
"Naknek","Sockeye",1978,2788295,813378,0,0,0,0,0,0.000140946348933667,0.175797037257536,0.340567264224194,0.000791164492996616,0,0.00348994636507256,0.226353739471613,0.252516322698997,0,0,0,0.000343579140657642,0,0,0,0,0,0,1.23198963075581,80,58.78,-157.08,1,0,0.51729641232366,0.482360008535682,0.000343579140657642,0,"BS"
"Naknek","Sockeye",1979,3965089,925362,0,0,0,0,0,0.00225745248089009,0.350377759490392,0.333645474288219,0.00127361580030108,0,0.0015005968340181,0.191970218070767,0.117065972541852,0,0,0,0.00153086097184704,0.000378049521713132,0,0,0,0,0,1.45509831571609,80,58.78,-157.08,1,0,0.687554302059802,0.310536787446637,0.00190891049356017,0,"BS"
"Naknek","Sockeye",1980,4930476,2644698,0,0,0,0,0,0.00016286459968571,0.214955513423045,0.331307971076221,0.00243140824537022,0,0.00351872719794194,0.27279130858765,0.174527570968807,0.00030463590128012,0,0,0,0,0,0,0,0,0,0.622878654020187,80,58.78,-157.08,1,0,0.548857757344321,0.451142242655679,0,0,"BS"
"Naknek","Sockeye",1981,4703786,1796220,0,0,0,0,0,0.00104532816756545,0.164237488695277,0.501857652537764,0.00398636332520229,0,0.00124856870614437,0.12602869263185,0.200656875121445,0.000939030814752202,0,0,0,0,0,0,0,0,0,0.962683472148634,80,58.78,-157.08,1,0,0.671126832725809,0.328873167274191,0,0,"BS"
"Naknek","Sockeye",1982,1849206,1155552,0,0,0,0,0,0.00276064429814742,0.0886223600831925,0.509053615443601,0.0149415478859575,0.000369347709233044,0,0.122145396456641,0.257989645285598,0.00411744283762869,0,0,0,0,0,0,0,0,0,0.470178205889706,80,58.78,-157.08,1,0,0.615747515420132,0.384252484579868,0,0,"BS"
"Naknek","Sockeye",1983,1482526,888294,0,0,0,0,0,0,0.12110141744563,0.375043675456619,0.00397767054338339,0,0.00533481368960814,0.236784380172759,0.257758042692,0,0,0,0,0,0,0,0,0,0,0.512199899382753,80,58.78,-157.08,1,0,0.500122763445633,0.499877236554367,0,0,"BS"
"Naknek","Sockeye",1984,4489761,1242474,0,0,0,0,0,5.54595222329206e-05,0.114423908087758,0.184379302149936,0.00268611179971495,0,0.00689368543225352,0.350986166078773,0.34025686445225,0.000318502477080629,0,0,0,0,0,0,0,0,0,1.28469469499335,80,58.78,-157.08,1,0,0.301544781559642,0.698455218440358,0,0,"BS"
"Naknek","Sockeye",1985,7264389,1849938,0,0,0.000210065843114954,0.000511123509492677,0,0.000290458013743482,0.114089016984085,0.450752981427619,0.00756223269431194,0,0.00437435275010741,0.222008072530257,0.19377940801353,0.0052298961412997,0,0,0,0.00119239209243888,0,0,0,0,0,1.36783234192775,80,58.78,-157.08,1,0.000721189352607632,0.572694689119759,0.425391729435194,0.00119239209243888,0,"BS"
"Naknek","Sockeye",1986,12744734,1977645,0,0,0.000435866295836382,0,0,0.000608251219680222,0.145862910908929,0.524473794431488,0.034455878012048,5.82985882639842e-05,0.000195296347495366,0.0956759866467201,0.194950400690983,0.00328331685855507,0,0,0,0,0,0,0,0,0,1.86321142380379,80,58.78,-157.08,1,0.000435866295836382,0.70545913316041,0.294105000543754,0,0,"BS"
"Naknek","Sockeye",1987,5533716,1061806,0,0.000480689648691765,0.00265011793160328,0.00055460019993798,0,0,0.0667887546090186,0.224969622582727,0.021601939817656,0,0.000446716094573701,0.111472833083592,0.568991975735654,0.00204275029654576,0,0,0,0,0,0,0,0,0,1.65088832899652,80,58.78,-157.08,1,0.00368540778023303,0.313360317009402,0.682954275210365,0,0,"BS"
"Naknek","Sockeye",1988,3025869,1037862,0,0,0,0,0,0,0.117235081888872,0.370437385094993,0.00623986035086119,0,0.0104938449086857,0.257802634548951,0.236690682907951,0.00110051029968581,0,0,0,0,0,0,0,0,0,1.07003615599364,80,58.78,-157.08,1,0,0.493912327334726,0.506087672665274,0,0,"BS"
"Naknek","Sockeye",1989,3133264,1161984,0,0,0,0,0,0.00038043395002783,0.115186591362873,0.26151227601632,0,0,0.00144769160849517,0.448962806836577,0.171697948209918,0,0,0,0.000812252015789286,0,0,0,0,0,0,0.991946064575651,80,58.78,-157.08,1,0,0.377079301329221,0.62210844665499,0.000812252015789286,0,"BS"
"Naknek","Sockeye",1990,3997626,2092578,0,0,0,0,0,0,0.165029695124056,0.227910514890588,0.00125199305787985,0,0.0137316497341172,0.382997559051297,0.205035188384306,0.00404339975775623,0,0,0,0,0,0,0,0,0,0.647303886256625,80,58.78,-157.08,1,0,0.394192203072524,0.605807796927476,0,0,"BS"
"Naknek","Sockeye",1991,4629239,3578508,0,0.000489281283597585,0,0,0,0.00247060045938436,0.0975333094705199,0.763325462349211,0.0135473670726441,0,0.000562295444240403,0.030073193455771,0.0916835358900243,0.000314954574607187,0,0,0,0,0,0,0,0,0,0.257446537970536,80,58.78,-157.08,1,0.000489281283597585,0.87687673935176,0.122633979364643,0,0,"BS"
"Naknek","Sockeye",1992,1481552,1606650,0,0,0.00379196950225169,0,0,0,0.107146424830178,0.507473919241444,0.00806991587200449,0,0.000328709353434777,0.190654799831528,0.179054127023554,0,0,0.0010914230482629,0.00238871129734225,0,0,0,0,0,0,-0.0810604039522043,80,58.78,-157.08,1,0.00379196950225169,0.622690259943627,0.370037636208516,0.00348013434560515,0,"BS"
"Naknek","Sockeye",1993,2704804,1535658,0,0,0,0,0,4.51049318176104e-05,0.130205737643097,0.414794565521199,0.00888567156806926,0,0.00534049786971625,0.159212645352491,0.28151577711361,0,0,0,0,0,0,0,0,0,0,0.566070497578959,80,58.78,-157.08,1,0,0.553931079664183,0.446068920335817,0,0,"BS"
"Naknek","Sockeye",1994,2396223,990810,0,0,0,0,0,0.00206575097559785,0.210552607165527,0.316390419422566,0.000707780536285646,0,0.00712329361666256,0.304946159017754,0.157069271098725,0.0011447181668818,0,0,0,0,0,0,0,0,0,0.883125818948693,80,58.78,-157.08,1,0,0.529716558099977,0.470283441900023,0,0,"BS"
"Naknek","Sockeye",1995,5927765,1111140,0,0,0,4.77414337444214e-05,0,0.00146901909910396,0.409134808819176,0.528149310912292,0.0116060606316209,0,8.46862181614824e-05,0.0198648225764685,0.0290375883659356,0.000562606648542916,0,0,0,4.33552949551813e-05,0,0,0,0,0,1.67426089821064,80,58.78,-157.08,1,4.77414337444214e-05,0.950359199462192,0.0495497038091085,4.33552949551813e-05,0,"BS"
"Naknek","Sockeye",1996,6473145,1078098,0,0,0,0,0,0.000214115395221334,0.0526227977281522,0.863746138855224,0.0165852920025737,0,0,0.00767076900023095,0.0585866684586858,0.000413400286877553,0,0,0.000138727002098671,0,2.20912709355344e-05,0,0,0,0,1.79246354812386,80,58.78,-157.08,1,0,0.933168343981171,0.0666708377457944,0.000160818273034205,0,"BS"
"Naknek","Sockeye",1997,3457636,1025664,0,0,0.000384945089650848,0,0,0,0.0281900697470757,0.260188174810767,0.00447010616502142,0,0.00197851942772461,0.238746935767675,0.464099459862172,0.00064466010881423,0,0,0.00129712902109997,0,0,0,0,0,0,1.21524491082924,80,58.78,-157.08,1,0.000384945089650848,0.292848350722864,0.705469575166385,0.00129712902109997,0,"BS"
"Naknek","Sockeye",1998,3869577,1202172,0,0,0,0,0,0.000275223881059868,0.153929486349542,0.505779830715347,0.00462996343011135,0,0.000381178614613432,0.143117710282028,0.191886606727299,0,0,0,0,0,0,0,0,0,0,1.16901527802432,80,58.78,-157.08,1,0,0.66461450437606,0.33538549562394,0,0,"BS"
"Naknek","Sockeye",1999,3762454,1625364,0,6.83064829496919e-05,0,0,0,0,0.189519925027655,0.369064445704851,0.0039567261154555,0,0.0020109215953205,0.188166287215737,0.246631320941067,0.00029103345848215,0,0,0,0.00029103345848215,0,0,0,0,0,0.839339613389189,80,58.78,-157.08,1,6.83064829496919e-05,0.562541096847961,0.437099563210607,0.00029103345848215,0,"BS"
"Naknek","Sockeye",2000,9024559,1375488,0,0,3.5126370163905e-05,0,0,0.000328658718946821,0.133749361049111,0.756259557946266,0.0087845843769208,0,0,0.0502957540639936,0.0503550367391914,0,0,0,0.000191920735406572,0,0,0,0,0,0,1.88114095070626,80,58.78,-157.08,1,3.5126370163905e-05,0.899122162091245,0.100650790803185,0.000191920735406572,0,"BS"
"Naknek","Sockeye",2001,4633414,1830360,0,0,7.55382532189008e-05,0,0,0,0.104508899916994,0.631606197935259,0.0109593056005788,0.000738116645738974,0.00228514007166206,0.0855177197634401,0.164309081813108,0,0,0,0,0,0,0,0,0,0,0.92878129257122,80,58.78,-157.08,1,7.55382532189008e-05,0.747812520098571,0.25211194164821,0,0,"BS"
"Naknek","Sockeye",2002,5780282,1263918,0,0,0,0,0,0.00840253122598517,0.254504192010009,0.637283094492622,0.0161556131690461,0,0.000316420548340029,0.043369510345689,0.0361985799308753,0.00377005827743352,0,0,0,0,0,0,0,0,0,1.52023587721695,80,58.78,-157.08,1,0,0.916345430897662,0.0836545691023379,0,0,"BS"
"Naknek","Sockeye",2003,12398893,1831170,0,0,0,0,0,0.00072119341621869,0.297771502665601,0.608910166415663,0.0225041058100913,0,0,0.019935892663966,0.0496228977861169,0.000400600279395911,0,0,0.000133640962947257,0,0,0,0,0,0,1.91265200695775,80,58.78,-157.08,1,0,0.929906968307574,0.0699593907294788,0.000133640962947257,0,"BS"
"Naknek","Sockeye",2004,4303986,1939674,0,0,0,0,0,0,0.229301628769239,0.383870440099015,0.00363732595784466,0,0.000771610316576309,0.227478202763671,0.15461342114031,0.000327370953344179,0,0,0,0,0,0,0,0,0,0.797021884691212,80,58.78,-157.08,1,0,0.616809394826098,0.383190605173902,0,0,"BS"
"Naknek","Sockeye",2005,5386610,2744622,0,0,0,0,0,0.00680799241081125,0.241882185641804,0.418778229721476,0.00458265959481009,0,0.0019630157000414,0.148781330001615,0.175952036624148,0.000778597299600305,0,0,0,0.000473953005693748,0,0,0,0,0,0.674272884006258,80,58.78,-157.08,1,0,0.672051067368902,0.327474979625404,0.000473953005693748,0,"BS"
"Naknek","Sockeye",2006,4907392,1953228,0,0,0,0,0,0.0102787794413,0.337702388559952,0.392927241190433,0.00677875335819922,0.000238212068650721,0.00383523468269908,0.146242851600198,0.101696379665615,0.000265925363207178,0,0,1.81359059965049e-05,1.60981637497066e-05,0,0,0,0,0,0.921259455016446,80,58.78,-157.08,1,0,0.747925374618535,0.252040391311719,3.42340697462114e-05,0,"BS"
"Naknek","Sockeye",2007,4635097,2945304,0,0,0.000214450743965013,0,0,0.00378438682081518,0.401694937560099,0.332145152517844,0.00672089494567212,0,0.0030935706415637,0.139236352550982,0.113090189914041,2.00643050188594e-05,0,0,0,0,0,0,0,0,0,0.453445088940092,80,58.78,-157.08,1,0.000214450743965013,0.74434537184443,0.255440177411605,0,0,"BS"
"Naknek","Sockeye",2008,3267803,2472690,0,0,2.72354239224335e-05,0,0,0.0070649913718789,0.177571597798276,0.488183345201654,0.00194381362646402,0,0.00400268926860034,0.110395577701593,0.210810749607611,0,0,0,0,0,0,0,0,0,0,0.278811266802442,80,58.78,-157.08,1,2.72354239224335e-05,0.674763747998273,0.325209016577805,0,0,"BS"
"Naknek","Sockeye",2009,1915298,1169466,0,0,0,0,0,0.00282723628385766,0.238856825413069,0.464624303894224,0.00029447114757077,0,0.00300527646350594,0.207036189668657,0.0824675846787288,0.000888112450386311,0,0,0,0,0,0,0,0,0,0.493325989736705,80,58.78,-157.08,1,0,0.706602836738722,0.293397163261278,0,0,"BS"
"Naknek","Sockeye",2010,7421322,1463928,0,0,1.25314600282807e-05,0,0,0.0131670610707904,0.434004211109557,0.308753076608184,0.00021060937660433,0,0.00511620436358913,0.184838631176494,0.0538889162874216,0,0,0,0,8.75854733159402e-06,0,0,0,0,0,1.62323383967657,80,58.78,-157.08,1,1.25314600282807e-05,0.756134958165136,0.243843751827505,8.75854733159402e-06,0,"BS"
"Naknek","Sockeye",2011,5088588,1177074,0,0,0,0,0,0.0161991892446392,0.435432776243626,0.257660671290346,1.47388627257699e-05,6.68161776901569e-06,0.00812386461627469,0.169805847909086,0.112260807909778,0.000386747757924202,0,0,2.55473620580012e-06,0.000106119811625543,0,0,0,0,0,1.46396868738879,80,58.78,-157.08,1,0,0.709314057259106,0.290577268193063,0.000108674547831343,0,"BS"
"Naknek","Sockeye",2012,5422205,900312,0,0,0,0,0,0.00216590851876681,0.441063552558415,0.371216875791306,0.00260004924195968,0,0.00105621237116634,0.113704664430799,0.06819144609988,0,0,0,0,1.29098770703063e-06,0,0,0,0,0,1.79551646835449,80,58.78,-157.08,1,0,0.817046386110448,0.182952322901845,1.29098770703063e-06,0,"BS"
"Naknek","Sockeye",2013,6508686,938160,0,0,0,0,0,0.00942878485765022,0.421297785758907,0.509337061274733,0.000596433750222395,0,0,0.0350872664620785,0.024252667896408,0,0,0,0,0,0,0,0,0,0,1.93697251499956,80,58.78,-157.08,1,0,0.940660065641513,0.0593399343584865,0,0,"BS"
"Naknek","Sockeye",2014,6519491,1474428,0,0,0,0,0,0.0050347488784017,0.45327741076719,0.48460378271862,0,0,0.000359844043039556,0.0368947514460868,0.0172834044866386,0.00254605766002285,0,0,0,0,0,0,0,0,0,1.48652634082361,80,58.78,-157.08,1,0,0.942915942364212,0.0570840576357878,0,0,"BS"
"Igushik","Sockeye",1963,368205,92184,0,0,0.000793036487826075,0,0,0,0.533827623199033,0.37301503238685,0,0,0,0.060884561589332,0.031479746336959,0,0,0,0,0,0,0,0,0,0,1.38485326857138,84,58.82,-158.62,1,0.000793036487826075,0.906842655585883,0.0923643079262911,0,0,"BS"
"Igushik","Sockeye",1964,583059,128532,0,0.00018008469125766,0.000869551794929844,0,0,0,0.213208268802986,0.557413572211389,0,0,0.000447639089697612,0.178354163129289,0.0495267202804519,0,0,0,0,0,0,0,0,0,0,1.51211219643649,84,58.82,-158.62,1,0.0010496364861875,0.770621841014374,0.228328522499438,0,0,"BS"
"Igushik","Sockeye",1965,810918,180840,0,0,0,0,0,0.000368717922157357,0.393881995466866,0.333017641734429,0,0,0,0.207568459449661,0.0651631854268866,0,0,0,0,0,0,0,0,0,0,1.50055674317359,84,58.82,-158.62,1,0,0.727268355123453,0.272731644876547,0,0,"BS"
"Igushik","Sockeye",1966,301095,206360,0,0,0,0,0,0,0.180677194905262,0.772636543283681,0.000405187731446886,0,0,0.0179079692455869,0.028170510968299,0,0,0,0,0.000202593865723443,0,0,0,0,0,0.377796970750663,84,58.82,-158.62,1,0,0.953718925920391,0.046078480213886,0.000202593865723443,0,"BS"
"Igushik","Sockeye",1967,125745,281772,0,0.00283112648614259,0.00341961907034077,0,0,0,0.345771203626387,0.476050737603881,0.00046920354686071,0,0,0.0865561254920673,0.084901984174321,0,0,0,0,0,0,0,0,0,0,-0.806842186520881,84,58.82,-158.62,1,0.00625074555648336,0.822291144777128,0.171458109666388,0,0,"BS"
"Igushik","Sockeye",1968,158923,194508,0,0.00284414464866634,0.00105082335470637,0.000195063017939505,0,0,0.304864619973195,0.639976592437847,0.00558761161065422,0,0,0.00322797832912794,0.0422531666278638,0,0,0,0,0,0,0,0,0,0,-0.202053485127214,84,58.82,-158.62,1,0.00409003102131221,0.950428824021696,0.0454811449569918,0,0,"BS"
"Igushik","Sockeye",1969,476722,512328,0,0,0.00018459395622606,0,0,0,0.00174105663258671,0.224982274784885,0.00290945246915393,0,0,0.583845511639907,0.186337110517241,0,0,0,0,0,0,0,0,0,0,-0.0720315331621972,84,58.82,-158.62,1,0.00018459395622606,0.229632783886626,0.770182622157148,0,0,"BS"
"Igushik","Sockeye",1970,287434,370920,0,0,0.00111677811254062,0,0,0,0.127987642380512,0.502960679669072,0,0,0.00104023880264687,0.219135523285345,0.147717389035396,4.17487144874997e-05,0,0,0,0,0,0,0,0,0,-0.254986179171266,84,58.82,-158.62,1,0.00111677811254062,0.630948322049584,0.367934899837876,0,0,"BS"
"Igushik","Sockeye",1971,259415,210960,0,0,0.00497658192471522,0,0,0,0.224655474818341,0.506990729140566,0.000759400959851975,0,0,0.151621918547501,0.110995894609024,0,0,0,0,0,0,0,0,0,0,0.206760553917203,84,58.82,-158.62,1,0.00497658192471522,0.73240560491876,0.262617813156525,0,0,"BS"
"Igushik","Sockeye",1972,232050,60018,0,0.000400775694893342,0.00393449687567335,0.000262874380521439,0,0,0.40409825468649,0.504619694031459,0.0176556776556777,0,0,0.0228657616892911,0.0461624649859944,0,0,0,0,0,0,0,0,0,0,1.35230403903073,84,58.82,-158.62,1,0.00459814695108813,0.926373626373626,0.0690282266752855,0,0,"BS"
"Igushik","Sockeye",1973,452001,59508,0,0,0.00282963975743416,0.00191592496476778,0,0,0.0381437209209714,0.882756896555539,0,0,0,0.0324800166371313,0.0418738011641567,0,0,0,0,0,0,0,0,0,0,2.02757142253723,84,58.82,-158.62,1,0.00474556472220194,0.92090061747651,0.0743538178012881,0,0,"BS"
"Igushik","Sockeye",1974,1267130,358752,0,3.86700654234372e-05,0.00107013487171798,0,0,0,0.325919992423824,0.465054887817351,0.000940708530300758,0,0.00108118346183896,0.189982874685312,0.0159115481442315,0,0,0,0,0,0,0,0,0,0,1.26187843766421,84,58.82,-158.62,1,0.00110880493714141,0.791915588771476,0.206975606291383,0,0,"BS"
"Igushik","Sockeye",1975,2810903,241086,0,4.76715133891138e-05,0,0,0,0,0.19336170618481,0.652822954047151,0.000426553317563786,0,0,0.0424212432801843,0.110919871656902,0,0,0,0,0,0,0,0,0,0,2.45610734670924,84,58.82,-158.62,1,4.76715133891138e-05,0.846611213549525,0.153341114937086,0,0,"BS"
"Igushik","Sockeye",1976,1354666,186120,0,0,0,0,0,0,0.304745228713203,0.547004206202857,0.00656767055495598,0,0.00314542477629172,0.0786577650874828,0.0597350195546356,0.000144685110573381,0,0,0,0,0,0,0,0,0,1.98491931967672,84,58.82,-158.62,1,0,0.858317105471016,0.141682894528984,0,0,"BS"
"Igushik","Sockeye",1977,830426,95970,0,0,0.00351265495059162,0,0,0.000930847540900694,0.210334214005824,0.704828606040755,0.0561410649473884,0,0,0.00674352681635691,0.0175090856981838,0,0,0,0,0,0,0,0,0,0,2.15790317950388,84,58.82,-158.62,1,0.00351265495059162,0.972234732534868,0.0242526125145407,0,0,"BS"
"Igushik","Sockeye",1978,562275,536154,0,0,0,0,0,0,0.0640451736250056,0.655302120848339,0.000129829709661642,0,0,0.259714552487662,0.0208083233293317,0,0,0,0,0,0,0,0,0,0,0.0475696208201978,84,58.82,-158.62,1,0,0.719477124183007,0.280522875816993,0,0,"BS"
"Igushik","Sockeye",1979,896475,859560,0,0,0.000218634094648484,0,0,0,0.681906355447726,0.294001505898101,0,0,0,0.0113600490811233,0.0123572882679383,0,0,0,0.000156167210463203,0,0,0,0,0,0,0.0420508914972467,84,58.82,-158.62,1,0.000218634094648484,0.975907861345827,0.0237173373490616,0.000156167210463203,0,"BS"
"Igushik","Sockeye",1980,443803,1987530,0,0,0,0,0,0,0.0321539061250149,0.797479962956537,0,0,0,0.0778205645297576,0.0925455663886905,0,0,0,0,0,0,0,0,0,0,-1.49926717047683,84,58.82,-158.62,1,0,0.829633869081552,0.170366130918448,0,0,"BS"
"Igushik","Sockeye",1981,838644,591144,0,0,0,0,0,0,0.290310310453542,0.599518985409781,0.0613084932343163,0,0,0.00803916799023185,0.0408230429121296,0,0,0,0,0,0,0,0,0,0,0.349727851610895,84,58.82,-158.62,1,0,0.951137789097639,0.0488622109023614,0,0,"BS"
"Igushik","Sockeye",1982,346608,423768,0,0,0.0188801181738448,0,0,0,0.146701749526843,0.786886049946914,0.00301493329640401,0,0,0.0203890273738633,0.0241281216821308,0,0,0,0,0,0,0,0,0,0,-0.200991677291671,84,58.82,-158.62,1,0.0188801181738448,0.936602732770161,0.0445171490559941,0,0,"BS"
"Igushik","Sockeye",1983,391104,180438,0,0.00294295123547701,0,6.90353460972018e-05,0,0,0.270986745213549,0.631737338406153,0.00430831696939944,0,0,0.0158806864670267,0.0740749263622975,0,0,0,0,0,0,0,0,0,0,0.773586280810531,84,58.82,-158.62,1,0.00301198658157421,0.907032400589102,0.0899556128293242,0,0,"BS"
"Igushik","Sockeye",1984,522953,184872,0,0,0.000443634514000302,0,0,0,0.0579363728671601,0.801527097081382,0.00624721533292667,0,0,0.0999745675041543,0.0306585869093398,0.00321252579103667,0,0,0,0,0,0,0,0,0,1.03982790015116,84,58.82,-158.62,1,0.000443634514000302,0.865710685281469,0.133845680204531,0,0,"BS"
"Igushik","Sockeye",1985,1138953,212454,0,0,0.00552524994446654,0,0,0,0.34724698912071,0.561206652074317,0.00517053820482496,0,0,0.0440018157026673,0.0361384534743752,0.000710301478638715,0,0,0,0,0,0,0,0,0,1.67913744798554,84,58.82,-158.62,1,0.00552524994446654,0.913624179399852,0.0808505706556811,0,0,"BS"
"Igushik","Sockeye",1986,1700596,307728,0,0.00159061881834369,0.00506587102404098,0.00130130848243792,0,0,0.0925252088091469,0.880441327628667,0.00439551780669836,0,0,0.00555393520859746,0.00912621222206803,0,0,0,0,0,0,0,0,0,0,1.70951836895386,84,58.82,-158.62,1,0.00795779832482259,0.977362054244512,0.0146801474306655,0,0,"BS"
"Igushik","Sockeye",1987,445515,169236,0,0.00360706149063443,0.0282571855044162,0,0,0,0.169664321066631,0.759303278228567,0.0127470455540218,0,0,0.00481465270529612,0.0216064554504338,0,0,0,0,0,0,0,0,0,0,0.967936725879608,84,58.82,-158.62,1,0.0318642469950507,0.941714644849219,0.0264211081557299,0,0,"BS"
"Igushik","Sockeye",1988,614897,170454,0,0,0,0.000147992265371274,0,0,0.172342685035055,0.779873702424959,0.00269801283792245,0,0,0.00932513900702069,0.035612468429672,0,0,0,0,0,0,0,0,0,0,1.28299093479172,84,58.82,-158.62,1,0.000147992265371274,0.954914400297936,0.0449376074366927,0,0,"BS"
"Igushik","Sockeye",1989,991784,461610,0,0.000146201188968566,0.00301577762899986,0,0,0,0.214966161986884,0.699248021746671,0.00524106055350762,0,0,0.0488553959329854,0.0285273809619837,0,0,0,0,0,0,0,0,0,0,0.764784962902775,84,58.82,-158.62,1,0.00316197881796843,0.919455244287062,0.0773827768949691,0,0,"BS"
"Igushik","Sockeye",1990,1229498,365802,0,3.74136436171511e-05,0.00253436768502267,0,0,0.000135014453053197,0.112401972187023,0.718944642447568,0.00177796141189331,0,0,0.0773771083808188,0.0867915197910041,0,0,0,0,0,0,0,0,0,0,1.21226903156703,84,58.82,-158.62,1,0.00257178132863982,0.833259590499537,0.164168628171823,0,0,"BS"
"Igushik","Sockeye",1991,983939,756126,0,0,0.000919772465569512,0,0,0,0.173743494261331,0.811768819001991,0.00250422028194837,0,0,0.00209870733856469,0.00896498665059521,0,0,0,0,0,0,0,0,0,0,0.263355874301906,84,58.82,-158.62,1,0.000919772465569512,0.988016533545271,0.0110636939891599,0,0,"BS"
"Igushik","Sockeye",1992,139562,304920,0,0,0.021388343531907,0,0,0,0.215087201387197,0.657155959358565,0.00231438357145928,0,0,0.0382267379372609,0.0658273742136112,0,0,0,0,0,0,0,0,0,0,-0.781547665450272,84,58.82,-158.62,1,0.021388343531907,0.874557544317221,0.104054112150872,0,0,"BS"
"Igushik","Sockeye",1993,358176,405564,0,0,0,0,0,0,0.280381711784151,0.667691302599839,0,0,0,0.0383526534441169,0.0135743321718931,0,0,0,0,0,0,0,0,0,0,-0.124259789097133,84,58.82,-158.62,1,0,0.94807301438399,0.05192698561601,0,0,"BS"
"Igushik","Sockeye",1994,659953,445920,0,0,0,0,0,0,0.24795250570874,0.65977274139219,0.00151677467940899,0,0,0.0651197888334472,0.0256381893862139,0,0,0,0,0,0,0,0,0,0,0.392029056629918,84,58.82,-158.62,1,0,0.909242021780339,0.0907579782196611,0,0,"BS"
"Igushik","Sockeye",1995,1278256,473382,0,0,0,0,0,0,0.294199284024483,0.689420585547809,0.00466338511221539,0,0,0.00510930517830544,0.00660744013718692,0,0,0,0,0,0,0,0,0,0,0.993349254323248,84,58.82,-158.62,1,0,0.988283254684508,0.0117167453154924,0,0,"BS"
"Igushik","Sockeye",1996,886426,400746,0,0,0,0,0,0,0.0869017831155675,0.902943956968771,0.00314408647760783,0,0,0.000910397483828317,0.00602870403169582,7.10719225293482e-05,0,0,0,0,0,0,0,0,0,0.793869837538046,84,58.82,-158.62,1,0,0.992989826561947,0.00701017343805349,0,0,"BS"
"Igushik","Sockeye",1997,99344,127704,0,0,0.0120691737799968,0,0,0,0.0193972459333226,0.52009180222258,0.0186926236108874,0,0,0.0958487679175391,0.333900386535674,0,0,0,0,0,0,0,0,0,0,-0.251116445357125,84,58.82,-158.62,1,0.0120691737799968,0.55818167176679,0.429749154453213,0,0,"BS"
"Igushik","Sockeye",1998,536354,215904,0,0,0,0,0,0,0.243052163310053,0.733220969732677,0.00428448375513187,0,0,0.00541992788345011,0.0140224553186888,0,0,0,0,0,0,0,0,0,0,0.909960526387338,84,58.82,-158.62,1,0,0.980557616797861,0.0194423832021389,0,0,"BS"
"Igushik","Sockeye",1999,362489,445536,0,0,0,0,0,0,0.167872680274436,0.40509091310357,0,0,0.000184833194938329,0.161089026149759,0.265762547277297,0,0,0,0,0,0,0,0,0,0,-0.206281164019548,84,58.82,-158.62,1,0,0.572963593378006,0.427036406621994,0,0,"BS"
"Igushik","Sockeye",2000,767785,413316,0,0,0,0,0,0,0.0694243831280892,0.860326784190887,0.00441660100158247,0,0,0.0161203982885834,0.0497118333908581,0,0,0,0,0,0,0,0,0,0,0.619298614917591,84,58.82,-158.62,1,0,0.934167768320558,0.0658322316794415,0,0,"BS"
"Igushik","Sockeye",2001,490104,409596,0,0,0,0.000799830240112303,0,0,0.064939278194016,0.903522517669719,0.00592323262001534,0,0,0.0159190702381535,0.00889607103798377,0,0,0,0,0,0,0,0,0,0,0.179444265043908,84,58.82,-158.62,1,0.000799830240112303,0.97438502848375,0.0248151412761373,0,0,"BS"
"Igushik","Sockeye",2002,495204,123156,0,0,0,0,0,0,0.474899233447226,0.408544761350878,0.010783434705697,0,0,0.0819217938465764,0.0238507766496232,0,0,0,0,0,0,0,0,0,0,1.39151997379837,84,58.82,-158.62,1,0,0.8942274295038,0.1057725704962,0,0,"BS"
"Igushik","Sockeye",2003,2088078,194088,0,0,0,0,0,0,0.36997181139785,0.610057670259444,0.000362055440457684,0,0,0.000965960083866599,0.0186425028183813,0,0,0,0,0,0,0,0,0,0,2.37568764016501,84,58.82,-158.62,1,0,0.980391537097752,0.0196084629022479,0,0,"BS"
"Igushik","Sockeye",2004,1835420,109650,0,0,0,0,0,0,0.324915278246941,0.655059332468863,0.000602586873849037,0,0,0.00926164038748624,0.0101611620228613,0,0,0,0,0,0,0,0,0,0,2.81773514226888,84,58.82,-158.62,1,0,0.980577197589652,0.0194228024103475,0,0,"BS"
"Igushik","Sockeye",2005,1579838,365712,0,0,0,0,0,0,0.206575610917069,0.740469592451884,0.00145457952017865,0,0,0.0181499622113153,0.0327141137255845,0,0,0.00036332839189841,0.00027281278207006,0,0,0,0,0,0,1.46323145071995,84,58.82,-158.62,1,0,0.948499782889132,0.0508640759368999,0.00063614117396847,0,"BS"
"Igushik","Sockeye",2006,1005266,305268,0,0,0.0010604158501332,0,0,0,0.186994288078976,0.778204972614214,0.00218449644173781,0,0,0.0184040840931654,0.0131517429217739,0,0,0,0,0,0,0,0,0,0,1.19181738277818,84,58.82,-158.62,1,0.0010604158501332,0.967383757134928,0.0315558270149393,0,0,"BS"
"Igushik","Sockeye",2007,608982,415452,0,0,0,0,0,0,0.263787763841953,0.694524632911974,0.00159282211953719,0,0,0.0264917518087563,0.013056215126227,0.00054681419155246,0,0,0,0,0,0,0,0,0,0.382419984380387,84,58.82,-158.62,1,0,0.959905218873464,0.0400947811265358,0,0,"BS"
"Igushik","Sockeye",2008,663846,1054704,0,0,0,0,0,0,0.0793662988102662,0.773037722604339,0.00428412613768856,0,0,0.0578522729669231,0.0854595794807832,0,0,0,0,0,0,0,0,0,0,-0.462965242956821,84,58.82,-158.62,1,0,0.856688147552294,0.143311852447706,0,0,"BS"
"Igushik","Sockeye",2009,942097,514188,0,0,0,0,0,0,0.140237151800717,0.79826281157885,0,0,0,0.0595840980281224,0.00191593859231056,0,0,0,0,0,0,0,0,0,0,0.605519284337619,84,58.82,-158.62,1,0,0.938499963379567,0.0615000366204329,0,0,"BS"
"Igushik","Sockeye",2010,1714570,518040,0,0,0,0,0,0,0.331175163452061,0.660695101395685,0,0,0,0.000291618306630817,0.0078381168456231,0,0,0,0,0,0,0,0,0,0,1.19686513994394,84,58.82,-158.62,1,0,0.991870264847746,0.00812973515225392,0,0,"BS"
"Igushik","Sockeye",2011,1985102,421380,0,0.000408543238584214,0,0,0,0,0.255817081439644,0.735573285402967,0.00102110622023453,0,0,0.00562439612674815,0.00155558757182251,0,0,0,0,0,0,0,0,0,0,1.54989003403997,84,58.82,-158.62,1,0.000408543238584214,0.992411473062845,0.00717998369857065,0,0,"BS"
"Igushik","Sockeye",2012,686079,193326,0,0.000566990098807863,0.00208576563340373,0,0,0,0.530714392948917,0.455440262710271,0.00528947832538235,0,0,0.00590311028321811,0,0,0,0,0,0,0,0,0,0,0,1.26661489832682,84,58.82,-158.62,1,0.0026527557322116,0.99144413398457,0.00590311028321811,0,0,"BS"
"Igushik","Sockeye",2013,2092761,387036,0,0,0,0,0,0,0.43335717743211,0.564267491605587,0.000496473319218009,0,0,0.00032397392726642,0.00155488371581848,0,0,0,0,0,0,0,0,0,0,1.68772229164647,84,58.82,-158.62,1,0,0.998121142356915,0.0018788576430849,0,0,"BS"
"Igushik","Sockeye",2014,1857204,340590,0,0,0,0,0,0.000950891770640167,0.395704510651495,0.600465538519193,1.07688762246904e-06,0,0,0.00287798217104852,0,0,0,0,0,0,0,0,0,0,0,1.69614800207878,84,58.82,-158.62,1,0,0.997122017828951,0.00287798217104852,0,0,"BS"
"Nushagak","Sockeye",1963,214840,234821,0,0,0.188242412958481,0.180548315025135,0,0,0,0,0.00105194563396016,0,0,0.580362129957177,0.0497951964252467,0,0,0,0,0,0,0,0,0,0,-0.088925302120914,83,58.82,-158.49,1,0.368790727983616,0.00105194563396016,0.630157326382424,0,0,"BS"
"Nushagak","Sockeye",1964,93343,134853,0,0.149598791553732,0.103499994643412,0.0144735009588293,0,0,0,0.549907331026429,0,0,0,0.161490417063947,0.0210299647536505,0,0,0,0,0,0,0,0,0,0,-0.367915128946286,83,58.82,-158.49,1,0.267572287155973,0.549907331026429,0.182520381817597,0,0,"BS"
"Nushagak","Sockeye",1965,779754,255794,0,0.0027149588203459,0.0178697384046763,0,0,0,0.110470738207178,0.862418147261829,0,0,0,0.00652641730597086,0,0,0,0,0,0,0,0,0,0,0,1.11460605227928,83,58.82,-158.49,1,0.0205846972250222,0.972888885469007,0.00652641730597086,0,0,"BS"
"Nushagak","Sockeye",1966,701566,233578,0,0.0070813009752468,0.118938203960853,0.00151233098525299,0,0.000955006371460419,0.130212980674662,0.741300177032524,0,0,0,0,0,0,0,0,0,0,0,0,0,0,0,1.09979891078553,83,58.82,-158.49,1,0.127531835921353,0.872468164078647,0,0,0,"BS"
"Nushagak","Sockeye",1967,227033,74003,0,0.0402937017966551,0.117339769989385,0,0,0.0100866393872256,0.522730175789423,0.209106165183035,0.0178300070914801,0,0.0345456387397427,0.0198649535530077,0.0282029484700462,0,0,0,0,0,0,0,0,0,0,1.12098974844194,83,58.82,-158.49,1,0.15763347178604,0.759752987451163,0.0826135407627966,0,0,"BS"
"Nushagak","Sockeye",1968,344179,142360,0,0,0,0.0228195212374956,0,0,0.102243309440727,0.853756330281627,0.00801908309339036,0,0,0,0.0131617559467603,0,0,0,0,0,0,0,0,0,0,0.882802810234105,83,58.82,-158.49,1,0.0228195212374956,0.964018722815744,0.0131617559467603,0,0,"BS"
"Nushagak","Sockeye",1969,493692,95805,0,0,0.197505732318936,0.0101804363854387,0,0,0.00975304440825454,0.135487307876166,0.00819336752469151,0,0,0.0745829383502265,0.564297173136287,0,0,0,0,0,0,0,0,0,0,1.63959696527929,83,58.82,-158.49,1,0.207686168704374,0.153433719809112,0.638880111486514,0,0,"BS"
"Nushagak","Sockeye",1970,988764,452892,0,0.00268415921291633,0.00340829560946798,0,0,0,0.128731426305974,0.0123072846503311,0.00348111379459608,0,0.00049152274961467,0.754267954739453,0.0946282429376474,0,0,0,0,0,0,0,0,0,0,0.780801991810974,83,58.82,-158.49,1,0.00609245482238431,0.144519824750901,0.849387720426715,0,0,"BS"
"Nushagak","Sockeye",1971,1010998,312699,0,0.00119782630628349,0.00949655686757046,0,0,0.00377448817900728,9.89121640201069e-07,0.799127199064687,0.00256775977796197,0,9.89121640201069e-07,0.0280465441079013,0.155787647453309,0,0,0,0,0,0,0,0,0,0,1.17345316339493,83,58.82,-158.49,1,0.010694383173854,0.805470436143296,0.18383518068285,0,0,"BS"
"Nushagak","Sockeye",1972,1147979,39851,0,0.00313420367445746,0.0655316865552419,0.000772662217688651,0.000111500297479309,0,0.0618774385245723,0.751978041410165,0,0,0,0.0401836618962542,0.076410805424141,0,0,0,0,0,0,0,0,0,0,3.36061165610071,83,58.82,-158.49,1,0.0695500527448673,0.813855479934738,0.116594467320395,0,0,"BS"
"Nushagak","Sockeye",1973,1380190,210601,0,0.00293148044834407,0.0183322586020765,0.00131576087350292,0,0,0,0.892469877335729,0.00873937646266094,0,0,0.0446040037965787,0.0311688970359153,0,0,0,0.000438345445192329,0,0,0,0,0,0,1.88001037726862,83,58.82,-158.49,1,0.0225794999239235,0.90120925379839,0.0757729008324941,0.000438345445192329,0,"BS"
"Nushagak","Sockeye",1974,383624,204190,0,0.00289867161595729,0,0,0,0,0,0.00018247033553688,0,0,0,0.905907868120868,0.0910109899276375,0,0,0,0,0,0,0,0,0,0,0.630609366566799,83,58.82,-158.49,1,0.00289867161595729,0.00018247033553688,0.996918858048506,0,0,"BS"
"Nushagak","Sockeye",1975,5995149,832093,0,0.00254055403793967,0.00276957253272604,0.00225982707018625,0,0.00560419766047516,0.103897334328138,0.823047600651794,0.0159066938953477,0,0,0.0258137037127851,0.0181605161106088,0,0,0,0,0,0,0,0,0,0,1.97476170777722,83,58.82,-158.49,1,0.00756995364085196,0.948455826535754,0.0439742198233939,0,0,"BS"
"Nushagak","Sockeye",1976,4351925,520303,0,0.0013862830816248,0.0143341165116586,0,0.000596517633001488,0,0.0436696404464691,0.786530788099519,0.0133205420589739,0,0,0.0467057681370888,0.0934563440316642,0,0,0,0,0,0,0,0,0,0,2.12396199096408,83,58.82,-158.49,1,0.0163169172262849,0.843520970604962,0.140162112168753,0,0,"BS"
"Nushagak","Sockeye",1977,3236088,611588,0,0,0.00498626736973778,0.0197058918051672,0,0,0.00657398686315082,0.935799644509049,0.0285953286808023,0,0.00246099611629844,0,0.00187788465579428,0,0,0,0,0,0,0,0,0,0,1.6660619276951,83,58.82,-158.49,1,0.024692159174905,0.970968960053002,0.00433888077209272,0,0,"BS"
"Nushagak","Sockeye",1978,1513724,734040,0,0,0.228459745633946,0.0883371076893806,0,0,0.0588654206447146,0.616487549910023,0,0,0,0.00785017612193504,0,0,0,0,0,0,0,0,0,0,0,0.723765256411819,83,58.82,-158.49,1,0.316796853323327,0.675352970554738,0.00785017612193504,0,0,"BS"
"Nushagak","Sockeye",1979,1846153,551272,0,0.0394674764225934,0.286587298019178,0,0,0,0.233456815334374,0.415828482254721,0.0246599279691337,0,0,0,0,0,0,0,0,0,0,0,0,0,0,1.20863095827335,83,58.82,-158.49,1,0.326054774441772,0.673945225558228,0,0,0,"BS"
"Nushagak","Sockeye",1980,1210264,3669136,0,0.0185381040830761,0.432190827786334,0.0285094822286708,0,0,0.016333626382343,0.258577467395543,0.00728766616209356,0,0,0.138311145336885,0.100251680625054,0,0,0,0,0,0,0,0,0,0,-1.10911604184768,83,58.82,-158.49,1,0.479238414098081,0.28219875993998,0.238562825961939,0,0,"BS"
"Nushagak","Sockeye",1981,1976757,1118873,0,0.0153301594480252,0.051398325641442,0.00451800600680812,0,0,0.126472803688061,0.797733358222584,0.00293612214349058,0,0,0.00132135614038549,0,0.000289868709204014,0,0,0,0,0,0,0,0,0,0.569135694431092,83,58.82,-158.49,1,0.0712464910962754,0.927142284054135,0.0016112248495895,0,0,"BS"
"Nushagak","Sockeye",1982,1335148,664580,0,0.0617684331624659,0.314780833285898,0.0254885600697451,0,0.000895031861636313,0.0937042185585418,0.444962655825422,0.0534360235719186,0,0,0,0.00496424366437279,0,0,0,0,0,0,0,0,0,0,0.697642163934412,83,58.82,-158.49,1,0.402037826518109,0.592997929817518,0.00496424366437279,0,0,"BS"
"Nushagak","Sockeye",1983,1548738,446845,0,0.0742895183045809,0.324427372480045,0.0720070147436171,0,0.000178209613246398,0.150879619406252,0.350733306731029,0.0111122733477192,0,0,0.00380309645659886,0.0125695889169117,0,0,0,0,0,0,0,0,0,0,1.24298390640169,83,58.82,-158.49,1,0.470723905528243,0.512903409098246,0.0163726853735106,0,0,"BS"
"Nushagak","Sockeye",1984,761248,655739,0,0.0133294274664761,0.2871127411829,0.0348546071713817,0,0,0.0614398986926731,0.568176205389045,0.0273997435789651,0,0,0.00520461137500525,0.00248276514355374,0,0,0,0,0,0,0,0,0,0,0.14919503420883,83,58.82,-158.49,1,0.335296775820758,0.657015847660684,0.007687376518559,0,0,"BS"
"Nushagak","Sockeye",1985,1416870,551319,0,0.060408506073246,0.376382448636784,0.0447994523139032,0,0,0.044801569657061,0.450866346242069,0.0130315413552408,0,0,0.00201712224833612,0.00769301347336029,0,0,0,0,0,0,0,0,0,0,0.943891903366793,83,58.82,-158.49,1,0.481590407023933,0.508699457254371,0.00971013572169642,0,0,"BS"
"Nushagak","Sockeye",1986,2092572,1095241,0,0.0450550805420315,0.38421139153157,0.0258246789118845,0,0,0.0468418768864345,0.378077791349593,0.0956593130367796,0,0,0,0.0239380054784256,0.000391862263281741,0,0,0,0,0,0,0,0,0,0.64742045677672,83,58.82,-158.49,1,0.455091150985486,0.520578981272807,0.0243298677417073,0,0,"BS"
"Nushagak","Sockeye",1987,1905457,429182,0,0.0916394334797374,0.350515912980456,0.114246083747888,0,0,0.0173155311298025,0.346654372153242,0.0643005851089791,0,0,0.00825786149989215,0.00604421931326711,0.00102600058673589,0,0,0,0,0,0,0,0,0,1.49059555760821,83,58.82,-158.49,1,0.556401430208081,0.428270488392024,0.0153280813998951,0,0,"BS"
"Nushagak","Sockeye",1988,2557338,534460,0,0.020928011862335,0.17633570533109,0.0431816208885959,0,0,0.0806303273169209,0.645770328364886,0.0282438222870813,0,0,0.0020892819017275,0.00282090204736331,0,0,0,0,0,0,0,0,0,0,1.56546565237343,83,58.82,-158.49,1,0.240445338082021,0.754644477968888,0.00491018394909081,0,0,"BS"
"Nushagak","Sockeye",1989,1398721,567863,0,0.0625550056086954,0.331717333192252,0.0142851934016863,0,0,0.0757148852415886,0.495885884318602,0.0160682509235223,0,0,0.000805021158615621,0.00280256033905261,0,0,0,0.000165865815984746,0,0,0,0,0,0,0.90143404910734,83,58.82,-158.49,1,0.408557532202634,0.587669020483713,0.00360758149766823,0.000165865815984746,0,"BS"
"Nushagak","Sockeye",1990,1189248,752513,0,0.0908809600688839,0.494926205467657,0.0952997188139059,0,0,0.0318083360241094,0.245568628242385,0.00709103567969002,0,0,0.0111322449144333,0.0183233438273598,0.00496952696157572,0,0,0,0,0,0,0,0,0,0.457657340489618,83,58.82,-158.49,1,0.681106884350447,0.284467999946184,0.0344251157033688,0,0,"BS"
"Nushagak","Sockeye",1991,1491482,544748,0,0.00907419600102448,0.0926031960157749,0.00310228350057191,0,0.000268860100222463,0.0834840782523691,0.719562824090401,0.0831951039301849,0,0.000126719598359216,0.0016292519789042,0.00695348653218745,0,0,0,0,0,0,0,0,0,0,1.00720223308536,83,58.82,-158.49,1,0.104779675517371,0.886510866373178,0.00870945810945087,0,0,"BS"
"Nushagak","Sockeye",1992,1212575,768816,0,0.0848879450755623,0.280921180133188,0.000863451745252871,0,0,0.107651073129497,0.468144238500711,0.0463822856318166,0,0,0.0074444879698163,0.00370533781415583,0,0,0,0,0,0,0,0,0,0,0.455648982783112,83,58.82,-158.49,1,0.366672576954003,0.622177597262025,0.0111498257839721,0,0,"BS"
"Nushagak","Sockeye",1993,1074279,790927,0,0.0386314914468215,0.046030872799338,0,0,0,0.0450404410772248,0.771321975017663,0.0953402235359716,0,0,0.000719552369542735,0.00291544375343835,0,0,0,0,0,0,0,0,0,0,0.306198411745625,83,58.82,-158.49,1,0.0846623642461595,0.911702639630859,0.00363499612298109,0,0,"BS"
"Nushagak","Sockeye",1994,425915,563334,0,0.00353122101827829,0.0671871147999014,0,0,0.000486012467276334,0.164779357383515,0.652097249451182,0.018252468215489,0,0,0.0132068605238134,0.0804597161405445,0,0,0,0,0,0,0,0,0,0,-0.279632906836185,83,58.82,-158.49,1,0.0707183358181797,0.835615087517462,0.0936665766643579,0,0,"BS"
"Nushagak","Sockeye",1995,1198478,311136,0,0.00173219700319906,0,0,0,0.00046976248208144,0.052475723375815,0.772186890372623,0.15599952606556,0,0,0.0111291154280679,0.00600678527265415,0,0,0,0,0,0,0,0,0,0,1.34857674740806,83,58.82,-158.49,1,0.00173219700319906,0.981131902296079,0.0171359007007221,0,0,"BS"
"Nushagak","Sockeye",1996,2335511,557057,0,0,0,0,0,0,0.155763770755094,0.795218262727086,0.0425059012781357,0,0,0.00205993463528966,0.0044521306043945,0,0,0,0,0,0,0,0,0,0,1.43331884939172,83,58.82,-158.49,1,0,0.993487934760316,0.00651206523968416,0,0,"BS"
"Nushagak","Sockeye",1997,544302,412591,0,0,0,0,0,0,0.069027855859431,0.77733500887375,0.0498105830954139,0.00577253069068275,0,0.00748665263034124,0.0905673688503809,0,0,0,0,0,0,0,0,0,0,0.277047452372241,83,58.82,-158.49,1,0,0.901945978519278,0.0980540214807221,0,0,"BS"
"Nushagak","Sockeye",1998,2665499,507532,0,0,0,0,0,0,0.058125701791672,0.839568501057401,0.0780202881336665,0,0,0.00275820775021863,0.0215273012670423,0,0,0,0,0,0,0,0,0,0,1.65858642281896,83,58.82,-158.49,1,0,0.975714490982739,0.0242855090172609,0,0,"BS"
"Nushagak","Sockeye",1999,1753729,344972,0,0,0,0,0,0,0.0501964670710241,0.878366041731647,0.044447004069614,0,0,0.00746865678790737,0.0195218303398073,0,0,0,0,0,0,0,0,0,0,1.62603697290018,83,58.82,-158.49,1,0,0.973009512872285,0.0269904871277147,0,0,"BS"
"Nushagak","Sockeye",2000,3938658,446286,0,0,0,0,0,0,0.0610581065936672,0.837650793747515,0.0951707408970263,0.000275220646220108,0,0.00131186815407685,0.00346310850040801,0.00107016146108649,0,0,0,0,0,0,0,0,0,2.17763507913192,83,58.82,-158.49,1,0,0.994154861884429,0.00584513811557134,0,0,"BS"
"Nushagak","Sockeye",2001,2662842,897112,0,0,0,0.00234373650408098,0,0,0.0962899789022405,0.793635146208449,0.0967143375386148,0.000136320517702515,0,0.00178869042924815,0.00909178989966359,0,0,0,0,0,0,0,0,0,0,1.08796891310041,83,58.82,-158.49,1,0.00234373650408098,0.986775783167007,0.0108804803289117,0,0,"BS"
"Nushagak","Sockeye",2002,2083236,349155,0,0,0.0150127013934091,0,0,0,0.0863795556528401,0.846523389572761,0.0328047326371088,0,0,0.014541319370441,0.00473830137344017,0,0,0,0,0,0,0,0,0,0,1.78616130326625,83,58.82,-158.49,1,0.0150127013934091,0.96570767786271,0.0192796207438812,0,0,"BS"
"Nushagak","Sockeye",2003,2197158,642093,0,0.00354457895153649,0,0.0086297844761278,0,0,0.176873033254777,0.702312714879858,0.0985086188612744,0,0,0,0.0101312695764255,0,0,0,0,0,0,0,0,0,0,1.23018728816962,83,58.82,-158.49,1,0.0121743634276643,0.97769436699591,0.0101312695764255,0,0,"BS"
"Nushagak","Sockeye",2004,1836175,543872,0,0,0.036363091753237,0,0,0,0.10600841423067,0.802823260310156,0.0432300842784593,0,0,0.00313695590017291,0.0084381935273054,0,0,0,0,0,0,0,0,0,0,1.21672650210026,83,58.82,-158.49,1,0.036363091753237,0.952061758819285,0.0115751494274783,0,0,"BS"
"Nushagak","Sockeye",2005,1418241,1106703,0,0.00354453157115046,0,0.00672875766530512,0,0.0016985829629802,0.25324539341339,0.687709634681271,0.0261591647681882,0,0,0.00616820413455823,0.0147457308031569,0,0,0,0,0,0,0,0,0,0,0.248032046308995,83,58.82,-158.49,1,0.0102732892364556,0.968812775825829,0.0209139349377151,0,0,"BS"
"Nushagak","Sockeye",2006,1237593,548410,0,0,0.00588157819250755,0.00116435694125613,0,0,0.0846320236135789,0.821929341875722,0.0761510448103698,0,0,0.00426796208446557,0.00597369248210034,0,0,0,0,0,0,0,0,0,0,0.813900460747295,83,58.82,-158.49,1,0.00704593513376368,0.98271241029967,0.0102416545665659,0,0,"BS"
"Nushagak","Sockeye",2007,912135,518041,0,0.00514836071414867,0.0588026991618565,0.0107714318604154,0,0.00113360412658214,0.0338579267323368,0.822924238188426,0.0602246378003256,0,0,0,0.00713710141590883,0,0,0,0,0,0,0,0,0,0,0.565734712057257,83,58.82,-158.49,1,0.0747224917364206,0.918140406847671,0.00713710141590883,0,0,"BS"
"Nushagak","Sockeye",2008,2169869,492546,0,0,0.00501366672365935,0,0,0.00058667136126651,0.0754077780732385,0.845541827640286,0.0655670918382631,0,0,0.00222087139822727,0.00566209296505918,0,0,0,0,0,0,0,0,0,0,1.48283467964009,83,58.82,-158.49,1,0.00501366672365935,0.987103368913054,0.00788296436328645,0,0,"BS"
"Nushagak","Sockeye",2009,1285172,484149,0,0.000776549753651651,0.00879960036477608,0.00265334134263741,0,0.000487872440420426,0.0761936923618006,0.887429853747203,0.0199903203617882,0,0,0.00366876962772298,0,0,0,0,0,0,0,0,0,0,0,0.976255908037831,83,58.82,-158.49,1,0.0122294914610651,0.984101738911212,0.00366876962772298,0,0,"BS"
"Nushagak","Sockeye",2010,2452553,468696,0,0,0.00184909357718263,0,0,0,0.0828238981991419,0.906418739982378,0.00653604631581866,0,0,0.000856658347444479,0.00151556357803481,0,0,0,0,0,0,0,0,0,0,1.65493083889715,83,58.82,-158.49,1,0.00184909357718263,0.995778684497338,0.00237222192547929,0,0,"BS"
"Nushagak","Sockeye",2011,2428918,428191,0,0,0.00751116340691617,0,0,0,0.0851342037895063,0.848395046683338,0.0424625285826858,0,0,0.00137468617713731,0.0151223713604164,0,0,0,0,0,0,0,0,0,0,1.73563140025893,83,58.82,-158.49,1,0.00751116340691617,0.97599177905553,0.0164970575375538,0,0,"BS"
"Nushagak","Sockeye",2012,5114329,432438,0,0,1.75976164224085e-06,0,0,0,0.0950775751814168,0.861864772485305,0.0138104138392348,0,0,0.0102617567231205,0.0189837220092802,0,0,0,0,0,0,0,0,0,0,2.47036252349,83,58.82,-158.49,1,1.75976164224085e-06,0.970752761505957,0.0292454787324007,0,0,"BS"
"Nushagak","Sockeye",2013,11990242,894148,0,0,0,0,0,0.000469715290150107,0.299124154458267,0.69106211534346,0.00322912581747725,0,0,0.00114276258977926,0.00497212650086629,0,0,0,0,0,0,0,0,0,0,2.59597712173374,83,58.82,-158.49,1,0,0.993885110909354,0.00611488909064554,0,0,"BS"
"Nushagak","Sockeye",2014,4879285,618477,0,0,0,0,0,0.00257988619234171,0.230472497507319,0.744050409025093,0.00472466765110052,0,0,0.0134829180914827,0.00276208501860416,0.00192753651405892,0,0,0,0,0,0,0,0,0,2.06549376237211,83,58.82,-158.49,1,0,0.981827460375854,0.0181725396241458,0,0,"BS"
"Egegik","Sockeye",1963,993873,997602,0,0,0.0010313188908442,0,0,0,0.00268344144573804,0.0861246859508207,0,0,0.00227795704280124,0.516813516415075,0.300206364394646,0,0,0,0.0833416341926987,0.00752108166737601,0,0,0,0,0,-0.00374597344651331,82,58.85,-157.03,1,0.0010313188908442,0.0888081273965587,0.819297837852522,0.0908627158600747,0,"BS"
"Egegik","Sockeye",1964,1937882,849576,0,0,0,0,0,0.000118170249788171,0.0315075943736512,0.0188091947806936,0,0,0.00306829827615923,0.792043581600944,0.114714931043273,0,0,0,0.0375316969763897,0.00220653269910139,0,0,0,0,0,0.824613501582987,82,58.85,-157.03,1,0,0.050434959404133,0.909826810920376,0.0397382296754911,0,"BS"
"Egegik","Sockeye",1965,2388485,1444608,0,0,0,0,0,0,0.0101671143004875,0.00454974596867889,0.000667368645815234,0,0.0102458252825536,0.622090572057183,0.339657146685033,0.000424118217196256,0,0,0.00265356491667312,0.00954454392638011,0,0,0,0,0,0.502821269251623,82,58.85,-157.03,1,0,0.0153842289149817,0.972417662241965,0.0121981088430532,0,"BS"
"Egegik","Sockeye",1966,2058270,804246,0,0,8.59945488201256e-05,0,0,0,0.070862423297235,0.267471225835289,0.000505278704931812,0,5.10137154017694e-05,0.273557405005174,0.379539127519713,0,0,0,0.0046845166086082,0.00324301476482677,0,0,0,0,0,0.939716396439807,82,58.85,-157.03,1,8.59945488201256e-05,0.338838927837456,0.653147546240289,0.00792753137343497,0,"BS"
"Egegik","Sockeye",1967,1631431,636864,0,0,0.00116523469273294,0,0,0,0.0347382144877718,0.115662875107804,0,0,0.000288090639444757,0.458949842193755,0.386716937461652,0.00112355349383455,0,0,0.000410069442103282,0.000945182480901736,0,0,0,0,0,0.940656690777345,82,58.85,-157.03,1,0.00116523469273294,0.150401089595576,0.847078423788686,0.00135525192300502,0,"BS"
"Egegik","Sockeye",1968,377055,338654,0,0,0.0026680457758152,0,0,0,0.0541008606171513,0.123764437548899,0,0,0,0.2401082070255,0.532622561695243,0.0226651284295395,0,0,0,0.0240707589078516,0,0,0,0,0,0.107414780334872,82,58.85,-157.03,1,0.0026680457758152,0.17786529816605,0.795395897150283,0.0240707589078516,0,"BS"
"Egegik","Sockeye",1969,2755728,1015554,0,0,0,0,0,0,0.00317084995326099,0.0374993468150703,0,0,0.00121855277443928,0.395746242009371,0.427732708017627,0,0,0,0.134632300430231,0,0,0,0,0,0,0.998247378121791,82,58.85,-157.03,1,0,0.0406701967683313,0.824697502801438,0.134632300430231,0,"BS"
"Egegik","Sockeye",1970,1202585,919734,0,0,0,0,0,0,0.0882490634757626,0.0673923256983914,0,0,0,0.470453231996075,0,0,0,0,0.345533995517988,0.0283713833117825,0,0,0,0,0,0.26814335620802,82,58.85,-157.03,1,0,0.155641389174154,0.470453231996075,0.373905378829771,0,"BS"
"Egegik","Sockeye",1971,2700676,634014,0,0,0,0,0,0,0.00786395702409323,0,0,0,0.00121525129263932,0.477421578893581,0.46912884033479,0,0,0,0.020604470880624,0.0237114707576918,5.44308165807376e-05,0,0,0,0,1.44918635481301,82,58.85,-157.03,1,0,0.00786395702409323,0.94776567052101,0.0443703724548965,0,"BS"
"Egegik","Sockeye",1972,2909901,546402,0,0,0,0,0,0,0,0.0247492955945924,6.39197003609401e-05,0,0,0.526650219371724,0.424170444286593,0,0,0,0.0195642394706899,0.00480188157603987,0,0,0,0,0,1.67251971405052,82,58.85,-157.03,1,0,0.0248132152949533,0.950820663658317,0.0243661210467298,0,"BS"
"Egegik","Sockeye",1973,1451686,328842,0,0,0,0,0,0,0.0241360735034987,0.0520849550109321,0,0,0.000301718140148765,0.403093368676146,0.498899899840599,0,0,0,0.0164422609297052,0.00504172389896989,0,0,0,0,0,1.48490352630447,82,58.85,-157.03,1,0,0.0762210285144308,0.902294986656894,0.0214839848286751,0,"BS"
"Egegik","Sockeye",1974,2441308,1275630,0,0.000591076586813298,0,0,0,0,0.0203325430465963,0.0363686187895997,0,0,0.00509153289957678,0.6825517304658,0.229913636460455,0,0,0,0.0241423859668669,0.00100847578429268,0,0,0,0,0,0.649093787025538,82,58.85,-157.03,1,0.000591076586813298,0.056701161836196,0.917556899825831,0.0251508617511596,0,"BS"
"Egegik","Sockeye",1975,3040168,1173840,0,0,0,0,0,0,0.0181190644727528,0.04970646359017,0,0,0.00239427557950745,0.734888006189132,0.191043389707411,0.00035853281792322,0,0,0.00293437731072756,0.000555890332376369,0,0,0,0,0,0.951632680061135,82,58.85,-157.03,1,0,0.0678255280629228,0.928684204293973,0.00349026764310393,0,"BS"
"Egegik","Sockeye",1976,4480474,509160,0,3.30322193589339e-05,0,0,0,0,0.0850595271839542,0.100958961038497,0.000130789733407671,0,0.0119279790486453,0.618774040425187,0.183115670350949,0,0,0,0,0,0,0,0,0,0,2.17472203757207,82,58.85,-157.03,1,3.30322193589339e-05,0.186149277955859,0.813817689824782,0,0,"BS"
"Egegik","Sockeye",1977,4167609,692514,0,0,0,0,0,0.000557153994052705,0.19747677865174,0.464412808399252,0.00280640530337659,0,0.000442939824729239,0.150719273329144,0.167716069333759,0,0,0,0.0140176297728506,0.00185094139109499,0,0,0,0,0,1.79476955453403,82,58.85,-157.03,1,0,0.665253146348422,0.318878282487633,0.0158685711639456,0,"BS"
"Egegik","Sockeye",1978,9914903,895698,0,0,0,0,0,0,0.0391328084601534,0.0426262364846131,8.67381153401097e-05,0,0.000679885622683349,0.664691323757782,0.250590953839891,0,0,0,0.00132537857405161,0.000866675145485538,0,0,0,0,0,2.40419085430275,82,58.85,-157.03,1,0,0.0818457830601066,0.915962163220356,0.00219205371953715,0,"BS"
"Egegik","Sockeye",1979,4039741,1032042,0,0,0,0.00160035012145581,0,0.000705243232177508,0.162661418145371,0.0543923484203567,0,0,0.000557213940200622,0.488540230673204,0.291154556690639,0.000388638776594836,0,0,0,0,0,0,0,0,0,1.36464121710144,82,58.85,-157.03,1,0.00160035012145581,0.217759009797905,0.780640640080639,0,0,"BS"
"Egegik","Sockeye",1980,8222417,1060860,0,0,0.00284016244858416,0,0,0.000592283266586942,0.0859758146540123,0.297980265413442,0.000603593809460162,0,0.00268436884191108,0.49330130057865,0.115398428466958,0,0,4.4147602827733e-05,0.000579634917567426,0,0,0,0,0,0,2.04778442645937,82,58.85,-157.03,1,0.00284016244858416,0.385151957143502,0.611384097887519,0.000623782520395159,0,"BS"
"Egegik","Sockeye",1981,5441585,694680,0,0,0,0,0,0,0.109056276801704,0.0794044382289351,0.000596701144978899,0,0.00828398343497345,0.5299496378353,0.27015400843688,0,0,0,0.00115591321278635,0.00139904090444236,0,0,0,0,0,2.05837453359799,82,58.85,-157.03,1,0,0.189057416175618,0.808387629707153,0.00255495411722871,0,"BS"
"Egegik","Sockeye",1982,6435075,1034628,0,0,0.000139392314774886,0,0,0.000272879492469008,0.188905179815309,0.29978034444043,0.00101024463584341,0,0.00179718185102738,0.262468891193964,0.242002307665412,0,0,0,0.00346382909290102,0.0001597494978691,0,0,0,0,0,1.8277215541713,82,58.85,-157.03,1,0.000139392314774886,0.489968648384051,0.506268380710403,0.00362357859077012,0,"BS"
"Egegik","Sockeye",1983,10811632,792282,0,0,0,2.77478922701032e-07,0,0.000223185546825863,0.118368161254471,0.236145107417641,0.000591677556172833,0,0.000672701401601534,0.322301757958465,0.318103409365025,0.00154944230436256,0,0,0.00126983604325415,0.000774443673258579,0,0,0,0,0,2.6134605740081,82,58.85,-157.03,1,2.77478922701032e-07,0.35532813177511,0.642627311029454,0.00204427971651273,0,"BS"
"Egegik","Sockeye",1984,11766355,1165345,0,0,0.000111674346048543,0,0,4.11342340087478e-05,0.0338589138267543,0.054221379518126,0.000478227964395091,0,0.00727064583721977,0.445828296018606,0.436018631088387,0.000737271652946048,0,0.000161052424476399,0.0181199700332006,0.00315280305583165,0,0,0,0,0,2.31222709213959,82,58.85,-157.03,1,0.000111674346048543,0.0885996555432842,0.889854844597159,0.0214338255135086,0,"BS"
"Egegik","Sockeye",1985,6382684,1095192,0,6.84664946596134e-05,2.25610417184996e-05,0,0,6.81531468579676e-05,0.0667360314250243,0.122412138843158,0.000433830031378649,0,0.00531516208541736,0.629857752631965,0.172727805418536,0,0,0,0.000645339797489583,0.0017127590837961,0,0,0,0,0,1.76265885150935,82,58.85,-157.03,1,9.1027536378113e-05,0.189650153446418,0.807900720135918,0.00235809888128568,0,"BS"
"Egegik","Sockeye",1986,14207132,1152180,0,0,0.000143237917406553,0,0,9.91755408480755e-05,0.170022140992285,0.228493900105947,0.00481258286331119,0,0.000760674286689249,0.285922943490636,0.296363122409224,0.0039466093508528,0,0,0.00669220219816357,0.00274341084463775,0,0,0,0,0,2.51208843274768,82,58.85,-157.03,1,0.000143237917406553,0.403427799502391,0.586993349537401,0.00943561304280132,0,"BS"
"Egegik","Sockeye",1987,25731443,1273553,0,4.8578698054361e-05,9.20274855941814e-05,0,0,0,0.0271698326440534,0.164186827765547,0.00522500817385173,0,0.00269289211646622,0.344751633244976,0.445316455824106,0.00171168014168502,0,0.000218837318995285,0.00601777366314046,0.00256845292353017,0,0,0,0,0,3.00590307495448,82,58.85,-157.03,1,0.000140606183648542,0.196581668583453,0.794472661327233,0.00880506390566592,0,"BS"
"Egegik","Sockeye",1988,19465142,1612745,0,0,0.000119084669405443,0,0,6.04156907768769e-05,0.0152166883755587,0.0539217232527767,0.000294731988084135,0,0.00545970843675325,0.57134533105384,0.33180153527778,0.000198354576606736,0,0,0.0132166515918558,0.00836577508656243,0,0,0,0,0,2.49068758005006,82,58.85,-157.03,1,0.000119084669405443,0.0694935593071964,0.90880492934498,0.0215824266784183,0,"BS"
"Egegik","Sockeye",1989,10134483,1611566,0,0,0,0,0,0,0.0196568488002792,0.0247906084602441,0.000406039459536318,0,0.0036952057643197,0.511065636007283,0.418634181931135,4.30214348378699e-05,0,0.000209976177373824,0.0186956749545093,0.00280280701048095,0,0,0,0,0,1.83873739018993,82,58.85,-157.03,1,0,0.0448534967200596,0.933438045137576,0.021708458142364,0,"BS"
"Egegik","Sockeye",1990,16060319,2191582,0,0,0,0,0,0,0.0245307082630177,0.0454289232984725,0.000316432070869825,0,0.00454822846295892,0.548547946027722,0.372403188255476,0.00202100593394191,0,0.00018119191779441,0.000817542914309485,0.00120483285543706,0,0,0,0,0,1.99172785159897,82,58.85,-157.03,1,0,0.07027606363236,0.927520368680099,0.00220356768754095,0,"BS"
"Egegik","Sockeye",1991,9948962,2786925,0,0.000445976173192741,7.45806446943912e-05,3.13600554510109e-05,0,0.000145743847448608,0.121513078449792,0.288948837074662,0.00253443525063218,0,0.00187527100817151,0.324000232386052,0.258705883086095,1.3669767760697e-05,0,0,0.000910848790054681,0.000800083465993739,0,0,0,0,0,1.27252938663949,82,58.85,-157.03,1,0.000551916873338143,0.413142094622534,0.584595056248079,0.00171093225604842,0,"BS"
"Egegik","Sockeye",1992,8668647,1945632,0.000110167134502074,0.000143390312236731,0.00126236539566094,0.000186880374757445,0,7.26757012945619e-06,0.0276717923800565,0.061347059120068,0.00032081131000028,0,0.00448639793499493,0.528380380467679,0.368005756838409,0.00108563654743353,0,0.000276513739687405,0.00448962796616358,0.00222595290822201,0,0,0,0,0,1.49412586322835,82,58.85,-157.03,1,0.00170280321715719,0.0893469303802543,0.901958171788516,0.00699209461407299,0,"BS"
"Egegik","Sockeye",1993,1936034,1517000,0,0,0,0,0,0,0.0607577139657671,0.17011271496265,5.16519854506687e-07,0,0.0157719337573617,0.413290778984253,0.337436222710965,0,0,0,0.000629121182789145,0.00200099791635891,0,0,0,0,0,0.243906850317251,82,58.85,-157.03,1,0,0.230870945448272,0.76649893545258,0.00263011909914805,0,"BS"
"Egegik","Sockeye",1994,7979479,1897977,0,1.64171119442761e-05,0,0,0,0.000968985569107958,0.031250536532523,0.0618732125242763,3.75964395670444e-07,0,0.00843300671635329,0.476906950942536,0.413470102496667,0.00274040448004187,0,0,0.00335936719678064,0.000980640465373742,0,0,0,0,0,1.43608453901445,82,58.85,-157.03,1,1.64171119442761e-05,0.094093110590303,0.901550464635598,0.00434000766215438,0,"BS"
"Egegik","Sockeye",1995,7522879,1266692,0,0,0,0,0,0.000471362094219514,0.198762734320198,0.358389919603918,0.00248668096349815,0,0.000404499394447259,0.229533134854356,0.204638676230204,0.0018431773261274,0,0,0.00150367964179671,0.00196613557123543,0,0,0,0,0,1.78154039843109,82,58.85,-157.03,1,0,0.560110696981834,0.436419487805134,0.00346981521303214,0,"BS"
"Egegik","Sockeye",1996,4161328,1076460,0,0,0,0,0,8.72317683201132e-05,0.0990988934301742,0.33315470445973,0.00527331659508695,0,0.00083723272955172,0.130376648992822,0.4203381708916,0.000742070800475233,0,0.000587793127578504,0.00730752298304772,0.00219641422161387,0,0,0,0,0,1.35215637442189,82,58.85,-157.03,1,0,0.437614146253311,0.552294123414449,0.0100917303322401,0,"BS"
"Egegik","Sockeye",1997,6063054,1104004,0,0,3.29866763515548e-07,0,0,0,0.00283058669772692,0.0293342266125289,2.63893410812439e-06,0,0.0030911814409042,0.576183388767443,0.341310831142193,0.000353782103870426,0,0.00162888207823978,0.0385592805210048,0.00670487183521704,0,0,0,0,0,1.70326989756173,82,58.85,-157.03,1,3.29866763515548e-07,0.032167452244364,0.920939183454411,0.0468930344344616,0,"BS"
"Egegik","Sockeye",1998,1270514,1110938,0,0,0,0,0,1.57416604618288e-06,0.0160053332745645,0.0601599037869713,2.36124906927433e-06,0,0.00995581315908365,0.386269651495379,0.514824708739927,0.000750877204029235,0,7.00503890551383e-05,0.0119156498865813,4.40766492931207e-05,0,0,0,0,0,0.134216839481371,82,58.85,-157.03,1,0,0.0761691724766512,0.911801050598419,0.0120297769249296,0,"BS"
"Egegik","Sockeye",1999,13004573,1728397,0,0,0,0,0,0,0.012480225225388,0.030449519565156,1.59174776442102e-05,0,0.0132118140288036,0.707987567142727,0.233425734162898,0.000156483415487767,0,0,0.00143041989921545,0.000842319082679608,0,0,0,0,0,2.01810675236723,82,58.85,-157.03,1,0,0.0429456622681883,0.954781598749917,0.00227273898189506,0,"BS"
"Egegik","Sockeye",2000,12037969,1032138,0,0,0,0,0,4.50242063258345e-05,0.108197155184566,0.202073456078845,0.0027767142447368,0,0.00208548468599645,0.294590474522737,0.386068530330989,0.00191809764587365,0,0,0.00157019842799064,0.000674864671939262,0,0,0,0,0,2.45643335889391,82,58.85,-157.03,1,0,0.313092349714474,0.684662587185596,0.0022450630999299,0,"BS"
"Egegik","Sockeye",2001,4786182,968872,0,0,2.08934804401504e-07,0.000368769929768655,0,0,0.0611460241169266,0.166554050807094,9.59010752202904e-05,0,0.00995762384297129,0.331361615584196,0.430218073612746,0,0,0,0.000192220020049384,0.00010551207622276,0,0,0,0,0,1.59735536923381,82,58.85,-157.03,1,0.000368978864573056,0.227795975999241,0.771537313039914,0.000297732096272143,0,"BS"
"Egegik","Sockeye",2002,5292214,1036092,0,0,4.64833810575309e-05,0,0,0.00522295583663094,0.274170885757832,0.416292311686564,0.000287214387022142,0,0.00866669412839315,0.198533543806052,0.0966737172759832,0,0,0,0.000106193740464766,0,0,0,0,0,0,1.63078092980616,82,58.85,-157.03,1,4.64833810575309e-05,0.69597336766805,0.303873955210428,0.000106193740464766,0,"BS"
"Egegik","Sockeye",2003,8801516,1152120,0,0,0,0,0,0.00216792198071332,0.225524330126765,0.28999901835093,0.00213667736330878,0,0.00467635348274093,0.218938987329001,0.25517149545601,0.000589784759807288,0,0,0.000565698000208146,0.000229733150516343,0,0,0,0,0,2.0333202558588,82,58.85,-157.03,1,0,0.519827947821716,0.479376621027559,0.000795431150724489,0,"BS"
"Egegik","Sockeye",2004,14139680,1290144,0,0,0,0,0,0.00165732180643409,0.197304818779491,0.244649525307503,0,0,0.00281668326298756,0.425962893078203,0.125011810734048,2.65211093886142e-05,0,0.000160541115499078,0.00188596913084313,0.000523915675602277,0,0,0,0,0,2.39423126005016,82,58.85,-157.03,1,0,0.443611665893429,0.553817908184627,0.00257042592194449,0,"BS"
"Egegik","Sockeye",2005,6185027,1621734,0,0,0,0,0,0.000703311400257428,0.0761073476316272,0.0327127108741805,3.07193485169911e-06,0,0.00597070958623139,0.463409618098676,0.412440075039284,0.00100128908087224,0,0.000119643778434597,0.00547709815979785,0.00205512441578671,0,0,0,0,0,1.33863542405834,82,58.85,-157.03,1,0,0.109526441840917,0.882821691805064,0.00765186635401915,0,"BS"
"Egegik","Sockeye",2006,3573976,1465158,0,0,0,0,0,0.00218803931531717,0.040555112849107,0.071051400457082,0.000481256729200196,0,0.0339008991666424,0.456641846503726,0.383477952845794,0,0,8.8696734393292e-05,0.00838226110080202,0.00323253429793597,0,0,0,0,0,0.891715615066601,82,58.85,-157.03,1,0,0.114275809350706,0.874020698516162,0.0117034921331313,0,"BS"
"Egegik","Sockeye",2007,6442428,1432500,0,0,0,0,0,0.00136113279030825,0.00824037148727157,0.0666658595175608,2.17309374664335e-06,0,0.0111554215274117,0.524279355547319,0.381425915819315,0.000622591358413319,0,0.000337605635639234,0.00340244392331587,0.00250712929969881,0,0,0,0,0,1.50348447331035,82,58.85,-157.03,1,0,0.0762695368888872,0.917483284252459,0.00624717885865391,0,"BS"
"Egegik","Sockeye",2008,3831437,1259568,0,0,0.000271960624695121,0,0,8.27365816011068e-05,0.164535655943188,0.284726331138943,4.17597888207479e-06,0,0.0152083930911561,0.28836230375183,0.246269219616556,0,0,0.000412899911965145,0.000126323361182763,0,0,0,0,0,0,1.11247086261636,82,58.85,-157.03,1,0.000271960624695121,0.449348899642614,0.549839916459542,0.000539223273147908,0,"BS"
"Egegik","Sockeye",2009,4507821,1146276,0,0,0,0,0,0.00121699597211158,0.0677120941581309,0.108472585757065,0.0018696394555152,0,0.0271082192482798,0.613045194119287,0.174335227596659,0,0,0.00176581989391327,0.00447422379903727,0,0,0,0,0,0,1.36929546120982,82,58.85,-157.03,1,0,0.179271315342823,0.814488640964226,0.00624004369295054,0,"BS"
"Egegik","Sockeye",2010,9911388,927054,0,0,9.99859959069305e-05,0,0,0.00102831207899439,0.0542490113392796,0.0677677031713419,0,0,0.0276667606999141,0.603824610639801,0.236655451284926,0,0,0.00190094465073913,0.00550437537103784,0.00130284476805872,0,0,0,0,0,2.3694277608709,82,58.85,-157.03,1,9.99859959069305e-05,0.123045026589616,0.868146822624641,0.00870816478983569,0,"BS"
"Egegik","Sockeye",2011,9363508,961200,0,0.000770224151033993,0.000210391233712835,0,0,0.00390323797448563,0.0474965151949462,0.117022380928174,0.000438617663380007,0,0.0569178773596391,0.416717537914209,0.349763037528243,1.81555886960314e-06,0,0.000131040631353121,0.00452960578449872,0.00209771807745559,0,0,0,0,0,2.27639288851683,82,58.85,-157.03,1,0.000980615384746828,0.168860751760985,0.82340026836096,0.00675836449330742,0,"BS"
"Egegik","Sockeye",2012,9571848,1233900,0,0,0,0,0,0.00399055647352528,0.206596573618804,0.133551117819673,0.000277584850908623,0,0.0368948608460978,0.49895537413465,0.118845075684445,0,0,0.000258048393580842,0.000388848631946517,0.000241959546369729,0,0,0,0,0,2.04864650982175,82,58.85,-157.03,1,0,0.344415832762911,0.654695310665192,0.000888856571897088,0,"BS"
"Egegik","Sockeye",2013,6020572,1113630,0,0,0,0,0,0.0269311620224789,0.474968491365937,0.323172117200824,2.98974914675881e-06,0,0.0146263511174686,0.0776969364372688,0.0823325424893183,0,0,0.000269409617557933,0,0,0,0,0,0,0,1.68755732152791,82,58.85,-157.03,1,0,0.825074760338386,0.174655830044056,0.000269409617557933,0,"BS"
"Egegik","Sockeye",2014,5818459,1382466,0,0,0,0,0,0.0175795687483576,0.370646420297883,0.344754685046333,0,0,0.0126760367306876,0.220034892400204,0.0340664083050168,0,0,0,0.000241988471517974,0,0,0,0,0,0,1.43716658906798,82,58.85,-157.03,1,0,0.732980674092573,0.266777337435909,0.000241988471517974,0,"BS"
"Ugashik","Sockeye",1963,132742,388254,0,0,0,0,0,0,0.0819936418013892,0.162781937894562,0.0160160310979193,0,0.000369137123141131,0.583816727185066,0.155022524897922,0,0,0,0,0,0,0,0,0,0,-1.07325990340219,81,58.85,-158.5,1,0,0.260791610793871,0.739208389206129,0,0,"BS"
"Ugashik","Sockeye",1964,274732,472770,0,0,0.000371270911288092,0,0,0.000487748059927493,0.0689326325291557,0.0299419070221161,0,0,0.0385466563778519,0.801373702371766,0.0592759489247703,0,0,0,0,0.0010701338031245,0,0,0,0,0,-0.542809295363961,81,58.85,-158.5,1,0.000371270911288092,0.0993622876111993,0.899196307674388,0.0010701338031245,0,"BS"
"Ugashik","Sockeye",1965,392955,996612,0,0,0,0,0,0,0.120909518901655,0.13026173480424,0.00139710653891667,0,0.00716367014034686,0.541130663816468,0.19457189754552,0,0,0,0.00456540825285338,0,0,0,0,0,0,-0.930668970041493,81,58.85,-158.5,1,0,0.252568360244812,0.742866231502335,0.00456540825285338,0,"BS"
"Ugashik","Sockeye",1966,2388187,704436,0,0.000156185424340724,0.000170422165433444,4.89911384661251e-05,0,4.22914955989627e-05,0.323431959055133,0.651108560594292,9.54699108570644e-05,0,0,0.0176912444461007,0.0072548757697785,0,0,0,0,0,0,0,0,0,0,1.22089229701277,81,58.85,-158.5,1,0.000375598728240293,0.974678281055881,0.0249461202158792,0,0,"BS"
"Ugashik","Sockeye",1967,230352,238830,0,0,0,0,0,0,0.426156490935612,0.238087796068625,0,0,0,0.183432312287282,0.151646176286726,0.000494894769743697,0,0,0.000182329652010836,0,0,0,0,0,0,-0.0361477691762108,81,58.85,-158.5,1,0,0.664244287004237,0.335573383343752,0.000182329652010836,0,"BS"
"Ugashik","Sockeye",1968,45088,70896,0,0,0,0,0,0,0.376707771469127,0.223185770049681,0,0,0,0.299591909155429,0.0974538679914833,0.00306068133427963,0,0,0,0,0,0,0,0,0,-0.452597878740864,81,58.85,-158.5,1,0,0.599893541518808,0.400106458481192,0,0,"BS"
"Ugashik","Sockeye",1969,89244,160380,0,0,0,0,0,0.00124378109452736,0.0509614091703644,0.0634328358208955,0,0,0.00357446999238044,0.590157321500605,0.274057639729282,0,0,0,0.0165725426919457,0,0,0,0,0,0,-0.586183013167584,81,58.85,-158.5,1,0,0.115638026085787,0.867789431222267,0.0165725426919457,0,"BS"
"Ugashik","Sockeye",1970,355709,735024,0,0,0,0,0,0,0.0104270625708093,0.0078687916246145,0,0,0.000579125071336401,0.852708253094524,0,0,0,0,0.126305491286417,0.00211127635229921,0,0,0,0,0,-0.725790170885675,81,58.85,-158.5,1,0,0.0182958541954238,0.85328737816586,0.128416767638716,0,"BS"
"Ugashik","Sockeye",1971,935803,529752,0,0,0,0,0,0,0.206641782511918,0,0,0,0,0.613134388327458,0.177259530050662,0.00184119948322457,0,0,9.08310830377761e-05,0.0010322685436999,0,0,0,0,0,0.568994943131617,81,58.85,-158.5,1,0,0.206641782511918,0.792235117861345,0.00112309962673768,0,"BS"
"Ugashik","Sockeye",1972,276170,79428,0,0,0,0,0,0,0,0.316004634826375,0,0,0,0.525755875004526,0.1428757649274,0,0,0,0.00631495093601767,0.00904877430568128,0,0,0,0,0,1.24616566720692,81,58.85,-158.5,1,0,0.316004634826375,0.668631639931926,0.015363725241699,0,"BS"
"Ugashik","Sockeye",1973,102308,38988,0,0,0.0436622746999257,0,0,0,0.254574422332564,0.0661140868749267,0.00314735895531141,0,0,0.208947491887242,0.3645267232279,0,0,0,0.0590276420221293,0,0,0,0,0,0,0.964733964793574,81,58.85,-158.5,1,0.0436622746999257,0.323835868162803,0.573474215115143,0.0590276420221293,0,"BS"
"Ugashik","Sockeye",1974,757907,61854,0,0,0,0,0,0,0.0131757590311212,0.0110633626553126,0,0,0.0184851175671949,0.870887852995156,0.0863879077512149,0,0,0,0,0,0,0,0,0,0,2.50578391748,81,58.85,-158.5,1,0,0.0242391216864338,0.975760878313566,0,0,"BS"
"Ugashik","Sockeye",1975,4125833,429336,0,0,0,0,0,0.000263704323466316,0.379389810494026,0.140151091912833,0,0,0.0012528379117623,0.389804434643865,0.0885799304043571,0.000191476484869843,0,0,0.000366713824820345,0,0,0,0,0,0,2.26278363099395,81,58.85,-158.5,1,0,0.519804606730326,0.479828679444854,0.000366713824820345,0,"BS"
"Ugashik","Sockeye",1976,5801029,356308,0,0.000288224727026877,0,0,0,0,0.401398958701982,0.293918199684918,0.00149283859811768,0,0.0105622640397074,0.233161909723258,0.0588902417140132,0,0,0,0,0.000287362810977156,0,0,0,0,0,2.78999506924287,81,58.85,-158.5,1,0.000288224727026877,0.696809996985018,0.302614415476978,0.000287362810977156,0,"BS"
"Ugashik","Sockeye",1977,2853151,201520,0,0,0.0038581904708163,0,0,0.000277587831839254,0.225239743707922,0.638801801937577,0.00203739654858786,0,0,0.0806592430614433,0.0486777601325692,0.000448276309245462,0,0,0,0,0,0,0,0,0,2.65029064451235,81,58.85,-158.5,1,0.0038581904708163,0.866356530025926,0.129785279503258,0,0,"BS"
"Ugashik","Sockeye",1978,1194448,82435,0,0,0.0060027728289553,0,0,0,0.205554364861426,0.281784556548297,0.00377831433432012,0,0.00264808514058377,0.287925468500931,0.212306437785488,0,0,0,0,0,0,0,0,0,0,2.6734293289462,81,58.85,-158.5,1,0.0060027728289553,0.491117235744042,0.502879991427002,0,0,"BS"
"Ugashik","Sockeye",1979,6480880,1706904,0,0,0,0,0,0.00354704916616262,0.510740671019985,0.121418696226438,0.00357189147152856,0,0.00160888644751947,0.258122508054462,0.100233764550493,0.000756533063411142,0,0,0,0,0,0,0,0,0,1.33417510039798,81,58.85,-158.5,1,0,0.639278307884115,0.360721692115886,0,0,"BS"
"Ugashik","Sockeye",1980,8062936,3335284,0,0,0.000649391239121829,0,0,0.000138535144021979,0.174338727232859,0.2689625714504,0.00178954663660979,0,0.00444379069857432,0.414290526428586,0.135208316176638,0.000163960125691187,0,0,1.4634867497398e-05,0,0,0,0,0,0,0.882720049040239,81,58.85,-158.5,1,0.000649391239121829,0.445229380463891,0.55410659342949,1.4634867497398e-05,0,"BS"
"Ugashik","Sockeye",1981,7976425,1327699,0,3.02140369902557e-05,0.000617193792958625,0,0,0.000108068464255603,0.218501521671676,0.379408068150832,0.000443306368454539,0,0.000830321854715615,0.283464208589688,0.116469721711168,0.000105310336397572,0,0,2.20650228642531e-05,0,0,0,0,0,0,1.79304307272671,81,58.85,-158.5,1,0.000647407829948881,0.598460964655218,0.400869562491969,2.20650228642531e-05,0,"BS"
"Ugashik","Sockeye",1982,2359986,1185551,0,0,0.00207035126479564,0.000489833414266017,0,0.00195424888113743,0.137774122388862,0.288476711302525,0.00362629269834652,0,0.00011271253304045,0.230126365156403,0.334241813298892,0.00112754906173172,0,0,0,0,0,0,0,0,0,0.68844761766426,81,58.85,-158.5,1,0.00256018467906166,0.43183137527087,0.565608440050068,0,0,"BS"
"Ugashik","Sockeye",1983,1789219,1001364,0,0,0.00670292457211778,0.000406881438214103,0,0,0.409957081832911,0.140955914284389,0.00165770651887779,0,0.00202099351728324,0.314305850765054,0.123610916271289,0,0,0,0.000381730799862957,0,0,0,0,0,0,0.580416700097232,81,58.85,-158.5,1,0.00710980601033188,0.552570702636178,0.439937760553627,0.000381730799862957,0,"BS"
"Ugashik","Sockeye",1984,5529833,1270318,0,0.000263299090587365,0.00176370606490286,0,0,1.33819592743578e-05,0.0866396869489549,0.109423557637274,0.00224527576149225,0,0.00912450701494964,0.699580439409291,0.0905329329113556,0,0,0,0,0.000413213201917671,0,0,0,0,0,1.47089053417249,81,58.85,-158.5,1,0.00202700515549023,0.198321902306996,0.799237879335597,0.000413213201917671,0,"BS"
"Ugashik","Sockeye",1985,2823866,1006407,9.59677265139352e-05,0.000669295214432979,0.00311204568488731,0,0,0.0001579395056281,0.229027510512184,0.28605925351982,0.000749681465055353,0,0.000361915190026722,0.311011216537895,0.166687441967855,0.00206773267570062,0,0,0,0,0,0,0,0,0,1.03172030565551,81,58.85,-158.5,1,0.00387730862583423,0.515994385002688,0.480128306371478,0,0,"BS"
"Ugashik","Sockeye",1986,7142617,1015582,0,0.000713743996073148,0.00677202767557045,6.58022122703765e-06,0,7.77026123618276e-05,0.0642971616705754,0.374978666782777,0.010887886050729,0,0.000110743723203974,0.269909334351821,0.269540001934865,0.00245694260241029,0,0,0.000249208378385681,0,0,0,0,0,0,1.95061738862954,81,58.85,-158.5,1,0.00749235189287064,0.450241417116443,0.5420170226123,0.000249208378385681,0,"BS"
"Ugashik","Sockeye",1987,7164346,686894,0,0.000699854529638853,0.001088864217334,0,0,1.35392679248043e-05,0.119527169681643,0.252822239461913,0.00191852822295294,0,0.00156343649511065,0.278910454631867,0.337945291866138,0.00544906680944778,0,0,0,6.15548160292649e-05,0,0,0,0,0,2.34469221234939,81,58.85,-158.5,1,0.00178871874697286,0.374281476634434,0.623868249802564,6.15548160292649e-05,0,"BS"
"Ugashik","Sockeye",1988,5544645,654412,0,0.000102621538439341,0.00139035050936534,0,0,0.000323194722114761,0.0848905565640361,0.143544446939344,0.00347650751310499,0,0.00599912167505765,0.363812110604015,0.39368507812493,0.000228508768370202,0,0,0.00109132324973014,0.00145617979149251,0,0,0,0,0,2.13685093391934,81,58.85,-158.5,1,0.00149297204780468,0.2322347057386,0.763724819172373,0.00254750304122266,0,"BS"
"Ugashik","Sockeye",1989,4913114,1713287,0,0.000735175288014892,0.00165862220986527,0,0,0.00118885904133305,0.188912775075034,0.0828627220943784,0.00218557924770319,0,0.00282163206471496,0.510972470819932,0.208484679980965,0.000177484178058966,0,0,0,0,0,0,0,0,0,1.05349420903073,81,58.85,-158.5,1,0.00239379749788016,0.275149935458449,0.722456267043671,0,0,"BS"
"Ugashik","Sockeye",1990,3858559,749478,0,0,0.00276865016188686,0.000364643899445363,0,0.000252166676730873,0.0969843923599458,0.204174926442747,0.000646614448554499,0,0.00325276871495291,0.519493157937976,0.1716601974986,0.000402481859160376,0,0,0,0,0,0,0,0,0,1.638672112487,81,58.85,-158.5,1,0.00313329406133222,0.302058099927978,0.69480860601069,0,0,"BS"
"Ugashik","Sockeye",1991,6680928,2482016,0,6.63081535978235e-05,3.95154685097639e-05,0,0,0.00102425890534968,0.308797819704089,0.577463340422169,0.00286786506305711,0,6.28655180837153e-05,0.0677262200700262,0.0413777846430915,0.000574022052026305,0,0,0,0,0,0,0,0,0,0.990185617199818,81,58.85,-158.5,1,0.000105823622107587,0.890153284094665,0.109740892283228,0,0,"BS"
"Ugashik","Sockeye",1992,3149041,2194927,0,0.00150236214771418,0.0188533588479794,0.00033279973172785,0,0.00202474340600837,0.102515337209011,0.266622441562368,0.000219431884183153,0,0.00292501748945155,0.297196511572888,0.298645841702283,0.00873504028686829,0,0,0,0.000427114159517136,0,0,0,0,0,0.360949173469573,81,58.85,-158.5,1,0.0206885207274215,0.37138195406157,0.607502411051491,0.000427114159517136,0,"BS"
"Ugashik","Sockeye",1993,1357579,1413454,0,0.000797007025005543,0.00184372327503593,0,0,0.00145111260560159,0.300627808768403,0.288172548337887,0.0216171581911624,0,0.00370733489542782,0.201306885271502,0.180169257185033,0,0,0,0,0.000307164444942062,0,0,0,0,0,-0.0403326513402316,81,58.85,-158.5,1,0.00264073030004147,0.611868627903054,0.385183477351963,0.000307164444942062,0,"BS"
"Ugashik","Sockeye",1994,1586318,1095068,0,0,0.000638585706018591,0,0,0.0122276870085317,0.164426678635683,0.329000868678285,0.00526376174260142,6.11478909020764e-05,0.00493595861611606,0.375743072952586,0.106149586652865,0.00149213461613623,0,0,0,6.05175002742199e-05,0,0,0,0,0,0.37059914573102,81,58.85,-158.5,1,0.000638585706018591,0.510980143956004,0.488320752837703,6.05175002742199e-05,0,"BS"
"Ugashik","Sockeye",1995,5773750,1321108,0,0.000494825719852782,0,0,0,0.00177718120805369,0.658694955618099,0.299984412210435,0.00544256332539511,0,0,0.0225548387096774,0.0109156094392726,0.000135613769214116,0,0,0,0,0,0,0,0,0,1.47485100431908,81,58.85,-158.5,1,0.000494825719852782,0.965899112361983,0.0336060619181641,0,0,"BS"
"Ugashik","Sockeye",1996,1353866,692167,0,0,0,0,0,0,0.192547859241609,0.776172087931893,0.000779249940540644,0.000103407575048048,0,0.023489030672164,0.0066535388288058,0.000254825809939832,0,0,0,0,0,0,0,0,0,0.670892965191272,81,58.85,-158.5,1,0,0.96960260468909,0.0303973953109096,0,0,"BS"
"Ugashik","Sockeye",1997,3025123,656641,0,0,0,0,0,0,0.0938236230394599,0.214146003319534,0.00394893034101423,0,0.000947730059240566,0.547957223557521,0.138476352862346,0.000699475690740509,0,0,6.61130142476851e-07,0,0,0,0,0,0,1.52756958478971,81,58.85,-158.5,1,0,0.311918556700009,0.688080782169849,6.61130142476851e-07,0,"BS"
"Ugashik","Sockeye",1998,1247106,924853,0,0,0,0,0,0.000991896438634727,0.143574804387117,0.242329842050315,0.00352977212843175,0,1.68389856195063e-05,0.420746913253565,0.188437069503314,0,0,0,0.000372863253003353,0,0,0,0,0,0,0.298946941968603,81,58.85,-158.5,1,0,0.390426315004498,0.609200821742498,0.000372863253003353,0,"BS"
"Ugashik","Sockeye",1999,3674158,1662042,0,0,0,0,0,0.000999140483343395,0.341595271624138,0.247093075474707,0.00131839730354547,0,0.00670847579227676,0.322686993863628,0.0787293306384755,0.000869314819885263,0,0,0,0,0,0,0,0,0,0.793277296066628,81,58.85,-158.5,1,0,0.591005884885734,0.408994115114266,0,0,"BS"
"Ugashik","Sockeye",2000,4355278,638420,0,0,0,0,0,0.000516384947183624,0.428527639337833,0.53786853560209,0.00578746063971117,0,9.11537679110266e-05,0.0101655967770599,0.0170429993217425,0,0,0,2.29606468289739e-07,0,0,0,0,0,0,1.92014734795637,81,58.85,-158.5,1,0,0.972700020526818,0.0272997498667134,2.29606468289739e-07,0,"BS"
"Ugashik","Sockeye",2001,2184180,866368,0,0,0,0.000187713466838814,0,0.00028797992839418,0.182813687516597,0.658330357388127,0.023885394060929,0.000158869690226996,0.000919795987510187,0.0599131023999853,0.0732732650239449,0.000229834537446547,0,0,0,0,0,0,0,0,0,0.92468599048775,81,58.85,-158.5,1,0.000187713466838814,0.865476288584274,0.134335997948887,0,0,"BS"
"Ugashik","Sockeye",2002,4599329,905584,0,0,0.00167263529093048,0,0,0.00168394128795744,0.45034590915327,0.471262873345221,0.00284584990549708,0,5.26163707793028e-05,0.0664431702972325,0.00569126496495467,0,0,0,1.73938415799348e-06,0,0,0,0,0,0,1.62508544540061,81,58.85,-158.5,1,0.00167263529093048,0.926138573691945,0.0721870516329665,1.73938415799348e-06,0,"BS"
"Ugashik","Sockeye",2003,6373082,790202,0,0.00269947883928059,0,0.000118153194953399,0,0.00171628107091671,0.737755767146884,0.240513616488851,0.00200797667439396,0,0,0.00559666421991746,0.00959206236480246,0,0,0,0,0,0,0,0,0,0,2.08754985303436,81,58.85,-158.5,1,0.00281763203423399,0.981993641381046,0.0151887265847199,0,0,"BS"
"Ugashik","Sockeye",2004,4531617,815104,0,0,0.00011519067035012,0,0,0.00278642259484859,0.291261816698101,0.351771122758168,0.000644582276039657,0,8.23105747904115e-05,0.273219471107113,0.0801190833205895,0,0,0,0,0,0,0,0,0,0,1.71551817529316,81,58.85,-158.5,1,0.00011519067035012,0.646463944327157,0.353420865002492,0,0,"BS"
"Ugashik","Sockeye",2005,5265097,799612,0,0,0,0.000176824852419623,0,0.000123454515652798,0.166420675630477,0.439507572225165,0.00117984530959259,0,0.000371693057126963,0.223018683226539,0.168569733852957,0.000512811065019315,0,0,0.000118706265050767,0,0,0,0,0,0,1.88472842786274,81,58.85,-158.5,1,0.000176824852419623,0.607231547680888,0.392472921201642,0.000118706265050767,0,"BS"
"Ugashik","Sockeye",2006,3402249,1003158,0,0,0.000877948674538518,0.000104048821823447,0,0.0196722814820432,0.313592567739751,0.316683464379003,0.00219766395698845,0,0.00640987770148511,0.274847314232439,0.0656148330119283,0,0,0,0,0,0,0,0,0,0,1.22128395346689,81,58.85,-158.5,1,0.000981997496361965,0.652145977557786,0.346872024945852,0,0,"BS"
"Ugashik","Sockeye",2007,3140559,2599186,0,0,0,0,0,0.0133234242693737,0.405865962078725,0.296238663244346,0.000591614422782696,0,0.00430018987065678,0.222189743927753,0.0574904021863624,0,0,0,0,0,0,0,0,0,0,0.189202490467666,81,58.85,-158.5,1,0,0.716019664015228,0.283980335984772,0,0,"BS"
"Ugashik","Sockeye",2008,3163445,596332,0,0,0.000890801009658774,0.000542446604888026,0,0.00252066971292373,0.331038472298396,0.546599672192815,0.000252256637937438,0,0.000523479940381451,0.105025059705479,0.01260714189752,0,0,0,0,0,0,0,0,0,0,1.6686193436768,81,58.85,-158.5,1,0.0014332476145468,0.880411070842072,0.118155681543381,0,0,"BS"
"Ugashik","Sockeye",2009,982891,1364338,0,0,0,0,0,0.00897963253300722,0.382840009726409,0.322775363697501,1.93307294501628e-05,0,0.00256284776236633,0.146886073837282,0.134777915353788,0,0,0,0,0.0011588263601966,0,0,0,0,0,-0.327926379339236,81,58.85,-158.5,1,0,0.714614336686367,0.284226836953436,0.0011588263601966,0,"BS"
"Ugashik","Sockeye",2010,2113277,830886,0,0,0.000518625811949877,0,0,0.00475328127831799,0.274121187142055,0.373895140107047,0,0,0.00328494560817157,0.209050209698019,0.134375663956973,0,0,0,0,9.46397467061819e-07,0,0,0,0,0,0.933502974125759,81,58.85,-158.5,1,0.000518625811949877,0.65276960852742,0.346710819263163,9.46397467061819e-07,0,"BS"
"Ugashik","Sockeye",2011,6745930,1029853,0,0.000140677415864084,0,0,0,0.00949713382735961,0.405943435523345,0.30944317536648,0.0012489011893097,4.53606841458479e-05,0.00612043113403193,0.193394535668173,0.0734558467105351,0.000651503943859483,0,0,1.97155914751561e-05,3.92829454204239e-05,0,0,0,0,0,1.87952343469403,81,58.85,-158.5,1,0.000140677415864084,0.726178006590641,0.2736223174566,5.899853689558e-05,0,"BS"
"Ugashik","Sockeye",2012,5917714,670578,0,0,0,0,0,0.0176904460066843,0.588161915226048,0.267500423305351,0.00105598209038152,0,0.000864692007758401,0.110475768176698,0.0142507731870787,0,0,0,0,0,0,0,0,0,0,2.17756564658698,81,58.85,-158.5,1,0,0.874408766628465,0.125591233371535,0,0,"BS"
"Ugashik","Sockeye",2013,5990616,898110,0,0,0,0,0,0.0049921410419229,0.644425715151831,0.335266189653952,0.000420991764452938,0,0.000163255331338213,0.00942941427058586,0.00530229278591717,0,0,0,0,0,0,0,0,0,0,1.89765696865302,81,58.85,-158.5,1,0,0.985105037612159,0.0148949623878412,0,0,"BS"
"Ugashik","Sockeye",2014,4326725,640158,0,0,0,0,0,0.0162732782878505,0.600033974888628,0.364367737723105,0.000363323298799901,0,0,0.0122977540749643,0.00666231387481294,1.61785183943976e-06,0,0,0,0,0,0,0,0,0,1.91085139401608,81,58.85,-158.5,1,0,0.981038314198383,0.0189616858016167,0,0,"BS"
"Togiak","Sockeye",1956,460869,225000,0,0,0.00811510429210904,0,0,0,0.247172189928157,0.664221286309125,0.0020765119806279,0,0,0.0483890216091774,0.029136262148246,0,0,0,0.000221321026148428,0.00066830270640898,0,0,0,0,0,0.717013435550742,86,58.95,-160.45,1,0.00811510429210904,0.91346998821791,0.0775252837574235,0.000889623732557408,0,"BS"
"Togiak","Sockeye",1957,182459,25000,0,0.0128028762626124,0.0253152763086502,0,0,0,0.265319880082649,0.381060950679331,0,0,0.0012331537496095,0.110994798831518,0.195457609654772,0,0,0,0.00781545443085844,0,0,0,0,0,0,1.98764966538081,86,58.95,-160.45,1,0.0381181525712626,0.646380830761979,0.3076855622359,0.00781545443085844,0,"BS"
"Togiak","Sockeye",1958,269814,72000,0,0.00181977213932561,0.00620056779855752,0,0,0.00479960268926001,0.252622176758804,0.425178085644185,0,0,0.000355800662678734,0.21799832477188,0.0910256695353095,0,0,0,0,0,0,0,0,0,0,1.32106671370045,86,58.95,-160.45,1,0.00802033993788313,0.682599865092249,0.309379794969868,0,0,"BS"
"Togiak","Sockeye",1959,296077,209640,0,0,0.00104026992978178,0,0,0.000320862478341783,0.477831780246355,0.309608649101416,0,0,0,0.187461369846358,0.0234364709180382,0,0,0,0,0.00030059747970967,0,0,0,0,0,0.345227781695952,86,58.95,-160.45,1,0.00104026992978178,0.787761291826113,0.210897840764396,0.00030059747970967,0,"BS"
"Togiak","Sockeye",1960,541480,162810,0,0,0.00435103789613652,0,0,0,0.353257738051267,0.505139617345054,0.000448770037674522,0,0,0.0407106448991653,0.0958040924872571,0.000254857058432444,0,0,0,3.32422250129275e-05,0,0,0,0,0,1.20172225457416,86,58.95,-160.45,1,0.00435103789613652,0.858846125433996,0.136769594444855,3.32422250129275e-05,0,"BS"
"Togiak","Sockeye",1961,340210,122254,0,0.00268951529937392,0.00931189559389789,0.000129331883248582,0,0.000170482937009494,0.248499456218218,0.635607418947121,0.00189000911201905,0,0,0.0452661591370036,0.0563240351547574,0,0,0,0,0.000111695717351048,0,0,0,0,0,1.02346222634749,86,58.95,-160.45,1,0.0121307427765204,0.886167367214368,0.101590194291761,0.000111695717351048,0,"BS"
"Togiak","Sockeye",1962,170068,61952,0,0,0.0412893666062987,0.000535080085612814,0,0,0.28196368511419,0.601812216289955,0.000676200108192017,0,0,0.0260542841686855,0.0476691676270668,0,0,0,0,0,0,0,0,0,0,1.00983846541748,86,58.95,-160.45,1,0.0418244466919115,0.884452101512336,0.0737234517957523,0,0,"BS"
"Togiak","Sockeye",1963,152062,116196,0,0,0.0117517854559324,0,0,0,0.279951598690008,0.428154305480659,0.000552406255343215,0,8.54914442793071e-05,0.120911207270719,0.158231510831108,0,0,0,0.000361694571950915,0,0,0,0,0,0,0.269009911999281,86,58.95,-160.45,1,0.0117517854559324,0.70865831042601,0.279228209546106,0.000361694571950915,0,"BS"
"Togiak","Sockeye",1964,174978,104874,0,0.000605790442227023,0.00633222462252397,0,0,0.000548640400507492,0.244299283338477,0.481791996708158,0,0,0,0.231737704168524,0.034684360319583,0,0,0,0,0,0,0,0,0,0,0.511900622154092,86,58.95,-160.45,1,0.006938015064751,0.726639920447142,0.266422064488107,0,0,"BS"
"Togiak","Sockeye",1965,405599,96486,0,0.000416667693953881,0.00443294978537916,0,0,0.000212032080946945,0.379973816503492,0.446248634735293,0,0,6.65682114600874e-05,0.0770070932127545,0.0914918429286068,0.000150394848113531,0,0,0,0,0,0,0,0,0,1.43596706669076,86,58.95,-160.45,1,0.00484961747933304,0.826434483319732,0.168715899200935,0,0,"BS"
"Togiak","Sockeye",1966,641763,104198,0,0.00178258952292357,0.00864181948787948,0,0,0,0.311467005732646,0.653633818091725,0.00220798020453033,0,0,0.00658810183821754,0.0146222203523731,0.000350596715609968,0,0,0.000218149067490647,0.000487718986604089,0,0,0,0,0,1.81792614137845,86,58.95,-160.45,1,0.0104244090108031,0.967308804028902,0.0215609189062006,0.000705868054094736,0,"BS"
"Togiak","Sockeye",1967,181217,81330,0,0.0040559108692893,0.0309573605125347,0.000336613010920609,0,0,0.101243260841974,0.546118741619164,0.00504919516380913,0,0,0.0897487542559473,0.222159068961521,0.000331094764839943,0,0,0,0,0,0,0,0,0,0.801180256014017,86,58.95,-160.45,1,0.0353498843927446,0.652411197624947,0.312238917982309,0,0,"BS"
"Togiak","Sockeye",1968,262624,49918,0,0.00123751066163032,0.00456165468502498,0.000510235165102961,0,0,0.186841263555501,0.723239307907883,0.0114041367125624,0,0,0.0231166991592543,0.0490891921530401,0,0,0,0,0,0,0,0,0,0,1.66034169229128,86,58.95,-160.45,1,0.00630940051175826,0.921484708175947,0.0722058913122944,0,0,"BS"
"Togiak","Sockeye",1969,216333,116666,0,0.000804315569053265,0.0250863252485751,0,0,0,0.129309906486759,0.6555033212686,0.014875215524215,0,0,0.115770594407696,0.0577812908802633,0.00086903061483916,0,0,0,0,0,0,0,0,0,0.617503735689435,86,58.95,-160.45,1,0.0258906408176284,0.799688443279574,0.174420915902798,0,0,"BS"
"Togiak","Sockeye",1970,408284,202896,0,0.000129811601728209,0.00300526104378325,0,0,0,0.13203064533511,0.553680771227871,0.00175368126108297,0,0,0.135388602051513,0.172441241880652,0.000830304395959675,0,0,0.000333101468585592,0.000406579733714767,0,0,0,0,0,0.699269478192763,86,58.95,-160.45,1,0.00313507264551146,0.687465097824064,0.308660148328125,0.00073968120230036,0,"BS"
"Togiak","Sockeye",1971,558181,200242,0,0.000331433710570586,0.00767313828310172,0,0,0,0.190137249386848,0.567260440609766,0.00233615977612996,0,0,0.111125244320391,0.121136333913193,0,0,0,0,0,0,0,0,0,0,1.02515664745568,86,58.95,-160.45,1,0.0080045719936723,0.759733849772744,0.232261578233584,0,0,"BS"
"Togiak","Sockeye",1972,303605,78570,0,0.00131091385187991,0.0068378320515143,0.000915663444277927,0,0.00129115133149981,0.306391528466264,0.494504372457634,0.00822779598491461,0,0,0.0696826468602296,0.110838095551786,0,0,0,0,0,0,0,0,0,0,1.35173756723634,86,58.95,-160.45,1,0.00906440934767214,0.810414848240312,0.180520742412016,0,0,"BS"
"Togiak","Sockeye",1973,653500,106930,0,0.000960979342004591,0.0146411629686305,0,0,0,0.231103289977047,0.675822494261668,0.00112012241775057,0,0,0.0281820964039786,0.0481698546289212,0,0,0,0,0,0,0,0,0,0,1.81016811829571,86,58.95,-160.45,1,0.015602142310635,0.908045906656465,0.0763519510328998,0,0,"BS"
"Togiak","Sockeye",1974,703838,103592,0,0.000619460728178927,0.00338856384565767,0.00028841864178973,0,0,0.385729386591801,0.43678516931453,0.00382616454354553,0,0,0.103817924010923,0.0643315649339763,0.000924928747808445,0,0,0,0.00028841864178973,0,0,0,0,0,1.91608810927493,86,58.95,-160.45,1,0.00429644321562632,0.826340720449876,0.169074417692708,0.00028841864178973,0,"BS"
"Togiak","Sockeye",1975,1199909,180562,0,0.000590878141592404,0.00590544782979376,0,0,0,0.162885685497817,0.707112789386528,0.00179430273462404,0,0,0.072237144650136,0.0494737517595084,0,0,0,0,0,0,0,0,0,0,1.89392679046891,86,58.95,-160.45,1,0.00649632597138616,0.871792777618969,0.121710896409644,0,0,"BS"
"Togiak","Sockeye",1976,1068657,189390,0,0.000110418965112286,0.00137368678631217,9.45111481045836e-05,0,0,0.176429855416658,0.522196551372423,0.00347351863132885,0,0,0.132831207768255,0.163490249911805,0,0,0,0,0,0,0,0,0,0,1.73034961787322,86,58.95,-160.45,1,0.00157861689952903,0.702099925420411,0.29632145768006,0,0,"BS"
"Togiak","Sockeye",1977,883990,162534,0,0,0.00524666568626342,0,0,0,0.261910202604102,0.697653819613344,0.00405208203712712,0,0,0.0157852464394394,0.0153519836197242,0,0,0,0,0,0,0,0,0,0,1.69355853970315,86,58.95,-160.45,1,0.00524666568626342,0.963616104254573,0.0311372300591636,0,0,"BS"
"Togiak","Sockeye",1978,681617,306176,0,0,0.0173719258762619,0.000341834197210457,0,0,0.218858977989105,0.6303202531627,0.00104310778633749,0,0,0.095376142320394,0.036687758667991,0,0,0,0,0,0,0,0,0,0,0.800307816510628,86,58.95,-160.45,1,0.0177137600734723,0.850222338938143,0.132063900988385,0,0,"BS"
"Togiak","Sockeye",1979,582868,198238,0,0.00221147841363739,0.00155609846483252,0,0,0.00039460049273592,0.462845790127439,0.501847759698594,0.0028840149056047,0,0,0.0202584461661989,0.00793833252125696,6.34792097009958e-05,0,0,0,0,0,0,0,0,0,1.07849241657172,86,58.95,-160.45,1,0.00376757687846991,0.967972165224373,0.0282602578971568,0,0,"BS"
"Togiak","Sockeye",1980,305047,526750,0,0,0.0155877618858733,0.003855143633604,0,0,0.146213534307828,0.735716135546326,0.00105885322589634,0,0,0.0340832724137592,0.0634852989867135,0,0,0,0,0,0,0,0,0,0,-0.546260189588164,86,58.95,-160.45,1,0.0194429055194773,0.88298852308005,0.0975685714004727,0,0,"BS"
"Togiak","Sockeye",1981,344617,307130,0,0.00664505813700427,0.0333326562531738,0.000214731136304941,0,0,0.154815345731638,0.711653806979923,0.00165691187608272,0,0,0.043500465734424,0.0474904023887388,0.000690621762710487,0,0,0,0,0,0,0,0,0,0.115162544711403,86,58.95,-160.45,1,0.040192445526483,0.868126064587644,0.0916814898858733,0,0,"BS"
"Togiak","Sockeye",1982,425197,288674,0,0,0.0373991349891932,0,0,0.000465666502821045,0.256942076261121,0.598595474568259,0.0125706437251439,0,0,0.0331399327840977,0.060045108502647,0.00084196266671684,0,0,0,0,0,0,0,0,0,0.387254567210921,86,58.95,-160.45,1,0.0373991349891932,0.868573861057345,0.0940270039534616,0,0,"BS"
"Togiak","Sockeye",1983,1245992,212640,0,0.000599522308329427,0.00216293523553923,0.00178412060430565,0,0.000172553274820384,0.228727792794817,0.74140363662046,0.00149118132379662,0,0,0.0068427405633423,0.0168155172745892,0,0,0,0,0,0,0,0,0,0,1.76808668381611,86,58.95,-160.45,1,0.00454657814817431,0.971795164013894,0.0236582578379315,0,0,"BS"
"Togiak","Sockeye",1984,167004,150978,0,0,0.0853811884745276,0.000922133601590381,0,0,0.128224473665301,0.654205887284137,0.00625733515364901,0,0,0.0247299465881057,0.0993868410337477,0.000892194198941343,0,0,0,0,0,0,0,0,0,0.100883633389631,86,58.95,-160.45,1,0.0863033220761179,0.788687696103087,0.125008981820795,0,0,"BS"
"Togiak","Sockeye",1985,350671,153482,0,0.000633072024775359,0.0190121224737717,0.000644478727924465,0,0,0.100504461446769,0.55425170601504,0.00228419230560839,0,0.000333646067111338,0.101177456932566,0.219051475599636,0.00210738840679725,0,0,0,0,0,0,0,0,0,0.82626516565998,86,58.95,-160.45,1,0.0202896732264715,0.657040359767417,0.322669967006111,0,0,"BS"
"Togiak","Sockeye",1986,760090,203384,0,0.000210501387993527,0.0241129339946585,0.000918312305121762,0,0,0.101881356155192,0.585976660658606,0.0179623465642227,0,0,0.109500190766883,0.159437698167322,0,0,0,0,0,0,0,0,0,0,1.31834102953493,86,58.95,-160.45,1,0.0252417476877738,0.705820363378021,0.268937888934205,0,0,"BS"
"Togiak","Sockeye",1987,892200,278276,0,0.000275722932078009,0.00787715758798476,0.00084846446984981,0,0,0.213174176193679,0.644068594485541,0.00813494732122842,0,0,0.0343813046402152,0.0906086079354405,0.000466263169692894,0,0,0,0.000164761264290518,0,0,0,0,0,1.16507689575382,86,58.95,-160.45,1,0.00900134498991258,0.865377718000448,0.125456175745349,0.000164761264290518,0,"BS"
"Togiak","Sockeye",1988,616260,309012,0,0.00104501346834128,0.013844805763801,0.00458572680362185,0,0,0.180813293090579,0.65406159737773,0.00432447343653653,0,0,0.0545565183526434,0.0867685717067471,0,0,0,0,0,0,0,0,0,0,0.690288841310623,86,58.95,-160.45,1,0.0194755460357641,0.839199363904845,0.141325090059391,0,0,"BS"
"Togiak","Sockeye",1989,548303,104240,0,0.000727699830203373,0.0664814892495573,0.00162136628834787,0,0.000455952274563517,0.241151334207546,0.598774765047793,0.0021283852176625,0,0,0.0132116731077525,0.0750971634297095,0.000350171346864781,0,0,0,0,0,0,0,0,0,1.66013212103568,86,58.95,-160.45,1,0.0688305553681085,0.842510436747565,0.0886590078843267,0,0,"BS"
"Togiak","Sockeye",1990,704724,166297,0,0.00156089476163718,0.033275438327629,0.00195253744728433,0,0,0.143843547261055,0.65287119496427,0.00740289815587379,0,0,0.10643031881985,0.0521381420243954,0.000525028238005233,0,0,0,0,0,0,0,0,0,1.44403089044975,86,58.95,-160.45,1,0.0367888705365505,0.804117640381199,0.159093489082251,0,0,"BS"
"Togiak","Sockeye",1991,690188,254088,0,0.0012605261175216,0.00388444887479933,0.0012880548488238,0,0.0046465600676917,0.273260329069761,0.621455313624694,0.0118025813256678,0,0,0.0404686838948229,0.0419335021762187,0,0,0,0,0,0,0,0,0,0,0.999283360538721,86,58.95,-160.45,1,0.00643302984114473,0.911164784087814,0.0824021860710415,0,0,"BS"
"Togiak","Sockeye",1992,275227,209516,0,0.00433460379977255,0.126742652428722,0.0021654852176567,0,0,0.182776399117819,0.4508205953631,0.00398580081169362,0,0,0.119399622856769,0.109774840404466,0,0,0,0,0,0,0,0,0,0,0.272796102950776,86,58.95,-160.45,1,0.133242741446152,0.637582795292613,0.229174463261235,0,0,"BS"
"Togiak","Sockeye",1993,322621,188610,0,0.0014537181398607,0.012289962525688,0,0,0.00108176467123963,0.198235700713841,0.709575632088426,0.0122372691176334,0,0,0.017996348656783,0.0471296040865288,0,0,0,0,0,0,0,0,0,0,0.536796868603605,86,58.95,-160.45,1,0.0137436806655487,0.921130366591139,0.0651259527433118,0,0,"BS"
"Togiak","Sockeye",1994,254406,174172,0,0.0042726979709598,0.0124721901213022,0,0,0.000939443252124557,0.170129635307343,0.656651179610544,0.00360447473723104,0,0,0.12214334567581,0.0297870333246857,0,0,0,0,0,0,0,0,0,0,0.378888099381926,86,58.95,-160.45,1,0.016744888092262,0.831324732907243,0.151930379000495,0,0,"BS"
"Togiak","Sockeye",1995,1440819,211226,0,0,0.00392068677606278,0.000497633637535318,0,0.000448356108574359,0.236863200721256,0.701167877436375,0.00360767035970514,0,0,0.00783026875686675,0.0456358501657738,2.84560378506946e-05,0,0,0,0,0,0,0,0,0,1.92003833057728,86,58.95,-160.45,1,0.0044183204135981,0.942087104625911,0.0534945749604912,0,0,"BS"
"Togiak","Sockeye",1996,1118048,187174,0,0.000686017058301611,0.00783597841953118,0.000291579610177738,0,0.000230759323392198,0.0781111365522768,0.882468373450871,0.00682081627980194,0,0,0.00344350153124016,0.019048377171642,0,0,0,0.000703905377944417,0.000359555224820401,0,0,0,0,0,1.78730092109514,86,58.95,-160.45,1,0.00881357508801053,0.967631085606342,0.0224918787028822,0.00106346060276482,0,"BS"
"Togiak","Sockeye",1997,462339,152223,0,0,0.00981098285024625,0,0,0,0.0926484678990957,0.659952978225934,0.0106631713958805,0,0,0.0345979897867149,0.188932796065225,0.00339361377690396,0,0,0,0,0,0,0,0,0,1.11095183727873,86,58.95,-160.45,1,0.00981098285024625,0.76326461752091,0.226924399628844,0,0,"BS"
"Togiak","Sockeye",1998,809749,175476,0,0,0.00176227448258658,0.000421118148957269,0,0,0.0666799218029291,0.782121373413243,0.00653165363587976,0,0,0.0292325152609018,0.112862133821715,0.000389009433787507,0,0,0,0,0,0,0,0,0,1.52922204168388,86,58.95,-160.45,1,0.00218339263154385,0.855332948852052,0.142483658516404,0,0,"BS"
"Togiak","Sockeye",1999,517983,196136,0,0,0.0212478015687774,0,0,0,0.263605176231652,0.559423764872592,0.00245760961267069,0.000324334968522133,0,0.0557856145858069,0.0971556981599782,0,0,0,0,0,0,0,0,0,0,0.971134127028313,86,58.95,-160.45,1,0.0212478015687774,0.825810885685438,0.152941312745785,0,0,"BS"
"Togiak","Sockeye",2000,706646,352245,0,0,0.00501382587603977,0,0,0,0.123425307721264,0.450260809514241,0.00659311734588464,0,0,0.199163371758985,0.214861472363814,0.000256139566345808,0,0,0.000425955853425902,0,0,0,0,0,0,0.69620287707339,86,58.95,-160.45,1,0.00501382587603977,0.580279234581389,0.414280983689146,0.000425955853425902,0,"BS"
"Togiak","Sockeye",2001,637173,303346,0,0,0.0105073504370085,0.000204026222077834,0,0,0.099585198996191,0.644135894019364,0.00715347323254438,0,0,0.140691774447442,0.0974852983412668,0.000236984304105792,0,0,0,0,0,0,0,0,0,0.742167136044088,86,58.95,-160.45,1,0.0107113766590863,0.750874566248099,0.238414057092815,0,0,"BS"
"Togiak","Sockeye",2002,1027566,178577,0,0.000178090750375158,0.006935807529638,0,0,0.000166412668383345,0.234825792211887,0.70795939141622,0.00699809063359434,0,0,0.0247682387311375,0.0181681760587641,0,0,0,0,0,0,0,0,0,0,1.74992829712982,86,58.95,-160.45,1,0.00711389828001316,0.949949686930085,0.0429364147899016,0,0,"BS"
"Togiak","Sockeye",2003,998354,232302,0,0,0.00244802945648538,0.000453746867343648,0,0.000450741921202299,0.245151519400934,0.724770973021594,0.00521959144752262,0,0,0.00812337106877921,0.0133820268161394,0,0,0,0,0,0,0,0,0,0,1.45806967353988,86,58.95,-160.45,1,0.00290177632382902,0.975592825791252,0.0215053978849186,0,0,"BS"
"Togiak","Sockeye",2004,681185,135637,0,0,0.00524380307845886,0,0,0,0.156045714453489,0.709515036297041,0.0015384954160764,0,0,0.0694730506396941,0.0581839001152404,0,0,0,0,0,0,0,0,0,0,1.61385172893798,86,58.95,-160.45,1,0.00524380307845886,0.867099246166607,0.127656950754934,0,0,"BS"
"Togiak","Sockeye",2005,777908,155778,0,0,0.00509057626351702,0,0,0.00066845950935072,0.388702777192162,0.47835862338477,0.00213521393275297,0,0,0.0840703527923611,0.0409739969250863,0,0,0,0,0,0,0,0,0,0,1.60817634846724,86,58.95,-160.45,1,0.00509057626351702,0.869865074019036,0.125044349717447,0,0,"BS"
"Togiak","Sockeye",2006,836553,312126,0,0,0.00106149879326235,0,0,0.000678976705600243,0.192103787805435,0.735786017144162,0.0028713064205137,0,0,0.0537873870513883,0.0137110260796387,0,0,0,0,0,0,0,0,0,0,0.985882925215256,86,58.95,-160.45,1,0.00106149879326235,0.931440088075711,0.067498413131027,0,0,"BS"
"Togiak","Sockeye",2007,887883,269646,0,0,0.000863852557149985,0,0,0.00136391844420943,0.184410558598374,0.737697421844995,0.00133238275763811,0,0,0.0430923894251833,0.03123947637245,0,0,0,0,0,0,0,0,0,0,1.19172998992565,86,58.95,-160.45,1,0.000863852557149985,0.924804281645217,0.0743318657976332,0,0,"BS"
"Togiak","Sockeye",2008,609588,205680,0,0,0,0,0,0,0.205857070677244,0.770827181637434,0.0046900529537983,0,0,0.00503946928089136,0.0135862254506322,0,0,0,0,0,0,0,0,0,0,1.08646175618168,86,58.95,-160.45,1,0,0.981374305268476,0.0186256947315236,0,0,"BS"
"Togiak","Sockeye",2009,490026,313946,0,0,0.00420385857076971,0,0,0.000669352238452654,0.180167991086187,0.743446266116492,0.00116728500120402,0,0,0.0527339365666312,0.0176113104202634,0,0,0,0,0,0,0,0,0,0,0.445237454324818,86,58.95,-160.45,1,0.00420385857076971,0.925450894442336,0.0703452469868946,0,0,"BS"
"Togiak","Sockeye",2010,483172,188298,0,0.00111140546223705,0.000596061030026574,0,0,0,0.26953548632785,0.701174736946677,0.00283956851804326,0,0,0.0187241810369806,0.00601856067818499,0,0,0,0,0,0,0,0,0,0,0.942346883663956,86,58.95,-160.45,1,0.00170746649226362,0.973549791792571,0.0247427417151656,0,0,"BS"
"Togiak","Sockeye",2011,733108,190970,0,0,0.00300365021251985,0,0,0.00201607403002013,0.226831517320777,0.734759407890788,0.00585452620896239,0,0,0.022729256808001,0.00480556752893162,0,0,0,0,0,0,0,0,0,0,1.34517668308576,86,58.95,-160.45,1,0.00300365021251985,0.969461525450548,0.0275348243369326,0,0,"BS"
"Togiak","Sockeye",2012,561921,203148,0,0,0.00122259178781359,0,0,0.00216934408929369,0.314953525495577,0.63564451230689,0.0122152402206004,0,0,0.0166162147348115,0.0171785713650139,0,0,0,0,0,0,0,0,0,0,1.01742649317476,86,58.95,-160.45,1,0.00122259178781359,0.964982622112361,0.0337947860998254,0,0,"BS"
"Togiak","Sockeye",2013,1065382,128118,0,0,0,0,0,0.000629821040715912,0.280465598254898,0.709946291564904,0.00208469825846504,0,0,0.00426795271555179,0.00260563816546553,0,0,0,0,0,0,0,0,0,0,2.11813698502346,86,58.95,-160.45,1,0,0.993126409118983,0.00687359088101733,0,0,"BS"
"Togiak","Sockeye",2014,1575331,151934,0,0,0,0,0,0.000729370525940263,0.370127928670229,0.624480188607981,0.00123339158564137,0,0,0.0030742745492852,0.00035484606092307,0,0,0,0,0,0,0,0,0,0,2.33877447188637,86,58.95,-160.45,1,0,0.996570879389792,0.00342912061020827,0,0,"BS"
"Togiak","Sockeye",2015,717724,218700,0,0,0,0,0,0.00117175961790326,0.4081415697399,0.583139201141386,0.0026876626669862,0,0,0.00442370604856463,0.000436100785260072,0,0,0,0,0,0,0,0,0,0,1.18838416635025,86,58.95,-160.45,1,0,0.995140193166175,0.0048598068338247,0,0,"BS"
"Goodnews","Sockeye",1981,71551,46441,0,0,0,0,0,0,0.100641500468198,0.881622898352224,0.0158348590515856,0,0,0.00166314936199354,0,0.000237592765999078,0,0,0,0,0,0,0,0,0,0.432241768333656,89,59.11,-161.62,1,0,0.998099257872007,0.00190074212799262,0,0,"BS"
"Goodnews","Sockeye",1982,44645,50232,0,0,0,0,0,0,0.0908500391981185,0.881688878933811,0.0246612162616194,0,0,0,0.00279986560645089,0,0,0,0,0,0,0,0,0,0,-0.117887556168629,89,59.11,-161.62,1,0,0.997200134393549,0.00279986560645089,0,0,"BS"
"Goodnews","Sockeye",1983,34424,25008,0,0,0,0.00331164303973972,0,0,0.115094120381129,0.810713455728561,0.015744829188938,0,0,0.00461887055542645,0.050517081106205,0,0,0,0,0,0,0,0,0,0,0.319558221857178,89,59.11,-161.62,1,0.00331164303973972,0.941552405298629,0.0551359516616314,0,0,"BS"
"Goodnews","Sockeye",1984,32859,30363,0,0,0.0154599957393713,0.000852125749414164,0,0,0.067348367266198,0.778721202714629,0.0238595209835966,0,0,0.0175294439879485,0.0962293435588423,0,0,0,0,0,0,0,0,0,0,0.0789400501574694,89,59.11,-161.62,1,0.0163121214887854,0.869929090964424,0.113758787546791,0,0,"BS"
"Goodnews","Sockeye",1985,32579,24131,0,0.000521808526965223,0,0.00257834801559287,0,0,0.0582583873047055,0.747782313760398,0.0314619847140796,0,0,0.0740047269713619,0.0808189324411431,0.00457349826575401,0,0,0,0,0,0,0,0,0,0.300170588059352,89,59.11,-161.62,1,0.00310015654255809,0.837502685779183,0.159397157678259,0,0,"BS"
"Goodnews","Sockeye",1986,67405,50181,0,0,0.0624879459980714,0.00491061493954454,0,0,0.154988502336622,0.721934574586455,0.023203026481715,0,0,0.0194199243379571,0.0103404791929382,0.00271493212669683,0,0,0,0,0,0,0,0,0,0.295067894340315,89,59.11,-161.62,1,0.0673985609376159,0.900126103404792,0.0324753356575922,0,0,"BS"
"Goodnews","Sockeye",1987,30405,28335,0,0.0523926985693143,0.0530504851175793,0.00855122512744614,0,0.0349284657128762,0.114356191415886,0.588455846077948,0.042657457654991,0,0,0.0105903634270679,0.0939648084196678,0.00105245847722414,0,0,0,0,0,0,0,0,0,0.0705092789504905,89,59.11,-161.62,1,0.11399440881434,0.7803979608617,0.10560763032396,0,0,"BS"
"Goodnews","Sockeye",1988,51015,15172,0,0.00917377241987651,0.0331275115162207,0.00519455062236597,0,0,0.202293443104969,0.608311280995786,0.0810153876310889,0,0,0.0182299323728315,0.0426541213368617,0,0,0,0,0,0,0,0,0,0,1.21266808330062,89,59.11,-161.62,1,0.0474958345584632,0.891620111731844,0.0608840537096932,0,0,"BS"
"Goodnews","Sockeye",1989,98087,21186,0,0.0110819986338659,0.0309011387849562,0.00065248198028281,0,0.001131648434553,0.122860317881065,0.775709319277784,0.0165261451568506,0,0,0.00944059865221691,0.0312579648679234,0,0,0,0,0.000438386330502513,0,0,0,0,0,1.5325040586939,89,59.11,-161.62,1,0.0426356193991049,0.916227430750252,0.0406985635201403,0.000438386330502513,0,"BS"
"Goodnews","Sockeye",1990,52289,31232,0,0.00386314521218612,0.0659029623821454,0.000975348543670753,0,0.00141521161238501,0.0315362695786877,0.789573332823347,0.0104228422804031,0,0,0.0461473732525005,0.0458413815525254,0.00432213276214883,0,0,0,0,0,0,0,0,0,0.515342813670979,89,59.11,-161.62,1,0.0707414561380023,0.832947656294823,0.0963108875671747,0,0,"BS"
"Goodnews","Sockeye",1991,59111,40805,0,0,0.00214850027913586,0,0,0,0.107881781732672,0.767082268951633,0.0315000592106376,0,0,0.00553196528564903,0.0847557984131549,0.000372181150716449,0,0,0,0.000727444976400332,0,0,0,0,0,0.37062932656514,89,59.11,-161.62,1,0.00214850027913586,0.906464109894943,0.0906599448495204,0.000727444976400332,0,"BS"
"Goodnews","Sockeye",1992,40992,15483,0,0,0.0499365729898517,0.0109045667447307,0,0,0.0440329820452771,0.730459601873536,0.0106362217017955,0,0,0.0315671350507416,0.11882806401249,0.00363485558157689,0,0,0,0,0,0,0,0,0,0.973658672585974,89,59.11,-161.62,1,0.0608411397345824,0.785128805620609,0.154030054644809,0,0,"BS"
"Goodnews","Sockeye",1993,56426,24524,0,0.000762060043242477,0.0150462552723922,0.000389891184914756,0,0,0.162726402722149,0.693634140289937,0.0217275723957041,0,0,0.0497820153829795,0.0559316627086804,0,0,0,0,0,0,0,0,0,0,0.833260092803158,89,59.11,-161.62,1,0.0161982065005494,0.878088115407791,0.10571367809166,0,0,"BS"
"Goodnews","Sockeye",1994,60692,56453,0,0.00210900942463587,0.0254399261846701,0.00164766361299677,0,0,0.151024846767284,0.761780794832927,0.00861728069597311,0,0,0.0203321689843801,0.0290483094971331,0,0,0,0,0,0,0,0,0,0,0.0723869833320111,89,59.11,-161.62,1,0.0291965992223028,0.921422922296184,0.0493804784815132,0,0,"BS"
"Goodnews","Sockeye",1995,62987,37782,0,0,0.011716703446743,0,0,0,0.123485798656866,0.769492117421055,0.0362773270674901,0,0,0.0224967056694238,0.0353723784272945,0.000825567180529316,0,0,0,0.000333402130598377,0,0,0,0,0,0.511111433323502,89,59.11,-161.62,1,0.011716703446743,0.929255243145411,0.0586946512772477,0.000333402130598377,0,"BS"
"Goodnews","Sockeye",1996,32882,38343,0,0,0.0206495955233867,0,0,0,0.0627090809561462,0.841159296879752,0.0259108326744115,0,0,0.00383188370537072,0.045739310260933,0,0,0,0,0,0,0,0,0,0,-0.153646586229002,89,59.11,-161.62,1,0.0206495955233867,0.92977921051031,0.0495711939663038,0,0,"BS"
"Goodnews","Sockeye",1997,14167,34137,0,0,0.0167996047151832,0.0029646361262088,0,0,0.0501164678478153,0.535328580503988,0.0563986729724006,0,0,0.146820074821769,0.191571963012635,0,0,0,0,0,0,0,0,0,0,-0.879466523645767,89,59.11,-161.62,1,0.019764240841392,0.641843721324204,0.338392037834404,0,0,"BS"
"Goodnews","Sockeye",1998,58971,36377,0,0,0.00340845500330671,0,0,0,0.206423496294789,0.691645045870004,0.0536534906988181,0,0,0.00746129453460175,0.0374082175984806,0,0,0,0,0,0,0,0,0,0,0.483109090845745,89,59.11,-161.62,1,0.00340845500330671,0.951722032863611,0.0448695121330824,0,0,"BS"
"Goodnews","Sockeye",1999,49371,49757,0,0,0.00512446577950619,0,0,0,0.0814040631139738,0.74142715359219,0.0279921411354844,0,0,0.0465252881246076,0.0975268882542383,0,0,0,0,0,0,0,0,0,0,-0.0077879499430228,89,59.11,-161.62,1,0.00512446577950619,0.850823357841648,0.144052176378846,0,0,"BS"
"Goodnews","Sockeye",2000,133439,37358,0,0,0.00557558135177872,0,0,0,0.144193226867707,0.742961203246427,0.0366309699563096,0,0,0.0273683106138385,0.0432707079639386,0,0,0,0,0,0,0,0,0,0,1.27309736584045,89,59.11,-161.62,1,0.00557558135177872,0.923785400070444,0.0706390185777771,0,0,"BS"
"Goodnews","Sockeye",2001,126219,21008,0,0,0.00137063358131502,0,0,0,0.138996506072778,0.790435671333159,0.0234354574192475,0,0,0.00702746813078855,0.0387342634627116,0,0,0,0,0,0,0,0,0,0,1.79311517588957,89,59.11,-161.62,1,0.00137063358131502,0.952867634825185,0.0457617315935002,0,0,"BS"
"Goodnews","Sockeye",2002,100817,21127,0,0,0.0419373716734281,0.00293601277562316,0,0,0.246833371356021,0.659154706051559,0.0164158822420822,0,0,0.0158108255552139,0.0169118303460726,0,0,0,0,0,0,0,0,0,0,1.56275514889288,89,59.11,-161.62,1,0.0448733844490512,0.922403959649662,0.0327226559012865,0,0,"BS"
"Goodnews","Sockeye",2003,61999,37882,0,0,0.110646945918483,0.00161292924079421,0,0,0.178760947757222,0.636574783464249,0.0174841529702092,0,0,0.00808077549637897,0.0468394651526638,0,0,0,0,0,0,0,0,0,0,0.492674448712728,89,59.11,-161.62,1,0.112259875159277,0.832819884191681,0.0549202406490427,0,0,"BS"
"Goodnews","Sockeye",2004,35574,53131,0,0.0125091358857593,0.0606060606060606,0.00559397312644066,0,0,0.126862315174003,0.679456906729634,0.0399167931635464,0,0,0.0286445156575027,0.0452858829482206,0.00112441670883229,0,0,0,0,0,0,0,0,0,-0.401117418067761,89,59.11,-161.62,1,0.0787091696182605,0.846236015067184,0.0750548153145556,0,0,"BS"
"Goodnews","Sockeye",2005,62403,115167,0,0,0.0276268769129689,0.0034613720494207,0,0,0.167459897761326,0.762751790779289,0.0158806467637774,0,0,0.00849318141756005,0.0120346778199766,0,0,0,0,0.00152236270692114,0.000769193788760156,0,0,0,0,-0.612753873006429,89,59.11,-161.62,1,0.0310882489623896,0.946092335304392,0.0205278592375367,0.0022915564956813,0,"BS"
"Goodnews","Sockeye",2006,41057,126734,0,0.000365345738850866,0.0286674623084979,0.00331246803224785,0,0,0.104829870667608,0.629612489952992,0.0284969676303675,0,0,0.0117884891735879,0.131719317047032,0.0175853082300217,0,0,0.00294712229339698,0.0406751589253964,0,0,0,0,0,-1.12708034507046,89,59.11,-161.62,1,0.0323452760795967,0.762939328250968,0.161093114450642,0.0436222812187934,0,"BS"
"Goodnews","Sockeye",2007,58866,74111,0,0,0.0168008697720246,0.00120612917473584,0,0,0.049043590527639,0.682176468589678,0.0300513029592634,0,0,0.0438113681921653,0.174650902048721,0.00122311690959128,0,0,0,0.0010362518261815,0,0,0,0,0,-0.230283307328031,89,59.11,-161.62,1,0.0180069989467604,0.761271362076581,0.219685387150477,0.0010362518261815,0,"BS"
"Goodnews","Sockeye",2008,27552,41228,0,0.00130662020905923,0.022575493612079,0.000871080139372822,0,0,0.140316492450639,0.641514227642276,0.0657302555168409,0,0,0.0336091753774681,0.0925885598141696,0,0,0,0.00148809523809524,0,0,0,0,0,0,-0.403078804593713,89,59.11,-161.62,1,0.024753193960511,0.847560975609756,0.126197735191638,0.00148809523809524,0,"BS"
"Goodnews","Sockeye",2009,43720,26197,0,0,0.0188929551692589,0.00487191216834401,0,0,0.0467520585544373,0.841582799634035,0.0172461116193962,0,0,0.048124428179323,0.0225297346752059,0,0,0,0,0,0,0,0,0,0,0.512160762914143,89,59.11,-161.62,1,0.0237648673376029,0.905580969807868,0.0706541628545288,0,0,"BS"
"Goodnews","Sockeye",2010,71094,37273,0,0.000337581230483585,0.00400877711199257,0.000450108307311447,0,0,0.10763214898585,0.778954623456269,0.033392410048668,0,0,0.0108307311446817,0.0643936197147439,0,0,0,0,0,0,0,0,0,0,0.645733741116274,89,59.11,-161.62,1,0.0047964666497876,0.919979182490787,0.0752243508594256,0,0,"BS"
"Goodnews","Sockeye",2011,121417,20188,0,0,0.00866435507383645,0,0,0.000247082369025754,0.0537815956579392,0.830847410164969,0.0164886300929853,0,0,0.0404968002833211,0.0494741263579235,0,0,0,0,0,0,0,0,0,0,1.79414253329261,89,59.11,-161.62,1,0.00866435507383645,0.901364718284919,0.0899709266412446,0,0,"BS"
"Goodnews","Sockeye",2012,199884,30352,0,0,0.00424246062716375,0,0,0,0.279912349162514,0.715845190210322,0,0,0,0,0,0,0,0,0,0,0,0,0,0,0,1.88486978217612,89,59.11,-161.62,1,0.00424246062716375,0.995757539372836,0,0,0,"BS"
"Goodnews","Sockeye",2013,39885,24117,0,0,0.0410680707032719,0,0,0,0.693769587564247,0,0.0163219255359158,0,0,0,0.248840416196565,0,0,0,0,0,0,0,0,0,0,0.503083327349159,89,59.11,-161.62,1,0.0410680707032719,0.710091513100163,0.248840416196565,0,0,"BS"
"Goodnews","Sockeye",2014,143607,41473,0,0.00633673845982438,0,0,0,0,0,0.983468772413601,0,0,0,0.0101944891265746,0,0,0,0,0,0,0,0,0,0,0,1.24204475227534,89,59.11,-161.62,1,0.00633673845982438,0.983468772413601,0.0101944891265746,0,0,"BS"
"Goodnews","Sockeye",2015,9111,54757,0,0,0.535726045439579,0,0,0,0.464273954560421,0,0,0,0,0,0,0,0,0,0,0,0,0,0,0,0,-1.7933129882604,89,59.11,-161.62,1,0.535726045439579,0.464273954560421,0,0,0,"BS"
