"Species","BY","Stock.ID","Stock","Ocean.Region2","early_sst_raw","early_sst_anom","early_sst_anom_stnd","lnRS"
"Sockeye",1950,19,"Birkenhead","WC",11.2629207789355,-0.696854411128562,-1.07866603534396,1.7694349312049
"Sockeye",1951,19,"Birkenhead","WC",11.7436290269953,-0.216146163068805,-0.34378953872207,2.76934094157903
"Sockeye",1952,19,"Birkenhead","WC",11.2006284791903,-0.759146710873773,-1.17389458028374,2.29136002501671
"Sockeye",1953,19,"Birkenhead","WC",11.0732988078851,-0.886476382179065,-1.36854816308063,2.26040501044247
"Sockeye",1954,19,"Birkenhead","WC",11.916821945379,-0.0429532446851678,-0.0790231120688979,3.01297704941381
"Sockeye",1955,19,"Birkenhead","WC",12.401175499707,0.441400309642929,0.66142609920976,3.53385331482465
"Sockeye",1956,19,"Birkenhead","WC",13.1969251589997,1.23714996893556,1.87791806532293,2.3300043700896
"Sockeye",1957,19,"Birkenhead","WC",11.9115418185816,-0.0482333714825055,-0.0870950373961799,2.37992073121348
"Sockeye",1958,19,"Birkenhead","WC",11.9136344956968,-0.0461406943673782,-0.0838958844106993,3.15527672924093
"Sockeye",1959,19,"Birkenhead","WC",12.2752065195749,0.315431329510746,0.468852655387627,3.15850889727814
"Sockeye",1960,19,"Birkenhead","WC",11.8729901855566,-0.0867850045075194,-0.146030346142855,2.19326959627615
"Sockeye",1961,19,"Birkenhead","WC",12.3549451457762,0.395169955712099,0.59075204551627,2.50998450007479
"Sockeye",1962,19,"Birkenhead","WC",11.261609003447,-0.698166186617143,-1.08067139510072,1.9687465175166
"Sockeye",1963,19,"Birkenhead","WC",10.9637299641013,-0.996045225962827,-1.53605011126587,3.08920235715413
"Sockeye",1964,19,"Birkenhead","WC",11.714225940199,-0.245549249865123,-0.388739126131815,2.57092791994178
"Sockeye",1965,19,"Birkenhead","WC",11.7246973694922,-0.235077820571912,-0.372731064475544,2.82776719421209
"Sockeye",1966,19,"Birkenhead","WC",11.5194951572396,-0.44028003282453,-0.686431283783035,3.1585733543942
"Sockeye",1967,19,"Birkenhead","WC",11.3865277083474,-0.573247481716728,-0.889703545910939,3.33254574887498
"Sockeye",1968,19,"Birkenhead","WC",11.3204449702196,-0.639330219844578,-0.990726674344007,2.21787410618947
"Sockeye",1969,19,"Birkenhead","WC",10.7543314405817,-1.20544374948245,-1.85616538697208,4.01245952195708
"Sockeye",1970,19,"Birkenhead","WC",11.3941969597001,-0.565578230364043,-0.877979277420599,3.64755982254753
"Sockeye",1971,19,"Birkenhead","WC",11.5844058029877,-0.375369387076454,-0.587199976366647,3.12957025363034
"Sockeye",1972,19,"Birkenhead","WC",11.3956468397717,-0.564128350292396,-0.875762792074498,2.98672303091919
"Sockeye",1973,19,"Birkenhead","WC",11.2395490334668,-0.720226156597372,-1.11439528796107,2.03222816291231
"Sockeye",1974,19,"Birkenhead","WC",11.1550068083508,-0.804768381713368,-1.24363811759969,2.14071752020862
"Sockeye",1975,19,"Birkenhead","WC",11.7000818071398,-0.259693382924349,-0.410361786013918,1.81419124107292
"Sockeye",1976,19,"Birkenhead","WC",12.2744210386843,0.314645848620117,0.467651861668362,2.5165540874701
"Sockeye",1977,19,"Birkenhead","WC",11.8867215351568,-0.0730536549073591,-0.125038723617581,3.51820864727233
"Sockeye",1978,19,"Birkenhead","WC",12.0272091206583,0.0674339305942144,0.0897298497717209,2.62712366835003
"Sockeye",1979,19,"Birkenhead","WC",11.8141437767689,-0.145631413295249,-0.235991029994758,2.47043088664091
"Sockeye",1980,19,"Birkenhead","WC",11.3279512280823,-0.631823961981862,-0.979251580036477,1.60480326417871
"Sockeye",1981,19,"Birkenhead","WC",12.8505603585924,0.890785168528321,1.34841737107903,2.28179644155733
"Sockeye",1982,19,"Birkenhead","WC",11.430459849687,-0.529315340377101,-0.822542854894983,3.22307800429863
"Sockeye",1983,19,"Birkenhead","WC",11.7089509785712,-0.250824211492981,-0.396803155273277,3.64689542202394
"Sockeye",1984,19,"Birkenhead","WC",11.8546095381037,-0.105165651960427,-0.174129522431912,3.00822814416051
"Sockeye",1985,19,"Birkenhead","WC",12.027039624459,0.067264434394835,0.0894707346562775,3.75427254746806
"Sockeye",1986,19,"Birkenhead","WC",11.8846488673845,-0.0751263226796105,-0.128207287579778,1.81253626074585
"Sockeye",1987,19,"Birkenhead","WC",12.4149840717695,0.455208881705405,0.682535774572272,2.41350403796895
"Sockeye",1988,19,"Birkenhead","WC",12.3243947104219,0.364619520357735,0.544048463886239,2.50810197111176
"Sockeye",1989,19,"Birkenhead","WC",11.7189592348364,-0.240815955227633,-0.381503163373286,4.29269116153209
"Sockeye",1990,19,"Birkenhead","WC",13.070182580721,1.11040739065691,1.68416199337248,0.899019231479604
"Sockeye",1991,19,"Birkenhead","WC",12.8401952686137,0.880420078549521,1.33257187426982,-0.217215157976973
"Sockeye",1992,19,"Birkenhead","WC",12.5099350202428,0.55015983017871,0.827690804981306,0.0595835182913224
"Sockeye",1993,19,"Birkenhead","WC",12.9279540276095,0.96817883754531,1.46673193833989,1.33803023850002
"Sockeye",1994,19,"Birkenhead","WC",12.0376703617843,0.0778951717201658,0.105722336399494,1.10557877957667
"Sockeye",1995,19,"Birkenhead","WC",12.9424206793405,0.982645489276326,1.48884764445654,2.2261508864902
"Sockeye",1996,19,"Birkenhead","WC",12.9201797095202,0.960404519456084,1.45484705043939,1.04267509548207
"Sockeye",1997,19,"Birkenhead","WC",11.3281194643976,-0.63165572566654,-0.978994390952439,0.273074742900075
"Sockeye",1998,19,"Birkenhead","WC",12.3127364547159,0.35296126465172,0.526226056751477,1.2747658085211
"Sockeye",1999,19,"Birkenhead","WC",11.5436611454963,-0.416114044567897,-0.649487842810012,1.15865942665226
"Sockeye",2000,19,"Birkenhead","WC",11.5603755882808,-0.399399601783302,-0.623935855287212,2.50440608174424
"Sockeye",2001,19,"Birkenhead","WC",12.6575793879373,0.697804197873159,1.05340021628261,1.91078105029371
"Sockeye",2002,19,"Birkenhead","WC",13.1620688282763,1.20229363821217,1.82463190202016,1.77493200812628
"Sockeye",2003,19,"Birkenhead","WC",12.967577038302,1.00780184823786,1.52730510179378,-2.43757647045395
"Sockeye",2004,19,"Birkenhead","WC",12.0542481967381,0.0944730066739904,0.131065486473608,1.47286794723332
"Sockeye",2005,19,"Birkenhead","WC",11.8154922975899,-0.144282892474197,-0.233929496287783,1.15491874871891
"Sockeye",2006,19,"Birkenhead","WC",10.6481098082946,-1.31166538176947,-2.0185503290146,1.1683831569392
"Sockeye",2007,19,"Birkenhead","WC",11.2662703924403,-0.693504797623896,-1.07354535716279,1.51542878311506
"Sockeye",2008,19,"Birkenhead","WC",11.9142061299095,-0.0455690601547039,-0.0830220060255147,2.37220240118282
"Sockeye",2009,19,"Birkenhead","WC",11.8748066856583,-0.0849685044058481,-0.143253395183063,1.41004912803214
"Sockeye",2010,19,"Birkenhead","WC",11.8125014158767,-0.147273774187367,-0.238501767897551,-0.664030629000342
"Sockeye",2011,19,"Birkenhead","WC",12.2688667778804,0.309091587816234,0.459160857535698,-0.0137272010646368
"Sockeye",2012,19,"Birkenhead","WC",12.4263485499791,0.466573359914963,0.699909073171337,2.21720582253201
"Sockeye",2013,19,"Birkenhead","WC",13.3373987430277,1.37762355296356,2.09266523414118,-0.114699856795495
"Sockeye",2014,19,"Birkenhead","WC",13.4115802219936,1.45180503192946,2.20606920754236,-0.523069697521005
"Sockeye",2015,19,"Birkenhead","WC",12.5286993833847,0.568924193320614,0.856376581650878,-2.78340126753785
"Sockeye",1950,13,"Bowron","WC",11.2297064917428,-0.730068698321308,-1.10204630963632,2.32979583078021
"Sockeye",1951,13,"Bowron","WC",11.7735470363072,-0.186228153756915,-0.28674644329062,2.31500038904667
"Sockeye",1952,13,"Bowron","WC",11.2220627239772,-0.737712466086892,-1.11350548255005,1.61276878153884
"Sockeye",1953,13,"Bowron","WC",10.8908667564392,-1.06890843362491,-1.61001871748045,2.57754505563482
"Sockeye",1954,13,"Bowron","WC",11.8710631643023,-0.088712025761842,-0.140554904400089,2.68480055336143
"Sockeye",1955,13,"Bowron","WC",12.3478749820164,0.388099791952307,0.574258684141337,3.07641121748178
"Sockeye",1956,13,"Bowron","WC",13.2062795526058,1.24650436254164,1.86113797011402,2.358533651869
"Sockeye",1957,13,"Bowron","WC",11.9623036384583,0.00252844839413927,-0.00377152712490995,1.87806489606829
"Sockeye",1958,13,"Bowron","WC",11.8328381947109,-0.126936995353238,-0.197859959917595,0.781727098852433
"Sockeye",1959,13,"Bowron","WC",12.305883373533,0.346108183468856,0.511306862828307,1.44297461829691
"Sockeye",1960,13,"Bowron","WC",11.8123912811279,-0.147383908936194,-0.228512999816853,1.61554687424611
"Sockeye",1961,13,"Bowron","WC",12.5906221185412,0.630846928477051,0.938173640358787,2.03456355192346
"Sockeye",1962,13,"Bowron","WC",11.2862903390612,-0.673484851002923,-1.01721849821789,1.89090312329878
"Sockeye",1963,13,"Bowron","WC",10.9103071689606,-1.04946802110355,-1.58087457607948,2.92797821632554
"Sockeye",1964,13,"Bowron","WC",11.7131859234401,-0.246589266624007,-0.377236951482569,3.68550419912671
"Sockeye",1965,13,"Bowron","WC",11.7375418458666,-0.222233344197497,-0.340723711531021,2.72494373543771
"Sockeye",1966,13,"Bowron","WC",11.540483048984,-0.419292141080138,-0.636144882987352,2.96166593404228
"Sockeye",1967,13,"Bowron","WC",11.3890583515167,-0.570716838547394,-0.863153584049496,2.69185709053774
"Sockeye",1968,13,"Bowron","WC",11.3276919786768,-0.632083211387395,-0.955151130158619,3.26218174942225
"Sockeye",1969,13,"Bowron","WC",10.7318995850427,-1.22787560502144,-1.84833473655689,2.18492472543346
"Sockeye",1970,13,"Bowron","WC",11.3774076529912,-0.582367537072956,-0.880619756893106,3.48399129278977
"Sockeye",1971,13,"Bowron","WC",11.5920849187034,-0.367690271360765,-0.558785815323334,2.44843345200555
"Sockeye",1972,13,"Bowron","WC",11.3970979281834,-0.562677261880706,-0.851101033265375,2.15398020537214
"Sockeye",1973,13,"Bowron","WC",11.243363073894,-0.716412116170159,-1.08157301150904,1.66755676616308
"Sockeye",1974,13,"Bowron","WC",11.1267367090498,-0.833038481014356,-1.25641370814379,2.81327686459
"Sockeye",1975,13,"Bowron","WC",11.6381638770839,-0.321611312980246,-0.489706433536753,2.12016851980969
"Sockeye",1976,13,"Bowron","WC",12.2922778470176,0.332502656953439,0.490910104880685,1.8950598661687
"Sockeye",1977,13,"Bowron","WC",11.8755671977997,-0.0842079922644409,-0.133802671700357,2.54018704278419
"Sockeye",1978,13,"Bowron","WC",12.0313435622624,0.0715683721982789,0.0997298414520106,3.18683026216232
"Sockeye",1979,13,"Bowron","WC",11.8230538708823,-0.136721319181807,-0.212528152624899,0.617011611460251
"Sockeye",1980,13,"Bowron","WC",11.316054889134,-0.643720300930118,-0.972596901062726,3.49125241015536
"Sockeye",1981,13,"Bowron","WC",12.8505603585924,0.890785168528321,1.3278606809631,3.38155132573793
"Sockeye",1982,13,"Bowron","WC",11.4281222139086,-0.531652976155516,-0.804590900363315,1.67340809027703
"Sockeye",1983,13,"Bowron","WC",11.7073959500009,-0.252379240063238,-0.385917004153028,2.40393067093147
"Sockeye",1984,13,"Bowron","WC",11.8420831475939,-0.117692042470208,-0.18400036646646,2.33294060799756
"Sockeye",1985,13,"Bowron","WC",12.0379387991769,0.0781636091127776,0.109617106806998,1.8451490247701
"Sockeye",1986,13,"Bowron","WC",11.8831453323364,-0.0766298577276872,-0.122441893000207,2.72029583326488
"Sockeye",1987,13,"Bowron","WC",12.4161183834076,0.456343193343473,0.676565944218386,1.38417196909574
"Sockeye",1988,13,"Bowron","WC",12.346659387861,0.386884197796865,0.572436323226234,0.56663268604894
"Sockeye",1989,13,"Bowron","WC",11.7161757264818,-0.243599463582277,-0.372754781028957,2.24010249163004
"Sockeye",1990,13,"Bowron","WC",13.0729782581329,1.11320306806882,1.66129901243857,1.81581784675287
"Sockeye",1991,13,"Bowron","WC",12.8544159525514,0.894640762487217,1.333640803962,2.98771239525087
"Sockeye",1992,13,"Bowron","WC",12.503628219877,0.543853029812854,0.807756526992181,2.44526209272232
"Sockeye",1993,13,"Bowron","WC",12.9392278535026,0.979452663438432,1.46078677018531,3.54306247709544
"Sockeye",1994,13,"Bowron","WC",11.9836242539542,0.0238490638900929,0.028191325108151,1.77159363234782
"Sockeye",1995,13,"Bowron","WC",12.9424164295197,0.982641239455542,1.46556693162522,0.709972243815684
"Sockeye",1996,13,"Bowron","WC",12.9769259861537,1.01715079608962,1.51730201683103,1.88755527634165
"Sockeye",1997,13,"Bowron","WC",11.250898872103,-0.708876317961108,-1.07027570141685,0.863282149879736
"Sockeye",1998,13,"Bowron","WC",12.3161041736603,0.356328983596162,0.526629400033423,1.79299545420045
"Sockeye",1999,13,"Bowron","WC",11.5436230387007,-0.416152151363465,-0.631437559817137,1.7899368684805
"Sockeye",2000,13,"Bowron","WC",11.5603755882808,-0.399399601783302,-0.606322934638544,1.32504407858884
"Sockeye",2001,13,"Bowron","WC",12.6575793879373,0.697804197873159,1.03855279254805,0.908264420999926
"Sockeye",2002,13,"Bowron","WC",13.1624470778874,1.20267188782328,1.79542640973725,0.532650100764459
"Sockeye",2003,13,"Bowron","WC",12.9817821218124,1.0220069317482,1.5245821043364,0.2295744416445
"Sockeye",2004,13,"Bowron","WC",12.0587879252367,0.0990127351725828,0.140873124512701,2.59244819139219
"Sockeye",2005,13,"Bowron","WC",11.8347712584904,-0.125003931573694,-0.194962002682056,0.958792607905568
"Sockeye",2006,13,"Bowron","WC",10.6489448772612,-1.31083031280291,-1.97269648715264,3.31835113208161
"Sockeye",2007,13,"Bowron","WC",11.2573212725776,-0.702453917486566,-1.06064754422841,2.05173567285916
"Sockeye",2008,13,"Bowron","WC",11.9152426719666,-0.0445325180975572,-0.0743230887439731,1.04508364287874
"Sockeye",2009,13,"Bowron","WC",11.8752462182726,-0.084528971791507,-0.13428386893387,1.9810423728445
"Sockeye",2010,13,"Bowron","WC",11.8036805068543,-0.156094683209758,-0.241571778114989,1.80010872536587
"Sockeye",2011,13,"Bowron","WC",12.2663142340524,0.306539043988268,0.451986691773796,0.952447960473501
"Sockeye",2012,13,"Bowron","WC",12.4263485499791,0.466573359914963,0.691902523150931,1.98329768112693
"Sockeye",2013,13,"Bowron","WC",13.3372294562204,1.37745426615624,2.05745183450323,-1.33760320195029
"Sockeye",2014,13,"Bowron","WC",13.4115802219936,1.45180503192946,2.16891496464951,1.13776943039939
"Sockeye",2015,13,"Bowron","WC",12.4733383655548,0.513563175490684,0.762347418702404,-3.03776108674538
"Sockeye",1950,16,"Chilko","WC",11.2730367477355,-0.686738442328644,-1.06265703207496,3.44704107128214
"Sockeye",1951,16,"Chilko","WC",11.712904265025,-0.246870925039129,-0.387894680617392,2.57029106967123
"Sockeye",1952,16,"Chilko","WC",11.2149629027545,-0.744812287309611,-1.151743046971,2.07378196922912
"Sockeye",1953,16,"Chilko","WC",11.0328447224157,-0.926930467648438,-1.43111464586931,1.88054876443059
"Sockeye",1954,16,"Chilko","WC",11.913856206952,-0.0459189831121313,-0.0796318525273168,3.51291361584181
"Sockeye",1955,16,"Chilko","WC",12.3723062536171,0.412531063553051,0.623636334721035,2.99348471447581
"Sockeye",1956,16,"Chilko","WC",13.2174652877952,1.25769009773105,1.92012101440745,1.88824611584157
"Sockeye",1957,16,"Chilko","WC",11.9457809376079,-0.0139942524562491,-0.0306589107203086,0.508522907182024
"Sockeye",1958,16,"Chilko","WC",11.9827983115672,0.0230231215030255,0.0261262105167847,1.81693227074581
"Sockeye",1959,16,"Chilko","WC",12.2858912811673,0.326116091103179,0.491074670766573,2.0928434422455
"Sockeye",1960,16,"Chilko","WC",11.8737182368356,-0.086056953228538,-0.141204007855745,1.45901364581234
"Sockeye",1961,16,"Chilko","WC",12.4985810252662,0.538805835202011,0.817343436288026,1.53006993385585
"Sockeye",1962,16,"Chilko","WC",11.2860179543878,-0.673757235676289,-1.04274369639727,3.15257064816865
"Sockeye",1963,16,"Chilko","WC",10.9447956609063,-1.01497952915781,-1.56618302317027,3.04863932099119
"Sockeye",1964,16,"Chilko","WC",11.715073419619,-0.244701770445075,-0.384567169953321,2.7410542539468
"Sockeye",1965,16,"Chilko","WC",11.7174050116422,-0.242370178421927,-0.380990478212424,2.03297414744883
"Sockeye",1966,16,"Chilko","WC",11.5250478452573,-0.434727344806785,-0.676068811591908,2.11245001188621
"Sockeye",1967,16,"Chilko","WC",11.3886124202716,-0.571162769792472,-0.885362484270313,3.10337835610073
"Sockeye",1968,16,"Chilko","WC",11.3284663607061,-0.631308829358054,-0.977627302626216,2.61090444728298
"Sockeye",1969,16,"Chilko","WC",10.7518571860042,-1.20791800405991,-1.86215309118939,2.75792145217067
"Sockeye",1970,16,"Chilko","WC",11.3917979691468,-0.567977220917334,-0.880475811885601,2.61281411735547
"Sockeye",1971,16,"Chilko","WC",11.5797838300481,-0.379991360016043,-0.592103116570064,2.17010749857628
"Sockeye",1972,16,"Chilko","WC",11.3909053163205,-0.568869873743623,-0.881845152644866,1.84804365327642
"Sockeye",1973,16,"Chilko","WC",11.2283888756104,-0.731386314453799,-1.13114743429513,2.10575772231608
"Sockeye",1974,16,"Chilko","WC",11.1554875850987,-0.804287604965485,-1.24297893872872,2.30426658372166
"Sockeye",1975,16,"Chilko","WC",11.6775605499371,-0.282214640126972,-0.442112387914525,2.42605837287366
"Sockeye",1976,16,"Chilko","WC",12.2887109037465,0.328935713682317,0.495400007571268,2.00708719688182
"Sockeye",1977,16,"Chilko","WC",11.8775879112825,-0.0821872787816514,-0.135267878165501,2.27951000887928
"Sockeye",1978,16,"Chilko","WC",12.029667144752,0.0698919546878765,0.09802359517651,2.69395024952541
"Sockeye",1979,16,"Chilko","WC",11.8158434367641,-0.143931753300018,-0.229984685335654,2.45428724722507
"Sockeye",1980,16,"Chilko","WC",11.3281349136945,-0.631640276369601,-0.978135746546498,2.71787264519035
"Sockeye",1981,16,"Chilko","WC",12.7021117024476,0.742336512383511,1.12956207697103,2.33702772685057
"Sockeye",1982,16,"Chilko","WC",11.4383896616789,-0.521385528385241,-0.80900356450287,2.41782215611802
"Sockeye",1983,16,"Chilko","WC",11.7265417635349,-0.233233426529233,-0.366974584904847,2.29440583867189
"Sockeye",1984,16,"Chilko","WC",11.8888916168599,-0.0708835732042522,-0.117927850416714,0.870738665731882
"Sockeye",1985,16,"Chilko","WC",12.0321138631621,0.0723386730979439,0.101776892255378,2.79608198731555
"Sockeye",1986,16,"Chilko","WC",11.8897883448952,-0.0699868451688898,-0.116552258235033,3.36746728733792
"Sockeye",1987,16,"Chilko","WC",12.4151764807168,0.455401290652664,0.689399806921725,2.80268302359163
"Sockeye",1988,16,"Chilko","WC",12.316782966791,0.357007776726834,0.538462908389462,2.77169843924324
"Sockeye",1989,16,"Chilko","WC",11.7177269195297,-0.242048270534416,-0.380496667429421,4.2879502184754
"Sockeye",1990,16,"Chilko","WC",13.0709820244525,1.11120683438838,1.69541383022766,1.66361895299972
"Sockeye",1991,16,"Chilko","WC",12.8236513205109,0.863876130446787,1.31600539286983,0.838867969231771
"Sockeye",1992,16,"Chilko","WC",12.5060387406403,0.546263550576165,0.82878366627676,1.76354653241662
"Sockeye",1993,16,"Chilko","WC",12.9353370895264,0.97556189946223,1.48733277932835,2.50949976863093
"Sockeye",1994,16,"Chilko","WC",11.9868173312135,0.0270421411494263,0.0322914376376012,1.72116322125855
"Sockeye",1995,16,"Chilko","WC",12.9436956544935,0.983920464429395,1.50015492402048,1.4529964511956
"Sockeye",1996,16,"Chilko","WC",12.9410283073694,0.981253117305288,1.49606317969549,0.994589799061605
"Sockeye",1997,16,"Chilko","WC",11.2705140086032,-0.689261181460877,-1.06652694590599,0.552569027241302
"Sockeye",1998,16,"Chilko","WC",12.261714540347,0.301939350282808,0.453987243654295,0.137152209665019
"Sockeye",1999,16,"Chilko","WC",11.5437201670497,-0.416055023014497,-0.647425233094967,1.28947338312638
"Sockeye",2000,16,"Chilko","WC",11.6606321509783,-0.299143039085808,-0.468080766662432,0.238081017837578
"Sockeye",2001,16,"Chilko","WC",12.6870931423655,0.727317952301384,1.10652341528724,1.25214346623439
"Sockeye",2002,16,"Chilko","WC",13.1610823483647,1.20130715830062,1.83362887007589,1.75142093399344
"Sockeye",2003,16,"Chilko","WC",12.8980746734011,0.938299483337004,1.4301717603002,0.142177942463204
"Sockeye",2004,16,"Chilko","WC",12.0522764404952,0.0925012504310982,0.132706541656631,2.16047983027575
"Sockeye",2005,16,"Chilko","WC",11.6275215219915,-0.332253668072609,-0.518872891552773,0.243224370229125
"Sockeye",2006,16,"Chilko","WC",10.6760511691791,-1.28372402088502,-1.97844048263565,2.96239733518266
"Sockeye",2007,16,"Chilko","WC",11.2911498941727,-0.668625295891422,-1.03487123566611,1.97952296564653
"Sockeye",2008,16,"Chilko","WC",11.9141810617741,-0.0455941282900411,-0.0791335211092875,2.0585035929302
"Sockeye",2009,16,"Chilko","WC",11.8749587449492,-0.0848164451149113,-0.139301052672987,2.67003014556408
"Sockeye",2010,16,"Chilko","WC",11.824842302406,-0.134932887658091,-0.216180311285909,0.903876535723345
"Sockeye",2011,16,"Chilko","WC",12.2668892216289,0.307114031564747,0.461925270384162,0.650403719059218
"Sockeye",2012,16,"Chilko","WC",12.4263485499791,0.466573359914963,0.706537902893276,0.906723187850788
"Sockeye",2013,16,"Chilko","WC",13.3372294562204,1.37745426615624,2.10384076803898,-0.247441015054455
"Sockeye",2014,16,"Chilko","WC",13.4106795657,1.45090437563591,2.2165141677315,0.898742970633169
"Sockeye",2015,16,"Chilko","WC",12.4753003910962,0.515525201032104,0.781630648145112,-0.683335607788931
"Sockeye",1950,20,"Cultus","WC",11.2451342363556,-0.714640953708478,-1.08028132718748,1.26463164875741
"Sockeye",1951,20,"Cultus","WC",11.7735470363072,-0.186228153756915,-0.287231236484651,2.58355672996813
"Sockeye",1952,20,"Cultus","WC",11.2220627239772,-0.737712466086892,-1.11490740926957,0.85408898126894
"Sockeye",1953,20,"Cultus","WC",10.8908667564392,-1.06890843362491,-1.61197143217082,1.58874843046008
"Sockeye",1954,20,"Cultus","WC",11.9118591820883,-0.0479160079757938,-0.0796502320746984,1.0825418186355
"Sockeye",1955,20,"Cultus","WC",12.3598086408757,0.400033450811653,0.592639233574564,2.38055701902522
"Sockeye",1956,20,"Cultus","WC",13.2306014469692,1.27082625690504,1.89953852503577,0.975961769035586
"Sockeye",1957,20,"Cultus","WC",11.9623036384583,0.00252844839413927,-0.00394241291646218,0.307594380654975
"Sockeye",1958,20,"Cultus","WC",11.8339227780133,-0.125852412050824,-0.196618390920246,1.28645168628709
"Sockeye",1959,20,"Cultus","WC",12.2981677605989,0.338392570534775,0.500127648504972,0.0899664309306807
"Sockeye",1960,20,"Cultus","WC",11.8265651666332,-0.133210023430861,-0.207660807706571,0.302565950701618
"Sockeye",1961,20,"Cultus","WC",12.5906221185412,0.630846928477051,0.939047665419436,-0.920057214669632
"Sockeye",1962,20,"Cultus","WC",11.2787690383692,-0.681006151694882,-1.02980169688689,0.305494411260535
"Sockeye",1963,20,"Cultus","WC",10.9103071689606,-1.04946802110355,-1.58279496083103,1.90661248689405
"Sockeye",1964,20,"Cultus","WC",11.7134577955714,-0.24631739449272,-0.377414096968277,1.85748637128062
"Sockeye",1965,20,"Cultus","WC",11.7372231018564,-0.222552088207678,-0.341746758276519,2.11646486116688
"Sockeye",1966,20,"Cultus","WC",11.540483048984,-0.419292141080138,-0.6370172679797,0.94796427276073
"Sockeye",1967,20,"Cultus","WC",11.3888608856345,-0.570914304429644,-0.864574152309351,1.19798933529879
"Sockeye",1968,20,"Cultus","WC",11.3427294322423,-0.617045757821866,-0.933808949990838,0.500530346885527
"Sockeye",1969,20,"Cultus","WC",10.7318995850427,-1.22787560502144,-1.85055181800997,-0.0396541057633
"Sockeye",1970,20,"Cultus","WC",11.3786873774356,-0.581087812628517,-0.879842710528647,1.11357232918751
"Sockeye",1971,20,"Cultus","WC",11.5899171711542,-0.369858018909991,-0.562825773991584,1.72391800834615
"Sockeye",1972,20,"Cultus","WC",11.3970827384932,-0.562692451570884,-0.852234668564856,1.04672634313718
"Sockeye",1973,20,"Cultus","WC",11.243363073894,-0.716412116170159,-1.08293951516289,-0.185122679073666
"Sockeye",1974,20,"Cultus","WC",11.1267367090498,-0.833038481014356,-1.25797416463866,1.12710672505535
"Sockeye",1975,20,"Cultus","WC",11.6366580554417,-0.323117134622406,-0.492676333010599,2.42130861672853
"Sockeye",1976,20,"Cultus","WC",12.2922778470176,0.332502656953439,0.491287975241307,0.319148076317669
"Sockeye",1977,20,"Cultus","WC",11.8755671977997,-0.0842079922644409,-0.13411780256984,1.49299958132232
"Sockeye",1978,20,"Cultus","WC",12.0277532674957,0.0679780774315838,0.0942854011133449,2.33768115921644
"Sockeye",1979,20,"Cultus","WC",11.820255458174,-0.139519731890071,-0.217130515606046,1.23801914189972
"Sockeye",1980,20,"Cultus","WC",11.316054889134,-0.643720300930118,-0.973842516235628,1.05085893122712
"Sockeye",1981,20,"Cultus","WC",12.8505603585924,0.890785168528321,1.32916699044088,0.28681888724497
"Sockeye",1982,20,"Cultus","WC",11.4282401975806,-0.531534992483507,-0.805473072786747,0.0897415529092638
"Sockeye",1983,20,"Cultus","WC",11.7059590135302,-0.253816176533928,-0.388668384863056,1.57440888304155
"Sockeye",1984,20,"Cultus","WC",11.8438530530143,-0.115922137049779,-0.181714880840618,2.10419794537562
"Sockeye",1985,20,"Cultus","WC",12.0379387991769,0.0781636091127776,0.109572004360593,1.44866876466011
"Sockeye",1986,20,"Cultus","WC",11.8831453323364,-0.0766298577276872,-0.122744421224268,1.08808437808439
"Sockeye",1987,20,"Cultus","WC",12.4161183834076,0.456343193343473,0.677149764785023,0.711274194789745
"Sockeye",1988,20,"Cultus","WC",12.346659387861,0.386884197796865,0.572904631579669,2.09398772079781
"Sockeye",1989,20,"Cultus","WC",11.7161757264818,-0.243599463582277,-0.373334984283557,2.94007439035546
"Sockeye",1990,20,"Cultus","WC",13.0702005912462,1.11042540118209,1.65880644361845,2.59784533035429
"Sockeye",1991,20,"Cultus","WC",12.8544813873535,0.894706197289387,1.33505173095984,-0.148824227263658
"Sockeye",1992,20,"Cultus","WC",12.503628219877,0.543853029812854,0.808485878815178,0.446917609211553
"Sockeye",1993,20,"Cultus","WC",12.9392278535026,0.979452663438432,1.46224053613716,-0.179672548622378
"Sockeye",1994,20,"Cultus","WC",11.9836242539542,0.0238490638900929,0.0280558960844856,-0.591320717785175
"Sockeye",1995,20,"Cultus","WC",12.9424560876325,0.982680897568351,1.46708551977453,0.357264199224063
"Sockeye",1996,20,"Cultus","WC",12.9769259861537,1.01715079608962,1.51881847581064,-0.292620354092363
"Sockeye",1997,20,"Cultus","WC",11.250898872103,-0.708876317961108,-1.07162967283176,2.06421633408277
"Sockeye",1998,20,"Cultus","WC",12.3161041736603,0.356328983596162,0.52704689422824,1.04924485726565
"Sockeye",1999,20,"Cultus","WC",11.5436230387007,-0.416152151363465,-0.632304722920531,-1.46991787628114
"Sockeye",2000,20,"Cultus","WC",11.5603755882808,-0.399399601783302,-0.607162237792862,-2.71787829003847
"Sockeye",2001,20,"Cultus","WC",12.5941853906238,0.634410200559674,0.944395479190378,-1.09861228866811
"Sockeye",2002,20,"Cultus","WC",13.1624470778874,1.20267188782328,1.79725139537684,0.0806412742819408
"Sockeye",2003,20,"Cultus","WC",12.9715327665109,1.01175757644673,1.51072424848047,-0.970057156029815
"Sockeye",2004,20,"Cultus","WC",12.0542481967381,0.0944730066739904,0.13404940009441,3.23262699648103
"Sockeye",2005,20,"Cultus","WC",11.8347712584904,-0.125003931573694,-0.195344978316673,1.41033923537389
"Sockeye",2006,20,"Cultus","WC",10.64023906844,-1.31953612162409,-1.98811733688511,1.78577739755051
"Sockeye",2007,20,"Cultus","WC",11.2573212725776,-0.702453917486566,-1.06199083501531,3.00821185977792
"Sockeye",2008,20,"Cultus","WC",11.9152426719666,-0.0445325180975572,-0.0745722382125634,1.81373837594683
"Sockeye",2009,20,"Cultus","WC",11.8752462182726,-0.084528971791507,-0.134599533601104,0.643350264122738
"Sockeye",2010,20,"Cultus","WC",11.8035734721592,-0.156201717904874,-0.242167097845075,0.664679363049941
"Sockeye",2011,20,"Cultus","WC",12.2643664377005,0.304591247636343,0.449398101088758,-1.46698443772383
"Sockeye",2012,20,"Cultus","WC",12.4263485499791,0.466573359914963,0.692503356764946,1.52576380605232
"Sockeye",2013,20,"Cultus","WC",13.3372294562204,1.37745426615624,2.05956748802811,-1.24254960245375
"Sockeye",2014,20,"Cultus","WC",13.4115802219936,1.45180503192946,2.17115426553554,-1.11322775778426
"Sockeye",2015,20,"Cultus","WC",12.4733383655548,0.513563175490684,0.763026397667534,-3.11762209116303
"Sockeye",1950,10,"Early Stuart","WC",11.2297064917428,-0.730068698321308,-1.10177315188591,2.24270119373492
"Sockeye",1951,10,"Early Stuart","WC",11.7735470363072,-0.186228153756915,-0.286107261678753,1.76305990268433
"Sockeye",1952,10,"Early Stuart","WC",11.2220627239772,-0.737712466086892,-1.11323746932485,1.74432462489563
"Sockeye",1953,10,"Early Stuart","WC",10.8908667564392,-1.06890843362491,-1.60997361081886,1.93346231677619
"Sockeye",1954,10,"Early Stuart","WC",11.8710631643023,-0.088712025761842,-0.139850090995815,2.15779358851372
"Sockeye",1955,10,"Early Stuart","WC",12.3478749820164,0.388099791952307,0.575284408710569,2.97865820382118
"Sockeye",1956,10,"Early Stuart","WC",13.1965255796209,1.23675038955678,1.84811217429091,1.89098512559308
"Sockeye",1957,10,"Early Stuart","WC",11.9619679422958,0.00219275223168847,-0.00350879131289374,2.32759482069424
"Sockeye",1958,10,"Early Stuart","WC",11.8328381947109,-0.126936995353238,-0.197180873265609,1.53585519150181
"Sockeye",1959,10,"Early Stuart","WC",12.305883373533,0.346108183468856,0.512304325564471,2.77658035954011
"Sockeye",1960,10,"Early Stuart","WC",11.8123912811279,-0.147383908936194,-0.227847674658634,2.304461456101
"Sockeye",1961,10,"Early Stuart","WC",12.5861306109009,0.626355420836703,0.932626264835912,1.06970359820711
"Sockeye",1962,10,"Early Stuart","WC",11.2757130992558,-0.684062090808353,-1.03277127100827,1.68151284317352
"Sockeye",1963,10,"Early Stuart","WC",10.9103071689606,-1.04946802110355,-1.58081638533482,3.57613438225525
"Sockeye",1964,10,"Early Stuart","WC",11.7148731817125,-0.24490200835159,-0.374107802127947,3.49620448524049
"Sockeye",1965,10,"Early Stuart","WC",11.7375418458666,-0.222233344197497,-0.340108762681807,3.61402428055057
"Sockeye",1966,10,"Early Stuart","WC",11.540483048984,-0.419292141080138,-0.635662561656424,2.65522775306382
"Sockeye",1967,10,"Early Stuart","WC",11.3890583515167,-0.570716838547394,-0.862773176878961,3.41507926807314
"Sockeye",1968,10,"Early Stuart","WC",11.3427294322423,-0.617045757821866,-0.932258469139795,2.57342806708499
"Sockeye",1969,10,"Early Stuart","WC",10.7339234934758,-1.22585169658838,-1.8453611110275,3.33899257452905
"Sockeye",1970,10,"Early Stuart","WC",11.3790342102159,-0.580740979848229,-0.877807639129762,2.44436404598694
"Sockeye",1971,10,"Early Stuart","WC",11.5919058531709,-0.367869336893211,-0.558537331157704,2.24646821969689
"Sockeye",1972,10,"Early Stuart","WC",11.3970979281834,-0.562677261880706,-0.85071521517628,2.66069708643894
"Sockeye",1973,10,"Early Stuart","WC",11.2432695714441,-0.716505618620078,-1.08143089975148,2.17325382238631
"Sockeye",1974,10,"Early Stuart","WC",11.1284113564172,-0.831363833646967,-1.25369817394406,1.90525891627052
"Sockeye",1975,10,"Early Stuart","WC",11.6368814102354,-0.322893779828674,-0.49108184598421,2.13981068814265
"Sockeye",1976,10,"Early Stuart","WC",12.2922778470176,0.332502656953439,0.491898410617795,1.54613929759919
"Sockeye",1977,10,"Early Stuart","WC",11.8755671977997,-0.0842079922644409,-0.133094826922734,2.65842727831471
"Sockeye",1978,10,"Early Stuart","WC",12.0313435622624,0.0715683721982789,0.100542529215347,1.29249773237964
"Sockeye",1979,10,"Early Stuart","WC",11.8220862438604,-0.137688946203747,-0.213306922802738,1.09330841291523
"Sockeye",1980,10,"Early Stuart","WC",11.316054889134,-0.643720300930118,-0.972265627796362,2.15485986072957
"Sockeye",1981,10,"Early Stuart","WC",12.8505603585924,0.890785168528321,1.32922473051467,1.58884829302004
"Sockeye",1982,10,"Early Stuart","WC",11.4281222139086,-0.531652976155516,-0.80418420183606,2.55642952786962
"Sockeye",1983,10,"Early Stuart","WC",11.706509574889,-0.253265615175166,-0.386651752506931,2.6669825989347
"Sockeye",1984,10,"Early Stuart","WC",11.844022769131,-0.115752420933088,-0.180405963887886,2.40407862072137
"Sockeye",1985,10,"Early Stuart","WC",12.0378713182363,0.0780961281721816,0.110333023765129,2.32571218829692
"Sockeye",1986,10,"Early Stuart","WC",11.8831562881898,-0.0766189018743125,-0.121712516003116,2.26454890229137
"Sockeye",1987,10,"Early Stuart","WC",12.4161183834076,0.456343193343473,0.67763759900291,1.94069862337962
"Sockeye",1988,10,"Early Stuart","WC",12.3455591629063,0.385783972842151,0.571811084268462,1.46184898198182
"Sockeye",1989,10,"Early Stuart","WC",11.7169954394767,-0.242779750587354,-0.370924785918847,1.68566826867076
"Sockeye",1990,10,"Early Stuart","WC",13.0729782581329,1.11320306806882,1.66281275707863,1.2609761014934
"Sockeye",1991,10,"Early Stuart","WC",12.854487119026,0.894711928961839,1.33511418575416,0.524994106669886
"Sockeye",1992,10,"Early Stuart","WC",12.503628219877,0.543853029812854,0.808887078982108,1.00983163613448
"Sockeye",1993,10,"Early Stuart","WC",12.9392278535026,0.979452663438432,1.46221049608723,1.54579790497124
"Sockeye",1994,10,"Early Stuart","WC",11.9836242539542,0.0238490638900929,0.0289718960944876,0.694250096505482
"Sockeye",1995,10,"Early Stuart","WC",12.9424164295197,0.982641239455542,1.46699280355122,1.19588325030882
"Sockeye",1996,10,"Early Stuart","WC",12.9769259861537,1.01715079608962,1.51875111490539,2.4250916851743
"Sockeye",1997,10,"Early Stuart","WC",11.2523497317892,-0.7074254582749,-1.06781224416355,0.69817429675696
"Sockeye",1998,10,"Early Stuart","WC",12.3161041736603,0.356328983596162,0.527633741728442,1.123168984105
"Sockeye",1999,10,"Early Stuart","WC",11.5436230387007,-0.416152151363465,-0.630953125162419,1.31709648981759
"Sockeye",2000,10,"Early Stuart","WC",11.5603755882808,-0.399399601783302,-0.60582722492729,1.34691061427149
"Sockeye",2001,10,"Early Stuart","WC",12.6575793879373,0.697804197873159,1.03978695910216,1.11239701315851
"Sockeye",2002,10,"Early Stuart","WC",13.1623063501639,1.20253116009982,1.79678930302618,0.643282606123819
"Sockeye",2003,10,"Early Stuart","WC",12.9792449193769,1.01946972931272,1.52222910997336,0.369531926047989
"Sockeye",2004,10,"Early Stuart","WC",12.0542481967381,0.0944730066739904,0.134895482955611,1.97838238404859
"Sockeye",2005,10,"Early Stuart","WC",11.8204297365652,-0.1393454534989,-0.215791394604335,0.508312351432584
"Sockeye",2006,10,"Early Stuart","WC",10.64023906844,-1.31953612162409,-1.98587139609001,1.92136496989492
"Sockeye",2007,10,"Early Stuart","WC",11.2573212725776,-0.702453917486566,-1.06035580075685,1.67421314797685
"Sockeye",2008,10,"Early Stuart","WC",11.9152155366278,-0.044559653436359,-0.0736292392451072,2.59273366288028
"Sockeye",2009,10,"Early Stuart","WC",11.8752462182726,-0.084528971791507,-0.133576240186787,2.16616680496517
"Sockeye",2010,10,"Early Stuart","WC",11.8035734721592,-0.156201717904874,-0.241072848974896,1.38255176777331
"Sockeye",2011,10,"Early Stuart","WC",12.2663142340524,0.306539043988268,0.452957523083944,2.37300755729059
"Sockeye",2012,10,"Early Stuart","WC",12.4263485499791,0.466573359914963,0.692981063198257,1.06391061136041
"Sockeye",2013,10,"Early Stuart","WC",13.3372294562204,1.37745426615624,2.05914342951669,-0.388501035041389
"Sockeye",2014,10,"Early Stuart","WC",13.4115802219936,1.45180503192946,2.17065660034983,1.55639457520546
"Sockeye",2015,10,"Early Stuart","WC",12.4733383655548,0.513563175490684,0.763457584552399,0.260657617613507
"Sockeye",1952,25,"Gates","WC",11.2220627239772,-0.737712466086892,-1.1350779005337,2.21520097846214
"Sockeye",1953,25,"Gates","WC",10.8908667564392,-1.06890843362491,-1.63037213874082,5.60542166941066
"Sockeye",1954,25,"Gates","WC",12.0623343805773,0.102559190513175,0.121524687766216,3.65784734486621
"Sockeye",1955,25,"Gates","WC",12.3478749820164,0.388099791952307,0.548542612284769,4.39205680903382
"Sockeye",1956,25,"Gates","WC",13.1811862165313,1.22141102646712,1.79473608546187,1.34957834558162
"Sockeye",1957,25,"Gates","WC",11.9623036384583,0.00252844839413927,-0.0280684687671699,0.997301233590647
"Sockeye",1958,25,"Gates","WC",11.8328381947109,-0.126936995353238,-0.221680392280833,2.85572836642385
"Sockeye",1959,25,"Gates","WC",12.2838972624531,0.324122072388969,0.452865735211334,3.34819565861305
"Sockeye",1960,25,"Gates","WC",11.8130380205929,-0.146737169471158,-0.251290994816257,3.4140058152268
"Sockeye",1961,25,"Gates","WC",12.5883877554819,0.62861256541778,0.908222688700523,4.80087402154352
"Sockeye",1962,25,"Gates","WC",11.2862903390612,-0.673484851002923,-1.03902731174981,1.89638442030693
"Sockeye",1963,25,"Gates","WC",10.9103071689606,-1.04946802110355,-1.60129954953698,2.05383559077466
"Sockeye",1964,25,"Gates","WC",11.7131859234401,-0.246589266624007,-0.400616992835925,2.54899951350686
"Sockeye",1965,25,"Gates","WC",11.7375418458666,-0.222233344197497,-0.364193397060456,0.975100868600239
"Sockeye",1966,25,"Gates","WC",11.540483048984,-0.419292141080138,-0.658889275786081,3.42100000895834
"Sockeye",1967,25,"Gates","WC",11.3890583515167,-0.570716838547394,-0.885340644549136,2.98196269283023
"Sockeye",1968,25,"Gates","WC",11.3427294322423,-0.617045757821866,-0.954624238034841,3.07088765137986
"Sockeye",1969,25,"Gates","WC",10.7318995850427,-1.22787560502144,-1.86810306476046,2.58315862620853
"Sockeye",1970,25,"Gates","WC",11.3774076529912,-0.582367537072956,-0.902763935942733,3.38196601973427
"Sockeye",1971,25,"Gates","WC",11.5920849187034,-0.367690271360765,-0.581720133472214,4.70024318351673
"Sockeye",1972,25,"Gates","WC",11.3970979281834,-0.562677261880706,-0.873317684154312,3.74704128947885
"Sockeye",1973,25,"Gates","WC",11.2425688868675,-0.717206303196677,-1.10441151168011,3.73379562016685
"Sockeye",1974,25,"Gates","WC",11.1267367090498,-0.833038481014356,-1.27763527010493,4.38607249319343
"Sockeye",1975,25,"Gates","WC",11.6375540735816,-0.322221116482471,-0.513722293417652,2.76351882231312
"Sockeye",1976,25,"Gates","WC",12.2920729913113,0.332297801247146,0.465092307372524,2.11658330305428
"Sockeye",1977,25,"Gates","WC",11.8800525986523,-0.0797225914118753,-0.151072581423787,2.89941647755461
"Sockeye",1978,25,"Gates","WC",12.0313435622624,0.0715683721982789,0.0751787921238428,2.54689832581597
"Sockeye",1979,25,"Gates","WC",11.8092311678871,-0.150544022177025,-0.25698403578211,2.40487236469203
"Sockeye",1980,25,"Gates","WC",11.3215854371584,-0.638189752905673,-0.986244486963407,1.97660332378063
"Sockeye",1981,25,"Gates","WC",12.8219217175857,0.862146527521669,1.25746614934881,2.25198153942925
"Sockeye",1982,25,"Gates","WC",11.4281222139086,-0.531652976155516,-0.826921738942768,3.09548483888611
"Sockeye",1983,25,"Gates","WC",11.7059590135302,-0.253816176533928,-0.411424632992398,2.2189188068059
"Sockeye",1984,25,"Gates","WC",11.8421626719269,-0.117612518137167,-0.207735899315702,2.71313128014852
"Sockeye",1985,25,"Gates","WC",12.0379387991769,0.0781636091127776,0.0850417831126662,4.1734934726372
"Sockeye",1986,25,"Gates","WC",11.8831453323364,-0.0766298577276872,-0.146447485334984,2.67740818828639
"Sockeye",1987,25,"Gates","WC",12.4161183834076,0.456343193343473,0.650598696348717,1.91401662416469
"Sockeye",1988,25,"Gates","WC",12.3462825297251,0.386507339660954,0.546161144749431,2.88539267065875
"Sockeye",1989,25,"Gates","WC",11.7161757264818,-0.243599463582277,-0.396145826622909,1.69019187611676
"Sockeye",1990,25,"Gates","WC",13.0683430640688,1.10856787400469,1.62598233024184,1.57426227568189
"Sockeye",1991,25,"Gates","WC",12.8549053668976,0.895130176833467,1.30679226760025,1.54665906635503
"Sockeye",1992,25,"Gates","WC",12.503628219877,0.543853029812854,0.781467191251984,3.05340882672239
"Sockeye",1993,25,"Gates","WC",12.9392278535026,0.979452663438432,1.43289417058293,2.04000668259212
"Sockeye",1994,25,"Gates","WC",11.9836242539542,0.0238490638900929,0.00381591101158794,3.00285805570632
"Sockeye",1995,25,"Gates","WC",12.9424164295197,0.982641239455542,1.43766259618032,1.64387024461216
"Sockeye",1996,25,"Gates","WC",12.9764205303144,1.01664534025035,1.48851477087399,2.63962298048235
"Sockeye",1997,25,"Gates","WC",11.250898872103,-0.708876317961108,-1.09195425345261,1.96625136569313
"Sockeye",1998,25,"Gates","WC",12.3161041736603,0.356328983596162,0.501030263511456,0.678295422423919
"Sockeye",1999,25,"Gates","WC",11.5436230387007,-0.416152151363465,-0.654193509632107,3.18468899268755
"Sockeye",2000,25,"Gates","WC",11.5603755882808,-0.399399601783302,-0.629140543727921,1.71415613629553
"Sockeye",2001,25,"Gates","WC",12.6575793879373,0.697804197873159,1.01169682560516,2.52888811012672
"Sockeye",2002,25,"Gates","WC",13.1624470778874,1.20267188782328,1.76671223158389,2.43049538462243
"Sockeye",2003,25,"Gates","WC",12.980352810451,1.02057762038685,1.49439538502852,-0.056154385969719
"Sockeye",2004,25,"Gates","WC",12.0545673230695,0.094792133005387,0.109909272095465,2.1969611020963
"Sockeye",2005,25,"Gates","WC",11.8347712584904,-0.125003931573694,-0.218789549861427,0.533501825793018
"Sockeye",2006,25,"Gates","WC",10.6461076360243,-1.31366755403982,-1.99640250738121,3.30947964240812
"Sockeye",2007,25,"Gates","WC",11.2586938924477,-0.70108129761651,-1.08029702014725,4.66503782944261
"Sockeye",2008,25,"Gates","WC",11.9152426719666,-0.0445325180975572,-0.098446818241247,3.80727113251583
"Sockeye",2009,25,"Gates","WC",11.8752462182726,-0.084528971791507,-0.158260387864667,3.12575210398652
"Sockeye",2010,25,"Gates","WC",11.8061770572759,-0.153598132788224,-0.26155137215344,1.90870767812526
"Sockeye",2011,25,"Gates","WC",12.2671302095531,0.307355019489001,0.427791080001001,0.299943518436481
"Sockeye",2012,25,"Gates","WC",12.4263485499791,0.466573359914963,0.665897622227627,1.27635751088538
"Sockeye",2013,25,"Gates","WC",13.3372294562204,1.37745426615624,2.02809435399308,-0.546504272325444
"Sockeye",2014,25,"Gates","WC",13.4114967073991,1.451721517335,2.13915893569606,0.142190089614762
"Sockeye",2015,25,"Gates","WC",12.4738414780669,0.514066288002805,0.736921958098483,0.442223519847355
"Sockeye",1950,28,"Harrison","WC",11.1057878562382,-0.853987333825892,-1.24871728111952,1.45567692390492
"Sockeye",1951,28,"Harrison","WC",11.2297064917428,-0.730068698321308,-1.06431974391389,2.22542495761466
"Sockeye",1952,28,"Harrison","WC",11.7735470363072,-0.186228153756915,-0.255056015000971,0.292058193388334
"Sockeye",1953,28,"Harrison","WC",11.2220627239772,-0.737712466086892,-1.07569407792916,0.247219913719442
"Sockeye",1954,28,"Harrison","WC",10.8908667564392,-1.06890843362491,-1.56853133761789,-0.131053160457777
"Sockeye",1955,28,"Harrison","WC",11.8710631643023,-0.088712025761842,-0.109946816800875,3.72378441801323
"Sockeye",1956,28,"Harrison","WC",12.3489127126707,0.389137522606564,0.601118791008336,4.33855995331733
"Sockeye",1957,28,"Harrison","WC",13.222202539858,1.26242734979382,1.90062061931971,3.50469902783498
"Sockeye",1958,28,"Harrison","WC",11.9623036384583,0.00252844839413927,0.0258238738569816,2.235620145141
"Sockeye",1959,28,"Harrison","WC",11.8328381947109,-0.126936995353238,-0.166827609780174,0.855644871796284
"Sockeye",1960,28,"Harrison","WC",12.305883373533,0.346108183468856,0.537088839966101,1.42601908908096
"Sockeye",1961,28,"Harrison","WC",11.8123912811279,-0.147383908936194,-0.197253707459517,-0.496354693407093
"Sockeye",1962,28,"Harrison","WC",12.5906221185412,0.630846928477051,0.960795275343933,2.5038201188538
"Sockeye",1963,28,"Harrison","WC",11.2862903390612,-0.673484851002923,-0.980119961946933,2.1926577368723
"Sockeye",1964,28,"Harrison","WC",10.9107305289788,-1.04904466108537,-1.53897298490533,3.83959879625332
"Sockeye",1965,28,"Harrison","WC",11.7132896316063,-0.246485558457841,-0.344722246234146,0.965674504065547
"Sockeye",1966,28,"Harrison","WC",11.7375418458666,-0.222233344197497,-0.308633658241058,1.7858968811777
"Sockeye",1967,28,"Harrison","WC",11.540483048984,-0.419292141080138,-0.601867655548256,1.39115547496996
"Sockeye",1968,28,"Harrison","WC",11.3889882270173,-0.5707869630468,-0.827300028623604,1.83260949418937
"Sockeye",1969,28,"Harrison","WC",11.3427294322423,-0.617045757821866,-0.896135581854878,-0.0345906230765945
"Sockeye",1970,28,"Harrison","WC",10.7318995850427,-1.22787560502144,-1.80508296508461,1.81560617558313
"Sockeye",1971,28,"Harrison","WC",11.3774076529912,-0.582367537072956,-0.84453254027252,3.75823266676158
"Sockeye",1972,28,"Harrison","WC",11.5920849187034,-0.367690271360765,-0.525081321897043,0.905145733029325
"Sockeye",1973,28,"Harrison","WC",11.3970979281834,-0.562677261880706,-0.81523236086393,3.17744362936065
"Sockeye",1974,28,"Harrison","WC",11.243363073894,-0.716412116170159,-1.04399802147833,1.53293697900435
"Sockeye",1975,28,"Harrison","WC",11.1268556180307,-0.832919572033464,-1.21736732819969,3.638924015002
"Sockeye",1976,28,"Harrison","WC",11.6386222177577,-0.321152972306381,-0.455831339447772,2.72457391372903
"Sockeye",1977,28,"Harrison","WC",12.2922778470176,0.332502656953439,0.516843091038887,2.86274138777172
"Sockeye",1978,28,"Harrison","WC",11.8755671977997,-0.0842079922644409,-0.103244574793202,1.36803659254633
"Sockeye",1979,28,"Harrison","WC",12.0313435622624,0.0715683721982789,0.128558961816182,-0.619060389387115
"Sockeye",1980,28,"Harrison","WC",11.8230538708823,-0.136721319181807,-0.181387205355641,1.8504925995866
"Sockeye",1981,28,"Harrison","WC",11.316054889134,-0.643720300930118,-0.935828724336785,2.3019696911452
"Sockeye",1982,28,"Harrison","WC",12.8505603585924,0.890785168528321,1.34759723693627,1.82119809634529
"Sockeye",1983,28,"Harrison","WC",11.4291920693232,-0.530583120740934,-0.767474567527957,2.12880109611468
"Sockeye",1984,28,"Harrison","WC",11.7077429765407,-0.252032213523406,-0.352975964729792,2.03359515355442
"Sockeye",1985,28,"Harrison","WC",11.8420831475939,-0.117692042470208,-0.153070626931943,2.07091211866704
"Sockeye",1986,28,"Harrison","WC",12.0380568573197,0.0782816672556176,0.138548702827025,0.840901434394943
"Sockeye",1987,28,"Harrison","WC",11.8962550107102,-0.06352017935386,-0.0724600060691475,2.84458031965759
"Sockeye",1988,28,"Harrison","WC",12.4154779690455,0.455702778981344,0.700171441878725,1.44399527708084
"Sockeye",1989,28,"Harrison","WC",12.3401054070106,0.380330216946492,0.58801305056404,1.91577316982971
"Sockeye",1990,28,"Harrison","WC",11.7540398857179,-0.205735304346226,-0.28408369523584,4.22817825731247
"Sockeye",1991,28,"Harrison","WC",13.0729782581329,1.11320306806882,1.67856693119343,1.56632524236884
"Sockeye",1992,28,"Harrison","WC",12.8549053668976,0.895130176833467,1.35406284097835,3.07827632253528
"Sockeye",1993,28,"Harrison","WC",12.503628219877,0.543853029812854,0.831343715453247,2.12925862591311
"Sockeye",1994,28,"Harrison","WC",12.9392278535026,0.979452663438432,1.47953919728018,1.223108407251
"Sockeye",1995,28,"Harrison","WC",11.9836242539542,0.0238490638900929,0.0575500865702949,1.99754900584911
"Sockeye",1996,28,"Harrison","WC",12.9424164295197,0.982641239455542,1.48428396841451,-0.0879478871806497
"Sockeye",1997,28,"Harrison","WC",12.9769259861537,1.01715079608962,1.53563602880051,4.3289838986894
"Sockeye",1998,28,"Harrison","WC",11.2552769939318,-0.704498196132296,-1.02626947318936,3.06367324182976
"Sockeye",1999,28,"Harrison","WC",12.3146268153086,0.354851625244419,0.550099547544905,2.79504568224145
"Sockeye",2000,28,"Harrison","WC",11.5441047106265,-0.415670479437641,-0.596478429910407,1.94246582877307
"Sockeye",2001,28,"Harrison","WC",11.5603755882808,-0.399399601783302,-0.57226649636694,3.83787590187339
"Sockeye",2002,28,"Harrison","WC",12.6579350094747,0.698159819410527,1.06096044630294,2.4295017058264
"Sockeye",2003,28,"Harrison","WC",13.1581588411234,1.19838365105929,1.80532018067222,2.86243252710752
"Sockeye",2004,28,"Harrison","WC",12.9773540276566,1.01757883759248,1.53627297738074,4.97468926739039
"Sockeye",2005,28,"Harrison","WC",12.0537937075964,0.0940185175322878,0.161965975157177,-2.58586649517861
"Sockeye",2006,28,"Harrison","WC",11.8346310227674,-0.125144167296674,-0.164159786035041,2.72569144100612
"Sockeye",2007,28,"Harrison","WC",10.64023906844,-1.31953612162409,-1.94147870130057,3.35099929137956
"Sockeye",2008,28,"Harrison","WC",11.2573212725776,-0.702453917486566,-1.02322747755973,3.69184059068085
"Sockeye",2009,28,"Harrison","WC",11.9152426719666,-0.0445325180975572,-0.0442053536619443,0.552843606682547
"Sockeye",2010,28,"Harrison","WC",11.8752462182726,-0.084528971791507,-0.103722209444708,1.13252493301669
"Sockeye",2011,28,"Harrison","WC",11.8035734721592,-0.156201717904874,-0.210375077387078,-0.571003624585645
"Sockeye",2012,28,"Harrison","WC",12.2663142340524,0.306539043988268,0.478207850518017,1.16596831433763
"Sockeye",2013,28,"Harrison","WC",12.4263485499791,0.466573359914963,0.71634744594778,-0.0219507103025379
"Sockeye",2014,28,"Harrison","WC",13.3372294562204,1.37745426615624,2.0717868043186,-1.79452787256982
"Sockeye",2015,28,"Harrison","WC",13.4078064087423,1.44803121867813,2.17680907296707,-2.41286167962804
"Sockeye",1950,18,"Late Shuswap","WC",11.2313562958454,-0.728418894218729,-1.08055777333197,2.83641978796898
"Sockeye",1951,18,"Late Shuswap","WC",11.7732742005805,-0.18650098948364,-0.266769254017171,1.86422308394979
"Sockeye",1952,18,"Late Shuswap","WC",11.2220627239772,-0.737712466086892,-1.09451376560249,1.4488866771134
"Sockeye",1953,18,"Late Shuswap","WC",10.8908667564392,-1.06890843362491,-1.59186488404828,2.95058150462231
"Sockeye",1954,18,"Late Shuswap","WC",11.8724697729497,-0.0873054171144299,-0.117809019901296,2.69893808865087
"Sockeye",1955,18,"Late Shuswap","WC",12.3484134786121,0.388638288547989,0.596907213173813,2.96483458194206
"Sockeye",1956,18,"Late Shuswap","WC",13.2306014469692,1.27082625690504,1.92167326030702,1.3328213522386
"Sockeye",1957,18,"Late Shuswap","WC",11.9237873619593,-0.0359878281048433,-0.0407463054015199,0.650139779385521
"Sockeye",1958,18,"Late Shuswap","WC",11.8347030560379,-0.125072134026273,-0.174522629779335,0.673472174011076
"Sockeye",1959,18,"Late Shuswap","WC",12.3058627200353,0.346087529971154,0.533009492660424,1.454545386991
"Sockeye",1960,18,"Late Shuswap","WC",11.8169709055144,-0.14280428454969,-0.20115068615583,0.656555383964484
"Sockeye",1961,18,"Late Shuswap","WC",12.4390077580198,0.479232567955689,0.732951037991933,2.25547384652207
"Sockeye",1962,18,"Late Shuswap","WC",11.2756793646499,-0.684095825414208,-1.01399860594009,1.50095236223527
"Sockeye",1963,18,"Late Shuswap","WC",10.9106471560551,-1.04912803400904,-1.56216100828739,3.66412130651474
"Sockeye",1964,18,"Late Shuswap","WC",11.7131859234401,-0.246589266624007,-0.357002755540137,4.04106607973508
"Sockeye",1965,18,"Late Shuswap","WC",11.7375418458666,-0.222233344197497,-0.320427898214276,2.92448460967995
"Sockeye",1966,18,"Late Shuswap","WC",11.5402013399663,-0.419573850097797,-0.616770640711302,1.81203857537093
"Sockeye",1967,18,"Late Shuswap","WC",11.3890308529221,-0.570744337142005,-0.843780683636421,2.06843247394225
"Sockeye",1968,18,"Late Shuswap","WC",11.316138961229,-0.643636228835153,-0.953241146360971,2.09121311926836
"Sockeye",1969,18,"Late Shuswap","WC",10.7376931604684,-1.22208202959578,-1.82188296017033,2.24405083065222
"Sockeye",1970,18,"Late Shuswap","WC",11.3785750494544,-0.58120014060979,-0.859481978515125,1.95814544327162
"Sockeye",1971,18,"Late Shuswap","WC",11.5920241002581,-0.36775108980609,-0.538949319444551,1.48445910089174
"Sockeye",1972,18,"Late Shuswap","WC",11.3970979281834,-0.562677261880706,-0.83166649959723,3.02781081885518
"Sockeye",1973,18,"Late Shuswap","WC",11.243363073894,-0.716412116170159,-1.06252740739552,3.31456180463347
"Sockeye",1974,18,"Late Shuswap","WC",11.1272441408271,-0.83253104923704,-1.23690115253152,2.43250648839622
"Sockeye",1975,18,"Late Shuswap","WC",11.6366580554417,-0.323117134622406,-0.471923299483374,2.48469619977495
"Sockeye",1976,18,"Late Shuswap","WC",12.2763093302551,0.316534140190891,0.488629690664824,1.52879823841716
"Sockeye",1977,18,"Late Shuswap","WC",11.8755671977997,-0.0842079922644409,-0.113157671864376,2.74326166268091
"Sockeye",1978,18,"Late Shuswap","WC",12.0299762632276,0.0702010731635159,0.118715686859257,2.25303960639631
"Sockeye",1979,18,"Late Shuswap","WC",11.8226799603757,-0.137095229688422,-0.192577499587084,2.22498169538261
"Sockeye",1980,18,"Late Shuswap","WC",11.316054889134,-0.643720300930118,-0.95336739593693,2.55156695522236
"Sockeye",1981,18,"Late Shuswap","WC",12.8505603585924,0.890785168528321,1.35097228902234,0.464737687640448
"Sockeye",1982,18,"Late Shuswap","WC",11.4302626515317,-0.529512538532462,-0.781863621945041,1.79739896181054
"Sockeye",1983,18,"Late Shuswap","WC",11.7059590135302,-0.253816176533928,-0.367855278151825,2.9835782586041
"Sockeye",1984,18,"Late Shuswap","WC",11.8420831475939,-0.117692042470208,-0.163440077002722,2.62504847982952
"Sockeye",1985,18,"Late Shuswap","WC",11.9285447822334,-0.0312304078307249,-0.0336021716373372,2.91066466204784
"Sockeye",1986,18,"Late Shuswap","WC",11.8862484758308,-0.0735267142333348,-0.0971177858274441,2.32682311376774
"Sockeye",1987,18,"Late Shuswap","WC",12.4161183834076,0.456343193343473,0.698578469543908,2.53171345041217
"Sockeye",1988,18,"Late Shuswap","WC",12.346659387861,0.386884197796865,0.59427312616058,0.83793389141643
"Sockeye",1989,18,"Late Shuswap","WC",11.7161757264818,-0.243599463582277,-0.352513021266527,3.53761509351307
"Sockeye",1990,18,"Late Shuswap","WC",13.0720234627003,1.11224827263626,1.68353950999829,1.49391457775389
"Sockeye",1991,18,"Late Shuswap","WC",12.8548189861743,0.895043796110189,1.35736739463498,0.341096454627933
"Sockeye",1992,18,"Late Shuswap","WC",12.503628219877,0.543853029812854,0.829990441031933,1.09805992730932
"Sockeye",1993,18,"Late Shuswap","WC",12.9392278535026,0.979452663438432,1.48412269568684,3.01584732762769
"Sockeye",1994,18,"Late Shuswap","WC",11.9844595514054,0.0246843613413364,0.0503640468890724,1.36787941287166
"Sockeye",1995,18,"Late Shuswap","WC",12.9424164295197,0.982641239455542,1.488910923817,1.29781998039527
"Sockeye",1996,18,"Late Shuswap","WC",12.9648641051968,1.00508891513269,1.52262020079742,2.41608281033302
"Sockeye",1997,18,"Late Shuswap","WC",11.2649215060278,-0.694853684036349,-1.03015349169422,4.0628948051894
"Sockeye",1998,18,"Late Shuswap","WC",12.3065691901033,0.3467940000392,0.534070386248903,2.3655797874337
"Sockeye",1999,18,"Late Shuswap","WC",11.5436230387007,-0.416152151363465,-0.611632336325669,1.62028181508753
"Sockeye",2000,18,"Late Shuswap","WC",11.5603755882808,-0.399399601783302,-0.586475329335371,2.13575271324255
"Sockeye",2001,18,"Late Shuswap","WC",12.52132370798,0.561548517915822,0.85656344210099,1.42505623692296
"Sockeye",2002,18,"Late Shuswap","WC",13.1607083496669,1.20093315960273,1.81671603400579,0.970802923453468
"Sockeye",2003,18,"Late Shuswap","WC",12.988224881657,1.02844969159289,1.55770066505128,-0.315124977773457
"Sockeye",2004,18,"Late Shuswap","WC",12.0542481967381,0.0944730066739904,0.155164419517485,-0.143686374165264
"Sockeye",2005,18,"Late Shuswap","WC",11.8407174351325,-0.119057754931613,-0.165490943217079,1.05502353172185
"Sockeye",2006,18,"Late Shuswap","WC",10.6422276860815,-1.31754750398256,-1.96524177221194,2.70870606517281
"Sockeye",2007,18,"Late Shuswap","WC",11.2573212725776,-0.702453917486566,-1.04156662765421,1.89341763555383
"Sockeye",2008,18,"Late Shuswap","WC",11.9152426719666,-0.0445325180975572,-0.0535777150235617,4.71892907134475
"Sockeye",2009,18,"Late Shuswap","WC",11.8753296136199,-0.0844455764442033,-0.113514447819132,2.94851710061973
"Sockeye",2010,18,"Late Shuswap","WC",11.803759793909,-0.156015396155053,-0.220989578463858,0.984236109598984
"Sockeye",2011,18,"Late Shuswap","WC",12.2663142340524,0.306539043988268,0.473620231726357,-0.831868993161697
"Sockeye",2013,18,"Late Shuswap","WC",13.3349595548139,1.37518436474975,2.07838598250977,-1.14305526489416
"Sockeye",2014,18,"Late Shuswap","WC",13.4115730393908,1.45179784932666,2.19343509535254,1.40907139080303
"Sockeye",2015,18,"Late Shuswap","WC",12.4733383655548,0.513563175490684,0.784504703277708,-0.632115430288861
"Sockeye",1950,11,"Late Stuart","WC",11.2297064917428,-0.730068698321308,-1.10139836744262,1.91562812013972
"Sockeye",1951,11,"Late Stuart","WC",11.7721123646907,-0.187662825373382,-0.289097879617528,2.67385093477599
"Sockeye",1952,11,"Late Stuart","WC",11.2220627239772,-0.737712466086892,-1.11284558177874,0.698953078479377
"Sockeye",1953,11,"Late Stuart","WC",10.8920457157963,-1.06772947426783,-1.60707506952194,1.43659471101117
"Sockeye",1954,11,"Late Stuart","WC",11.8710631643023,-0.088712025761842,-0.140910356576356,3.22772141336711
"Sockeye",1955,11,"Late Stuart","WC",12.3478749820164,0.388099791952307,0.57315726593104,1.90805369259385
"Sockeye",1956,11,"Late Stuart","WC",13.2306014469692,1.27082625690504,1.89511776425711,3.45653795389816
"Sockeye",1957,11,"Late Stuart","WC",11.9623036384583,0.00252844839413927,-0.00426972386437918,0.917840186996547
"Sockeye",1958,11,"Late Stuart","WC",11.8328381947109,-0.126936995353238,-0.198155609614336,0.838587559093425
"Sockeye",1959,11,"Late Stuart","WC",12.305883373533,0.346108183468856,0.510271139956253,-0.106779962312053
"Sockeye",1960,11,"Late Stuart","WC",11.8123912811279,-0.147383908936194,-0.228776660576937,1.17800531661089
"Sockeye",1961,11,"Late Stuart","WC",12.5899267903643,0.630151600300167,0.935651132251677,0.638492075080652
"Sockeye",1962,11,"Late Stuart","WC",11.2862903390612,-0.673484851002923,-1.01665908073479,0.880259533260231
"Sockeye",1963,11,"Late Stuart","WC",10.9103071689606,-1.04946802110355,-1.57972693770117,1.31433469399703
"Sockeye",1964,11,"Late Stuart","WC",11.7131859234401,-0.246589266624007,-0.377345406720308,0.489870753945917
"Sockeye",1965,11,"Late Stuart","WC",11.7375258991814,-0.222249290882716,-0.340894152863402,1.65466800744764
"Sockeye",1966,11,"Late Stuart","WC",11.540483048984,-0.419292141080138,-0.635983146771069,2.10435826447937
"Sockeye",1967,11,"Late Stuart","WC",11.3890583515167,-0.570716838547394,-0.862754945816889,2.31083356285625
"Sockeye",1968,11,"Late Stuart","WC",11.3427294322423,-0.617045757821866,-0.932136576075668,4.19860873243197
"Sockeye",1969,11,"Late Stuart","WC",10.7319210279869,-1.22785416207724,-1.84687586908465,2.06063198811147
"Sockeye",1970,11,"Late Stuart","WC",11.3774076529912,-0.582367537072956,-0.880202891290602,1.54868541794546
"Sockeye",1971,11,"Late Stuart","WC",11.5920849187034,-0.367690271360765,-0.558704809576962,3.77272349683062
"Sockeye",1972,11,"Late Stuart","WC",11.3970979281834,-0.562677261880706,-0.850714972848372,0.768264031754271
"Sockeye",1973,11,"Late Stuart","WC",11.2430403850548,-0.716734805009351,-1.08142968977502,1.13385927122132
"Sockeye",1974,11,"Late Stuart","WC",11.1267367090498,-0.833038481014356,-1.25560467103262,1.24337230676075
"Sockeye",1975,11,"Late Stuart","WC",11.6366580554417,-0.323117134622406,-0.491952618049825,2.71589528195122
"Sockeye",1976,11,"Late Stuart","WC",12.2922778470176,0.332502656953439,0.489895667682096,0.107059072293408
"Sockeye",1977,11,"Late Stuart","WC",11.8755671977997,-0.0842079922644409,-0.134165170379836,2.22567198120053
"Sockeye",1978,11,"Late Stuart","WC",12.0313435622624,0.0715683721982789,0.0991236326284519,1.80806600595716
"Sockeye",1979,11,"Late Stuart","WC",11.8230538708823,-0.136721319181807,-0.212808494871256,-1.53833769052458
"Sockeye",1980,11,"Late Stuart","WC",11.316054889134,-0.643720300930118,-0.972084049840254,3.08648197265423
"Sockeye",1981,11,"Late Stuart","WC",12.8505603585924,0.890785168528321,1.32597281786449,2.09745471038564
"Sockeye",1982,11,"Late Stuart","WC",11.4281222139086,-0.531652976155516,-0.804253377047368,1.29181776385234
"Sockeye",1983,11,"Late Stuart","WC",11.7062017672245,-0.253573422839655,-0.387804794761562,2.07810494090166
"Sockeye",1984,11,"Late Stuart","WC",11.8420831475939,-0.117692042470208,-0.184310479774589,2.48544939064257
"Sockeye",1985,11,"Late Stuart","WC",12.0379387991769,0.0781636091127776,0.109000579819036,2.54722715824912
"Sockeye",1986,11,"Late Stuart","WC",11.8831453323364,-0.0766298577276872,-0.122816247574939,3.34768198442798
"Sockeye",1987,11,"Late Stuart","WC",12.4161183834076,0.456343193343473,0.675357760073201,4.06487039261411
"Sockeye",1988,11,"Late Stuart","WC",12.346659387861,0.386884197796865,0.571336806797557,2.9025343565078
"Sockeye",1989,11,"Late Stuart","WC",11.7161757264818,-0.243599463582277,-0.372867913775589,2.22482203665959
"Sockeye",1990,11,"Late Stuart","WC",13.0729536438664,1.11317845380231,1.65902631733209,0.71835297816734
"Sockeye",1991,11,"Late Stuart","WC",12.8549053668976,0.895130176833467,1.33247984985272,0.348685481287196
"Sockeye",1992,11,"Late Stuart","WC",12.503628219877,0.543853029812854,0.806411434819081,1.73468230005647
"Sockeye",1993,11,"Late Stuart","WC",12.9392278535026,0.979452663438432,1.45876018791686,0.734910973112157
"Sockeye",1994,11,"Late Stuart","WC",11.9836242539542,0.0238490638900929,0.0276597725364777,0.408653658068446
"Sockeye",1995,11,"Late Stuart","WC",12.9424164295197,0.982641239455542,1.46353536087007,1.3568055465345
"Sockeye",1996,11,"Late Stuart","WC",12.9769259861537,1.01715079608962,1.51521645631275,2.74238667391736
"Sockeye",1997,11,"Late Stuart","WC",11.250898872103,-0.708876317961108,-1.06966091443312,-0.744996604292408
"Sockeye",1998,11,"Late Stuart","WC",12.3161041736603,0.356328983596162,0.525577686849359,0.687464774925462
"Sockeye",1999,11,"Late Stuart","WC",11.5436230387007,-0.416152151363465,-0.631280736074892,0.765946919924017
"Sockeye",2000,11,"Late Stuart","WC",11.5614309821539,-0.398344207910209,-0.604611774922935,0.698486296523866
"Sockeye",2001,11,"Late Stuart","WC",12.6575793879373,0.697804197873159,1.03696684572746,0.361944356380495
"Sockeye",2002,11,"Late Stuart","WC",13.1624470778874,1.20267188782328,1.79305060382679,1.2943330474803
"Sockeye",2003,11,"Late Stuart","WC",12.980352810451,1.02057762038685,1.52034842701432,-0.56885283941777
"Sockeye",2004,11,"Late Stuart","WC",12.0542481967381,0.0944730066739904,0.133425336732349,1.22094540321547
"Sockeye",2005,11,"Late Stuart","WC",11.8347712584904,-0.125003931573694,-0.195260676632533,-0.896636540272397
"Sockeye",2006,11,"Late Stuart","WC",10.64023906844,-1.31953612162409,-1.98417766498873,1.8422125658152
"Sockeye",2007,11,"Late Stuart","WC",11.2573212725776,-0.702453917486566,-1.06004280500866,0.459163532046529
"Sockeye",2008,11,"Late Stuart","WC",11.9152426719666,-0.0445325180975572,-0.0747476591989688,0.26192673032734
"Sockeye",2009,11,"Late Stuart","WC",11.8752462182726,-0.084528971791507,-0.134645865444955,1.04437924031466
"Sockeye",2010,11,"Late Stuart","WC",11.8035734721592,-0.156201717904874,-0.241982104846703,1.44945266163921
"Sockeye",2011,11,"Late Stuart","WC",12.2663142340524,0.306539043988268,0.451012874317992,-0.029038335684571
"Sockeye",2012,11,"Late Stuart","WC",12.4263485499791,0.466573359914963,0.690678334040052,-1.0177301780356
"Sockeye",2013,11,"Late Stuart","WC",13.3372294562204,1.37745426615624,2.05480258378134,0.574419149770412
"Sockeye",2014,11,"Late Stuart","WC",13.4115802219936,1.45180503192946,2.16614939309871,1.86531515745293
"Sockeye",2015,11,"Late Stuart","WC",12.4733383655548,0.513563175490684,0.761049714621756,-0.150994333479502
"Sockeye",1973,26,"Nadina","WC",11.243363073894,-0.716412116170159,-1.34872464313603,1.92262633560205
"Sockeye",1974,26,"Nadina","WC",11.1267367090498,-0.833038481014356,-1.52567566291765,2.27776216303243
"Sockeye",1975,26,"Nadina","WC",11.6366580554417,-0.323117134622406,-0.751998952912914,2.90998683511813
"Sockeye",1976,26,"Nadina","WC",12.2922778470176,0.332502656953439,0.242738307940061,2.09189155724473
"Sockeye",1977,26,"Nadina","WC",11.8755671977997,-0.0842079922644409,-0.389514737342367,2.57212389441923
"Sockeye",1978,26,"Nadina","WC",12.0313435622624,0.0715683721982789,-0.153163492181162,3.01861834533762
"Sockeye",1979,26,"Nadina","WC",11.8230538708823,-0.136721319181807,-0.469190432992892,1.56141512957028
"Sockeye",1980,26,"Nadina","WC",11.316054889134,-0.643720300930118,-1.23843319356813,2.59020478046811
"Sockeye",1981,26,"Nadina","WC",12.8496157707619,0.889840580697867,1.08835768483906,1.91084217721775
"Sockeye",1982,26,"Nadina","WC",11.4281222139086,-0.531652976155516,-1.06839936434302,1.56047204765805
"Sockeye",1983,26,"Nadina","WC",11.7059590135302,-0.253816176533928,-0.646852271697381,2.23969505035361
"Sockeye",1984,26,"Nadina","WC",11.8420831475939,-0.117692042470208,-0.440318317118215,1.86825667766947
"Sockeye",1985,26,"Nadina","WC",12.0379387991769,0.0781636091127776,-0.143156887763019,1.80177682044754
"Sockeye",1986,26,"Nadina","WC",11.8831453323364,-0.0766298577276872,-0.378016834307215,2.31845076389975
"Sockeye",1987,26,"Nadina","WC",12.4161183834076,0.456343193343473,0.430635008945822,2.50243835938195
"Sockeye",1988,26,"Nadina","WC",12.346659387861,0.386884197796865,0.325248545847203,2.54874917667319
"Sockeye",1989,26,"Nadina","WC",11.7933160782513,-0.166459111812745,-0.514310014136731,2.00069094309239
"Sockeye",1990,26,"Nadina","WC",13.0729782581329,1.11320306806882,1.42725378242428,1.53057903630558
"Sockeye",1991,26,"Nadina","WC",12.8549053668976,0.895130176833467,1.0963833095053,0.523220410252535
"Sockeye",1992,26,"Nadina","WC",12.503628219877,0.543853029812854,0.563409059006166,3.79468254697926
"Sockeye",1993,26,"Nadina","WC",12.9392278535026,0.979452663438432,1.22432136206488,2.4698187609603
"Sockeye",1994,26,"Nadina","WC",11.9836242539542,0.0238490638900929,-0.225565476755468,2.83588604862265
"Sockeye",1995,26,"Nadina","WC",12.9424164295197,0.982641239455542,1.22915921994232,2.04790655119693
"Sockeye",1996,26,"Nadina","WC",12.9769259861537,1.01715079608962,1.28151874642477,3.41134202444586
"Sockeye",1997,26,"Nadina","WC",11.250898872103,-0.708876317961108,-1.33729097477347,0.194066340406014
"Sockeye",1998,26,"Nadina","WC",12.3161041736603,0.356328983596162,0.27888873415554,0.900329431296041
"Sockeye",1999,26,"Nadina","WC",11.5436230387007,-0.416152151363465,-0.893156066998763,0.817935730294391
"Sockeye",2000,26,"Nadina","WC",11.5603755882808,-0.399399601783302,-0.867738308877672,1.35231292678691
"Sockeye",2001,26,"Nadina","WC",12.6575793879373,0.697804197873159,0.796991030125944,1.68172476760741
"Sockeye",2002,26,"Nadina","WC",13.1624470778874,1.20267188782328,1.5630000942926,1.79078906643478
"Sockeye",2003,26,"Nadina","WC",12.980352810451,1.02057762038685,1.28671808582644,0.792676775906978
"Sockeye",2004,26,"Nadina","WC",12.0542481967381,0.0944730066739904,-0.118411500780103,2.76847805601745
"Sockeye",2005,26,"Nadina","WC",11.8347712584904,-0.125003931573694,-0.451412260028297,0.289533581960527
"Sockeye",2006,26,"Nadina","WC",10.64023906844,-1.31953612162409,-2.26381282206041,2.67192520386391
"Sockeye",2007,26,"Nadina","WC",11.2573212725776,-0.702453917486566,-1.32754660595142,2.43862328133693
"Sockeye",2008,26,"Nadina","WC",11.9152260025737,-0.0445491874905003,-0.329342528790349,2.18689175399429
"Sockeye",2009,26,"Nadina","WC",11.8752462182726,-0.084528971791507,-0.390001742615311,1.80732710115204
"Sockeye",2010,26,"Nadina","WC",11.803585778606,-0.156189411458083,-0.498728340532852,2.92370756548492
"Sockeye",2011,26,"Nadina","WC",12.2663142340524,0.306539043988268,0.203345090141154,2.14050908778807
"Sockeye",2012,26,"Nadina","WC",12.4263485499791,0.466573359914963,0.446156700029817,1.01740749471193
"Sockeye",2013,26,"Nadina","WC",13.3372294562204,1.37745426615624,1.82818815984871,0.370590852553776
"Sockeye",2014,26,"Nadina","WC",13.4115802219936,1.45180503192946,1.94099664738659,2.76450526392053
"Sockeye",2015,26,"Nadina","WC",12.4733383655548,0.513563175490684,0.517451863834175,-0.798732045163977
"Sockeye",1958,23,"North Barriere","WC",11.8678785783274,-0.0918966117367866,-0.1855054662871,2.19722457733622
"Sockeye",1959,23,"North Barriere","WC",12.305883373533,0.346108183468856,0.465493663938711,4.37665509087197
"Sockeye",1963,23,"North Barriere","WC",10.9103071689606,-1.04946802110355,-1.6087276808617,3.27134584599603
"Sockeye",1964,23,"North Barriere","WC",11.7131859234401,-0.246589266624007,-0.41542254684468,3.99422182559602
"Sockeye",1967,23,"North Barriere","WC",11.3890583515167,-0.570716838547394,-0.897167883229095,3.94553672680534
"Sockeye",1968,23,"North Barriere","WC",11.3424044579271,-0.617370732137062,-0.966508777395018,3.26042684301422
"Sockeye",1969,23,"North Barriere","WC",10.7318995850427,-1.22787560502144,-1.87389185994724,3.69001517257786
"Sockeye",1970,23,"North Barriere","WC",11.3774076529912,-0.582367537072956,-0.914484119694275,4.99721227376411
"Sockeye",1971,23,"North Barriere","WC",11.5895406460073,-0.370234544056841,-0.599194434610231,3.9999979703054
"Sockeye",1972,23,"North Barriere","WC",11.3946970632545,-0.565078126809624,-0.888787161198052,3.33797837792798
"Sockeye",1973,23,"North Barriere","WC",11.243363073894,-0.716412116170159,-1.11371231390341,2.58966457428568
"Sockeye",1974,23,"North Barriere","WC",11.1702453563529,-0.789529833711289,-1.22238594269559,2.12482454752765
"Sockeye",1975,23,"North Barriere","WC",11.6460853916386,-0.313689798425466,-0.515152934088341,3.35459876203414
"Sockeye",1976,23,"North Barriere","WC",12.2677633019931,0.307988111928935,0.408836445368801,2.26089356757042
"Sockeye",1977,23,"North Barriere","WC",11.8956855874871,-0.0640896025770579,-0.144176378169091,4.09855026522877
"Sockeye",1978,23,"North Barriere","WC",11.9613350826596,0.00155989259552783,-0.0466026421622706,4.36004772795511
"Sockeye",1979,23,"North Barriere","WC",11.7048797384741,-0.254895451589959,-0.427767889287315,0.836049147851333
"Sockeye",1980,23,"North Barriere","WC",11.3234720540879,-0.636303135976238,-0.994647689496655,2.10464250055337
"Sockeye",1981,23,"North Barriere","WC",12.8505603585924,0.890785168528321,1.27503786849759,1.30810482436109
"Sockeye",1982,23,"North Barriere","WC",11.4343822710634,-0.525392919000667,-0.829803707023008,2.83213672453719
"Sockeye",1983,23,"North Barriere","WC",11.7085616629929,-0.25121352707123,-0.42229550705432,2.71271316976232
"Sockeye",1984,23,"North Barriere","WC",11.8508375527761,-0.108937637288058,-0.210833254780432,2.06575749667938
"Sockeye",1985,23,"North Barriere","WC",12.027338678829,0.0675634887649187,0.0514973881761542,3.89378294978421
"Sockeye",1986,23,"North Barriere","WC",11.8995509866717,-0.06022420339238,-0.13843130063856,2.36615451696259
"Sockeye",1987,23,"North Barriere","WC",12.4142055012162,0.454430311152069,0.626491013003971,2.14450064754585
"Sockeye",1988,23,"North Barriere","WC",12.3217263419826,0.361951151918436,0.489040800394213,1.34404081525297
"Sockeye",1989,23,"North Barriere","WC",11.7330295652409,-0.226745624823129,-0.385929277149267,1.95163240799146
"Sockeye",1990,23,"North Barriere","WC",13.0669277904396,1.10715260037549,1.59662112850635,1.23287081167677
"Sockeye",1991,23,"North Barriere","WC",12.7728445280554,0.813069337991301,1.15953014201112,0.217956408469332
"Sockeye",1992,23,"North Barriere","WC",12.5066997612704,0.546924571206212,0.763963669708236,2.11574408108871
"Sockeye",1993,23,"North Barriere","WC",12.9074369084039,0.947661718339756,1.3595725239689,2.15307901123046
"Sockeye",1994,23,"North Barriere","WC",12.0568582199991,0.0970830299349896,0.0953717837004286,1.38636548234605
"Sockeye",1995,23,"North Barriere","WC",12.9426607284616,0.982885538397399,1.41192509287169,1.82143067984068
"Sockeye",1996,23,"North Barriere","WC",12.8665760932759,0.906800903211855,1.298841784489,-0.108328551893235
"Sockeye",1997,23,"North Barriere","WC",11.2677420800337,-0.692033110030398,-1.07747820878294,0.357519528943912
"Sockeye",1998,23,"North Barriere","WC",12.3161041736603,0.356328983596162,0.480684666562242,0.971838839408
"Sockeye",1999,23,"North Barriere","WC",11.5438651375792,-0.415910052484983,-0.667081171433241,2.56706532227963
"Sockeye",2000,23,"North Barriere","WC",11.5677087489795,-0.392066441084573,-0.631642814472282,2.5364631497341
"Sockeye",2001,23,"North Barriere","WC",12.6575793879373,0.697804197873159,0.988213510815254,1.26638709960918
"Sockeye",2002,23,"North Barriere","WC",13.1618306353193,1.2020554452552,1.73767362416143,2.73696364400575
"Sockeye",2003,23,"North Barriere","WC",12.9570192756718,0.997244085607697,1.43326595910769,0.945975518827895
"Sockeye",2004,23,"North Barriere","WC",12.0537908935721,0.094015703507958,0.0908128682319834,1.57224274998038
"Sockeye",2005,23,"North Barriere","WC",11.2975319066838,-0.662243283380279,-1.03320209251417,-0.0110656135366216
"Sockeye",2006,23,"North Barriere","WC",10.648705830471,-1.31106935959309,-1.99754133241691,1.32428143914347
"Sockeye",2007,23,"North Barriere","WC",11.3617060931192,-0.598069096945001,-0.937821082969052,-0.106649590924956
"Sockeye",2008,23,"North Barriere","WC",11.9152426719666,-0.0445325180975572,-0.115109013781151,3.71019820508965
"Sockeye",2009,23,"North Barriere","WC",11.8750064814561,-0.0847687086080372,-0.174911384240644,2.46024608796605
"Sockeye",2010,23,"North Barriere","WC",11.8046365775019,-0.155138612562179,-0.279500984102701,1.45923342606863
"Sockeye",2011,23,"North Barriere","WC",12.2831744987701,0.323399308705934,0.431741846878971,-0.951473366278156
"Sockeye",2012,23,"North Barriere","WC",12.4263485499791,0.466573359914963,0.644539021312242,1.19063118738836
"Sockeye",2013,23,"North Barriere","WC",13.3372294562204,1.37745426615624,1.99836592958608,-0.88029842356462
"Sockeye",2014,23,"North Barriere","WC",13.4115802219936,1.45180503192946,2.10887221714228,-0.00410919275013313
"Sockeye",2015,23,"North Barriere","WC",12.5304908094187,0.570715619354606,0.799323902795395,-0.490940091478883
"Sockeye",1950,27,"Pitt","WC",11.2297064917428,-0.730068698321308,-1.10784436653595,2.39717117959097
"Sockeye",1951,27,"Pitt","WC",11.7735470363072,-0.186228153756915,-0.284679936863723,1.90397623948432
"Sockeye",1952,27,"Pitt","WC",11.2205209543924,-0.739254235671707,-1.12174772054265,1.19246602177815
"Sockeye",1953,27,"Pitt","WC",10.9192391637967,-1.04053602626746,-1.57777192801513,1.02030884417058
"Sockeye",1954,27,"Pitt","WC",11.8710631643023,-0.088712025761842,-0.137078201966954,1.81356355008729
"Sockeye",1955,27,"Pitt","WC",12.3633258810417,0.403550690977639,0.608017327455786,2.69982947305006
"Sockeye",1956,27,"Pitt","WC",13.1683254870018,1.20855029693763,1.8264756571068,1.84552337439798
"Sockeye",1957,27,"Pitt","WC",11.957033175466,-0.00274201459814449,-0.00695282621887696,1.73930274738926
"Sockeye",1958,27,"Pitt","WC",11.8439383779212,-0.115836812142898,-0.178134646791654,0.909660207280923
"Sockeye",1959,27,"Pitt","WC",12.2999529083386,0.340177718274415,0.51209513582576,2.32742173208554
"Sockeye",1960,27,"Pitt","WC",11.8139330724249,-0.145842117639163,-0.223551084445742,0.977692355964971
"Sockeye",1961,27,"Pitt","WC",12.562772068414,0.602996878349852,0.909901783698471,2.75682580721776
"Sockeye",1962,27,"Pitt","WC",11.2832378349303,-0.676537355133814,-1.02681859891905,1.91027171001769
"Sockeye",1963,27,"Pitt","WC",10.9114249698641,-1.04835022020005,-1.58959959801172,3.2048769509688
"Sockeye",1964,27,"Pitt","WC",11.7133667283865,-0.246408461677574,-0.375769667745571,3.41426562739553
"Sockeye",1965,27,"Pitt","WC",11.7375418458666,-0.222233344197497,-0.339177881804554,2.44320673170557
"Sockeye",1966,27,"Pitt","WC",11.537107705346,-0.4226674847181,-0.642557717341899,1.97935869597291
"Sockeye",1967,27,"Pitt","WC",11.3884554877398,-0.57131970232432,-0.867559731532196,2.55975484635888
"Sockeye",1968,27,"Pitt","WC",11.3424459657261,-0.617329224338069,-0.937200368528606,2.55614254932674
"Sockeye",1969,27,"Pitt","WC",10.7318995850427,-1.22787560502144,-1.86133165713312,1.64931696316146
"Sockeye",1970,27,"Pitt","WC",11.3803605407574,-0.579414649306742,-0.879812353155598,2.8757494137176
"Sockeye",1971,27,"Pitt","WC",11.5867527003843,-0.373022489679841,-0.567414379032171,3.49985988841694
"Sockeye",1972,27,"Pitt","WC",11.3967684401901,-0.563006749874053,-0.854977133873726,2.93036400396111
"Sockeye",1973,27,"Pitt","WC",11.243363073894,-0.716412116170159,-1.0871735784344,1.82302180556479
"Sockeye",1974,27,"Pitt","WC",11.1418079802978,-0.817967209766404,-1.24088874648503,2.73081650074496
"Sockeye",1975,27,"Pitt","WC",11.6396657679667,-0.320109422097401,-0.487324441762791,1.38308468717997
"Sockeye",1976,27,"Pitt","WC",12.291291204006,0.33151601394188,0.498984662584763,1.69041313669461
"Sockeye",1977,27,"Pitt","WC",11.8779183012014,-0.0818568888627888,-0.126702173713389,1.48958168534333
"Sockeye",1978,27,"Pitt","WC",12.0299798954053,0.0702047053412247,0.103460319169993,0.907410386613976
"Sockeye",1979,27,"Pitt","WC",11.8154395478354,-0.14433564222875,-0.221270862817504,0.644159538101751
"Sockeye",1980,27,"Pitt","WC",11.316054889134,-0.643720300930118,-0.977146260258196,0.609857812615933
"Sockeye",1981,27,"Pitt","WC",12.6445947062047,0.684819516140652,1.03374963881801,1.1077675544922
"Sockeye",1982,27,"Pitt","WC",11.4281222139086,-0.531652976155516,-0.807519636415966,1.27770882968481
"Sockeye",1983,27,"Pitt","WC",11.7059590135302,-0.253816176533928,-0.386982085495317,1.81614674433153
"Sockeye",1984,27,"Pitt","WC",11.8428511685452,-0.116924021518926,-0.179780261659647,2.16057264662045
"Sockeye",1985,27,"Pitt","WC",12.0379387991769,0.0781636091127776,0.115507023942941,2.39638830818518
"Sockeye",1986,27,"Pitt","WC",11.8831853043159,-0.0765898857481563,-0.118729966311289,1.17889876995842
"Sockeye",1987,27,"Pitt","WC",12.4157167970424,0.455941606978294,0.687316929003934,1.4021182563067
"Sockeye",1988,27,"Pitt","WC",12.3444094261639,0.384634236099806,0.579385124604112,1.18918407646827
"Sockeye",1989,27,"Pitt","WC",11.7161757264818,-0.243599463582277,-0.371517930102661,0.611994403151247
"Sockeye",1990,27,"Pitt","WC",13.0729782581329,1.11320306806882,1.68215679736549,0.412233602788477
"Sockeye",1991,27,"Pitt","WC",12.8549053668976,0.895130176833467,1.35207870933969,1.13733029533828
"Sockeye",1992,27,"Pitt","WC",12.503628219877,0.543853029812854,0.820380851807352,3.12658353055331
"Sockeye",1993,27,"Pitt","WC",12.9353106100996,0.975535420035453,1.47378117677164,2.20107638939169
"Sockeye",1994,27,"Pitt","WC",11.9938709713254,0.0340957812612646,0.0488053615846476,2.08472779689995
"Sockeye",1995,27,"Pitt","WC",12.9424164295197,0.982641239455542,1.4845366414915,2.81129230496464
"Sockeye",1996,27,"Pitt","WC",12.9769259861537,1.01715079608962,1.53677077480292,1.94734572929593
"Sockeye",1997,27,"Pitt","WC",11.250898872103,-0.708876317961108,-1.07576729198357,1.7198993818084
"Sockeye",1998,27,"Pitt","WC",12.3060277100761,0.346252520011974,0.521290038187581,0.983360186940052
"Sockeye",1999,27,"Pitt","WC",11.5436230387007,-0.416152151363465,-0.632696020345239,1.99681106371005
"Sockeye",2000,27,"Pitt","WC",11.5603755882808,-0.399399601783302,-0.607339133922296,1.78998188250665
"Sockeye",2001,27,"Pitt","WC",12.6595133940462,0.699738203982052,1.05633076722259,-0.308447281149012
"Sockeye",2002,27,"Pitt","WC",13.1624470778874,1.20267188782328,1.81757801728505,0.569328798773076
"Sockeye",2003,27,"Pitt","WC",12.9743193396715,1.01454414960736,1.53282531930798,-1.05136017362599
"Sockeye",2004,27,"Pitt","WC",12.0572540539718,0.0974788639077225,0.144742855761972,0.170157061575531
"Sockeye",2005,27,"Pitt","WC",11.8364399917909,-0.123335198273179,-0.189484305812276,-1.37482398448389
"Sockeye",2006,27,"Pitt","WC",10.644747406869,-1.31502778319507,-1.99324637691271,1.15040621668053
"Sockeye",2007,27,"Pitt","WC",11.2591661981318,-0.700608991932343,-1.06325375509596,1.41013628744895
"Sockeye",2008,27,"Pitt","WC",11.9152426719666,-0.0445325180975572,-0.0702074995282448,2.53643358627629
"Sockeye",2009,27,"Pitt","WC",11.8760330758387,-0.0837421142253945,-0.129555676409948,1.14685123648128
"Sockeye",2010,27,"Pitt","WC",11.8075282138049,-0.15224697625915,-0.23324556538459,1.70154463931049
"Sockeye",2011,27,"Pitt","WC",12.268233734894,0.308458544829837,0.464084564383179,1.1731128504245
"Sockeye",2012,27,"Pitt","WC",12.4263836003783,0.466608410314195,0.703462347311162,0.305593856266732
"Sockeye",2013,27,"Pitt","WC",13.3372548579169,1.37747966785278,2.08216944576251,-0.135512877300092
"Sockeye",2014,27,"Pitt","WC",13.4115802219936,1.45180503192946,2.19466932562963,-0.875843105611844
"Sockeye",2015,27,"Pitt","WC",12.4830641331887,0.523288943124571,0.789254771084463,-1.09252079264888
"Sockeye",1951,21,"Portage","WC",11.7735470363072,-0.186228153756915,-0.295778318673198,2.78911802419099
"Sockeye",1953,21,"Portage","WC",10.8908667564392,-1.06890843362491,-1.65704084630111,2.79829707894999
"Sockeye",1954,21,"Portage","WC",11.8816096995985,-0.0781654904656324,-0.129124936322689,3.10829639333458
"Sockeye",1955,21,"Portage","WC",12.3478749820164,0.388099791952307,0.589945684564308,5.39180770963538
"Sockeye",1957,21,"Portage","WC",11.9623036384583,0.00252844839413927,-0.00467938374624225,0.854415328156068
"Sockeye",1958,21,"Portage","WC",11.8328381947109,-0.126936995353238,-0.204339964384093,2.23311141165812
"Sockeye",1959,21,"Portage","WC",12.305883373533,0.346108183468856,0.525186558970279,2.96826045288979
"Sockeye",1961,21,"Portage","WC",12.5906221185412,0.630846928477051,0.964308393437253,5.42458284288576
"Sockeye",1962,21,"Portage","WC",11.2862903390612,-0.673484851002923,-1.04722173303828,2.43449487433119
"Sockeye",1963,21,"Portage","WC",10.9103071689606,-1.04946802110355,-1.62705999628041,3.95819838690345
"Sockeye",1964,21,"Portage","WC",11.7136152746367,-0.246159915427386,-0.38820460624013,4.82671245593533
"Sockeye",1965,21,"Portage","WC",11.7375418458666,-0.222233344197497,-0.351305237836047,1.77146436075084
"Sockeye",1966,21,"Portage","WC",11.540483048984,-0.419292141080138,-0.655207751638549,0.723502113152259
"Sockeye",1967,21,"Portage","WC",11.3890583515167,-0.570716838547394,-0.888733719218108,0.770743047513726
"Sockeye",1968,21,"Portage","WC",11.3427294322423,-0.617045757821866,-0.960181811117554,3.04070563919672
"Sockeye",1969,21,"Portage","WC",10.7318995850427,-1.22787560502144,-1.90219875735976,4.25464446667021
"Sockeye",1970,21,"Portage","WC",11.3774076529912,-0.582367537072956,-0.906701334089836,3.30127630749891
"Sockeye",1971,21,"Portage","WC",11.5901288889254,-0.369646301138746,-0.578644330990999,4.75708795998905
"Sockeye",1972,21,"Portage","WC",11.3970979281834,-0.562677261880706,-0.876335147839589,5.04952889985726
"Sockeye",1973,21,"Portage","WC",11.243363073894,-0.716412116170159,-1.11342382094993,3.99046399355631
"Sockeye",1974,21,"Portage","WC",11.1267367090498,-0.833038481014356,-1.29328407592199,2.17457807248467
"Sockeye",1975,21,"Portage","WC",11.6373655737847,-0.322409616279437,-0.505796290205538,2.26783749968496
"Sockeye",1976,21,"Portage","WC",12.2716893762064,0.311914186142279,0.47245284746441,2.31052164258978
"Sockeye",1977,21,"Portage","WC",11.8755671977997,-0.0842079922644409,-0.138443634677514,2.32174774906709
"Sockeye",1978,21,"Portage","WC",12.0199592286432,0.0601840385790511,0.0842366102065506,3.33928976456263
"Sockeye",1979,21,"Portage","WC",11.8201384246766,-0.139636765387488,-0.22392544901699,3.25988208318197
"Sockeye",1980,21,"Portage","WC",11.3253435111986,-0.634431678865503,-0.986994240674199,2.50749105675847
"Sockeye",1981,21,"Portage","WC",12.608868491864,0.64909330179994,0.992447805675252,1.91703223999574
"Sockeye",1982,21,"Portage","WC",11.4286318394795,-0.531143350584603,-0.82770379991444,2.88929169071332
"Sockeye",1983,21,"Portage","WC",11.7062067902076,-0.253568399856474,-0.399629912174619,2.0294768236612
"Sockeye",1984,21,"Portage","WC",11.843911366076,-0.115863823988112,-0.187263007319183,3.98407177675089
"Sockeye",1985,21,"Portage","WC",12.0339311819433,0.0741559918791758,0.105784045783192,3.29274567343466
"Sockeye",1986,21,"Portage","WC",11.8831453323364,-0.0766298577276872,-0.126756695692371,2.44436740049104
"Sockeye",1987,21,"Portage","WC",12.4151499414134,0.455374751349224,0.693696593430662,2.81781946507833
"Sockeye",1988,21,"Portage","WC",12.3464202965977,0.386645106533543,0.58770228024769,3.29242970768271
"Sockeye",1989,21,"Portage","WC",11.7404119999024,-0.219363190161714,-0.346878909043456,3.67232819612931
"Sockeye",1990,21,"Portage","WC",13.0729782581329,1.11320306806882,1.70819420665122,1.80122139670918
"Sockeye",1991,21,"Portage","WC",12.8535348311783,0.893759641114174,1.36977029387015,0.778975054414083
"Sockeye",1992,21,"Portage","WC",12.503628219877,0.543853029812854,0.830147092811457,2.52054834111393
"Sockeye",1993,21,"Portage","WC",12.9332560822575,0.973480892193356,1.49271577506515,2.87888861748046
"Sockeye",1994,21,"Portage","WC",11.9836242539542,0.0238490638900929,0.0282011003911683,3.4910396522019
"Sockeye",1995,21,"Portage","WC",12.9445264073502,0.984751217286093,1.51009678104528,2.2381793098242
"Sockeye",1996,21,"Portage","WC",12.9551788146459,0.995403624581774,1.52652483909911,3.89552610772735
"Sockeye",1997,21,"Portage","WC",11.2590613648352,-0.700713825228868,-1.08921404115359,2.10509367371623
"Sockeye",1998,21,"Portage","WC",12.3004431702041,0.340667980139937,0.516796720539266,0.419044961270866
"Sockeye",1999,21,"Portage","WC",11.5438352598069,-0.415939930257305,-0.650037998691861,1.4739668951584
"Sockeye",2000,21,"Portage","WC",11.5603755882808,-0.399399601783302,-0.62452963529024,2.95069437527766
"Sockeye",2001,21,"Portage","WC",12.6575793879373,0.697804197873159,1.06756936330376,2.3079730370628
"Sockeye",2002,21,"Portage","WC",13.1624470778874,1.20267188782328,1.84617231095537,1.79560574776214
"Sockeye",2003,21,"Portage","WC",12.9136946088882,0.953919418824025,1.46254822596476,0.49401317383661
"Sockeye",2004,21,"Portage","WC",12.0542481967381,0.0944730066739904,0.137116784878234,1.98938744730469
"Sockeye",2005,21,"Portage","WC",11.8286406155884,-0.13113457447565,-0.210813437618306,-1.18214127456083
"Sockeye",2006,21,"Portage","WC",10.6423630440585,-1.31741214600555,-2.04028130080722,2.75605733144611
"Sockeye",2007,21,"Portage","WC",11.2573212725776,-0.702453917486566,-1.09189759763383,1.20538523393928
"Sockeye",2008,21,"Portage","WC",11.9016194257302,-0.0581557643339244,-0.0982660953669753,1.98373445772265
"Sockeye",2009,21,"Portage","WC",11.8752462182726,-0.084528971791507,-0.138938646758667,2.72961729708338
"Sockeye",2010,21,"Portage","WC",11.8035900031413,-0.156185186922752,-0.249446293473507,1.14591684030554
"Sockeye",2011,21,"Portage","WC",12.2663142340524,0.306539043988268,0.464163345861381,-1.8672670217362
"Sockeye",2012,21,"Portage","WC",12.4263485499791,0.466573359914963,0.710966998751594,2.82412237235496
"Sockeye",2013,21,"Portage","WC",13.3372294562204,1.37745426615624,2.11572030873088,-0.557584845238647
"Sockeye",2014,21,"Portage","WC",13.4115802219936,1.45180503192946,2.23038347007698,2.02029271733928
"Sockeye",2015,21,"Portage","WC",12.4733383655548,0.513563175490684,0.783434319685672,1.03798766685167
"Sockeye",1950,15,"Quesnel","WC",11.2297064917428,-0.730068698321308,-1.10250222227506,2.04866988301308
"Sockeye",1951,15,"Quesnel","WC",11.7735470363072,-0.186228153756915,-0.286185331703512,3.82622301562481
"Sockeye",1952,15,"Quesnel","WC",11.2220627239772,-0.737712466086892,-1.11397568963055,2.39967621716937
"Sockeye",1953,15,"Quesnel","WC",10.8908667564392,-1.06890843362491,-1.6111082868462,2.5517843433008
"Sockeye",1954,15,"Quesnel","WC",11.8710631643023,-0.088712025761842,-0.139811430049533,4.29364445555047
"Sockeye",1955,15,"Quesnel","WC",12.3478749820164,0.388099791952307,0.575893833771774,1.79175946922805
"Sockeye",1956,15,"Quesnel","WC",13.2306014469692,1.27082625690504,1.90088611376554,3.36906261489836
"Sockeye",1957,15,"Quesnel","WC",11.9641015770204,0.00432638695622082,-0.000158679748329709,2.01805244323835
"Sockeye",1958,15,"Quesnel","WC",11.8328381947109,-0.126936995353238,-0.197187969240876,0.989069440897182
"Sockeye",1959,15,"Quesnel","WC",12.305883373533,0.346108183468856,0.512863484876464,1.73864964391411
"Sockeye",1960,15,"Quesnel","WC",11.8123912811279,-0.147383908936194,-0.227879246462939,2.4842289134015
"Sockeye",1961,15,"Quesnel","WC",12.5905243638204,0.630749173756252,0.940116014028603,2.87508890103165
"Sockeye",1962,15,"Quesnel","WC",11.2862903390612,-0.673484851002923,-1.01756859464986,2.5552531394671
"Sockeye",1963,15,"Quesnel","WC",10.9103071689606,-1.04946802110355,-1.58192779035789,3.17387845893747
"Sockeye",1964,15,"Quesnel","WC",11.7131859234401,-0.246589266624007,-0.376788719883351,2.87274705071032
"Sockeye",1965,15,"Quesnel","WC",11.7375320353131,-0.222243154751022,-0.340244658319164,2.76118783655276
"Sockeye",1966,15,"Quesnel","WC",11.540483048984,-0.419292141080138,-0.636019619230365,1.97060276164568
"Sockeye",1967,15,"Quesnel","WC",11.3890583515167,-0.570716838547394,-0.863311496284543,4.29558327814826
"Sockeye",1968,15,"Quesnel","WC",11.3427294322423,-0.617045757821866,-0.932852246240893,0.250980705601353
"Sockeye",1969,15,"Quesnel","WC",10.7319252715599,-1.2278499185042,-1.84968303088889,3.06481865598244
"Sockeye",1970,15,"Quesnel","WC",11.3774076529912,-0.582367537072956,-0.880799456842893,3.95929016456222
"Sockeye",1971,15,"Quesnel","WC",11.5920849187034,-0.367690271360765,-0.558564052046169,3.84347646289304
"Sockeye",1972,15,"Quesnel","WC",11.3970979281834,-0.562677261880706,-0.851243910865146,2.93408811044278
"Sockeye",1973,15,"Quesnel","WC",11.2433977499294,-0.716377440134709,-1.08195133576503,3.03419262949958
"Sockeye",1974,15,"Quesnel","WC",11.1288569982996,-0.830918191764595,-1.25387958044772,2.4842621952964
"Sockeye",1975,15,"Quesnel","WC",11.6366580554417,-0.323117134622406,-0.491658771171199,2.87705598192039
"Sockeye",1976,15,"Quesnel","WC",12.2922778470176,0.332502656953439,0.49244128353333,1.77487125119953
"Sockeye",1977,15,"Quesnel","WC",11.8757784997991,-0.0839966902650096,-0.13273360540176,3.18356437788135
"Sockeye",1978,15,"Quesnel","WC",12.0313054457698,0.0715302557056818,0.100715838932288,3.8118557975546
"Sockeye",1979,15,"Quesnel","WC",11.8230538708823,-0.136721319181807,-0.211874459396699,3.22907572936769
"Sockeye",1980,15,"Quesnel","WC",11.316054889134,-0.643720300930118,-0.972891335465081,3.21724183757655
"Sockeye",1981,15,"Quesnel","WC",12.8505603585924,0.890785168528321,1.33043589144606,3.38276661380308
"Sockeye",1982,15,"Quesnel","WC",11.4282002323856,-0.531574957678531,-0.804558652640668,3.3215155786806
"Sockeye",1983,15,"Quesnel","WC",11.7059590135302,-0.253816176533928,-0.387636474220668,3.60563642747815
"Sockeye",1984,15,"Quesnel","WC",11.8420831475939,-0.117692042470208,-0.183311087006948,2.5351936909461
"Sockeye",1985,15,"Quesnel","WC",12.0372932660229,0.077518075958805,0.109703691822598,2.89635659620478
"Sockeye",1986,15,"Quesnel","WC",11.8831453323364,-0.0766298577276872,-0.121675824053286,3.28538935447296
"Sockeye",1987,15,"Quesnel","WC",12.4161183834076,0.456343193343473,0.678328714330898,2.75454109434052
"Sockeye",1988,15,"Quesnel","WC",12.346659387861,0.386884197796865,0.57406919960081,1.83965791963542
"Sockeye",1989,15,"Quesnel","WC",11.7175074831078,-0.24226770695632,-0.370301961612742,2.42617691638404
"Sockeye",1990,15,"Quesnel","WC",13.0729782581329,1.11320306806882,1.66429016173733,2.53903660839807
"Sockeye",1991,15,"Quesnel","WC",12.8542500987947,0.894474908730541,1.33597427448682,1.80513779562426
"Sockeye",1992,15,"Quesnel","WC",12.503628219877,0.543853029812854,0.809682947322718,2.26081879195565
"Sockeye",1993,15,"Quesnel","WC",12.9385782050114,0.978803014947248,1.46255265879935,1.51404732338649
"Sockeye",1994,15,"Quesnel","WC",11.983806173925,0.0240309838609441,0.0294183634419926,1.93920462820758
"Sockeye",1995,15,"Quesnel","WC",12.9424164295197,0.982641239455542,1.46831392012354,0.358787934999326
"Sockeye",1996,15,"Quesnel","WC",12.916498859821,0.956723669756937,1.42941106501464,1.42925964396929
"Sockeye",1997,15,"Quesnel","WC",11.2546377734221,-0.705137416642002,-1.06507980766874,1.64593903315171
"Sockeye",1998,15,"Quesnel","WC",12.3161041736603,0.356328983596162,0.528205135774815,2.18237444532387
"Sockeye",1999,15,"Quesnel","WC",11.5436230387007,-0.416152151363465,-0.63130642403453,2.02578879136139
"Sockeye",2000,15,"Quesnel","WC",11.5603755882808,-0.399399601783302,-0.606160470281894,0.370145680844481
"Sockeye",2001,15,"Quesnel","WC",12.6566870239896,0.696911833925472,1.03942765520927,0.754458675853085
"Sockeye",2002,15,"Quesnel","WC",13.1623227931071,1.20254760304296,1.79839831845461,-0.717882267039119
"Sockeye",2003,15,"Quesnel","WC",12.9748943829688,1.01511919290465,1.5170640588116,-0.0298470348245628
"Sockeye",2004,15,"Quesnel","WC",12.0662120531106,0.106436863046492,0.153111441742072,0.649754251897387
"Sockeye",2005,15,"Quesnel","WC",11.8184764797138,-0.141298710350308,-0.218745226504718,-1.30477908627156
"Sockeye",2006,15,"Quesnel","WC",10.6406715465237,-1.31910364354042,-1.98665692483478,1.97072333556609
"Sockeye",2007,15,"Quesnel","WC",11.2574553197509,-0.702319870313291,-1.0608506072513,0.784388065681662
"Sockeye",2008,15,"Quesnel","WC",11.9136206229198,-0.0461545671443264,-0.0759317273747272,1.11876107891008
"Sockeye",2009,15,"Quesnel","WC",11.8752634220206,-0.0845117680435327,-0.133506748733512,1.34744588633245
"Sockeye",2010,15,"Quesnel","WC",11.8036052753842,-0.156169914679886,-0.241067238717138,2.95730558921716
"Sockeye",2011,15,"Quesnel","WC",12.2663142340524,0.306539043988268,0.453469316445609,0.858137074548324
"Sockeye",2012,15,"Quesnel","WC",12.4263485499791,0.466573359914963,0.693684424472658,3.30533722246819
"Sockeye",2013,15,"Quesnel","WC",13.3372294562204,1.37745426615624,2.06093715414815,0.471474907604019
"Sockeye",2014,15,"Quesnel","WC",13.4114796005486,1.45170441048451,2.17238829097188,1.61798811594298
"Sockeye",2015,15,"Quesnel","WC",12.4757302327351,0.515955042671001,0.767807441083874,-1.4013593066863
"Sockeye",1950,14,"Raft","WC",11.2297064917428,-0.730068698321308,-1.11262759558885,3.1681808743486
"Sockeye",1951,14,"Raft","WC",11.7735470363072,-0.186228153756915,-0.292152466858696,2.65081484508427
"Sockeye",1952,14,"Raft","WC",11.2220627239772,-0.737712466086892,-1.12415950766149,2.30301502401628
"Sockeye",1953,14,"Raft","WC",10.8908667564392,-1.06890843362491,-1.62382444955787,2.18866956886415
"Sockeye",1954,14,"Raft","WC",11.8710631643023,-0.088712025761842,-0.1450329509092,2.24426536145601
"Sockeye",1955,14,"Raft","WC",12.3501794462024,0.390404256138265,0.57779471796858,3.03657354499688
"Sockeye",1956,14,"Raft","WC",13.1476059824182,1.187830792354,1.78084705839035,1.65639666696497
"Sockeye",1957,14,"Raft","WC",11.9623036384583,0.00252844839413927,-0.00738131657125058,1.84708054945271
"Sockeye",1958,14,"Raft","WC",11.8331856763701,-0.12658951369399,-0.202177525909573,1.31151377986553
"Sockeye",1959,14,"Raft","WC",12.3052564249952,0.345481234931033,0.510020768460139,1.50704614233002
"Sockeye",1960,14,"Raft","WC",11.8179015301537,-0.141873659910374,-0.225236236702207,2.01833112248687
"Sockeye",1961,14,"Raft","WC",12.5906221185412,0.630846928477051,0.940543017099907,2.08823652786776
"Sockeye",1962,14,"Raft","WC",11.2862903390612,-0.673484851002923,-1.02726132439665,2.26814113499343
"Sockeye",1963,14,"Raft","WC",10.9466195013421,-1.01315568872208,-1.53971203644632,1.29345976288092
"Sockeye",1964,14,"Raft","WC",11.7132519069751,-0.246523283088987,-0.383117832525131,2.9055925000812
"Sockeye",1965,14,"Raft","WC",11.7375418458666,-0.222233344197497,-0.346472365507209,2.04484854547149
"Sockeye",1966,14,"Raft","WC",11.540483048984,-0.419292141080138,-0.643768775926919,2.17807939828967
"Sockeye",1967,14,"Raft","WC",11.3890583515167,-0.570716838547394,-0.872218455505123,3.29500888003279
"Sockeye",1968,14,"Raft","WC",11.3427294322423,-0.617045757821866,-0.942113439219693,3.42735492380169
"Sockeye",1969,14,"Raft","WC",10.7318995850427,-1.22787560502144,-1.86365322238301,1.71851676842071
"Sockeye",1970,14,"Raft","WC",11.3774076529912,-0.582367537072956,-0.88979549801896,1.99506719767437
"Sockeye",1971,14,"Raft","WC",11.5819577730102,-0.377817417053978,-0.581197163945197,4.0151298624277
"Sockeye",1972,14,"Raft","WC",11.3970979281834,-0.562677261880706,-0.860089398989448,2.55172028778375
"Sockeye",1973,14,"Raft","WC",11.243363073894,-0.716412116170159,-1.09202433952332,1.94015810933581
"Sockeye",1974,14,"Raft","WC",11.1267367090498,-0.833038481014356,-1.26797486889313,2.11195323906646
"Sockeye",1975,14,"Raft","WC",11.6639918168534,-0.295783373210667,-0.457434981527359,1.57446982627399
"Sockeye",1976,14,"Raft","WC",12.2922778470176,0.332502656953439,0.490440395971673,1.61174912282834
"Sockeye",1977,14,"Raft","WC",11.8985296215526,-0.0612455685115068,-0.103595170527672,3.55679002280631
"Sockeye",1978,14,"Raft","WC",12.0308436136752,0.0710684236111174,0.0960227888257739,2.63618116251936
"Sockeye",1979,14,"Raft","WC",11.8230538708823,-0.136721319181807,-0.217463062258365,1.47825379372689
"Sockeye",1980,14,"Raft","WC",11.316054889134,-0.643720300930118,-0.982356483636492,3.22514020926891
"Sockeye",1981,14,"Raft","WC",12.8505603585924,0.890785168528321,1.33270366620852,3.3210389265494
"Sockeye",1982,14,"Raft","WC",11.4301857232957,-0.529589466768406,-0.810170882936353,0.899848401570242
"Sockeye",1983,14,"Raft","WC",11.7427059677713,-0.217069222292838,-0.338681417173453,1.12355935248222
"Sockeye",1984,14,"Raft","WC",11.8421164401,-0.117658749964149,-0.18870396349475,1.94923036068263
"Sockeye",1985,14,"Raft","WC",12.0343532456763,0.0745780556121712,0.101317660266752,0.858017661410611
"Sockeye",1986,14,"Raft","WC",11.8831453323364,-0.0766298577276872,-0.126804963915139,1.02597521901204
"Sockeye",1987,14,"Raft","WC",12.4161183834076,0.456343193343473,0.677274719105875,1.66459647944186
"Sockeye",1988,14,"Raft","WC",12.3416889511525,0.38191376108836,0.564985375067099,1.70171219815058
"Sockeye",1989,14,"Raft","WC",11.7161757264818,-0.243599463582277,-0.378706757973723,2.50267576769682
"Sockeye",1990,14,"Raft","WC",13.0729782581329,1.11320306806882,1.66825855740104,1.82046957511049
"Sockeye",1991,14,"Raft","WC",12.8549053668976,0.895130176833467,1.3392588436114,1.71092730860438
"Sockeye",1992,14,"Raft","WC",12.5036799545683,0.54390476450412,0.809376108176436,2.79612699606531
"Sockeye",1993,14,"Raft","WC",12.9261159641225,0.966340774058356,1.44669203245509,2.43809986166723
"Sockeye",1994,14,"Raft","WC",12.0169287447393,0.0571535546752231,0.0750298636098253,3.5720646995221
"Sockeye",1995,14,"Raft","WC",12.9424164295197,0.982641239455542,1.47128403203804,3.68851281799617
"Sockeye",1996,14,"Raft","WC",12.9767442310815,1.01696904101747,1.52307330683016,1.66126798803635
"Sockeye",1997,14,"Raft","WC",11.250898872103,-0.708876317961108,-1.08065531772556,3.07536542091405
"Sockeye",1998,14,"Raft","WC",12.3161041736603,0.356328983596162,0.526386425767986,1.51059570038867
"Sockeye",1999,14,"Raft","WC",11.5436230387007,-0.416152151363465,-0.639031572177128,2.86083629538415
"Sockeye",2000,14,"Raft","WC",11.5603755882808,-0.399399601783302,-0.613757527402934,1.42809318068986
"Sockeye",2001,14,"Raft","WC",12.6462890649562,0.686513874892052,1.02452598873077,1.79741169200753
"Sockeye",2002,14,"Raft","WC",13.1624470778874,1.20267188782328,1.80323735245239,1.62883906078853
"Sockeye",2003,14,"Raft","WC",12.982630331672,1.02285514160788,1.53195348170479,0.549928349779733
"Sockeye",2004,14,"Raft","WC",12.1085615991677,0.148786409103572,0.213273469726451,2.75961575599851
"Sockeye",2005,14,"Raft","WC",11.8395503670105,-0.120224823053619,-0.192575317275664,-0.623765394317027
"Sockeye",2006,14,"Raft","WC",10.6739684968344,-1.28580669322967,-1.95105203354225,1.61569372523626
"Sockeye",2007,14,"Raft","WC",11.2573212725776,-0.702453917486566,-1.0709660440795,0.284234917596528
"Sockeye",2008,14,"Raft","WC",11.9152426719666,-0.0445325180975572,-0.0783807169035078,1.65165590009786
"Sockeye",2009,14,"Raft","WC",11.8752462182726,-0.084528971791507,-0.138722108918659,1.76036147602125
"Sockeye",2010,14,"Raft","WC",11.8035734721592,-0.156201717904874,-0.246852527258304,2.90326442972109
"Sockeye",2011,14,"Raft","WC",12.2663142340524,0.306539043988268,0.451269909506818,1.65958156203461
"Sockeye",2012,14,"Raft","WC",12.4263485499791,0.466573359914963,0.692708649728678,2.50959926237837
"Sockeye",2013,14,"Raft","WC",13.3372294562204,1.37745426615624,2.0669260306795,-0.532431977406996
"Sockeye",2014,14,"Raft","WC",13.4115802219936,1.45180503192946,2.17909669307068,0.247034938579583
"Sockeye",2015,14,"Raft","WC",12.4733383655548,0.513563175490684,0.763600706911316,-1.69659402667418
"Sockeye",1952,24,"Scotch","WC",11.2220627239772,-0.737712466086892,-1.20046427413959,1.25276296849537
"Sockeye",1953,24,"Scotch","WC",10.8908667564392,-1.06890843362491,-1.67313289307351,2.49964788920655
"Sockeye",1956,24,"Scotch","WC",12.9734780467144,1.0137028566502,1.29908023400066,4.77912349311153
"Sockeye",1957,24,"Scotch","WC",11.9623036384583,0.00252844839413927,-0.144024326132165,0.0057542287832521
"Sockeye",1961,24,"Scotch","WC",12.5727742065923,0.61299901652815,0.72721297329717,3.32308313346542
"Sockeye",1965,24,"Scotch","WC",11.7375418458666,-0.222233344197497,-0.464794675128658,3.0639440592921
"Sockeye",1966,24,"Scotch","WC",11.540483048984,-0.419292141080138,-0.746028501928212,2.52776047704248
"Sockeye",1969,24,"Scotch","WC",10.7318995850427,-1.22787560502144,-1.9000039927381,3.25109233325663
"Sockeye",1970,24,"Scotch","WC",11.3774076529912,-0.582367537072956,-0.978762682778948,2.75661677667373
"Sockeye",1973,24,"Scotch","WC",11.243363073894,-0.716412116170159,-1.17006533222978,2.97160676243731
"Sockeye",1974,24,"Scotch","WC",11.1267367090498,-0.833038481014356,-1.33650945657094,3.3601228299995
"Sockeye",1976,24,"Scotch","WC",12.2922778470176,0.332502656953439,0.326900651013379,2.63547950826737
"Sockeye",1977,24,"Scotch","WC",11.8755671977997,-0.0842079922644409,-0.267810838154323,2.45048787735174
"Sockeye",1978,24,"Scotch","WC",12.0313435622624,0.0715683721982789,-0.0454935207048323,2.87446011490147
"Sockeye",1980,24,"Scotch","WC",11.316054889134,-0.643720300930118,-1.06632270464671,3.20719496525545
"Sockeye",1981,24,"Scotch","WC",12.8505603585924,0.890785168528321,1.12365740407007,1.3038135401551
"Sockeye",1982,24,"Scotch","WC",11.4281982662092,-0.531576923854918,-0.906276507349227,3.76307235639864
"Sockeye",1983,24,"Scotch","WC",11.7059590135302,-0.253816176533928,-0.509868333040175,2.98515016422345
"Sockeye",1984,24,"Scotch","WC",11.8420831475939,-0.117692042470208,-0.315597832315891,2.2931063490395
"Sockeye",1985,24,"Scotch","WC",12.0379387991769,0.0781636091127776,-0.0360810826637192,3.42260085338163
"Sockeye",1986,24,"Scotch","WC",11.8831453323364,-0.0766298577276872,-0.256995650964064,3.12459140430493
"Sockeye",1987,24,"Scotch","WC",12.4161183834076,0.456343193343473,0.50364053024151,3.27786763250777
"Sockeye",1988,24,"Scotch","WC",12.346659387861,0.386884197796865,0.404511643674424,1.52431083975177
"Sockeye",1989,24,"Scotch","WC",11.7161757264818,-0.243599463582277,-0.49528748039031,1.44895357163411
"Sockeye",1990,24,"Scotch","WC",13.0728934504763,1.11311826041224,1.44096161603038,2.21825161649623
"Sockeye",1991,24,"Scotch","WC",12.8545638702156,0.89478868015142,1.12937104341128,1.73440664280511
"Sockeye",1992,24,"Scotch","WC",12.503628219877,0.543853029812854,0.628530799451589,0.572019206649418
"Sockeye",1993,24,"Scotch","WC",12.9392278535026,0.979452663438432,1.25019983354177,1.29394083708904
"Sockeye",1994,24,"Scotch","WC",11.9836242539542,0.0238490638900929,-0.113596462060612,1.93230837996903
"Sockeye",1995,24,"Scotch","WC",12.9424164295197,0.982641239455542,1.25475043188866,0.596145430011131
"Sockeye",1996,24,"Scotch","WC",12.9769259861537,1.01715079608962,1.30400098465204,0.631898781468472
"Sockeye",1997,24,"Scotch","WC",11.250898872103,-0.708876317961108,-1.15931056562282,0.465133130354906
"Sockeye",1998,24,"Scotch","WC",12.3161041736603,0.356328983596162,0.360904558102591,2.43298677699856
"Sockeye",1999,24,"Scotch","WC",11.5436230387007,-0.416152151363465,-0.741547243856506,2.56423054536211
"Sockeye",2000,24,"Scotch","WC",11.5603755882808,-0.399399601783302,-0.71763872669508,3.16945266594258
"Sockeye",2001,24,"Scotch","WC",12.6575793879373,0.697804197873159,0.84824327521407,2.54494403804478
"Sockeye",2002,24,"Scotch","WC",13.1616015314563,1.20182634139222,1.56756196819279,2.62185527394348
"Sockeye",2003,24,"Scotch","WC",12.980352810451,1.02057762038685,1.30889160068201,-0.387659296080744
"Sockeye",2004,24,"Scotch","WC",12.0542481967381,0.0944730066739904,-0.0128050129754075,2.20388955971191
"Sockeye",2005,24,"Scotch","WC",11.8347712584904,-0.125003931573694,-0.326033045492047,0.7630579726492
"Sockeye",2006,24,"Scotch","WC",10.640696027735,-1.31907916232906,-2.03016578122516,2.6504438080511
"Sockeye",2007,24,"Scotch","WC",11.2573212725776,-0.702453917486566,-1.15014479230406,2.34569450720502
"Sockeye",2008,24,"Scotch","WC",11.9152426719666,-0.0445325180975572,-0.211187710404869,3.66503630077476
"Sockeye",2009,24,"Scotch","WC",11.8754067772315,-0.0843684128326202,-0.268039783479273,2.88567029178436
"Sockeye",2010,24,"Scotch","WC",11.8037177943651,-0.156057395698996,-0.37035121189465,0.356358360727012
"Sockeye",2011,24,"Scotch","WC",12.2663142340524,0.306539043988268,0.289846500946249,-0.395953026476284
"Sockeye",2012,24,"Scotch","WC",12.4263485499791,0.466573359914963,0.518240583318108,1.18104106285189
"Sockeye",2013,24,"Scotch","WC",13.3372294562204,1.37745426615624,1.81821057741811,-0.429106434486556
"Sockeye",2014,24,"Scotch","WC",13.4115802219936,1.45180503192946,1.92432078774449,1.19601668794831
"Sockeye",2015,24,"Scotch","WC",12.4733383655548,0.513563175490684,0.585302424068286,-0.705958743694146
"Sockeye",1950,17,"Seymour","WC",11.229827325804,-0.729947864260082,-1.10160248773308,3.54083280913693
"Sockeye",1951,17,"Seymour","WC",11.7725631427949,-0.187212047269187,-0.279387222345379,1.79058527526419
"Sockeye",1952,17,"Seymour","WC",11.2220627239772,-0.737712466086892,-1.11336543749942,1.39782830810814
"Sockeye",1953,17,"Seymour","WC",10.8962367464796,-1.06353844358448,-1.6069740849694,2.74547875952696
"Sockeye",1954,17,"Seymour","WC",11.8764746946328,-0.0833004954313556,-0.121966868839165,3.61176546860168
"Sockeye",1955,17,"Seymour","WC",12.3487434653546,0.388968275290513,0.593494651291022,4.09215986774194
"Sockeye",1956,17,"Seymour","WC",13.2306014469692,1.27082625690504,1.92946156500517,2.44942364926983
"Sockeye",1957,17,"Seymour","WC",11.8971996309895,-0.0625755590746432,-0.0905697166461238,1.24111564953902
"Sockeye",1958,17,"Seymour","WC",11.8328381947109,-0.126936995353238,-0.188073794604233,1.4850064275368
"Sockeye",1959,17,"Seymour","WC",12.3058525267719,0.346077336707767,0.528517210433951,1.93275128453208
"Sockeye",1960,17,"Seymour","WC",11.8202290704829,-0.139546119581234,-0.207175932511602,1.55729627368099
"Sockeye",1961,17,"Seymour","WC",12.3046223276331,0.344847137568995,0.526653525599268,2.82275881325499
"Sockeye",1962,17,"Seymour","WC",11.2793540324611,-0.680421157603003,-1.02657221889325,1.86263707296189
"Sockeye",1963,17,"Seymour","WC",10.9103071689606,-1.04946802110355,-1.58565815962948,1.45071718676087
"Sockeye",1964,17,"Seymour","WC",11.7131859234401,-0.246589266624007,-0.369340482553053,2.63927359259188
"Sockeye",1965,17,"Seymour","WC",11.7375418458666,-0.222233344197497,-0.3324425838061,2.61610689602835
"Sockeye",1966,17,"Seymour","WC",11.540483048984,-0.419292141080138,-0.630975951060467,2.3940599543578
"Sockeye",1967,17,"Seymour","WC",11.3888280190601,-0.570947171003952,-0.860725079038657,3.41455762469345
"Sockeye",1968,17,"Seymour","WC",11.3427294322423,-0.617045757821866,-0.930561932638324,2.3712936863517
"Sockeye",1969,17,"Seymour","WC",10.7318995850427,-1.22787560502144,-1.85593595292406,1.51305878544087
"Sockeye",1970,17,"Seymour","WC",11.3794883350677,-0.580286854996468,-0.874874192681312,4.14039957939283
"Sockeye",1971,17,"Seymour","WC",11.5920849187034,-0.367690271360765,-0.552801922965085,2.66017898474946
"Sockeye",1972,17,"Seymour","WC",11.3970979281834,-0.562677261880706,-0.848196616181347,3.69002477823367
"Sockeye",1973,17,"Seymour","WC",11.243363073894,-0.716412116170159,-1.08109656503632,3.07108171079578
"Sockeye",1974,17,"Seymour","WC",11.1267367090498,-0.833038481014356,-1.25777916920501,2.29365949990786
"Sockeye",1975,17,"Seymour","WC",11.6366580554417,-0.323117134622406,-0.485276043328682,2.43952840402025
"Sockeye",1976,17,"Seymour","WC",12.2922778470176,0.332502656953439,0.507952308381531,1.32471864403607
"Sockeye",1977,17,"Seymour","WC",11.908107525082,-0.0516676649821048,-0.0740448499331759,3.19032075042642
"Sockeye",1978,17,"Seymour","WC",12.0313435622624,0.0715683721982789,0.112651048593266,2.14194059261665
"Sockeye",1979,17,"Seymour","WC",11.8218799678909,-0.137895222173157,-0.204674912663611,1.69631120648393
"Sockeye",1980,17,"Seymour","WC",11.316054889134,-0.643720300930118,-0.970972415702527,2.43789133944264
"Sockeye",1981,17,"Seymour","WC",12.6383118555136,0.678536665449506,1.0321750245203,1.75210284984998
"Sockeye",1982,17,"Seymour","WC",11.4281222139086,-0.531652976155516,-0.801196509458284,2.92746145714183
"Sockeye",1983,17,"Seymour","WC",11.7063257283302,-0.253449461733947,-0.379733305297283,2.96743498438957
"Sockeye",1984,17,"Seymour","WC",11.8420831475939,-0.117692042470208,-0.174068193443872,1.37045577305597
"Sockeye",1985,17,"Seymour","WC",12.0379387991769,0.0781636091127776,0.122642474071714,2.78719832097194
"Sockeye",1986,17,"Seymour","WC",11.8831459790157,-0.076629211048364,-0.111860235579082,2.67102613698512
"Sockeye",1987,17,"Seymour","WC",12.4161183834076,0.456343193343473,0.695563990356438,2.37628611074365
"Sockeye",1988,17,"Seymour","WC",12.346659387861,0.386884197796865,0.590337387156458,0.30545411499014
"Sockeye",1989,17,"Seymour","WC",11.7161757264818,-0.243599463582277,-0.364811093438765,1.8857250006882
"Sockeye",1990,17,"Seymour","WC",13.0729782581329,1.11320306806882,1.6906710006404,0.946295967859227
"Sockeye",1991,17,"Seymour","WC",12.854478974923,0.894703784858849,1.3596564618772,0.452266198587065
"Sockeye",1992,17,"Seymour","WC",12.503628219877,0.543853029812854,0.82813663650246,1.60809847702902
"Sockeye",1993,17,"Seymour","WC",12.9392278535026,0.979452663438432,1.48804640687652,0.565772840501775
"Sockeye",1994,17,"Seymour","WC",11.9836242539542,0.0238490638900929,0.0403588900210396,2.1982625143124
"Sockeye",1995,17,"Seymour","WC",12.9424164295197,0.982641239455542,1.49287692624532,1.01634031998559
"Sockeye",1996,17,"Seymour","WC",12.9769259861537,1.01715079608962,1.54515702897305,1.41482000077941
"Sockeye",1997,17,"Seymour","WC",11.250898872103,-0.708876317961108,-1.06968024031555,0.843874371935683
"Sockeye",1998,17,"Seymour","WC",12.3161041736603,0.356328983596162,0.544047898299248,2.69040855861429
"Sockeye",1999,17,"Seymour","WC",11.5436230387007,-0.416152151363465,-0.626219037296192,2.58756544521613
"Sockeye",2000,17,"Seymour","WC",11.5603755882808,-0.399399601783302,-0.600839835172877,1.61386318235315
"Sockeye",2001,17,"Seymour","WC",12.6575793879373,0.697804197873159,1.06136428896376,1.62675963694121
"Sockeye",2002,17,"Seymour","WC",13.16228825802,1.20251306795583,1.82597079652637,2.21464460713592
"Sockeye",2003,17,"Seymour","WC",12.9586343616416,0.998859171577475,1.51744621197554,-0.401900619564166
"Sockeye",2004,17,"Seymour","WC",12.0542481967381,0.0944730066739904,0.147350324971356,2.20593543381047
"Sockeye",2005,17,"Seymour","WC",11.8347712584904,-0.125003931573694,-0.185145308039036,1.21253450046075
"Sockeye",2006,17,"Seymour","WC",10.6405669820112,-1.31920820805288,-1.99429988264662,2.93417679791556
"Sockeye",2007,17,"Seymour","WC",11.2573212725776,-0.702453917486566,-1.05995065265008,1.12962511087313
"Sockeye",2008,17,"Seymour","WC",11.9152426719666,-0.0445325180975572,-0.063235490193874,2.02450309427128
"Sockeye",2009,17,"Seymour","WC",11.8752340126833,-0.0845411773808147,-0.123846434562304,2.72051662652848
"Sockeye",2010,17,"Seymour","WC",11.8043953498413,-0.155379840222779,-0.231163158730691,-0.0473694150002447
"Sockeye",2011,17,"Seymour","WC",12.2663142340524,0.306539043988268,0.468618845845485,0.753168226539365
"Sockeye",2012,17,"Seymour","WC",12.4263485499791,0.466573359914963,0.711062136709066,1.13213498070675
"Sockeye",2013,17,"Seymour","WC",13.3372294562204,1.37745426615624,2.09099720385486,-0.571681370275226
"Sockeye",2014,17,"Seymour","WC",13.4115802219936,1.45180503192946,2.2036345730835,1.90719809232574
"Sockeye",2015,17,"Seymour","WC",12.4733383655548,0.513563175490684,0.782249153439083,-1.52939520476056
"Sockeye",1950,12,"Stellako","WC",11.2297064917428,-0.730068698321308,-1.101481028042,2.4958241008686
"Sockeye",1951,12,"Stellako","WC",11.7735470363072,-0.186228153756915,-0.287070239145699,2.18121262846528
"Sockeye",1952,12,"Stellako","WC",11.2220627239772,-0.737712466086892,-1.11292770482682,1.71510862094101
"Sockeye",1953,12,"Stellako","WC",10.8908667564392,-1.06890843362491,-1.6088994963709,2.14551586234655
"Sockeye",1954,12,"Stellako","WC",11.8710631643023,-0.088712025761842,-0.141038120863322,2.81899800102935
"Sockeye",1955,12,"Stellako","WC",12.3478749820164,0.388099791952307,0.572995969645132,3.04630078385386
"Sockeye",1956,12,"Stellako","WC",13.2306014469692,1.27082625690504,1.89489438984774,2.43164799514224
"Sockeye",1957,12,"Stellako","WC",11.9623036384583,0.00252844839413927,-0.00440390467746559,2.13003387275991
"Sockeye",1958,12,"Stellako","WC",11.8328381947109,-0.126936995353238,-0.198280685713652,1.70994426298327
"Sockeye",1959,12,"Stellako","WC",12.305883373533,0.346108183468856,0.510112796748517,2.55957797197349
"Sockeye",1960,12,"Stellako","WC",11.8123912811279,-0.147383908936194,-0.228900298738142,1.97983811115783
"Sockeye",1961,12,"Stellako","WC",12.5906221185412,0.630846928477051,0.936514079751809,2.09526463497899
"Sockeye",1962,12,"Stellako","WC",11.2862903390612,-0.673484851002923,-1.0167457206179,2.5830751698392
"Sockeye",1963,12,"Stellako","WC",10.9103071689606,-1.04946802110355,-1.57978713640393,2.86366294938746
"Sockeye",1964,12,"Stellako","WC",11.7131859234401,-0.246589266624007,-0.377462068221485,2.39826646805133
"Sockeye",1965,12,"Stellako","WC",11.7375418458666,-0.222233344197497,-0.340988645642153,2.47633690267481
"Sockeye",1966,12,"Stellako","WC",11.540483048984,-0.419292141080138,-0.636087662867312,1.94408633656063
"Sockeye",1967,12,"Stellako","WC",11.3890583515167,-0.570716838547394,-0.86284881290527,2.83064636307454
"Sockeye",1968,12,"Stellako","WC",11.3427294322423,-0.617045757821866,-0.932227185062604,2.25022936923894
"Sockeye",1969,12,"Stellako","WC",10.7318995850427,-1.22787560502144,-1.84695563389069,2.29063287675968
"Sockeye",1970,12,"Stellako","WC",11.3774076529912,-0.582367537072956,-0.880295939038531,2.17010825693651
"Sockeye",1971,12,"Stellako","WC",11.5920803241707,-0.367694865893468,-0.55881983499079,3.2299170430411
"Sockeye",1972,12,"Stellako","WC",11.3970979281834,-0.562677261880706,-0.850809405323487,3.63569694630568
"Sockeye",1973,12,"Stellako","WC",11.243363073894,-0.716412116170159,-1.08103005586917,1.7172707324978
"Sockeye",1974,12,"Stellako","WC",11.126758578058,-0.833016612006158,-1.2556473410124,2.54790111119295
"Sockeye",1975,12,"Stellako","WC",11.6376631129756,-0.322112077088543,-0.490558806345992,3.32565917844958
"Sockeye",1976,12,"Stellako","WC",12.2922778470176,0.332502656953439,0.489738281288943,1.34185879024306
"Sockeye",1977,12,"Stellako","WC",11.8755671977997,-0.0842079922644409,-0.134293251414922,3.19415567380429
"Sockeye",1978,12,"Stellako","WC",12.0313435622624,0.0715683721982789,0.0989845965526266,2.59875828247561
"Sockeye",1979,12,"Stellako","WC",11.8230538708823,-0.136721319181807,-0.212932882883733,1.40831985579449
"Sockeye",1980,12,"Stellako","WC",11.316054889134,-0.643720300930118,-0.972172782928318,3.27815860914178
"Sockeye",1981,12,"Stellako","WC",12.8505603585924,0.890785168528321,1.32577617001034,3.16823157386425
"Sockeye",1982,12,"Stellako","WC",11.4281222139086,-0.531652976155516,-0.804349991318902,2.32775577653534
"Sockeye",1983,12,"Stellako","WC",11.7059590135302,-0.253816176533928,-0.388284493029359,3.02015573319727
"Sockeye",1984,12,"Stellako","WC",11.8420831475939,-0.117692042470208,-0.184436206029246,3.43236370318661
"Sockeye",1985,12,"Stellako","WC",12.0379387991769,0.0781636091127776,0.1088610799303,1.76817803294396
"Sockeye",1986,12,"Stellako","WC",11.8831453323364,-0.0766298577276872,-0.122944861545639,2.53429965294487
"Sockeye",1987,12,"Stellako","WC",12.4161183834076,0.456343193343473,0.67519166454034,1.49010650462876
"Sockeye",1988,12,"Stellako","WC",12.346659387861,0.386884197796865,0.571175595998838,1.59821917101164
"Sockeye",1989,12,"Stellako","WC",11.7161757264818,-0.243599463582277,-0.372984785535969,2.63746156905421
"Sockeye",1990,12,"Stellako","WC",13.0729782581329,1.11320306806882,1.65885088987059,2.82349745996677
"Sockeye",1991,12,"Stellako","WC",12.8549053668976,0.895130176833467,1.33228289643396,1.82337696593652
"Sockeye",1992,12,"Stellako","WC",12.503628219877,0.543853029812854,0.806239185118821,2.75688354603583
"Sockeye",1993,12,"Stellako","WC",12.9392278535026,0.979452663438432,1.45855730448247,1.97810662346101
"Sockeye",1994,12,"Stellako","WC",11.984612686469,0.0248374964048912,0.0290042874324381,2.37397046169224
"Sockeye",1995,12,"Stellako","WC",12.9424164295197,0.982641239455542,1.46333225319768,1.49785356607171
"Sockeye",1996,12,"Stellako","WC",12.9769259861537,1.01715079608962,1.51501092174074,1.57776957508501
"Sockeye",1997,12,"Stellako","WC",11.250898872103,-0.708876317961108,-1.06974506539588,1.68377882013917
"Sockeye",1998,12,"Stellako","WC",12.3161041736603,0.356328983596162,0.525418624859398,1.8840247453402
"Sockeye",1999,12,"Stellako","WC",11.5436230387007,-0.416152151363465,-0.631385472992281,0.97084082367253
"Sockeye",2000,12,"Stellako","WC",11.5603755882808,-0.399399601783302,-0.606298235095126,1.30103415762431
"Sockeye",2001,12,"Stellako","WC",12.6575793879373,0.697804197873159,1.0367837693442,1.5394285896667
"Sockeye",2002,12,"Stellako","WC",13.1624470778874,1.20267188782328,1.79283202240313,0.335304524098261
"Sockeye",2003,12,"Stellako","WC",12.980352810451,1.02057762038685,1.52014265144941,0.114214854929632
"Sockeye",2004,12,"Stellako","WC",12.0578838319558,0.0981086418916436,0.138729117615886,1.52499213570122
"Sockeye",2005,12,"Stellako","WC",11.8347712584904,-0.125003931573694,-0.195385888675402,-2.18408835470626
"Sockeye",2006,12,"Stellako","WC",10.6405205483312,-1.31925464173292,-1.98379734994257,1.77502962692379
"Sockeye",2007,12,"Stellako","WC",11.2573212725776,-0.702453917486566,-1.06012740762954,1.95228798545655
"Sockeye",2008,12,"Stellako","WC",11.9152426719666,-0.0445325180975572,-0.0748785304290709,1.31520307512372
"Sockeye",2009,12,"Stellako","WC",11.8752462182726,-0.084528971791507,-0.134773923907016,2.55335121343923
"Sockeye",2010,12,"Stellako","WC",11.8035734721592,-0.156201717904874,-0.242105122891647,2.7089335557138
"Sockeye",2011,12,"Stellako","WC",12.2663142340524,0.306539043988268,0.45085731382724,0.752715624548981
"Sockeye",2012,12,"Stellako","WC",12.4263485499791,0.466573359914963,0.690511519066267,-0.0230428628891872
"Sockeye",2013,12,"Stellako","WC",13.3372294562204,1.37745426615624,2.05457171071073,1.00340186372553
"Sockeye",2014,12,"Stellako","WC",13.4115802219936,1.45180503192946,2.16591329127809,0.490141132237887
"Sockeye",2015,12,"Stellako","WC",12.4733383655548,0.513563175490684,0.760879595068705,0.440296878522287
"Sockeye",1966,22,"Weaver","WC",11.5403896027217,-0.419385587342411,-0.709111995906484,2.04436335203447
"Sockeye",1967,22,"Weaver","WC",11.3885699339751,-0.571205256088978,-0.932862642823822,2.11937785496857
"Sockeye",1968,22,"Weaver","WC",11.3426586779291,-0.617116512135037,-1.0005262948783,4.25661065927604
"Sockeye",1969,22,"Weaver","WC",10.7318995850427,-1.22787560502144,-1.90065829537753,2.60210619764778
"Sockeye",1970,22,"Weaver","WC",11.3774076529912,-0.582367537072956,-0.94931352571573,4.34070637742454
"Sockeye",1971,22,"Weaver","WC",11.5887611341286,-0.37101405593552,-0.637822409161692,4.06843446683235
"Sockeye",1972,22,"Weaver","WC",11.3970979281834,-0.562677261880706,-0.92029415129198,3.14855675254242
"Sockeye",1973,22,"Weaver","WC",11.2429558728692,-0.716819317194984,-1.14746751346886,2.40129424252234
"Sockeye",1974,22,"Weaver","WC",11.1267367090498,-0.833038481014356,-1.31875041313178,2.31633405045167
"Sockeye",1975,22,"Weaver","WC",11.6366580554417,-0.323117134622406,-0.567232299081502,2.36032547014516
"Sockeye",1976,22,"Weaver","WC",12.2922778470176,0.332502656953439,0.399015050211455,2.37760867561066
"Sockeye",1977,22,"Weaver","WC",11.8755671977997,-0.0842079922644409,-0.215129863353656,2.11257216022879
"Sockeye",1978,22,"Weaver","WC",12.0312465971781,0.0714714071139618,0.0143092245471847,3.4746358297566
"Sockeye",1979,22,"Weaver","WC",11.8230538708823,-0.136721319181807,-0.292523596106139,1.70238964233879
"Sockeye",1980,22,"Weaver","WC",11.316054889134,-0.643720300930118,-1.03973475187532,2.13128422770144
"Sockeye",1981,22,"Weaver","WC",12.8505603585924,0.890785168528321,1.22180747334629,2.48035897263086
"Sockeye",1982,22,"Weaver","WC",11.4281222139086,-0.531652976155516,-0.874570800302805,2.57201612439329
"Sockeye",1983,22,"Weaver","WC",11.7059590135302,-0.253816176533928,-0.465097086086322,2.17078860277855
"Sockeye",1984,22,"Weaver","WC",11.8423838109008,-0.117391379163291,-0.264035280858685,3.03928904130399
"Sockeye",1985,22,"Weaver","WC",12.0379387991769,0.0781636091127776,0.0241721397998594,1.11286928249312
"Sockeye",1986,22,"Weaver","WC",11.8833075312189,-0.0764676588451832,-0.203722220166093,0.0208158520018323
"Sockeye",1987,22,"Weaver","WC",12.4161183834076,0.456343193343473,0.58153026948858,1.99219459769749
"Sockeye",1988,22,"Weaver","WC",12.346659387861,0.386884197796865,0.479162142116853,2.93022687611973
"Sockeye",1989,22,"Weaver","WC",11.7255181403157,-0.234257049748341,-0.436270997164215,4.30266648062925
"Sockeye",1990,22,"Weaver","WC",13.0729782581329,1.11320306806882,1.54960524368168,4.30950006092276
"Sockeye",1991,22,"Weaver","WC",12.8555375104529,0.895762320388806,1.22914276104507,1.26556096900156
"Sockeye",1992,22,"Weaver","WC",12.503628219877,0.543853029812854,0.710501585809524,3.27515128035095
"Sockeye",1993,22,"Weaver","WC",12.9379488229031,0.978173632838927,1.35059991232368,2.6903647970712
"Sockeye",1994,22,"Weaver","WC",11.9836242539542,0.0238490638900929,-0.0558762144807942,3.16547840042038
"Sockeye",1995,22,"Weaver","WC",12.9424164295197,0.982641239455542,1.35718423620539,3.19603064265799
"Sockeye",1996,22,"Weaver","WC",12.9769259861537,1.01715079608962,1.408044152351,2.6589214068985
"Sockeye",1997,22,"Weaver","WC",11.250898872103,-0.708876317961108,-1.13576118298008,3.00278029832511
"Sockeye",1998,22,"Weaver","WC",12.3161041736603,0.356328983596162,0.434130105091942,2.94527900836979
"Sockeye",1999,22,"Weaver","WC",11.5436230387007,-0.416152151363465,-0.704346583110974,2.93603070529646
"Sockeye",2000,22,"Weaver","WC",11.5603755882808,-0.399399601783302,-0.679656805844147,3.73232173157971
"Sockeye",2001,22,"Weaver","WC",12.6575793879373,0.697804197873159,0.937393619836254,3.19473103979094
"Sockeye",2002,22,"Weaver","WC",13.1624470778874,1.20267188782328,1.68146369433084,1.90139822811756
"Sockeye",2003,22,"Weaver","WC",12.980352810451,1.02057762038685,1.41309457934579,2.03456820952162
"Sockeye",2004,22,"Weaver","WC",12.1320778903822,0.172302700318087,0.16291360018705,2.16110202542967
"Sockeye",2005,22,"Weaver","WC",11.8347712584904,-0.125003931573694,-0.275254601389302,1.01595637451233
"Sockeye",2006,22,"Weaver","WC",10.6464979907297,-1.31327719933434,-2.02652250080654,2.91546587855462
"Sockeye",2007,22,"Weaver","WC",11.2555757715887,-0.704199418475435,-1.12886840489589,3.03916091520919
"Sockeye",2008,22,"Weaver","WC",11.9152426719666,-0.0445325180975572,-0.15665645812965,4.6295227795183
"Sockeye",2009,22,"Weaver","WC",11.8752476089034,-0.084527581160715,-0.215600870983164,2.88349816418019
"Sockeye",2010,22,"Weaver","WC",11.8037974352074,-0.155977754856627,-0.320903581223585,1.59998082694007
"Sockeye",2011,22,"Weaver","WC",12.2663142340524,0.306539043988268,0.360750079373151,-3.79249794700167
"Sockeye",2012,22,"Weaver","WC",12.4250212511503,0.465246061086187,0.594651246719647,1.44736339446871
"Sockeye",2013,22,"Weaver","WC",13.3371609674629,1.37738577739876,1.93895566583036,1.79055715893014
"Sockeye",2014,22,"Weaver","WC",13.4115802219936,1.45180503192946,2.04863418431103,0.732152477060686
"Sockeye",2015,22,"Weaver","WC",12.4812429672757,0.521467777211597,0.67751037464241,0.879432627150999
"Sockeye",1977,81,"Great Central Lake","WC",11.7265229719556,-0.0641975667781864,-0.39866717100166,1.1054378545398
"Sockeye",1978,81,"Great Central Lake","WC",11.8115063081442,0.0207857694103908,-0.260069810341082,1.83163305860743
"Sockeye",1979,81,"Great Central Lake","WC",11.6272682963496,-0.163452242384157,-0.560539329582068,1.30631125771534
"Sockeye",1980,81,"Great Central Lake","WC",11.2196719360869,-0.571048602646792,-1.22527882182682,0.669533383810635
"Sockeye",1981,81,"Great Central Lake","WC",12.4947156050088,0.703995066275122,0.854160456097305,0.13855984766522
"Sockeye",1982,81,"Great Central Lake","WC",11.3477911850601,-0.442929353673651,-1.01633209704667,-0.12661979776036
"Sockeye",1983,81,"Great Central Lake","WC",11.5289604937093,-0.261760045024459,-0.720867254906777,0.394172282112716
"Sockeye",1984,81,"Great Central Lake","WC",11.6850751036025,-0.105645435131238,-0.466263542436091,0.456193670599924
"Sockeye",1985,81,"Great Central Lake","WC",11.8117858482593,0.0210653095255254,-0.259613914822101,0.955443709991761
"Sockeye",1986,81,"Great Central Lake","WC",11.7425267527887,-0.0481937859450541,-0.372566974380283,0.828277420893398
"Sockeye",1987,81,"Great Central Lake","WC",12.2139509929413,0.423230454207525,0.396267933343056,1.51143969553361
"Sockeye",1988,81,"Great Central Lake","WC",12.0867673127961,0.296046774062396,0.188847006161528,1.12190507502644
"Sockeye",1989,81,"Great Central Lake","WC",11.6637880555351,-0.126932483198575,-0.500980097595105,0.848182898420291
"Sockeye",1990,81,"Great Central Lake","WC",12.8838545303684,1.09313399163465,1.48879814395468,-0.164099550360852
"Sockeye",1991,81,"Great Central Lake","WC",12.4045068824492,0.613786343715409,0.707041133462157,-1.69343462900594
"Sockeye",1992,81,"Great Central Lake","WC",12.412991053447,0.622270514713195,0.720877772036535,0.65994618552175
"Sockeye",1993,81,"Great Central Lake","WC",12.4890171835003,0.698296644766566,0.844867032039855,0.616956612210124
"Sockeye",1994,81,"Great Central Lake","WC",11.9779732778281,0.187252739094335,0.0114173266684949,0.753028384800041
"Sockeye",1995,81,"Great Central Lake","WC",12.753796549599,0.963076010865248,1.2766895862548,1.77551238186962
"Sockeye",1996,81,"Great Central Lake","WC",11.2068267886629,-0.583893750070788,-1.24622767615646,0.511327953309516
"Sockeye",1997,81,"Great Central Lake","WC",11.3088768409101,-0.481843697823603,-1.07979660235925,1.41575993815669
"Sockeye",1998,81,"Great Central Lake","WC",11.9386865591871,0.147966020453325,-0.0526544756031432,1.03290797887845
"Sockeye",1999,81,"Great Central Lake","WC",11.352870618799,-0.437849919934744,-1.00804816584985,1.02704249929528
"Sockeye",2000,81,"Great Central Lake","WC",11.4969635126902,-0.293757026043514,-0.773050392416314,1.4116180083241
"Sockeye",2001,81,"Great Central Lake","WC",12.7127630444296,0.922042505695894,1.2097689901687,0.0714180232868931
"Sockeye",2002,81,"Great Central Lake","WC",12.9997751351222,1.20905459638839,1.67785038155331,-0.983315356140678
"Sockeye",2003,81,"Great Central Lake","WC",12.4009552192667,0.610234680532886,0.701248807988363,-2.53678556955296
"Sockeye",2004,81,"Great Central Lake","WC",11.877418969155,0.0866984304211598,-0.152574373471708,-0.118492756134497
"Sockeye",2005,81,"Great Central Lake","WC",11.4322501619688,-0.358470376765019,-0.878589901827908,0.966234421763824
"Sockeye",2006,81,"Great Central Lake","WC",10.5865299538162,-1.20419058491755,-2.25785546098597,1.96519134410951
"Sockeye",2007,81,"Great Central Lake","WC",11.1539038411293,-0.63681669760446,-1.33253848925833,2.25436598186217
"Sockeye",2008,81,"Great Central Lake","WC",11.7145352929271,-0.0761852458066758,-0.418217599924668,0.518036483949161
"Sockeye",2009,81,"Great Central Lake","WC",11.6539574874074,-0.136763051326394,-0.517012544159527,-0.323719521844215
"Sockeye",2010,81,"Great Central Lake","WC",11.6574649899357,-0.133255548797992,-0.511292239276837,0.730680747947508
"Sockeye",2011,81,"Great Central Lake","WC",12.1110698993127,0.32034936057891,0.228481533346247,1.16557213616593
"Sockeye",2012,81,"Great Central Lake","WC",12.3445982850504,0.553877746316687,0.609337585299309,0.253467943445827
"Sockeye",2013,81,"Great Central Lake","WC",13.2346255626821,1.44390502394832,2.06086252098717,-0.743608710349807
"Sockeye",2014,81,"Great Central Lake","WC",13.2014925865881,1.41077204785441,2.00682671534104,0.26194819365051
"Sockeye",2015,81,"Great Central Lake","WC",12.5998943303047,0.80917379157093,1.02569401052609,-1.08790664636446
"Sockeye",1977,82,"Sproat Lake","WC",11.7296418327067,-0.0610787060270571,-0.429992696851484,0.858480950185716
"Sockeye",1978,82,"Sproat Lake","WC",11.8150583159978,0.0243377772639861,-0.291811435281725,1.87975123685966
"Sockeye",1979,82,"Sproat Lake","WC",11.6418152658122,-0.148905272921602,-0.572072835780612,0.835667903638927
"Sockeye",1980,82,"Sproat Lake","WC",11.2054437983739,-0.585276740359827,-1.27800636945471,0.464173986142698
"Sockeye",1981,82,"Sproat Lake","WC",12.5469834738927,0.756262935158964,0.892249741153739,0.38937045737759
"Sockeye",1982,82,"Sproat Lake","WC",11.3036049182771,-0.487115620456624,-1.11920765915066,0.266956658146507
"Sockeye",1983,82,"Sproat Lake","WC",11.5475289814094,-0.243191557324322,-0.724603087852687,0.0912199241548469
"Sockeye",1984,82,"Sproat Lake","WC",11.6796871594966,-0.11103337923712,-0.510806135891714,0.954206701394672
"Sockeye",1985,82,"Sproat Lake","WC",11.8368064635456,0.0460859248118552,-0.256628688940716,0.426901878468337
"Sockeye",1986,82,"Sproat Lake","WC",11.7893126126747,-0.00140792605908335,-0.333461168777081,0.796367837957677
"Sockeye",1987,82,"Sproat Lake","WC",12.2105546287334,0.419834089999646,0.347996917092014,0.854685363761755
"Sockeye",1988,82,"Sproat Lake","WC",12.1337366980406,0.343016159306823,0.223725837724998,1.16364983498996
"Sockeye",1989,82,"Sproat Lake","WC",11.6923649030292,-0.0983556357045631,-0.490296902454679,0.864498096574513
"Sockeye",1990,82,"Sproat Lake","WC",12.8874172730888,1.09669673435508,1.44298152079887,0.108210984193812
"Sockeye",1991,82,"Sproat Lake","WC",12.4066400614496,0.615919522715842,0.66521124650725,-1.90959538361742
"Sockeye",1992,82,"Sproat Lake","WC",12.3735538067193,0.58283326798551,0.611686443763058,0.758731451417072
"Sockeye",1993,82,"Sproat Lake","WC",12.6846130146541,0.893892475920404,1.11489790973828,0.147675031338885
"Sockeye",1994,82,"Sproat Lake","WC",11.9340100587484,0.143289520014695,-0.0993790001601785,0.51380409655682
"Sockeye",1995,82,"Sproat Lake","WC",12.7535043717321,0.962783832998381,1.22634589103541,2.24514407053569
"Sockeye",1996,82,"Sproat Lake","WC",12.1418717920014,0.351151253267694,0.236886266522698,-0.0772041868370205
"Sockeye",1997,82,"Sproat Lake","WC",11.1582914150686,-0.632429123665088,-1.35428644515089,0.629796203324948
"Sockeye",1998,82,"Sproat Lake","WC",12.0729593164021,0.282238777668349,0.125404121047724,1.37873085860571
"Sockeye",1999,82,"Sproat Lake","WC",11.344159028009,-0.446561510724775,-1.05360184363738,0.551214807389061
"Sockeye",2000,82,"Sproat Lake","WC",11.4370371483193,-0.353683390414488,-0.903349628348054,1.43920000674901
"Sockeye",2001,82,"Sproat Lake","WC",12.5132301700153,0.722509631281567,0.837645829446979,-0.713362511887362
"Sockeye",2002,82,"Sproat Lake","WC",12.9999153384815,1.20919479974777,1.6249736141417,-0.677620343381085
"Sockeye",2003,82,"Sproat Lake","WC",12.6749861194431,0.884265580709366,1.09932414137405,-2.32390539633339
"Sockeye",2004,82,"Sproat Lake","WC",11.8945841604718,0.103863621738034,-0.163159668158731,-0.625115153000979
"Sockeye",2005,82,"Sproat Lake","WC",11.4089793086215,-0.381741230112284,-0.948739786511707,0.657749285545643
"Sockeye",2006,82,"Sproat Lake","WC",10.5162834625767,-1.27443707615705,-2.39288538290953,1.87739224004504
"Sockeye",2007,82,"Sproat Lake","WC",11.1437510914584,-0.64696944727542,-1.37780884015821,2.4833715260595
"Sockeye",2008,82,"Sproat Lake","WC",11.7139782045637,-0.0767423341700525,-0.455332301271672,1.51554776373128
"Sockeye",2009,82,"Sproat Lake","WC",11.6742031421774,-0.116517396556393,-0.519677824381457,0.400502954975479
"Sockeye",2010,82,"Sproat Lake","WC",11.5991219945815,-0.191598544152262,-0.641139248396678,1.41088547932527
"Sockeye",2011,82,"Sproat Lake","WC",12.1098482786974,0.319127739963653,0.18508069811536,1.21704365715803
"Sockeye",2012,82,"Sproat Lake","WC",12.3771962057192,0.586475666985459,0.617578881259441,0.588416262740938
"Sockeye",2013,82,"Sproat Lake","WC",13.2333618662523,1.44264132751851,2.00262830646293,0.112750311656599
"Sockeye",2014,82,"Sproat Lake","WC",13.2327271836088,1.44200664487509,2.00160155793635,1.84656313247704
"Sockeye",2015,82,"Sproat Lake","WC",12.4034360632078,0.612715524473994,0.660028025399711,-1.39529274131341
"Sockeye",1960,42,"Alastair","SEAK",10.2818938725524,0.254055166852351,0.428866919512456,1.20710013523242
"Sockeye",1961,42,"Alastair","SEAK",10.4240684840414,0.396229778341329,0.655975691662352,0.231604651698562
"Sockeye",1962,42,"Alastair","SEAK",9.180169340637,-0.8476693650631,-1.33102046875119,0.799095113287522
"Sockeye",1963,42,"Alastair","SEAK",9.01114468773206,-1.01669401796804,-1.60101931722548,0.550610658484391
"Sockeye",1964,42,"Alastair","SEAK",9.67012464337879,-0.35771406232131,-0.548369149724062,0.863276795034312
"Sockeye",1965,42,"Alastair","SEAK",9.91406709618039,-0.113771609519712,-0.158697109471646,-1.09514787770614
"Sockeye",1966,42,"Alastair","SEAK",9.75606273280249,-0.271775972897606,-0.411092221265999,-0.85770381440103
"Sockeye",1967,42,"Alastair","SEAK",9.40441160400709,-0.62342710169301,-0.972817379150748,-0.723767420434739
"Sockeye",1968,42,"Alastair","SEAK",9.38817405369547,-0.639664652004635,-0.99875513326433,-1.10308003784182
"Sockeye",1969,42,"Alastair","SEAK",8.91296813554234,-1.11487057015777,-1.75784588413646,-0.318128823102232
"Sockeye",1970,42,"Alastair","SEAK",9.42638067404429,-0.601458031655812,-0.937724133815521,0.0816314722289297
"Sockeye",1971,42,"Alastair","SEAK",9.45678176482519,-0.571056940874918,-0.889161635019443,1.80809379823037
"Sockeye",1972,42,"Alastair","SEAK",9.31717583868239,-0.710662867017716,-1.11216720640163,1.09429847936556
"Sockeye",1973,42,"Alastair","SEAK",8.95875921845437,-1.06907948724574,-1.68469951498763,1.23868403197367
"Sockeye",1974,42,"Alastair","SEAK",9.17629107170635,-0.851547633993757,-1.33721558956555,2.31213188646775
"Sockeye",1975,42,"Alastair","SEAK",9.81100999977854,-0.216828705921566,-0.323319825018668,3.14465040698721
"Sockeye",1976,42,"Alastair","SEAK",10.0769631597731,0.0491244540729814,0.101511971482698,0.505261396378894
"Sockeye",1977,42,"Alastair","SEAK",9.93000728554196,-0.0978314201581443,-0.133234357748051,0.171109636418789
"Sockeye",1978,42,"Alastair","SEAK",9.93556407094003,-0.092274634760079,-0.124357985970851,-0.165736476135578
"Sockeye",1979,42,"Alastair","SEAK",9.98694949348769,-0.0408892122124197,-0.0422752561572574,-0.408438285954472
"Sockeye",1980,42,"Alastair","SEAK",9.67340410086843,-0.354434604831667,-0.543130566294923,-0.403884587609142
"Sockeye",1981,42,"Alastair","SEAK",10.6261658536063,0.598327147906229,0.978804676218194,2.55562201909629
"Sockeye",1982,42,"Alastair","SEAK",9.70731540852123,-0.320523297178871,-0.48896087057804,0.593115054435903
"Sockeye",1983,42,"Alastair","SEAK",9.50095044573148,-0.52688825996862,-0.818606879968205,0.502636218231361
"Sockeye",1984,42,"Alastair","SEAK",9.83361530303955,-0.194223402660551,-0.287210264993015,0.856770923333051
"Sockeye",1985,42,"Alastair","SEAK",9.87216131223573,-0.155677393464372,-0.225637128072564,1.12485305489701
"Sockeye",1986,42,"Alastair","SEAK",10.007470091184,-0.0203686145161173,-0.0094957908379481,0.483399918595984
"Sockeye",1987,42,"Alastair","SEAK",10.256957716412,0.229119010711914,0.389034070708563,1.05256733284561
"Sockeye",1988,42,"Alastair","SEAK",10.2659785383278,0.238139832627648,0.403443871218016,0.584872174956091
"Sockeye",1989,42,"Alastair","SEAK",10.0512668788433,0.0234281731432072,0.0604649044314037,0.520672491892057
"Sockeye",1990,42,"Alastair","SEAK",10.6913309892019,0.663492283501765,1.08289902736211,1.3065020012641
"Sockeye",1991,42,"Alastair","SEAK",10.7365806831254,0.708741977425285,1.15518058536676,0.7852723005541
"Sockeye",1992,42,"Alastair","SEAK",10.663706627157,0.635867921456895,1.03877205645127,0.944868186227725
"Sockeye",1993,42,"Alastair","SEAK",10.478941043218,0.451102337517877,0.743628750171144,0.219619037908212
"Sockeye",1994,42,"Alastair","SEAK",10.141084810098,0.113246104397913,0.2039394662443,-0.128203925755071
"Sockeye",1995,42,"Alastair","SEAK",10.7153843243917,0.687545618691581,1.12132166389235,0.134996848007701
"Sockeye",1996,42,"Alastair","SEAK",10.3464917441209,0.318653038420817,0.532055126898895,-0.43558660982224
"Sockeye",1997,42,"Alastair","SEAK",9.35623393125004,-0.671604774450055,-1.04977607093335,0.364007393279722
"Sockeye",1998,42,"Alastair","SEAK",9.92369013362458,-0.104148572075499,-0.143325333910458,0.957937817811437
"Sockeye",1999,42,"Alastair","SEAK",9.53698701990975,-0.490851685790347,-0.761042297737919,1.27973527055584
"Sockeye",2000,42,"Alastair","SEAK",9.99574060241381,-0.0320981032862863,-0.0282323976388436,0.218357997482328
"Sockeye",2001,42,"Alastair","SEAK",10.9326994518439,0.904860746143795,1.46845939297344,0.384146814749518
"Sockeye",2002,42,"Alastair","SEAK",11.2532288365894,1.22539013088928,1.98047088535689,1.87231864749791
"Sockeye",2003,42,"Alastair","SEAK",11.1079849501451,1.08014624444498,1.74845927395044,-1.40208021163803
"Sockeye",2004,42,"Alastair","SEAK",10.1625102791522,0.134671573452031,0.238164367010029,1.23617125560386
"Sockeye",2005,42,"Alastair","SEAK",9.52062216069963,-0.507216545000468,-0.787183414233284,1.70149978820206
"Sockeye",2006,42,"Alastair","SEAK",9.13673752215174,-0.891101183548365,-1.40039816470635,1.51208093968876
"Sockeye",2007,42,"Alastair","SEAK",9.70557129714224,-0.32226740855786,-0.491746902413306,0.138700620367842
"Sockeye",2008,42,"Alastair","SEAK",9.98835359679327,-0.0394851089068231,-0.0400323509411572,3.2490412662241
"Sockeye",2009,42,"Alastair","SEAK",9.93060622612634,-0.0972324795737484,-0.13227761407006,-0.42281429146321
"Sockeye",2010,42,"Alastair","SEAK",9.65306246942943,-0.37477623627066,-0.575624152113467,-0.496991356132495
"Sockeye",2011,42,"Alastair","SEAK",10.4536910421318,0.425852336431749,0.703294567553043,0.149259595524659
"Sockeye",2012,42,"Alastair","SEAK",11.0074482295248,0.979609523824729,1.58786258979623,-1.08881453880207
"Sockeye",2013,42,"Alastair","SEAK",11.5849915842215,1.55715287852142,2.51042647637781,-1.88657296147496
"Sockeye",2014,42,"Alastair","SEAK",11.2931209670173,1.26528226131718,2.04419430731698,-1.27184283757966
"Sockeye",2015,42,"Alastair","SEAK",10.6201667355166,0.592328029816556,0.96922172516203,-1.17706645624252
"Sockeye",1960,37,"Babine-Early-Wild","SEAK",10.1303257593844,0.10248705368427,0.176676768277399,0.561990477517494
"Sockeye",1961,37,"Babine-Early-Wild","SEAK",10.7536591654354,0.72582045973527,1.09503222041435,-0.672574788413398
"Sockeye",1962,37,"Babine-Early-Wild","SEAK",9.28602854265108,-0.741810163049022,-1.06722407946191,2.03564754081237
"Sockeye",1963,37,"Babine-Early-Wild","SEAK",8.84230877624617,-1.18552992945393,-1.72095523319626,1.23455582766921
"Sockeye",1964,37,"Babine-Early-Wild","SEAK",9.59673001686732,-0.431108688832778,-0.609468422435359,0.198673989757171
"Sockeye",1965,37,"Babine-Early-Wild","SEAK",9.91958161724939,-0.108257088450713,-0.133812016788215,1.53736235911079
"Sockeye",1966,37,"Babine-Early-Wild","SEAK",9.87856300936804,-0.149275696332056,-0.19424462287225,1.47598791959422
"Sockeye",1967,37,"Babine-Early-Wild","SEAK",9.3463637676504,-0.681474938049702,-0.978332352665064,0.294722536410673
"Sockeye",1968,37,"Babine-Early-Wild","SEAK",9.57660660703977,-0.45123209866033,-0.639116188705095,1.01571611687418
"Sockeye",1969,37,"Babine-Early-Wild","SEAK",8.76585168348418,-1.26198702221592,-1.83359926496306,1.36475481672206
"Sockeye",1970,37,"Babine-Early-Wild","SEAK",9.41592699633704,-0.61191170936306,-0.87584503253674,0.544913701913552
"Sockeye",1971,37,"Babine-Early-Wild","SEAK",9.46138983805974,-0.566448867640359,-0.808864748534016,1.18930050024114
"Sockeye",1972,37,"Babine-Early-Wild","SEAK",9.42620483398438,-0.601633871715728,-0.860702721619373,0.407178162349034
"Sockeye",1973,37,"Babine-Early-Wild","SEAK",8.94707885834907,-1.08075984735104,-1.56659774940668,-0.315534302466512
"Sockeye",1974,37,"Babine-Early-Wild","SEAK",9.01990412116051,-1.0079345845396,-1.45930448306324,-1.46861059890669
"Sockeye",1975,37,"Babine-Early-Wild","SEAK",9.72161819471253,-0.306220510987568,-0.425471001603698,0.835766307613457
"Sockeye",1976,37,"Babine-Early-Wild","SEAK",10.1110997941759,0.0832610884757865,0.148351204782151,0.677903650949574
"Sockeye",1977,37,"Babine-Early-Wild","SEAK",9.95691855165693,-0.0709201540431689,-0.0788036104580048,1.68177846194382
"Sockeye",1978,37,"Babine-Early-Wild","SEAK",9.8499403014448,-0.177898404255302,-0.236414382460084,0.809404847407916
"Sockeye",1979,37,"Babine-Early-Wild","SEAK",10.1986016301314,0.170762924431311,0.277267427371341,-0.147487518461304
"Sockeye",1980,37,"Babine-Early-Wild","SEAK",9.31436763644218,-0.713471069257921,-1.02547216782195,1.43939986278376
"Sockeye",1981,37,"Babine-Early-Wild","SEAK",10.8648449044757,0.837006198775641,1.25884187453586,0.621131946562391
"Sockeye",1982,37,"Babine-Early-Wild","SEAK",9.79986664758788,-0.227972058112217,-0.310187763738086,-0.689826086194488
"Sockeye",1983,37,"Babine-Early-Wild","SEAK",9.4048978957865,-0.622940809913602,-0.892094177094746,0.650708291054992
"Sockeye",1984,37,"Babine-Early-Wild","SEAK",9.82902787844339,-0.198810827256703,-0.267224599743961,1.38635934980387
"Sockeye",1985,37,"Babine-Early-Wild","SEAK",9.85200309793155,-0.175835607768554,-0.233375269873041,-0.563654946430234
"Sockeye",1986,37,"Babine-Early-Wild","SEAK",9.94887300862207,-0.078965697078033,-0.0906570876497363,1.35729358644514
"Sockeye",1987,37,"Babine-Early-Wild","SEAK",10.2131998538971,0.185361148196994,0.298774951685919,0.965451230203803
"Sockeye",1988,37,"Babine-Early-Wild","SEAK",10.3893138025867,0.361475096886563,0.558243164694224,0.826248583311953
"Sockeye",1989,37,"Babine-Early-Wild","SEAK",9.87020734641287,-0.157631359287231,-0.206554998919182,1.16087488952872
"Sockeye",1990,37,"Babine-Early-Wild","SEAK",10.6712531693777,0.643414463677548,0.973623685216746,1.56485443528145
"Sockeye",1991,37,"Babine-Early-Wild","SEAK",10.7569944119454,0.729155706245239,1.09994603024215,1.09008799658533
"Sockeye",1992,37,"Babine-Early-Wild","SEAK",10.6665946099493,0.638755904249218,0.966760241979819,1.89173015852754
"Sockeye",1993,37,"Babine-Early-Wild","SEAK",10.6328708087074,0.605032103007242,0.917075055149295,2.14912561170156
"Sockeye",1994,37,"Babine-Early-Wild","SEAK",9.97660899877549,-0.0512297069246161,-0.0497937269978877,-0.625952200598005
"Sockeye",1995,37,"Babine-Early-Wild","SEAK",10.7034281857808,0.675589480080741,1.02102705145643,0.141952691367823
"Sockeye",1996,37,"Babine-Early-Wild","SEAK",10.7069856305917,0.679146924891611,1.026268225451,2.32151449964916
"Sockeye",1997,37,"Babine-Early-Wild","SEAK",9.14617914716404,-0.881659558536067,-1.27326382252211,-0.35466354911801
"Sockeye",1998,37,"Babine-Early-Wild","SEAK",10.054493027793,0.0266543220929291,0.0649526061655926,0.815993117202846
"Sockeye",1999,37,"Babine-Early-Wild","SEAK",9.48487707747353,-0.542961628226565,-0.774261061066095,-0.628861129771164
"Sockeye",2000,37,"Babine-Early-Wild","SEAK",9.7483672771189,-0.279471428581204,-0.386061649515268,-0.22235356963856
"Sockeye",2001,37,"Babine-Early-Wild","SEAK",10.8502956402302,0.822456934530078,1.23740648215229,-1.78713033925241
"Sockeye",2002,37,"Babine-Early-Wild","SEAK",11.2183744128545,1.19053570715441,1.77969596058235,1.59283560744076
"Sockeye",2003,37,"Babine-Early-Wild","SEAK",11.3403628414207,1.31252413572059,1.95942118850028,-1.13533917041218
"Sockeye",2004,37,"Babine-Early-Wild","SEAK",10.2973943157991,0.269555610098981,0.422818428863365,0.507068559858224
"Sockeye",2005,37,"Babine-Early-Wild","SEAK",9.68083159499698,-0.347007110703119,-0.48556179067307,-0.348890890844983
"Sockeye",2006,37,"Babine-Early-Wild","SEAK",8.99392770118184,-1.03391100451826,-1.49757547364842,0.550717719473913
"Sockeye",2007,37,"Babine-Early-Wild","SEAK",9.63342703806029,-0.394411667639806,-0.555402798545157,0.924566616513324
"Sockeye",2008,37,"Babine-Early-Wild","SEAK",9.9559379503462,-0.0719007553538995,-0.0802483277655324,-0.371787094794614
"Sockeye",2009,37,"Babine-Early-Wild","SEAK",10.0786708516545,0.0508321459543748,0.100573729866685,-0.981043616868554
"Sockeye",2010,37,"Babine-Early-Wild","SEAK",9.45310709873835,-0.574731606961748,-0.821067686384909,1.15526828745431
"Sockeye",2011,37,"Babine-Early-Wild","SEAK",10.349004010227,0.321165304526891,0.498854854636309,0.374153436217857
"Sockeye",2012,37,"Babine-Early-Wild","SEAK",10.8342030003336,0.806364294633478,1.21369723851982,-0.300878826133054
"Sockeye",2013,37,"Babine-Early-Wild","SEAK",11.5964891196622,1.56865041396208,2.33677135419856,-0.530551583250697
"Sockeye",2014,37,"Babine-Early-Wild","SEAK",11.515474503835,1.48763579813494,2.21741273580045,0.261809226908514
"Sockeye",2015,37,"Babine-Early-Wild","SEAK",10.5453058487839,0.51746714308382,0.788065832185799,-1.52758565830379
"Sockeye",1960,39,"Babine-Late-Wild","SEAK",10.1303257593844,0.10248705368427,0.176676768277399,1.53493962432847
"Sockeye",1961,39,"Babine-Late-Wild","SEAK",10.7536591654354,0.72582045973527,1.09503222041435,0.495937668155973
"Sockeye",1962,39,"Babine-Late-Wild","SEAK",9.28602854265108,-0.741810163049022,-1.06722407946191,1.08820945095429
"Sockeye",1963,39,"Babine-Late-Wild","SEAK",8.84230877624617,-1.18552992945393,-1.72095523319626,2.05444321425421
"Sockeye",1964,39,"Babine-Late-Wild","SEAK",9.59673001686732,-0.431108688832778,-0.609468422435359,0.05124457655716
"Sockeye",1965,39,"Babine-Late-Wild","SEAK",9.91958161724939,-0.108257088450713,-0.133812016788215,0.762886906624584
"Sockeye",1966,39,"Babine-Late-Wild","SEAK",9.87856300936804,-0.149275696332056,-0.19424462287225,1.41022310312233
"Sockeye",1967,39,"Babine-Late-Wild","SEAK",9.3463637676504,-0.681474938049702,-0.978332352665064,1.46804402250237
"Sockeye",1968,39,"Babine-Late-Wild","SEAK",9.57660660703977,-0.45123209866033,-0.639116188705095,0.751177140170282
"Sockeye",1969,39,"Babine-Late-Wild","SEAK",8.76585168348418,-1.26198702221592,-1.83359926496306,1.27258848531654
"Sockeye",1970,39,"Babine-Late-Wild","SEAK",9.41592699633704,-0.61191170936306,-0.87584503253674,0.414919512602952
"Sockeye",1971,39,"Babine-Late-Wild","SEAK",9.46138983805974,-0.566448867640359,-0.808864748534016,0.170129389247617
"Sockeye",1972,39,"Babine-Late-Wild","SEAK",9.42620483398438,-0.601633871715728,-0.860702721619373,0.405626843604958
"Sockeye",1973,39,"Babine-Late-Wild","SEAK",8.94707885834907,-1.08075984735104,-1.56659774940668,0.618934290982661
"Sockeye",1974,39,"Babine-Late-Wild","SEAK",9.01990412116051,-1.0079345845396,-1.45930448306324,-0.670321447917068
"Sockeye",1975,39,"Babine-Late-Wild","SEAK",9.72161819471253,-0.306220510987568,-0.425471001603698,2.37703236384945
"Sockeye",1976,39,"Babine-Late-Wild","SEAK",10.1110997941759,0.0832610884757865,0.148351204782151,0.0496003176549884
"Sockeye",1977,39,"Babine-Late-Wild","SEAK",9.95691855165693,-0.0709201540431689,-0.0788036104580048,1.34246141103973
"Sockeye",1978,39,"Babine-Late-Wild","SEAK",9.8499403014448,-0.177898404255302,-0.236414382460084,1.4237056946428
"Sockeye",1979,39,"Babine-Late-Wild","SEAK",10.1986016301314,0.170762924431311,0.277267427371341,-0.293920077070834
"Sockeye",1980,39,"Babine-Late-Wild","SEAK",9.31436763644218,-0.713471069257921,-1.02547216782195,1.91871611926071
"Sockeye",1981,39,"Babine-Late-Wild","SEAK",10.8648449044757,0.837006198775641,1.25884187453586,1.96965585770037
"Sockeye",1982,39,"Babine-Late-Wild","SEAK",9.79986664758788,-0.227972058112217,-0.310187763738086,0.851872119498789
"Sockeye",1983,39,"Babine-Late-Wild","SEAK",9.4048978957865,-0.622940809913602,-0.892094177094746,1.2761007651254
"Sockeye",1984,39,"Babine-Late-Wild","SEAK",9.82902787844339,-0.198810827256703,-0.267224599743961,1.33164063954915
"Sockeye",1985,39,"Babine-Late-Wild","SEAK",9.85200309793155,-0.175835607768554,-0.233375269873041,-0.177952117746469
"Sockeye",1986,39,"Babine-Late-Wild","SEAK",9.94887300862207,-0.078965697078033,-0.0906570876497363,1.92502234276292
"Sockeye",1987,39,"Babine-Late-Wild","SEAK",10.2131998538971,0.185361148196994,0.298774951685919,1.78464437793996
"Sockeye",1988,39,"Babine-Late-Wild","SEAK",10.3893138025867,0.361475096886563,0.558243164694224,2.1769416950942
"Sockeye",1989,39,"Babine-Late-Wild","SEAK",9.87020734641287,-0.157631359287231,-0.206554998919182,2.03702766003361
"Sockeye",1990,39,"Babine-Late-Wild","SEAK",10.6712531693777,0.643414463677548,0.973623685216746,0.148467770071085
"Sockeye",1991,39,"Babine-Late-Wild","SEAK",10.7569944119454,0.729155706245239,1.09994603024215,-0.18947368267832
"Sockeye",1992,39,"Babine-Late-Wild","SEAK",10.6665946099493,0.638755904249218,0.966760241979819,0.116544404208594
"Sockeye",1993,39,"Babine-Late-Wild","SEAK",10.6328708087074,0.605032103007242,0.917075055149295,-0.643460965544547
"Sockeye",1994,39,"Babine-Late-Wild","SEAK",9.97660899877549,-0.0512297069246161,-0.0497937269978877,-1.32474706160027
"Sockeye",1995,39,"Babine-Late-Wild","SEAK",10.7034281857808,0.675589480080741,1.02102705145643,1.20077220528865
"Sockeye",1996,39,"Babine-Late-Wild","SEAK",10.7069856305917,0.679146924891611,1.026268225451,2.59688961117121
"Sockeye",1997,39,"Babine-Late-Wild","SEAK",9.14617914716404,-0.881659558536067,-1.27326382252211,0.681875062950724
"Sockeye",1998,39,"Babine-Late-Wild","SEAK",10.054493027793,0.0266543220929291,0.0649526061655926,1.08592583118716
"Sockeye",1999,39,"Babine-Late-Wild","SEAK",9.48487707747353,-0.542961628226565,-0.774261061066095,-0.039512692447939
"Sockeye",2000,39,"Babine-Late-Wild","SEAK",9.7483672771189,-0.279471428581204,-0.386061649515268,0.942139839366255
"Sockeye",2001,39,"Babine-Late-Wild","SEAK",10.8502956402302,0.822456934530078,1.23740648215229,-1.13517401075845
"Sockeye",2002,39,"Babine-Late-Wild","SEAK",11.2183744128545,1.19053570715441,1.77969596058235,1.31634810024187
"Sockeye",2003,39,"Babine-Late-Wild","SEAK",11.3403628414207,1.31252413572059,1.95942118850028,-0.373895010313643
"Sockeye",2004,39,"Babine-Late-Wild","SEAK",10.2973943157991,0.269555610098981,0.422818428863365,0.153989720522785
"Sockeye",2005,39,"Babine-Late-Wild","SEAK",9.68083159499698,-0.347007110703119,-0.48556179067307,-0.784118590696179
"Sockeye",2006,39,"Babine-Late-Wild","SEAK",8.99392770118184,-1.03391100451826,-1.49757547364842,0.440534387923187
"Sockeye",2007,39,"Babine-Late-Wild","SEAK",9.63342703806029,-0.394411667639806,-0.555402798545157,1.11067253618086
"Sockeye",2008,39,"Babine-Late-Wild","SEAK",9.9559379503462,-0.0719007553538995,-0.0802483277655324,-0.652926404030411
"Sockeye",2009,39,"Babine-Late-Wild","SEAK",10.0786708516545,0.0508321459543748,0.100573729866685,-0.640169918918109
"Sockeye",2010,39,"Babine-Late-Wild","SEAK",9.45310709873835,-0.574731606961748,-0.821067686384909,1.48144612400142
"Sockeye",2011,39,"Babine-Late-Wild","SEAK",10.349004010227,0.321165304526891,0.498854854636309,0.894883457235507
"Sockeye",2012,39,"Babine-Late-Wild","SEAK",10.8342030003336,0.806364294633478,1.21369723851982,0.428639376082953
"Sockeye",2013,39,"Babine-Late-Wild","SEAK",11.5964891196622,1.56865041396208,2.33677135419856,-0.27379967436002
"Sockeye",2014,39,"Babine-Late-Wild","SEAK",11.515474503835,1.48763579813494,2.21741273580045,1.08462291123008
"Sockeye",2015,39,"Babine-Late-Wild","SEAK",10.5453058487839,0.51746714308382,0.788065832185799,-0.809614346956912
"Sockeye",1960,40,"Babine-Mid-Wild","SEAK",10.1303257593844,0.10248705368427,0.176676768277399,1.30347030493637
"Sockeye",1961,40,"Babine-Mid-Wild","SEAK",10.7536591654354,0.72582045973527,1.09503222041435,-0.00689790775005755
"Sockeye",1962,40,"Babine-Mid-Wild","SEAK",9.28602854265108,-0.741810163049022,-1.06722407946191,1.29894088746036
"Sockeye",1963,40,"Babine-Mid-Wild","SEAK",8.84230877624617,-1.18552992945393,-1.72095523319626,1.13386636757857
"Sockeye",1964,40,"Babine-Mid-Wild","SEAK",9.59673001686732,-0.431108688832778,-0.609468422435359,0.231615416676873
"Sockeye",1965,40,"Babine-Mid-Wild","SEAK",9.91958161724939,-0.108257088450713,-0.133812016788215,1.42086935147321
"Sockeye",1966,40,"Babine-Mid-Wild","SEAK",9.87856300936804,-0.149275696332056,-0.19424462287225,0.499742512976192
"Sockeye",1967,40,"Babine-Mid-Wild","SEAK",9.3463637676504,-0.681474938049702,-0.978332352665064,0.174350272521373
"Sockeye",1968,40,"Babine-Mid-Wild","SEAK",9.57660660703977,-0.45123209866033,-0.639116188705095,-0.186264414343444
"Sockeye",1969,40,"Babine-Mid-Wild","SEAK",8.76585168348418,-1.26198702221592,-1.83359926496306,1.33639262904138
"Sockeye",1970,40,"Babine-Mid-Wild","SEAK",9.41592699633704,-0.61191170936306,-0.87584503253674,2.06617969523402
"Sockeye",1971,40,"Babine-Mid-Wild","SEAK",9.46138983805974,-0.566448867640359,-0.808864748534016,1.93364979726886
"Sockeye",1972,40,"Babine-Mid-Wild","SEAK",9.42620483398438,-0.601633871715728,-0.860702721619373,1.10091445357879
"Sockeye",1973,40,"Babine-Mid-Wild","SEAK",8.94707885834907,-1.08075984735104,-1.56659774940668,-0.172897869465736
"Sockeye",1974,40,"Babine-Mid-Wild","SEAK",9.01990412116051,-1.0079345845396,-1.45930448306324,-1.52494095134823
"Sockeye",1975,40,"Babine-Mid-Wild","SEAK",9.72161819471253,-0.306220510987568,-0.425471001603698,0.843130259781889
"Sockeye",1976,40,"Babine-Mid-Wild","SEAK",10.1110997941759,0.0832610884757865,0.148351204782151,0.0861287835678079
"Sockeye",1977,40,"Babine-Mid-Wild","SEAK",9.95691855165693,-0.0709201540431689,-0.0788036104580048,0.682412866782643
"Sockeye",1978,40,"Babine-Mid-Wild","SEAK",9.8499403014448,-0.177898404255302,-0.236414382460084,1.22782354058138
"Sockeye",1979,40,"Babine-Mid-Wild","SEAK",10.1986016301314,0.170762924431311,0.277267427371341,-0.57672900539315
"Sockeye",1980,40,"Babine-Mid-Wild","SEAK",9.31436763644218,-0.713471069257921,-1.02547216782195,1.23323572824285
"Sockeye",1981,40,"Babine-Mid-Wild","SEAK",10.8648449044757,0.837006198775641,1.25884187453586,0.98750139341903
"Sockeye",1982,40,"Babine-Mid-Wild","SEAK",9.79986664758788,-0.227972058112217,-0.310187763738086,1.18323862256869
"Sockeye",1983,40,"Babine-Mid-Wild","SEAK",9.4048978957865,-0.622940809913602,-0.892094177094746,1.11966488453577
"Sockeye",1984,40,"Babine-Mid-Wild","SEAK",9.82902787844339,-0.198810827256703,-0.267224599743961,1.99456899495884
"Sockeye",1985,40,"Babine-Mid-Wild","SEAK",9.85200309793155,-0.175835607768554,-0.233375269873041,0.0967478745933854
"Sockeye",1986,40,"Babine-Mid-Wild","SEAK",9.94887300862207,-0.078965697078033,-0.0906570876497363,2.6047990674464
"Sockeye",1987,40,"Babine-Mid-Wild","SEAK",10.2131998538971,0.185361148196994,0.298774951685919,0.641325894973466
"Sockeye",1988,40,"Babine-Mid-Wild","SEAK",10.3893138025867,0.361475096886563,0.558243164694224,0.858428699873208
"Sockeye",1989,40,"Babine-Mid-Wild","SEAK",9.87020734641287,-0.157631359287231,-0.206554998919182,1.51419877780376
"Sockeye",1990,40,"Babine-Mid-Wild","SEAK",10.6712531693777,0.643414463677548,0.973623685216746,0.648966257134148
"Sockeye",1991,40,"Babine-Mid-Wild","SEAK",10.7569944119454,0.729155706245239,1.09994603024215,-0.121127653226431
"Sockeye",1992,40,"Babine-Mid-Wild","SEAK",10.6665946099493,0.638755904249218,0.966760241979819,2.55879108429438
"Sockeye",1993,40,"Babine-Mid-Wild","SEAK",10.6328708087074,0.605032103007242,0.917075055149295,0.978983349168458
"Sockeye",1994,40,"Babine-Mid-Wild","SEAK",9.97660899877549,-0.0512297069246161,-0.0497937269978877,-0.37752594100766
"Sockeye",1995,40,"Babine-Mid-Wild","SEAK",10.7034281857808,0.675589480080741,1.02102705145643,1.55764051772507
"Sockeye",1996,40,"Babine-Mid-Wild","SEAK",10.7069856305917,0.679146924891611,1.026268225451,2.94261604488663
"Sockeye",1997,40,"Babine-Mid-Wild","SEAK",9.14617914716404,-0.881659558536067,-1.27326382252211,-0.0481110049132439
"Sockeye",1998,40,"Babine-Mid-Wild","SEAK",10.054493027793,0.0266543220929291,0.0649526061655926,2.00056277404069
"Sockeye",1999,40,"Babine-Mid-Wild","SEAK",9.48487707747353,-0.542961628226565,-0.774261061066095,0.798989495372954
"Sockeye",2000,40,"Babine-Mid-Wild","SEAK",9.7483672771189,-0.279471428581204,-0.386061649515268,1.55314613934535
"Sockeye",2001,40,"Babine-Mid-Wild","SEAK",10.8502956402302,0.822456934530078,1.23740648215229,-0.436092176361956
"Sockeye",2002,40,"Babine-Mid-Wild","SEAK",11.2183744128545,1.19053570715441,1.77969596058235,0.695351566411794
"Sockeye",2003,40,"Babine-Mid-Wild","SEAK",11.3403628414207,1.31252413572059,1.95942118850028,-2.37653356772744
"Sockeye",2004,40,"Babine-Mid-Wild","SEAK",10.2973943157991,0.269555610098981,0.422818428863365,-0.219805724092757
"Sockeye",2005,40,"Babine-Mid-Wild","SEAK",9.68083159499698,-0.347007110703119,-0.48556179067307,-1.22010859289215
"Sockeye",2006,40,"Babine-Mid-Wild","SEAK",8.99392770118184,-1.03391100451826,-1.49757547364842,1.27387760604754
"Sockeye",2007,40,"Babine-Mid-Wild","SEAK",9.63342703806029,-0.394411667639806,-0.555402798545157,2.46790072456416
"Sockeye",2008,40,"Babine-Mid-Wild","SEAK",9.9559379503462,-0.0719007553538995,-0.0802483277655324,0.658030353103305
"Sockeye",2009,40,"Babine-Mid-Wild","SEAK",10.0786708516545,0.0508321459543748,0.100573729866685,-1.02728207783806
"Sockeye",2010,40,"Babine-Mid-Wild","SEAK",9.45310709873835,-0.574731606961748,-0.821067686384909,2.49756372676432
"Sockeye",2011,40,"Babine-Mid-Wild","SEAK",10.349004010227,0.321165304526891,0.498854854636309,0.891068329980949
"Sockeye",2012,40,"Babine-Mid-Wild","SEAK",10.8342030003336,0.806364294633478,1.21369723851982,-0.741197199037941
"Sockeye",2013,40,"Babine-Mid-Wild","SEAK",11.5964891196622,1.56865041396208,2.33677135419856,0.641000075734355
"Sockeye",2014,40,"Babine-Mid-Wild","SEAK",11.515474503835,1.48763579813494,2.21741273580045,0.737268033350947
"Sockeye",2015,40,"Babine-Mid-Wild","SEAK",10.5453058487839,0.51746714308382,0.788065832185799,-0.530653722287281
"Sockeye",1960,45,"Lakelse","SEAK",10.1372152190738,0.109376513373729,0.234980654757776,2.0780212819897
"Sockeye",1961,45,"Lakelse","SEAK",10.7386777708265,0.710839065126454,1.13532741287521,1.49881808273858
"Sockeye",1962,45,"Lakelse","SEAK",9.28121676074135,-0.746621944958753,-1.04638829276403,0.879577215655165
"Sockeye",1963,45,"Lakelse","SEAK",8.84998313585917,-1.17785556984093,-1.69191442738782,0.512581702316569
"Sockeye",1964,45,"Lakelse","SEAK",9.60006613625421,-0.427772569445893,-0.569093404272294,-0.896030241174219
"Sockeye",1965,45,"Lakelse","SEAK",9.9193309572008,-0.108507748499303,-0.0911766234477075,-1.7889452752347
"Sockeye",1966,45,"Lakelse","SEAK",9.8729948149787,-0.1548438907214,-0.160538540181775,-1.40932321156172
"Sockeye",1967,45,"Lakelse","SEAK",9.34900230566661,-0.678836400033489,-0.944918142306887,-1.38459346353784
"Sockeye",1968,45,"Lakelse","SEAK",9.56804149097867,-0.459797214721435,-0.617032025670537,-1.49071743881141
"Sockeye",1969,45,"Lakelse","SEAK",8.77253879494137,-1.25529991075873,-1.80784311002432,-0.833108380905001
"Sockeye",1970,45,"Lakelse","SEAK",9.41640216350556,-0.611436542194549,-0.844025338048288,-0.538367422061141
"Sockeye",1971,45,"Lakelse","SEAK",9.46118038018545,-0.566658325514657,-0.776995525295132,0.147984320291196
"Sockeye",1972,45,"Lakelse","SEAK",9.42124897056156,-0.606589735138546,-0.83677001183159,0.163955436845634
"Sockeye",1973,45,"Lakelse","SEAK",8.9476097838084,-1.08022892189171,-1.54577426333137,1.12014872063863
"Sockeye",1974,45,"Lakelse","SEAK",9.02701261891259,-1.00082608678752,-1.42691385387933,1.05567398066396
"Sockeye",1975,45,"Lakelse","SEAK",9.72568145857917,-0.302157247120931,-0.381056180848196,1.65915116152299
"Sockeye",1976,45,"Lakelse","SEAK",10.1095481289758,0.081709423275659,0.19356498423307,1.33339940295267
"Sockeye",1977,45,"Lakelse","SEAK",9.95569531228807,-0.0721433934120315,-0.0367417644220756,1.8505849933804
"Sockeye",1978,45,"Lakelse","SEAK",9.85383229096731,-0.174006414732792,-0.189223478788058,0.808441192492606
"Sockeye",1979,45,"Lakelse","SEAK",10.1889810784658,0.161142372765687,0.312470472783676,0.137741337030755
"Sockeye",1980,45,"Lakelse","SEAK",9.33068747573428,-0.697151229965818,-0.972334143032106,0.160624539704563
"Sockeye",1981,45,"Lakelse","SEAK",10.8539958567089,0.826157151008849,1.30795040407218,0.308942457653048
"Sockeye",1982,45,"Lakelse","SEAK",9.79565977308485,-0.232178932615247,-0.276303609935656,-1.3939822441887
"Sockeye",1983,45,"Lakelse","SEAK",9.409263920784,-0.618574784916103,-0.85471078084814,-0.482580227418774
"Sockeye",1984,45,"Lakelse","SEAK",9.82923639774322,-0.198602307956878,-0.226041785535128,0.149617717895501
"Sockeye",1985,45,"Lakelse","SEAK",9.85291938039992,-0.174919325300182,-0.190590041124159,-1.92713103761376
"Sockeye",1986,45,"Lakelse","SEAK",9.95153651237489,-0.0763021933252186,-0.0429671927693362,0.366237992775195
"Sockeye",1987,45,"Lakelse","SEAK",10.2151888476478,0.187350141947672,0.351701643455447,1.13287551662053
"Sockeye",1988,45,"Lakelse","SEAK",10.3837076542113,0.355868948511158,0.603962338205452,0.561792058384564
"Sockeye",1989,45,"Lakelse","SEAK",9.87843732515971,-0.149401380540393,-0.152391488660095,0.141997399285387
"Sockeye",1990,45,"Lakelse","SEAK",10.6721657975515,0.644327091851376,1.03576370880136,2.33709708601436
"Sockeye",1991,45,"Lakelse","SEAK",10.7560665151808,0.728227809480696,1.16135712920825,0.967449413762257
"Sockeye",1992,45,"Lakelse","SEAK",10.6664633380042,0.638624632304112,1.0272275315253,0.360676436961621
"Sockeye",1993,45,"Lakelse","SEAK",10.6258740011851,0.598035295484998,0.966468174666367,-0.723822070828059
"Sockeye",1994,45,"Lakelse","SEAK",9.98408517201742,-0.0437535336826829,0.00575584095042994,1.26971005917183
"Sockeye",1999,45,"Lakelse","SEAK",9.48724571122063,-0.540592994479465,-0.737977574421207,-0.658047190700576
"Sockeye",2001,45,"Lakelse","SEAK",10.8540412680308,0.826202562330701,1.30801838159845,-0.790187165034589
"Sockeye",2003,45,"Lakelse","SEAK",11.3298002099991,1.30196150429897,2.02019575623011,1.03886150757938
"Sockeye",2004,45,"Lakelse","SEAK",10.2912632232243,0.26342451752412,0.465579585193409,0.688360951899122
"Sockeye",2005,45,"Lakelse","SEAK",9.67354934798347,-0.354289357716635,-0.459094250935654,0.840273641054544
"Sockeye",2006,45,"Lakelse","SEAK",9.00041905668047,-1.02741964901963,-1.46672252936995,2.32027610831217
"Sockeye",2007,45,"Lakelse","SEAK",9.63670632256402,-0.391132383136081,-0.514245645480454,1.58303912911598
"Sockeye",2008,45,"Lakelse","SEAK",9.95741138882107,-0.0704273168790324,-0.0341729196308835,1.36877391303217
"Sockeye",2009,45,"Lakelse","SEAK",10.0719406414032,0.0441019357030965,0.137269244093925,0.847427469304699
"Sockeye",2010,45,"Lakelse","SEAK",9.46219597922431,-0.565642726475789,-0.775475245604356,0.289532126692138
"Sockeye",2011,45,"Lakelse","SEAK",10.3537625116772,0.325923805977112,0.559136584842545,0.316484525947293
"Sockeye",2012,45,"Lakelse","SEAK",10.8420777834786,0.814239077778535,1.29010989419397,-0.359698194728602
"Sockeye",2013,45,"Lakelse","SEAK",11.5959665044149,1.56812779871478,2.41862781089263,-0.807065567360163
"Sockeye",2014,45,"Lakelse","SEAK",11.5053675248888,1.47752881918868,2.28300756775801,-0.268998156666961
"Sockeye",2015,45,"Lakelse","SEAK",10.5487086163626,0.520869910662581,0.850957069508966,-1.49753964740875
"Sockeye",1960,48,"Morice","SEAK",10.218828818472,0.190990112771926,0.365357011199311,1.69471182780883
"Sockeye",1961,48,"Morice","SEAK",10.5612058654606,0.533367159760487,0.885160337755863,1.26801855022351
"Sockeye",1962,48,"Morice","SEAK",9.22421565196453,-0.803623053735564,-1.14468356288395,1.45856230757956
"Sockeye",1963,48,"Morice","SEAK",8.94089478050542,-1.08694392519469,-1.57482668364132,2.1839876273245
"Sockeye",1964,48,"Morice","SEAK",9.63958631976038,-0.388252385939718,-0.514059936757776,0.77700847731321
"Sockeye",1965,48,"Morice","SEAK",9.91636159970211,-0.111477105997995,-0.0938544571914586,0.634262099528863
"Sockeye",1966,48,"Morice","SEAK",9.80703312759725,-0.220805578102849,-0.259839017159191,0.910460514810672
"Sockeye",1967,48,"Morice","SEAK",9.3802588329356,-0.647579872764501,-0.907775845884056,0.976046761240402
"Sockeye",1968,48,"Morice","SEAK",9.46657780840866,-0.561260897291445,-0.776724740120686,0.882754222977408
"Sockeye",1969,48,"Morice","SEAK",8.85175534604961,-1.1760833596505,-1.71015986372756,0.736269709690895
"Sockeye",1970,48,"Morice","SEAK",9.42203106688638,-0.605807638813723,-0.844356448011749,-1.95245634715272
"Sockeye",1971,48,"Morice","SEAK",9.45869910998222,-0.569139595717881,-0.788686329505895,-1.66809805342037
"Sockeye",1972,48,"Morice","SEAK",9.36254105001434,-0.66529765568577,-0.934675319965886,-0.188746785680019
"Sockeye",1973,48,"Morice","SEAK",8.95389920848048,-1.07393949721963,-1.55508311443638,0.443012362552372
"Sockeye",1974,48,"Morice","SEAK",9.11122097689882,-0.916617728801293,-1.31623422172325,0.295842143892734
"Sockeye",1975,48,"Morice","SEAK",9.77381550746086,-0.254023198239238,-0.310270638084304,1.94513784859573
"Sockeye",1976,48,"Morice","SEAK",10.0911668642974,0.0633281585972255,0.171538211024497,3.7175146462949
"Sockeye",1977,48,"Morice","SEAK",9.94120463053385,-0.0866340751662489,-0.0561372965883409,2.65737570361814
"Sockeye",1978,48,"Morice","SEAK",9.89993739761859,-0.127901308081518,-0.118789992310253,2.91868189590156
"Sockeye",1979,48,"Morice","SEAK",10.0750145433499,0.0471758376498322,0.147015451003307,2.37863376856912
"Sockeye",1980,48,"Morice","SEAK",9.52401480273303,-0.503823902967067,-0.689522805937818,2.65124726673794
"Sockeye",1981,48,"Morice","SEAK",10.7254763677793,0.697637662079167,1.13455893007218,1.98572907806358
"Sockeye",1982,48,"Morice","SEAK",9.7458244905105,-0.282014215189599,-0.352767130920124,0.754233002130923
"Sockeye",1983,48,"Morice","SEAK",9.46098452460053,-0.566854181099574,-0.785216569685236,0.310032249417788
"Sockeye",1984,48,"Morice","SEAK",9.83170654944884,-0.196132156251258,-0.222379360126695,1.15567623752489
"Sockeye",1985,48,"Morice","SEAK",9.86377380348679,-0.164064902213315,-0.173694246831079,2.2047528961399
"Sockeye",1986,48,"Morice","SEAK",9.98308878760054,-0.0447499180995718,0.00745202508135383,2.65020281023499
"Sockeye",1987,48,"Morice","SEAK",10.2387507736174,0.210912067917244,0.395602901357926,2.22520512022413
"Sockeye",1992,48,"Morice","SEAK",10.6649082703468,0.637069564646708,1.04260329576342,0.972838902578588
"Sockeye",1993,48,"Morice","SEAK",10.5429887428447,0.515150037144571,0.857502756678711,-0.0809634385402223
"Sockeye",1995,48,"Morice","SEAK",10.7104095674172,0.682570861717141,1.11168422799262,-1.52118991229742
"Sockeye",1996,48,"Morice","SEAK",10.496487452128,0.468648746427897,0.786903615129049,-1.76208545023754
"Sockeye",1997,48,"Morice","SEAK",9.26883351409538,-0.759005191604724,-1.07694387833603,-0.699998945635942
"Sockeye",1998,48,"Morice","SEAK",9.97811511406529,-0.0497235916347892,-9.91004147973869e-05,1.19695584790618
"Sockeye",1999,48,"Morice","SEAK",9.51530491099398,-0.512533794706116,-0.702746328775365,0.00344758451080097
"Sockeye",2000,48,"Morice","SEAK",9.89281254049041,-0.135026165209697,-0.129607085538442,1.51899980005672
"Sockeye",2001,48,"Morice","SEAK",10.8984125512074,0.870573845507318,1.39711392380969,1.93097197396367
"Sockeye",2002,48,"Morice","SEAK",11.238726471469,1.21088776576883,1.91378497223818,2.09028442673739
"Sockeye",2003,48,"Morice","SEAK",11.2046736531584,1.17683494745826,1.86208533760394,0.38542641637365
"Sockeye",2004,48,"Morice","SEAK",10.2186333573374,0.190794651637301,0.365060258397439,0.70260854340462
"Sockeye",2005,48,"Morice","SEAK",9.58728272951566,-0.440555976184438,-0.593468239502336,0.443851440189888
"Sockeye",2006,48,"Morice","SEAK",9.07731665258734,-0.950522053112764,-1.3677084099516,-0.570836119185415
"Sockeye",2007,48,"Morice","SEAK",9.67555323130045,-0.352285474399649,-0.459454289478162,-1.51153854500445
"Sockeye",2008,48,"Morice","SEAK",9.97486596767719,-0.0529727380229144,-0.00503201608736322,-0.167892529873847
"Sockeye",2009,48,"Morice","SEAK",9.99221353534958,-0.035625170350508,0.0213053901818222,-0.120660461530355
"Sockeye",2010,48,"Morice","SEAK",9.56986425575028,-0.457974449949819,-0.619913296746742,0.994272173559976
"Sockeye",2011,48,"Morice","SEAK",10.4101324519336,0.382293746233574,0.655797815950577,1.52676355769353
"Sockeye",2012,48,"Morice","SEAK",10.9353636761201,0.907524970419977,1.45321382249901,0.950260119114219
"Sockeye",2013,48,"Morice","SEAK",11.589775523793,1.56193681809289,2.44675430177583,1.00848045388362
"Sockeye",2014,48,"Morice","SEAK",11.3856386973715,1.35779999167143,2.13682990006756,0.476214464662488
"Sockeye",2015,48,"Morice","SEAK",10.5890183246034,0.561179618903284,0.927385740741557,0.126632900384189
"Sockeye",1982,56,"Lower Nass-Portland","SEAK",9.72127474458808,-0.238517873568299,-0.741636371209519,1.50378635109449
"Sockeye",1983,56,"Lower Nass-Portland","SEAK",9.36696199863385,-0.592830619522538,-1.31631809841932,-0.214086899022945
"Sockeye",1984,56,"Lower Nass-Portland","SEAK",9.74254908496498,-0.217243533191407,-0.707130204517393,-1.20464544245497
"Sockeye",1985,56,"Lower Nass-Portland","SEAK",9.79755810376926,-0.162234514387131,-0.617907679221505,-0.932834731043315
"Sockeye",1986,56,"Lower Nass-Portland","SEAK",9.94864314719142,-0.011149470964954,-0.37285351534833,0.476608021692044
"Sockeye",1987,56,"Lower Nass-Portland","SEAK",10.1803816054213,0.220588987264991,0.00301740365530476,-0.0428418041589437
"Sockeye",1988,56,"Lower Nass-Portland","SEAK",10.2382378336915,0.278445215535072,0.096857993845049,-0.298470404582953
"Sockeye",1989,56,"Lower Nass-Portland","SEAK",9.86990195582056,-0.0898906623358306,-0.50056871717575,-0.408665324453213
"Sockeye",1990,56,"Lower Nass-Portland","SEAK",10.5668731284753,0.607080510318903,0.629891877003368,1.22502429178887
"Sockeye",1991,56,"Lower Nass-Portland","SEAK",10.6672266407502,0.70743402259381,0.792661437015646,2.79209722289339
"Sockeye",1992,56,"Lower Nass-Portland","SEAK",10.5688270314942,0.609034413337816,0.633061032994878,2.35918676065875
"Sockeye",1993,56,"Lower Nass-Portland","SEAK",10.45712672688,0.497334108723648,0.451887409639477,3.77647985512572
"Sockeye",1994,56,"Lower Nass-Portland","SEAK",9.99986243325421,0.0400698150978235,-0.289777791663212,0.678690285839134
"Sockeye",1995,56,"Lower Nass-Portland","SEAK",10.6385961488577,0.678803530701318,0.746223873818953,1.96824164606945
"Sockeye",1996,56,"Lower Nass-Portland","SEAK",10.4213990481287,0.461606429972316,0.393938480710275,1.02438838463862
"Sockeye",1997,56,"Lower Nass-Portland","SEAK",9.21421674891415,-0.745575869242236,-1.56406505343105,0.24414948737832
"Sockeye",1998,56,"Lower Nass-Portland","SEAK",9.91945669029511,-0.0403359278612619,-0.420192832524549,-1.92990002385338
"Sockeye",1999,56,"Lower Nass-Portland","SEAK",9.45248005981119,-0.507312558345194,-1.1776110728714,1.10172226560995
"Sockeye",2000,56,"Lower Nass-Portland","SEAK",9.80566945192141,-0.154123166234974,-0.604751382646491,1.61327179574055
"Sockeye",2001,56,"Lower Nass-Portland","SEAK",10.8351164012077,0.875323783051365,1.06497220941176,1.03362351823398
"Sockeye",2002,56,"Lower Nass-Portland","SEAK",11.1674670799981,1.20767446184169,1.60403230337531,2.86233441722206
"Sockeye",2003,56,"Lower Nass-Portland","SEAK",11.1599417819121,1.2001491637557,1.59182655760069,1.91322401770484
"Sockeye",2004,56,"Lower Nass-Portland","SEAK",10.1555621764802,0.195769558323869,-0.0372387611457407,2.3085684623676
"Sockeye",2005,56,"Lower Nass-Portland","SEAK",9.53213410196141,-0.427658516194973,-1.04841526198165,1.64651193192686
"Sockeye",2006,56,"Lower Nass-Portland","SEAK",9.04036009270921,-0.919432525447181,-1.84605390259225,1.89809242042551
"Sockeye",2007,56,"Lower Nass-Portland","SEAK",9.62421954489162,-0.335573073264769,-0.899056194326645,1.23767540309078
"Sockeye",2008,56,"Lower Nass-Portland","SEAK",9.94486800440356,-0.0149246137528262,-0.378976652612148,1.32157978119555
"Sockeye",2009,56,"Lower Nass-Portland","SEAK",9.97996197101397,0.020169352857586,-0.322055580546286,1.4105389142609
"Sockeye",2010,56,"Lower Nass-Portland","SEAK",9.51159589351752,-0.448196724638869,-1.08172745082359,0.888281347905913
"Sockeye",2011,56,"Lower Nass-Portland","SEAK",10.3238252315969,0.36403261344057,0.235677480915032,1.2304930357289
"Sockeye",2012,56,"Lower Nass-Portland","SEAK",10.845719289148,0.885926670991575,1.08216968826193,1.06552851608781
"Sockeye",2013,56,"Lower Nass-Portland","SEAK",11.494997404233,1.53520478607662,2.13527396655055,-0.357620459770152
"Sockeye",2014,56,"Lower Nass-Portland","SEAK",11.3369746431937,1.37718202503737,1.87896708995789,0.542043073321953
"Sockeye",2015,56,"Lower Nass-Portland","SEAK",10.5397367559539,0.579944137797514,0.58587771830072,0.804207090841415
"Sockeye",1982,57,"Meziadin","SEAK",9.72127474458808,-0.238517873568299,-0.741636371209519,0.221645437702183
"Sockeye",1983,57,"Meziadin","SEAK",9.36696199863385,-0.592830619522538,-1.31631809841932,0.751582944906931
"Sockeye",1984,57,"Meziadin","SEAK",9.74254908496498,-0.217243533191407,-0.707130204517393,0.0876349563331352
"Sockeye",1985,57,"Meziadin","SEAK",9.79755810376926,-0.162234514387131,-0.617907679221505,-0.0135877729034365
"Sockeye",1986,57,"Meziadin","SEAK",9.94864314719142,-0.011149470964954,-0.37285351534833,1.48686146405581
"Sockeye",1987,57,"Meziadin","SEAK",10.1803816054213,0.220588987264991,0.00301740365530476,2.19714068623654
"Sockeye",1988,57,"Meziadin","SEAK",10.2382378336915,0.278445215535072,0.096857993845049,2.68090249118498
"Sockeye",1989,57,"Meziadin","SEAK",9.86990195582056,-0.0898906623358306,-0.50056871717575,2.8771365239851
"Sockeye",1990,57,"Meziadin","SEAK",10.5668731284753,0.607080510318903,0.629891877003368,1.36549430963064
"Sockeye",1991,57,"Meziadin","SEAK",10.6672266407502,0.70743402259381,0.792661437015646,1.59834524768594
"Sockeye",1992,57,"Meziadin","SEAK",10.5688270314942,0.609034413337816,0.633061032994878,-0.389267967250699
"Sockeye",1993,57,"Meziadin","SEAK",10.45712672688,0.497334108723648,0.451887409639477,0.249291494640792
"Sockeye",1994,57,"Meziadin","SEAK",9.99986243325421,0.0400698150978235,-0.289777791663212,1.44009565113759
"Sockeye",1995,57,"Meziadin","SEAK",10.6385961488577,0.678803530701318,0.746223873818953,0.991219043238068
"Sockeye",1996,57,"Meziadin","SEAK",10.4213990481287,0.461606429972316,0.393938480710275,0.456841200589517
"Sockeye",1997,57,"Meziadin","SEAK",9.21421674891415,-0.745575869242236,-1.56406505343105,1.61950819326379
"Sockeye",1998,57,"Meziadin","SEAK",9.91945669029511,-0.0403359278612619,-0.420192832524549,1.96053947805577
"Sockeye",1999,57,"Meziadin","SEAK",9.45248005981119,-0.507312558345194,-1.1776110728714,1.33341546410126
"Sockeye",2000,57,"Meziadin","SEAK",9.80566945192141,-0.154123166234974,-0.604751382646491,1.46519443056231
"Sockeye",2001,57,"Meziadin","SEAK",10.8351164012077,0.875323783051365,1.06497220941176,1.31203818494062
"Sockeye",2002,57,"Meziadin","SEAK",11.1674670799981,1.20767446184169,1.60403230337531,0.126277718326013
"Sockeye",2003,57,"Meziadin","SEAK",11.1599417819121,1.2001491637557,1.59182655760069,0.208967919709969
"Sockeye",2004,57,"Meziadin","SEAK",10.1555621764802,0.195769558323869,-0.0372387611457407,1.00091818676461
"Sockeye",2005,57,"Meziadin","SEAK",9.53213410196141,-0.427658516194973,-1.04841526198165,0.684897393749843
"Sockeye",2006,57,"Meziadin","SEAK",9.04036009270921,-0.919432525447181,-1.84605390259225,0.808715796617232
"Sockeye",2007,57,"Meziadin","SEAK",9.62421954489162,-0.335573073264769,-0.899056194326645,1.28726154397597
"Sockeye",2008,57,"Meziadin","SEAK",9.94486800440356,-0.0149246137528262,-0.378976652612148,0.736880157187877
"Sockeye",2009,57,"Meziadin","SEAK",9.97996197101397,0.020169352857586,-0.322055580546286,0.838436879293658
"Sockeye",2010,57,"Meziadin","SEAK",9.51159589351752,-0.448196724638869,-1.08172745082359,0.563273136779329
"Sockeye",2011,57,"Meziadin","SEAK",10.3238252315969,0.36403261344057,0.235677480915032,0.709510121087159
"Sockeye",2012,57,"Meziadin","SEAK",10.845719289148,0.885926670991575,1.08216968826193,-0.00870451487591628
"Sockeye",2013,57,"Meziadin","SEAK",11.494997404233,1.53520478607662,2.13527396655055,-0.308331750416458
"Sockeye",2014,57,"Meziadin","SEAK",11.3369746431937,1.37718202503737,1.87896708995789,-0.136157289070903
"Sockeye",2015,57,"Meziadin","SEAK",10.5397367559539,0.579944137797514,0.58587771830072,0.0328755736652517
"Sockeye",1982,70,"Redoubt","SEAK",9.22450498465251,0.00701054211170399,-0.290491159785854,2.71329955698835
"Sockeye",1983,70,"Redoubt","SEAK",8.45315458564364,-0.764339856897169,-1.52547673466658,1.62265723748108
"Sockeye",1984,70,"Redoubt","SEAK",8.84894223472776,-0.368552207813047,-0.891793212932612,1.46604471969995
"Sockeye",1985,70,"Redoubt","SEAK",8.92188664752351,-0.295607795017296,-0.775004140564658,2.16966440328155
"Sockeye",1986,70,"Redoubt","SEAK",9.18416431885499,-0.0333301236858124,-0.355079368212313,0.109058507372225
"Sockeye",1987,70,"Redoubt","SEAK",9.34495685343206,0.127462410891261,-0.0976393500229761,0.00224293918941626
"Sockeye",1988,70,"Redoubt","SEAK",9.4167969267326,0.199302484191797,0.0173815980941655,2.3083189305868
"Sockeye",1989,70,"Redoubt","SEAK",8.99758976676761,-0.2199046757732,-0.653798187524296,-0.13142492009539
"Sockeye",1990,70,"Redoubt","SEAK",9.51765101370727,0.300156571166468,0.178855997720492,-0.477533857609751
"Sockeye",1991,70,"Redoubt","SEAK",9.81654696952662,0.599052526985816,0.657409187426998,-0.224627842837644
"Sockeye",1992,70,"Redoubt","SEAK",9.64106179632379,0.423567353782986,0.376445234093452,1.24230477510289
"Sockeye",1993,70,"Redoubt","SEAK",9.42959399102003,0.212099548479222,0.0378705870362829,0.512032026635103
"Sockeye",1994,70,"Redoubt","SEAK",9.27559522531442,0.0581007827736125,-0.208692135223587,0.599055095142433
"Sockeye",1995,70,"Redoubt","SEAK",9.86181709639419,0.644322653853393,0.729889805478555,-1.9193394622479
"Sockeye",1996,70,"Redoubt","SEAK",9.53754923188475,0.32005478934395,0.210714427361023,-0.939143453428732
"Sockeye",1997,70,"Redoubt","SEAK",8.39412626205817,-0.823368180482633,-1.61998518145174,-0.0590859072901078
"Sockeye",1998,70,"Redoubt","SEAK",9.11518571166597,-0.102308730874832,-0.465518910297548,0.708518032025448
"Sockeye",1999,70,"Redoubt","SEAK",8.77920851574846,-0.438285926792335,-1.00344174145203,0.0745160238855044
"Sockeye",2000,70,"Redoubt","SEAK",9.07388354400205,-0.143610898538746,-0.531646550008087,3.40416132257726
"Sockeye",2001,70,"Redoubt","SEAK",10.0538857861807,0.83639134363986,1.03740512092704,3.01920696052686
"Sockeye",2002,70,"Redoubt","SEAK",10.3796260716083,1.16213162906748,1.55893794722433,1.78417141741998
"Sockeye",2003,70,"Redoubt","SEAK",10.5477655093628,1.33027106682196,1.82814086779344,-1.73533578123484
"Sockeye",2004,70,"Redoubt","SEAK",9.35338222832369,0.135887785782889,-0.0841497395068057,-1.4981284931967
"Sockeye",2005,70,"Redoubt","SEAK",8.73498425925272,-0.482510183288085,-1.0742478483812,-1.86405652211191
"Sockeye",2006,70,"Redoubt","SEAK",8.45258452327999,-0.764909919260814,-1.52638944411327,-1.23331935367538
"Sockeye",2007,70,"Redoubt","SEAK",9.03966996334008,-0.177824479200721,-0.586424869481117,-0.789751932461829
"Sockeye",2008,70,"Redoubt","SEAK",9.30830300724718,0.0908085647063759,-0.156324704124556,1.92200645979584
"Sockeye",2009,70,"Redoubt","SEAK",9.36888363348661,0.15138919094581,-0.0593309129512123,0.683473683053281
"Sockeye",2010,70,"Redoubt","SEAK",8.66085596132561,-0.5566384812152,-1.19293240308951,0.0779600842525159
"Sockeye",2011,70,"Redoubt","SEAK",9.5943450554306,0.376850612889797,0.301648486489948,0.168248522717242
"Sockeye",2012,70,"Redoubt","SEAK",10.2876854315171,1.07019098897629,1.41173459527972,0.0366633005104745
"Sockeye",2013,70,"Redoubt","SEAK",10.7507876527098,1.53329321016898,2.15319342333384,-0.756595180173718
"Sockeye",2014,70,"Redoubt","SEAK",10.6677200012799,1.45022555873916,2.02019634264669,2.39395218875252
"Sockeye",2015,70,"Redoubt","SEAK",9.76728851072887,0.549794068188071,0.578542972883986,0.656586161210159
"Sockeye",1976,71,"Chilkoot","SEAK",9.09555039632015,-0.0939225166961332,-0.443702950144523,0.54835303015041
"Sockeye",1977,71,"Chilkoot","SEAK",9.07438441965316,-0.11508849336313,-0.479141646350455,1.09930016311195
"Sockeye",1978,71,"Chilkoot","SEAK",9.08945472126333,-0.100018191752951,-0.453909083313208,2.06372452373411
"Sockeye",1979,71,"Chilkoot","SEAK",9.48045849961094,0.290985586594652,0.200757806584587,1.29382237118528
"Sockeye",1980,71,"Chilkoot","SEAK",8.55773374231453,-0.631739170701762,-1.3441821161031,0.773079962012576
"Sockeye",1981,71,"Chilkoot","SEAK",10.0902031903186,0.900730277302256,1.22166778853972,1.19031372346343
"Sockeye",1982,71,"Chilkoot","SEAK",9.30791094384643,0.118438030830136,-0.0881426540943355,1.2198537188912
"Sockeye",1983,71,"Chilkoot","SEAK",8.38849453946465,-0.800978373551643,-1.6275433231143,1.66006778070395
"Sockeye",1984,71,"Chilkoot","SEAK",8.77149378326204,-0.417979129754248,-0.986278615060394,1.25417805004202
"Sockeye",1985,71,"Chilkoot","SEAK",8.90470165350498,-0.284771259511306,-0.763245521901052,1.19805870447805
"Sockeye",1986,71,"Chilkoot","SEAK",9.24664604551772,0.0571731325014329,-0.190719924877383,1.2144849302934
"Sockeye",1987,71,"Chilkoot","SEAK",9.36435898903089,0.174886076014604,0.00636964534660021,0.909863019133487
"Sockeye",1988,71,"Chilkoot","SEAK",9.38657812085926,0.197105207842975,0.043571664190972,-0.172102521929304
"Sockeye",1989,71,"Chilkoot","SEAK",8.89052090742649,-0.298952005589793,-0.7869886810359,-0.0528091584803343
"Sockeye",1990,71,"Chilkoot","SEAK",9.36628627546832,0.176813362452037,0.00959654669079815,-1.7296822965631
"Sockeye",1991,71,"Chilkoot","SEAK",9.74961884712561,0.560145934109331,0.651419353477857,-0.201551552405133
"Sockeye",1992,71,"Chilkoot","SEAK",9.54842869656718,0.358955783550892,0.314561917724206,0.0276549286567792
"Sockeye",1993,71,"Chilkoot","SEAK",9.34249726876235,0.153024355746063,-0.0302339508552196,-1.1476645839651
"Sockeye",1994,71,"Chilkoot","SEAK",9.21549579921951,0.0260228862032222,-0.242875520277974,-0.359996428937837
"Sockeye",1995,71,"Chilkoot","SEAK",9.81643270700406,0.626959793987774,0.763287382051744,1.96708215098056
"Sockeye",1996,71,"Chilkoot","SEAK",9.47465109012066,0.285178177104375,0.191034323283659,1.05675591427886
"Sockeye",1997,71,"Chilkoot","SEAK",8.38484547914603,-0.804627433870258,-1.63365303126068,0.718515265221319
"Sockeye",1998,71,"Chilkoot","SEAK",9.09650502380142,-0.0929678892148604,-0.44210459473523,1.67166834027405
"Sockeye",1999,71,"Chilkoot","SEAK",8.7607565452706,-0.428716367745678,-1.00425622702018,2.22427030459265
"Sockeye",2000,71,"Chilkoot","SEAK",9.00062223632112,-0.188850676695173,-0.602643417505029,0.853689643152131
"Sockeye",2001,71,"Chilkoot","SEAK",10.0470021972493,0.857529284233035,1.14933534230954,1.06148386666036
"Sockeye",2002,71,"Chilkoot","SEAK",10.3295859812264,1.14011306821009,1.62247206690493,1.12789107354109
"Sockeye",2003,71,"Chilkoot","SEAK",10.5546224952966,1.36514958228039,1.99925603406362,-0.3918172412781
"Sockeye",2004,71,"Chilkoot","SEAK",9.32228472536445,0.132811812348167,-0.0640762911495918,-0.383577881682774
"Sockeye",2005,71,"Chilkoot","SEAK",8.74489236303884,-0.444580549977449,-1.03081800319108,0.847922933658327
"Sockeye",2006,71,"Chilkoot","SEAK",8.53427756423624,-0.655195348780044,-1.38345535079227,-0.149682300599748
"Sockeye",2007,71,"Chilkoot","SEAK",9.06498119494854,-0.124491718067748,-0.494885688258176,1.25835716388202
"Sockeye",2008,71,"Chilkoot","SEAK",9.39370280976988,0.204229896753597,0.0555006996348699,0.657569911075623
"Sockeye",2009,71,"Chilkoot","SEAK",9.47874963499542,0.289276721979131,0.197896614071748,1.66251244102151
"Sockeye",2010,71,"Chilkoot","SEAK",8.69090296942964,-0.498569943586651,-1.12121372404824,0.969337515422913
"Sockeye",2011,71,"Chilkoot","SEAK",9.53097154957617,0.34149863655988,0.285333002915782,1.10441604183943
"Sockeye",2012,71,"Chilkoot","SEAK",10.2355534959247,1.04608058290842,1.4650312489109,-1.00989079951257
"Sockeye",2013,71,"Chilkoot","SEAK",10.6654691467734,1.47599623375706,2.18484920885209,0.568741375566967
"Sockeye",2014,71,"Chilkoot","SEAK",10.6702571826714,1.48078426965519,2.19286593079629,1.06071440997626
"Sockeye",2015,71,"Chilkoot","SEAK",9.75430395389216,0.564831040875864,0.659263738738397,0.424737974508831
"Sockeye",1968,68,"Kenai","GOA",8.88954159575256,-0.923492013514314,-1.24557214009654,2.11744924616199
"Sockeye",1969,68,"Kenai","GOA",8.02067680831527,-1.7923568009516,-2.3870354972716,1.77688043588944
"Sockeye",1970,68,"Kenai","GOA",8.52708495958459,-1.28594864968229,-1.72174630980939,1.68864389018785
"Sockeye",1971,68,"Kenai","GOA",9.28041402579824,-0.532619583468638,-0.732066974876211,0.885948674754355
"Sockeye",1972,68,"Kenai","GOA",9.47369388934231,-0.33933971992457,-0.478147279769135,1.77676249344186
"Sockeye",1973,68,"Kenai","GOA",8.3337842890096,-1.47924932025727,-1.97569333996756,1.43333796840103
"Sockeye",1974,68,"Kenai","GOA",9.58862252981777,-0.224411079449117,-0.32716080444009,1.32325683838979
"Sockeye",1975,68,"Kenai","GOA",10.1939018976177,0.380868288350809,0.468019561006092,1.74529277514006
"Sockeye",1976,68,"Kenai","GOA",9.25609582753782,-0.556937781729059,-0.764014790725282,1.08788439456833
"Sockeye",1977,68,"Kenai","GOA",9.79345577625094,-0.0195778330159379,-0.0580629557123231,1.18574060706188
"Sockeye",1978,68,"Kenai","GOA",9.36673171867635,-0.446301890590528,-0.618667876511479,2.00106921441794
"Sockeye",1979,68,"Kenai","GOA",10.0681201030006,0.255086493733756,0.302774851321678,1.26293095842397
"Sockeye",1980,68,"Kenai","GOA",9.26803321221729,-0.545000397049587,-0.748332158180913,1.46946481061902
"Sockeye",1981,68,"Kenai","GOA",10.7690065039393,0.955972894672463,1.22355810296379,1.52703398154878
"Sockeye",1982,68,"Kenai","GOA",10.662097243804,0.849063634537134,1.08310701695867,2.54099376653107
"Sockeye",1983,68,"Kenai","GOA",8.8802838557156,-0.932749753551284,-1.25773441341599,2.48243006990327
"Sockeye",1984,68,"Kenai","GOA",9.21289231010859,-0.600141299158287,-0.82077302602216,2.15854293992255
"Sockeye",1985,68,"Kenai","GOA",9.59391203638485,-0.219121572882023,-0.320211762412869,1.50821480333491
"Sockeye",1986,68,"Kenai","GOA",9.89907518033545,0.086041571068572,0.0806935934220101,1.36537028002367
"Sockeye",1987,68,"Kenai","GOA",9.97648187408183,0.163448264814955,0.18238594623582,1.64072746663508
"Sockeye",1988,68,"Kenai","GOA",9.7896339627332,-0.0233996465336739,-0.0630838290996761,0.743327718611524
"Sockeye",1989,68,"Kenai","GOA",9.22806815172801,-0.584965457538855,-0.80083589958622,0.793443201767691
"Sockeye",1990,68,"Kenai","GOA",9.70665771365562,-0.106375895611249,-0.172093135504234,0.647765594739013
"Sockeye",1991,68,"Kenai","GOA",10.3254326645097,0.51239905524289,0.640816931689366,1.81028469493005
"Sockeye",1992,68,"Kenai","GOA",10.0292707181604,0.216237108893555,0.251736818839457,1.26380139651212
"Sockeye",1993,68,"Kenai","GOA",9.54418808334552,-0.26884552592137,-0.385536161777372,0.527157310108428
"Sockeye",1994,68,"Kenai","GOA",10.3708787605201,0.557845151253235,0.700521334575197,0.846481415693132
"Sockeye",1995,68,"Kenai","GOA",10.9293725642425,1.11633895497558,1.43423758292113,0.894589312353665
"Sockeye",1996,68,"Kenai","GOA",9.68495339918175,-0.12808021008512,-0.200606984865769,0.854116278930414
"Sockeye",1997,68,"Kenai","GOA",9.12109905981308,-0.691934549453807,-0.941365589057635,0.976793835469388
"Sockeye",1998,68,"Kenai","GOA",9.78240615976309,-0.030627449503772,-0.0725792907210202,1.57012163454287
"Sockeye",1999,68,"Kenai","GOA",10.0149423145895,0.20190870532267,0.232913006573775,1.80230542847186
"Sockeye",2000,68,"Kenai","GOA",10.0250169868053,0.211983377538438,0.246148517249455,2.31451935251091
"Sockeye",2001,68,"Kenai","GOA",10.6330045565169,0.819970947250056,1.044886758778,0.828896966318031
"Sockeye",2002,68,"Kenai","GOA",10.9885914794325,1.17555787016561,1.51203590403903,1.16647945284281
"Sockeye",2003,68,"Kenai","GOA",11.2269038364077,1.4138702271408,1.82511663533617,0.308337741330904
"Sockeye",2004,68,"Kenai","GOA",9.67537359714292,-0.137660012123968,-0.213192364264776,0.647355066622466
"Sockeye",2005,68,"Kenai","GOA",9.42500186335776,-0.388031745909111,-0.542115994178547,1.05074603083479
"Sockeye",2006,68,"Kenai","GOA",9.46001874459466,-0.353014864672221,-0.496112879088162,0.957369687494695
"Sockeye",2007,68,"Kenai","GOA",9.72943069610524,-0.0836029131616208,-0.142175333130735,1.50221736521796
"Sockeye",2008,68,"Kenai","GOA",9.74192659632804,-0.0711070129388346,-0.125758955777826,1.56122610935152
"Sockeye",2009,68,"Kenai","GOA",9.59688041671868,-0.216153192548198,-0.316312079251334,1.54210860531194
"Sockeye",2010,68,"Kenai","GOA",9.34935064566004,-0.463682963606839,-0.641502106006519,1.26427269830165
"Sockeye",2011,68,"Kenai","GOA",10.4034806190617,0.590447009794872,0.743351735161284,1.17364575308033
"Sockeye",2012,68,"Kenai","GOA",11.2384378432138,1.42540423394696,1.84026933380088,0.279846341021903
"Sockeye",2013,68,"Kenai","GOA",11.0750541613182,1.2620205520513,1.62562548041799,0.199473015510413
"Sockeye",2014,68,"Kenai","GOA",11.5360448078746,1.7230111986078,2.23124782655624,1.19423317535597
"Sockeye",2015,68,"Kenai","GOA",10.5219904699337,0.708956860666843,0.899042993675312,0.817548999684651
"Sockeye",1968,67,"Kasilof","GOA",8.91586666473006,-0.897166944536823,-1.1998134415638,0.472201403666357
"Sockeye",1969,67,"Kasilof","GOA",7.91276271759319,-1.90027089167368,-2.50689007342815,0.859409838803708
"Sockeye",1970,67,"Kasilof","GOA",8.61735750023288,-1.195676109034,-1.58878046180659,1.46704266343481
"Sockeye",1971,67,"Kasilof","GOA",9.21623589833787,-0.596797710929005,-0.808422691581818,1.16669711145
"Sockeye",1972,67,"Kasilof","GOA",9.08453511353123,-0.728498495735647,-0.980033040350061,1.17146349564218
"Sockeye",1973,67,"Kasilof","GOA",8.39519174258249,-1.41784186668439,-1.87826957313361,2.12339171076332
"Sockeye",1974,67,"Kasilof","GOA",9.37538256248878,-0.4376510467781,-0.60104948131328,1.57003427093624
"Sockeye",1975,67,"Kasilof","GOA",10.4265238297496,0.613490220482673,0.768621320148921,1.95117130838299
"Sockeye",1976,67,"Kasilof","GOA",9.21983970272041,-0.593193906546466,-0.803726818828379,1.62187462224819
"Sockeye",1977,67,"Kasilof","GOA",9.77517632489337,-0.0378572843735031,-0.0801053798612676,1.35921272645354
"Sockeye",1978,67,"Kasilof","GOA",9.59185256504839,-0.221181044218482,-0.318982121641442,1.82057841765152
"Sockeye",1979,67,"Kasilof","GOA",10.3980427456225,0.585009136355666,0.731509553597877,1.63518185073549
"Sockeye",1980,67,"Kasilof","GOA",9.24882826072748,-0.564205348539405,-0.765953797527224,1.78017210981065
"Sockeye",1981,67,"Kasilof","GOA",10.7392149420482,0.926181332781291,1.17606787346353,1.99219013386859
"Sockeye",1982,67,"Kasilof","GOA",10.2234922194904,0.410458610223539,0.504064616871093,2.00584489896199
"Sockeye",1983,67,"Kasilof","GOA",8.84418299485572,-0.968850614411164,-1.29321956367753,1.58601029475568
"Sockeye",1984,67,"Kasilof","GOA",9.22444379100825,-0.588589818258626,-0.79772754404808,1.20690840794364
"Sockeye",1985,67,"Kasilof","GOA",9.67460782218865,-0.138425787078226,-0.211149366042488,-0.322606715586529
"Sockeye",1986,67,"Kasilof","GOA",9.90612188118993,0.0930882719230538,0.0905208819236996,0.903976112277921
"Sockeye",1987,67,"Kasilof","GOA",10.0276092699338,0.214575660666922,0.248822847883032,1.28835713347409
"Sockeye",1988,67,"Kasilof","GOA",9.67395791196352,-0.139075697303356,-0.211996219920893,1.22651303748083
"Sockeye",1989,67,"Kasilof","GOA",9.25875456656775,-0.554279042699122,-0.753019502490697,1.19429216514839
"Sockeye",1990,67,"Kasilof","GOA",9.86870240879196,0.0556687995251045,0.0417621086304074,1.28930544976002
"Sockeye",1991,67,"Kasilof","GOA",10.3008370506435,0.48780344137666,0.604847413792881,1.43942657763495
"Sockeye",1992,67,"Kasilof","GOA",9.93550862139693,0.122475012130041,0.128812747408684,1.50087850132914
"Sockeye",1993,67,"Kasilof","GOA",9.59824834297784,-0.214785266289051,-0.310648217764367,1.29721075376314
"Sockeye",1994,67,"Kasilof","GOA",10.4772653676821,0.664231758415171,0.834739172327383,1.3166218976553
"Sockeye",1995,67,"Kasilof","GOA",10.9635754072721,1.15054179800517,1.46841675918508,1.03038300678546
"Sockeye",1996,67,"Kasilof","GOA",9.64940998973191,-0.163623619534968,-0.243982950310448,1.08827541083458
"Sockeye",1997,67,"Kasilof","GOA",9.05882475762489,-0.754208851641986,-1.01353445911928,0.983463239315949
"Sockeye",1998,67,"Kasilof","GOA",9.84326422625072,0.0302306169838596,0.00861534048971283,1.15754786111939
"Sockeye",1999,67,"Kasilof","GOA",9.96051375803737,0.147480148770515,0.161395242844603,1.3445547767033
"Sockeye",2000,67,"Kasilof","GOA",10.0366404339739,0.223606824707039,0.26059074442961,1.6997244753252
"Sockeye",2001,67,"Kasilof","GOA",10.6911567827234,0.878123173456544,1.11344654971829,1.67341430030373
"Sockeye",2002,67,"Kasilof","GOA",11.0810758606735,1.26804225140659,1.62152362045587,1.73268025823961
"Sockeye",2003,67,"Kasilof","GOA",11.1201114442276,1.30707783496072,1.67238823844528,1.54405319736869
"Sockeye",2004,67,"Kasilof","GOA",9.68464007231476,-0.128393536952114,-0.198077022201865,1.05978903712704
"Sockeye",2005,67,"Kasilof","GOA",9.44543776097665,-0.367595848290232,-0.509765309672375,0.867968651379352
"Sockeye",2006,67,"Kasilof","GOA",9.47057716351585,-0.342456445751031,-0.477007861461936,0.626552883529567
"Sockeye",2007,67,"Kasilof","GOA",9.71536761472516,-0.0976659945417173,-0.158038048420646,0.322593495104247
"Sockeye",2008,67,"Kasilof","GOA",9.77742570404179,-0.035607905225093,-0.0771743666502423,0.922691865695604
"Sockeye",2009,67,"Kasilof","GOA",9.6123102760763,-0.200723333190575,-0.292325067701684,1.1895824678339
"Sockeye",2010,67,"Kasilof","GOA",9.30702688545645,-0.506006723810429,-0.690119121961434,1.51276429870752
"Sockeye",2011,67,"Kasilof","GOA",10.5758515000738,0.762817890806897,0.963200066378207,1.02584963258366
"Sockeye",2012,67,"Kasilof","GOA",11.1030592803708,1.29002567110387,1.6501687217505,0.422537773428904
"Sockeye",2013,67,"Kasilof","GOA",11.154224150705,1.34119054143808,1.71683818963277,0.282335981392175
"Sockeye",2014,67,"Kasilof","GOA",11.4433751306104,1.63034152134353,2.09361119505643,0.479521910804481
"Sockeye",2015,67,"Kasilof","GOA",10.5349071758495,0.721873566582614,0.90984829804573,0.352227631299595
"Sockeye",1969,73,"Upper Station Early","GOA",7.31578400629504,-1.70470487834416,-2.33947123534767,0.304925587603049
"Sockeye",1970,73,"Upper Station Early","GOA",7.69330537482052,-1.32718350981868,-1.85015678447019,-0.344345804114934
"Sockeye",1971,73,"Upper Station Early","GOA",8.646887532622,-0.373601352017193,-0.614196203659499,-0.227734602222875
"Sockeye",1972,73,"Upper Station Early","GOA",7.92566372983531,-1.09482515480389,-1.54899157802126,-0.0138024381487209
"Sockeye",1973,73,"Upper Station Early","GOA",8.11247975711546,-0.908009127523746,-1.30685486888416,0.692626444078028
"Sockeye",1974,73,"Upper Station Early","GOA",8.93421843805153,-0.0862704465876726,-0.24177976334114,0.976039920854471
"Sockeye",1975,73,"Upper Station Early","GOA",8.64717833001248,-0.373310554626726,-0.613819294225238,1.13319695375373
"Sockeye",1976,73,"Upper Station Early","GOA",9.06009368882511,0.0396048041859048,-0.0786298482730057,1.19658040615882
"Sockeye",1977,73,"Upper Station Early","GOA",8.68974336669029,-0.330745517948907,-0.558649734870397,2.08102765992958
"Sockeye",1978,73,"Upper Station Early","GOA",9.31677837598217,0.296289491342961,0.254065297528882,0.845110191305288
"Sockeye",1979,73,"Upper Station Early","GOA",8.18650158878192,-0.833987295857282,-1.21091340719607,0.653238666207575
"Sockeye",1980,73,"Upper Station Early","GOA",8.85068522100207,-0.169803663637128,-0.350049158502079,-0.135064284010128
"Sockeye",1981,73,"Upper Station Early","GOA",9.98220462639092,0.961715741751712,1.11654013329766,0.434924014484134
"Sockeye",1982,73,"Upper Station Early","GOA",9.53811904041379,0.51763015577459,0.540950212404658,0.379665754317484
"Sockeye",1983,73,"Upper Station Early","GOA",8.11507180275401,-0.905417081885199,-1.30349525670318,0.25981217455674
"Sockeye",1984,73,"Upper Station Early","GOA",8.8477391887395,-0.1727496958997,-0.353867581190199,-0.343124616998095
"Sockeye",1985,73,"Upper Station Early","GOA",9.07032621423018,0.049837329590981,-0.0653672280159571,1.80343938727398
"Sockeye",1986,73,"Upper Station Early","GOA",9.0939320443967,0.0734431597574988,-0.034771148460113,0.616577682805934
"Sockeye",1987,73,"Upper Station Early","GOA",9.2343694353258,0.213880550686607,0.147253103818747,-0.119527100504994
"Sockeye",1988,73,"Upper Station Early","GOA",8.71107760819105,-0.30941127644815,-0.530997915569139,-0.187220356738095
"Sockeye",1989,73,"Upper Station Early","GOA",8.85668067090496,-0.163808213734246,-0.342278312871671,0.693557427449177
"Sockeye",1990,73,"Upper Station Early","GOA",9.48533022173734,0.464841337098134,0.472529365330415,0.762499680387349
"Sockeye",1991,73,"Upper Station Early","GOA",9.3669616296252,0.34647274498599,0.319109009611968,1.77110832308421
"Sockeye",1992,73,"Upper Station Early","GOA",8.94185916459535,-0.078629720043858,-0.231876435411137,1.01874284945702
"Sockeye",1993,73,"Upper Station Early","GOA",9.18417898779574,0.163690103156534,0.0822000675670651,0.573860231394821
"Sockeye",1994,73,"Upper Station Early","GOA",9.83957203867936,0.819083154040156,0.931670634106377,1.15300521483725
"Sockeye",1995,73,"Upper Station Early","GOA",9.95117310233121,0.930684217692004,1.07631943475953,1.31980013855547
"Sockeye",1996,73,"Upper Station Early","GOA",8.84252486944524,-0.177964015193961,-0.360625984806228,1.14348427896312
"Sockeye",1997,73,"Upper Station Early","GOA",8.96671499836526,-0.0537738862739423,-0.199660196368214,-0.603240687446082
"Sockeye",1998,73,"Upper Station Early","GOA",9.3616487999669,0.341159915327694,0.312222924363315,0.813484680599087
"Sockeye",1999,73,"Upper Station Early","GOA",9.47055113236771,0.450062247728509,0.453373835068346,1.66063865304661
"Sockeye",2000,73,"Upper Station Early","GOA",9.55664844790801,0.536159563268806,0.564966619445483,1.51927862681974
"Sockeye",2001,73,"Upper Station Early","GOA",9.92923023500687,0.908741350367647,1.04787876101056,-0.264015451014633
"Sockeye",2002,73,"Upper Station Early","GOA",10.4744150680688,1.45392618342956,1.75450582760115,-0.646069050645313
"Sockeye",2003,73,"Upper Station Early","GOA",9.52052957413097,0.500040689491774,0.518152085588631,-0.0584944668718916
"Sockeye",2004,73,"Upper Station Early","GOA",9.07592695464359,0.0554380700043952,-0.0581079747699726,0.342706754490133
"Sockeye",2005,73,"Upper Station Early","GOA",8.50898091966422,-0.511507964974975,-0.792940254242311,0.0952966222082673
"Sockeye",2006,73,"Upper Station Early","GOA",8.76690019233201,-0.253588692307196,-0.458644932711033,0.673125703058655
"Sockeye",2007,73,"Upper Station Early","GOA",8.54390076986665,-0.476588114772547,-0.747679803441174,0.586828201158874
"Sockeye",2008,73,"Upper Station Early","GOA",8.6647391166347,-0.3557497680045,-0.591058339801405,0.220500887293801
"Sockeye",2009,73,"Upper Station Early","GOA",8.10371777936857,-0.91677110527064,-1.31821147724402,0.358451592319223
"Sockeye",2010,73,"Upper Station Early","GOA",9.10025518472316,0.0797663000839565,-0.0265755754552088,0.397907695741442
"Sockeye",2011,73,"Upper Station Early","GOA",10.541243004863,1.52075412022376,1.84112311054713,0.639249939935464
"Sockeye",2012,73,"Upper Station Early","GOA",10.3970810813974,1.37659219675822,1.6542714028054,1.03390373175722
"Sockeye",2013,73,"Upper Station Early","GOA",10.6137992313186,1.59331034667935,1.93516496636188,1.11181620622044
"Sockeye",2014,73,"Upper Station Early","GOA",10.7367858789916,1.71629699435242,2.09457089404872,0.471482588274075
"Sockeye",2015,73,"Upper Station Early","GOA",9.90216788881563,0.881679004176403,1.01280260858575,-0.253769506205659
"Sockeye",1970,72,"Upper Station Late","GOA",7.58789371612231,-1.4325951685169,-2.21670144695891,1.45407834646843
"Sockeye",1971,72,"Upper Station Late","GOA",8.3935037306367,-0.626985154002506,-1.0942058816,0.104525695405852
"Sockeye",1972,72,"Upper Station Late","GOA",8.16788578989036,-0.85260309474885,-1.40857031772961,0.830729369193487
"Sockeye",1973,72,"Upper Station Late","GOA",8.09197615284058,-0.928512731798632,-1.51433890230678,0.503176950148863
"Sockeye",1974,72,"Upper Station Late","GOA",9.11027812542495,0.0897892407857536,-0.095489300354889,0.613303636548936
"Sockeye",1975,72,"Upper Station Late","GOA",8.99987285408067,-0.0206160305585382,-0.249322327804179,0.905053444527301
"Sockeye",1976,72,"Upper Station Late","GOA",9.13534727030931,0.114858385670102,-0.0605592430653412,1.6430257458406
"Sockeye",1977,72,"Upper Station Late","GOA",8.57614419747553,-0.444344687163674,-0.839724047476765,2.20947550637244
"Sockeye",1978,72,"Upper Station Late","GOA",9.26095260663802,0.240463721998818,0.114452773262913,2.78039729447693
"Sockeye",1979,72,"Upper Station Late","GOA",8.44019004461689,-0.580298840022316,-1.02915557256517,1.53041082063688
"Sockeye",1980,72,"Upper Station Late","GOA",9.55212032462995,0.531631439990742,0.520150898079075,1.39796713522302
"Sockeye",1981,72,"Upper Station Late","GOA",9.89481583890013,0.874326954260922,0.997645204388739,1.77284753009671
"Sockeye",1982,72,"Upper Station Late","GOA",9.65295670623249,0.632467821593288,0.66065112664677,1.69957732968163
"Sockeye",1983,72,"Upper Station Late","GOA",9.25167950155148,0.23119061691228,0.101532105509025,1.07188133678502
"Sockeye",1984,72,"Upper Station Late","GOA",8.4404500862691,-0.580038798370099,-1.02879324389973,0.913647931878178
"Sockeye",1985,72,"Upper Station Late","GOA",8.36972162316967,-0.650767261469523,-1.12734264713873,1.07505893808871
"Sockeye",1986,72,"Upper Station Late","GOA",9.06963837253382,0.0491494878946168,-0.152114642115419,1.05517805175724
"Sockeye",1987,72,"Upper Station Late","GOA",9.14102929469028,0.12054041005108,-0.0526422024936037,0.835081870190788
"Sockeye",1988,72,"Upper Station Late","GOA",9.05082771274231,0.030338828103112,-0.178324448122072,0.0931982768687616
"Sockeye",1989,72,"Upper Station Late","GOA",8.9842196528442,-0.0362692317950048,-0.271132693434,1.01705027576834
"Sockeye",1990,72,"Upper Station Late","GOA",9.22387680443845,0.203387919799247,0.0627932571182079,0.870248456833578
"Sockeye",1991,72,"Upper Station Late","GOA",9.20539127666178,0.184902392022584,0.0370364733409723,1.49651826805698
"Sockeye",1992,72,"Upper Station Late","GOA",8.9498128902398,-0.0706759943994072,-0.319073307063386,0.810256290821217
"Sockeye",1993,72,"Upper Station Late","GOA",9.258207401756,0.237718517116801,0.110627745953734,0.977341478910568
"Sockeye",1994,72,"Upper Station Late","GOA",10.092551787667,1.07206290302776,1.27316030673837,0.762365582043342
"Sockeye",1995,72,"Upper Station Late","GOA",9.80488525791454,0.784396373275336,0.872340557564904,0.886007515662515
"Sockeye",1996,72,"Upper Station Late","GOA",8.53384414650775,-0.486644738131451,-0.898662763195694,-0.369679041053623
"Sockeye",1997,72,"Upper Station Late","GOA",9.00072422704692,-0.019764657592286,-0.248136068495249,-0.263926189551599
"Sockeye",1998,72,"Upper Station Late","GOA",9.37176681416387,0.351277929524665,0.268855591357851,0.48885294704794
"Sockeye",1999,72,"Upper Station Late","GOA",9.4920620561396,0.471573171500402,0.436468795288708,0.827872412118765
"Sockeye",2000,72,"Upper Station Late","GOA",9.57951322688786,0.55902434224865,0.558318759392649,0.894511346809351
"Sockeye",2001,72,"Upper Station Late","GOA",10.0164657712877,0.995976886648477,1.16714596427385,0.399714454298965
"Sockeye",2002,72,"Upper Station Late","GOA",10.3956872153271,1.37519833068787,1.6955336227612,0.499061238717792
"Sockeye",2003,72,"Upper Station Late","GOA",9.3573303638304,0.336841479191206,0.248740583864305,0.556705975062738
"Sockeye",2004,72,"Upper Station Late","GOA",9.0729197872192,0.0524309025800013,-0.147542487641064,0.890936439618491
"Sockeye",2005,72,"Upper Station Late","GOA",8.51204760114545,-0.508441283493745,-0.929032948606146,0.42482245082083
"Sockeye",2006,72,"Upper Station Late","GOA",8.77006814232948,-0.250420742309725,-0.569520395345309,0.0664575518640815
"Sockeye",2007,72,"Upper Station Late","GOA",8.54737815012751,-0.473110734511692,-0.879805178544281,0.217074768999394
"Sockeye",2008,72,"Upper Station Late","GOA",8.70386459071071,-0.316624293928488,-0.661765019622809,-0.0692262850218226
"Sockeye",2009,72,"Upper Station Late","GOA",8.0590051912881,-0.961483693351109,-1.56027894458715,0.368278235670434
"Sockeye",2010,72,"Upper Station Late","GOA",9.06234894581874,0.0418600611795375,-0.16227135443809,-0.0229046640309271
"Sockeye",2011,72,"Upper Station Late","GOA",10.1951138795152,1.17462499487594,1.41606505121688,0.431245549386803
"Sockeye",2012,72,"Upper Station Late","GOA",10.3643832764307,1.34389439179152,1.65191632412248,0.583663362809221
"Sockeye",2013,72,"Upper Station Late","GOA",10.8342363585181,1.81374747387891,2.30658544629225,0.853450602277559
"Sockeye",2014,72,"Upper Station Late","GOA",10.6047119191965,1.58422303455729,1.98677789594134,0.511130961053077
"Sockeye",2015,72,"Upper Station Late","GOA",10.0455761733489,1.02508728870972,1.20770690149017,0.409646103465847
"Sockeye",1982,76,"Karluk Early","GOA",8.17734773725609,-0.893966278258954,-1.55180467222688,1.14711070537492
"Sockeye",1983,76,"Karluk Early","GOA",8.25283225297287,-0.818481762542181,-1.44821381733602,0.652372529011997
"Sockeye",1984,76,"Karluk Early","GOA",9.00348236898559,-0.0678316465294573,-0.418062315358467,-0.0961679717936434
"Sockeye",1985,76,"Karluk Early","GOA",9.17676547643857,0.105451460923529,-0.180257978021889,-0.13807069789488
"Sockeye",1986,76,"Karluk Early","GOA",9.22937043696268,0.158056421447635,-0.108065783630142,0.184569397373512
"Sockeye",1987,76,"Karluk Early","GOA",8.89202310568234,-0.179290909832705,-0.571022962471996,0.521478267929783
"Sockeye",1988,76,"Karluk Early","GOA",8.84231379636253,-0.22900021915252,-0.639241322218718,0.385923618342573
"Sockeye",1989,76,"Karluk Early","GOA",9.16558390863131,0.0942698931162619,-0.19560295516291,0.332327679753841
"Sockeye",1990,76,"Karluk Early","GOA",9.42923656123719,0.35792254572214,0.166219644059479,0.881790552593675
"Sockeye",1991,76,"Karluk Early","GOA",9.27709085376644,0.205776838251388,-0.0425768720896989,1.03289471504413
"Sockeye",1992,76,"Karluk Early","GOA",9.08550106386251,0.0141870483474675,-0.305504307419292,0.106201508078391
"Sockeye",1993,76,"Karluk Early","GOA",9.57168549949321,0.500371483978165,0.361708840116652,0.583394601234974
"Sockeye",1994,76,"Karluk Early","GOA",10.290094790068,1.21878077455294,1.34761478209041,0.880584014107595
"Sockeye",1995,76,"Karluk Early","GOA",9.19909986688323,0.12778585136818,-0.149607472051781,1.06345551225061
"Sockeye",1996,76,"Karluk Early","GOA",8.24851364523782,-0.822800370277233,-1.45414044033895,0.889326020895368
"Sockeye",1997,76,"Karluk Early","GOA",9.07692691908483,0.00561290356977594,-0.317270998628013,0.643214027184423
"Sockeye",1998,76,"Karluk Early","GOA",9.43787524216112,0.366561226646071,0.178074901174688,1.21958837918107
"Sockeye",1999,76,"Karluk Early","GOA",9.58974749239102,0.518433476875969,0.386496139439556,0.76425951613701
"Sockeye",2000,76,"Karluk Early","GOA",9.8854439976669,0.814129982151845,0.792293983923328,0.563637683517957
"Sockeye",2001,76,"Karluk Early","GOA",10.2448942581772,1.17358024266212,1.28558402391928,0.581317847346425
"Sockeye",2002,76,"Karluk Early","GOA",10.6176534045537,1.54633938903868,1.79713845696912,-0.977401416612465
"Sockeye",2003,76,"Karluk Early","GOA",9.10694366826116,0.0356296527461128,-0.2760776402459,-1.7395077005042
"Sockeye",2004,76,"Karluk Early","GOA",8.68953482985255,-0.381779185662501,-0.848906888723695,-1.69984866003721
"Sockeye",2005,76,"Karluk Early","GOA",8.7431541688169,-0.328159846698146,-0.775322616383107,-1.65929342934792
"Sockeye",2006,76,"Karluk Early","GOA",8.75432328845816,-0.316990727056881,-0.759994722429887,-0.905715124593129
"Sockeye",2007,76,"Karluk Early","GOA",8.64971191926519,-0.42160209624985,-0.903557691114273,0.259329614619079
"Sockeye",2008,76,"Karluk Early","GOA",8.82877902643439,-0.242534989080659,-0.657815706306545,1.61910017431065
"Sockeye",2009,76,"Karluk Early","GOA",8.1789533031609,-0.892360712354145,-1.54960128066924,1.62090267991015
"Sockeye",2010,76,"Karluk Early","GOA",9.07789952967924,0.00658551416420263,-0.31593624060518,1.71424630447389
"Sockeye",2011,76,"Karluk Early","GOA",10.4154577594371,1.34414374392202,1.51965612123506,1.02034860391963
"Sockeye",2012,76,"Karluk Early","GOA",10.3545853141597,1.28327129864463,1.43611807921804,0.785034291271842
"Sockeye",2013,76,"Karluk Early","GOA",11.0234425125731,1.95212849705802,2.35402141774543,0.420837936893903
"Sockeye",2014,76,"Karluk Early","GOA",10.1895358738615,1.11822185834643,1.20961318006892,-0.70171622011246
"Sockeye",2015,76,"Karluk Early","GOA",9.77013131527535,0.6988172997603,0.634045113472615,-0.106947749211564
"Sockeye",1982,75,"Karluk Late","GOA",8.04484390812334,-1.0264701073917,-1.70764885438698,2.40734209819853
"Sockeye",1983,75,"Karluk Late","GOA",8.30381661885472,-0.767497396660325,-1.3608011868171,0.947873481955993
"Sockeye",1984,75,"Karluk Late","GOA",9.03513546012736,-0.0361785553876814,-0.381330285698014,2.13101931314314
"Sockeye",1985,75,"Karluk Late","GOA",9.17988077239983,0.108566756884781,-0.187469805913905,0.995578396568584
"Sockeye",1986,75,"Karluk Late","GOA",9.22037845640132,0.149064440886281,-0.133230395134938,1.21669379655048
"Sockeye",1987,75,"Karluk Late","GOA",8.97764539348705,-0.0936686220279945,-0.458327956480833,0.499963190507821
"Sockeye",1988,75,"Karluk Late","GOA",8.79447803003616,-0.276835985478888,-0.703647907793245,0.593916016898256
"Sockeye",1989,75,"Karluk Late","GOA",9.13546745519961,0.0641534396845627,-0.246953507638429,-0.0486410765304942
"Sockeye",1990,75,"Karluk Late","GOA",9.57035144545842,0.499037429943371,0.335495883491452,0.236863221994946
"Sockeye",1991,75,"Karluk Late","GOA",9.21568635690018,0.144372341385126,-0.139514623937985,-0.209073321289678
"Sockeye",1992,75,"Karluk Late","GOA",9.10264671606044,0.0313327005453882,-0.290911022645289,-0.613273545583187
"Sockeye",1993,75,"Karluk Late","GOA",9.53006418708598,0.45875017157094,0.281538300239536,0.641662353738342
"Sockeye",1994,75,"Karluk Late","GOA",10.3251038630392,1.25378984752414,1.34635187249234,0.508825866506694
"Sockeye",1995,75,"Karluk Late","GOA",9.21130703329,0.139993017774958,-0.145379945328145,0.656508200095781
"Sockeye",1996,75,"Karluk Late","GOA",8.37763005161852,-0.693683963896533,-1.26194128409939,0.717992686786893
"Sockeye",1997,75,"Karluk Late","GOA",9.12121196425392,0.0498979487388653,-0.26604619030223,1.21747461553415
"Sockeye",1998,75,"Karluk Late","GOA",9.43880878223609,0.367494766721045,0.159317992795014,1.14099710740711
"Sockeye",1999,75,"Karluk Late","GOA",9.62442366363973,0.553109648124673,0.407915957033359,0.437066612536691
"Sockeye",2000,75,"Karluk Late","GOA",9.83696247537709,0.76564845986204,0.692573714644133,0.811066665669564
"Sockeye",2001,75,"Karluk Late","GOA",10.3095465007156,1.23823248520052,1.32551556576239,0.163381938603218
"Sockeye",2002,75,"Karluk Late","GOA",10.6527318220272,1.5814178065121,1.78515097640072,0.00864300351447196
"Sockeye",2003,75,"Karluk Late","GOA",8.99670131470119,-0.0746127008138683,-0.432805955309943,-0.569097403376125
"Sockeye",2004,75,"Karluk Late","GOA",8.55927542429782,-0.512038591217223,-1.01865976744558,-0.184912622751511
"Sockeye",2005,75,"Karluk Late","GOA",8.70363992762831,-0.367674087886739,-0.825309313188646,-1.08525287178966
"Sockeye",2006,75,"Karluk Late","GOA",8.7989108029841,-0.272403212530943,-0.697711000566536,-0.103315204792434
"Sockeye",2007,75,"Karluk Late","GOA",8.65728888610653,-0.414025129408521,-0.887388250370333,1.07841511892067
"Sockeye",2008,75,"Karluk Late","GOA",8.81812931342524,-0.253184702089809,-0.671971240180784,1.54299982869684
"Sockeye",2009,75,"Karluk Late","GOA",8.18573263250478,-0.88558138301026,-1.51895358491016,1.3687409155868
"Sockeye",2010,75,"Karluk Late","GOA",9.15602247494246,0.0847084594274159,-0.219423731877397,0.996343171354392
"Sockeye",2011,75,"Karluk Late","GOA",10.5404161187654,1.46910210325036,1.63472416271141,1.50131792659617
"Sockeye",2012,75,"Karluk Late","GOA",10.3893862798449,1.31807226432983,1.43244668252789,0.926182367256952
"Sockeye",2013,75,"Karluk Late","GOA",11.0424807652771,1.971166749762,2.30715003770054,1.30024435414567
"Sockeye",2014,75,"Karluk Late","GOA",10.1915059664879,1.12019195097288,1.16742136402226,0.219095765235638
"Sockeye",2015,75,"Karluk Late","GOA",9.82744241888244,0.756128403367406,0.67982330020482,0.77826825423979
"Sockeye",1966,74,"Ayakulik","GOA",8.49456266230241,-0.525926222336801,-0.617090057495266,0.732269197852302
"Sockeye",1967,74,"Ayakulik","GOA",8.35492086867569,-0.665568015963516,-0.786203986597598,-0.425417203395022
"Sockeye",1968,74,"Ayakulik","GOA",7.20278180304998,-1.81770708158922,-2.18150806569801,0.173395717949438
"Sockeye",1969,74,"Ayakulik","GOA",7.42608265907151,-1.59440622556769,-1.91107838878721,0.393979122442941
"Sockeye",1970,74,"Ayakulik","GOA",8.02960770785826,-0.990881176780951,-1.18017620211926,0.152203974991172
"Sockeye",1971,74,"Ayakulik","GOA",8.68468765848532,-0.335801226153885,-0.386838180245619,0.972628711668883
"Sockeye",1972,74,"Ayakulik","GOA",8.11700958122928,-0.903479303409929,-1.07432770337976,1.60154456787182
"Sockeye",1973,74,"Ayakulik","GOA",7.88529242284278,-1.13519646179642,-1.3549499875644,1.01233174780644
"Sockeye",1974,74,"Ayakulik","GOA",9.29446252887077,0.273973644231571,0.351632885762099,0.906312189579779
"Sockeye",1975,74,"Ayakulik","GOA",8.4338757857832,-0.586613098855997,-0.690585218697105,1.59016474280059
"Sockeye",1976,74,"Ayakulik","GOA",8.61177317042083,-0.408715714218375,-0.47514165476295,1.33973336626868
"Sockeye",1977,74,"Ayakulik","GOA",8.42719780734252,-0.593291077296677,-0.698672619633697,-0.0660916090753213
"Sockeye",1978,74,"Ayakulik","GOA",9.71614114392898,0.695652259289779,0.862308991810631,-0.0830861559195756
"Sockeye",1979,74,"Ayakulik","GOA",8.25730696230333,-0.76318192233587,-0.904419821648988,0.135459056139434
"Sockeye",1980,74,"Ayakulik","GOA",8.66826284165877,-0.352226042980438,-0.40672954110675,0.397725322043659
"Sockeye",1981,74,"Ayakulik","GOA",9.90173967145788,0.881250786818677,1.08707906537416,1.36382404905855
"Sockeye",1982,74,"Ayakulik","GOA",8.23693776878335,-0.78355111585585,-0.929088040663833,0.348721927582964
"Sockeye",1983,74,"Ayakulik","GOA",8.08533895973639,-0.935149924902805,-1.11268257622027,0.804553032996788
"Sockeye",1984,74,"Ayakulik","GOA",8.64053219092192,-0.379956693717295,-0.440312891627229,0.75789091341384
"Sockeye",1985,74,"Ayakulik","GOA",9.01201265835311,-0.00847622628608774,0.00957048354623285,1.52521022220377
"Sockeye",1986,74,"Ayakulik","GOA",9.09399484349359,0.0735059588543881,0.108855440330463,1.69352282437716
"Sockeye",1987,74,"Ayakulik","GOA",9.18298157391787,0.162492689278667,0.21662328854536,1.35518898397508
"Sockeye",1988,74,"Ayakulik","GOA",8.95510245057085,-0.0653864340683487,-0.0593509231052429,0.109490452755631
"Sockeye",1989,74,"Ayakulik","GOA",8.9642341309071,-0.0562547537320935,-0.0482919535742531,-0.0202983360064063
"Sockeye",1990,74,"Ayakulik","GOA",9.56361679911732,0.543127914478106,0.677593581295263,0.480759126991544
"Sockeye",1991,74,"Ayakulik","GOA",9.4199219521391,0.399433067499897,0.503571180600501,1.19010371564543
"Sockeye",1992,74,"Ayakulik","GOA",8.82159620599823,-0.198892678640972,-0.221034363234402,0.525354185285277
"Sockeye",1993,74,"Ayakulik","GOA",9.21324137564112,0.192752491001916,0.253269580678757,0.993267303673637
"Sockeye",1994,74,"Ayakulik","GOA",9.73736665880975,0.716877774170544,0.888014263316249,1.34205942749134
"Sockeye",1995,74,"Ayakulik","GOA",9.54762831231291,0.527139427673711,0.658230640203858,0.766136686231674
"Sockeye",1996,74,"Ayakulik","GOA",8.39805796251305,-0.622430922126155,-0.733962582076592,0.358560427831322
"Sockeye",1997,74,"Ayakulik","GOA",8.71438695135058,-0.306101933288627,-0.350870695314634,-1.2111711560897
"Sockeye",1998,74,"Ayakulik","GOA",9.28711582932769,0.266626944688483,0.342735626614976,-0.699341302583225
"Sockeye",1999,74,"Ayakulik","GOA",9.46039780024375,0.439908915604541,0.552589669470842,0.471855037418728
"Sockeye",2000,74,"Ayakulik","GOA",9.63302227339494,0.612533388755747,0.761647446198193,0.333992712664122
"Sockeye",2001,74,"Ayakulik","GOA",10.0118973649709,0.991408480331641,1.22048611985977,-0.11761173296754
"Sockeye",2002,74,"Ayakulik","GOA",10.6071454193821,1.58665653474294,1.94136440892777,0.312458502649132
"Sockeye",2003,74,"Ayakulik","GOA",9.75579677988401,0.735307895244813,0.910334158440434,0.165542016913602
"Sockeye",2004,74,"Ayakulik","GOA",8.95764559435918,-0.0628432902800159,-0.0562710354358907,0.0799001635286311
"Sockeye",2005,74,"Ayakulik","GOA",8.61275867634633,-0.407730208292867,-0.473948152625175,0.668873783318697
"Sockeye",2006,74,"Ayakulik","GOA",8.63777163106516,-0.382717253574042,-0.443656082170489,1.56683431357153
"Sockeye",2007,74,"Ayakulik","GOA",8.61778202383855,-0.402706860800655,-0.467864601206999,0.810971826764373
"Sockeye",2008,74,"Ayakulik","GOA",8.6687091084891,-0.351779776150103,-0.406189087313183,0.774611280134149
"Sockeye",2009,74,"Ayakulik","GOA",8.26681102188687,-0.753677862752333,-0.892909880270756,0.421903696505668
"Sockeye",2010,74,"Ayakulik","GOA",8.31580815619943,-0.704680728439761,-0.833571642891023,1.33067247431817
"Sockeye",2011,74,"Ayakulik","GOA",10.1378871986711,1.11739831403192,1.37306677104332,0.632755403912696
"Sockeye",2012,74,"Ayakulik","GOA",10.4022182207082,1.38172933606894,1.69318624644773,0.0348843518398228
"Sockeye",2013,74,"Ayakulik","GOA",10.8667673218482,1.84627843720902,2.25578088029185,-0.0346040067396812
"Sockeye",2014,74,"Ayakulik","GOA",10.8551543007455,1.83466541610624,2.24171686996633,0.847352561989974
"Sockeye",2015,74,"Ayakulik","GOA",10.018158199727,0.997669315087801,1.22806833674181,0.000235853753388688
"Sockeye",1983,77,"Chignik Early","GOA",7.26321112510501,-1.00900408949121,-1.64617706850379,0.345501669705072
"Sockeye",1984,77,"Chignik Early","GOA",7.77038498718748,-0.50183022740873,-1.03826152303426,0.279203213007127
"Sockeye",1985,77,"Chignik Early","GOA",8.46030715657176,0.188091941975539,-0.211297747317144,0.885944691237331
"Sockeye",1986,77,"Chignik Early","GOA",8.44594641450698,0.17373119991076,-0.228511012823002,1.71499250810686
"Sockeye",1987,77,"Chignik Early","GOA",8.35058992287868,0.078374708282449,-0.342808491372593,1.1801623521553
"Sockeye",1988,77,"Chignik Early","GOA",8.34299276018427,0.0707775455880507,-0.351914704544586,1.18765205393003
"Sockeye",1989,77,"Chignik Early","GOA",8.24917953662285,-0.0230356779733699,-0.464362370399103,1.02629459336129
"Sockeye",1990,77,"Chignik Early","GOA",8.59599026204389,0.323775047447669,-0.048663441331013,1.09886120763562
"Sockeye",1991,77,"Chignik Early","GOA",8.89921900961291,0.627003795016688,0.314796672176343,0.66570845983127
"Sockeye",1992,77,"Chignik Early","GOA",8.40814403166883,0.135928817072616,-0.273822212593311,0.709570572901634
"Sockeye",1993,77,"Chignik Early","GOA",8.43573304806183,0.16351783346561,-0.240753095268044,0.611514730505426
"Sockeye",1994,77,"Chignik Early","GOA",8.90332303115921,0.631107816562996,0.31971588959559,0.857521384098672
"Sockeye",1995,77,"Chignik Early","GOA",9.70514425008944,1.43292903549321,1.28080560678558,1.29184672834705
"Sockeye",1996,77,"Chignik Early","GOA",8.5524043224553,0.280189107859077,-0.100907005561639,1.31953463509509
"Sockeye",1997,77,"Chignik Early","GOA",7.53014580873873,-0.742069405857494,-1.32622023330802,0.455113490377217
"Sockeye",1998,77,"Chignik Early","GOA",8.42074584916646,0.148530634570242,-0.258717252872948,0.731124402776914
"Sockeye",1999,77,"Chignik Early","GOA",8.90499713820027,0.632781923604047,0.321722530258924,0.780390647869374
"Sockeye",2000,77,"Chignik Early","GOA",9.22172369877882,0.949508484182602,0.701361573659562,1.41753128168857
"Sockeye",2001,77,"Chignik Early","GOA",9.15372995957842,0.881514744982197,0.619862004882879,0.1558063322676
"Sockeye",2002,77,"Chignik Early","GOA",9.4444763303818,1.17226111578558,0.968360324324037,-0.00547534345468348
"Sockeye",2003,77,"Chignik Early","GOA",9.72087974888998,1.44866453429376,1.29966670167184,0.674525337851946
"Sockeye",2004,77,"Chignik Early","GOA",8.55211521902849,0.279900004432275,-0.101253534593478,1.10375419338749
"Sockeye",2005,77,"Chignik Early","GOA",8.11114746454783,-0.161067750048382,-0.629812226279342,1.54086129639973
"Sockeye",2006,77,"Chignik Early","GOA",7.70961788833717,-0.562597326259043,-1.11109899910707,2.03662722476738
"Sockeye",2007,77,"Chignik Early","GOA",7.72045186689495,-0.551763347701265,-1.09811303023732,0.78656616722287
"Sockeye",2008,77,"Chignik Early","GOA",7.58635884537944,-0.685856369216785,-1.25884140843794,1.67266855820558
"Sockeye",2009,77,"Chignik Early","GOA",7.5392202597265,-0.732994954869719,-1.31534329300313,-0.414479976306283
"Sockeye",2010,77,"Chignik Early","GOA",7.70718595959912,-0.565029254997099,-1.11401399018975,0.711844020077455
"Sockeye",2011,77,"Chignik Early","GOA",8.86028664689059,0.588071432294363,0.268131040742619,1.03122012544533
"Sockeye",2012,77,"Chignik Early","GOA",9.95568704758337,1.68347183298715,1.58111457928783,0.701677158795695
"Sockeye",2013,77,"Chignik Early","GOA",10.1922617976426,1.92004658304637,1.86468098319526,-0.435577747046447
"Sockeye",2014,77,"Chignik Early","GOA",10.4311030958459,2.15888788124973,2.15096414747696,-0.417992442699687
"Sockeye",2015,77,"Chignik Early","GOA",9.86274454334395,1.59052932874773,1.46971058672005,-0.120477501351255
"Sockeye",1983,78,"Chignik Late","GOA",7.25807662495053,-1.01413858964568,-1.71518843301152,1.04176633554124
"Sockeye",1984,78,"Chignik Late","GOA",8.40619021893292,0.13397500433671,-0.278187979577375,1.85216695312085
"Sockeye",1985,78,"Chignik Late","GOA",8.46422780418283,0.192012589586615,-0.205547052096452,0.421046563319267
"Sockeye",1986,78,"Chignik Late","GOA",8.35339411649904,0.0811789019028182,-0.344268569106761,0.826307376325405
"Sockeye",1987,78,"Chignik Late","GOA",8.4162912254108,0.14407601081458,-0.265545370897433,1.34999752824374
"Sockeye",1988,78,"Chignik Late","GOA",8.31840214330078,0.046186928704562,-0.388065177400575,1.07059956839489
"Sockeye",1989,78,"Chignik Late","GOA",8.26542590050258,-0.0067893140936486,-0.454371233980054,1.31442900758086
"Sockeye",1990,78,"Chignik Late","GOA",8.74876157934541,0.476546364749188,0.150580744028415,1.19189414209071
"Sockeye",1991,78,"Chignik Late","GOA",8.61096265883112,0.338747444234908,-0.0218909628650713,1.08120585663387
"Sockeye",1992,78,"Chignik Late","GOA",8.25809136073003,-0.0141238538661953,-0.463551281175839,1.10063938198327
"Sockeye",1993,78,"Chignik Late","GOA",8.53357118699692,0.261355972400699,-0.118755576872421,1.70902514486606
"Sockeye",1994,78,"Chignik Late","GOA",9.33421215414657,1.06199693955036,0.883341636210196,1.60535711535922
"Sockeye",1995,78,"Chignik Late","GOA",9.22635987514356,0.954144660547336,0.748351706081707,1.62256353923908
"Sockeye",1996,78,"Chignik Late","GOA",8.07833293539862,-0.193882279197596,-0.688540289287692,1.40082429272318
"Sockeye",1997,78,"Chignik Late","GOA",8.07405843811318,-0.198156776483039,-0.693890330058552,1.04326844792257
"Sockeye",1998,78,"Chignik Late","GOA",8.53054025568447,0.258325041088256,-0.12254914720652,0.763117100644242
"Sockeye",1999,78,"Chignik Late","GOA",8.99408532978344,0.721870115187223,0.457632539656775,0.228258231817768
"Sockeye",2000,78,"Chignik Late","GOA",9.18780643762655,0.915591223030335,0.700097502417756,0.87153586201655
"Sockeye",2001,78,"Chignik Late","GOA",9.22093791347764,0.948722698881424,0.741565477425192,0.905619736446018
"Sockeye",2002,78,"Chignik Late","GOA",9.62973935988157,1.35752414528536,1.25322901570745,0.617631337675447
"Sockeye",2003,78,"Chignik Late","GOA",9.05223014463818,0.780014930041965,0.530407677717191,1.03149175247234
"Sockeye",2004,78,"Chignik Late","GOA",8.40589436342989,0.133679148833677,-0.278558277859911,1.52181545878875
"Sockeye",2005,78,"Chignik Late","GOA",8.02601028505308,-0.246204929543139,-0.754028297325836,1.21426255714764
"Sockeye",2006,78,"Chignik Late","GOA",7.85421793570397,-0.417997278892246,-0.969046815706841,1.47000105792626
"Sockeye",2007,78,"Chignik Late","GOA",7.61072230244673,-0.66149291214949,-1.27381050567084,1.11806793731508
"Sockeye",2008,78,"Chignik Late","GOA",7.70348879555849,-0.568726419037735,-1.15770222739264,1.20850504360461
"Sockeye",2009,78,"Chignik Late","GOA",7.25844959834511,-1.0137656162511,-1.71472161253319,1.48447654270794
"Sockeye",2010,78,"Chignik Late","GOA",7.73394102203137,-0.538274192564852,-1.11958765103106,1.39208288887583
"Sockeye",2011,78,"Chignik Late","GOA",9.05136625370699,0.779151039110771,0.529326415665814,1.29974462763453
"Sockeye",2012,78,"Chignik Late","GOA",9.88369647656331,1.61148126196709,1.57108649404167,-0.0809627589398444
"Sockeye",2013,78,"Chignik Late","GOA",10.4633110335199,2.19109581892367,2.29654291710743,0.640275111787783
"Sockeye",2014,78,"Chignik Late","GOA",10.4445555371934,2.17234032259721,2.27306818702256,0.290484442760752
"Sockeye",2015,78,"Chignik Late","GOA",9.34159047288159,1.06937525828537,0.892576477974428,-0.344515022436895
"Sockeye",1982,80,"Nelson","BS",8.60755237295992,-0.757537697129815,-1.46310660288086,0.630948903324012
"Sockeye",1983,80,"Nelson","BS",8.41104622804242,-0.954043842047313,-1.72557460371308,0.753333269991045
"Sockeye",1984,80,"Nelson","BS",9.46753880636314,0.102448736273411,-0.314445730148688,1.03156828525865
"Sockeye",1985,80,"Nelson","BS",9.58603076741054,0.220940697320819,-0.156179187675632,0.556170368844049
"Sockeye",1986,80,"Nelson","BS",9.52102810111687,0.15593803102714,-0.243001510092207,1.55164470391308
"Sockeye",1987,80,"Nelson","BS",9.4690557945118,0.103965724422075,-0.312419529660997,1.22548917634636
"Sockeye",1988,80,"Nelson","BS",9.53269057250484,0.167600502415112,-0.227424259053829,1.54774265120772
"Sockeye",1989,80,"Nelson","BS",9.25313702571462,-0.111953044375109,-0.600816452882624,1.11766243003789
"Sockeye",1990,80,"Nelson","BS",9.79792770871504,0.432837638625305,0.126845888155962,0.98303660328213
"Sockeye",1991,80,"Nelson","BS",9.4087981025685,0.0437080324787736,-0.392904116775368,0.871468687160058
"Sockeye",1992,80,"Nelson","BS",9.46235053879308,0.0972604687033505,-0.321375560345438,0.849879785497584
"Sockeye",1993,80,"Nelson","BS",9.48018506694636,0.115094996856633,-0.297554458200551,-0.0259869281163141
"Sockeye",1994,80,"Nelson","BS",10.5061342662647,1.14104419617493,1.07277844112704,0.378122065613636
"Sockeye",1995,80,"Nelson","BS",10.0383960160155,0.673305945925747,0.448032973206923,-0.0541659697077276
"Sockeye",1996,80,"Nelson","BS",9.2111134668339,-0.153976603255836,-0.656946196264999,0.712816731802964
"Sockeye",1997,80,"Nelson","BS",9.28626586934341,-0.0788242007463237,-0.556567142710766,1.27438848827163
"Sockeye",1998,80,"Nelson","BS",9.65687307703791,0.291783006948178,-0.0615570098804486,1.20998249291071
"Sockeye",1999,80,"Nelson","BS",10.2839094629966,0.918819392906952,0.77595871636186,1.69726312706579
"Sockeye",2000,80,"Nelson","BS",10.3496160800128,0.984526009923133,0.863721286926385,1.13743945435231
"Sockeye",2001,80,"Nelson","BS",10.3230633444518,0.957973274362086,0.828255508376507,0.983365496893661
"Sockeye",2002,80,"Nelson","BS",10.7286511044225,1.36356103433274,1.36998822908204,0.436059777297618
"Sockeye",2003,80,"Nelson","BS",10.3398747237017,0.974784653611982,0.85071001790243,-0.20564455482663
"Sockeye",2004,80,"Nelson","BS",9.58154226972321,0.216452199633486,-0.162174353960274,-0.110389021952003
"Sockeye",2005,80,"Nelson","BS",9.3436617167031,-0.021428353386616,-0.47990504484661,-0.567657518910857
"Sockeye",2006,80,"Nelson","BS",8.94092527820842,-0.424164791881308,-1.01782933173528,-0.0482087053424084
"Sockeye",2007,80,"Nelson","BS",8.74353532861297,-0.621554741476764,-1.28147780683229,-0.191530495879265
"Sockeye",2008,80,"Nelson","BS",8.7122685821126,-0.652821487977137,-1.32323996368457,1.01396073424796
"Sockeye",2009,80,"Nelson","BS",8.50021444441688,-0.864875625672842,-1.60647500253059,1.14766124049967
"Sockeye",2010,80,"Nelson","BS",9.21514116770255,-0.149948902387187,-0.651566503963834,1.74040769359835
"Sockeye",2011,80,"Nelson","BS",10.9130111673951,1.5479210973054,1.61623303319262,1.77688345028796
"Sockeye",2012,80,"Nelson","BS",10.6949132465376,1.32982317644792,1.32492547486075,1.83864243931615
"Sockeye",2013,80,"Nelson","BS",11.3144938800777,1.949403809988,2.15248275205377,0.838503543120428
"Sockeye",2014,80,"Nelson","BS",10.9723994535147,1.607309383425,1.69555637820663,-0.480180033651604
"Sockeye",2015,80,"Nelson","BS",10.2472934357988,0.882203365709137,0.727051668386015,0.212119585955964
"Sockeye",1982,79,"Bear","BS",8.44113372378636,-1.01576715140356,-1.63184591189647,0.988676149707149
"Sockeye",1983,79,"Bear","BS",8.49377225239301,-0.963128622796905,-1.56736572926579,0.617636438723838
"Sockeye",1984,79,"Bear","BS",9.71440041845426,0.257499543264345,-0.0721429493908373,1.53830553034058
"Sockeye",1985,79,"Bear","BS",9.65883785858694,0.201936983397019,-0.140204958388935,1.70556931725099
"Sockeye",1986,79,"Bear","BS",9.62271955887238,0.165818683682467,-0.184448492992772,2.17445093121233
"Sockeye",1987,79,"Bear","BS",9.56480712618222,0.1079062509923,-0.255389006249754,2.56906949514157
"Sockeye",1988,79,"Bear","BS",9.65402202340995,0.197121148220032,-0.146104172138844,1.59074009193243
"Sockeye",1989,79,"Bear","BS",9.32585531784774,-0.131045557342179,-0.548095824794607,1.65262939491527
"Sockeye",1990,79,"Bear","BS",9.95285342048246,0.495952545292566,0.219952850522299,1.50814514982053
"Sockeye",1991,79,"Bear","BS",9.51747041917296,0.0605695439830579,-0.31337466036822,0.772137083966443
"Sockeye",1992,79,"Bear","BS",9.63363028133269,0.176729406142775,-0.171083275622614,0.945257901020053
"Sockeye",1993,79,"Bear","BS",9.45585101161429,-0.00104986357563031,-0.388856075942507,1.00488008349614
"Sockeye",1994,79,"Bear","BS",10.9164499928857,1.45954911769573,1.40032176689412,1.34887215783205
"Sockeye",1995,79,"Bear","BS",9.98860065391894,0.531699778729021,0.263741843139247,1.88875570489495
"Sockeye",1996,79,"Bear","BS",8.83999001062126,-0.616910864568659,-1.14326222805744,1.4362286797047
"Sockeye",1997,79,"Bear","BS",9.42909115796319,-0.0278097172267252,-0.421635872343854,0.875249642992753
"Sockeye",1998,79,"Bear","BS",9.79864620258741,0.341745327397486,0.0310549113883146,0.156033775034315
"Sockeye",1999,79,"Bear","BS",10.4116819754954,0.95478110030549,0.782000267243967,-0.113919993099929
"Sockeye",2000,79,"Bear","BS",10.4409713556302,0.984070480440325,0.817878636761966,2.09739436705619
"Sockeye",2001,79,"Bear","BS",10.4049579546276,0.948057079437745,0.773763599064952,1.18765824605986
"Sockeye",2002,79,"Bear","BS",10.844359953123,1.38745907793314,1.31201422766788,2.38972182854137
"Sockeye",2003,79,"Bear","BS",10.0689507163895,0.612049841199563,0.36216759400325,1.86599406074418
"Sockeye",2004,79,"Bear","BS",9.70376702360907,0.246866148419158,-0.0851684510480979,1.29312585347611
"Sockeye",2005,79,"Bear","BS",9.01486881411691,-0.442032061073005,-0.929042387835548,0.724516653125479
"Sockeye",2006,79,"Bear","BS",8.97100056104527,-0.485900314144647,-0.982779318646914,-0.18852409946447
"Sockeye",2007,79,"Bear","BS",8.84278863283034,-0.614112242359584,-1.13983402297777,-0.637968080574197
"Sockeye",2008,79,"Bear","BS",8.80738108120622,-0.649519793983707,-1.18320691837705,0.492956115586938
"Sockeye",2009,79,"Bear","BS",8.26517415213014,-1.19172672305978,-1.84738965174509,1.35224414239156
"Sockeye",2010,79,"Bear","BS",9.64666297071322,0.189762095523302,-0.155118730000438,1.28533351499447
"Sockeye",2011,79,"Bear","BS",11.224828783329,1.76792790813911,1.77807398097672,0.854273580081008
"Sockeye",2012,79,"Bear","BS",10.6637098807236,1.20680900553374,1.09072480395316,0.629928045372758
"Sockeye",2013,79,"Bear","BS",11.4488806932203,1.99197981803044,2.05252899427124,1.47818556106009
"Sockeye",2014,79,"Bear","BS",11.1223353159619,1.66543444077198,1.65252340672591,0.703586174392092
"Sockeye",2015,79,"Bear","BS",10.4015604251207,0.944659549930794,0.769601755470532,0.699400398594253
"Sockeye",1963,58,"Kvichak","BS",9.19769535684013,-0.7427753486168,-0.980102432147168,1.41048285650242
"Sockeye",1964,58,"Kvichak","BS",9.8362845658555,-0.104186139601428,-0.215660879882725,1.79537403518133
"Sockeye",1965,58,"Kvichak","BS",10.3177815729912,0.377310867534312,0.36072894059836,0.633193018835039
"Sockeye",1966,58,"Kvichak","BS",9.8167070330939,-0.123763672363021,-0.239096727721206,0.552053185288459
"Sockeye",1967,58,"Kvichak","BS",9.31667594796366,-0.623794757493275,-0.837673298544913,-0.589318086216734
"Sockeye",1968,58,"Kvichak","BS",8.50591088943344,-1.43455981602349,-1.80822289618099,-1.3926269321531
"Sockeye",1969,58,"Kvichak","BS",8.15251798013477,-1.78795272532216,-2.23126202733082,-0.420319166105914
"Sockeye",1970,58,"Kvichak","BS",8.92790603195629,-1.01256467350063,-1.30306149156593,0.0975931594965786
"Sockeye",1971,58,"Kvichak","BS",9.54663111688033,-0.393839588576585,-0.562398859521821,-0.159074487501918
"Sockeye",1972,58,"Kvichak","BS",9.58915322518917,-0.35131748026773,-0.511496548580336,1.16833328324988
"Sockeye",1973,58,"Kvichak","BS",8.70716371848817,-1.23330698696876,-1.56730741739076,2.27470186386969
"Sockeye",1974,58,"Kvichak","BS",10.195265193,0.254794487543052,0.214067189387835,1.76050296269246
"Sockeye",1975,58,"Kvichak","BS",9.4466100049978,-0.493860700459115,-0.682132004002276,1.0470179766168
"Sockeye",1976,58,"Kvichak","BS",9.61015043312095,-0.330320272335984,-0.486361237807841,1.69613234659725
"Sockeye",1977,58,"Kvichak","BS",10.184074520841,0.24360381538408,0.200671073895565,0.834487579141157
"Sockeye",1978,58,"Kvichak","BS",9.71492399874853,-0.225546706708421,-0.360939032086405,0.197486004239448
"Sockeye",1979,58,"Kvichak","BS",9.54689991070939,-0.393570794747565,-0.562077092149316,1.34479854684475
"Sockeye",1980,58,"Kvichak","BS",10.155191386131,0.214720680674132,0.166095687997673,-0.58026595727347
"Sockeye",1981,58,"Kvichak","BS",10.8108994175602,0.870428712103331,0.951029818267221,0.155145908865782
"Sockeye",1982,58,"Kvichak","BS",9.91347321148455,-0.0269974939723712,-0.123259994855484,0.285118516534594
"Sockeye",1983,58,"Kvichak","BS",8.83723522525058,-1.10323548020634,-1.4116015847035,1.35032754121286
"Sockeye",1984,58,"Kvichak","BS",9.98128199252016,0.0408112870632547,-0.0420875461196868,0.797416918544875
"Sockeye",1985,58,"Kvichak","BS",10.2636809860063,0.323210280549347,0.295966279235868,0.932097260922837
"Sockeye",1986,58,"Kvichak","BS",10.2077283598429,0.267257654385963,0.228986581186227,1.24956838731671
"Sockeye",1987,58,"Kvichak","BS",10.1589114639402,0.218440758483283,0.170548913975853,0.65246602542929
"Sockeye",1988,58,"Kvichak","BS",10.0907536563222,0.150282950865291,0.0889586529459562,0.817357500097393
"Sockeye",1989,58,"Kvichak","BS",9.70344392172682,-0.237026783730102,-0.374681587980985,1.09251954452053
"Sockeye",1990,58,"Kvichak","BS",10.3530739601773,0.412603254720366,0.402976706239786,1.32790095779904
"Sockeye",1991,58,"Kvichak","BS",10.2900862984606,0.349615593003682,0.32757551684222,0.093625729066611
"Sockeye",1992,58,"Kvichak","BS",9.96392085289136,0.0234501474344253,-0.0628701969061059,-0.924120726814065
"Sockeye",1993,58,"Kvichak","BS",9.96677000683052,0.0262993013735716,-0.0594595353585367,-0.251383318673391
"Sockeye",1994,58,"Kvichak","BS",10.8985486606015,0.958077955144586,1.05595286184412,-0.134679978452867
"Sockeye",1995,58,"Kvichak","BS",11.5358948114168,1.59542410595988,1.81890637559084,0.0578683784629871
"Sockeye",1996,58,"Kvichak","BS",10.2952263608295,0.354755655372508,0.333728576118027,0.443671263598728
"Sockeye",1997,58,"Kvichak","BS",9.47869193204023,-0.461778773416702,-0.643727411876845,-0.610993192392547
"Sockeye",1998,58,"Kvichak","BS",9.93612716220702,-0.00434354324990499,-0.0961414325454413,-0.604463621078763
"Sockeye",1999,58,"Kvichak","BS",10.7781335053921,0.837662799935108,0.911806442103604,0.174564205349052
"Sockeye",2000,58,"Kvichak","BS",10.8595598885115,0.919089183054532,1.00928023249707,0.846560159809739
"Sockeye",2001,58,"Kvichak","BS",10.8336429956525,0.89317229019555,0.97825567159423,1.39535350706054
"Sockeye",2002,58,"Kvichak","BS",10.9043310147627,0.963860309305755,1.0628747949559,1.70730026407147
"Sockeye",2003,58,"Kvichak","BS",11.5947851106001,1.65431440514321,1.8894026994959,1.07990612880797
"Sockeye",2004,58,"Kvichak","BS",10.100739468221,0.160268762764099,0.100912455861473,0.685791737677097
"Sockeye",2005,58,"Kvichak","BS",9.70207597332872,-0.238394732128202,-0.376319129896974,1.41826382445435
"Sockeye",2006,58,"Kvichak","BS",9.53247711023844,-0.40799359521849,-0.579342319660746,0.997503213454411
"Sockeye",2007,58,"Kvichak","BS",9.48745584022334,-0.453014865233592,-0.633236323895998,1.51614002725434
"Sockeye",2008,58,"Kvichak","BS",9.36036280732776,-0.580107898129167,-0.785376688902308,0.869468772148625
"Sockeye",2009,58,"Kvichak","BS",8.79772084554967,-1.14274985990726,-1.45890340773605,1.73878395219962
"Sockeye",2010,58,"Kvichak","BS",9.52474620977047,-0.415724495686471,-0.588596816089299,1.81266709819399
"Sockeye",2011,58,"Kvichak","BS",10.730748372086,0.790277666629099,0.855082707428295,1.27833490393858
"Sockeye",2012,58,"Kvichak","BS",11.5701343430601,1.62966363760321,1.85989379026793,1.04159641600539
"Sockeye",2013,58,"Kvichak","BS",11.0952475156486,1.15477681019169,1.29141687526316,1.14932074736964
"Sockeye",2014,58,"Kvichak","BS",12.5294557890092,2.5889850835522,3.00827707784736,0.401467181151021
"Sockeye",1963,59,"Alagnak","BS",8.6664410790568,-1.25530854933822,-1.59094729172977,0.713270053502024
"Sockeye",1964,59,"Alagnak","BS",9.75308179021292,-0.16866783818212,-0.29792398583465,0.428908824932169
"Sockeye",1965,59,"Alagnak","BS",10.3060617994266,0.384312171031574,0.36008195142375,0.394738526635121
"Sockeye",1966,59,"Alagnak","BS",10.2698523351354,0.348102706740433,0.316995326063827,1.17687258590663
"Sockeye",1967,59,"Alagnak","BS",9.53659823235594,-0.385151396039072,-0.555523653119638,0.653114198367662
"Sockeye",1968,59,"Alagnak","BS",9.03044349150437,-0.891306136890639,-1.15781093132595,0.251021523202125
"Sockeye",1969,59,"Alagnak","BS",8.00625715204175,-1.91549247635326,-2.37651808347713,-0.0127112761347046
"Sockeye",1970,59,"Alagnak","BS",8.16293885913304,-1.75881076926198,-2.19007826321591,-0.195343968653706
"Sockeye",1971,59,"Alagnak","BS",9.77961337250687,-0.142136255888121,-0.266353335208175,0.550342605933702
"Sockeye",1972,59,"Alagnak","BS",9.86305239421052,-0.0586972341844743,-0.167066976270712,-0.19688860816761
"Sockeye",1973,59,"Alagnak","BS",9.48072830077515,-0.441021327619868,-0.622004802676308,2.67684459767146
"Sockeye",1974,59,"Alagnak","BS",10.1668869523732,0.245137323978164,0.194474019577548,2.36677272315298
"Sockeye",1975,59,"Alagnak","BS",9.95075420609237,0.0290045776973473,-0.0627082074815547,2.31982613387216
"Sockeye",1976,59,"Alagnak","BS",9.87170299712718,-0.05004663126785,-0.156773388826027,1.43814862472665
"Sockeye",1977,59,"Alagnak","BS",10.0594196531921,0.137670024797119,0.0665957604288969,2.2198807125046
"Sockeye",1978,59,"Alagnak","BS",9.21557535296683,-0.7061742754282,-0.937517499396644,1.31349184936309
"Sockeye",1979,59,"Alagnak","BS",9.53162188494045,-0.390127743454593,-0.561445144115179,1.03337321458304
"Sockeye",1980,59,"Alagnak","BS",9.44752627239571,-0.474223355999303,-0.661512798333792,-0.166558760619594
"Sockeye",1981,59,"Alagnak","BS",10.9917730348451,1.07002340645006,1.1760283810094,1.7301884644765
"Sockeye",1982,59,"Alagnak","BS",10.6633760170651,0.741626388670042,0.785259847108029,0.23709880191025
"Sockeye",1983,59,"Alagnak","BS",8.84296180217897,-1.07878782621605,-1.3809004872735,0.621083708934702
"Sockeye",1984,59,"Alagnak","BS",9.28891497403093,-0.632834654364096,-0.850248691677751,1.50268975586873
"Sockeye",1985,59,"Alagnak","BS",10.2175513752999,0.295801746904897,0.254760992954695,1.69870008281418
"Sockeye",1986,59,"Alagnak","BS",10.2297302969414,0.307980668546345,0.269253022713371,1.24197338540686
"Sockeye",1987,59,"Alagnak","BS",10.1536078856128,0.231858257217709,0.178672897251164,0.672511602116878
"Sockeye",1988,59,"Alagnak","BS",10.0927708538114,0.171021225416399,0.106281260187535,0.942581637039655
"Sockeye",1989,59,"Alagnak","BS",9.91866609096446,-0.0030835374305275,-0.10089072749633,1.69830132968087
"Sockeye",1990,59,"Alagnak","BS",9.60043781523969,-0.321311813155322,-0.479559198944633,1.09290360035542
"Sockeye",1991,59,"Alagnak","BS",10.3704466580444,0.448697029649406,0.436695244009711,1.57931822554247
"Sockeye",1992,59,"Alagnak","BS",9.99686953499007,0.0751199065950581,-0.0078343246870116,-1.12919601295909
"Sockeye",1993,59,"Alagnak","BS",9.94511930726917,0.0233696788741538,-0.0694133266897227,0.529637220858241
"Sockeye",1994,59,"Alagnak","BS",10.1546797674617,0.23293013906665,0.179948358585917,0.927660629278733
"Sockeye",1995,59,"Alagnak","BS",11.6043962238032,1.68264659540828,1.90500535833248,1.9577533328581
"Sockeye",1996,59,"Alagnak","BS",10.3108758885459,0.389126260150878,0.365810366864115,0.597422449727493
"Sockeye",1997,59,"Alagnak","BS",9.35803298885861,-0.5637166395364,-0.768003287919289,0.916723221990337
"Sockeye",1998,59,"Alagnak","BS",9.76057189422549,-0.161177734169524,-0.289011307566264,1.46309154381264
"Sockeye",1999,59,"Alagnak","BS",10.5768699895521,0.655120361157026,0.682323974628404,1.14811167881775
"Sockeye",2000,59,"Alagnak","BS",10.8818829178324,0.960133289437368,1.04526714509567,2.13693370914235
"Sockeye",2001,59,"Alagnak","BS",10.8167505637501,0.895000935355145,0.967764387347409,0.901530054208806
"Sockeye",2002,59,"Alagnak","BS",10.8620198219544,0.940270193559391,1.02163150763632,1.58105257085455
"Sockeye",2003,59,"Alagnak","BS",11.6498776607804,1.72812803238534,1.95912495590799,0.600458552439454
"Sockeye",2004,59,"Alagnak","BS",10.0656784334241,0.14392880502901,0.0740432530759374,-0.763710369856179
"Sockeye",2005,59,"Alagnak","BS",10.1343016660075,0.212552037612482,0.155699901998917,-0.395674816160352
"Sockeye",2006,59,"Alagnak","BS",9.47037364174745,-0.451375986647561,-0.634326092786227,0.31874753390581
"Sockeye",2007,59,"Alagnak","BS",9.75096344555879,-0.170786182836226,-0.300444661693337,-0.109917112643345
"Sockeye",2008,59,"Alagnak","BS",9.37415890118964,-0.54759072720537,-0.74881462670057,-0.124772025129248
"Sockeye",2009,59,"Alagnak","BS",9.26370878556504,-0.65804084282997,-0.880242220177602,0.369772420824673
"Sockeye",2010,59,"Alagnak","BS",9.28764057289741,-0.634109055497594,-0.851765136211583,1.69961455188635
"Sockeye",2011,59,"Alagnak","BS",10.3083998650269,0.386650236631894,0.362864079206087,1.94290380378121
"Sockeye",2012,59,"Alagnak","BS",11.5454488694905,1.62369924109548,1.83486229985437,1.18847150073754
"Sockeye",2013,59,"Alagnak","BS",11.0455384873838,1.12378885898875,1.24000535377583,1.276582904204
"Sockeye",2014,59,"Alagnak","BS",12.5466248542818,2.62487522588671,3.02618880579788,2.43299803728653
"Sockeye",1963,65,"Wood","BS",8.37605624109568,-1.32429061356003,-1.41212220265915,0.816873733608578
"Sockeye",1964,65,"Wood","BS",9.46225027145704,-0.238096583198678,-0.288858136396415,0.178884011156212
"Sockeye",1965,65,"Wood","BS",10.1485518628749,0.448205008219191,0.420865812281665,1.0967596433259
"Sockeye",1966,65,"Wood","BS",9.91723683292894,0.216889978273226,0.181656376525191,0.639360988119907
"Sockeye",1967,65,"Wood","BS",9.41811954482997,-0.282227309825734,-0.334494972958428,0.714931467693951
"Sockeye",1968,65,"Wood","BS",8.78820581627877,-0.912141038376938,-0.985906632707426,0.575344798268309
"Sockeye",1969,65,"Wood","BS",7.65413925366621,-2.0462076009895,-2.15867704289739,0.493417751922693
"Sockeye",1970,65,"Wood","BS",7.87177319704783,-1.82857365760788,-1.9336156069417,0.823731102458661
"Sockeye",1971,65,"Wood","BS",9.00670236610377,-0.693644488551928,-0.759953150953186,0.515375865282322
"Sockeye",1972,65,"Wood","BS",9.79666757974812,0.0963207250924123,0.0569722908014955,1.13425585021613
"Sockeye",1973,65,"Wood","BS",8.38894367825033,-1.31140317640537,-1.39879493823177,1.48584247833535
"Sockeye",1974,65,"Wood","BS",8.80674829983816,-0.893598554817547,-0.966731324337702,1.23802556446375
"Sockeye",1975,65,"Wood","BS",10.0213957710253,0.321048916369571,0.28937008979683,1.59996189188664
"Sockeye",1976,65,"Wood","BS",9.08244893471418,-0.617897919941529,-0.681621475134216,2.08774107281189
"Sockeye",1977,65,"Wood","BS",10.0506117330453,0.350264878389617,0.319583145089996,1.91793810757235
"Sockeye",1978,65,"Wood","BS",9.19407380305337,-0.506273051602357,-0.566187031561564,0.318375378813732
"Sockeye",1979,65,"Wood","BS",10.5032500016588,0.802903147003038,0.787669221736621,0.889875003693437
"Sockeye",1980,65,"Wood","BS",8.31476923381585,-1.38557762083986,-1.47550083583328,-0.70175796226609
"Sockeye",1981,65,"Wood","BS",10.836745533469,1.1363986788133,1.13254641372139,0.593150966792406
"Sockeye",1982,65,"Wood","BS",10.1575797295076,0.457232874851902,0.430201785321548,0.758757548644062
"Sockeye",1983,65,"Wood","BS",8.48527910462945,-1.21506775002625,-1.29917174040978,0.893800842546206
"Sockeye",1984,65,"Wood","BS",8.60773272023103,-1.09261413442468,-1.17253898204023,0.794188314811667
"Sockeye",1985,65,"Wood","BS",10.1873388729196,0.486992018263907,0.460976559904266,1.25812389630126
"Sockeye",1986,65,"Wood","BS",10.24269464397,0.542347789314256,0.518221533401716,1.629523317611
"Sockeye",1987,65,"Wood","BS",9.94235264022379,0.242005785568074,0.207629345480007,0.773433886675449
"Sockeye",1988,65,"Wood","BS",9.89576615006622,0.195419295410508,0.159452934171718,1.52397024973825
"Sockeye",1989,65,"Wood","BS",10.0810559811137,0.380709126457984,0.351066405836888,1.45954156414007
"Sockeye",1990,65,"Wood","BS",9.4963952346401,-0.203951620015602,-0.253547861146003,1.20141033414536
"Sockeye",1991,65,"Wood","BS",10.1262461029506,0.425899248294865,0.397798793044464,1.66161910654228
"Sockeye",1992,65,"Wood","BS",9.64572220138158,-0.0546246532741321,-0.0991246078632528,1.26100303372774
"Sockeye",1993,65,"Wood","BS",9.94766741979771,0.247320565142001,0.213125509837966,1.02174959950398
"Sockeye",1994,65,"Wood","BS",9.71402135381248,0.0136744991567662,-0.0284945164270973,1.3862549552249
"Sockeye",1995,65,"Wood","BS",11.3268435456157,1.62649669096003,1.63937067403157,1.66634090097041
"Sockeye",1996,65,"Wood","BS",10.2291433262087,0.528796471552949,0.504207731202196,1.51835598300047
"Sockeye",1997,65,"Wood","BS",9.02684213790934,-0.67350471674637,-0.739126041486944,-0.200750630691148
"Sockeye",1998,65,"Wood","BS",9.48393875897599,-0.216408095679723,-0.266429456067979,1.36381557350258
"Sockeye",1999,65,"Wood","BS",10.2298576659452,0.529510811289489,0.504946450192293,1.31281345759048
"Sockeye",2000,65,"Wood","BS",10.9170165394623,1.21666968480664,1.2155569386136,1.71708762159011
"Sockeye",2001,65,"Wood","BS",10.6587027176085,0.958355862952785,0.948427286086512,1.74009539241413
"Sockeye",2002,65,"Wood","BS",10.5985901891465,0.898243334490782,0.886263214782328,1.87956802816255
"Sockeye",2003,65,"Wood","BS",11.4432453603667,1.74289850571106,1.7597450934289,1.74278701807896
"Sockeye",2004,65,"Wood","BS",9.96696262060199,0.266615765946279,0.233079224468085,1.65368551881424
"Sockeye",2005,65,"Wood","BS",10.0525736527767,0.352226798120994,0.321612021951356,1.50175663358036
"Sockeye",2006,65,"Wood","BS",9.22204167348958,-0.47830518116614,-0.537264663188352,0.695487568706037
"Sockeye",2007,65,"Wood","BS",9.68977620216353,-0.0105706524921696,-0.0535671156746553,0.614871789761762
"Sockeye",2008,65,"Wood","BS",9.11782185881189,-0.582524995843825,-0.645041330660056,0.624692712466271
"Sockeye",2009,65,"Wood","BS",9.07771212041769,-0.62263473423803,-0.68651994919971,1.03698059259148
"Sockeye",2010,65,"Wood","BS",8.45456911334894,-1.24577774130677,-1.33092981375251,1.37371771159791
"Sockeye",2011,65,"Wood","BS",9.95385241460086,0.253505559945151,0.219521588455788,1.63808451353687
"Sockeye",2012,65,"Wood","BS",11.3350435288779,1.63469667422224,1.64785050938781,1.8069424081406
"Sockeye",2013,65,"Wood","BS",10.9779832856919,1.27763643103617,1.2786043807486,2.34639577869907
"Sockeye",2014,65,"Wood","BS",12.6308667774941,2.93051992283837,2.98789809822799,2.18425268874155
"Sockeye",1963,60,"Naknek","BS",9.16229765462942,-0.907780479226902,-1.21497804942441,0.63406619760435
"Sockeye",1964,60,"Naknek","BS",10.115673853113,0.045595719256612,-0.0404886735417782,0.499285256768418
"Sockeye",1965,60,"Naknek","BS",10.4585131975504,0.388435063694003,0.381864190224671,1.30792435514225
"Sockeye",1966,60,"Naknek","BS",10.3809730726309,0.310894938774557,0.286340457759604,1.42011143179191
"Sockeye",1967,60,"Naknek","BS",9.49524796498101,-0.574830168875311,-0.80480774852243,0.719842870018863
"Sockeye",1968,60,"Naknek","BS",8.61059843561555,-1.45947969824078,-1.89463092144411,-0.471886125816868
"Sockeye",1969,60,"Naknek","BS",8.24784854636189,-1.82222958749444,-2.34151211242488,0.476487866049883
"Sockeye",1970,60,"Naknek","BS",8.94767570159381,-1.1224024322625,-1.47937651466033,1.24160315310688
"Sockeye",1971,60,"Naknek","BS",9.98351295052563,-0.0865651833307219,-0.203301187891083,1.536675739313
"Sockeye",1972,60,"Naknek","BS",9.28336846656755,-0.786709667288787,-1.06582771131341,1.07308685990454
"Sockeye",1973,60,"Naknek","BS",8.93134545890088,-1.13873267495546,-1.49949417291419,2.03985864157973
"Sockeye",1974,60,"Naknek","BS",10.4791976900795,0.409119556223205,0.407345964113838,0.755766495128292
"Sockeye",1975,60,"Naknek","BS",9.9452053508638,-0.124872782992515,-0.250493333960922,0.941430376016595
"Sockeye",1976,60,"Naknek","BS",9.72286047105138,-0.347217662804944,-0.524405877128019,1.91810573137443
"Sockeye",1977,60,"Naknek","BS",10.2474101326286,0.177331998772314,0.12180073640532,1.2316399578972
"Sockeye",1978,60,"Naknek","BS",9.85613130421517,-0.213946829641137,-0.36022600992041,1.23198963075581
"Sockeye",1979,60,"Naknek","BS",10.1691646058071,0.0990864719508038,0.0254080006642958,1.45509856791727
"Sockeye",1980,60,"Naknek","BS",9.66544991575938,-0.40462821809694,-0.595131459916037,0.622878654020187
"Sockeye",1981,60,"Naknek","BS",11.0326668546738,0.962588720817505,1.08917927894657,0.962683259553951
"Sockeye",1982,60,"Naknek","BS",10.1352271569242,0.0651490230679188,-0.0164004409780592,0.470178205889706
"Sockeye",1983,60,"Naknek","BS",9.00102280657992,-1.06905532727641,-1.41365680386838,0.512199899382753
"Sockeye",1984,60,"Naknek","BS",9.90465668711734,-0.165421446738975,-0.30044630620022,1.28469491772238
"Sockeye",1985,60,"Naknek","BS",10.349189076842,0.279110942985712,0.247184911988191,1.36783206661213
"Sockeye",1986,60,"Naknek","BS",10.4086435778015,0.338565443945158,0.320428485549547,1.86321142380379
"Sockeye",1987,60,"Naknek","BS",10.3243047888923,0.254226655036004,0.216529298947059,1.65088832899652
"Sockeye",1988,60,"Naknek","BS",10.2065239734859,0.136445839629536,0.0714319946534037,1.07003549502672
"Sockeye",1989,60,"Naknek","BS",9.86865686661579,-0.201421267240521,-0.344795438032966,0.9919463837317
"Sockeye",1990,60,"Naknek","BS",10.2043683816704,0.134290247814105,0.0687764640349662,0.647303886256625
"Sockeye",1991,60,"Naknek","BS",10.4552696176153,0.38519148375898,0.377868338241403,0.257446537970536
"Sockeye",1992,60,"Naknek","BS",10.0693319600484,-0.000746173807953292,-0.0975784783315316,-0.0810610789198481
"Sockeye",1993,60,"Naknek","BS",10.0452845075227,-0.0247936263336513,-0.127203171661824,0.566070497578959
"Sockeye",1994,60,"Naknek","BS",10.8558910308546,0.785812896998276,0.871404462123118,0.883126236272209
"Sockeye",1995,60,"Naknek","BS",11.7171162559174,1.64703812206105,1.93237061450588,1.67426072951301
"Sockeye",1996,60,"Naknek","BS",10.342859804443,0.272781670586661,0.239387713776638,1.79246370260829
"Sockeye",1997,60,"Naknek","BS",9.61298213868491,-0.457095995171408,-0.659767903376825,1.21524491082924
"Sockeye",1998,60,"Naknek","BS",10.0212726742414,-0.0488054596148797,-0.156783984701972,1.16901527802432
"Sockeye",1999,60,"Naknek","BS",10.6608728820663,0.590794748210004,0.63115644227486,0.839339613389189
"Sockeye",2000,60,"Naknek","BS",10.937870155657,0.867792021800713,0.972396716049504,1.88114106151501
"Sockeye",2001,60,"Naknek","BS",10.9286556595548,0.858577525698555,0.961045134382885,0.92878129257122
"Sockeye",2002,60,"Naknek","BS",11.0496822719586,0.979604138102265,1.11014102191744,1.52023605021891
"Sockeye",2003,60,"Naknek","BS",11.6918844511713,1.62180631731499,1.90128688632415,1.91265208761011
"Sockeye",2004,60,"Naknek","BS",10.2221221824461,0.152044048589758,0.0906478411741354,0.797021652348476
"Sockeye",2005,60,"Naknek","BS",10.0886005595232,0.0185224256668899,-0.0738409805763552,0.674272884006258
"Sockeye",2006,60,"Naknek","BS",9.72837407055375,-0.341704063302578,-0.517613527949698,0.921259251242242
"Sockeye",2007,60,"Naknek","BS",9.95194591917349,-0.118132214682827,-0.242189449429577,0.453445088940092
"Sockeye",2008,60,"Naknek","BS",9.55565989719837,-0.514418236657954,-0.730384690050141,0.278811266802442
"Sockeye",2009,60,"Naknek","BS",9.35827538324323,-0.711802750613088,-0.97354789778788,0.493325989736705
"Sockeye",2010,60,"Naknek","BS",9.233939266412,-0.836138867444335,-1.12672085143313,1.62323397442346
"Sockeye",2011,60,"Naknek","BS",10.7232178959828,0.653139762126417,0.707960915263125,1.46396868738879
"Sockeye",2012,60,"Naknek","BS",11.5651472609136,1.49506912705727,1.74515598676564,1.79551646835449
"Sockeye",2013,60,"Naknek","BS",11.2413066906579,1.17122855680154,1.34620821583311,1.93697236135873
"Sockeye",2014,60,"Naknek","BS",12.5287824019305,2.45870426807417,2.93228362552122,1.48652618743741
"Sockeye",1963,64,"Igushik","BS",8.54418558138637,-1.28923474908628,-1.45324355654198,1.38485326857138
"Sockeye",1964,64,"Igushik","BS",9.41038317960513,-0.423037150867517,-0.512410274204809,1.51211048134566
"Sockeye",1965,64,"Igushik","BS",10.2342876211423,0.400867290669694,0.382485672929705,1.50055427683601
"Sockeye",1966,64,"Igushik","BS",10.1166858721427,0.283265541670071,0.254750800716445,0.377803613194551
"Sockeye",1967,64,"Igushik","BS",9.48879459896522,-0.344625731507432,-0.427242555890918,-0.806842186520881
"Sockeye",1968,64,"Igushik","BS",8.89677671778578,-0.936643612686876,-1.07027149928413,-0.202053485127214
"Sockeye",1969,64,"Igushik","BS",7.9048216068505,-1.92859872362215,-2.14769815674833,-0.0720315331621972
"Sockeye",1970,64,"Igushik","BS",8.30365722940939,-1.52976310106327,-1.71449696956345,-0.254993137266139
"Sockeye",1971,64,"Igushik","BS",9.17510248792285,-0.658317842549812,-0.767963863687408,0.206760553917203
"Sockeye",1972,64,"Igushik","BS",9.90357576094289,0.0701554304702378,0.0232781138472082,1.35230834845609
"Sockeye",1973,64,"Igushik","BS",8.53632744266499,-1.29709288780767,-1.4617787896822,2.02757363492417
"Sockeye",1974,64,"Igushik","BS",9.20580321344557,-0.627617117027092,-0.734617818370417,1.26187843766421
"Sockeye",1975,64,"Igushik","BS",10.3737722564929,0.540351926020256,0.533988964536995,2.45610734670924
"Sockeye",1976,64,"Igushik","BS",9.23694670099195,-0.596473629480697,-0.700790860558532,1.98491858148766
"Sockeye",1977,64,"Igushik","BS",10.1594340574139,0.326013726941223,0.301182371925279,2.15790317950388
"Sockeye",1978,64,"Igushik","BS",9.18705659436244,-0.646363736110214,-0.754979734867261,0.0475696208201978
"Sockeye",1979,64,"Igushik","BS",10.6442486019613,0.810828271488699,0.827770831890277,0.0420497760177942
"Sockeye",1980,64,"Igushik","BS",8.63243626505228,-1.20098406542038,-1.35738877634791,-1.49926717047683
"Sockeye",1981,64,"Igushik","BS",10.9389380401893,1.10551770971658,1.14785210665734,0.34972665921054
"Sockeye",1982,64,"Igushik","BS",10.4153173413583,0.581897010885707,0.579113770515811,-0.200991677291671
"Sockeye",1983,64,"Igushik","BS",8.66648466634133,-1.16693566413132,-1.32040660367854,0.773586280810531
"Sockeye",1984,64,"Igushik","BS",8.91520668280662,-0.918213647666028,-1.05025352126205,1.03982790015116
"Sockeye",1985,64,"Igushik","BS",10.191682280746,0.358261950273433,0.33620925478616,1.67913920398579
"Sockeye",1986,64,"Igushik","BS",10.2995122711989,0.466091940726212,0.453330387493862,1.7095177809249
"Sockeye",1987,64,"Igushik","BS",10.0752577523325,0.241837421859804,0.209753038055475,0.967936725879608
"Sockeye",1988,64,"Igushik","BS",10.053508310529,0.220087980056314,0.186129561422594,1.28298930850441
"Sockeye",1989,64,"Igushik","BS",10.0125655580015,0.179145227528898,0.141658987586439,0.764784962902775
"Sockeye",1990,64,"Igushik","BS",9.59988632727572,-0.23353400319694,-0.306578638556352,1.21226903156703
"Sockeye",1991,64,"Igushik","BS",10.2567253492122,0.423305018739457,0.406856741830698,0.263355874301906
"Sockeye",1992,64,"Igushik","BS",9.82478391398653,-0.00863641648612469,-0.0623028115049306,-0.781540500150386
"Sockeye",1993,64,"Igushik","BS",9.98056099165282,0.147140661180162,0.106896756347772,-0.124254205234496
"Sockeye",1994,64,"Igushik","BS",9.89147338666361,0.0580530561909478,0.0101329417286617,0.392029056629918
"Sockeye",1995,64,"Igushik","BS",11.4857298632287,1.65230953275606,1.74175810072064,0.993349254323248
"Sockeye",1996,64,"Igushik","BS",10.2594855126972,0.426065182224508,0.40985473406338,0.793869837538046
"Sockeye",1997,64,"Igushik","BS",9.228344484136,-0.605075846336651,-0.71013428512656,-0.251126511339641
"Sockeye",1998,64,"Igushik","BS",9.59100390010604,-0.242416430366608,-0.316226417684745,0.909960526387338
"Sockeye",1999,64,"Igushik","BS",10.5224589746838,0.689038644211115,0.695487233988577,-0.206283922720145
"Sockeye",2000,64,"Igushik","BS",10.9007243945152,1.06730406404251,1.10634579243581,0.619297312470488
"Sockeye",2001,64,"Igushik","BS",10.7640961369212,0.930675806448593,0.957944997609745,0.179446305429256
"Sockeye",2002,64,"Igushik","BS",10.822977975135,0.989557644662348,1.02190037364705,1.39151795443061
"Sockeye",2003,64,"Igushik","BS",11.5572645462509,1.72384421577825,1.81945655055139,2.37568764016501
"Sockeye",2004,64,"Igushik","BS",10.035636150565,0.202215820092296,0.166717451580706,2.81773514226888
"Sockeye",2005,64,"Igushik","BS",10.1204283063317,0.287007975859063,0.258815700745261,1.46323145071995
"Sockeye",2006,64,"Igushik","BS",9.36908990292523,-0.464330427547437,-0.557261575013211,1.19181738277818
"Sockeye",2007,64,"Igushik","BS",9.8366718446572,0.00325151418454682,-0.04939056047112,0.382421626466395
"Sockeye",2008,64,"Igushik","BS",9.29751855393179,-0.535901776540857,-0.634999850128784,-0.462965242956821
"Sockeye",2009,64,"Igushik","BS",9.25937698570696,-0.574043344765698,-0.676427876366974,0.605519284337619
"Sockeye",2010,64,"Igushik","BS",8.60447251249176,-1.2289478179809,-1.38776201816026,1.19686513994394
"Sockeye",2011,64,"Igushik","BS",10.0893946812525,0.255974350779846,0.225108071670623,1.54989053779255
"Sockeye",2012,64,"Igushik","BS",11.4470511252817,1.61363079480902,1.69974661967497,1.26661489832682
"Sockeye",2013,64,"Igushik","BS",11.0055366814366,1.17211635096398,1.22018920199544,1.68772181380894
"Sockeye",2014,64,"Igushik","BS",12.5980416021057,2.76462127163298,2.94991188274652,1.69614800207878
"Sockeye",1963,63,"Nushagak","BS",9.10050782750122,-0.732912502971435,-0.991793119194444,-0.0889299567367803
"Sockeye",1964,63,"Nushagak","BS",9.17930736375381,-0.65411296671883,-0.899396899406172,-0.367904415712764
"Sockeye",1965,63,"Nushagak","BS",10.2451521777037,0.411731847231063,0.350357050594387,1.11460605227928
"Sockeye",1966,63,"Nushagak","BS",10.1582610791135,0.32484074864088,0.248473087505485,1.09979891078553
"Sockeye",1967,63,"Nushagak","BS",9.6287519162906,-0.204668414182052,-0.372401695707148,1.12098974844194
"Sockeye",1968,63,"Nushagak","BS",8.94943284991461,-0.883987480558047,-1.16893574588268,0.882802810234105
"Sockeye",1969,63,"Nushagak","BS",8.12974167993403,-1.70367865053862,-2.13006279182425,1.63959696527929
"Sockeye",1970,63,"Nushagak","BS",8.74329176084788,-1.09012856962478,-1.41064601828513,0.780801991810974
"Sockeye",1971,63,"Nushagak","BS",9.08083942545348,-0.752580905019183,-1.01485525997485,1.17345217427378
"Sockeye",1972,63,"Nushagak","BS",9.75841434026768,-0.0750059902049769,-0.220366310807658,3.36061078500501
"Sockeye",1973,63,"Nushagak","BS",8.56463322533099,-1.26878710514167,-1.62013168406053,1.88001110180681
"Sockeye",1974,63,"Nushagak","BS",10.6022057592443,0.768785428771617,0.769019428129896,0.630611973289275
"Sockeye",1975,63,"Nushagak","BS",10.5279147175804,0.694494387107775,0.681909633576439,1.97476170777722
"Sockeye",1976,63,"Nushagak","BS",9.26021807206513,-0.573202258407512,-0.804525229547706,2.12396222074748
"Sockeye",1977,63,"Nushagak","BS",10.1676175270141,0.334197196541526,0.259443969540809,1.66606161868006
"Sockeye",1978,63,"Nushagak","BS",9.1208707726806,-0.71254955779205,-0.967916593420236,0.723764595789625
"Sockeye",1979,63,"Nushagak","BS",10.0171901762882,0.183769845815514,0.0830607162778333,1.20863095827335
"Sockeye",1980,63,"Nushagak","BS",10.046541584384,0.213121253911327,0.117476644118099,-1.10911769437832
"Sockeye",1981,63,"Nushagak","BS",10.7612772996765,0.927856969203874,0.95553840667721,0.569135694431092
"Sockeye",1982,63,"Nushagak","BS",10.6694805249345,0.836060194461847,0.847902304001054,0.697642163934412
"Sockeye",1983,63,"Nushagak","BS",9.51900713803614,-0.314413192436497,-0.50108268971335,1.24298390640169
"Sockeye",1984,63,"Nushagak","BS",8.70839666889198,-1.12502366158068,-1.45156218022235,0.149196347842044
"Sockeye",1985,63,"Nushagak","BS",9.48261243312596,-0.350807897346672,-0.543757219462232,0.943891903366793
"Sockeye",1986,63,"Nushagak","BS",10.2466182330259,0.413197902553221,0.352076070479652,0.647419501015559
"Sockeye",1987,63,"Nushagak","BS",10.1990743428749,0.365654012402183,0.2963285885414,1.49059608241683
"Sockeye",1988,63,"Nushagak","BS",10.0568788301389,0.223458499666231,0.129597558481271,1.5654652613419
"Sockeye",1989,63,"Nushagak","BS",10.0541337891965,0.220713458723892,0.126378866870915,0.901433334168733
"Sockeye",1990,63,"Nushagak","BS",9.89736004294698,0.0639397124743578,-0.0574458382525747,0.457658181357478
"Sockeye",1991,63,"Nushagak","BS",10.175286536315,0.341866205842299,0.268436249224297,1.00720223308536
"Sockeye",1992,63,"Nushagak","BS",9.9680175681558,0.134597237683129,0.0254034847175111,0.455649807474708
"Sockeye",1993,63,"Nushagak","BS",9.97631838066944,0.142898050196789,0.0351365838435614,0.30619934260294
"Sockeye",1994,63,"Nushagak","BS",9.91524214048602,0.0818218100133631,-0.03647822482408,-0.279632906836185
"Sockeye",1995,63,"Nushagak","BS",11.4759923843787,1.64257205390604,1.79357597888377,1.34857758180003
"Sockeye",1996,63,"Nushagak","BS",10.2601491856766,0.426728855203959,0.367941758712316,1.43331842121999
"Sockeye",1997,63,"Nushagak","BS",8.9993724194473,-0.834047911025354,-1.11037921544977,0.277047452372241
"Sockeye",1998,63,"Nushagak","BS",9.59417676002253,-0.239243570450119,-0.412942717769986,1.65858679798331
"Sockeye",1999,63,"Nushagak","BS",10.2516633189734,0.418242988500751,0.357991674710678,1.62603640268681
"Sockeye",2000,63,"Nushagak","BS",10.9094539710969,1.07603364062425,1.12928263095999,2.17763533302553
"Sockeye",2001,63,"Nushagak","BS",10.7647703759758,0.931350045503154,0.959634205470378,1.08796853756187
"Sockeye",2002,63,"Nushagak","BS",10.7494909552347,0.916070624762024,0.941718354893423,1.78616178328879
"Sockeye",2003,63,"Nushagak","BS",11.5615860136961,1.72816568322352,1.8939385972822,1.23018683303632
"Sockeye",2004,63,"Nushagak","BS",10.0911569188612,0.25773658838856,0.169790254658535,1.21672595749001
"Sockeye",2005,63,"Nushagak","BS",10.1435456197879,0.310125289315287,0.231218508623519,0.248032046308995
"Sockeye",2006,63,"Nushagak","BS",9.36312932745587,-0.470291003016787,-0.683856867474011,0.813900460747295
"Sockeye",2007,63,"Nushagak","BS",9.81733110190305,-0.0160892285696134,-0.151283593876131,0.565733615728915
"Sockeye",2008,63,"Nushagak","BS",9.29945940490272,-0.53396092556993,-0.758512892596596,1.48283421878288
"Sockeye",2009,63,"Nushagak","BS",9.30039867010287,-0.533021660369788,-0.757411559289335,0.976255129932168
"Sockeye",2010,63,"Nushagak","BS",8.59722084900181,-1.23619948147085,-1.58192113889418,1.65493043115885
"Sockeye",2011,63,"Nushagak","BS",10.0916219687965,0.258201638323836,0.170335547918822,1.73563181196497
"Sockeye",2012,63,"Nushagak","BS",11.4401682109625,1.60674788048979,1.75157042456057,2.47036252349
"Sockeye",2013,63,"Nushagak","BS",11.0123123025063,1.17889197203364,1.24988893713788,2.59597712173374
"Sockeye",2014,63,"Nushagak","BS",12.5767270697909,2.74330673931826,3.08423996954349,2.06549396732019
"Sockeye",1963,62,"Egegik","BS",9.39089784824983,-0.679180285606494,-0.913025166978119,-0.00374496728123558
"Sockeye",1964,62,"Egegik","BS",10.3506673218382,0.280589187981854,0.235536520499695,0.824613501582987
"Sockeye",1965,62,"Egegik","BS",10.4997034457853,0.429625311928955,0.413888913158991,0.502821269251623
"Sockeye",1966,62,"Egegik","BS",9.98868531834079,-0.0813928155155505,-0.19764943947792,0.939715910595017
"Sockeye",1967,62,"Egegik","BS",9.27512570995458,-0.794952423901749,-1.05157035536191,0.940656690777345
"Sockeye",1968,62,"Egegik","BS",8.20173663098047,-1.86834150287586,-2.33610128262449,0.107412128205411
"Sockeye",1969,62,"Egegik","BS",8.38032814600845,-1.68974998784789,-2.12237978229084,0.998247378121791
"Sockeye",1970,62,"Egegik","BS",9.39370235123542,-0.676375782620916,-0.909669002013204,0.268144187750419
"Sockeye",1971,62,"Egegik","BS",10.1752787326831,0.105200598826707,0.0256479801075572,1.44918635481301
"Sockeye",1972,62,"Egegik","BS",8.76043558680283,-1.3096425470535,-1.66750300652778,1.67251937039628
"Sockeye",1973,62,"Egegik","BS",9.14188299043539,-0.928195143420934,-1.21102268947598,1.48490352630447
"Sockeye",1974,62,"Egegik","BS",10.7787254354787,0.708647301622443,0.747796144160613,0.649093787025538
"Sockeye",1975,62,"Egegik","BS",9.4018595353923,-0.668218598464021,-0.899907252490913,0.951632351131999
"Sockeye",1976,62,"Egegik","BS",10.202433772232,0.132355638375631,0.0581445732021783,2.17472181438142
"Sockeye",1977,62,"Egegik","BS",9.92348269111811,-0.146595442738221,-0.275677801091532,1.79476931458833
"Sockeye",1978,62,"Egegik","BS",10.7558398810405,0.685761747184206,0.720408868624362,2.40419095516103
"Sockeye",1979,62,"Egegik","BS",9.01140029432183,-1.05867783953448,-1.36717208759604,1.36464121710144
"Sockeye",1980,62,"Egegik","BS",10.0963268716566,0.0262487378002999,-0.0688341692266668,2.04778430484064
"Sockeye",1981,62,"Egegik","BS",10.9110733876796,0.840995253823273,0.906177705042823,2.05837434982802
"Sockeye",1982,62,"Egegik","BS",9.89526475337446,-0.174813380481853,-0.309446370611457,1.8277215541713
"Sockeye",1983,62,"Egegik","BS",9.01615289309907,-1.05392524075725,-1.361484625115,2.61346048151513
"Sockeye",1984,62,"Egegik","BS",10.1704596406036,0.100381506747257,0.0198809447066601,2.31222700715151
"Sockeye",1985,62,"Egegik","BS",10.4165993881856,0.346521254329258,0.314437806138368,1.76265900818326
"Sockeye",1986,62,"Egegik","BS",10.3663789574935,0.296300823637222,0.254338725881261,2.51208829197332
"Sockeye",1987,62,"Egegik","BS",10.3241753827715,0.254097248915126,0.203833463592416,3.00590307495448
"Sockeye",1988,62,"Egegik","BS",10.0950936740773,0.0250155402210218,-0.0703099439117625,2.49068758005006
"Sockeye",1989,62,"Egegik","BS",9.76876843397965,-0.301309699876676,-0.460825248625414,1.83873739018993
"Sockeye",1990,62,"Egegik","BS",10.4536634396047,0.383585305748395,0.358792571125391,1.99172791386424
"Sockeye",1991,62,"Egegik","BS",10.2537904584728,0.183712324616499,0.119603417055113,1.27252938663949
"Sockeye",1992,62,"Egegik","BS",10.0586107816866,-0.0114673521697031,-0.113969232523743,1.49412586322835
"Sockeye",1993,62,"Egegik","BS",10.0418510931046,-0.0282270407517631,-0.134025648912404,0.243906850317251
"Sockeye",1994,62,"Egegik","BS",11.6136207570536,1.54354262319723,1.7469202107243,1.43608453901445
"Sockeye",1995,62,"Egegik","BS",11.1837601860823,1.11368205222599,1.23250357593699,1.78154013257546
"Sockeye",1996,62,"Egegik","BS",9.70957600068737,-0.360502133168966,-0.531661176354942,1.35215637442189
"Sockeye",1997,62,"Egegik","BS",9.81651463326371,-0.253563500592612,-0.403687095423557,1.70327006249513
"Sockeye",1998,62,"Egegik","BS",10.4009075133009,0.33082937944458,0.295659248585529,0.134216839481371
"Sockeye",1999,62,"Egegik","BS",10.9194325472905,0.849354413434171,0.916181159760644,2.01810667547121
"Sockeye",2000,62,"Egegik","BS",10.9206258513183,0.850547717462029,0.917609193601716,2.45643335889391
"Sockeye",2001,62,"Egegik","BS",10.9649472824398,0.894869148583516,0.970648906909122,1.59735578710351
"Sockeye",2002,62,"Egegik","BS",11.2316849256283,1.16160679177198,1.28985538930429,1.63078074084935
"Sockeye",2003,62,"Egegik","BS",11.0161468576968,0.94606872384044,1.03191973513768,2.0333202558588
"Sockeye",2004,62,"Egegik","BS",10.2486785930767,0.178600459220316,0.113486018130507,2.39423118932721
"Sockeye",2005,62,"Egegik","BS",9.68916837793114,-0.380909755925197,-0.556083096696576,1.33863542405834
"Sockeye",2006,62,"Egegik","BS",10.0271898505586,-0.0428882832976948,-0.151570842776633,0.891715615066601
"Sockeye",2007,62,"Egegik","BS",9.59520728226894,-0.474870851587381,-0.668526884044317,1.50348431808938
"Sockeye",2008,62,"Egegik","BS",9.5562462597024,-0.513831874153908,-0.71515176538959,1.11247112361508
"Sockeye",2009,62,"Egegik","BS",9.00823714993764,-1.06184098391868,-1.37095744079973,1.36929546120982
"Sockeye",2010,62,"Egegik","BS",10.1719546969689,0.101876563112573,0.0216700873175438,2.36942786176494
"Sockeye",2011,62,"Egegik","BS",11.4285084739983,1.35843034014193,1.52539526952778,2.27639278171926
"Sockeye",2012,62,"Egegik","BS",11.3294508956713,1.25937276181494,1.40685249185915,2.04864640534872
"Sockeye",2013,62,"Egegik","BS",11.4081530944126,1.33807496055625,1.5010358688909,1.68755732152791
"Sockeye",2014,62,"Egegik","BS",12.2596161321683,2.18953799831191,2.51998661735895,1.43716658906798
"Sockeye",1963,61,"Ugashik","BS",8.98100628732751,-0.852414043145141,-1.18704691906816,-1.07325236996314
"Sockeye",1964,61,"Ugashik","BS",10.1576132544304,0.324192923957793,0.231773067448926,-0.542812935268232
"Sockeye",1965,61,"Ugashik","BS",10.1716179927922,0.338197662319558,0.24866078208021,-0.930666425217601
"Sockeye",1966,61,"Ugashik","BS",10.1285168301929,0.295096499720204,0.196686934697122,1.22089229701277
"Sockeye",1967,61,"Ugashik","BS",9.37923467998612,-0.454185650486537,-0.706840343295633,-0.0361434279845971
"Sockeye",1968,61,"Ugashik","BS",8.44885428608654,-1.38456604438611,-1.82874624291698,-0.452597878740864
"Sockeye",1969,61,"Ugashik","BS",7.95075247013819,-1.88266786033446,-2.42938590556326,-0.586171807869719
"Sockeye",1970,61,"Ugashik","BS",9.01125303380474,-0.822167296667918,-1.15057366195779,-0.725790170885675
"Sockeye",1971,61,"Ugashik","BS",9.77771302023557,-0.0557073102370916,-0.226332366420285,0.568996011733165
"Sockeye",1972,61,"Ugashik","BS",8.986114880897,-0.847305449575661,-1.18088668471462,1.24616566720692
"Sockeye",1973,61,"Ugashik","BS",8.8869438177661,-0.946476512706567,-1.30047282553165,0.964733964793574
"Sockeye",1974,61,"Ugashik","BS",10.5657619811165,0.732341650643802,0.723942149465717,2.50578391748
"Sockeye",1975,61,"Ugashik","BS",9.87384079589517,0.0404204654225078,-0.110415995721675,2.26278338861868
"Sockeye",1976,61,"Ugashik","BS",9.41826184740997,-0.415158483062678,-0.659779152340375,2.78999506924287
"Sockeye",1977,61,"Ugashik","BS",9.98943121076009,0.156010880287456,0.0289695386543451,2.65029064451235
"Sockeye",1978,61,"Ugashik","BS",9.66588490570366,-0.167535424768984,-0.361181103839405,2.6734293289462
"Sockeye",1979,61,"Ugashik","BS",9.78492456698647,-0.0484957634861841,-0.217636270825098,1.33417510039798
"Sockeye",1980,61,"Ugashik","BS",9.711697273199,-0.121723057273666,-0.305937930503396,0.882719925015945
"Sockeye",1981,61,"Ugashik","BS",10.7701622499823,0.936741919509622,0.970419685996335,1.79304294735727
"Sockeye",1982,61,"Ugashik","BS",9.45260838420584,-0.380811946266798,-0.618362133542986,0.688448041395677
"Sockeye",1983,61,"Ugashik","BS",8.69657034929501,-1.13684998117764,-1.5300360437696,0.580416141194314
"Sockeye",1984,61,"Ugashik","BS",9.89556672243794,0.0621463919653142,-0.084217630705671,1.47089035333522
"Sockeye",1985,61,"Ugashik","BS",10.2393105119278,0.405890181455154,0.33028829387691,1.03172030565551
"Sockeye",1986,61,"Ugashik","BS",10.1751907428126,0.341770412339901,0.252969008427172,1.95061738862954
"Sockeye",1987,61,"Ugashik","BS",10.0592912545324,0.225870924059712,0.113210775647093,2.34469207276932
"Sockeye",1988,61,"Ugashik","BS",10.0556191996085,0.222198869135845,0.108782801766911,2.13685075356515
"Sockeye",1989,61,"Ugashik","BS",9.63173719105776,-0.201683139414877,-0.402358371515092,1.05349420903073
"Sockeye",1990,61,"Ugashik","BS",10.021942165714,0.188521835241309,0.0681731078656165,1.638672112487
"Sockeye",1991,61,"Ugashik","BS",10.2111194861012,0.377699155628518,0.296293942320643,0.990185766879634
"Sockeye",1992,61,"Ugashik","BS",9.92528016322237,0.0918598327497166,-0.04838746410645,0.360949173469573
"Sockeye",1993,61,"Ugashik","BS",9.89273608894247,0.0593157584698136,-0.0876309704956007,-0.0403333879453438
"Sockeye",1994,61,"Ugashik","BS",10.5950652012267,0.761644870754011,0.759277648510095,0.37059914573102
"Sockeye",1995,61,"Ugashik","BS",11.4579013886549,1.62448105818224,1.79973488022924,1.47485100431908
"Sockeye",1996,61,"Ugashik","BS",10.2283246780186,0.394904347545928,0.317040946925239,0.670892226566008
"Sockeye",1997,61,"Ugashik","BS",9.37806902322498,-0.45535130724768,-0.708245958897418,1.52756958478971
"Sockeye",1998,61,"Ugashik","BS",9.97786693177517,0.144446601302527,0.0150246695415296,0.298946140112467
"Sockeye",1999,61,"Ugashik","BS",10.5102459413262,0.676825610853522,0.656997732996155,0.793277023895463
"Sockeye",2000,61,"Ugashik","BS",10.9063317640701,1.07291143359746,1.13462067540391,1.92014734795637
"Sockeye",2001,61,"Ugashik","BS",10.7604736718436,0.92705334137102,0.958736644259953,0.92468599048775
"Sockeye",2002,61,"Ugashik","BS",10.7943073791728,0.960887048700208,0.99953526395096,1.62508566282365
"Sockeye",2003,61,"Ugashik","BS",11.5617257930947,1.72830546262204,1.92493228618216,2.08754985303436
"Sockeye",2004,61,"Ugashik","BS",10.0787878921338,0.245367561661132,0.136720936535299,1.71551839596497
"Sockeye",2005,61,"Ugashik","BS",9.84400723328739,0.0105869028147273,-0.146391012086868,1.88472823793274
"Sockeye",2006,61,"Ugashik","BS",9.52889117579123,-0.304529154681428,-0.526375979836001,1.2212836595437
"Sockeye",2007,61,"Ugashik","BS",9.69945118657386,-0.1339691438988,-0.320704962270292,0.189202490467666
"Sockeye",2008,61,"Ugashik","BS",9.29816148939706,-0.535258841075592,-0.804603034147011,1.6686193436768
"Sockeye",2009,61,"Ugashik","BS",9.10198369851068,-0.731436631961976,-1.04116543637867,-0.327926379339236
"Sockeye",2010,61,"Ugashik","BS",9.1085730616928,-0.724847268779849,-1.03321960532155,0.933502500927137
"Sockeye",2011,61,"Ugashik","BS",10.455729520031,0.622309189558389,0.591258713689332,1.87952328645651
"Sockeye",2012,61,"Ugashik","BS",11.3967356706426,1.56331534016989,1.72597775858031,2.17756547760282
"Sockeye",2013,61,"Ugashik","BS",11.0263562137383,1.19293588326567,1.27935302258631,1.89765696865302
"Sockeye",2014,61,"Ugashik","BS",12.5756273137665,2.74220698329378,3.14755273813406,1.91085116289442
"Sockeye",1956,66,"Togiak","BS",9.08905361870063,-0.290069103500763,-0.286028919457393,0.717013435550742
"Sockeye",1957,66,"Togiak","BS",8.67057265561099,-0.708550066590388,-0.724287032657462,1.98764966538081
"Sockeye",1958,66,"Togiak","BS",8.78828992015934,-0.590832802042046,-0.601006523381391,1.32106671370045
"Sockeye",1959,66,"Togiak","BS",8.38692487844196,-0.992197843759436,-1.0213398274076,0.345227781695952
"Sockeye",1960,66,"Togiak","BS",8.50407846230748,-0.875044259893913,-0.898649638012926,1.20172225457416
"Sockeye",1961,66,"Togiak","BS",8.6902552058508,-0.688867516350594,-0.70367429733165,1.02346222634749
"Sockeye",1962,66,"Togiak","BS",8.44566687029129,-0.933455851910098,-0.959821725548346,1.00983846541748
"Sockeye",1963,66,"Togiak","BS",8.24430745976048,-1.13481526244089,-1.17069725661857,0.269009911999281
"Sockeye",1964,66,"Togiak","BS",9.10298775278408,-0.2761349694173,-0.271436266861181,0.511900622154092
"Sockeye",1965,66,"Togiak","BS",9.8900693304522,0.510946608250818,0.55284229677204,1.43596706669076
"Sockeye",1966,66,"Togiak","BS",9.475287507037,0.096164784835609,0.118458142287331,1.81792614137845
"Sockeye",1967,66,"Togiak","BS",9.07857745531577,-0.300545266885619,-0.297000179809897,0.801180256014017
"Sockeye",1968,66,"Togiak","BS",8.41702256594296,-0.962100156258419,-0.989819741909571,1.66034169229128
"Sockeye",1969,66,"Togiak","BS",7.24039776164885,-2.13872496055254,-2.22205110284702,0.617503735689435
"Sockeye",1970,66,"Togiak","BS",7.76293025716052,-1.61619246504087,-1.67482404650031,0.699269478192763
"Sockeye",1971,66,"Togiak","BS",8.70247411546309,-0.676648606738296,-0.690877929648609,1.02515664745568
"Sockeye",1972,66,"Togiak","BS",9.26907148000509,-0.110051242196299,-0.0975035259600805,1.35173756723634
"Sockeye",1973,66,"Togiak","BS",8.14369979740646,-1.23542292479492,-1.27605957453912,1.81016811829571
"Sockeye",1974,66,"Togiak","BS",8.58870569737148,-0.790417024829894,-0.810022972439724,1.91608810927493
"Sockeye",1975,66,"Togiak","BS",9.87316821098678,0.494045488785417,0.535142440909567,1.89392679046891
"Sockeye",1976,66,"Togiak","BS",9.03438764695201,-0.344735075249378,-0.343278371040368,1.73034961787322
"Sockeye",1977,66,"Togiak","BS",9.76359025428591,0.384467532084528,0.420385898108919,1.69355853970315
"Sockeye",1978,66,"Togiak","BS",8.47522506971621,-0.903897652485175,-0.928866623997445,0.800307816510628
"Sockeye",1979,66,"Togiak","BS",10.162757273264,0.783634551062602,0.838417302207846,1.07849241657172
"Sockeye",1980,66,"Togiak","BS",7.9728434664955,-1.40627925570588,-1.45499046941303,-0.546260189588164
"Sockeye",1981,66,"Togiak","BS",10.397311032983,1.01818831078154,1.0840559267691,0.115162544711403
"Sockeye",1982,66,"Togiak","BS",9.69553946163865,0.316416739437267,0.349119067314109,0.387254567210921
"Sockeye",1983,66,"Togiak","BS",8.15001721419339,-1.22910550800799,-1.26944360056291,1.76808668381611
"Sockeye",1984,66,"Togiak","BS",8.40281672494591,-0.976305997255481,-1.00469694211918,0.100883633389631
"Sockeye",1985,66,"Togiak","BS",9.89059687831174,0.511474156110362,0.553394776215405,0.82626516565998
"Sockeye",1986,66,"Togiak","BS",9.81681009591076,0.43768737370937,0.476120876357654,1.31834102953493
"Sockeye",1987,66,"Togiak","BS",9.58859218142892,0.209469459227536,0.237117525139877,1.16507689575382
"Sockeye",1988,66,"Togiak","BS",9.5664318399203,0.18730911771892,0.213909899670531,0.690288841310623
"Sockeye",1989,66,"Togiak","BS",9.7864552106529,0.407332488451513,0.444331438096722,1.66013212103568
"Sockeye",1990,66,"Togiak","BS",9.17186997185481,-0.207252750346573,-0.1992987169471,1.44403089044975
"Sockeye",1991,66,"Togiak","BS",9.78658364411918,0.407460921917801,0.444465941248769,0.999283360538721
"Sockeye",1992,66,"Togiak","BS",9.45895823799877,0.0798355157973888,0.101357162147658,0.272796102950776
"Sockeye",1993,66,"Togiak","BS",9.74271705771865,0.363594335517272,0.398526247250535,0.536796868603605
"Sockeye",1994,66,"Togiak","BS",9.48601822420712,0.106895502005734,0.129695986478717,0.378888099381926
"Sockeye",1995,66,"Togiak","BS",10.8816434201717,1.50252069797026,1.59127756142577,1.92003833057728
"Sockeye",1996,66,"Togiak","BS",9.8988639196497,0.519741197448326,0.56205251278668,1.78730092109514
"Sockeye",1997,66,"Togiak","BS",8.72797756890988,-0.651145153291509,-0.664169198849591,1.11095183727873
"Sockeye",1998,66,"Togiak","BS",9.27631554682619,-0.102807175375194,-0.089917109045261,1.52922204168388
"Sockeye",1999,66,"Togiak","BS",9.92027902315428,0.541156300952893,0.584479680767282,0.971134127028313
"Sockeye",2000,66,"Togiak","BS",10.6046597794695,1.22553705726811,1.30120384608829,0.69620287707339
"Sockeye",2001,66,"Togiak","BS",10.4092927311434,1.030170008942,1.09660387253458,0.742167136044088
"Sockeye",2002,66,"Togiak","BS",10.3276720140783,0.948549291876896,1.01112581113152,1.74992829712982
"Sockeye",2003,66,"Togiak","BS",11.0919312824392,1.71280856023776,1.81150349731019,1.45806967353988
"Sockeye",2004,66,"Togiak","BS",9.72370895899161,0.344586236790232,0.378619837596605,1.61385172893798
"Sockeye",2005,66,"Togiak","BS",9.65668995089749,0.277567228696105,0.308433552851361,1.60817634846724
"Sockeye",2006,66,"Togiak","BS",8.87633656402068,-0.502786158180706,-0.508798849877244,0.985882925215256
"Sockeye",2007,66,"Togiak","BS",9.28483443270633,-0.0942882894950466,-0.0809956259153335,1.19172998992565
"Sockeye",2008,66,"Togiak","BS",8.7759353734825,-0.603187348718882,-0.613944938252303,1.08646175618168
"Sockeye",2009,66,"Togiak","BS",8.74575090792086,-0.633371814280526,-0.645555902888144,0.445237454324818
"Sockeye",2010,66,"Togiak","BS",8.11825540002684,-1.26086732217454,-1.30270645831795,0.942346883663956
"Sockeye",2011,66,"Togiak","BS",9.61649082311922,0.237368100917835,0.266334639289504,1.34517668308576
"Sockeye",2012,66,"Togiak","BS",11.0909063597165,1.71178363751511,1.81043013737695,1.01742649317476
"Sockeye",2013,66,"Togiak","BS",10.6779863444866,1.29886362228516,1.37799577897469,2.11813698502346
"Sockeye",2014,66,"Togiak","BS",12.4436229419163,3.06450021971489,3.22707526415266,2.33877447188637
"Sockeye",2015,66,"Togiak","BS",10.8682836806258,1.48916095842441,1.57728644889586,1.18838416635025
"Sockeye",1981,69,"Goodnews","BS",10.1988004338679,1.20066629238992,0.753586373338553,0.432227792386261
"Sockeye",1982,69,"Goodnews","BS",9.27715648247765,0.279022340999596,-0.177780370942478,-0.117909954842629
"Sockeye",1983,69,"Goodnews","BS",7.74746845686934,-1.25066568460872,-1.72360569104282,0.319558221857178
"Sockeye",1984,69,"Goodnews","BS",8.00286801138178,-0.995266130096278,-1.46551182386315,0.0790009181348453
"Sockeye",1985,69,"Goodnews","BS",9.59796805469159,0.599833913213537,0.146415571633654,0.300170588059352
"Sockeye",1986,69,"Goodnews","BS",9.46655957478725,0.468425433309201,0.0136208107991773,0.295082730145046
"Sockeye",1987,69,"Goodnews","BS",9.21756245191196,0.219428310433904,-0.23800308291582,0.0705092789504905
"Sockeye",1988,69,"Goodnews","BS",9.10893442315741,0.110800281679357,-0.34777707245502,1.21266808330062
"Sockeye",1989,69,"Goodnews","BS",9.59123477286621,0.593100631388158,0.139611257708988,1.53251425377681
"Sockeye",1990,69,"Goodnews","BS",8.75474835008119,-0.243385791396864,-0.705699596932129,0.515342813670979
"Sockeye",1991,69,"Goodnews","BS",9.40819800189696,0.410063860418908,-0.0453564418068369,0.370612409383204
"Sockeye",1992,69,"Goodnews","BS",8.97134017753523,-0.0267939639428281,-0.486822855138908,0.973634277879624
"Sockeye",1993,69,"Goodnews","BS",9.44246593896382,0.444331797485772,-0.0107269984832559,0.833277815286787
"Sockeye",1994,69,"Goodnews","BS",8.9068194685246,-0.0913146729534514,-0.552024219070475,0.0724034601038824
"Sockeye",1995,69,"Goodnews","BS",10.3931550703632,1.39502092888519,0.949991335097869,0.511095557157596
"Sockeye",1996,69,"Goodnews","BS",9.50742709992079,0.50929295844273,0.0549194638994549,-0.153646586229002
"Sockeye",1997,69,"Goodnews","BS",8.5067462779357,-0.491387863542355,-0.956317942726788,-0.879466523645767
"Sockeye",1998,69,"Goodnews","BS",8.8998045520239,-0.0983295894541538,-0.559113138747978,0.483109090845745
"Sockeye",1999,69,"Goodnews","BS",9.53388539039039,0.535751248912332,0.0816568735214045,-0.0077879499430228
"Sockeye",2000,69,"Goodnews","BS",10.4430729947005,1.44493885322244,1.00043586370473,1.27309736584045
"Sockeye",2001,69,"Goodnews","BS",10.1413292320004,1.1431950905223,0.695508884637393,1.79311517588957
"Sockeye",2002,69,"Goodnews","BS",9.99188949459589,0.993755353117834,0.544492647312071,1.56275514889288
"Sockeye",2003,69,"Goodnews","BS",10.5620302185096,1.56389607703152,1.12064801513332,0.492642190648209
"Sockeye",2004,69,"Goodnews","BS",9.48977959720779,0.49164545572974,0.0370857905794128,-0.401145528090391
"Sockeye",2005,69,"Goodnews","BS",9.3840786166673,0.385944475189256,-0.0697302721363401,-0.612769897748631
"Sockeye",2006,69,"Goodnews","BS",8.51535694690733,-0.482777194570729,-0.947616436343453,-1.12712905664921
"Sockeye",2007,69,"Goodnews","BS",8.74601411199431,-0.252120029483737,-0.71452597601103,-0.230300294918597
"Sockeye",2008,69,"Goodnews","BS",8.40007152206366,-0.59806261941439,-1.06411805352189,-0.403042508929226
"Sockeye",2009,69,"Goodnews","BS",8.34509296267368,-0.653041178804374,-1.11967660385693,0.512160762914143
"Sockeye",2010,69,"Goodnews","BS",7.8069243192873,-1.19120982219076,-1.66352260480859,0.645733741116274
"Sockeye",2011,69,"Goodnews","BS",9.29234871905252,0.294214577574455,-0.162427865350998,1.79414253329261
"Sockeye",2012,69,"Goodnews","BS",10.8003483634109,1.80221422193281,1.3614802740387,1.88487478509031
"Sockeye",2013,69,"Goodnews","BS",10.8145627078438,1.81642856636579,1.37584457131061,0.503083327349159
"Sockeye",2014,69,"Goodnews","BS",12.1750707927492,3.17693665127117,2.75070520343958,1.24203778885073
"Sockeye",2015,69,"Goodnews","BS",11.4167198485621,2.41858570708408,1.98435410999997,-1.79342273967356
"Pink",1959,138,"Nisqually-Odd","WC",12.247164050738,-0.064094555976721,-0.0419298293354076,0.784358060613329
"Pink",1961,138,"Nisqually-Odd","WC",12.1647284825643,-0.146530124150458,-0.180067133835729,1.36573444715453
"Pink",1963,138,"Nisqually-Odd","WC",11.6598021586736,-0.65145644804114,-1.02617231511519,0.00631336205659203
"Pink",1965,138,"Nisqually-Odd","WC",12.0731655359268,-0.238093070787933,-0.333499188964539,1.47109496281236
"Pink",1967,138,"Nisqually-Odd","WC",11.9149852991104,-0.396273307604328,-0.59856185576133,-0.106154481559003
"Pink",1969,138,"Nisqually-Odd","WC",11.6897964080175,-0.621462198697266,-0.975910943153261,1.76985463384001
"Pink",1971,138,"Nisqually-Odd","WC",11.7714772224426,-0.539781384272112,-0.839038379719211,0.922670338838194
"Pink",1973,138,"Nisqually-Odd","WC",11.7557787100474,-0.555479896667354,-0.865344381303057,0.533931612480466
"Pink",1975,138,"Nisqually-Odd","WC",11.535138686498,-0.776119920216745,-1.23507093008798,0.577549255808899
"Pink",1977,138,"Nisqually-Odd","WC",12.6400055090586,0.328746902343884,0.616354711556158,-0.110931560707282
"Pink",1979,138,"Nisqually-Odd","WC",12.4531836509705,0.141925044255712,0.303297272033791,-0.0147232415528938
"Pink",1981,138,"Nisqually-Odd","WC",11.7076369126638,-0.603621694050965,-0.946015604558983,0.85696526578934
"Pink",1983,138,"Nisqually-Odd","WC",11.8460661967595,-0.465192409955207,-0.714049614725612,1.05779029414785
"Pink",1985,138,"Nisqually-Odd","WC",12.230163693428,-0.0810949132867059,-0.0704173328047149,3.2249374162468
"Pink",1987,138,"Nisqually-Odd","WC",12.2657570441564,-0.0455015625583501,-0.0107735450966312,1.07593279989869
"Pink",1989,138,"Nisqually-Odd","WC",12.6095175743103,0.298258967595554,0.565266070824769,-1.34239418224465
"Pink",1991,138,"Nisqually-Odd","WC",13.4799647331238,1.16870612640904,2.02387461677479,-1.01291756756323
"Pink",1993,138,"Nisqually-Odd","WC",12.7267109553019,0.415452348587176,0.761647051924375,0.578858034157818
"Pink",1995,138,"Nisqually-Odd","WC",12.4049975077311,0.0937389010163806,0.222551738415108,-2.5326610810839
"Pink",2005,138,"Nisqually-Odd","WC",12.3554545640945,0.0441959573797988,0.139532613993654,0.91594643853283
"Pink",2007,138,"Nisqually-Odd","WC",10.9832590421041,-1.32799956461066,-2.15985580358461,2.70658245782718
"Pink",2009,138,"Nisqually-Odd","WC",12.2522352139155,-0.0590233927992278,-0.033432079789437,4.23919897135209
"Pink",2011,138,"Nisqually-Odd","WC",12.2336014906565,-0.0776571160582048,-0.0646566150334373,0.185471175282787
"Pink",2013,138,"Nisqually-Odd","WC",12.8390357891719,0.527777182457116,0.949869807259047,-1.3821736147787
"Pink",2015,138,"Nisqually-Odd","WC",13.648736834526,1.33747822781131,2.30668607400196,-2.83806015984534
"Pink",2017,138,"Nisqually-Odd","WC",13.1371858119965,0.825927205281724,1.44947988337207,4.13625874056587
"Pink",2019,138,"Nisqually-Odd","WC",12.7234816551208,0.412223048406097,0.756235712713411,-1.45857635625828
"Pink",1959,139,"S South Misc.-Odd","WC",12.0588191151619,-0.100334449990146,-0.201301712699831,0.198850858745165
"Pink",1961,139,"S South Misc.-Odd","WC",12.0088534355164,-0.150300129635699,-0.279960635764986,1.30291275218084
"Pink",1963,139,"S South Misc.-Odd","WC",11.5033093690872,-0.655844196064828,-1.07581795441618,1.27954399117301
"Pink",1965,139,"S South Misc.-Odd","WC",11.9232601523399,-0.235893412812123,-0.414706635900052,0.486123011125619
"Pink",1967,139,"S South Misc.-Odd","WC",11.7619813382626,-0.397172226889491,-0.668601267546081,0.122217632724249
"Pink",1969,139,"S South Misc.-Odd","WC",11.5449758172035,-0.61417774794853,-1.01022417164313,0.8754687373539
"Pink",1971,139,"S South Misc.-Odd","WC",11.6143099069595,-0.544843658192509,-0.901074353796179,0.667829372575655
"Pink",1973,139,"S South Misc.-Odd","WC",11.5989210009575,-0.56023256419457,-0.925300478245199,-1.23787435600162
"Pink",1975,139,"S South Misc.-Odd","WC",11.3544702529907,-0.804683312161335,-1.31012927901282,2.65253749117195
"Pink",1977,139,"S South Misc.-Odd","WC",12.490875929594,0.331722364441984,0.478867634885889,1.22125124012621
"Pink",1979,139,"S South Misc.-Odd","WC",12.268968462944,0.10981489779198,0.129527798609698,-0.62315480873991
"Pink",1981,139,"S South Misc.-Odd","WC",11.5431434810162,-0.616010084135888,-1.01310874345749,0.879626747502564
"Pink",1983,139,"S South Misc.-Odd","WC",11.667573839426,-0.491579725726012,-0.817223126398681,0.667829372575655
"Pink",1985,139,"S South Misc.-Odd","WC",12.0660051107407,-0.0931484544113878,-0.189989094170756,0.350656871613169
"Pink",1987,139,"S South Misc.-Odd","WC",12.0980773568153,-0.0610762083367088,-0.139499070730448,-0.0202027073175195
"Pink",1989,139,"S South Misc.-Odd","WC",12.4953028857708,0.336149320618747,0.485836810683978,0.506817602368452
"Pink",1991,139,"S South Misc.-Odd","WC",13.3135947287083,1.15444116355622,1.77404014495387,0.27763173659828
"Pink",1993,139,"S South Misc.-Odd","WC",12.6190385818481,0.45988501669609,0.680628849283364,0.350656871613169
"Pink",1995,139,"S South Misc.-Odd","WC",12.2267499864101,0.0675964212580969,0.0630649801077919,2.35291017688156
"Pink",1997,139,"S South Misc.-Odd","WC",13.1233178973198,0.964164332167744,1.47449512230151,-2.45530618001171
"Pink",1999,139,"S South Misc.-Odd","WC",12.5151653587818,0.356011793629761,0.517105488455203,2.32584195515831
"Pink",2001,139,"S South Misc.-Odd","WC",11.7017004191876,-0.457453145964498,-0.763499049572745,0.581921545449721
"Pink",2003,139,"S South Misc.-Odd","WC",13.2963645458221,1.13721098067009,1.74691537371783,-0.552917839251295
"Pink",2005,139,"S South Misc.-Odd","WC",12.2210455238819,0.0618919587298622,0.0540846783822972,0.408967738659366
"Pink",2007,139,"S South Misc.-Odd","WC",10.8361941128969,-1.32295945225513,-2.12603017977785,2.66420901084445
"Pink",2009,139,"S South Misc.-Odd","WC",12.0913799405098,-0.0677736246422468,-0.150042538920008,-0.93626093353185
"Pink",2011,139,"S South Misc.-Odd","WC",12.0366941690445,-0.122459396107556,-0.236132109220314,1.65474507164378
"Pink",2013,139,"S South Misc.-Odd","WC",12.6821024119854,0.522948846833353,0.779907654218072,-0.327100422105679
"Pink",2015,139,"S South Misc.-Odd","WC",13.5423198342323,1.38316626908027,2.13411271088537,-1.87592929790624
"Pink",2017,139,"S South Misc.-Odd","WC",12.9925298392773,0.833376274125226,1.2686008390978,-1.02036009176836
"Pink",2019,139,"S South Misc.-Odd","WC",12.5903415679932,0.431188002841108,0.635452315690077,2.4423470353692
"Pink",1959,131,"Puyallup-Odd","WC",12.247164050738,-0.064094555976721,-0.146793606277327,0.937828547537753
"Pink",1961,131,"Puyallup-Odd","WC",12.1647284825643,-0.146530124150458,-0.278460619180435,2.44528185500473
"Pink",1963,131,"Puyallup-Odd","WC",11.6598021586736,-0.65145644804114,-1.08493459971659,1.26309419910532
"Pink",1965,131,"Puyallup-Odd","WC",12.0731655359268,-0.238093070787933,-0.424705983207705,0.589491823196991
"Pink",1967,131,"Puyallup-Odd","WC",11.9149852991104,-0.396273307604328,-0.677353229333634,0.0915989563389524
"Pink",1969,131,"Puyallup-Odd","WC",11.6897964080175,-0.621462198697266,-1.03702744867888,1.42439566735772
"Pink",1971,131,"Puyallup-Odd","WC",11.7714772224426,-0.539781384272112,-0.906565936917508,-0.200862380499221
"Pink",1973,131,"Puyallup-Odd","WC",11.7557787100474,-0.555479896667354,-0.931639776764741,1.14199619468687
"Pink",1975,131,"Puyallup-Odd","WC",11.535138686498,-0.776119920216745,-1.28404849391452,1.58968477543868
"Pink",1977,131,"Puyallup-Odd","WC",12.6400055090586,0.328746902343884,0.480657171432646,1.33623253345025
"Pink",1979,131,"Puyallup-Odd","WC",12.4531836509705,0.141925044255712,0.18226320697745,0.252259976458469
"Pink",1981,131,"Puyallup-Odd","WC",11.7076369126638,-0.603621694050965,-1.00853239481436,0.756976102075438
"Pink",1983,131,"Puyallup-Odd","WC",11.8460661967595,-0.465192409955207,-0.787431591617486,1.5524843457657
"Pink",1985,131,"Puyallup-Odd","WC",12.230163693428,-0.0810949132867059,-0.173946767405224,0.350677523169781
"Pink",1987,131,"Puyallup-Odd","WC",12.2657570441564,-0.0455015625583501,-0.117096668916932,1.19090523621229
"Pink",1989,131,"Puyallup-Odd","WC",12.6095175743103,0.298258967595554,0.431961500536835,-0.70627205346953
"Pink",1991,131,"Puyallup-Odd","WC",13.4799647331238,1.16870612640904,1.82224945305539,0.0220410165911594
"Pink",1993,131,"Puyallup-Odd","WC",12.7267109553019,0.415452348587176,0.619144081418211,1.02009675758653
"Pink",1995,131,"Puyallup-Odd","WC",12.4049975077311,0.0937389010163806,0.105299759230324,-1.558528301555
"Pink",1997,131,"Puyallup-Odd","WC",13.2548669179281,0.943608311213314,1.46272070115338,0.57022651892397
"Pink",1999,131,"Puyallup-Odd","WC",12.6896610657374,0.378402459022656,0.55996758278513,1.40032612227258
"Pink",2001,131,"Puyallup-Odd","WC",11.8111705382665,-0.500088068448237,-0.843167328252197,2.55388611573042
"Pink",2003,131,"Puyallup-Odd","WC",13.4064484039942,1.09518979727949,1.70482834866403,0.525261816277908
"Pink",2005,131,"Puyallup-Odd","WC",12.3554545640945,0.0441959573797988,0.02616921469028,0.49607050164829
"Pink",2007,131,"Puyallup-Odd","WC",10.9832590421041,-1.32799956461066,-2.16551684391403,1.27986529508614
"Pink",2009,131,"Puyallup-Odd","WC",12.2522352139155,-0.0590233927992278,-0.13869388764474,-0.151459912024222
"Pink",2011,131,"Puyallup-Odd","WC",12.2336014906565,-0.0776571160582048,-0.168455879162793,0.0928491908433661
"Pink",2013,131,"Puyallup-Odd","WC",12.8390357891719,0.527777182457116,0.798550564300979,0.333090536840102
"Pink",2015,131,"Puyallup-Odd","WC",13.648736834526,1.33747822781131,2.09181414394445,-1.79311481217102
"Pink",2017,131,"Puyallup-Odd","WC",13.1371858119965,0.825927205281724,1.27475912053455,1.89991493684627
"Pink",2019,131,"Puyallup-Odd","WC",12.7234816551208,0.412223048406097,0.613986206995437,0.168275045980287
"Pink",1959,132,"Hood Canal-Odd","WC",11.9889928272792,-0.126993464397113,-0.239684947059304,0.388202203803202
"Pink",1961,132,"Hood Canal-Odd","WC",11.955741746085,-0.160244545591329,-0.291262420236997,3.19882727603145
"Pink",1963,132,"Hood Canal-Odd","WC",11.4511053221566,-0.664880969519711,-1.07403009830519,-0.822260061780807
"Pink",1965,132,"Hood Canal-Odd","WC",11.8796458584922,-0.236340433184187,-0.409298690345896,1.14189724759985
"Pink",1967,132,"Hood Canal-Odd","WC",11.7018674441746,-0.414118847501719,-0.685059990932729,-1.49659062285197
"Pink",1969,132,"Hood Canal-Odd","WC",11.4922501359667,-0.623736155709645,-1.01020824787287,1.23006513371964
"Pink",1971,132,"Hood Canal-Odd","WC",11.5526133605412,-0.563372931135135,-0.916575725723416,-0.363898775291788
"Pink",1973,132,"Hood Canal-Odd","WC",11.5574064935957,-0.558579798080692,-0.909140848941254,-0.856400092196694
"Pink",1975,132,"Hood Canal-Odd","WC",11.3088447366442,-0.807141555032159,-1.29469785616407,1.87585548958116
"Pink",1977,132,"Hood Canal-Odd","WC",12.4562704903739,0.340284198697527,0.485133623321241,0.55074539322177
"Pink",1979,132,"Hood Canal-Odd","WC",12.2047363689968,0.0887500773204052,0.0949660277827261,-1.09382591797189
"Pink",1981,132,"Hood Canal-Odd","WC",11.4832988807133,-0.632687410963023,-1.02409300322989,1.51596170878168
"Pink",1983,132,"Hood Canal-Odd","WC",11.5957348006112,-0.520251491065129,-0.849687827985488,1.29705869404834
"Pink",1985,132,"Hood Canal-Odd","WC",12.0046112196786,-0.11137507199774,-0.215458450171814,0.248670741765176
"Pink",1987,132,"Hood Canal-Odd","WC",12.0460322925023,-0.0699539991740823,-0.151208080083845,0.665497906665146
"Pink",1989,132,"Hood Canal-Odd","WC",12.4806068965367,0.364620604860342,0.522883082617692,1.00770577566757
"Pink",1991,132,"Hood Canal-Odd","WC",13.253890650613,1.13790435893662,1.72236354016002,-1.0955965360562
"Pink",1993,132,"Hood Canal-Odd","WC",12.6135498455593,0.497563553882903,0.729097772219044,0.0256546136265625
"Pink",1995,132,"Hood Canal-Odd","WC",12.1608693940299,0.0448831023535456,0.0269216922760263,-1.17259241628062
"Pink",1997,132,"Hood Canal-Odd","WC",13.1130666051592,0.997080313482863,1.50392407394414,0.447351724294547
"Pink",1999,132,"Hood Canal-Odd","WC",12.4737072672163,0.357720975539923,0.512180710441239,2.10591805976333
"Pink",2001,132,"Hood Canal-Odd","WC",11.695175579616,-0.420810712060342,-0.695440088432872,-0.885806845523192
"Pink",2003,132,"Hood Canal-Odd","WC",13.2947526318686,1.17876634019228,1.78574667437726,-0.735514154539204
"Pink",2005,132,"Hood Canal-Odd","WC",12.1863466671535,0.0703603754771417,0.0664408093687248,0.565674680434596
"Pink",2007,132,"Hood Canal-Odd","WC",10.7951271363667,-1.32085915530965,-2.09155181692581,-0.908775196856048
"Pink",2009,132,"Hood Canal-Odd","WC",12.067200422287,-0.0487858693893578,-0.118373098273284,0.363118895741657
"Pink",2011,132,"Hood Canal-Odd","WC",11.9866244792938,-0.129361812382529,-0.243358614209546,2.65628609199368
"Pink",2013,132,"Hood Canal-Odd","WC",12.6004411833627,0.484454891686345,0.708764247757408,1.12714429056243
"Pink",2015,132,"Hood Canal-Odd","WC",13.5389200959887,1.42293380431232,2.16448746653253,-2.9569884607758
"Pink",2017,132,"Hood Canal-Odd","WC",12.9652417046683,0.849255412991975,1.27462521910298,0.743541233627465
"Pink",2019,132,"Hood Canal-Odd","WC",12.5442446299962,0.428258338319809,0.621594864993232,2.13354421680045
"Pink",1959,133,"Snohomish-Odd","WC",12.1069246133169,-0.0933800119243139,-0.189371572237532,-0.027806573585333
"Pink",1961,133,"Snohomish-Odd","WC",12.0468501647313,-0.153454460509841,-0.28311173139881,2.97525616166436
"Pink",1963,133,"Snohomish-Odd","WC",11.5310045083364,-0.669300116904787,-1.08803720423563,0.0975018214770048
"Pink",1965,133,"Snohomish-Odd","WC",11.9558103481928,-0.244494277048334,-0.42517024534725,0.131151051928487
"Pink",1967,133,"Snohomish-Odd","WC",11.7783599297206,-0.421944695520617,-0.702063847577247,0.13977155199796
"Pink",1969,133,"Snohomish-Odd","WC",11.5663098891576,-0.633994736083566,-1.03294669412101,1.007339143253
"Pink",1971,133,"Snohomish-Odd","WC",11.6215970118841,-0.57870761335712,-0.946676677400548,0.506234299750432
"Pink",1973,133,"Snohomish-Odd","WC",11.6481247742971,-0.552179850944113,-0.905282761528852,0.159417306251693
"Pink",1975,133,"Snohomish-Odd","WC",11.4163659016291,-0.783938723612057,-1.26691926627349,1.28464215603951
"Pink",1977,133,"Snohomish-Odd","WC",12.539906779925,0.339602154683842,0.486253725497154,1.16630332805225
"Pink",1979,133,"Snohomish-Odd","WC",12.3092483679454,0.108943742704172,0.126334379419775,0.127340565122563
"Pink",1981,133,"Snohomish-Odd","WC",11.5666562716166,-0.633648353624561,-1.03240619899201,1.07995156819622
"Pink",1983,133,"Snohomish-Odd","WC",11.6946057478587,-0.505698877382497,-0.832753858438982,1.04824485103719
"Pink",1985,133,"Snohomish-Odd","WC",12.0917661587397,-0.10853846650145,-0.213024822132564,-0.21091110106267
"Pink",1987,133,"Snohomish-Odd","WC",12.137734413147,-0.062570212094205,-0.141295965922315,0.771162027961021
"Pink",1989,133,"Snohomish-Odd","WC",12.5468460321426,0.346541406901461,0.497081733454876,1.29491908621466
"Pink",1991,133,"Snohomish-Odd","WC",13.3306065400442,1.13030191480298,1.72006149414989,-0.326637993079491
"Pink",1993,133,"Snohomish-Odd","WC",12.6877340873082,0.487429462067067,0.716923430317802,0.52730508840977
"Pink",1995,133,"Snohomish-Odd","WC",12.254433631897,0.054129006655801,0.0408014747899069,0.369470680955652
"Pink",1997,133,"Snohomish-Odd","WC",13.2002125581106,0.999907932869371,1.51659474733943,0.894831053781035
"Pink",1999,133,"Snohomish-Odd","WC",12.5825641552607,0.382259530019542,0.552816286577977,1.6176845243256
"Pink",2001,133,"Snohomish-Odd","WC",11.7507197062175,-0.449584919023724,-0.745193647541133,0.428773480762965
"Pink",2003,133,"Snohomish-Odd","WC",13.3639675378799,1.16366291263876,1.77211798939101,-0.944292152121559
"Pink",2005,133,"Snohomish-Odd","WC",12.2671165466309,0.0668119213896784,0.0605918927425574,0.960025751754007
"Pink",2007,133,"Snohomish-Odd","WC",10.8781929413478,-1.32211168389342,-2.1066842602251,0.788904375828316
"Pink",2009,133,"Snohomish-Odd","WC",12.1781110366186,-0.0221935886226211,-0.0782922896549784,-0.765813863500546
"Pink",2011,133,"Snohomish-Odd","WC",12.1125862598419,-0.0877183653992585,-0.180537139981062,1.95293193141286
"Pink",2013,133,"Snohomish-Odd","WC",12.6539690494537,0.453664424212566,0.6642364711015,-1.20836503403143
"Pink",2015,133,"Snohomish-Odd","WC",13.6075384616852,1.40723383644399,2.15218601668311,-1.68135936856845
"Pink",2017,133,"Snohomish-Odd","WC",13.0513651371002,0.851060511859048,1.28433325739186,2.39117923280239
"Pink",2019,133,"Snohomish-Odd","WC",12.599623243014,0.399318617772835,0.579435284151683,0.354820394648535
"Pink",1959,134,"Dungeness-Odd","WC",11.9889928272792,-0.126993464397113,-0.239684947059304,0.73935066883261
"Pink",1961,134,"Dungeness-Odd","WC",11.955741746085,-0.160244545591329,-0.291262420236997,2.2101956437007
"Pink",1963,134,"Dungeness-Odd","WC",11.4511053221566,-0.664880969519711,-1.07403009830519,-1.37422745990175
"Pink",1965,134,"Dungeness-Odd","WC",11.8796458584922,-0.236340433184187,-0.409298690345896,1.01107228713266
"Pink",1967,134,"Dungeness-Odd","WC",11.7018674441746,-0.414118847501719,-0.685059990932729,-1.53486764114206
"Pink",1969,134,"Dungeness-Odd","WC",11.4922501359667,-0.623736155709645,-1.01020824787287,1.46878599081154
"Pink",1971,134,"Dungeness-Odd","WC",11.5526133605412,-0.563372931135135,-0.916575725723416,0.44013254998993
"Pink",1973,134,"Dungeness-Odd","WC",11.5574064935957,-0.558579798080692,-0.909140848941254,-0.255056985228526
"Pink",1975,134,"Dungeness-Odd","WC",11.3088447366442,-0.807141555032159,-1.29469785616407,0.985586438160456
"Pink",1977,134,"Dungeness-Odd","WC",12.4562704903739,0.340284198697527,0.485133623321241,1.17784449775445
"Pink",1979,134,"Dungeness-Odd","WC",12.2047363689968,0.0887500773204052,0.0949660277827261,-2.0920556968057
"Pink",1981,134,"Dungeness-Odd","WC",11.4832988807133,-0.632687410963023,-1.02409300322989,0.677858488044855
"Pink",1983,134,"Dungeness-Odd","WC",11.5957348006112,-0.520251491065129,-0.849687827985488,0.294054930442304
"Pink",1985,134,"Dungeness-Odd","WC",12.0046112196786,-0.11137507199774,-0.215458450171814,-0.717543853857988
"Pink",1987,134,"Dungeness-Odd","WC",12.0460322925023,-0.0699539991740823,-0.151208080083845,2.10629443786451
"Pink",1989,134,"Dungeness-Odd","WC",12.4806068965367,0.364620604860342,0.522883082617692,0.242006892075154
"Pink",1991,134,"Dungeness-Odd","WC",13.253890650613,1.13790435893662,1.72236354016002,-1.67091560139442
"Pink",1993,134,"Dungeness-Odd","WC",12.6135498455593,0.497563553882903,0.729097772219044,1.71938964223137
"Pink",1995,134,"Dungeness-Odd","WC",12.1608693940299,0.0448831023535456,0.0269216922760263,-0.385014007018599
"Pink",1997,134,"Dungeness-Odd","WC",13.1130666051592,0.997080313482863,1.50392407394414,0.395895657092014
"Pink",1999,134,"Dungeness-Odd","WC",12.4737072672163,0.357720975539923,0.512180710441239,2.40745548034619
"Pink",2001,134,"Dungeness-Odd","WC",11.695175579616,-0.420810712060342,-0.695440088432872,-1.64799669197058
"Pink",2003,134,"Dungeness-Odd","WC",13.2947526318686,1.17876634019228,1.78574667437726,-0.543391279543171
"Pink",2005,134,"Dungeness-Odd","WC",12.1863466671535,0.0703603754771417,0.0664408093687248,-0.309651577866937
"Pink",2007,134,"Dungeness-Odd","WC",10.7951271363667,-1.32085915530965,-2.09155181692581,1.9598389985978
"Pink",2009,134,"Dungeness-Odd","WC",12.067200422287,-0.0487858693893578,-0.118373098273284,-0.347039726318069
"Pink",2011,134,"Dungeness-Odd","WC",11.9866244792938,-0.129361812382529,-0.243358614209546,2.7167913059024
"Pink",2013,134,"Dungeness-Odd","WC",12.6004411833627,0.484454891686345,0.708764247757408,-0.0984568760529175
"Pink",2015,134,"Dungeness-Odd","WC",13.5389200959887,1.42293380431232,2.16448746653253,-2.90733270837072
"Pink",2017,134,"Dungeness-Odd","WC",12.9652417046683,0.849255412991975,1.27462521910298,1.02779915539858
"Pink",2019,134,"Dungeness-Odd","WC",12.5442446299962,0.428258338319809,0.621594864993232,1.20054188449868
"Pink",1959,135,"Stillaguamish-Odd","WC",12.1069246133169,-0.0933800119243139,-0.189371572237532,0.499460484543294
"Pink",1961,135,"Stillaguamish-Odd","WC",12.0468501647313,-0.153454460509841,-0.28311173139881,2.90686521221032
"Pink",1963,135,"Stillaguamish-Odd","WC",11.5310045083364,-0.669300116904787,-1.08803720423563,-0.74712499610481
"Pink",1965,135,"Stillaguamish-Odd","WC",11.9558103481928,-0.244494277048334,-0.42517024534725,0.231171779219913
"Pink",1967,135,"Stillaguamish-Odd","WC",11.7783599297206,-0.421944695520617,-0.702063847577247,0.108692102610877
"Pink",1969,135,"Stillaguamish-Odd","WC",11.5663098891576,-0.633994736083566,-1.03294669412101,1.40847650805354
"Pink",1971,135,"Stillaguamish-Odd","WC",11.6215970118841,-0.57870761335712,-0.946676677400548,-1.10890507815354
"Pink",1973,135,"Stillaguamish-Odd","WC",11.6481247742971,-0.552179850944113,-0.905282761528852,0.520798585197597
"Pink",1975,135,"Stillaguamish-Odd","WC",11.4163659016291,-0.783938723612057,-1.26691926627349,0.870637641937866
"Pink",1977,135,"Stillaguamish-Odd","WC",12.539906779925,0.339602154683842,0.486253725497154,2.06593961531862
"Pink",1979,135,"Stillaguamish-Odd","WC",12.3092483679454,0.108943742704172,0.126334379419775,-1.0575983125775
"Pink",1981,135,"Stillaguamish-Odd","WC",11.5666562716166,-0.633648353624561,-1.03240619899201,2.23775023165576
"Pink",1983,135,"Stillaguamish-Odd","WC",11.6946057478587,-0.505698877382497,-0.832753858438982,1.08946670925266
"Pink",1985,135,"Stillaguamish-Odd","WC",12.0917661587397,-0.10853846650145,-0.213024822132564,-0.0596120096811995
"Pink",1987,135,"Stillaguamish-Odd","WC",12.137734413147,-0.062570212094205,-0.141295965922315,1.04956620940226
"Pink",1989,135,"Stillaguamish-Odd","WC",12.5468460321426,0.346541406901461,0.497081733454876,0.735327343261195
"Pink",1991,135,"Stillaguamish-Odd","WC",13.3306065400442,1.13030191480298,1.72006149414989,0.426407076988228
"Pink",1993,135,"Stillaguamish-Odd","WC",12.6877340873082,0.487429462067067,0.716923430317802,1.03615644573473
"Pink",1995,135,"Stillaguamish-Odd","WC",12.254433631897,0.054129006655801,0.0408014747899069,-0.484461488373194
"Pink",1997,135,"Stillaguamish-Odd","WC",13.2002125581106,0.999907932869371,1.51659474733943,0.987652049894782
"Pink",1999,135,"Stillaguamish-Odd","WC",12.5825641552607,0.382259530019542,0.552816286577977,1.33671017974507
"Pink",2001,135,"Stillaguamish-Odd","WC",11.7507197062175,-0.449584919023724,-0.745193647541133,-1.26760236221637
"Pink",2003,135,"Stillaguamish-Odd","WC",13.3639675378799,1.16366291263876,1.77211798939101,-0.382902973593304
"Pink",2005,135,"Stillaguamish-Odd","WC",12.2671165466309,0.0668119213896784,0.0605918927425574,0.785140302842503
"Pink",2007,135,"Stillaguamish-Odd","WC",10.8781929413478,-1.32211168389342,-2.1066842602251,1.62331062654996
"Pink",2009,135,"Stillaguamish-Odd","WC",12.1781110366186,-0.0221935886226211,-0.0782922896549784,-1.03176084464196
"Pink",2011,135,"Stillaguamish-Odd","WC",12.1125862598419,-0.0877183653992585,-0.180537139981062,0.774141672901451
"Pink",2013,135,"Stillaguamish-Odd","WC",12.6539690494537,0.453664424212566,0.6642364711015,-0.675003057500839
"Pink",2015,135,"Stillaguamish-Odd","WC",13.6075384616852,1.40723383644399,2.15218601668311,-1.40380995775045
"Pink",2017,135,"Stillaguamish-Odd","WC",13.0513651371002,0.851060511859048,1.28433325739186,0.997756052452309
"Pink",2019,135,"Stillaguamish-Odd","WC",12.599623243014,0.399318617772835,0.579435284151683,1.50893804856791
"Pink",1959,136,"Skagit-Odd","WC",12.1069246133169,-0.0933800119243139,-0.189371572237532,1.12476399885929
"Pink",1961,136,"Skagit-Odd","WC",12.0468501647313,-0.153454460509841,-0.28311173139881,2.52752283378726
"Pink",1963,136,"Skagit-Odd","WC",11.5310045083364,-0.669300116904787,-1.08803720423563,-1.49724282258498
"Pink",1965,136,"Skagit-Odd","WC",11.9558103481928,-0.244494277048334,-0.42517024534725,0.482685374901678
"Pink",1967,136,"Skagit-Odd","WC",11.7783599297206,-0.421944695520617,-0.702063847577247,0.444121559531632
"Pink",1969,136,"Skagit-Odd","WC",11.5663098891576,-0.633994736083566,-1.03294669412101,1.60884773831561
"Pink",1971,136,"Skagit-Odd","WC",11.6215970118841,-0.57870761335712,-0.946676677400548,0.530282752015707
"Pink",1973,136,"Skagit-Odd","WC",11.6481247742971,-0.552179850944113,-0.905282761528852,-0.16663904096997
"Pink",1975,136,"Skagit-Odd","WC",11.4163659016291,-0.783938723612057,-1.26691926627349,2.20403381056952
"Pink",1977,136,"Skagit-Odd","WC",12.539906779925,0.339602154683842,0.486253725497154,0.820149269717293
"Pink",1979,136,"Skagit-Odd","WC",12.3092483679454,0.108943742704172,0.126334379419775,0.30861437931862
"Pink",1981,136,"Skagit-Odd","WC",11.5666562716166,-0.633648353624561,-1.03240619899201,1.71430383099143
"Pink",1983,136,"Skagit-Odd","WC",11.6946057478587,-0.505698877382497,-0.832753858438982,1.03278875298244
"Pink",1985,136,"Skagit-Odd","WC",12.0917661587397,-0.10853846650145,-0.213024822132564,0.493114673843022
"Pink",1987,136,"Skagit-Odd","WC",12.137734413147,-0.062570212094205,-0.141295965922315,0.888747133459546
"Pink",1989,136,"Skagit-Odd","WC",12.5468460321426,0.346541406901461,0.497081733454876,0.568397026489885
"Pink",1991,136,"Skagit-Odd","WC",13.3306065400442,1.13030191480298,1.72006149414989,0.801711532806908
"Pink",1993,136,"Skagit-Odd","WC",12.6877340873082,0.487429462067067,0.716923430317802,1.17497333619394
"Pink",1995,136,"Skagit-Odd","WC",12.254433631897,0.054129006655801,0.0408014747899069,-1.80557914332176
"Pink",1997,136,"Skagit-Odd","WC",13.2002125581106,0.999907932869371,1.51659474733943,1.77464721961809
"Pink",1999,136,"Skagit-Odd","WC",12.5825641552607,0.382259530019542,0.552816286577977,1.32204079937753
"Pink",2001,136,"Skagit-Odd","WC",11.7507197062175,-0.449584919023724,-0.745193647541133,-0.0193456935400111
"Pink",2003,136,"Skagit-Odd","WC",13.3639675378799,1.16366291263876,1.77211798939101,-1.89460733224714
"Pink",2005,136,"Skagit-Odd","WC",12.2671165466309,0.0668119213896784,0.0605918927425574,1.65834870424836
"Pink",2007,136,"Skagit-Odd","WC",10.8781929413478,-1.32211168389342,-2.1066842602251,1.66469158748439
"Pink",2009,136,"Skagit-Odd","WC",12.1781110366186,-0.0221935886226211,-0.0782922896549784,-0.0771924192533318
"Pink",2011,136,"Skagit-Odd","WC",12.1125862598419,-0.0877183653992585,-0.180537139981062,1.06522661375734
"Pink",2013,136,"Skagit-Odd","WC",12.6539690494537,0.453664424212566,0.6642364711015,-0.779186908541278
"Pink",2015,136,"Skagit-Odd","WC",13.6075384616852,1.40723383644399,2.15218601668311,-0.900239215044645
"Pink",2017,136,"Skagit-Odd","WC",13.0513651371002,0.851060511859048,1.28433325739186,1.03441633511019
"Pink",2019,136,"Skagit-Odd","WC",12.599623243014,0.399318617772835,0.579435284151683,0.725891841072812
"Pink",1959,137,"Nooksack-Odd","WC",12.0896712303162,-0.0760641071894285,-0.161524519642954,1.80500469597808
"Pink",1961,137,"Nooksack-Odd","WC",12.0213764190674,-0.144358918438226,-0.26755765127293,1.77800024373664
"Pink",1963,137,"Nooksack-Odd","WC",11.4867887020111,-0.678946635494486,-1.097547642224,-1.5688079363482
"Pink",1965,137,"Nooksack-Odd","WC",11.9090961933136,-0.256639144192007,-0.441881640740046,1.41437006675649
"Pink",1967,137,"Nooksack-Odd","WC",11.7282702445984,-0.437465092907215,-0.722628322246871,0.462443876183149
"Pink",1969,137,"Nooksack-Odd","WC",11.5248473644257,-0.640887973079942,-1.03845853885477,1.53935873684673
"Pink",1971,137,"Nooksack-Odd","WC",11.5642496109009,-0.601485726604721,-0.977283414264362,1.62504547824163
"Pink",1973,137,"Nooksack-Odd","WC",11.6140748500824,-0.551660487423217,-0.899925763689986,0.343892259088601
"Pink",1975,137,"Nooksack-Odd","WC",11.3850476264954,-0.780687711010244,-1.25550876189146,0.480744351727536
"Pink",1977,137,"Nooksack-Odd","WC",12.5053750514984,0.339639713992804,0.483888758240227,1.73180420667405
"Pink",1979,137,"Nooksack-Odd","WC",12.2779029369354,0.11216759942982,0.130720190605735,2.89468145421536
"Pink",1981,137,"Nooksack-Odd","WC",11.5220394134521,-0.643695924053455,-1.04281810629102,1.71087474048759
"Pink",1983,137,"Nooksack-Odd","WC",11.6553834915161,-0.510351845989486,-0.835790809152347,-0.402021045705609
"Pink",1985,137,"Nooksack-Odd","WC",12.0524895191193,-0.113245818386336,-0.219252086429939,0.727632619711167
"Pink",1987,137,"Nooksack-Odd","WC",12.1059006690979,-0.0598346684076979,-0.136327023857297,1.74705419377206
"Pink",1989,137,"Nooksack-Odd","WC",12.5176969528198,0.351961615314226,0.503019491027323,-0.847704805923405
"Pink",1991,137,"Nooksack-Odd","WC",13.2755833148956,1.10984797739003,1.67969840588357,0.966635242975824
"Pink",1993,137,"Nooksack-Odd","WC",12.6793529510498,0.513617613544204,0.754003298225357,1.53811835672359
"Pink",1995,137,"Nooksack-Odd","WC",12.2084557533264,0.0427204158208244,0.0228979091425382,-1.9605762635763
"Pink",1997,137,"Nooksack-Odd","WC",13.1894389152527,1.02370357774708,1.54595236720941,1.32534937549245
"Pink",1999,137,"Nooksack-Odd","WC",12.5694643497467,0.403729012241104,0.583392496122721,0.929794927858832
"Pink",2001,137,"Nooksack-Odd","WC",11.7137022018433,-0.452033135662335,-0.745246368432217,-1.43205107774969
"Pink",2003,137,"Nooksack-Odd","WC",13.3364649772644,1.1707296397588,1.77422203369304,-2.20513816023999
"Pink",2005,137,"Nooksack-Odd","WC",12.2394476413727,0.0737123038670789,0.071015282696709,1.01219041847488
"Pink",2007,137,"Nooksack-Odd","WC",10.8433406829834,-1.32239465452221,-2.09655191869918,1.70576419362333
"Pink",2009,137,"Nooksack-Odd","WC",12.1676364421845,0.001901104678858,-0.040477321160002,0.298885742959106
"Pink",2011,137,"Nooksack-Odd","WC",12.0982347011566,-0.067500636348987,-0.148229049398134,1.9022628600524
"Pink",2013,137,"Nooksack-Odd","WC",12.5731621742249,0.407426836719262,0.589133663020579,0.406535963109657
"Pink",2015,137,"Nooksack-Odd","WC",13.5826518058777,1.41691646837207,2.15644668482826,-2.0260581254273
"Pink",2017,137,"Nooksack-Odd","WC",13.0244162082672,0.858680870761615,1.28974147663413,1.06560114505918
"Pink",2019,137,"Nooksack-Odd","WC",12.5433686733246,0.37763333581898,0.542876880917927,0.95585753897617
"Pink",1961,140,"Fraser-Odd","WC",11.8123912811279,-0.147383908936194,-0.271731628115986,1.777113350021
"Pink",1963,140,"Fraser-Odd","WC",11.2862903390612,-0.673484851002923,-1.06615276362564,-0.0337201930449512
"Pink",1965,140,"Fraser-Odd","WC",11.7131859234401,-0.246589266624007,-0.421533361208108,1.52414191504845
"Pink",1967,140,"Fraser-Odd","WC",11.540483048984,-0.419292141080138,-0.682317561845064,0.236536612283138
"Pink",1969,140,"Fraser-Odd","WC",11.3427294322423,-0.617045757821866,-0.980928798209624,2.13621873322012
"Pink",1971,140,"Fraser-Odd","WC",11.3774076529912,-0.582367537072956,-0.928564110557516,0.778477113888857
"Pink",1973,140,"Fraser-Odd","WC",11.3970979281834,-0.562677261880706,-0.898831468917918,1.7165856402933
"Pink",1975,140,"Fraser-Odd","WC",11.1267367090498,-0.833038481014356,-1.30708138738069,1.60482466127875
"Pink",1977,140,"Fraser-Odd","WC",12.2922778470176,0.332502656953439,0.452905033989664,0.717623723376112
"Pink",1979,140,"Fraser-Odd","WC",12.0313435622624,0.0715683721982789,0.0588899425620148,0.835345957259921
"Pink",1981,140,"Fraser-Odd","WC",11.316054889134,-0.643720300930118,-1.02120780007191,1.16603224504287
"Pink",1983,140,"Fraser-Odd","WC",11.4281222139086,-0.531652976155516,-0.851984283666052,1.39477591313581
"Pink",1985,140,"Fraser-Odd","WC",11.8420831475939,-0.117692042470208,-0.226896418012298,0.865084808794918
"Pink",1987,140,"Fraser-Odd","WC",11.8831453323364,-0.0766298577276872,-0.164891839002206,1.77596400205964
"Pink",1989,140,"Fraser-Odd","WC",12.346659387861,0.386884197796865,0.535022061299834,-0.00242713461575371
"Pink",1991,140,"Fraser-Odd","WC",13.0729782581329,1.11320306806882,1.63177558429648,0.241864543006004
"Pink",1993,140,"Fraser-Odd","WC",12.503628219877,0.543853029812854,0.772047597273784,0.722294267772512
"Pink",1995,140,"Fraser-Odd","WC",11.9836242539542,0.0238490638900929,-0.0131670032837813,0.861697385863041
"Pink",1997,140,"Fraser-Odd","WC",12.9769259861537,1.01715079608962,1.486735062844,1.51296868156426
"Pink",1999,140,"Fraser-Odd","WC",12.3161041736603,0.356328983596162,0.488883181818442,0.864279950832283
"Pink",2001,140,"Fraser-Odd","WC",11.5603755882808,-0.399399601783302,-0.652279498057757,-1.70314253261141
"Pink",2003,140,"Fraser-Odd","WC",13.1624470778874,1.20267188782328,1.76687498385815,-0.0423266065584137
"Pink",2005,140,"Fraser-Odd","WC",12.0542481967381,0.0944730066739904,0.0934763199540562,1.01257185712029
"Pink",2007,140,"Fraser-Odd","WC",10.64023906844,-1.31953612162409,-2.04170088180261,0.254787408244427
"Pink",2009,140,"Fraser-Odd","WC",11.9152426719666,-0.0445325180975572,-0.116424324582563,-0.597349225746771
"Pink",2011,140,"Fraser-Odd","WC",11.8035734721592,-0.156201717904874,-0.285046665694302,0.444300691728298
"Pink",2013,140,"Fraser-Odd","WC",12.4263485499791,0.466573359914963,0.655354015865395,0.792692107087139
"Pink",2015,140,"Fraser-Odd","WC",13.4115802219936,1.45180503192946,2.14307015746197,1.09548994684141
"Pink",2017,140,"Fraser-Odd","WC",12.8180390426091,0.858263852544965,1.24681314669508,0.538472778684006
"Pink",2019,140,"Fraser-Odd","WC",12.3889573642186,0.429182174154456,0.59889270611517,-0.846520544400778
"Pink",1954,200,"Georgia Strait-Even","WC",10.6564257996423,-1.08697707918992,-1.5918426907987,-0.235880531358852
"Pink",1956,200,"Georgia Strait-Even","WC",12.1197563580104,0.376353479178219,0.502085362599901,1.36882444199017
"Pink",1958,200,"Georgia Strait-Even","WC",11.7276529244014,-0.0157499544307924,-0.0589883980570335,-1.3241107452473
"Pink",1960,200,"Georgia Strait-Even","WC",12.060669694628,0.317266815795824,0.417536303379755,1.07301201790385
"Pink",1962,200,"Georgia Strait-Even","WC",12.4227147783552,0.679311899522977,0.935598577878235,1.07996420210365
"Pink",1964,200,"Georgia Strait-Even","WC",10.6689353840692,-1.07446749476305,-1.57394231304878,1.46886442589277
"Pink",1966,200,"Georgia Strait-Even","WC",11.529682636261,-0.213720242571212,-0.342270625511441,1.40222936382628
"Pink",1968,200,"Georgia Strait-Even","WC",11.1548601218632,-0.588542756968981,-0.878616547801296,0.912836813749155
"Pink",1970,200,"Georgia Strait-Even","WC",10.4966086830412,-1.24679419579105,-1.8205302842824,0.982609877353995
"Pink",1972,200,"Georgia Strait-Even","WC",11.376757315227,-0.366645563605244,-0.561096520970933,1.13319445155716
"Pink",1974,200,"Georgia Strait-Even","WC",10.9997555528368,-0.743647325995381,-1.10056080122881,1.89862849096908
"Pink",1976,200,"Georgia Strait-Even","WC",11.4118460587093,-0.33155682012294,-0.510886878374499,0.0527190284321011
"Pink",1978,200,"Georgia Strait-Even","WC",11.65748160226,-0.0859212765721707,-0.159398861800617,1.27325436262302
"Pink",1980,200,"Georgia Strait-Even","WC",11.6284294128418,-0.114973465990408,-0.200970599701954,-1.54044504094715
"Pink",1982,200,"Georgia Strait-Even","WC",12.6375336306436,0.894130751811359,1.24298997255201,0.8800357365075
"Pink",1984,200,"Georgia Strait-Even","WC",11.4671230997358,-0.276279779096406,-0.431789133676677,4.4968855328327
"Pink",1986,200,"Georgia Strait-Even","WC",11.8057487010956,0.0623458222633666,0.0527614295787756,0.124470516071128
"Pink",1988,200,"Georgia Strait-Even","WC",12.1999163627624,0.456513483930237,0.616788962378474,1.34526894301572
"Pink",1990,200,"Georgia Strait-Even","WC",11.5628431865147,-0.180559692317495,-0.29482009832514,-0.245425941063494
"Pink",1992,200,"Georgia Strait-Even","WC",12.6435250554766,0.900122176644389,1.25156330033907,-0.790083610792521
"Pink",1994,200,"Georgia Strait-Even","WC",12.7188389982496,0.975436119417396,1.35933250988822,0.853208168899338
"Pink",1996,200,"Georgia Strait-Even","WC",12.6837912287031,0.940388349870888,1.30918149825055,-0.893891938504585
"Pink",1998,200,"Georgia Strait-Even","WC",11.0140820571354,-0.729320821696762,-1.08006053279221,0.932172758217761
"Pink",2000,200,"Georgia Strait-Even","WC",11.309373821531,-0.434029057301182,-0.657517788864961,0.180839557916541
"Pink",2002,200,"Georgia Strait-Even","WC",12.4861115728106,0.742708693978373,1.02631514608394,-1.15799856514923
"Pink",2004,200,"Georgia Strait-Even","WC",12.8203942435128,1.07699136468063,1.50465126634445,0.0167952962795566
"Pink",2006,200,"Georgia Strait-Even","WC",11.571925674166,-0.171477204666216,-0.281823666603747,1.03312439008172
"Pink",2008,200,"Georgia Strait-Even","WC",11.0595305817468,-0.683872297085434,-1.01502673702746,1.70040163352576
"Pink",2010,200,"Georgia Strait-Even","WC",11.6855862481253,-0.0578166307068687,-0.119182995281835,-0.166049812044801
"Pink",2012,200,"Georgia Strait-Even","WC",12.0805276121412,0.33712473330899,0.445951653776909,1.44130074033936
"Pink",2014,200,"Georgia Strait-Even","WC",13.1767479010991,1.43334502226686,2.01456949109821,-3.03916337064899
"Pink",1957,202,"Georgia Strait-Odd","WC",13.0430909565517,1.29968807771947,2.06040737977034,0.757912521437378
"Pink",1959,202,"Georgia Strait-Odd","WC",11.6122048241752,-0.13119805465705,-0.168867292474535,0.848348983788004
"Pink",1961,202,"Georgia Strait-Odd","WC",11.6141760008676,-0.129226877964647,-0.165796262449529,0.849847828662909
"Pink",1963,202,"Georgia Strait-Odd","WC",11.059185232435,-0.684217646397255,-1.03045406812807,-0.795864627372405
"Pink",1965,202,"Georgia Strait-Odd","WC",11.4785025119781,-0.264900366854061,-0.377171203915997,0.710666422873677
"Pink",1967,202,"Georgia Strait-Odd","WC",11.3360303129469,-0.407372565885349,-0.599138317589795,0.157852638185516
"Pink",1969,202,"Georgia Strait-Odd","WC",11.1366510050637,-0.606751873768474,-0.909764880512279,1.09593991168079
"Pink",1971,202,"Georgia Strait-Odd","WC",11.1458249092102,-0.597577969622001,-0.895472232273828,0.726285180200849
"Pink",1973,202,"Georgia Strait-Odd","WC",11.1785421030862,-0.564860775746015,-0.844499894220958,0.397799125919857
"Pink",1975,202,"Georgia Strait-Odd","WC",10.8754816566195,-0.867921222212736,-1.31665834357667,0.350735056117152
"Pink",1977,202,"Georgia Strait-Odd","WC",12.0602701732091,0.316867294376841,0.529204141380815,0.54242558814728
"Pink",1979,202,"Georgia Strait-Odd","WC",11.7779773303441,0.0345744515118532,0.0894009519336441,1.10999433899892
"Pink",1981,202,"Georgia Strait-Odd","WC",11.0834347179958,-0.659968160836428,-0.992674147872685,-0.331889082534144
"Pink",1983,202,"Georgia Strait-Odd","WC",11.2082082884652,-0.535194590366986,-0.798280929489117,1.02562799134802
"Pink",1985,202,"Georgia Strait-Odd","WC",11.6173519066402,-0.126050972192014,-0.160848303181374,2.09150220111083
"Pink",1987,202,"Georgia Strait-Odd","WC",11.65064903668,-0.0927538421522542,-0.108972443197465,0.642476660336291
"Pink",1989,202,"Georgia Strait-Odd","WC",12.1632830756051,0.419880196772916,0.689694937279853,2.09898125156549
"Pink",1991,202,"Georgia Strait-Odd","WC",12.8120541572571,1.06865127842488,1.70045946122526,-0.00230722233039066
"Pink",1993,202,"Georgia Strait-Odd","WC",12.3403747081757,0.596971829343449,0.965598017352545,0.499593868773967
"Pink",1995,202,"Georgia Strait-Odd","WC",11.7405707154955,-0.00283216333668346,0.0311226465049917,1.33915685685804
"Pink",1997,202,"Georgia Strait-Odd","WC",12.7699364934649,1.02653361463267,1.63484149273593,1.45489365410547
"Pink",1999,202,"Georgia Strait-Odd","WC",12.0778906004769,0.334487721644738,0.556656201564818,0.411251933069261
"Pink",2001,202,"Georgia Strait-Odd","WC",11.3682878187725,-0.375115060059755,-0.548882158766484,-0.0800606217911739
"Pink",2003,202,"Georgia Strait-Odd","WC",12.9836689404079,1.24026606157568,1.96782978567271,0.146918561847204
"Pink",2005,202,"Georgia Strait-Odd","WC",11.8792609146663,0.135858035834101,0.247197525773352,-0.190138506780522
"Pink",2007,202,"Georgia Strait-Odd","WC",10.4442902292524,-1.29911264957981,-1.98844074901659,1.72764267776599
"Pink",2009,202,"Georgia Strait-Odd","WC",11.7025991167341,-0.0408037620981072,-0.0280358857276853,-0.379577575966337
"Pink",2011,202,"Georgia Strait-Odd","WC",11.5377376760755,-0.205665202756691,-0.284884719309975,1.79913678684294
"Pink",2013,202,"Georgia Strait-Odd","WC",12.1996986865997,0.456295807767529,0.746429290508773,0.00411465075496628
"Pink",1954,201,"Southern Fjords-Even","WC",10.2015608549118,-1.08918093670053,-1.56694455383778,1.1274504941144
"Pink",1956,201,"Southern Fjords-Even","WC",11.7178998210213,0.427158029409004,0.58171307029678,1.02309015828841
"Pink",1958,201,"Southern Fjords-Even","WC",11.3233055851676,0.032563793555292,0.0225716564993422,-0.0804580121651208
"Pink",1960,201,"Southern Fjords-Even","WC",11.6075871424241,0.316845350811815,0.425399618486801,1.87256775680592
"Pink",1962,201,"Southern Fjords-Even","WC",12.0060942823237,0.715352490711329,0.99008563101739,0.722124224463221
"Pink",1964,201,"Southern Fjords-Even","WC",10.2695987116207,-1.02114307999166,-1.47053467266038,2.0171144306452
"Pink",1966,201,"Southern Fjords-Even","WC",11.1097126982429,-0.181029093369443,-0.280090212125744,1.34513775915894
"Pink",1968,201,"Southern Fjords-Even","WC",10.7048680673946,-0.585873724217731,-0.853756471520202,0.862671123181969
"Pink",1970,201,"Southern Fjords-Even","WC",10.0549806789918,-1.2357611126205,-1.77464917633752,0.227750383798091
"Pink",1972,201,"Southern Fjords-Even","WC",10.8833892128684,-0.407352578743905,-0.600791383327736,1.3256448403096
"Pink",1974,201,"Southern Fjords-Even","WC",10.4650782129981,-0.8256635786142,-1.19353953477617,1.56693103047839
"Pink",1976,201,"Southern Fjords-Even","WC",10.920077659867,-0.370664131745313,-0.548803725473478,0.364270247771523
"Pink",1978,201,"Southern Fjords-Even","WC",11.2423566037958,-0.0483851878165062,-0.0921333335311499,0.835411873351243
"Pink",1980,201,"Southern Fjords-Even","WC",11.2477394450795,-0.0430023465328724,-0.0845058285852996,-0.629117116313408
"Pink",1982,201,"Southern Fjords-Even","WC",12.1509319868955,0.860190195283143,1.19532116551588,0.0504696957395607
"Pink",1984,201,"Southern Fjords-Even","WC",10.9297147013924,-0.3610270902199,-0.535148003889796,1.45568579409551
"Pink",1986,201,"Southern Fjords-Even","WC",11.2833394462412,-0.00740234537112668,-0.0340605022928282,0.679523878748998
"Pink",1988,201,"Southern Fjords-Even","WC",11.6494864550504,0.358744663438043,0.484771091180222,0.675790841038304
"Pink",1990,201,"Southern Fjords-Even","WC",11.1720860546285,-0.118655736983789,-0.191706947739451,-0.00445197346897813
"Pink",1992,201,"Southern Fjords-Even","WC",12.1295078234239,0.838766031811571,1.16496305086424,-0.372487789591802
"Pink",1994,201,"Southern Fjords-Even","WC",12.176791602915,0.886049811302655,1.2319643319578,0.594794816139045
"Pink",1996,201,"Southern Fjords-Even","WC",12.1656747622923,0.874932970680013,1.21621172987212,-0.0109358931061453
"Pink",1998,201,"Southern Fjords-Even","WC",10.4527150175788,-0.838026774033513,-1.21105822597259,0.992329592577419
"Pink",2000,201,"Southern Fjords-Even","WC",10.8020794608376,-0.488662330774703,-0.716007586645197,-1.80251352231063
"Pink",2002,201,"Southern Fjords-Even","WC",12.0365341359919,0.745792344379543,1.0332190102443,0.752540299030846
"Pink",2004,201,"Southern Fjords-Even","WC",12.4090490991419,1.11830730752957,1.56107401731447,-0.868166476595157
"Pink",2006,201,"Southern Fjords-Even","WC",11.0550156073137,-0.235726184298659,-0.357596181483358,-0.190982159753719
"Pink",2008,201,"Southern Fjords-Even","WC",10.683894905177,-0.606846886435309,-0.883475515815839,0.636729177670248
"Pink",2010,201,"Southern Fjords-Even","WC",11.1694703643972,-0.121271427215116,-0.195413389955557,1.10477149664272
"Pink",2012,201,"Southern Fjords-Even","WC",11.6528670029207,0.362125211308337,0.48956133934874,0.486809882931564
"Pink",2014,201,"Southern Fjords-Even","WC",12.8552621928128,1.5645204012005,2.193359533372,-1.62029888950469
"Pink",1954,192,"Hecate Lowlands-Even","WC",9.48628757216713,-1.02504077661379,-1.469726350856,1.30199670760907
"Pink",1956,192,"Hecate Lowlands-Even","WC",10.9793109677055,0.467982618924541,0.566426245747801,0.23707290713096
"Pink",1958,192,"Hecate Lowlands-Even","WC",10.6442790681666,0.132950719385634,0.109517081276683,1.2470558606858
"Pink",1960,192,"Hecate Lowlands-Even","WC",10.8799587488174,0.368630400036515,0.430931866308246,2.05584481127126
"Pink",1962,192,"Hecate Lowlands-Even","WC",11.2858126163483,0.774484267567345,0.984426479108089,0.870800142582799
"Pink",1964,192,"Hecate Lowlands-Even","WC",9.44184652241793,-1.06948182636299,-1.53033408085745,1.53085557941273
"Pink",1966,192,"Hecate Lowlands-Even","WC",10.3827498826114,-0.128578466169556,-0.247150692213815,1.4065946104471
"Pink",1968,192,"Hecate Lowlands-Even","WC",9.88650803132491,-0.624820317456015,-0.923914456974567,0.69985609792228
"Pink",1970,192,"Hecate Lowlands-Even","WC",9.2581906968897,-1.25313765189122,-1.78079987204881,1.03207709911711
"Pink",1972,192,"Hecate Lowlands-Even","WC",10.0162372155623,-0.495091133218629,-0.74699263771198,0.871526718862574
"Pink",1974,192,"Hecate Lowlands-Even","WC",9.53590950098905,-0.975418847791877,-1.40205305148162,1.31210733330488
"Pink",1976,192,"Hecate Lowlands-Even","WC",10.139318596233,-0.372009752547907,-0.579136947308743,0.442449706633605
"Pink",1978,192,"Hecate Lowlands-Even","WC",10.4818764708259,-0.0294518779550398,-0.111964022943513,0.208792673679355
"Pink",1980,192,"Hecate Lowlands-Even","WC",10.6061469208111,0.0948185720301262,0.0575132941397765,0.194757616682867
"Pink",1982,192,"Hecate Lowlands-Even","WC",11.354180671952,0.842852323171065,1.07766533548386,0.927303854882669
"Pink",1984,192,"Hecate Lowlands-Even","WC",9.99589357592843,-0.515434772852496,-0.774736847741545,1.03620895492109
"Pink",1986,192,"Hecate Lowlands-Even","WC",10.3949065100063,-0.116421838774627,-0.230571750108755,0.50648532381872
"Pink",1988,192,"Hecate Lowlands-Even","WC",10.7381285970861,0.226800248305194,0.237507012694137,1.14101501773449
"Pink",1990,192,"Hecate Lowlands-Even","WC",10.4126507585699,-0.0986775902110337,-0.206372532671498,-0.615502357001973
"Pink",1992,192,"Hecate Lowlands-Even","WC",11.2821352806958,0.770806931914898,0.979411409310999,0.66375791877406
"Pink",1994,192,"Hecate Lowlands-Even","WC",11.246404951269,0.735076602488051,0.930683168844444,1.15342266587715
"Pink",1996,192,"Hecate Lowlands-Even","WC",11.2667862068523,0.755457858071382,0.958478678681771,-0.921852231809956
"Pink",1998,192,"Hecate Lowlands-Even","WC",9.5777269710194,-0.933601377761523,-1.34502330202146,0.954380507085735
"Pink",2000,192,"Hecate Lowlands-Even","WC",9.96001044186679,-0.551317906914134,-0.823673479821274,0.403741449701733
"Pink",2002,192,"Hecate Lowlands-Even","WC",11.2913944504478,0.780066101666847,0.99203886216215,-0.276092002015665
"Pink",2004,192,"Hecate Lowlands-Even","WC",11.754961122166,1.2436327733851,1.62424093289914,-0.615451352864808
"Pink",2006,192,"Hecate Lowlands-Even","WC",10.1893921657042,-0.321936183076717,-0.510847710311742,-0.147158429126072
"Pink",2008,192,"Hecate Lowlands-Even","WC",10.0246757160534,-0.486652632727571,-0.735484395619019,0.0669598283100165
"Pink",2010,192,"Hecate Lowlands-Even","WC",10.4344050559131,-0.0769232928678718,-0.176704498563701,0.676165696869118
"Pink",2012,192,"Hecate Lowlands-Even","WC",10.873517296531,0.362188947750058,0.422147154803949,0.777042461208962
"Pink",2014,192,"Hecate Lowlands-Even","WC",12.1574377580123,1.64610940923133,2.17312975111835,-1.39027849630226
"Pink",2016,192,"Hecate Lowlands-Even","WC",10.9706342111934,0.459305862412508,0.554593075313318,-0.844899383577801
"Pink",2018,192,"Hecate Lowlands-Even","WC",11.661496758461,1.15016840968007,1.49677628136278,1.58215245939529
"Pink",1954,193,"Hecate Strait-Fjords-Even","WC",9.48628757216713,-1.02504077661379,-1.469726350856,1.67067112335959
"Pink",1956,193,"Hecate Strait-Fjords-Even","WC",10.9793109677055,0.467982618924541,0.566426245747801,0.585842456893999
"Pink",1958,193,"Hecate Strait-Fjords-Even","WC",10.6442790681666,0.132950719385634,0.109517081276683,2.23747120328514
"Pink",1960,193,"Hecate Strait-Fjords-Even","WC",10.8799587488174,0.368630400036515,0.430931866308246,2.31178205967427
"Pink",1962,193,"Hecate Strait-Fjords-Even","WC",11.2858126163483,0.774484267567345,0.984426479108089,-0.0993732293608101
"Pink",1964,193,"Hecate Strait-Fjords-Even","WC",9.44184652241793,-1.06948182636299,-1.53033408085745,1.09842773409087
"Pink",1966,193,"Hecate Strait-Fjords-Even","WC",10.3827498826114,-0.128578466169556,-0.247150692213815,1.72740619426266
"Pink",1968,193,"Hecate Strait-Fjords-Even","WC",9.88650803132491,-0.624820317456015,-0.923914456974567,0.18989591378493
"Pink",1970,193,"Hecate Strait-Fjords-Even","WC",9.2581906968897,-1.25313765189122,-1.78079987204881,1.74766688654984
"Pink",1972,193,"Hecate Strait-Fjords-Even","WC",10.0162372155623,-0.495091133218629,-0.74699263771198,0.671282007395276
"Pink",1974,193,"Hecate Strait-Fjords-Even","WC",9.53590950098905,-0.975418847791877,-1.40205305148162,0.836489714052468
"Pink",1976,193,"Hecate Strait-Fjords-Even","WC",10.139318596233,-0.372009752547907,-0.579136947308743,1.10171278630037
"Pink",1978,193,"Hecate Strait-Fjords-Even","WC",10.4818764708259,-0.0294518779550398,-0.111964022943513,0.239894475323386
"Pink",1980,193,"Hecate Strait-Fjords-Even","WC",10.6061469208111,0.0948185720301262,0.0575132941397765,-0.917925659705215
"Pink",1982,193,"Hecate Strait-Fjords-Even","WC",11.354180671952,0.842852323171065,1.07766533548386,1.28880737744821
"Pink",1984,193,"Hecate Strait-Fjords-Even","WC",9.99589357592843,-0.515434772852496,-0.774736847741545,1.83757370603796
"Pink",1986,193,"Hecate Strait-Fjords-Even","WC",10.3949065100063,-0.116421838774627,-0.230571750108755,0.680560160866693
"Pink",1988,193,"Hecate Strait-Fjords-Even","WC",10.7381285970861,0.226800248305194,0.237507012694137,0.412038502956284
"Pink",1990,193,"Hecate Strait-Fjords-Even","WC",10.4126507585699,-0.0986775902110337,-0.206372532671498,0.957104533084861
"Pink",1992,193,"Hecate Strait-Fjords-Even","WC",11.2821352806958,0.770806931914898,0.979411409310999,-1.44098150947234
"Pink",1994,193,"Hecate Strait-Fjords-Even","WC",11.246404951269,0.735076602488051,0.930683168844444,1.5084649699734
"Pink",1996,193,"Hecate Strait-Fjords-Even","WC",11.2667862068523,0.755457858071382,0.958478678681771,-0.55596461981251
"Pink",1998,193,"Hecate Strait-Fjords-Even","WC",9.5777269710194,-0.933601377761523,-1.34502330202146,0.8943395709505
"Pink",2000,193,"Hecate Strait-Fjords-Even","WC",9.96001044186679,-0.551317906914134,-0.823673479821274,0.172989931106713
"Pink",2002,193,"Hecate Strait-Fjords-Even","WC",11.2913944504478,0.780066101666847,0.99203886216215,-0.69921992326405
"Pink",2004,193,"Hecate Strait-Fjords-Even","WC",11.754961122166,1.2436327733851,1.62424093289914,-1.09141423921886
"Pink",2006,193,"Hecate Strait-Fjords-Even","WC",10.1893921657042,-0.321936183076717,-0.510847710311742,0.125566136807809
"Pink",2008,193,"Hecate Strait-Fjords-Even","WC",10.0246757160534,-0.486652632727571,-0.735484395619019,-0.0928133996982298
"Pink",2010,193,"Hecate Strait-Fjords-Even","WC",10.4344050559131,-0.0769232928678718,-0.176704498563701,1.44024333036505
"Pink",2012,193,"Hecate Strait-Fjords-Even","WC",10.873517296531,0.362188947750058,0.422147154803949,0.226355391204318
"Pink",2014,193,"Hecate Strait-Fjords-Even","WC",12.1574377580123,1.64610940923133,2.17312975111835,0.852744864436507
"Pink",2016,193,"Hecate Strait-Fjords-Even","WC",10.9706342111934,0.459305862412508,0.554593075313318,-2.06645902233362
"Pink",2018,193,"Hecate Strait-Fjords-Even","WC",11.661496758461,1.15016840968007,1.49677628136278,2.97394677071352
"Pink",1955,196,"Hecate Strait-Lowlands-Odd","WC",10.5517858591947,0.0404575104137389,-0.0299878088528949,1.2424051526379
"Pink",1957,196,"Hecate Strait-Lowlands-Odd","WC",12.0064161907543,1.49508784197336,2.10131168433725,-0.354301843902508
"Pink",1959,196,"Hecate Strait-Lowlands-Odd","WC",10.3965465263887,-0.114781822392232,-0.257441825281797,1.43770979880501
"Pink",1961,196,"Hecate Strait-Lowlands-Odd","WC",10.5441356355494,0.0328072867684501,-0.0411967857484292,0.964729315526698
"Pink",1963,196,"Hecate Strait-Lowlands-Odd","WC",9.81542098522187,-0.695907363559054,-1.10889703317695,0.147553622561017
"Pink",1965,196,"Hecate Strait-Lowlands-Odd","WC",10.1748965545134,-0.336431794267513,-0.582199574707314,0.213620133647159
"Pink",1967,196,"Hecate Strait-Lowlands-Odd","WC",10.2770968675613,-0.234231481219589,-0.432457423263673,1.63930295485277
"Pink",1969,196,"Hecate Strait-Lowlands-Odd","WC",10.0593901330775,-0.451938215703476,-0.751437608677586,1.28752890095053
"Pink",1971,196,"Hecate Strait-Lowlands-Odd","WC",9.9491640437733,-0.562164305007624,-0.912938990281791,-0.161805659953573
"Pink",1973,196,"Hecate Strait-Lowlands-Odd","WC",9.90313405340368,-0.608194295377245,-0.980381345234706,0.899450952674389
"Pink",1975,196,"Hecate Strait-Lowlands-Odd","WC",9.4549432776191,-1.05638507116183,-1.63706280756748,1.30090941405326
"Pink",1977,196,"Hecate Strait-Lowlands-Odd","WC",10.6827239340002,0.171395585219261,0.161860419812248,0.3223896098539
"Pink",1979,196,"Hecate Strait-Lowlands-Odd","WC",10.3761708302931,-0.135157518487789,-0.287295946854593,0.636978745488489
"Pink",1981,196,"Hecate Strait-Lowlands-Odd","WC",9.79249345172535,-0.718834897055573,-1.14249006328298,0.0548102235115214
"Pink",1983,196,"Hecate Strait-Lowlands-Odd","WC",10.120748444037,-0.390579904743919,-0.661536460451909,1.31655331845942
"Pink",1985,196,"Hecate Strait-Lowlands-Odd","WC",10.3657969453118,-0.145531403469119,-0.302495585775511,-0.515159071800196
"Pink",1987,196,"Hecate Strait-Lowlands-Odd","WC",10.3417593132366,-0.169569035544335,-0.337715113340614,0.585263019455336
"Pink",1989,196,"Hecate Strait-Lowlands-Odd","WC",10.9381952069022,0.426866858121322,0.536172561287407,0.590503197095983
"Pink",1991,196,"Hecate Strait-Lowlands-Odd","WC",11.3526591929522,0.841330844171322,1.14343810790008,-0.478972950063518
"Pink",1993,196,"Hecate Strait-Lowlands-Odd","WC",11.1976688341661,0.68634048538516,0.916348883948502,0.974506347233566
"Pink",1995,196,"Hecate Strait-Lowlands-Odd","WC",10.4739667285572,-0.037361620223686,-0.144007068653572,-0.246726762378333
"Pink",1997,196,"Hecate Strait-Lowlands-Odd","WC",11.3287909572775,0.817462608496546,1.10846677704487,0.743526229771373
"Pink",1999,196,"Hecate Strait-Lowlands-Odd","WC",10.6099581068212,0.0986297580403054,0.0552451738467725,0.924838234662043
"Pink",2001,196,"Hecate Strait-Lowlands-Odd","WC",10.2466212185946,-0.26470713018629,-0.477109823112733,-0.28694899274078
"Pink",2003,196,"Hecate Strait-Lowlands-Odd","WC",11.7435279000889,1.23219955130799,1.7161322552379,0.351044990894275
"Pink",2005,196,"Hecate Strait-Lowlands-Odd","WC",10.7630988684568,0.251770519675832,0.279624399674274,0.0530258113882172
"Pink",2007,196,"Hecate Strait-Lowlands-Odd","WC",9.33476621454412,-1.1765621342368,-1.81314418581713,0.904515575289175
"Pink",2009,196,"Hecate Strait-Lowlands-Odd","WC",10.3786140463569,-0.132714302424029,-0.283716188447615,-0.926246005952664
"Pink",2011,196,"Hecate Strait-Lowlands-Odd","WC",9.94215268438512,-0.569175664395802,-0.92321191418994,0.82355018587699
"Pink",2013,196,"Hecate Strait-Lowlands-Odd","WC",11.2639792398973,0.752650891116372,1.01350575677174,-1.7001423358776
"Pink",2015,196,"Hecate Strait-Lowlands-Odd","WC",12.0242252133109,1.51289686453,2.12740515972112,0.2502157253657
"Pink",2017,196,"Hecate Strait-Lowlands-Odd","WC",11.3512809926813,0.839952643900403,1.14141879242508,0.542515330802475
"Pink",2019,196,"Hecate Strait-Lowlands-Odd","WC",11.1222138838335,0.61088553505253,0.805793580711976,0.512791897068678
"Pink",1955,197,"Hecate Strait-Fjords-Odd","WC",10.5517858591947,0.0404575104137389,-0.0299878088528949,0.447767159593241
"Pink",1957,197,"Hecate Strait-Fjords-Odd","WC",12.0064161907543,1.49508784197336,2.10131168433725,0.667119958990534
"Pink",1959,197,"Hecate Strait-Fjords-Odd","WC",10.3965465263887,-0.114781822392232,-0.257441825281797,1.62910918393811
"Pink",1961,197,"Hecate Strait-Fjords-Odd","WC",10.5441356355494,0.0328072867684501,-0.0411967857484292,1.2056436450005
"Pink",1963,197,"Hecate Strait-Fjords-Odd","WC",9.81542098522187,-0.695907363559054,-1.10889703317695,-0.0391689226291677
"Pink",1965,197,"Hecate Strait-Fjords-Odd","WC",10.1748965545134,-0.336431794267513,-0.582199574707314,-0.616503553053325
"Pink",1967,197,"Hecate Strait-Fjords-Odd","WC",10.2770968675613,-0.234231481219589,-0.432457423263673,0.263018289345552
"Pink",1969,197,"Hecate Strait-Fjords-Odd","WC",10.0593901330775,-0.451938215703476,-0.751437608677586,1.15659277550149
"Pink",1971,197,"Hecate Strait-Fjords-Odd","WC",9.9491640437733,-0.562164305007624,-0.912938990281791,0.201149848351017
"Pink",1973,197,"Hecate Strait-Fjords-Odd","WC",9.90313405340368,-0.608194295377245,-0.980381345234706,0.216100043238128
"Pink",1975,197,"Hecate Strait-Fjords-Odd","WC",9.4549432776191,-1.05638507116183,-1.63706280756748,0.071525516903385
"Pink",1977,197,"Hecate Strait-Fjords-Odd","WC",10.6827239340002,0.171395585219261,0.161860419812248,1.79023053993929
"Pink",1979,197,"Hecate Strait-Fjords-Odd","WC",10.3761708302931,-0.135157518487789,-0.287295946854593,0.905629167938573
"Pink",1981,197,"Hecate Strait-Fjords-Odd","WC",9.79249345172535,-0.718834897055573,-1.14249006328298,0.750936675475792
"Pink",1983,197,"Hecate Strait-Fjords-Odd","WC",10.120748444037,-0.390579904743919,-0.661536460451909,0.98157383364599
"Pink",1985,197,"Hecate Strait-Fjords-Odd","WC",10.3657969453118,-0.145531403469119,-0.302495585775511,0.00518334919457209
"Pink",1987,197,"Hecate Strait-Fjords-Odd","WC",10.3417593132366,-0.169569035544335,-0.337715113340614,0.38442298182897
"Pink",1989,197,"Hecate Strait-Fjords-Odd","WC",10.9381952069022,0.426866858121322,0.536172561287407,0.156581736974732
"Pink",1991,197,"Hecate Strait-Fjords-Odd","WC",11.3526591929522,0.841330844171322,1.14343810790008,-0.261940141205605
"Pink",1993,197,"Hecate Strait-Fjords-Odd","WC",11.1976688341661,0.68634048538516,0.916348883948502,0.487058699141396
"Pink",1995,197,"Hecate Strait-Fjords-Odd","WC",10.4739667285572,-0.037361620223686,-0.144007068653572,-0.273732300005085
"Pink",1997,197,"Hecate Strait-Fjords-Odd","WC",11.3287909572775,0.817462608496546,1.10846677704487,0.576099968029754
"Pink",1999,197,"Hecate Strait-Fjords-Odd","WC",10.6099581068212,0.0986297580403054,0.0552451738467725,1.33058201176589
"Pink",2001,197,"Hecate Strait-Fjords-Odd","WC",10.2466212185946,-0.26470713018629,-0.477109823112733,0.53045312890391
"Pink",2003,197,"Hecate Strait-Fjords-Odd","WC",11.7435279000889,1.23219955130799,1.7161322552379,0.158855547307847
"Pink",2005,197,"Hecate Strait-Fjords-Odd","WC",10.7630988684568,0.251770519675832,0.279624399674274,0.168122499274672
"Pink",2007,197,"Hecate Strait-Fjords-Odd","WC",9.33476621454412,-1.1765621342368,-1.81314418581713,0.842094310659581
"Pink",2009,197,"Hecate Strait-Fjords-Odd","WC",10.3786140463569,-0.132714302424029,-0.283716188447615,-1.07138335425928
"Pink",2011,197,"Hecate Strait-Fjords-Odd","WC",9.94215268438512,-0.569175664395802,-0.92321191418994,1.75183857186589
"Pink",2013,197,"Hecate Strait-Fjords-Odd","WC",11.2639792398973,0.752650891116372,1.01350575677174,-2.01080461771557
"Pink",2015,197,"Hecate Strait-Fjords-Odd","WC",12.0242252133109,1.51289686453,2.12740515972112,1.05503943955454
"Pink",2017,197,"Hecate Strait-Fjords-Odd","WC",11.3512809926813,0.839952643900403,1.14141879242508,-1.06929053038673
"Pink",2019,197,"Hecate Strait-Fjords-Odd","WC",11.1222138838335,0.61088553505253,0.805793580711976,0.834384806963616
"Pink",1954,194,"Nass-Skeena Estuary-Even","SEAK",9.03801378011704,-0.911147985882955,-1.27205520389536,1.17523851080859
"Pink",1956,194,"Nass-Skeena Estuary-Even","SEAK",10.4170533299446,0.467891563944621,0.554339824693809,1.79160128227245
"Pink",1958,194,"Nass-Skeena Estuary-Even","SEAK",10.1995352625847,0.250373496584695,0.266259677243241,0.126990911605434
"Pink",1960,194,"Nass-Skeena Estuary-Even","SEAK",10.4052818894386,0.456120123438639,0.538749771151003,2.0671819090264
"Pink",1962,194,"Nass-Skeena Estuary-Even","SEAK",10.7140336155891,0.764871849589156,0.94765944874519,0.996674484842158
"Pink",1964,194,"Nass-Skeena Estuary-Even","SEAK",8.74170181751251,-1.20745994848748,-1.66448970331205,0.0111331481258674
"Pink",1966,194,"Nass-Skeena Estuary-Even","SEAK",9.86389471292496,-0.0852670530750263,-0.178261461666877,1.90526999295997
"Pink",1968,194,"Nass-Skeena Estuary-Even","SEAK",9.2507192850113,-0.698442480988694,-0.990348796895645,0.380647044716297
"Pink",1970,194,"Nass-Skeena Estuary-Even","SEAK",8.65655283927917,-1.29260892672082,-1.77726070437164,1.61230276908887
"Pink",1972,194,"Nass-Skeena Estuary-Even","SEAK",9.36356909275055,-0.585592673249442,-0.840890916693455,-0.715252662636591
"Pink",1974,194,"Nass-Skeena Estuary-Even","SEAK",8.84703031778336,-1.10213144821663,-1.52499301571706,0.662399056153623
"Pink",1976,194,"Nass-Skeena Estuary-Even","SEAK",9.64529575109482,-0.303866014905171,-0.467773141873037,1.67650033429385
"Pink",1978,194,"Nass-Skeena Estuary-Even","SEAK",9.89910252094269,-0.0500592450573045,-0.131632367135738,1.47867503670492
"Pink",1980,194,"Nass-Skeena Estuary-Even","SEAK",10.1687317609787,0.219569994978716,0.225463630310916,1.01101343081696
"Pink",1982,194,"Nass-Skeena Estuary-Even","SEAK",10.8140033364296,0.864841570429605,1.08005898810233,1.99878177587579
"Pink",1984,194,"Nass-Skeena Estuary-Even","SEAK",9.29636592864991,-0.652795837350086,-0.929894545947035,1.99850387847246
"Pink",1986,194,"Nass-Skeena Estuary-Even","SEAK",9.74766947031021,-0.201492295689778,-0.332189755699265,0.52234521441187
"Pink",1988,194,"Nass-Skeena Estuary-Even","SEAK",10.1076836824417,0.15852191644172,0.144611774279063,2.56643835957191
"Pink",1990,194,"Nass-Skeena Estuary-Even","SEAK",9.76780805587769,-0.181353710122306,-0.305518285277806,0.00953290788268143
"Pink",1992,194,"Nass-Skeena Estuary-Even","SEAK",10.6740200996399,0.724858333639901,0.894665691883591,0.643295255319981
"Pink",1994,194,"Nass-Skeena Estuary-Even","SEAK",10.5453553557396,0.596193589739604,0.724262567010499,3.22903698063467
"Pink",1996,194,"Nass-Skeena Estuary-Even","SEAK",10.6212885260582,0.672126760058204,0.824828185155566,-0.691695537886732
"Pink",1998,194,"Nass-Skeena Estuary-Even","SEAK",9.01936889886857,-0.929792867131422,-1.29674841767961,1.34542824126934
"Pink",2000,194,"Nass-Skeena Estuary-Even","SEAK",9.40069550275803,-0.548466263241965,-0.791720832575492,1.9255982720679
"Pink",2002,194,"Nass-Skeena Estuary-Even","SEAK",10.7520604491234,0.802898683123392,0.998022050549178,0.815112213955813
"Pink",2004,194,"Nass-Skeena Estuary-Even","SEAK",11.3073624253273,1.35820065932731,1.73346199411815,-1.16179142805616
"Pink",2006,194,"Nass-Skeena Estuary-Even","SEAK",9.6094865322113,-0.339675233788687,-0.515198742795572,-0.44089782358694
"Pink",2008,194,"Nass-Skeena Estuary-Even","SEAK",9.55912852287292,-0.390033243127065,-0.581892709561616,1.66215008456425
"Pink",2010,194,"Nass-Skeena Estuary-Even","SEAK",10.0202097415924,0.0710479755924145,0.0287616010782656,0.513346886221743
"Pink",2012,194,"Nass-Skeena Estuary-Even","SEAK",10.260549890995,0.311388124995037,0.34706723204745,1.98688148161461
"Pink",2014,194,"Nass-Skeena Estuary-Even","SEAK",11.529352414608,1.58019064860801,2.02746473890493,-0.258524881109036
"Pink",2016,194,"Nass-Skeena Estuary-Even","SEAK",10.4463558077812,0.497194041781233,0.59314792113515,-0.559287768773816
"Pink",2018,194,"Nass-Skeena Estuary-Even","SEAK",11.2609877228737,1.3118259568737,1.67204350468892,0.0315541663681311
"Pink",1954,195,"Middle-Upper Skeena-Even","SEAK",9.03801378011704,-0.911147985882955,-1.27205520389536,0.0932898192583313
"Pink",1956,195,"Middle-Upper Skeena-Even","SEAK",10.4170533299446,0.467891563944621,0.554339824693809,1.98335422404943
"Pink",1958,195,"Middle-Upper Skeena-Even","SEAK",10.1995352625847,0.250373496584695,0.266259677243241,-0.808252344422611
"Pink",1960,195,"Middle-Upper Skeena-Even","SEAK",10.4052818894386,0.456120123438639,0.538749771151003,1.66776690643007
"Pink",1962,195,"Middle-Upper Skeena-Even","SEAK",10.7140336155891,0.764871849589156,0.94765944874519,-0.147091819264766
"Pink",1964,195,"Middle-Upper Skeena-Even","SEAK",8.74170181751251,-1.20745994848748,-1.66448970331205,1.1407925759344
"Pink",1966,195,"Middle-Upper Skeena-Even","SEAK",9.86389471292496,-0.0852670530750263,-0.178261461666877,0.838780293249686
"Pink",1968,195,"Middle-Upper Skeena-Even","SEAK",9.2507192850113,-0.698442480988694,-0.990348796895645,0.816851216892627
"Pink",1970,195,"Middle-Upper Skeena-Even","SEAK",8.65655283927917,-1.29260892672082,-1.77726070437164,-0.295527707141908
"Pink",1972,195,"Middle-Upper Skeena-Even","SEAK",9.36356909275055,-0.585592673249442,-0.840890916693455,-1.30153675783424
"Pink",1974,195,"Middle-Upper Skeena-Even","SEAK",8.84703031778336,-1.10213144821663,-1.52499301571706,2.20182297386172
"Pink",1976,195,"Middle-Upper Skeena-Even","SEAK",9.64529575109482,-0.303866014905171,-0.467773141873037,0.733477371890372
"Pink",1978,195,"Middle-Upper Skeena-Even","SEAK",9.89910252094269,-0.0500592450573045,-0.131632367135738,-0.371645161982185
"Pink",1980,195,"Middle-Upper Skeena-Even","SEAK",10.1687317609787,0.219569994978716,0.225463630310916,0.706146949729197
"Pink",1982,195,"Middle-Upper Skeena-Even","SEAK",10.8140033364296,0.864841570429605,1.08005898810233,-0.559962888430775
"Pink",1984,195,"Middle-Upper Skeena-Even","SEAK",9.29636592864991,-0.652795837350086,-0.929894545947035,1.27303059439197
"Pink",1986,195,"Middle-Upper Skeena-Even","SEAK",9.74766947031021,-0.201492295689778,-0.332189755699265,-0.745629086253618
"Pink",1988,195,"Middle-Upper Skeena-Even","SEAK",10.1076836824417,0.15852191644172,0.144611774279063,1.92082634250045
"Pink",1990,195,"Middle-Upper Skeena-Even","SEAK",9.76780805587769,-0.181353710122306,-0.305518285277806,0.576227127295798
"Pink",1992,195,"Middle-Upper Skeena-Even","SEAK",10.6740200996399,0.724858333639901,0.894665691883591,-1.08997592561667
"Pink",1994,195,"Middle-Upper Skeena-Even","SEAK",10.5453553557396,0.596193589739604,0.724262567010499,2.12104009375844
"Pink",1996,195,"Middle-Upper Skeena-Even","SEAK",10.6212885260582,0.672126760058204,0.824828185155566,-1.81527289226078
"Pink",1998,195,"Middle-Upper Skeena-Even","SEAK",9.01936889886857,-0.929792867131422,-1.29674841767961,0.67852534045128
"Pink",2000,195,"Middle-Upper Skeena-Even","SEAK",9.40069550275803,-0.548466263241965,-0.791720832575492,-0.290821018454181
"Pink",2002,195,"Middle-Upper Skeena-Even","SEAK",10.7520604491234,0.802898683123392,0.998022050549178,0.819930767944054
"Pink",2004,195,"Middle-Upper Skeena-Even","SEAK",11.3073624253273,1.35820065932731,1.73346199411815,0.218815353078355
"Pink",2006,195,"Middle-Upper Skeena-Even","SEAK",9.6094865322113,-0.339675233788687,-0.515198742795572,0.259001532968079
"Pink",2008,195,"Middle-Upper Skeena-Even","SEAK",9.55912852287292,-0.390033243127065,-0.581892709561616,0.821247512251887
"Pink",2010,195,"Middle-Upper Skeena-Even","SEAK",10.0202097415924,0.0710479755924145,0.0287616010782656,-0.107527181750922
"Pink",2012,195,"Middle-Upper Skeena-Even","SEAK",10.260549890995,0.311388124995037,0.34706723204745,1.37787862409758
"Pink",2014,195,"Middle-Upper Skeena-Even","SEAK",11.529352414608,1.58019064860801,2.02746473890493,-0.500318051072441
"Pink",2016,195,"Middle-Upper Skeena-Even","SEAK",10.4463558077812,0.497194041781233,0.59314792113515,-1.5227517516493
"Pink",2018,195,"Middle-Upper Skeena-Even","SEAK",11.2609877228737,1.3118259568737,1.67204350468892,-0.222017239165245
"Pink",1955,198,"Nass-Skeena Estuary-Odd","SEAK",10.0836995840073,0.134537818007264,0.117003807819875,2.06565066963491
"Pink",1957,198,"Nass-Skeena Estuary-Odd","SEAK",11.4580932736397,1.50893150763969,2.17557779139714,1.19615663615503
"Pink",1959,198,"Nass-Skeena Estuary-Odd","SEAK",9.9029804468155,-0.0461813191844946,-0.153678251450188,1.06910415897971
"Pink",1961,198,"Nass-Skeena Estuary-Odd","SEAK",10.0416347980499,0.0924730320499395,0.0539989536433009,-0.0945204944563296
"Pink",1963,198,"Nass-Skeena Estuary-Odd","SEAK",9.22488296031953,-0.724278805680462,-1.16933617723932,0.702460088346725
"Pink",1965,198,"Nass-Skeena Estuary-Odd","SEAK",9.51028854846955,-0.438873217530444,-0.741854209761478,0.569835883802991
"Pink",1967,198,"Nass-Skeena Estuary-Odd","SEAK",9.83129730224609,-0.117864463753901,-0.26104563649039,1.72416516586464
"Pink",1969,198,"Nass-Skeena Estuary-Odd","SEAK",9.52769978046417,-0.421461985535818,-0.715775576341856,2.0647836133316
"Pink",1971,198,"Nass-Skeena Estuary-Odd","SEAK",9.325310921669,-0.623850844330987,-1.01891465681381,-0.141799008486173
"Pink",1973,198,"Nass-Skeena Estuary-Odd","SEAK",9.36328897476196,-0.585872791238029,-0.962030932278528,0.942913864006694
"Pink",1975,198,"Nass-Skeena Estuary-Odd","SEAK",8.91256556510925,-1.03659620089074,-1.63712678865463,1.88716348504564
"Pink",1977,198,"Nass-Skeena Estuary-Odd","SEAK",10.0318621873856,0.0827004213855681,0.0393614867973311,0.898581436050996
"Pink",1979,198,"Nass-Skeena Estuary-Odd","SEAK",9.76051064729691,-0.188651118703081,-0.367070254736284,1.90123514977373
"Pink",1981,198,"Nass-Skeena Estuary-Odd","SEAK",9.17615879774093,-0.773002968259058,-1.24231548019487,3.03449932955123
"Pink",1983,198,"Nass-Skeena Estuary-Odd","SEAK",9.7488090634346,-0.200352702565387,-0.384596947624428,1.62960017260941
"Pink",1985,198,"Nass-Skeena Estuary-Odd","SEAK",9.73910281658172,-0.210058949418267,-0.39913501440998,1.02780212191348
"Pink",1987,198,"Nass-Skeena Estuary-Odd","SEAK",9.84425919055939,-0.104902575440599,-0.241631253070939,3.28919563159672
"Pink",1989,198,"Nass-Skeena Estuary-Odd","SEAK",10.3127423048019,0.363580538801953,0.460065180781941,2.07865257071461
"Pink",1991,198,"Nass-Skeena Estuary-Odd","SEAK",10.5706052064896,0.621443440489579,0.846293569887727,0.601768867538623
"Pink",1993,198,"Nass-Skeena Estuary-Odd","SEAK",10.5773835420608,0.628221776060858,0.85644619599788,2.85109066067287
"Pink",1995,198,"Nass-Skeena Estuary-Odd","SEAK",9.88374571800232,-0.0654160479976705,-0.18248812784489,0.0685716419934555
"Pink",1997,198,"Nass-Skeena Estuary-Odd","SEAK",10.6620010137558,0.71283924775581,0.983186683167826,3.46268490668921
"Pink",1999,198,"Nass-Skeena Estuary-Odd","SEAK",9.98517709970474,0.0360153337047448,-0.0305636792200341,0.877304413680327
"Pink",2001,198,"Nass-Skeena Estuary-Odd","SEAK",9.64885433912277,-0.300307426877217,-0.534309651164999,1.13802449640943
"Pink",2003,198,"Nass-Skeena Estuary-Odd","SEAK",11.1306411743164,1.18147940831641,1.68511834180891,1.17267693531527
"Pink",2005,198,"Nass-Skeena Estuary-Odd","SEAK",10.2318830728531,0.282721306853102,0.338953804560138,0.778620183098976
"Pink",2007,198,"Nass-Skeena Estuary-Odd","SEAK",8.89396625757217,-1.05519550842782,-1.66498492777241,0.416439676328101
"Pink",2009,198,"Nass-Skeena Estuary-Odd","SEAK",9.87059901952743,-0.0785627464725575,-0.202179320881126,-0.444072558758026
"Pink",2011,198,"Nass-Skeena Estuary-Odd","SEAK",9.32080159187317,-0.628360174126821,-1.02566875432684,2.60348613426684
"Pink",2013,198,"Nass-Skeena Estuary-Odd","SEAK",10.7653034687042,0.816141702704239,1.13791363498712,-1.04718369201365
"Pink",2015,198,"Nass-Skeena Estuary-Odd","SEAK",11.4741961240768,1.52503435807685,2.19969672414649,0.76774266949479
"Pink",2017,198,"Nass-Skeena Estuary-Odd","SEAK",10.7981545805931,0.848992814593116,1.18711820044472,-1.07314903435497
"Pink",2019,198,"Nass-Skeena Estuary-Odd","SEAK",10.5757311701775,0.626569404177469,0.853971264836598,2.1956431118961
"Pink",1955,199,"Middle-Upper Skeena-Odd","SEAK",10.0836995840073,0.134537818007264,0.281531733571687,1.87990359634475
"Pink",1957,199,"Middle-Upper Skeena-Odd","SEAK",11.4580932736397,1.50893150763969,2.52470557368094,0.646499990646229
"Pink",1959,199,"Middle-Upper Skeena-Odd","SEAK",9.9029804468155,-0.0461813191844946,-0.0134233757347922,0.0377761904764401
"Pink",1961,199,"Middle-Upper Skeena-Odd","SEAK",10.0416347980499,0.0924730320499395,0.212877003736234,0.574566645334522
"Pink",1963,199,"Middle-Upper Skeena-Odd","SEAK",9.22488296031953,-0.724278805680462,-1.12015906160541,-0.877218246704658
"Pink",1965,199,"Middle-Upper Skeena-Odd","SEAK",9.51028854846955,-0.438873217530444,-0.654343222964344,0.68103085488338
"Pink",1967,199,"Middle-Upper Skeena-Odd","SEAK",9.83129730224609,-0.117864463753901,-0.130418786793371,0.765455457810322
"Pink",1969,199,"Middle-Upper Skeena-Odd","SEAK",9.52769978046417,-0.421461985535818,-0.62592602312631,0.696900719442843
"Pink",1971,199,"Middle-Upper Skeena-Odd","SEAK",9.325310921669,-0.623850844330987,-0.956248693408874,0.0271969900085042
"Pink",1973,199,"Middle-Upper Skeena-Odd","SEAK",9.36328897476196,-0.585872791238029,-0.894263997292299,0.677244872311814
"Pink",1975,199,"Middle-Upper Skeena-Odd","SEAK",8.91256556510925,-1.03659620089074,-1.62989816767925,0.201527789612702
"Pink",1977,199,"Middle-Upper Skeena-Odd","SEAK",10.0318621873856,0.0827004213855681,0.19692694171452,-0.790663071960645
"Pink",1979,199,"Middle-Upper Skeena-Odd","SEAK",9.76051064729691,-0.188651118703081,-0.245951020249206,1.50771947850831
"Pink",1981,199,"Middle-Upper Skeena-Odd","SEAK",9.17615879774093,-0.773002968259058,-1.19968268551463,1.15687807385302
"Pink",1983,199,"Middle-Upper Skeena-Odd","SEAK",9.7488090634346,-0.200352702565387,-0.265049395777101,0.289133729778065
"Pink",1985,199,"Middle-Upper Skeena-Odd","SEAK",9.73910281658172,-0.210058949418267,-0.280891144171512,0.487680553561343
"Pink",1987,199,"Middle-Upper Skeena-Odd","SEAK",9.84425919055939,-0.104902575440599,-0.109263444621658,0.407603712094056
"Pink",1989,199,"Middle-Upper Skeena-Odd","SEAK",10.3127423048019,0.363580538801953,0.65535667429264,0.564358642779033
"Pink",1991,199,"Middle-Upper Skeena-Odd","SEAK",10.5706052064896,0.621443440489579,1.07621957534033,-1.43895608231695
"Pink",1993,199,"Middle-Upper Skeena-Odd","SEAK",10.5773835420608,0.628221776060858,1.08728262455809,0.791834654967921
"Pink",1995,199,"Middle-Upper Skeena-Odd","SEAK",9.88374571800232,-0.0654160479976705,-0.0448167390926022,-0.764077121183077
"Pink",1997,199,"Middle-Upper Skeena-Odd","SEAK",10.6620010137558,0.71283924775581,1.22538839465448,1.39295042870352
"Pink",1999,199,"Middle-Upper Skeena-Odd","SEAK",9.98517709970474,0.0360153337047448,0.120731330370555,-0.138635057895391
"Pink",2001,199,"Middle-Upper Skeena-Odd","SEAK",9.64885433912277,-0.300307426877217,-0.428187384886753,1.33133755271929
"Pink",2003,199,"Middle-Upper Skeena-Odd","SEAK",11.1306411743164,1.18147940831641,1.99026483182386,0.162144520501279
"Pink",2005,199,"Middle-Upper Skeena-Odd","SEAK",10.2318830728531,0.282721306853102,0.523384798106641,-0.203743574127121
"Pink",2007,199,"Middle-Upper Skeena-Odd","SEAK",8.89396625757217,-1.05519550842782,-1.66025444799838,1.17233234427088
"Pink",2009,199,"Middle-Upper Skeena-Odd","SEAK",9.87059901952743,-0.0785627464725575,-0.0662737134116255,-1.83113787500628
"Pink",2011,199,"Middle-Upper Skeena-Odd","SEAK",9.32080159187317,-0.628360174126821,-0.963608455543074,0.366107776871131
"Pink",2013,199,"Middle-Upper Skeena-Odd","SEAK",10.7653034687042,0.816141702704239,1.39399027802121,-0.228891750063977
"Pink",1960,141,"S SEAK-Even","SEAK",9.97797310352326,0.537775800979305,0.835604409712557,2.3932165268602
"Pink",1962,141,"S SEAK-Even","SEAK",10.1324439287186,0.692246626174615,1.03775107485945,0.932892333327226
"Pink",1964,141,"S SEAK-Even","SEAK",8.04369090795517,-1.39650639458879,-1.69567419770551,1.20107819147063
"Pink",1966,141,"S SEAK-Even","SEAK",9.41866927146912,-0.0215280310748333,0.103677171603546,0.97992954815716
"Pink",1968,141,"S SEAK-Even","SEAK",8.64490840435028,-0.79528889819367,-0.908897071535744,0.457563503829769
"Pink",1970,141,"S SEAK-Even","SEAK",8.07322098016739,-1.36697632237656,-1.65702997079923,0.865749908320693
"Pink",1972,141,"S SEAK-Even","SEAK",8.74462995529175,-0.695567347252205,-0.778397484053089,0.474358068153297
"Pink",1974,141,"S SEAK-Even","SEAK",8.18626902103424,-1.25392828150971,-1.50909080860643,0.886686955150159
"Pink",1976,141,"S SEAK-Even","SEAK",9.27609044313431,-0.164106859409648,-0.0829071535076369,1.22753000196606
"Pink",1978,141,"S SEAK-Even","SEAK",9.35692638158799,-0.0832709209559676,0.0228779703937229,0.864745813703709
"Pink",1980,141,"S SEAK-Even","SEAK",9.80967165231706,0.369474349773102,0.615358437324564,0.644877358075037
"Pink",1982,141,"S SEAK-Even","SEAK",10.3812678098679,0.941070507323903,1.36337190144362,1.34803192009508
"Pink",1984,141,"S SEAK-Even","SEAK",8.65117158889771,-0.789025713646245,-0.900700819150475,1.34415622592508
"Pink",1986,141,"S SEAK-Even","SEAK",9.16053687334061,-0.279660429203349,-0.234125150498857,-0.50534045141296
"Pink",1988,141,"S SEAK-Even","SEAK",9.56327167749405,0.123074374950099,0.292909630957591,1.57595440643538
"Pink",1990,141,"S SEAK-Even","SEAK",9.14892909526825,-0.291268207275703,-0.249315550525042,0.934649637246295
"Pink",1992,141,"S SEAK-Even","SEAK",10.0918286919594,0.651631389415431,0.984600360770628,0.914607263210834
"Pink",1994,141,"S SEAK-Even","SEAK",9.85513020753861,0.414932904994653,0.674847310571753,1.84621092637174
"Pink",1996,141,"S SEAK-Even","SEAK",10.0756526947021,0.635455392158191,0.963431807441273,0.323870492123372
"Pink",1998,141,"S SEAK-Even","SEAK",8.51812323331833,-0.922074069225622,-1.07481318858751,0.398252970631356
"Pink",2000,141,"S SEAK-Even","SEAK",8.94442708492279,-0.495770217621165,-0.516935014296936,1.21309439747257
"Pink",2002,141,"S SEAK-Even","SEAK",10.2591275453567,0.818930242812796,1.20353429379272,0.631067669620935
"Pink",2004,141,"S SEAK-Even","SEAK",10.9140431046486,1.47384580210463,2.06058284063817,-0.382036597440019
"Pink",2006,141,"S SEAK-Even","SEAK",9.09853909015655,-0.341658212387399,-0.315257915221968,0.998821365030416
"Pink",2008,141,"S SEAK-Even","SEAK",9.15956048965454,-0.280636812889412,-0.235402885021165,0.595779012135286
"Pink",1961,142,"S SEAK-Odd","SEAK",9.55573003292083,0.11553273037688,0.488413621816332,1.31570599641328
"Pink",1963,142,"S SEAK-Odd","SEAK",8.6860656619072,-0.754131640636757,-1.16012722080705,0.611473570838919
"Pink",1965,142,"S SEAK-Odd","SEAK",8.87628720998764,-0.563910092556315,-0.799542147289377,-0.289117561126345
"Pink",1967,142,"S SEAK-Odd","SEAK",9.46052409410476,0.020326791560809,0.30794069015459,0.396477905911091
"Pink",1969,142,"S SEAK-Odd","SEAK",9.01095705032349,-0.429240252220468,-0.544261214250288,1.14650975752165
"Pink",1971,142,"S SEAK-Odd","SEAK",8.67248433828354,-0.767712964260417,-1.1858720569033,0.380481859195831
"Pink",1973,142,"S SEAK-Odd","SEAK",8.90219048261643,-0.538006819927527,-0.75043975295259,0.641901207846163
"Pink",1975,142,"S SEAK-Odd","SEAK",8.47890875339508,-0.961288549148876,-1.55281506211275,1.07468117717014
"Pink",1977,142,"S SEAK-Odd","SEAK",9.42759029865265,-0.012607003891303,0.245511195840444,0.212056553197711
"Pink",1979,142,"S SEAK-Odd","SEAK",9.20764516592026,-0.232552136623693,-0.171418077717069,1.07781891164973
"Pink",1981,142,"S SEAK-Odd","SEAK",8.58016706705093,-0.86003023549302,-1.36086921348349,1.40656378276383
"Pink",1983,142,"S SEAK-Odd","SEAK",9.50105065107346,0.0608533485295055,0.384763067384934,1.22650447988663
"Pink",1985,142,"S SEAK-Odd","SEAK",9.11736867427826,-0.322828628265695,-0.342546720629192,-0.447710748392594
"Pink",1987,142,"S SEAK-Odd","SEAK",9.43829997777939,-0.00189732476456503,0.265812525917058,1.73787542035026
"Pink",1989,142,"S SEAK-Odd","SEAK",9.74989912509918,0.309701822555226,0.856481682898357,1.14451855848151
"Pink",1991,142,"S SEAK-Odd","SEAK",9.79048969745637,0.350292394912412,0.933425408071654,1.37008555213892
"Pink",1993,142,"S SEAK-Odd","SEAK",9.9455040216446,0.505306719100641,1.22727146309413,1.32342125986807
"Pink",1995,142,"S SEAK-Odd","SEAK",9.34697796106339,-0.0932193414805672,0.0927019795903249,0.440054034547127
"Pink",1997,142,"S SEAK-Odd","SEAK",10.0508590817452,0.610661779201197,1.4269831281246,1.50218691916171
"Pink",1999,142,"S SEAK-Odd","SEAK",9.44352049827575,0.00332319573179916,0.275708574950293,1.0365171958619
"Pink",2001,142,"S SEAK-Odd","SEAK",9.09957709312439,-0.340620209419565,-0.3762725454009,0.670865547446613
"Pink",2003,142,"S SEAK-Odd","SEAK",10.5574103713036,1.1172130687596,2.38720470043905,0.761657209871479
"Pink",2005,142,"S SEAK-Odd","SEAK",9.71037573814392,0.270178435599968,0.781560920583341,0.908294179209887
"Pink",2007,142,"S SEAK-Odd","SEAK",8.54390122890472,-0.896296073639232,-1.42961494731908,0.517578265628744
"Pink",1960,143,"N SEAK Outside-Even","SEAK",9.72170857020787,0.588459298568699,0.871807475389291,0.148961336210031
"Pink",1962,143,"N SEAK Outside-Even","SEAK",9.79219150543213,0.658942233792957,0.959271151047436,0.189500203139146
"Pink",1964,143,"N SEAK Outside-Even","SEAK",7.67934584617615,-1.45390342546303,-1.66260103502016,-0.725699604695664
"Pink",1966,143,"N SEAK Outside-Even","SEAK",9.19688328674861,0.0636340151094421,0.22054134659339,-0.152389884901863
"Pink",1968,143,"N SEAK Outside-Even","SEAK",8.28274085691997,-0.850508414719202,-0.91383616951726,1.41310205010508
"Pink",1970,143,"N SEAK Outside-Even","SEAK",7.64945457662855,-1.48379469501062,-1.69969370569857,0.896489040797549
"Pink",1972,143,"N SEAK Outside-Even","SEAK",8.3390115414347,-0.794237730204476,-0.844008758331865,0.553215215112907
"Pink",1974,143,"N SEAK Outside-Even","SEAK",7.74732514790126,-1.38592412373791,-1.57824416794822,0.477758380333734
"Pink",1976,143,"N SEAK Outside-Even","SEAK",9.15548509359359,0.0222358219544216,0.169169505630419,0.38209508947304
"Pink",1978,143,"N SEAK Outside-Even","SEAK",9.11449051754816,-0.0187587540910155,0.118298521163426,-0.21667288378162
"Pink",1980,143,"N SEAK Outside-Even","SEAK",9.66385444572994,0.530605174090769,0.800015142071678,1.34425260433642
"Pink",1982,143,"N SEAK Outside-Even","SEAK",10.0963703819684,0.963121110329189,1.33673276661119,0.797245477457879
"Pink",1984,143,"N SEAK Outside-Even","SEAK",8.27235272100994,-0.860896550629235,-0.926727013904444,-0.713577175417398
"Pink",1986,143,"N SEAK Outside-Even","SEAK",8.77094945737294,-0.362299814266237,-0.308008410675016,-0.536425682713225
"Pink",1988,143,"N SEAK Outside-Even","SEAK",9.23623843703951,0.102989165400342,0.269377935046593,0.804993630373901
"Pink",1990,143,"N SEAK Outside-Even","SEAK",8.79964772292546,-0.333601548713715,-0.272396162373341,0.851572510093915
"Pink",1992,143,"N SEAK Outside-Even","SEAK",9.741847549166,0.608598277526825,0.89679833478065,1.18373771163821
"Pink",1994,143,"N SEAK Outside-Even","SEAK",9.30486461094448,0.171615339305306,0.354537518667586,0.552800320073522
"Pink",1996,143,"N SEAK Outside-Even","SEAK",9.80373926673617,0.670489995096993,0.973600997641655,0.90242673128892
"Pink",1998,143,"N SEAK Outside-Even","SEAK",8.14791422230857,-0.985335049330602,-1.08114522102328,0.544229434658685
"Pink",2000,143,"N SEAK Outside-Even","SEAK",8.69893119164875,-0.43431807999042,-0.397377308475886,0.825304688164624
"Pink",2002,143,"N SEAK Outside-Even","SEAK",9.91638875859124,0.783139486952069,1.11338999177645,0.297219103491745
"Pink",2004,143,"N SEAK Outside-Even","SEAK",10.7082901171276,1.57504084548838,2.09607613212929,0.307589294538026
"Pink",2006,143,"N SEAK Outside-Even","SEAK",8.69326000554221,-0.439989266096963,-0.404414796069748,0.230461510433002
"Pink",2008,143,"N SEAK Outside-Even","SEAK",8.94569429329464,-0.187554978344537,-0.0911640695112666,0.71248825320132
"Pink",1961,144,"N SEAK Outside-Odd","SEAK",9.32966526065553,0.196415989016363,0.682528395337965,1.34215741342718
"Pink",1963,144,"N SEAK Outside-Odd","SEAK",8.36810736145292,-0.765141910186251,-1.15382454341525,-0.268536171899183
"Pink",1965,144,"N SEAK Outside-Odd","SEAK",8.51056687320982,-0.622682398429354,-0.881759862458375,-0.413823361929085
"Pink",1967,144,"N SEAK Outside-Odd","SEAK",9.28795214210238,0.154702870463204,0.602865997573694,0.866589725936628
"Pink",1969,144,"N SEAK Outside-Odd","SEAK",8.68634779964174,-0.446901471997428,-0.546058995045488,-0.457861942418092
"Pink",1971,144,"N SEAK Outside-Odd","SEAK",8.18045997619629,-0.952789295442884,-1.51218759950489,0.695337575119158
"Pink",1973,144,"N SEAK Outside-Odd","SEAK",8.63110197441918,-0.502147297219988,-0.651565729050195,0.717215677735916
"Pink",1975,144,"N SEAK Outside-Odd","SEAK",8.21195165600095,-0.92129761563822,-1.45204578297618,1.63522064062466
"Pink",1977,144,"N SEAK Outside-Odd","SEAK",9.05679084573474,-0.0764584259044345,0.161401446907807,0.318459648777461
"Pink",1979,144,"N SEAK Outside-Odd","SEAK",8.9458247423172,-0.187424529321969,-0.0505181164193365,0.458839278882307
"Pink",1981,144,"N SEAK Outside-Odd","SEAK",8.19470633779253,-0.938542933846641,-1.48498034760097,0.429091059229724
"Pink",1983,144,"N SEAK Outside-Odd","SEAK",9.39235499926976,0.259105727630588,0.802251280282666,1.17790936129467
"Pink",1985,144,"N SEAK Outside-Odd","SEAK",8.72146941934313,-0.411779852296044,-0.478984833826602,-1.08730833259268
"Pink",1987,144,"N SEAK Outside-Odd","SEAK",9.07289298091616,-0.0603562907230141,0.192152796655049,0.646602747727121
"Pink",1989,144,"N SEAK Outside-Odd","SEAK",9.42749526671001,0.294245995070838,0.869361054364902,0.6803706217722
"Pink",1991,144,"N SEAK Outside-Odd","SEAK",9.27925935813359,0.146010086494419,0.586264793007373,0.165457409803926
"Pink",1993,144,"N SEAK Outside-Odd","SEAK",9.54350670746395,0.410257435824775,1.09091604375676,1.56700993491548
"Pink",1995,144,"N SEAK Outside-Odd","SEAK",9.08215215376445,-0.0510971178747206,0.209835672833891,0.80972127888119
"Pink",1997,144,"N SEAK Outside-Odd","SEAK",9.65765535831452,0.524406086675344,1.30891353576216,0.503977526435355
"Pink",1999,144,"N SEAK Outside-Odd","SEAK",9.08315627915518,-0.050092992483989,0.211753319824963,0.391634496278695
"Pink",2001,144,"N SEAK Outside-Odd","SEAK",8.80267592838832,-0.330573343250851,-0.323899204916795,0.220927806747036
"Pink",2003,144,"N SEAK Outside-Odd","SEAK",10.2000353932381,1.06678612159889,2.34473381437344,0.718137720681663
"Pink",2005,144,"N SEAK Outside-Odd","SEAK",9.35354197025299,0.220292698613815,0.728127382017184,0.470400884136998
"Pink",2007,144,"N SEAK Outside-Odd","SEAK",8.31498261008944,-0.818266661549735,-1.25528051748376,0.0252778071842686
"Pink",1960,145,"N SEAK Inside-Even","SEAK",9.71873002582127,0.585951621129638,0.866699270945816,0.438420684980523
"Pink",1962,145,"N SEAK Inside-Even","SEAK",9.78363521893819,0.650856814246563,0.947028050954834,1.1531653160281
"Pink",1964,145,"N SEAK Inside-Even","SEAK",7.6285507414076,-1.50422766328403,-1.72017465784137,0.91418548524848
"Pink",1966,145,"N SEAK Inside-Even","SEAK",9.17691398991479,0.0441355852231577,0.196130105928725,1.02286287700762
"Pink",1968,145,"N SEAK Inside-Even","SEAK",8.27425485187107,-0.858523552820563,-0.921030229645952,0.486849593319084
"Pink",1970,145,"N SEAK Inside-Even","SEAK",7.66566585169898,-1.46711255299265,-1.6742397890515,0.523867236375203
"Pink",1972,145,"N SEAK Inside-Even","SEAK",8.34169464641147,-0.791083758280156,-0.837564544400544,-0.363416570283765
"Pink",1974,145,"N SEAK Inside-Even","SEAK",7.74443762832218,-1.38834077636945,-1.57674927386445,-0.574112855802026
"Pink",1976,145,"N SEAK Inside-Even","SEAK",9.13632326655917,0.0035448618675416,0.145893705260966,1.41720124083657
"Pink",1978,145,"N SEAK Inside-Even","SEAK",9.06219025452932,-0.0705881501623058,0.0541442761509769,0.139128194453897
"Pink",1980,145,"N SEAK Inside-Even","SEAK",9.64483998881446,0.512061584122835,0.77525055563447,1.42646071693987
"Pink",1982,145,"N SEAK Inside-Even","SEAK",10.1252095301946,0.992431125502969,1.36977153861719,0.394984333454171
"Pink",1984,145,"N SEAK Inside-Even","SEAK",8.26386280854543,-0.868915596146198,-0.933891760781762,-0.00308414619494862
"Pink",1986,145,"N SEAK Inside-Even","SEAK",8.78738237751855,-0.345396027173083,-0.285966898888227,0.39024073008817
"Pink",1988,145,"N SEAK Inside-Even","SEAK",9.26345735126072,0.130678946569087,0.303238987374842,0.975293629880011
"Pink",1990,145,"N SEAK Inside-Even","SEAK",8.77630375491248,-0.356474649779148,-0.299678162893286,1.27647628087895
"Pink",1992,145,"N SEAK Inside-Even","SEAK",9.73616392082638,0.603385516134753,0.888276026969688,1.66591339544162
"Pink",1994,145,"N SEAK Inside-Even","SEAK",9.34032436211904,0.207545957427416,0.39837210244109,0.254897952448247
"Pink",1996,145,"N SEAK Inside-Even","SEAK",9.79146434201135,0.658685937319718,0.956717628549558,0.761727036484705
"Pink",1998,145,"N SEAK Inside-Even","SEAK",8.18081576294369,-0.951962641747936,-1.03667348803929,0.191955313637703
"Pink",2000,145,"N SEAK Inside-Even","SEAK",8.69847916232215,-0.434299242369483,-0.395996412285417,1.22861003761558
"Pink",2002,145,"N SEAK Inside-Even","SEAK",9.93677469094594,0.803996286254309,1.13655844701184,0.943762173230384
"Pink",2004,145,"N SEAK Inside-Even","SEAK",10.7053812212414,1.57260281654979,2.08781091111551,0.185548803472611
"Pink",2006,145,"N SEAK Inside-Even","SEAK",8.73301381535,-0.399764589341627,-0.353255201412431,-0.877159413331758
"Pink",2008,145,"N SEAK Inside-Even","SEAK",8.94518019093408,-0.187598213757554,-0.0906711878512835,1.37527473886131
"Pink",1961,146,"N SEAK Inside-Odd","SEAK",9.2976222038269,0.16484379913527,0.619704470589966,1.35336359839867
"Pink",1963,146,"N SEAK Inside-Odd","SEAK",8.35868243376414,-0.774095970927492,-1.17157749911839,0.203064571457229
"Pink",1965,146,"N SEAK Inside-Odd","SEAK",8.47966478930579,-0.653113615385836,-0.94077088186313,0.0612639196398177
"Pink",1967,146,"N SEAK Inside-Odd","SEAK",9.28162998623318,0.148851581541551,0.589194983246208,1.08698853505377
"Pink",1969,146,"N SEAK Inside-Odd","SEAK",8.67903690867954,-0.45374149601209,-0.560414554350386,0.876521539301999
"Pink",1971,146,"N SEAK Inside-Odd","SEAK",8.18890574243334,-0.943872662258293,-1.49547253025257,-0.084717921018168
"Pink",1973,146,"N SEAK Inside-Odd","SEAK",8.64015632205539,-0.492622082636235,-0.634589806067394,-0.838967320803908
"Pink",1975,146,"N SEAK Inside-Odd","SEAK",8.22952699661255,-0.903251408079082,-1.41797648362831,1.08834028358597
"Pink",1977,146,"N SEAK Inside-Odd","SEAK",9.04972698953417,-0.083051415157457,0.146777194637145,0.739897772068436
"Pink",1979,146,"N SEAK Inside-Odd","SEAK",8.9160360760159,-0.216742328675729,-0.108274439700499,0.0788665989740673
"Pink",1981,146,"N SEAK Inside-Odd","SEAK",8.19544271628062,-0.937335688411009,-1.48300148177594,0.683366581649387
"Pink",1983,146,"N SEAK Inside-Odd","SEAK",9.4084742863973,0.275695881705673,0.831184847866681,1.60673148087899
"Pink",1985,146,"N SEAK Inside-Odd","SEAK",8.71148812770843,-0.421290276983197,-0.498505063033785,0.113768240164704
"Pink",1987,146,"N SEAK Inside-Odd","SEAK",9.14283454418182,0.0100561394901931,0.324405077917478,1.05784693140783
"Pink",1989,146,"N SEAK Inside-Odd","SEAK",9.43251880009969,0.299740395408061,0.87705627140071,1.30701707793785
"Pink",1991,146,"N SEAK Inside-Odd","SEAK",9.26661099327935,0.133832588587723,0.560542185549109,1.05534776035394
"Pink",1993,146,"N SEAK Inside-Odd","SEAK",9.53948307037354,0.406704665681908,1.08111959351534,0.307487488497911
"Pink",1995,146,"N SEAK Inside-Odd","SEAK",9.06213755077786,-0.0706408539137688,0.170453702224308,1.07815517447577
"Pink",1997,146,"N SEAK Inside-Odd","SEAK",9.67387425899506,0.54109585430343,1.33750719231661,1.594345518699
"Pink",1999,146,"N SEAK Inside-Odd","SEAK",9.0999782482783,-0.0328001564133329,0.242645083732398,0.0426147652537534
"Pink",2001,146,"N SEAK Inside-Odd","SEAK",8.7787516646915,-0.354026740000131,-0.370181644580093,0.980880651405874
"Pink",2003,146,"N SEAK Inside-Odd","SEAK",10.2024398644765,1.06966145978489,2.34588927293039,1.10814634777497
"Pink",2005,146,"N SEAK Inside-Odd","SEAK",9.3670705821779,0.234292177486273,0.752196065825431,0.209685684951298
"Pink",2007,146,"N SEAK Inside-Odd","SEAK",8.34487885899014,-0.787899545701491,-1.19791155738128,0.490440731283688
"Pink",1962,147,"Situk-Even","SEAK",9.55457992355029,0.582793621099703,0.963152820359493,0.144879261318084
"Pink",1964,147,"Situk-Even","SEAK",7.39960419138272,-1.57218211106786,-1.57414838176589,-2.57295752791073
"Pink",1972,147,"Situk-Even","SEAK",8.14068686962128,-0.831099432829307,-0.701586365265759,0.752657456233083
"Pink",1974,147,"Situk-Even","SEAK",7.46685340007146,-1.50493290237912,-1.49496814066114,-0.266312046715588
"Pink",1976,147,"Situk-Even","SEAK",9.26487998167673,0.293093679226149,0.622055702745053,2.28296689762704
"Pink",1978,147,"Situk-Even","SEAK",8.97693918148677,0.00515287903618611,0.283029825303696,-0.201504376210729
"Pink",1980,147,"Situk-Even","SEAK",9.71583715081215,0.744050848361568,1.15301953230218,-1.67027130604185
"Pink",1982,147,"Situk-Even","SEAK",9.99162551760674,1.01983921515615,1.4777369498372,1.14904748132747
"Pink",1984,147,"Situk-Even","SEAK",8.06323887904485,-0.908547423405734,-0.792774807278564,0.836409727618347
"Pink",1986,147,"Situk-Even","SEAK",8.61540928483009,-0.356377017620494,-0.142640973535691,-0.961759945919585
"Pink",1988,147,"Situk-Even","SEAK",9.10410088300705,0.132314580556465,0.432751946678669,1.94995621998011
"Pink",1990,147,"Situk-Even","SEAK",8.54492681225141,-0.426859490199178,-0.225628108719244,-3.01897165687942
"Pink",1965,148,"Situk-Odd","SEAK",8.20995945731799,-0.761826845132593,-0.771113227045396,1.08944446639005
"Pink",1967,148,"Situk-Odd","SEAK",9.31573886672656,0.343952564275972,1.25687017721152,-1.84708720683757
"Pink",1969,148,"Situk-Odd","SEAK",8.48974732557932,-0.482038976871261,-0.257986333273804,-0.133779870697611
"Pink",1971,148,"Situk-Odd","SEAK",7.73366135855516,-1.23812494389543,-1.6446370343722,2.23555966806486
"Pink",1973,148,"Situk-Odd","SEAK",8.51668623089791,-0.455100071552681,-0.208580771504347,-0.523151273456628
"Pink",1975,148,"Situk-Odd","SEAK",8.18687464793523,-0.784911654515352,-0.813450432748755,0.441605308093983
"Pink",1977,148,"Situk-Odd","SEAK",8.76204950610797,-0.209736796342613,0.241411917730373,0.99923315191967
"Pink",1979,148,"Situk-Odd","SEAK",8.83188777168592,-0.139898530764666,0.369494284221459,-0.301504571964505
"Pink",1981,148,"Situk-Odd","SEAK",7.93349174658457,-1.03829455586601,-1.27815100004946,-0.431244561095652
"Pink",1983,148,"Situk-Odd","SEAK",9.51821872591973,0.54643242346914,1.62821530323412,0.722905292009867
"Pink",1985,148,"Situk-Odd","SEAK",8.46275129914284,-0.509035003307745,-0.307496654345303,-1.46608300271029
"Pink",1987,148,"Situk-Odd","SEAK",8.95310849944751,-0.0186778030030786,0.591811341367541,1.54738518803109
"Pink",1989,148,"Situk-Odd","SEAK",9.28124691049258,0.309460608041997,1.19361242957425,-0.389057294470849
"Pink",1960,151,"PWS-Even","GOA",11.1567446451921,0.729680196000358,0.855340184604584,1.17406185461701
"Pink",1962,151,"PWS-Even","GOA",10.7361867427826,0.309122293590871,0.433068493068212,0.494547884695124
"Pink",1964,151,"PWS-Even","GOA",8.74218430885901,-1.68488014033271,-1.56905957509185,0.24998432586909
"Pink",1966,151,"PWS-Even","GOA",10.5452762750479,0.118211825856171,0.241380058062091,0.346156083224067
"Pink",1968,151,"PWS-Even","GOA",9.49696557338421,-0.930098875807513,-0.811202548782344,0.527204343275515
"Pink",1970,151,"PWS-Even","GOA",8.53532615074745,-1.89173829844427,-1.7767606879075,-0.394080056058817
"Pink",1972,151,"PWS-Even","GOA",9.27297908526201,-1.15408536392971,-1.03610179019181,0.552987646854693
"Pink",1974,151,"PWS-Even","GOA",8.76887967036321,-1.65818477882852,-1.54225542899457,0.611103859280884
"Pink",1976,151,"PWS-Even","GOA",11.0823314648408,0.655267015649091,0.78062376776994,0.960388474870146
"Pink",1978,151,"PWS-Even","GOA",10.4951708133404,0.0681063641486861,0.191070414730673,2.00349741163099
"Pink",1980,151,"PWS-Even","GOA",11.3989129066467,0.971848457455009,1.09849529075049,1.86393612912184
"Pink",1982,151,"PWS-Even","GOA",11.3268881210914,0.899823671899678,1.02617700150959,1.65945286749134
"Pink",1984,151,"PWS-Even","GOA",9.35454971056718,-1.07251473862454,-0.954198761548315,-0.323666027679843
"Pink",1986,151,"PWS-Even","GOA",9.89646772237924,-0.530596726812478,-0.410072413640354,0.236292062153995
"Pink",1988,151,"PWS-Even","GOA",10.6583847541075,0.231320304915825,0.354949458389566,1.69934046563846
"Pink",1990,151,"PWS-Even","GOA",9.61847313550802,-0.8085913136837,-0.689199838814181,-0.382001578387149
"Pink",1992,151,"PWS-Even","GOA",11.0452946149386,0.618230165746869,0.74343599132397,1.5458052459343
"Pink",1994,151,"PWS-Even","GOA",9.84594561503484,-0.581118834156884,-0.460800400455192,0.587341887256787
"Pink",1996,151,"PWS-Even","GOA",11.7656290622858,1.33856461309407,1.46670582839162,0.622544542117072
"Pink",1998,151,"PWS-Even","GOA",9.39904754895431,-1.02801690023741,-0.909519592811284,0.946177684760889
"Pink",2000,151,"PWS-Even","GOA",10.4514286609796,0.0243642117879179,0.147150011468725,-0.452401943393575
"Pink",2002,151,"PWS-Even","GOA",11.1667210138761,0.739656564684389,0.865357207362831,1.16574439211632
"Pink",2004,151,"PWS-Even","GOA",12.3378198421918,1.91075539300012,2.04122830705184,-0.0353505406527523
"Pink",2006,151,"PWS-Even","GOA",10.1527810830336,-0.274283366158087,-0.15271456648827,0.133299269564057
"Pink",2008,151,"PWS-Even","GOA",10.3715079197517,-0.0555565294400456,0.066903590241541,1.16153982562378
"Pink",1961,152,"PWS-Odd","GOA",10.6543053205197,0.227240871327948,0.689040068592415,0.376021764315564
"Pink",1963,152,"PWS-Odd","GOA",9.63930458288927,-0.787759866302455,-0.883302842676175,0.302243767440838
"Pink",1965,152,"PWS-Odd","GOA",9.42910169638121,-0.997962752810515,-1.20892922527443,0.588700736686913
"Pink",1967,152,"PWS-Odd","GOA",11.1616090811216,0.734544631929868,1.47490695742297,0.908245989432304
"Pink",1969,152,"PWS-Odd","GOA",9.56631567844978,-0.860748770741943,-0.99637033340984,2.20310769645829
"Pink",1971,152,"PWS-Odd","GOA",8.98176648983589,-1.44529795935584,-1.90189851573472,0.557294974251485
"Pink",1973,152,"PWS-Odd","GOA",10.1868050556916,-0.240259393500072,-0.0351670183251814,0.833326230747801
"Pink",1975,152,"PWS-Odd","GOA",9.8056930578672,-0.621371391324522,-0.62554959240848,0.868769901212717
"Pink",1977,152,"PWS-Odd","GOA",9.86609111382411,-0.560973335367609,-0.531986650414997,1.65428421510882
"Pink",1979,152,"PWS-Odd","GOA",9.98023241299849,-0.446832036193227,-0.355169771386109,1.04316233578548
"Pink",1981,152,"PWS-Odd","GOA",9.31918632984161,-1.10787811935011,-1.37919969012304,0.9020302415222
"Pink",1983,152,"PWS-Odd","GOA",11.3919862783872,0.964921829195494,1.83178546953538,1.44341545007368
"Pink",1985,152,"PWS-Odd","GOA",9.6645643894489,-0.76250005974282,-0.844172745217546,0.842298360887623
"Pink",1987,152,"PWS-Odd","GOA",10.2540157024677,-0.173048746724027,0.0689493434686093,0.582916260831633
"Pink",1989,152,"PWS-Odd","GOA",10.7959599953431,0.36889554615142,0.908478060654099,1.11321077530811
"Pink",1991,152,"PWS-Odd","GOA",9.93066411751967,-0.496400331672047,-0.431956275208503,-0.336947267768055
"Pink",1993,152,"PWS-Odd","GOA",10.81899866691,0.391934217718302,0.944167386366119,0.700635371775766
"Pink",1995,152,"PWS-Odd","GOA",10.5721569244678,0.145092475276096,0.561783561857493,0.429872729049136
"Pink",1997,152,"PWS-Odd","GOA",10.4175568727347,-0.00950757645706576,0.322291819228918,1.2334880439567
"Pink",1999,152,"PWS-Odd","GOA",10.28505222614,-0.14201222305177,0.11702818339184,0.578269926070839
"Pink",2001,152,"PWS-Odd","GOA",10.2667506199617,-0.160313829230054,0.0886770702621736,0.79179388337582
"Pink",2003,152,"PWS-Odd","GOA",11.6424522216504,1.21538777245863,2.21978356234799,1.15383689558128
"Pink",2005,152,"PWS-Odd","GOA",10.2974403729806,-0.129624076211165,0.136218725966275,0.0548924927928129
"Pink",2007,152,"PWS-Odd","GOA",9.86016920896677,-0.566895240224952,-0.541160303968578,0.366218036990305
"Pink",2009,152,"PWS-Odd","GOA",10.4494855862397,0.0224211370480197,0.371752755053309,1.17438625856536
"Pink",1976,155,"Outer CIn-Even","GOA",10.6228241828772,0.703382741915037,0.59070075472932,2.01743146689562
"Pink",1978,155,"Outer CIn-Even","GOA",10.0332954755196,0.113854034557484,-0.120923459423386,1.39800093335205
"Pink",1980,155,"Outer CIn-Even","GOA",10.9410539773794,1.0216125364173,0.974838159076791,0.232079342242569
"Pink",1982,155,"Outer CIn-Even","GOA",10.8031650231435,0.883723582181332,0.808391440751001,1.26348693185834
"Pink",1984,155,"Outer CIn-Even","GOA",8.867912035722,-1.05152940524014,-1.52766593724063,1.35118568727771
"Pink",1986,155,"Outer CIn-Even","GOA",9.55844844304598,-0.360992997916157,-0.694114624008783,-0.486847041909276
"Pink",1988,155,"Outer CIn-Even","GOA",10.0489062345945,0.129464793632352,-0.102079603271285,1.8631163188571
"Pink",1990,155,"Outer CIn-Even","GOA",9.22755197378305,-0.691889467179087,-1.0935420598,-0.725315998770813
"Pink",1992,155,"Outer CIn-Even","GOA",10.5280377681439,0.608596327181741,0.476283412443689,0.184191777750921
"Pink",1994,155,"Outer CIn-Even","GOA",9.36471409064073,-0.55472735032141,-0.927972711942667,0.831832676709351
"Pink",1996,155,"Outer CIn-Even","GOA",11.3389090207907,1.41946757982855,1.4550917567061,1.00707759159562
"Pink",1998,155,"Outer CIn-Even","GOA",8.92462330598098,-0.994818134981159,-1.45920936739428,0.621754083845939
"Pink",2000,155,"Outer CIn-Even","GOA",10.102101784486,0.182660343523901,-0.0378668839998631,0.610847563146482
"Pink",2002,155,"Outer CIn-Even","GOA",10.6266854267854,0.70724398582326,0.59536168918009,-0.570119209160755
"Pink",2004,155,"Outer CIn-Even","GOA",11.76781807496,1.84837663399784,1.97283086729887,2.08456410722544
"Pink",2006,155,"Outer CIn-Even","GOA",9.68679369412936,-0.232647746832781,-0.539188176318349,0.656406075148161
"Pink",2008,155,"Outer CIn-Even","GOA",9.82617895419781,-0.0932624867643306,-0.370935256786608,0.393278966972969
"Pink",1977,156,"Outer CIn-Odd","GOA",9.25477725725908,-0.664664183703061,-0.954270646967477,2.26373455353256
"Pink",1979,156,"Outer CIn-Odd","GOA",9.36077294899867,-0.558668491963463,-0.780042814677964,1.64536262795354
"Pink",1981,156,"Outer CIn-Odd","GOA",8.72041197006519,-1.19902947089695,-1.83262055072845,0.355259709389935
"Pink",1983,156,"Outer CIn-Odd","GOA",10.9831245770821,1.06368313611998,1.88665809300377,1.48545367304318
"Pink",1985,156,"Outer CIn-Odd","GOA",9.11024148647602,-0.80919995448612,-1.19184779391126,-1.39618413362507
"Pink",1987,156,"Outer CIn-Odd","GOA",9.88548530065096,-0.033956140311179,0.0824403117919506,1.63863706712636
"Pink",1989,156,"Outer CIn-Odd","GOA",10.2304446147038,0.311003173741705,0.649458768194536,1.35846839673105
"Pink",1991,156,"Outer CIn-Odd","GOA",9.50236161855551,-0.417079822406629,-0.547309893473512,0.553187033800948
"Pink",1993,156,"Outer CIn-Odd","GOA",10.230219575075,0.310778134112866,0.649088864794988,0.330724758631471
"Pink",1995,156,"Outer CIn-Odd","GOA",10.1708202178662,0.251378776904026,0.551452620566201,1.11030381045142
"Pink",1997,156,"Outer CIn-Odd","GOA",9.97886169873751,0.0594202577753759,0.235925488015819,-1.3186597987985
"Pink",1999,156,"Outer CIn-Odd","GOA",9.8066589648907,-0.112782476071436,-0.0471285544651313,1.55643267433016
"Pink",2001,156,"Outer CIn-Odd","GOA",9.95900178872622,0.0395603477640783,0.203281245462699,1.11119947871879
"Pink",2003,156,"Outer CIn-Odd","GOA",11.0542984558986,1.13485701493645,2.0036484198587,-0.12412861302186
"Pink",2005,156,"Outer CIn-Odd","GOA",9.80914995303521,-0.110291487926929,-0.0430340534759539,-0.0330178021474523
"Pink",2007,156,"Outer CIn-Odd","GOA",9.38034232763144,-0.5390991133307,-0.747876125990133,1.037787526376
"Pink",2009,156,"Outer CIn-Odd","GOA",9.76365006886996,-0.155791372092177,-0.117823377998788,-0.194043548248586
"Pink",1976,153,"S CIn-Even","GOA",10.5643431923606,0.720360268839863,0.60564781748244,0.844045825000826
"Pink",1978,153,"S CIn-Even","GOA",9.94377035444433,0.0997874309235778,-0.145709386616292,1.30300499317588
"Pink",1980,153,"S CIn-Even","GOA",10.8859386444092,1.04195572088843,0.995018806572806,0.113411162934993
"Pink",1982,153,"S CIn-Even","GOA",10.7265923131596,0.882609389638836,0.802090585071696,0.784829943509451
"Pink",1984,153,"S CIn-Even","GOA",8.79706873676994,-1.04691418675082,-1.5340758582851,0.696191322941173
"Pink",1986,153,"S CIn-Even","GOA",9.50997560674494,-0.334007316775817,-0.670925427135456,-0.575792135494302
"Pink",1988,153,"S CIn-Even","GOA",9.9614339091561,0.117450985635347,-0.124323276442275,0.42001496648485
"Pink",1990,153,"S CIn-Even","GOA",9.16289181059057,-0.681091112930185,-1.09115637301791,-0.554994486704989
"Pink",1992,153,"S CIn-Even","GOA",10.4394543279301,0.595471404409352,0.454438898451033,0.397158028826362
"Pink",1994,153,"S CIn-Even","GOA",9.29048120975494,-0.553501713765811,-0.936677787473191,-0.222618206666318
"Pink",1996,153,"S CIn-Even","GOA",11.2668885751204,1.42290565159966,1.45625310068384,0.746116201351419
"Pink",1998,153,"S CIn-Even","GOA",8.85437555746599,-0.989607366054766,-1.46469175066197,0.563091785984274
"Pink",2000,153,"S CIn-Even","GOA",10.0595296079462,0.215546684425467,-0.00555412401765915,-0.150507640636935
"Pink",2002,153,"S CIn-Even","GOA",10.5594524253498,0.715469501829089,0.599726332037715,0.293249536150113
"Pink",2004,153,"S CIn-Even","GOA",11.6828410517086,1.83885812818782,1.95986665053982,0.323232343581441
"Pink",2006,153,"S CIn-Even","GOA",9.62499752911654,-0.218985394404212,-0.531662886587639,0.198090102431145
"Pink",2008,153,"S CIn-Even","GOA",9.75995343381708,-0.0840294897036763,-0.368265320601858,-0.401979772021157
"Pink",1977,154,"S CIn-Odd","GOA",9.16876471042633,-0.675218213094423,-0.975187601351478,1.69295098356153
"Pink",1979,154,"S CIn-Odd","GOA",9.26430584083904,-0.579677082681712,-0.818675527976478,0.803011286224782
"Pink",1981,154,"S CIn-Odd","GOA",8.63856280933727,-1.20542011418349,-1.84374545165483,0.0353823530784266
"Pink",1983,154,"S CIn-Odd","GOA",10.921012932604,1.07703000908325,1.89528296076152,0.117196746431499
"Pink",1985,154,"S CIn-Odd","GOA",9.03729329325936,-0.806689630261396,-1.19055938941245,-1.37350100965998
"Pink",1987,154,"S CIn-Odd","GOA",9.86019336093555,0.0162104374147981,0.157486161399808,1.82294453407226
"Pink",1989,154,"S CIn-Odd","GOA",10.1563217856667,0.312338862145972,0.642593188496302,-0.917528914213012
"Pink",1991,154,"S CIn-Odd","GOA",9.42497943748127,-0.419003486039482,-0.55546577068698,0.548989133679749
"Pink",1993,154,"S CIn-Odd","GOA",10.1500730622898,0.306090138769091,0.632356752655133,0.699057314991988
"Pink",1995,154,"S CIn-Odd","GOA",10.1022634939714,0.258280570450637,0.554036822460028,-0.0600632039086022
"Pink",1997,154,"S CIn-Odd","GOA",9.91320500590585,0.0692220823850923,0.24432794808874,-1.49048780030389
"Pink",1999,154,"S CIn-Odd","GOA",9.73105921528556,-0.112923708235193,-0.0540567917961959,0.644664141239177
"Pink",2001,154,"S CIn-Odd","GOA",9.90924435312097,0.0652614296002181,0.237839747911483,1.10294103012893
"Pink",2003,154,"S CIn-Odd","GOA",10.962372563102,1.11838963958128,1.96303683278824,0.424597113080586
"Pink",2005,154,"S CIn-Odd","GOA",9.73924379998987,-0.10473912353088,-0.0406490969505118,-0.443975731260548
"Pink",2007,154,"S CIn-Odd","GOA",9.32073338465257,-0.523249538868184,-0.726237937594577,-1.82838828031219
"Pink",2009,154,"S CIn-Odd","GOA",9.68935030156916,-0.154632621951593,-0.122382847137742,0.882142173414968
"Pink",1978,159,"Afognak-Even","GOA",9.69665320714315,0.163069068854804,-0.0547254610418542,1.26117711875178
"Pink",1980,159,"Afognak-Even","GOA",10.5473356088003,1.01375147051191,0.97298459576725,0.308672348343617
"Pink",1982,159,"Afognak-Even","GOA",10.4267511049906,0.893166966702292,0.827306364950349,0.350098488332978
"Pink",1984,159,"Afognak-Even","GOA",8.48581149578094,-1.0477726425074,-1.51754425398601,1.23169651408937
"Pink",1986,159,"Afognak-Even","GOA",9.29319903850555,-0.240385099782796,-0.54213874920054,1.62293339390898
"Pink",1988,159,"Afognak-Even","GOA",9.61937456130981,0.0857904230214635,-0.148085851881967,0.0878732243064201
"Pink",1990,159,"Afognak-Even","GOA",8.97495699723561,-0.558627141052732,-0.926607201440138,1.14017785557437
"Pink",1992,159,"Afognak-Even","GOA",10.1557530085246,0.622168870236235,0.49991335838084,0.635252965588773
"Pink",1994,159,"Afognak-Even","GOA",9.0542710463206,-0.479313091967748,-0.830787838382778,-0.929119424757801
"Pink",1996,159,"Afognak-Even","GOA",10.9964960972468,1.46291195895846,1.51561572366952,2.25250899808355
"Pink",1998,159,"Afognak-Even","GOA",8.52770898540815,-1.0058751528802,-1.46692786488351,-0.748306047561525
"Pink",2000,159,"Afognak-Even","GOA",9.78411691983541,0.250532781547064,0.0509395168213292,0.465677792516594
"Pink",2002,159,"Afognak-Even","GOA",10.2156663020452,0.682082163756841,0.572294653876949,1.70414611606539
"Pink",2004,159,"Afognak-Even","GOA",11.3485222419103,1.81493810362196,1.9408987769285,0.940834920047926
"Pink",2006,159,"Afognak-Even","GOA",9.33845590353012,-0.195128234758226,-0.487463896123997,0.823690838454231
"Pink",2008,159,"Afognak-Even","GOA",9.40615888436635,-0.127425253921995,-0.40567187345395,2.04148641952992
"Pink",1979,160,"Afognak-Odd","GOA",8.91549311876297,-0.618091019525373,-0.922932456885553,1.16351780594642
"Pink",1981,160,"Afognak-Odd","GOA",8.26922563711802,-1.26435850117033,-1.95754256848271,-0.463327400346992
"Pink",1983,160,"Afognak-Odd","GOA",10.5933342218399,1.05975008355156,1.7631246637331,1.22748929211152
"Pink",1985,160,"Afognak-Odd","GOA",8.6816989103953,-0.851885227893043,-1.29721378602557,0.00599162966826676
"Pink",1987,160,"Afognak-Odd","GOA",9.55782785415649,0.0242437158681439,0.105381718193603,1.28457026525723
"Pink",1989,160,"Afognak-Odd","GOA",9.81236135164897,0.278777213360623,0.512864591346399,-0.432384534200201
"Pink",1991,160,"Afognak-Odd","GOA",9.2094411055247,-0.324143032763647,-0.452350897353542,1.70845086105398
"Pink",1993,160,"Afognak-Odd","GOA",9.80582252343496,0.272238385146614,0.502396576197329,1.79754233052057
"Pink",1995,160,"Afognak-Odd","GOA",9.83144173622131,0.297857597932968,0.543410393777095,-0.241443904507182
"Pink",1997,160,"Afognak-Odd","GOA",9.70648833115896,0.172904192870613,0.34337239089483,0.756217629238928
"Pink",1999,160,"Afognak-Odd","GOA",9.43836543560028,-0.095218702688065,-0.0858657601407733,0.167643423956465
"Pink",2001,160,"Afognak-Odd","GOA",9.7542193253835,0.220635187095155,0.419784976494219,1.47355122338859
"Pink",2003,160,"Afognak-Odd","GOA",10.6325012763341,1.09891713804578,1.82582723158946,0.717766072963444
"Pink",2005,160,"Afognak-Odd","GOA",9.46064271529516,-0.0729414229931892,-0.0502020458339181,1.03920841135757
"Pink",2007,160,"Afognak-Odd","GOA",8.97710640827814,-0.556477730010202,-0.824295694010055,2.75731196843402
"Pink",2009,160,"Afognak-Odd","GOA",9.22605148156484,-0.307532656723505,-0.425759333493915,1.17364842437815
"Pink",1978,165,"E Kod-Even","GOA",9.50456139114168,0.23827500191136,0.0301495296652595,0.931486967701465
"Pink",1980,165,"E Kod-Even","GOA",10.2217016418775,0.955415252647174,0.925590920504151,0.232408673307604
"Pink",1982,165,"E Kod-Even","GOA",10.0881378650665,0.821851475836205,0.75881945013891,0.2815085563039
"Pink",1984,165,"E Kod-Even","GOA",8.24102420608202,-1.0252621831483,-1.54753836779356,0.550972691779403
"Pink",1986,165,"E Kod-Even","GOA",9.07531133625242,-0.190975052977899,-0.505824104185764,1.17702163179274
"Pink",1988,165,"E Kod-Even","GOA",9.33520478010177,0.0689183908714499,-0.181313875410303,-0.194531147304911
"Pink",1990,165,"E Kod-Even","GOA",8.80643138620588,-0.459855003024436,-0.841555136144056,0.518412004730564
"Pink",1992,165,"E Kod-Even","GOA",9.9176975886027,0.651411199372384,0.546002950081723,0.93686612959061
"Pink",1994,165,"E Kod-Even","GOA",8.85354744725757,-0.412738941972748,-0.782724703469714,-0.991946093118066
"Pink",1996,165,"E Kod-Even","GOA",10.7601062787904,1.49381988956005,1.59785802086103,1.18021453770708
"Pink",1998,165,"E Kod-Even","GOA",8.27408113247819,-0.992205256752136,-1.50626256418518,-0.0946610398918839
"Pink",2000,165,"E Kod-Even","GOA",9.53740720616447,0.271120816934144,0.071161733703537,0.742991384637237
"Pink",2002,165,"E Kod-Even","GOA",9.88384084569083,0.61755445646051,0.503728473183826,0.904381646598331
"Pink",2004,165,"E Kod-Even","GOA",11.0195290711191,1.75324268188878,1.92178058097365,0.660604133114035
"Pink",2006,165,"E Kod-Even","GOA",9.08168254627122,-0.184603842959102,-0.497868833017113,-0.808433619805401
"Pink",2008,165,"E Kod-Even","GOA",9.08637950817744,-0.179906881052882,-0.492004074906398,0.380523748075735
"Pink",1979,166,"E Kod-Odd","GOA",8.64968823393186,-0.61659815529846,-0.909996671215411,0.930238238881534
"Pink",1981,166,"E Kod-Odd","GOA",7.98917075660493,-1.27711563262539,-1.96609103375936,0.384596237235511
"Pink",1983,166,"E Kod-Odd","GOA",10.2752582099703,1.00897182073994,1.68910985744519,0.679692288225762
"Pink",1985,166,"E Kod-Odd","GOA",8.41279144750701,-0.853494941723311,-1.28876842099642,0.300981501212709
"Pink",1987,166,"E Kod-Odd","GOA",9.237986266613,-0.0283001226173161,0.0306267901418929,1.38371751448878
"Pink",1989,166,"E Kod-Odd","GOA",9.48583131366306,0.21954492443274,0.426903597279956,0.451096748823963
"Pink",1991,166,"E Kod-Odd","GOA",9.06917375326156,-0.197112635968757,-0.23928574025598,1.22789708861545
"Pink",1993,166,"E Kod-Odd","GOA",9.50858568482929,0.242299295598972,0.46328531909168,1.67620096895137
"Pink",1995,166,"E Kod-Odd","GOA",9.61445754104191,0.348171151811586,0.63256270286462,-0.590868331439527
"Pink",1997,166,"E Kod-Odd","GOA",9.47878089216021,0.212494502929886,0.415630753398738,0.879016207720272
"Pink",1999,166,"E Kod-Odd","GOA",9.196632332272,-0.0696540569583205,-0.0354935752166312,0.12949593648022
"Pink",2001,166,"E Kod-Odd","GOA",9.59424522187974,0.327958832649422,0.600245440939188,0.982210208601221
"Pink",2003,166,"E Kod-Odd","GOA",10.3301839696036,1.06389758037332,1.7769300697763,0.922788077279285
"Pink",2005,166,"E Kod-Odd","GOA",9.19907963607046,-0.0672067531598554,-0.0315806072275766,0.826653933053665
"Pink",2007,166,"E Kod-Odd","GOA",8.66530523366398,-0.600981155566341,-0.885026816604315,1.7470020916003
"Pink",2009,166,"E Kod-Odd","GOA",8.79412912660175,-0.472157262628573,-0.679051665661863,0.906205156204131
"Pink",1976,157,"Kamishak-Even","GOA",9.94862124553094,0.669597551807589,0.499575139348356,0.824175442966349
"Pink",1978,157,"Kamishak-Even","GOA",9.42312039320286,0.144096699479512,-0.152103903304192,2.70138089431022
"Pink",1980,157,"Kamishak-Even","GOA",10.3223378749994,1.04331418127607,0.963024997205693,-1.18975936707588
"Pink",1982,157,"Kamishak-Even","GOA",10.2337325948935,0.954708901170178,0.853144672830274,1.0649012313258
"Pink",1984,157,"Kamishak-Even","GOA",8.20985271838995,-1.0691709753334,-1.6566896966489,2.61355749246029
"Pink",1986,157,"Kamishak-Even","GOA",9.1505405994562,-0.128483094267151,-0.490132925042781,-2.45848249815625
"Pink",1988,157,"Kamishak-Even","GOA",9.36112960943808,0.0821059157147378,-0.228979315471722,-1.00828609924477
"Pink",1990,157,"Kamishak-Even","GOA",8.83566139753048,-0.443362296192869,-0.880617880401219,-0.540603767417676
"Pink",1992,157,"Kamishak-Even","GOA",9.88879665961633,0.609772965892979,0.425386051541552,-0.0856838692918162
"Pink",1994,157,"Kamishak-Even","GOA",8.872316131225,-0.406707562498345,-0.835161965997072,1.31807031209114
"Pink",1996,157,"Kamishak-Even","GOA",10.7543230240162,1.47529933029282,1.49873424887328,1.48302343140012
"Pink",1998,157,"Kamishak-Even","GOA",8.23903838258523,-1.03998531113811,-1.62049625258939,0.32798230123301
"Pink",2000,157,"Kamishak-Even","GOA",9.60744890799889,0.328425214275547,0.0764837945533402,2.25241679652789
"Pink",2002,157,"Kamishak-Even","GOA",10.0113731668546,0.73234947313122,0.577394446075686,-2.60413584675581
"Pink",2004,157,"Kamishak-Even","GOA",11.0994075811826,1.82038388745929,1.92667717770421,1.73228890551959
"Pink",2006,157,"Kamishak-Even","GOA",9.15548309454551,-0.123540599177836,-0.484003685758296,-1.14985746375775
"Pink",2008,157,"Kamishak-Even","GOA",9.16497320395249,-0.114050489770855,-0.472234902918818,-1.32708555568929
"Pink",1977,158,"Kamishak-Odd","GOA",8.57948019412848,-0.699543499594869,-0.992243770285847,1.23412342761807
"Pink",1979,158,"Kamishak-Odd","GOA",8.57743296256432,-0.701590731159024,-0.995443606449262,-0.162778097569719
"Pink",1981,158,"Kamishak-Odd","GOA",7.97375046289884,-1.30527323082451,-1.93900325425469,-2.47315563325248
"Pink",1983,158,"Kamishak-Odd","GOA",10.3134402403465,1.03441654662312,1.71794698632003,0.744680830675128
"Pink",1985,158,"Kamishak-Odd","GOA",8.39044028749833,-0.88858340622502,-1.28771436587203,2.01642393338297
"Pink",1987,158,"Kamishak-Odd","GOA",9.44985869756111,0.170835003837765,0.368163454722974,2.1787132707011
"Pink",1989,158,"Kamishak-Odd","GOA",9.57624417543411,0.297220481710768,0.565704773306255,-1.29076208952729
"Pink",1991,158,"Kamishak-Odd","GOA",8.98204379815322,-0.296979895570131,-0.363034255941228,0.501537219378214
"Pink",1993,158,"Kamishak-Odd","GOA",9.52899107566247,0.249967381939122,0.491847873026795,1.27225041498536
"Pink",1995,158,"Kamishak-Odd","GOA",9.57557706649487,0.296553372771519,0.564662077723537,-0.661728880638548
"Pink",1997,158,"Kamishak-Odd","GOA",9.532386807295,0.253363113571648,0.497155423510706,-2.88219121556929
"Pink",1999,158,"Kamishak-Odd","GOA",9.20892649888992,-0.0700971948334227,-0.00841512863689541,1.56704553266314
"Pink",2001,158,"Kamishak-Odd","GOA",9.66313785773057,0.384114164007222,0.7015201602184,2.50992774923012
"Pink",2003,158,"Kamishak-Odd","GOA",10.3386347660652,1.05961107234181,1.75732619281835,-1.02277280498495
"Pink",2005,158,"Kamishak-Odd","GOA",9.24008660133068,-0.038937092392662,0.0402883128259219,1.29357954944749
"Pink",2007,158,"Kamishak-Odd","GOA",8.75311420055536,-0.525909493167989,-0.720852696266016,0.321595965696187
"Pink",2009,158,"Kamishak-Odd","GOA",8.95973172096106,-0.31929197276229,-0.397908176767005,-4.82732805381063
"Pink",1978,163,"Alitak-Even","GOA",9.31297782725758,0.246368882182528,0.00296142347620908,0.85479739188765
"Pink",1980,163,"Alitak-Even","GOA",10.0333139830165,0.966705037941491,0.897815699511643,0.338951235274036
"Pink",1982,163,"Alitak-Even","GOA",9.95722223321597,0.890613288140912,0.803288960661051,0.12654774887727
"Pink",1984,163,"Alitak-Even","GOA",8.0094896654288,-1.05711927964626,-1.61632694078072,0.823278229874143
"Pink",1986,163,"Alitak-Even","GOA",8.97125030226177,-0.0953586428132792,-0.421557510547461,0.260820203280607
"Pink",1988,163,"Alitak-Even","GOA",9.1295068860054,0.0628979409303446,-0.22495960338767,-0.476176488352816
"Pink",1990,163,"Alitak-Even","GOA",8.71282961302333,-0.353779332051722,-0.74258659805369,0.870305618632332
"Pink",1992,163,"Alitak-Even","GOA",9.72379618883133,0.657187243756278,0.513310049723916,1.79947100664968
"Pink",1994,163,"Alitak-Even","GOA",8.72173463304838,-0.344874312026676,-0.731524130643322,0.340519503716447
"Pink",1996,163,"Alitak-Even","GOA",10.5799339678552,1.51332502278019,1.57686703809669,1.4695435784035
"Pink",1998,163,"Alitak-Even","GOA",8.04019828140736,-1.0264106636677,-1.57817845121811,-0.924711421992001
"Pink",2000,163,"Alitak-Even","GOA",9.39160666863124,0.324997723556182,0.100639923105027,1.86562131782651
"Pink",2002,163,"Alitak-Even","GOA",9.73030931750933,0.663700372434279,0.521401134700398,-0.132010876579153
"Pink",2004,163,"Alitak-Even","GOA",10.8371390302976,1.77053008522255,1.89638598505557,0.828613730894805
"Pink",2006,163,"Alitak-Even","GOA",8.94853644900852,-0.118072496066534,-0.449774320916366,-0.495829438256952
"Pink",2008,163,"Alitak-Even","GOA",8.86965819531017,-0.196950749764887,-0.547762658783163,0.810380640296106
"Pink",1979,164,"Alitak-Odd","GOA",8.38913258579042,-0.67747635928463,-0.989234082974878,1.07178492254488
"Pink",1981,164,"Alitak-Odd","GOA",7.74369420939021,-1.32291473568484,-1.98712284075458,0.613237797331643
"Pink",1983,164,"Alitak-Odd","GOA",10.0452736020088,0.978664656933766,1.57126520217678,1.10465460312407
"Pink",1985,164,"Alitak-Odd","GOA",8.15982800225417,-0.906780942820886,-1.34375354507191,0.15772019994787
"Pink",1987,164,"Alitak-Odd","GOA",9.12290415830082,0.0562952132257692,0.14522341096942,1.77057223600861
"Pink",1989,164,"Alitak-Odd","GOA",9.30011788672871,0.233508941653659,0.419207099867343,-0.493516561687502
"Pink",1991,164,"Alitak-Odd","GOA",8.89707899093628,-0.169529954138776,-0.203916652553964,1.74622255450798
"Pink",1993,164,"Alitak-Odd","GOA",9.28310592969259,0.216496984617538,0.392905532909307,2.04272295874417
"Pink",1995,164,"Alitak-Odd","GOA",9.40173918008804,0.335130235012992,0.576320079048849,-1.35211185137535
"Pink",1997,164,"Alitak-Odd","GOA",9.36431986093521,0.29771091586016,0.518467433046238,1.17911186073701
"Pink",1999,164,"Alitak-Odd","GOA",9.01792874932289,-0.0486801957521618,-0.017075244165784,0.433060114054051
"Pink",2001,164,"Alitak-Odd","GOA",9.54701209068298,0.480403145607924,0.8009212332305,0.402857544701084
"Pink",2003,164,"Alitak-Odd","GOA",10.1266120539771,1.06000310890207,1.69701961927089,1.10242980747674
"Pink",2005,164,"Alitak-Odd","GOA",9.03926590416166,-0.0273430409133882,0.015913353530202,-0.245403847243136
"Pink",2007,164,"Alitak-Odd","GOA",8.46999918752246,-0.596609757552592,-0.86420917633962,2.47605664633789
"Pink",2009,164,"Alitak-Odd","GOA",8.55555695957608,-0.511051985498977,-0.731931422188786,1.20209433812665
"Pink",1978,161,"W Kod-Even","GOA",9.26139349446577,0.240904609826572,-0.0104869254716927,1.10432762317791
"Pink",1980,161,"W Kod-Even","GOA",9.99240253252142,0.971913647882216,0.899226994300484,0.389691140912323
"Pink",1982,161,"W Kod-Even","GOA",9.91410527159186,0.893616386952656,0.801788926589161,0.754621001632562
"Pink",1984,161,"W Kod-Even","GOA",7.96297377347946,-1.05751511115974,-1.62632261613526,0.756245094127171
"Pink",1986,161,"W Kod-Even","GOA",8.94550653766183,-0.07498234697737,-0.403596650138522,0.87109524687321
"Pink",1988,161,"W Kod-Even","GOA",9.0821917477776,0.061702863138397,-0.233496922507203,1.25358553989981
"Pink",1990,161,"W Kod-Even","GOA",8.682445908294,-0.3380429763452,-0.730965949041402,-0.563141971424295
"Pink",1992,161,"W Kod-Even","GOA",9.67583553230062,0.655346647661414,0.505270980559018,0.526890852694718
"Pink",1994,161,"W Kod-Even","GOA",8.68845638457467,-0.332032500064534,-0.723486131895056,0.576891725968966
"Pink",1996,161,"W Kod-Even","GOA",10.5331870738198,1.51269818918058,1.57221350911193,1.56209024339266
"Pink",1998,161,"W Kod-Even","GOA",7.99056037909844,-1.02992850554076,-1.591992097873,0.460996784767351
"Pink",2000,161,"W Kod-Even","GOA",9.36480034098906,0.344311456349855,0.118199099987291,1.2650282063294
"Pink",2002,161,"W Kod-Even","GOA",9.69409567818922,0.67360679355002,0.527995061968625,0.943724886889428
"Pink",2004,161,"W Kod-Even","GOA",10.7886935893227,1.76820470468351,1.8901819905465,0.871639921664103
"Pink",2006,161,"W Kod-Even","GOA",8.91661153120153,-0.103877353437669,-0.439555425229399,0.569246569157956
"Pink",2008,161,"W Kod-Even","GOA",8.82386599218144,-0.196622892457762,-0.55497384477147,0.555730434540082
"Pink",1979,162,"W Kod-Odd","GOA",8.32726946297814,-0.693219421661061,-1.01596150442805,0.959717488689194
"Pink",1981,162,"W Kod-Odd","GOA",7.69327019593294,-1.32721868870626,-1.99343902728832,0.544255600247716
"Pink",1983,162,"W Kod-Odd","GOA",9.99779364641975,0.977304761780547,1.55959327234469,0.853887670066259
"Pink",1985,162,"W Kod-Odd","GOA",8.11364452453221,-0.906844360106996,-1.34532083732839,0.7605323346588
"Pink",1987,162,"W Kod-Odd","GOA",9.10494020055322,0.0844513159140177,0.183023582271763,2.07087171505664
"Pink",1989,162,"W Kod-Odd","GOA",9.25639561695211,0.235906732312912,0.416532157029796,-0.145331038161971
"Pink",1991,162,"W Kod-Odd","GOA",8.85716837293961,-0.16332051169959,-0.198982209973174,1.54173016291852
"Pink",1993,162,"W Kod-Odd","GOA",9.2317531599718,0.211264275332602,0.378539293223241,2.30986621349218
"Pink",1995,162,"W Kod-Odd","GOA",9.35820323579452,0.337714351155316,0.573495523151923,0.410799115668997
"Pink",1997,162,"W Kod-Odd","GOA",9.32689419213463,0.306405307495434,0.525224353088245,1.33360587989982
"Pink",1999,162,"W Kod-Odd","GOA",8.97881067851011,-0.0416782061290963,-0.0114384292394631,1.18437324124373
"Pink",2001,162,"W Kod-Odd","GOA",9.52557589026058,0.505087005621377,0.831544729493307,1.2242258386046
"Pink",2003,162,"W Kod-Odd","GOA",10.0696413166383,1.04915243199907,1.67036545515145,1.32008628944363
"Pink",2005,162,"W Kod-Odd","GOA",8.9989358326968,-0.0215530519423985,0.019589817769838,1.67635335854748
"Pink",2007,162,"W Kod-Odd","GOA",8.43240354341619,-0.588085341223013,-0.853869518117521,1.36875314531653
"Pink",2009,162,"W Kod-Odd","GOA",8.5069758050582,-0.513513079581002,-0.738896657149334,-0.16499365392031
"Pink",1978,167,"Mainland Kod-Even","GOA",9.25944266716639,0.187551631285179,-0.0836776786427949,1.09624578700691
"Pink",1980,167,"Mainland Kod-Even","GOA",10.0965767065684,1.02468567068719,0.938740609780363,0.430311106694695
"Pink",1982,167,"Mainland Kod-Even","GOA",10.0350020607312,0.963111024850032,0.863537546657927,0.242047705953363
"Pink",1984,167,"Mainland Kod-Even","GOA",7.99715234041214,-1.07473869546908,-1.62535279233797,0.699189495015908
"Pink",1986,167,"Mainland Kod-Even","GOA",9.00515424410502,-0.0667367917761963,-0.394248175164419,1.09636130291179
"Pink",1988,167,"Mainland Kod-Even","GOA",9.13916183312734,0.0672707972461198,-0.230580466822536,0.18859116980755
"Pink",1990,167,"Mainland Kod-Even","GOA",8.71650832891464,-0.355382706966576,-0.746780563860612,-0.234749097434518
"Pink",1992,167,"Mainland Kod-Even","GOA",9.70204898516337,0.630157949282159,0.456891421157522,0.0534389621555603
"Pink",1994,167,"Mainland Kod-Even","GOA",8.72274202108383,-0.349149014797384,-0.73916715838646,0.276753001919591
"Pink",1996,167,"Mainland Kod-Even","GOA",10.561123919487,1.48923288360578,1.50610681873688,1.00481259541136
"Pink",1998,167,"Mainland Kod-Even","GOA",8.01652927597364,-1.05536175990758,-1.60168712786944,-0.182768584070062
"Pink",2000,167,"Mainland Kod-Even","GOA",9.42953338623047,0.357642350349255,0.124059498053999,0.436986342417943
"Pink",2002,167,"Mainland Kod-Even","GOA",9.80390155712764,0.732010521246419,0.58128718981314,-0.0554388809544617
"Pink",2004,167,"Mainland Kod-Even","GOA",10.8754429419835,1.80355190610233,1.88999458565808,0.545531806983153
"Pink",2006,167,"Mainland Kod-Even","GOA",8.97410363356273,-0.0977874023184913,-0.432171268230644,-0.324380893291043
"Pink",2008,167,"Mainland Kod-Even","GOA",8.91287442445755,-0.159016611423668,-0.506952438543031,0.324941194704257
"Pink",1979,168,"Mainland Kod-Odd","GOA",8.35209027131399,-0.719800764567231,-1.06427206328958,0.195684898577689
"Pink",1981,168,"Mainland Kod-Odd","GOA",7.73625240723292,-1.3356386286483,-2.00558873602338,-0.464390892340778
"Pink",1983,168,"Mainland Kod-Odd","GOA",10.0800932725271,1.00820223664584,1.57700436748503,0.848179306015009
"Pink",1985,168,"Mainland Kod-Odd","GOA",8.1501200457414,-0.921770990139818,-1.3729863399133,0.386211529142029
"Pink",1987,168,"Mainland Kod-Odd","GOA",9.24252353111903,0.17063249523781,0.296767460744708,2.01540603866152
"Pink",1989,168,"Mainland Kod-Odd","GOA",9.35392315785091,0.282032121969688,0.467043327324478,-0.835300715742231
"Pink",1991,168,"Mainland Kod-Odd","GOA",8.84115619659424,-0.23073483928698,-0.316728048243959,0
"Pink",1993,168,"Mainland Kod-Odd","GOA",9.29696458180746,0.225073545926243,0.379981357913301,0.888455932880711
"Pink",1995,168,"Mainland Kod-Odd","GOA",9.37843009630839,0.306539060427173,0.50450252090965,0.448783982827007
"Pink",1997,168,"Mainland Kod-Odd","GOA",9.38844647407532,0.316555438194102,0.519812692534903,-0.0314795969193956
"Pink",1999,168,"Mainland Kod-Odd","GOA",9.02145148515701,-0.0504395507242035,-0.0411442119159746,-0.0244510958641643
"Pink",2001,168,"Mainland Kod-Odd","GOA",9.57272355556487,0.500832519683656,0.801482754293248,0.990152973592926
"Pink",2003,168,"Mainland Kod-Odd","GOA",10.128683368365,1.05679233248376,1.65127499943167,-0.778219363230258
"Pink",2005,168,"Mainland Kod-Odd","GOA",9.06161684989929,-0.0102741859819236,0.0202491023044145,1.01309881573569
"Pink",2007,168,"Mainland Kod-Odd","GOA",8.51676347255706,-0.555127563324152,-0.812566802987248,0.862152961378128
"Pink",2009,168,"Mainland Kod-Odd","GOA",8.65266962051392,-0.4192214153673,-0.604832380567956,-0.0772579929178295
"Pink",1962,173,"E Chig-Even","GOA",8.09933349117637,-0.470858754156385,-0.442334737364093,1.53111971478053
"Pink",1964,173,"E Chig-Even","GOA",7.11792273446918,-1.45226951086358,-1.46152886897314,0.127985250350483
"Pink",1966,173,"E Chig-Even","GOA",8.98680097609759,0.416608730764833,0.479299396400963,1.10641324016594
"Pink",1968,173,"E Chig-Even","GOA",8.16037741675973,-0.409814828573024,-0.378940679066133,0.187092802106693
"Pink",1970,173,"E Chig-Even","GOA",6.42546257097274,-2.14472967436001,-2.18064808606478,-1.94640605781827
"Pink",1972,173,"E Chig-Even","GOA",7.58645931631327,-0.983732929019488,-0.974954077127717,1.57488553092744
"Pink",1974,173,"E Chig-Even","GOA",7.20447377860546,-1.36571846672729,-1.37164569246883,1.2180465315376
"Pink",1976,173,"E Chig-Even","GOA",9.10278013534844,0.532587890015688,0.599743642288405,0.548818445122228
"Pink",1978,173,"E Chig-Even","GOA",8.87483607977629,0.304643834443533,0.363023958724127,1.06586952440663
"Pink",1980,173,"E Chig-Even","GOA",9.53798712044954,0.96779487511679,1.05170567981338,-0.0856474960464616
"Pink",1982,173,"E Chig-Even","GOA",9.52524092420935,0.9550486788766,1.03846876721633,0.590574373197853
"Pink",1984,173,"E Chig-Even","GOA",7.48116726055741,-1.08902498477534,-1.08429977626339,0.259014522464441
"Pink",1986,173,"E Chig-Even","GOA",8.67042502760887,0.100232782276119,0.150743276674077,1.24253394989112
"Pink",1988,173,"E Chig-Even","GOA",8.60628350824117,0.0360912629084191,0.084132370195546,-0.16558474132672
"Pink",1990,173,"E Chig-Even","GOA",8.43523951247334,-0.134952732859412,-0.0934966557165332,0.615271572949859
"Pink",1992,173,"E Chig-Even","GOA",9.24692943692207,0.676737191589319,0.749442554018613,-0.408292863918587
"Pink",1994,173,"E Chig-Even","GOA",8.39318329095841,-0.177008954374345,-0.137172001511075,0.21165747444877
"Pink",1996,173,"E Chig-Even","GOA",10.0982700847089,1.52807783937618,1.63355900199381,0.234722163831401
"Pink",1998,173,"E Chig-Even","GOA",7.50566253624856,-1.06452970908419,-1.05886145590064,-0.438522010263159
"Pink",2000,173,"E Chig-Even","GOA",9.0268578492105,0.456665603877745,0.520898420793426,-0.0415443679467327
"Pink",2002,173,"E Chig-Even","GOA",9.31616089865565,0.745968653322898,0.821339360772924,-0.256262385493204
"Pink",2004,173,"E Chig-Even","GOA",10.3121159076691,1.74192366233632,1.85563768448282,-0.781812267511465
"Pink",2006,173,"E Chig-Even","GOA",8.59000586718321,0.0198136218504534,0.0672280555349041,1.43071284046713
"Pink",2008,173,"E Chig-Even","GOA",8.30250613763928,-0.267686107693473,-0.231340138452987,-0.393704708242385
"Pink",1963,174,"E Chig-Odd","GOA",7.80501623079181,-0.765176014540949,-0.742020057746852,-0.332518099401232
"Pink",1965,174,"E Chig-Odd","GOA",7.78457156941295,-0.785620675919805,-0.770605259842268,0.194337552065128
"Pink",1967,174,"E Chig-Odd","GOA",8.97045897692442,0.400266731591664,0.887472151074511,-0.162204414634355
"Pink",1969,174,"E Chig-Odd","GOA",7.84217773936689,-0.728014505965863,-0.690061787902972,0.122602322092332
"Pink",1971,174,"E Chig-Odd","GOA",6.93332641292363,-1.63686583240912,-1.96079444322273,-0.40764138753076
"Pink",1973,174,"E Chig-Odd","GOA",8.47001058980823,-0.100181655524524,0.187758029184688,0.607555250224542
"Pink",1975,174,"E Chig-Odd","GOA",7.59876236878335,-0.9714298765494,-1.0303989268911,1.17636104154249
"Pink",1977,174,"E Chig-Odd","GOA",7.87662018090487,-0.693572064427887,-0.641905247974128,1.85691457655308
"Pink",1979,174,"E Chig-Odd","GOA",7.80519293248653,-0.764999312846219,-0.741772997961373,0.523588910309602
"Pink",1981,174,"E Chig-Odd","GOA",7.18777718022465,-1.3824150651081,-1.6050278950834,-1.05033938818537
"Pink",1983,174,"E Chig-Odd","GOA",9.44263344630599,0.872441200973236,1.54765440508468,1.55242178297004
"Pink",1985,174,"E Chig-Odd","GOA",7.59231635741889,-0.97787588791386,-1.03941157494371,0.0259636389945005
"Pink",1987,174,"E Chig-Odd","GOA",8.75013437494636,0.179942129613602,0.579419933557797,1.40763278690134
"Pink",1989,174,"E Chig-Odd","GOA",8.77906231582165,0.208870070488897,0.619866239847797,-1.75075696886602
"Pink",1991,174,"E Chig-Odd","GOA",8.48789365217089,-0.0822985931618613,0.212761669120261,1.53031677997964
"Pink",1993,174,"E Chig-Odd","GOA",8.72500660642982,0.154814361097067,0.544286930964033,0.987007952801931
"Pink",1995,174,"E Chig-Odd","GOA",8.89236433058977,0.322172085257018,0.778282216026011,-0.0284528536051829
"Pink",1997,174,"E Chig-Odd","GOA",9.00891224294901,0.438719997616257,0.941236523111436,-0.674953821531315
"Pink",1999,174,"E Chig-Odd","GOA",8.59662660211325,0.0264343567804924,0.364789295840817,0.935540450695123
"Pink",2001,174,"E Chig-Odd","GOA",9.37791258096694,0.807720335634191,1.45716334821542,-0.0429959708683546
"Pink",2003,174,"E Chig-Odd","GOA",9.59682995826006,1.02663771292731,1.76324802020681,-1.01091917743453
"Pink",2005,174,"E Chig-Odd","GOA",8.61896983161569,0.0487775862829346,0.396029027277606,0.173104163743175
"Pink",2007,174,"E Chig-Odd","GOA",7.97370565496385,-0.596486590368905,-0.506162823823471,0.266557813967274
"Pink",2009,174,"E Chig-Odd","GOA",7.94106026366353,-0.629131981669221,-0.551806774119882,0.187493536256656
"Pink",1962,171,"Central Chig-Even","GOA",7.86634386526911,-0.528334083155107,-0.509827792253202,0.883580365568627
"Pink",1964,171,"Central Chig-Even","GOA",6.95357883133386,-1.44109911709035,-1.45091430056243,-0.493933756095773
"Pink",1966,171,"Central Chig-Even","GOA",8.86990394717769,0.475225998753472,0.524870972762018,0.577259312794121
"Pink",1968,171,"Central Chig-Even","GOA",8.04782381496932,-0.346854133454903,-0.322716842729673,0.292963110753395
"Pink",1970,171,"Central Chig-Even","GOA",6.19250399070351,-2.20217395772071,-2.23560393886167,-2.74496714492985
"Pink",1972,171,"Central Chig-Even","GOA",7.40429750241731,-0.990380446006904,-0.98621063134871,2.3312038982997
"Pink",1974,171,"Central Chig-Even","GOA",7.06255336341105,-1.33212458501317,-1.33855848271849,2.13162729485041
"Pink",1976,171,"Central Chig-Even","GOA",8.91710586453739,0.522427916113174,0.573537481602775,0.900407685701152
"Pink",1978,171,"Central Chig-Even","GOA",8.74471378326416,0.350035834839942,0.395796380888024,0.720833475928651
"Pink",1980,171,"Central Chig-Even","GOA",9.37489178306178,0.980213834637563,1.04552768236655,0.0709252754915621
"Pink",1982,171,"Central Chig-Even","GOA",9.36158339914522,0.966905450721006,1.03180636298464,1.6885960556979
"Pink",1984,171,"Central Chig-Even","GOA",7.29568358314665,-1.09899436527757,-1.0981946472126,0.568855643462774
"Pink",1986,171,"Central Chig-Even","GOA",8.53791224329095,0.143234294866733,0.182578157215176,1.47863571143041
"Pink",1988,171,"Central Chig-Even","GOA",8.42415264405702,0.0294746956328009,0.0652888000975429,0.52434838034427
"Pink",1990,171,"Central Chig-Even","GOA",8.31050111118116,-0.0841768372430613,-0.0518891375552761,1.1806940893608
"Pink",1992,171,"Central Chig-Even","GOA",9.08555150973169,0.690873561307476,0.747209695351322,0.217044561273827
"Pink",1994,171,"Central Chig-Even","GOA",8.26728699081823,-0.127390957605989,-0.0964441151563218,0.365423040407452
"Pink",1996,171,"Central Chig-Even","GOA",9.90040631356992,1.50572836514571,1.5873479933939,0.628764980677491
"Pink",1998,171,"Central Chig-Even","GOA",7.35133798028293,-1.04333996814129,-1.04081339319236,0.682941174540077
"Pink",2000,171,"Central Chig-Even","GOA",8.88732755811591,0.49264960969169,0.542835207335392,-0.346315181043385
"Pink",2002,171,"Central Chig-Even","GOA",9.19282948657086,0.798151538146642,0.857816316867908,1.09758947358206
"Pink",2004,171,"Central Chig-Even","GOA",10.1235136985779,1.72883575015367,1.81737800345018,-0.79633970645904
"Pink",2006,171,"Central Chig-Even","GOA",8.42597379653077,0.0312958481065548,0.067166459691091,2.59978906868336
"Pink",2008,171,"Central Chig-Even","GOA",8.06211111576933,-0.332566832654884,-0.307986232415773,0.694667486272789
"Pink",1963,172,"Central Chig-Odd","GOA",7.64028047260485,-0.754397475819368,-0.718835881821643,0.379205393524609
"Pink",1965,172,"Central Chig-Odd","GOA",7.64946904307918,-0.745208905345041,-0.706050209168384,-0.391130649159077
"Pink",1967,172,"Central Chig-Odd","GOA",8.71524846867511,0.320570520250892,0.776955977084516,1.34490914495704
"Pink",1969,172,"Central Chig-Odd","GOA",7.65994309437902,-0.734734854045194,-0.691475821166741,0.314265243319782
"Pink",1971,172,"Central Chig-Odd","GOA",6.73276606829543,-1.66191188012879,-1.98162013471896,-0.392844548699117
"Pink",1973,172,"Central Chig-Odd","GOA",8.28231947045577,-0.112358477968443,0.174545790559712,0.13924214681637
"Pink",1975,172,"Central Chig-Odd","GOA",7.37647848380239,-1.01819946462183,-1.08590994231133,2.4946444368032
"Pink",1977,172,"Central Chig-Odd","GOA",7.74777984305432,-0.646898105369897,-0.569253118666202,1.06762174661842
"Pink",1979,172,"Central Chig-Odd","GOA",7.64687275572827,-0.747805192695948,-0.709662879961435,-0.0359133266379987
"Pink",1981,172,"Central Chig-Odd","GOA",7.0114307497677,-1.38324719865652,-1.59386499834776,-1.40019444276346
"Pink",1983,172,"Central Chig-Odd","GOA",9.19833068471206,0.80365273628784,1.44915314813702,0.758551803795516
"Pink",1985,172,"Central Chig-Odd","GOA",7.40472083813266,-0.989957110291562,-1.04661139217962,2.29538354833175
"Pink",1987,172,"Central Chig-Odd","GOA",8.56406875660545,0.169390808181231,0.566593079424076,1.18563677228587
"Pink",1989,172,"Central Chig-Odd","GOA",8.59070231726295,0.196024368838736,0.603653032232732,0.556466648550427
"Pink",1991,172,"Central Chig-Odd","GOA",8.31547274401313,-0.0792052044110872,0.220677765524984,0.598658890658953
"Pink",1993,172,"Central Chig-Odd","GOA",8.52695152634069,0.132273577916471,0.514945354972618,1.99692172925569
"Pink",1995,172,"Central Chig-Odd","GOA",8.69449543952942,0.299817491105201,0.748078641054748,0.515573245805371
"Pink",1997,172,"Central Chig-Odd","GOA",8.85890139090388,0.464223442479658,0.97684552948364,0.557651436140891
"Pink",1999,172,"Central Chig-Odd","GOA",8.45636262391743,0.0616846754932112,0.416722611635306,1.07967735855147
"Pink",2001,172,"Central Chig-Odd","GOA",9.29388460987492,0.899206661450706,1.58211411429383,0.368061220214843
"Pink",2003,172,"Central Chig-Odd","GOA",9.43854934918253,1.04387140075832,1.78341158558428,-0.00629721386922368
"Pink",2005,172,"Central Chig-Odd","GOA",8.46429584841979,0.0696178999955751,0.427761500857023,0.647685911796928
"Pink",2007,172,"Central Chig-Odd","GOA",7.76962028835949,-0.625057660064729,-0.538862669460475,0.428244570418011
"Pink",2009,172,"Central Chig-Odd","GOA",7.72617834179025,-0.668499606633967,-0.599311083041948,1.23368833060463
"Pink",1962,169,"Chignik Bay-Even","GOA",7.78141448564,-0.555046275830748,-0.572528907590307,1.56583427495197
"Pink",1964,169,"Chignik Bay-Even","GOA",6.90673252112336,-1.42972824034739,-1.45749251453214,1.49962304642689
"Pink",1966,169,"Chignik Bay-Even","GOA",8.83178160587947,0.495320844408723,0.490184985057402,1.47482398657634
"Pink",1968,169,"Chignik Bay-Even","GOA",8.01033144195875,-0.326129319511998,-0.340921096326088,0.09932266846908
"Pink",1970,169,"Chignik Bay-Even","GOA",6.11951542438732,-2.21694533708342,-2.25396312857844,-0.153386445934502
"Pink",1972,169,"Chignik Bay-Even","GOA",7.34927818510267,-0.987182576368071,-1.00974484975889,1.86648301542399
"Pink",1974,169,"Chignik Bay-Even","GOA",7.01204237838586,-1.32441838308488,-1.35094476928274,3.41032228943916
"Pink",1976,169,"Chignik Bay-Even","GOA",8.84356646570895,0.507105704238202,0.502108372625777,2.48626074613573
"Pink",1978,169,"Chignik Bay-Even","GOA",8.70023437341054,0.363773611939797,0.35709145157721,2.84421364086835
"Pink",1980,169,"Chignik Bay-Even","GOA",9.31182267268499,0.975361911214243,0.975868800654511,3.34841760288696
"Pink",1982,169,"Chignik Bay-Even","GOA",9.31132857998212,0.974867818511374,0.975368900029789,4.78880338220684
"Pink",1988,169,"Chignik Bay-Even","GOA",8.36451956298616,0.0280588015154115,0.0174304072327833,1.5013753367996
"Pink",1990,169,"Chignik Bay-Even","GOA",8.28452860646778,-0.0519321550029705,-0.0635008206591205,3.66315558079029
"Pink",1992,169,"Chignik Bay-Even","GOA",9.03309374716547,0.696632985694721,0.693863494390895,0.885166188370225
"Pink",1994,169,"Chignik Bay-Even","GOA",8.23114745484459,-0.105313306626161,-0.117509452824382,-0.523571415008428
"Pink",1996,169,"Chignik Bay-Even","GOA",9.84537354111672,1.50891277964597,1.51569141066478,0.157539032969114
"Pink",1998,169,"Chignik Bay-Even","GOA",7.28621553215716,-1.05024522931359,-1.07354878659303,0.821205117017169
"Pink",2000,169,"Chignik Bay-Even","GOA",8.84153060780631,0.505069846335565,0.500048583781572,-0.00842958995576816
"Pink",2002,169,"Chignik Bay-Even","GOA",9.13880713449584,0.802346373025095,0.800819513091503,0.56208699709078
"Pink",2004,169,"Chignik Bay-Even","GOA",10.0623203979598,1.72585963648907,1.73518841727411,1.19092096546868
"Pink",2006,169,"Chignik Bay-Even","GOA",8.38404263224866,0.04758187077792,0.0371829647268346,2.40079077189271
"Pink",2008,169,"Chignik Bay-Even","GOA",7.99078927603033,-0.345671485440419,-0.360692974962031,-0.590304113459883
"Pink",1963,170,"Chignik Bay-Odd","GOA",7.58467223246892,-0.751788529001824,-0.672938707118156,0.719370375659048
"Pink",1965,170,"Chignik Bay-Odd","GOA",7.60354234112634,-0.732918420344409,-0.646537619347383,1.10163800958465
"Pink",1967,170,"Chignik Bay-Odd","GOA",8.63723320100042,0.300772439529679,0.799694811786934,1.97797208151498
"Pink",1969,170,"Chignik Bay-Odd","GOA",7.59760701325205,-0.738853748218698,-0.654841711019682,1.80027015889596
"Pink",1971,170,"Chignik Bay-Odd","GOA",6.67006475892332,-1.66639600254743,-1.95256208519523,1.51011971123224
"Pink",1973,170,"Chignik Bay-Odd","GOA",8.22383994526334,-0.11262081620741,0.221318087693616,2.56494935746154
"Pink",1975,170,"Chignik Bay-Odd","GOA",7.30046960380342,-1.03599115766732,-1.07056538115079,3.97499780458953
"Pink",1977,170,"Chignik Bay-Odd","GOA",7.69042605492804,-0.646034706542707,-0.52497898947547,4.64950599980814
"Pink",1979,170,"Chignik Bay-Odd","GOA",7.58202935920821,-0.754431402262534,-0.676636339717406,4.6280725792054
"Pink",1981,170,"Chignik Bay-Odd","GOA",6.94518926077418,-1.39127150069656,-1.56763657929991,3.00582403712078
"Pink",1989,170,"Chignik Bay-Odd","GOA",8.52701054347886,0.190549782008118,0.645482766250506,1.87876364454566
"Pink",1991,170,"Chignik Bay-Odd","GOA",8.27296479211913,-0.0634959693516173,0.290048449405441,1.55743686117464
"Pink",1993,170,"Chignik Bay-Odd","GOA",8.46112966537476,0.124668903904014,0.553309113368089,4.96786348325235
"Pink",1995,170,"Chignik Bay-Odd","GOA",8.63387458191978,0.297413820449031,0.794995782292902,-0.602015954630696
"Pink",1997,170,"Chignik Bay-Odd","GOA",8.81906982594066,0.482609064469919,1.05410165077999,0.483184476597557
"Pink",1999,170,"Chignik Bay-Odd","GOA",8.40573191642761,0.0692711549568672,0.475802361350411,0.933219022473543
"Pink",2001,170,"Chignik Bay-Odd","GOA",9.2769583662351,0.940497604764349,1.69473153590756,2.31739368428213
"Pink",2003,170,"Chignik Bay-Odd","GOA",9.3798973162969,1.04343655482615,1.83875297769958,0.475214253216952
"Pink",2005,170,"Chignik Bay-Odd","GOA",8.41355862551265,0.0770978640419082,0.486752676330674,0.446822959031729
"Pink",2007,170,"Chignik Bay-Odd","GOA",7.7070022109482,-0.629458550522545,-0.501787360962066,0.533948882814125
"Pink",2009,170,"Chignik Bay-Odd","GOA",7.64645018511348,-0.690010576357262,-0.586505439579611,0.777642999585929
"Pink",1962,175,"W Chig-Even","GOA",7.67881203749601,-0.59340317710021,-0.581799793173155,0.138323610591772
"Pink",1964,175,"W Chig-Even","GOA",6.83326147759662,-1.4389537369996,-1.44747445330552,0.759105148351743
"Pink",1966,175,"W Chig-Even","GOA",8.78634450716131,0.514129292565092,0.552091945219345,0.913274475328319
"Pink",1968,175,"W Chig-Even","GOA",7.96463515828638,-0.307580056309843,-0.289174083153385,1.44952047152226
"Pink",1970,175,"W Chig-Even","GOA",6.038491773693,-2.23372344090322,-2.26115967325515,-2.15126727625109
"Pink",1972,175,"W Chig-Even","GOA",7.29272504413829,-0.979490170457928,-0.977075655560661,2.35689708234779
"Pink",1974,175,"W Chig-Even","GOA",6.95621986424222,-1.315995350354,-1.32158965750748,1.17247413726657
"Pink",1976,175,"W Chig-Even","GOA",8.77097735159538,0.498762136999157,0.536359051407146,1.88571544481858
"Pink",1978,175,"W Chig-Even","GOA",8.63987274029676,0.367657525700537,0.402134150839138,0.0654753946719678
"Pink",1980,175,"W Chig-Even","GOA",9.25071752772612,0.978502313129899,1.02751704197513,1.53630129080946
"Pink",1982,175,"W Chig-Even","GOA",9.25775432937285,0.985539114776633,1.03472131947532,2.06468173352662
"Pink",1984,175,"W Chig-Even","GOA",7.16234624210526,-1.10986897249096,-1.11055747260521,0.263153641861531
"Pink",1986,175,"W Chig-Even","GOA",8.46354087661294,0.191325662016724,0.22160558944459,3.44568898196768
"Pink",1988,175,"W Chig-Even","GOA",8.29957530778997,0.0273600931937468,0.0537376406833356,-0.25489224962879
"Pink",1990,175,"W Chig-Even","GOA",8.25044223841499,-0.0217729761812324,0.00343520443693768,2.71285429381273
"Pink",1992,175,"W Chig-Even","GOA",8.96738196471158,0.695166750115361,0.73743809359716,1.99841386669691
"Pink",1994,175,"W Chig-Even","GOA",8.1869842936011,-0.0852309209951224,-0.0615330392314234,1.05860823413552
"Pink",1996,175,"W Chig-Even","GOA",9.77891892194748,1.50670370735126,1.56828962744705,0.804441820726337
"Pink",1998,175,"W Chig-Even","GOA",7.21471194134039,-1.05750327325583,-1.05694546991982,0.451579456364789
"Pink",2000,175,"W Chig-Even","GOA",8.79319541594561,0.520980201349394,0.559105905607656,-0.060853798728801
"Pink",2002,175,"W Chig-Even","GOA",9.08832637352102,0.816111158924801,0.861260978893906,0.0983772060753649
"Pink",2004,175,"W Chig-Even","GOA",9.99546870063333,1.72325348603711,1.78999329007359,0.719735645831369
"Pink",2006,175,"W Chig-Even","GOA",8.33803575003848,0.0658205354422646,0.0931134413166978,3.5983817324385
"Pink",2008,175,"W Chig-Even","GOA",7.92134555122431,-0.350869663371905,-0.333493982705191,0.91252737538986
"Pink",1963,176,"W Chig-Odd","GOA",7.52096674021552,-0.751248474380696,-0.703592352590315,0.489484764817558
"Pink",1965,176,"W Chig-Odd","GOA",7.55088617521174,-0.721329039384481,-0.662523419025651,-0.144873669228457
"Pink",1967,176,"W Chig-Odd","GOA",8.55301017270369,0.280794958107468,0.71304279342986,2.1619127746666
"Pink",1969,176,"W Chig-Odd","GOA",7.52674552622963,-0.745469688366585,-0.695660097889384,0.272520318392866
"Pink",1971,176,"W Chig-Odd","GOA",6.59403715940083,-1.67817805519539,-1.97594289592164,-1.46040233327361
"Pink",1973,176,"W Chig-Odd","GOA",8.15909733491786,-0.113117879678362,0.172338058619825,0.871051946395311
"Pink",1975,176,"W Chig-Odd","GOA",7.22117274649003,-1.05104246810619,-1.11510478967194,1.6454778489173
"Pink",1977,176,"W Chig-Odd","GOA",7.62888862455593,-0.643326590040293,-0.555453301879295,0.961229136854351
"Pink",1979,176,"W Chig-Odd","GOA",7.50827318429947,-0.763942030296752,-0.72101617107759,1.30599993257813
"Pink",1981,176,"W Chig-Odd","GOA",6.87493039229336,-1.39728482230285,-1.59037460153752,-0.218651050424576
"Pink",1983,176,"W Chig-Odd","GOA",9.03653750700109,0.764322292404873,1.37675693012634,1.41421347028462
"Pink",1985,176,"W Chig-Odd","GOA",7.26220351632903,-1.01001169826718,-1.05878387449294,1.20841182616277
"Pink",1987,176,"W Chig-Odd","GOA",8.46686188613667,0.194646671540451,0.594791287070263,0.413267488392349
"Pink",1989,176,"W Chig-Odd","GOA",8.46351244519739,0.191297230601169,0.590193674600926,2.18751340421916
"Pink",1991,176,"W Chig-Odd","GOA",8.21563150251613,-0.0565837120800934,0.249939723675351,2.02232034761392
"Pink",1993,176,"W Chig-Odd","GOA",8.39003140786115,0.117816193264933,0.489329876838493,3.38091892065105
"Pink",1995,176,"W Chig-Odd","GOA",8.56140838651096,0.289193171914743,0.724570607539867,-0.267979604408898
"Pink",1997,176,"W Chig-Odd","GOA",8.77460286547156,0.502387650875343,1.0172121595576,1.08812215603761
"Pink",1999,176,"W Chig-Odd","GOA",8.34998442846186,0.0777692138656422,0.434359362300936,1.60658686147514
"Pink",2001,176,"W Chig-Odd","GOA",9.25591235301074,0.983697138414518,1.67788196733604,0.523420498999251
"Pink",2003,176,"W Chig-Odd","GOA",9.3113123108359,1.03909709623968,1.75392675854599,0.861531577454576
"Pink",2005,176,"W Chig-Odd","GOA",8.35837763547897,0.0861624208827548,0.445880303836893,1.59206930690985
"Pink",2007,176,"W Chig-Odd","GOA",7.64432746697874,-0.627887747617475,-0.534261163930894,2.0083803189749
"Pink",2009,176,"W Chig-Odd","GOA",7.57639345351388,-0.695821761082344,-0.62751083546121,1.25199623123227
"Pink",1962,177,"Perryville-Even","GOA",7.58531110076344,-0.603560688759075,-0.598330098870419,0.224300438132616
"Pink",1964,177,"Perryville-Even","GOA",6.78591952078483,-1.40295226873768,-1.4201851394172,0.906240396020654
"Pink",1966,177,"Perryville-Even","GOA",8.72645456650678,0.537582776984271,0.574880293629952,1.28339993795726
"Pink",1968,177,"Perryville-Even","GOA",7.92001712672851,-0.268854662794003,-0.254218600287787,1.23834044783014
"Pink",1970,177,"Perryville-Even","GOA",5.93592098749736,-2.25295080202515,-2.29406922393354,-1.29928298413026
"Pink",1972,177,"Perryville-Even","GOA",7.20239473791684,-0.986477051605676,-0.992006678403245,2.04354861861923
"Pink",1974,177,"Perryville-Even","GOA",6.89361416767625,-1.29525762184626,-1.30946419788566,1.17275981074373
"Pink",1976,177,"Perryville-Even","GOA",8.67940188330763,0.490530093785117,0.526505397237485,1.59090211954231
"Pink",1978,177,"Perryville-Even","GOA",8.58048894826104,0.391617158738525,0.424812939774406,0.184541313532268
"Pink",1980,177,"Perryville-Even","GOA",9.15722506887773,0.968353279355215,1.01775574736178,-0.857775915132365
"Pink",1982,177,"Perryville-Even","GOA",9.15209041272893,0.963218623206415,1.01247680379638,2.11103601868128
"Pink",1984,177,"Perryville-Even","GOA",7.08273450591985,-1.10613728360266,-1.11502944632175,1.13558279557721
"Pink",1986,177,"Perryville-Even","GOA",8.39069822255303,0.201826433030517,0.229688962391091,1.18869941698481
"Pink",1988,177,"Perryville-Even","GOA",8.20990021088543,0.0210284213629243,0.0438104005805907,-0.303664977158611
"Pink",1990,177,"Perryville-Even","GOA",8.18678721259622,-0.00208457692629235,0.0200479109298363,1.82549578603652
"Pink",1992,177,"Perryville-Even","GOA",8.8948952275164,0.706023437993887,0.748054254615993,0.226482508602132
"Pink",1994,177,"Perryville-Even","GOA",8.1264535819783,-0.062418207544213,-0.0419811367605994,1.08217954547998
"Pink",1996,177,"Perryville-Even","GOA",9.67590272777221,1.4870309382497,1.55100860998619,-0.181291003841448
"Pink",1998,177,"Perryville-Even","GOA",7.14109845547115,-1.04777333405136,-1.05502542910877,-0.700056090955558
"Pink",2000,177,"Perryville-Even","GOA",8.72802735076231,0.539155561239798,0.57649727421928,-0.441533348720204
"Pink",2002,177,"Perryville-Even","GOA",9.01437750634025,0.825505716817741,0.870894068753175,0.770352444488039
"Pink",2004,177,"Perryville-Even","GOA",9.88775432109833,1.69888253157582,1.76881338074396,-0.475378380912476
"Pink",2006,177,"Perryville-Even","GOA",8.25816784010214,0.069296050579629,0.0934343838205111,1.75395603469392
"Pink",2008,177,"Perryville-Even","GOA",7.79925864759613,-0.389613141926377,-0.378370476851662,-1.8769249758274
"Pink",1963,178,"Perryville-Odd","GOA",7.45815928543315,-0.730712504089361,-0.67837808119925,1.50105500128963
"Pink",1965,178,"Perryville-Odd","GOA",7.48427409284255,-0.70459769667996,-0.642305500443033,0.671574695305817
"Pink",1967,178,"Perryville-Odd","GOA",8.43169024060754,0.242818451085029,0.666367581622024,2.25497903110465
"Pink",1969,178,"Perryville-Odd","GOA",7.44457766238381,-0.744294127138702,-0.697138479718271,0.162221538529406
"Pink",1971,178,"Perryville-Odd","GOA",6.519437970484,-1.66943381903851,-1.97504092501157,-0.356674943938732
"Pink",1973,178,"Perryville-Odd","GOA",8.06656056993148,-0.122311219591029,0.162011209182861,0.363319486657401
"Pink",1975,178,"Perryville-Odd","GOA",7.12231803290984,-1.06655375661267,-1.1422781403877,1.26186678274484
"Pink",1977,178,"Perryville-Odd","GOA",7.56507063262603,-0.623801156896481,-0.530700629671013,1.36682530036791
"Pink",1979,178,"Perryville-Odd","GOA",7.44741746607949,-0.741454323443025,-0.693215837420429,0.629709726127562
"Pink",1981,178,"Perryville-Odd","GOA",6.8032855812241,-1.38558620829841,-1.58296007599886,0.430314703049557
"Pink",1983,178,"Perryville-Odd","GOA",8.91866544414969,0.729793654627179,1.33903010907859,1.45975012727803
"Pink",1985,178,"Perryville-Odd","GOA",7.18583136972259,-1.00304041979992,-1.05454668844331,-0.84492963510168
"Pink",1987,178,"Perryville-Odd","GOA",8.34713083856246,0.158259049039949,0.5495650407819,1.40364673917728
"Pink",1989,178,"Perryville-Odd","GOA",8.36766365345787,0.178791863935358,0.577927173109954,1.11490246544842
"Pink",1991,178,"Perryville-Odd","GOA",8.15481684839024,-0.0340549411322711,0.283920273340868,1.16157660924761
"Pink",1993,178,"Perryville-Odd","GOA",8.29229697760414,0.103425188081629,0.473822614403442,1.03565760527228
"Pink",1995,178,"Perryville-Odd","GOA",8.47355177122004,0.284679981697528,0.724191230095671,-0.917558499591255
"Pink",1997,178,"Perryville-Odd","GOA",8.69386173346463,0.504989943942124,1.02850704525295,0.437774221219574
"Pink",1999,178,"Perryville-Odd","GOA",8.28802542125478,0.0991536317322658,0.467922281349036,0.0735338348746134
"Pink",2001,178,"Perryville-Odd","GOA",9.19720400080961,1.0083322112871,1.72377752158365,-0.13788554146689
"Pink",2003,178,"Perryville-Odd","GOA",9.22652138681973,1.03764959729722,1.76427384835459,0.650769328078952
"Pink",2005,178,"Perryville-Odd","GOA",8.2817583119168,0.0928865223942899,0.459265475876261,0.0952475151589742
"Pink",2007,178,"Perryville-Odd","GOA",7.5454120898948,-0.643459699627713,-0.557855123254091,-0.255916617031225
"Pink",2009,178,"Perryville-Odd","GOA",7.46700319472481,-0.721868594797698,-0.666161922484278,1.14588965825154
"Pink",1962,181,"SW-Unimak-Even","BS",8.84628276263966,-0.36928866362975,-0.457769677172067,0.802917526357817
"Pink",1964,181,"SW-Unimak-Even","BS",8.39420526869157,-0.821366157577846,-0.983696414694054,-1.20210189639012
"Pink",1966,181,"SW-Unimak-Even","BS",9.77258814082426,0.55701671455485,0.619852571268441,1.8290971396657
"Pink",1968,181,"SW-Unimak-Even","BS",9.34989657822777,0.13432515195836,0.128112112009997,0.609511474300254
"Pink",1970,181,"SW-Unimak-Even","BS",7.02092076399747,-2.19465066227194,-2.58131418800038,-2.07442322667708
"Pink",1972,181,"SW-Unimak-Even","BS",8.06161224842072,-1.1539591778487,-1.37062025942258,0.533208385469603
"Pink",1974,181,"SW-Unimak-Even","BS",8.05476848518147,-1.16080294108794,-1.37858198749126,2.69661093117928
"Pink",1976,181,"SW-Unimak-Even","BS",10.0031312353471,0.78755980907766,0.888056096512998,1.78742004605326
"Pink",1978,181,"SW-Unimak-Even","BS",9.75634595225839,0.540774525988977,0.600957135514571,1.73259281774807
"Pink",1980,181,"SW-Unimak-Even","BS",9.94309118214775,0.72751975587834,0.818208183881917,0.305391652579021
"Pink",1982,181,"SW-Unimak-Even","BS",9.79038344411289,0.574812017843472,0.640554831228486,2.0599609374168
"Pink",1984,181,"SW-Unimak-Even","BS",8.31749777934131,-0.898073646928106,-1.07293447710049,-0.415820197833755
"Pink",1986,181,"SW-Unimak-Even","BS",9.33590381986954,0.120332393600131,0.111833562755073,1.84670237704268
"Pink",1988,181,"SW-Unimak-Even","BS",9.28337704434114,0.0678056180717265,0.0507262613387913,-0.00925556768547702
"Pink",1990,181,"SW-Unimak-Even","BS",9.2372559449252,0.0216845186557832,-0.00292896297887669,2.21580345364392
"Pink",1992,181,"SW-Unimak-Even","BS",9.85866884624257,0.643097419973154,0.71999501403609,1.53280185360986
"Pink",1994,181,"SW-Unimak-Even","BS",9.3792262988932,0.163654872623788,0.162232997275236,-0.0723676106105361
"Pink",1996,181,"SW-Unimak-Even","BS",10.5953799977022,1.3798085714328,1.57705181861067,1.35992058959667
"Pink",1998,181,"SW-Unimak-Even","BS",8.56112086071687,-0.65445056555254,-0.78951428014723,0.0730772953283425
"Pink",2000,181,"SW-Unimak-Even","BS",9.59801992949317,0.382448503223759,0.416767721680793,0.725742711615986
"Pink",2002,181,"SW-Unimak-Even","BS",10.1433179939494,0.927746567680027,1.05114310168913,0.761036573227169
"Pink",2004,181,"SW-Unimak-Even","BS",10.478684221997,1.26311279572757,1.44129317231474,-0.257449216186483
"Pink",2006,181,"SW-Unimak-Even","BS",9.37051067632787,0.154939250058459,0.152093631784543,1.36544328859142
"Pink",2008,181,"SW-Unimak-Even","BS",8.60237766013426,-0.613193766135157,-0.74151796489453,-0.943871855028922
"Pink",1963,182,"SW-Unimak-Odd","BS",8.43418406738954,-0.78138735887987,-0.826725787434405,0.512493217259719
"Pink",1965,182,"SW-Unimak-Odd","BS",8.53263965774985,-0.682931768519567,-0.664890400271895,-0.69600257715635
"Pink",1967,182,"SW-Unimak-Odd","BS",9.22971623785356,0.0141448115841414,0.480922222557975,1.95385529738675
"Pink",1969,182,"SW-Unimak-Odd","BS",8.47725683801314,-0.738314588256271,-0.755925353609139,-0.283041312994906
"Pink",1971,182,"SW-Unimak-Odd","BS",7.82088098455878,-1.39469044171064,-1.83483656605706,-2.06701787164198
"Pink",1973,182,"SW-Unimak-Odd","BS",9.20157010415021,-0.014001322119203,0.434657298155622,2.16913565489391
"Pink",1975,182,"SW-Unimak-Odd","BS",8.07370250014698,-1.14186892612244,-1.4192637407,1.40141999705662
"Pink",1977,182,"SW-Unimak-Odd","BS",8.60881092267878,-0.606760503590636,-0.539684649076664,1.4046565479153
"Pink",1979,182,"SW-Unimak-Odd","BS",8.61260179912343,-0.602969627145986,-0.533453434019601,0.482464086277389
"Pink",1981,182,"SW-Unimak-Odd","BS",7.96385126955369,-1.25172015671573,-1.59983059696773,0.536408044722358
"Pink",1983,182,"SW-Unimak-Odd","BS",9.787810290561,0.572238864291589,1.39828371277378,1.87676083483511
"Pink",1985,182,"SW-Unimak-Odd","BS",8.46599775202134,-0.749573674248076,-0.774432363052804,-0.302131873565028
"Pink",1987,182,"SW-Unimak-Odd","BS",8.97319867330439,-0.242372752965024,0.0592740538671244,2.23320596067729
"Pink",1989,182,"SW-Unimak-Odd","BS",9.20161969521466,-0.0139517310547503,0.434738812969419,1.50823268706702
"Pink",1991,182,"SW-Unimak-Odd","BS",9.14101779460907,-0.0745536316603469,0.335125047906414,1.52306976763434
"Pink",1993,182,"SW-Unimak-Odd","BS",9.14352658215691,-0.0720448441125005,0.339248842224526,2.18865473311646
"Pink",1995,182,"SW-Unimak-Odd","BS",9.32222081633175,0.106649390062334,0.632975693747755,0.0438083245107659
"Pink",1997,182,"SW-Unimak-Odd","BS",9.42786119264715,0.212289766377736,0.806621000615871,0.951003891799405
"Pink",1999,182,"SW-Unimak-Odd","BS",9.4463568575242,0.230785431254783,0.837023063873539,0.264417651846806
"Pink",2001,182,"SW-Unimak-Odd","BS",9.97061858457677,0.755047158307357,1.69877300881367,1.14552671600338
"Pink",2003,182,"SW-Unimak-Odd","BS",10.1315561042112,0.915984677941831,1.96331243926861,0.781296525027662
"Pink",2005,182,"SW-Unimak-Odd","BS",9.28407216072083,0.0685007344514121,0.570269224486543,-0.179488105349509
"Pink",2007,182,"SW-Unimak-Odd","BS",8.6960161784116,-0.519555247857817,-0.396341886390669,1.33918343964006
"Pink",2009,182,"SW-Unimak-Odd","BS",8.54422954250784,-0.671341883761569,-0.645839643680874,-0.315979341650554
"Pink",1962,183,"NW AKPen-Even","BS",8.74414827227593,-0.438909161580751,-0.510548820097577,1.69561560867515
"Pink",1964,183,"NW AKPen-Even","BS",8.27330450415611,-0.909752929700564,-1.03786226172751,0.165514438477573
"Pink",1966,183,"NW AKPen-Even","BS",9.7684612929821,0.585403859125425,0.636613064218747,2.74651648193001
"Pink",1968,183,"NW AKPen-Even","BS",9.30889755487442,0.125840121017744,0.121932499670611,-0.335604688521612
"Pink",1970,183,"NW AKPen-Even","BS",6.961318603158,-2.22173883069868,-2.50719847825616,-2.19830624320696
"Pink",1972,183,"NW AKPen-Even","BS",8.06905292272568,-1.114004511131,-1.2666103341349,3.32341600414212
"Pink",1974,183,"NW AKPen-Even","BS",8.00758728086948,-1.17547015298719,-1.33544773062122,0.485775338522729
"Pink",1976,183,"NW AKPen-Even","BS",9.94355095624924,0.760493522392561,0.832701744121854,2.70569174742589
"Pink",1978,183,"NW AKPen-Even","BS",9.71028962731361,0.527232193456937,0.57146470014145,1.4668364335387
"Pink",1980,183,"NW AKPen-Even","BS",9.93337757587433,0.750320142017652,0.821308240412704,-0.504022575926394
"Pink",1982,183,"NW AKPen-Even","BS",9.873072463274,0.690015029417321,0.75377055885828,-0.187308827511994
"Pink",1984,183,"NW AKPen-Even","BS",8.21510318517685,-0.967954248679824,-1.10304383552407,-0.370405136750634
"Pink",1986,183,"NW AKPen-Even","BS",9.40221741199493,0.219159978138257,0.226444480846731,1.51444551159006
"Pink",1988,183,"NW AKPen-Even","BS",9.2758236348629,0.092766201006222,0.0848919274674113,-0.243973021422538
"Pink",1990,183,"NW AKPen-Even","BS",9.31780771017075,0.13475027631407,0.131911276014036,-0.911908456194163
"Pink",1994,183,"NW AKPen-Even","BS",9.41298075914383,0.229923325287157,0.238498707774716,0.841853894018162
"Pink",1996,183,"NW AKPen-Even","BS",10.5874964296818,1.4044389958251,1.5538774860748,-0.396811522880089
"Pink",1998,183,"NW AKPen-Even","BS",8.50707461237907,-0.675982821477604,-0.776055419068219,-0.878983788222022
"Pink",2000,183,"NW AKPen-Even","BS",9.57869287729263,0.395635443435955,0.42408516608076,-0.828478839727703
"Pink",2002,183,"NW AKPen-Even","BS",10.1474801957607,0.96442276190405,1.06108881519893,2.09542654343951
"Pink",2004,183,"NW AKPen-Even","BS",10.5284509778023,1.3453935439456,1.48775054004447,0.779195804294338
"Pink",2006,183,"NW AKPen-Even","BS",9.3833077609539,0.200250327097226,0.205266939917847,-1.51132150639237
"Pink",2008,183,"NW AKPen-Even","BS",8.65102622509002,-0.532031208766652,-0.614839267413696,0.603075357417209
"Pink",1963,184,"NW AKPen-Odd","BS",8.37818608283997,-0.804871351016711,-0.809002801579282,-0.416893803931787
"Pink",1965,184,"NW AKPen-Odd","BS",8.52067900896072,-0.662378424895954,-0.586234572486427,0.105360515657826
"Pink",1967,184,"NW AKPen-Odd","BS",9.190598487854,0.0075410539973271,0.461093038860347,1.83827948486295
"Pink",1969,184,"NW AKPen-Odd","BS",8.41959508061409,-0.763462353242587,-0.744265488971679,0.690416182048714
"Pink",1971,184,"NW AKPen-Odd","BS",7.6894983202219,-1.49355911363478,-1.88567206126122,-3.59250032712071
"Pink",1973,184,"NW AKPen-Odd","BS",9.18921885490418,0.00616142104749899,0.45893617116594,1.11350090116186
"Pink",1975,184,"NW AKPen-Odd","BS",8.03256888091564,-1.15048855294104,-1.34932809429916,2.36712361413162
"Pink",1977,184,"NW AKPen-Odd","BS",8.56628546714783,-0.616771966708849,-0.514935103789091,0.683491337590963
"Pink",1979,184,"NW AKPen-Odd","BS",8.47861310839653,-0.704444325460146,-0.651998862890146,0.462109650392741
"Pink",1981,184,"NW AKPen-Odd","BS",7.83753848671913,-1.34551894713755,-1.6542314794512,-0.0883519881259678
"Pink",1983,184,"NW AKPen-Odd","BS",9.71521873474121,0.532161300884535,1.28126514513233,-0.151419370515764
"Pink",1985,184,"NW AKPen-Odd","BS",8.35152653455734,-0.831530899299336,-0.850681364305286,0.3293037471426
"Pink",1987,184,"NW AKPen-Odd","BS",9.07212617993355,-0.110931253923128,0.275877765720281,1.53294948687036
"Pink",1989,184,"NW AKPen-Odd","BS",9.18572414517403,0.00266671131735156,0.45347266979101,0.886157027565976
"Pink",1991,184,"NW AKPen-Odd","BS",9.07373494505882,-0.109322488797857,0.278392850277386,-0.462035459596559
"Pink",1993,184,"NW AKPen-Odd","BS",9.0949027478695,-0.0881546859871818,0.311485818990265,2.2413174073135
"Pink",1995,184,"NW AKPen-Odd","BS",9.23977063298225,0.0567131991255749,0.537966972108328,0.647505899603741
"Pink",1997,184,"NW AKPen-Odd","BS",9.47244193553925,0.28938450168257,0.901716776694588,1.18325976272839
"Pink",1999,184,"NW AKPen-Odd","BS",9.35993400812149,0.176876574264813,0.72582599788834,-0.271084937866264
"Pink",2001,184,"NW AKPen-Odd","BS",10.0683003127575,0.885242878900812,1.83325997042871,-1.52339318607557
"Pink",2003,184,"NW AKPen-Odd","BS",10.0948992013931,0.911841767536451,1.87484370008121,2.59207802484979
"Pink",2005,184,"NW AKPen-Odd","BS",9.2982992708683,0.115241837011625,0.629468503925023,2.86123255429222
"Pink",2007,184,"NW AKPen-Odd","BS",8.64861546754837,-0.534441966308305,-0.386223392339636,3.0989562226639
"Pink",2009,184,"NW AKPen-Odd","BS",8.5176102489233,-0.665447184933376,-0.591032159690637,0.399127865838127
"Pink",1962,179,"SE-SC AKPen-Even","BS",9.08975728352865,-0.404778500125829,-0.497551455968001,1.07356654913502
"Pink",1964,179,"SE-SC AKPen-Even","BS",8.50289293130239,-0.991642852352089,-1.14919431763896,-0.0625310811294346
"Pink",1966,179,"SE-SC AKPen-Even","BS",10.0046215918329,0.510085808178427,0.518296232927167,0.796481417732963
"Pink",1968,179,"SE-SC AKPen-Even","BS",9.48072298367818,-0.0138127999762957,-0.0634306805380985,1.50825976389121
"Pink",1970,179,"SE-SC AKPen-Even","BS",7.29590553045273,-2.19863025320175,-2.48940985621579,-2.00932035899779
"Pink",1972,179,"SE-SC AKPen-Even","BS",8.40553622113334,-1.08899956252114,-1.25729733152413,1.40851209070548
"Pink",1974,179,"SE-SC AKPen-Even","BS",8.25222617387772,-1.24230960977676,-1.42752985210164,2.57087124294452
"Pink",1976,179,"SE-SC AKPen-Even","BS",10.2536874214808,0.759151637826335,0.794854128053229,1.73321818083851
"Pink",1978,179,"SE-SC AKPen-Even","BS",9.99291478925281,0.498379005598332,0.505297225055296,0.69247971480892
"Pink",1980,179,"SE-SC AKPen-Even","BS",10.2455157107777,0.750979927123228,0.785780418043208,1.38568246805247
"Pink",1982,179,"SE-SC AKPen-Even","BS",10.2984755569034,0.803939773248934,0.844586010088613,1.77649517797081
"Pink",1984,179,"SE-SC AKPen-Even","BS",8.49942153692246,-0.995114246732021,-1.1530488870282,0.520506165524871
"Pink",1986,179,"SE-SC AKPen-Even","BS",9.73484783040152,0.240312046747046,0.21874464960812,1.67623863456834
"Pink",1988,179,"SE-SC AKPen-Even","BS",9.63637265894148,0.141836875286999,0.109399717869921,0.51992325295967
"Pink",1990,179,"SE-SC AKPen-Even","BS",9.61529954936769,0.120763765713215,0.0860005432993855,1.87390699676347
"Pink",1992,179,"SE-SC AKPen-Even","BS",10.076904422707,0.582368639052549,0.59855769468031,1.00066428887215
"Pink",1994,179,"SE-SC AKPen-Even","BS",9.65399142768648,0.159455644032007,0.128963258985618,0.899764095762783
"Pink",1996,179,"SE-SC AKPen-Even","BS",11.0226816667451,1.5281458830906,1.64873051139727,1.14914960693765
"Pink",1998,179,"SE-SC AKPen-Even","BS",8.73469058010313,-0.759845203551346,-0.891810677586341,0.34508125921613
"Pink",2000,179,"SE-SC AKPen-Even","BS",9.89887232912911,0.404336545474632,0.400874290520063,0.750055136449179
"Pink",2002,179,"SE-SC AKPen-Even","BS",10.403841164377,0.909305380722521,0.961581949125162,1.65884549153945
"Pink",2004,179,"SE-SC AKPen-Even","BS",10.9542019102309,1.45966612657637,1.57269191008816,-0.405170832257018
"Pink",2006,179,"SE-SC AKPen-Even","BS",9.7468077606625,0.252271977008023,0.232024725576414,1.73257260647797
"Pink",2008,179,"SE-SC AKPen-Even","BS",9.10816650920444,-0.38636927445004,-0.477110206716772,-1.00119071825238
"Pink",1963,180,"SE-SC AKPen-Odd","BS",8.71143424510956,-0.78310153854492,-0.730246423850238,1.25872373517448
"Pink",1965,180,"SE-SC AKPen-Odd","BS",8.79711376296149,-0.697422020692987,-0.603248922586366,-0.730683024499138
"Pink",1967,180,"SE-SC AKPen-Odd","BS",9.64690011077457,0.152364327120092,0.656337329601888,2.13536434166383
"Pink",1969,180,"SE-SC AKPen-Odd","BS",8.69030636548996,-0.804229418164518,-0.761562985683952,-0.114494068750568
"Pink",1971,180,"SE-SC AKPen-Odd","BS",7.93082613746325,-1.56370964619123,-1.88729400794988,-1.38426363755019
"Pink",1973,180,"SE-SC AKPen-Odd","BS",9.5572624206543,0.0627266369998176,0.523472872030909,1.50977099795257
"Pink",1975,180,"SE-SC AKPen-Odd","BS",8.38855694068802,-1.10597884296645,-1.20882767529018,2.23135533281123
"Pink",1977,180,"SE-SC AKPen-Odd","BS",8.78329168425666,-0.711244099397818,-0.623736543219568,1.16681138325506
"Pink",1979,180,"SE-SC AKPen-Odd","BS",8.6392213039928,-0.855314479661677,-0.837283243275295,1.04977349031055
"Pink",1981,180,"SE-SC AKPen-Odd","BS",8.05517114533318,-1.4393646383213,-1.70298501917373,0.430788676075866
"Pink",1983,180,"SE-SC AKPen-Odd","BS",10.1158863769637,0.621350593309243,1.35148694559324,1.96340132993851
"Pink",1985,180,"SE-SC AKPen-Odd","BS",8.59415305323071,-0.900382730423769,-0.904085150856176,0.688759467250707
"Pink",1987,180,"SE-SC AKPen-Odd","BS",9.53782180945079,0.0432860257963076,0.494657244821675,1.64499063008346
"Pink",1989,180,"SE-SC AKPen-Odd","BS",9.56032821204928,0.0657924283947992,0.528017106829613,2.11736950261079
"Pink",1991,180,"SE-SC AKPen-Odd","BS",9.39471491177876,-0.0998208718757144,0.282538655996523,1.45539407166511
"Pink",1993,180,"SE-SC AKPen-Odd","BS",9.44385676251518,-0.0506790211393009,0.355378611302899,1.95495458794207
"Pink",1995,180,"SE-SC AKPen-Odd","BS",9.51615879933039,0.0216230156759111,0.46254749182448,0.0963152690813194
"Pink",1997,180,"SE-SC AKPen-Odd","BS",9.81004130840302,0.315505524748537,0.898151534110051,0.937161172814832
"Pink",1999,180,"SE-SC AKPen-Odd","BS",9.54987873633703,0.055342952682549,0.512528489033389,0.352760039002956
"Pink",2001,180,"SE-SC AKPen-Odd","BS",10.4034060637156,0.908870280061135,1.77765976608884,1.1805932740335
"Pink",2003,180,"SE-SC AKPen-Odd","BS",10.4123147726059,0.917778988951415,1.79086459960002,0.992643329420217
"Pink",2005,180,"SE-SC AKPen-Odd","BS",9.58632520834605,0.0917894246915714,0.566550862070414,0.491275092980528
"Pink",2007,180,"SE-SC AKPen-Odd","BS",8.94877783457438,-0.545757949080097,-0.378446558973305,1.09593187789335
"Pink",2009,180,"SE-SC AKPen-Odd","BS",8.82462211449941,-0.669913669155067,-0.562474978045252,1.23771789726879
"Pink",1958,185,"Nushagak-Even","BS",9.07602826448587,-0.698290780610609,-0.645794252995869,-2.30258509299405
"Pink",1960,185,"Nushagak-Even","BS",8.94505511797392,-0.829263927122562,-0.782869178185649,2.62498593310954
"Pink",1962,185,"Nushagak-Even","BS",9.25068783760071,-0.52363120749577,-0.462997637384206,1.5712165437741
"Pink",1964,185,"Nushagak-Even","BS",8.42261435435368,-1.3517046907428,-1.32964941899478,1.42554947103988
"Pink",1966,185,"Nushagak-Even","BS",10.2419619285143,0.467642883417856,0.574457943956294,0.985964151681906
"Pink",1968,185,"Nushagak-Even","BS",9.57510701509622,-0.199212030000255,-0.123464414966973,-1.33201762094021
"Pink",1970,185,"Nushagak-Even","BS",7.61871946774996,-2.15559957734652,-2.17099617118261,-0.187533700797185
"Pink",1972,185,"Nushagak-Even","BS",8.83494754937979,-0.939371495716689,-0.898106439638256,2.78252556379942
"Pink",1974,185,"Nushagak-Even","BS",8.44348131693327,-1.33083772816321,-1.30781030608721,1.08532421260008
"Pink",1976,185,"Nushagak-Even","BS",10.5181247362724,0.743805691175897,0.863486628246003,2.78223321953213
"Pink",1978,185,"Nushagak-Even","BS",10.1554255577234,0.381106512626934,0.483890015581158,-0.61519062175668
"Pink",1980,185,"Nushagak-Even","BS",10.6273258282588,0.853006783162325,0.977775182146751,0.070465425887312
"Pink",1982,185,"Nushagak-Even","BS",10.9382035823969,1.16388453730039,1.30313611319648,1.30816150684748
"Pink",1984,185,"Nushagak-Even","BS",8.57947413737957,-1.19484490771691,-1.16548185032759,-2.12231691630638
"Pink",1986,185,"Nushagak-Even","BS",10.2012046850645,0.426885639967985,0.531801901510808,2.32533342225043
"Pink",1988,185,"Nushagak-Even","BS",10.0083236602636,0.234004615167167,0.329934932981596,0.547983145574622
"Pink",1990,185,"Nushagak-Even","BS",10.0777058234582,0.303386778361678,0.402549473310478,-0.749449990579549
"Pink",1992,185,"Nushagak-Even","BS",10.212280181738,0.437961136641566,0.543393383569554,0.0538264552929441
"Pink",1994,185,"Nushagak-Even","BS",9.99680300859305,0.22248396349657,0.31787755703896,1.45785486833678
"Pink",1996,185,"Nushagak-Even","BS",11.435448050499,1.66112900540248,1.82354621313942,-1.77491947722152
"Pink",1998,185,"Nushagak-Even","BS",8.87873904521648,-0.895579999879996,-0.852274785015715,0.270876490287983
"Pink",2000,185,"Nushagak-Even","BS",10.1829607211626,0.408641676066166,0.512707987578011,0.854337475290866
"Pink",2002,185,"Nushagak-Even","BS",10.7201149096856,0.945795864589097,1.07488712252334,0.605856736476912
"Pink",1970,186,"Unalakleet-Even","BS",7.50356228010995,-0.784256640245771,-1.09645292259957,4.24268345541166
"Pink",1972,186,"Unalakleet-Even","BS",7.77807005814144,-0.509748862214285,-0.718871259134301,1.49292741295725
"Pink",1974,186,"Unalakleet-Even","BS",7.99692584787096,-0.290893072484759,-0.417838138187175,-1.01470226710995
"Pink",1976,186,"Unalakleet-Even","BS",8.71341075216021,0.425591831804494,0.567676967975895,2.78188560394272
"Pink",1978,186,"Unalakleet-Even","BS",9.25394902910505,0.966130108749329,1.31117991437354,2.77574983718313
"Pink",1980,186,"Unalakleet-Even","BS",9.40188128607614,1.11406236572042,1.5146586939836,0.953292710721992
"Pink",1982,186,"Unalakleet-Even","BS",8.2622259088925,-0.0255930114632203,-0.0529215625028988,1.03568944136083
"Pink",1984,186,"Unalakleet-Even","BS",8.05082373959677,-0.236995180758947,-0.343702331322101,-0.661820567353398
"Pink",1986,186,"Unalakleet-Even","BS",6.94426481212889,-1.34355410822683,-1.86575887759505,-0.549568623508635
"Pink",1988,186,"Unalakleet-Even","BS",8.18432265520096,-0.103496265154761,-0.160076413739335,-1.47944318232497
"Pink",1990,186,"Unalakleet-Even","BS",8.31310114690236,0.0252822265466393,0.0170566258555776,3.21152789032032
"Pink",1996,186,"Unalakleet-Even","BS",8.15205490589142,-0.135764014464298,-0.204460257971165,0.752002250767001
"Pink",2002,186,"Unalakleet-Even","BS",9.35451684679303,1.06669792643731,1.44950956086299,4.13474816857664
"Pink",1973,187,"Unalakleet-Odd","BS",9.90530571767261,1.6174867973169,0.92247947688648,0.270314124911079
"Pink",1975,187,"Unalakleet-Odd","BS",8.79196709394455,0.504148173588832,0.191935076257208,0.655140156084727
"Pink",1977,187,"Unalakleet-Odd","BS",9.74203620638166,1.45421728602594,0.815346189021474,2.67285612735497
"Pink",1979,187,"Unalakleet-Odd","BS",8.64821535348892,0.360396433133201,0.0976088516635444,2.61283685871425
"Pink",1981,187,"Unalakleet-Odd","BS",8.37708559206554,0.0892666717098168,-0.0802995805334355,4.35973656843889
"Pink",1983,187,"Unalakleet-Odd","BS",7.89843709979738,-0.389381820558336,-0.394376509550092,-0.120195582061767
"Pink",1985,187,"Unalakleet-Odd","BS",8.18198376042502,-0.105835159930694,-0.208320424883755,-3.8055163578397
"Pink",1991,187,"Unalakleet-Odd","BS",4.51244304009846,-3.77537588025726,-2.61617942571408,-0.761558672362627
"Pink",1993,187,"Unalakleet-Odd","BS",8.2200470992497,-0.067771821106015,-0.183344233045093,1.66788755810679
"Pink",1995,187,"Unalakleet-Odd","BS",8.82024709667478,0.532428176319064,0.210491692549896,0.441949841442571
"Pink",1997,187,"Unalakleet-Odd","BS",6.25271933845111,-2.03509958190461,-1.47425451786153,-0.254838096537989
"Pink",2003,187,"Unalakleet-Odd","BS",10.0184449298041,1.7306260094484,0.996718541401736,3.60901857217371
"Pink",2005,187,"Unalakleet-Odd","BS",10.6804046886308,2.39258576827506,1.43107964677091,-1.78595188737362
"Pink",2007,187,"Unalakleet-Odd","BS",8.96924307516643,0.681424154810708,0.308259052348181,1.4485426493997
"Pink",2009,187,"Unalakleet-Odd","BS",8.47333399312837,0.185515072772651,-0.0171438353114426,-1.75566488231853
"Pink",1972,188,"Nome-Even","BS",6.05848029628396,-0.78100715343496,-1.22528317782916,1.53849948311884
"Pink",1974,188,"Nome-Even","BS",6.04899748973548,-0.790489959983437,-1.23923353504046,-1.77441293714556
"Pink",1976,188,"Nome-Even","BS",7.10538237914443,0.265894929425512,0.314836611233002,4.30857733197874
"Pink",1978,188,"Nome-Even","BS",7.57234653737396,0.732859087655039,1.00179745756833,1.08858368358236
"Pink",1980,188,"Nome-Even","BS",7.36021064408123,0.520723194362315,0.689719859692307,-0.0962341750768394
"Pink",1982,188,"Nome-Even","BS",6.82822378911078,-0.0112636606081383,-0.0928972506130661,1.5130764847004
"Pink",1984,188,"Nome-Even","BS",6.37922574207187,-0.460261707647054,-0.753427770912987,-3.46486608900929
"Pink",1986,188,"Nome-Even","BS",5.95830817334354,-0.881179276375379,-1.37264850585619,-1.03535104230013
"Pink",1988,188,"Nome-Even","BS",7.03764065355063,0.198153203831706,0.215180326428242,0.595031479999131
"Pink",1990,188,"Nome-Even","BS",6.99944657087326,0.159959121154342,0.158992203852575,2.26071301721277
"Pink",1992,188,"Nome-Even","BS",6.86750407144427,0.0280166217253521,-0.0351111967574256,0.614360796917494
"Pink",1994,188,"Nome-Even","BS",6.74018462561071,-0.0993028241082091,-0.222413525476577,-1.54578518185485
"Pink",1996,188,"Nome-Even","BS",7.10628637485206,0.266798925133143,0.316166498431951,1.48949500302636
"Pink",1998,188,"Nome-Even","BS",6.34662925079465,-0.492858198924272,-0.801381158428337,-2.74666995806258
"Pink",2000,188,"Nome-Even","BS",5.76499226875603,-1.07449518096289,-1.65703962043128,1.13415633453499
"Pink",2002,188,"Nome-Even","BS",7.77089001610875,0.931402566389829,1.29387896699966,2.70880056406844
"Pink",2004,188,"Nome-Even","BS",8.40089973434806,1.56141228462913,2.22069958398677,-0.382804544056949
"Pink",2006,188,"Nome-Even","BS",7.27180624566972,0.432318795950802,0.559666280028302,0.595248761178244
"Pink",2008,188,"Nome-Even","BS",7.31859482824802,0.479107378529105,0.62849795312434,-1.73819437390475
"Pink",1971,189,"Nome-Odd","BS",6.54410671070218,-0.295380739016739,-0.363427375388072,0.964387680631353
"Pink",1973,189,"Nome-Odd","BS",7.83686680905521,0.997379359336288,1.13463325005899,1.03899396536122
"Pink",1975,189,"Nome-Odd","BS",6.74546882882714,-0.0940186208917757,-0.130087360482033,0.563362374827157
"Pink",1977,189,"Nome-Odd","BS",8.04417008534074,1.20468263562182,1.37485792602569,-0.783181793004418
"Pink",1979,189,"Nome-Odd","BS",6.95700505003333,0.117517600314411,0.115042485533923,0.323122792968445
"Pink",1981,189,"Nome-Odd","BS",6.93077705428004,0.0912896045611217,0.0846492766373514,2.98471923358706
"Pink",1983,189,"Nome-Odd","BS",6.49252573959529,-0.346961710123626,-0.423199812622168,-2.03220469694448
"Pink",1985,189,"Nome-Odd","BS",6.78690577298403,-0.0525816767348907,-0.0820699018991435,-1.99371923995734
"Pink",1987,189,"Nome-Odd","BS",6.39176212996244,-0.447725319756477,-0.539965480328963,3.45909226098155
"Pink",1989,189,"Nome-Odd","BS",6.97758132964373,0.138093879924806,0.1388864410689,-0.452747173694205
"Pink",1991,189,"Nome-Odd","BS",4.67418486718088,-2.16530258253804,-2.53030759547797,1.97180131313851
"Pink",1993,189,"Nome-Odd","BS",6.71980628557503,-0.119681164143887,-0.159825318548497,0.0249480630562796
"Pink",1995,189,"Nome-Odd","BS",7.20676270872355,0.367275259004625,0.404463635571215,-2.00400322926173
"Pink",1997,189,"Nome-Odd","BS",5.51348776277155,-1.32599968694737,-1.55771676264679,1.61096193838166
"Pink",1999,189,"Nome-Odd","BS",5.84542740322649,-0.994060046492425,-1.17306248222452,-3.30211675926048
"Pink",2001,189,"Nome-Odd","BS",7.21089517325163,0.371407723532711,0.409252368146942,0.600545792166119
"Pink",2003,189,"Nome-Odd","BS",8.43150313198567,1.59201568226675,1.82370252360606,4.40066892739663
"Pink",2005,189,"Nome-Odd","BS",7.80032338853925,0.960835938820335,1.09228644537045,-0.716718857266561
"Pink",2007,189,"Nome-Odd","BS",6.99051047116518,0.15102302144626,0.153868832510899,0.179739167112789
"Pink",2009,189,"Nome-Odd","BS",7.05449870601297,0.215011256294046,0.228018905087746,-1.47879118071603
"Pink",1964,190,"Moses-Norton-Even","BS",5.42776997221841,-2.20857377968377,-2.46690253177493,1.44998927749383
"Pink",1966,190,"Moses-Norton-Even","BS",8.60880503389571,0.97246128199353,1.12986923210655,1.38355370650026
"Pink",1968,190,"Moses-Norton-Even","BS",7.49700837665134,-0.139335375250841,-0.127230657212443,1.08837815596253
"Pink",1970,190,"Moses-Norton-Even","BS",6.97730307446586,-0.65904067743632,-0.714857426549149,-0.890054341689864
"Pink",1972,190,"Moses-Norton-Even","BS",7.04831383625666,-0.588029915645515,-0.634566106903584,0.448961742019728
"Pink",1974,190,"Moses-Norton-Even","BS",7.1695070332951,-0.466836718607077,-0.497533895491072,-1.1064398046722
"Pink",1976,190,"Moses-Norton-Even","BS",8.0370614859793,0.400717734077119,0.483403220429569,1.02478919267788
"Pink",1978,190,"Moses-Norton-Even","BS",8.50218995246622,0.865846200564044,1.00932038336569,2.48605698352498
"Pink",1980,190,"Moses-Norton-Even","BS",8.45928804741965,0.822944295517477,0.960811530839292,-0.446593687597751
"Pink",1982,190,"Moses-Norton-Even","BS",7.52463185124927,-0.111711900652903,-0.0959970079354765,0.64381683836141
"Pink",1984,190,"Moses-Norton-Even","BS",7.29154451356994,-0.344799238332241,-0.359547059547073,-0.88942313442195
"Pink",1986,190,"Moses-Norton-Even","BS",6.42863554093573,-1.20770821096645,-1.33523156707155,-0.176399634632158
"Pink",1988,190,"Moses-Norton-Even","BS",7.71755009227329,0.0812063403711116,0.122134156480859,0.415763593733249
"Pink",1990,190,"Moses-Norton-Even","BS",7.62574005126953,-0.0106037006326437,0.0183252525485048,0.383450094404861
"Pink",1992,190,"Moses-Norton-Even","BS",7.77970566352208,0.143361911619905,0.192412980606018,-1.31571628539057
"Pink",1994,190,"Moses-Norton-Even","BS",7.65315109160212,0.0168073396999382,0.0493187040431456,1.76215272210812
"Pink",1996,190,"Moses-Norton-Even","BS",7.6136138604747,-0.0227298914274821,0.00461426231775992,-0.157852869352196
"Pink",1998,190,"Moses-Norton-Even","BS",7.14645217524634,-0.489891576655835,-0.523601845338297,-0.135502193424193
"Pink",2000,190,"Moses-Norton-Even","BS",6.31161733468374,-1.32472641721844,-1.46754314866263,-0.876038634962434
"Pink",2002,190,"Moses-Norton-Even","BS",8.61264897055096,0.976305218648779,1.13421554157994,1.17847532093408
"Pink",2004,190,"Moses-Norton-Even","BS",9.56245587931739,1.92611212741521,2.20815487401513,-1.92631410089494
"Pink",2006,190,"Moses-Norton-Even","BS",7.66728953851594,0.0309457866137582,0.0653049367186041,0.245167965722098
"Pink",2008,190,"Moses-Norton-Even","BS",8.35697430372238,0.720630551820206,0.845126171435139,-0.888556000099861
"Pink",1963,191,"Moses-Norton-Odd","BS",4.65984893259075,-2.97649481931143,-2.21015360163466,0.23073697420583
"Pink",1965,191,"Moses-Norton-Odd","BS",7.76334978805648,0.127006036154302,0.212805761400408,-0.366879114112974
"Pink",1967,191,"Moses-Norton-Odd","BS",7.15514317486021,-0.481200577041966,-0.262032164134045,3.22284896414078
"Pink",1969,191,"Moses-Norton-Odd","BS",6.65400361352496,-0.982340138377213,-0.653280901889688,-0.975379022396725
"Pink",1971,191,"Moses-Norton-Odd","BS",7.27676920096079,-0.359574550941383,-0.167076521312116,1.33309977815157
"Pink",1973,191,"Moses-Norton-Odd","BS",9.02682784530851,1.39048409340634,1.19922597888373,0.398566739518231
"Pink",1975,191,"Moses-Norton-Odd","BS",7.9838548998038,0.347511147901623,0.384958098386018,-0.452897823443392
"Pink",1977,191,"Moses-Norton-Odd","BS",9.13172072172165,1.49537696981947,1.28111774848749,1.40236229040614
"Pink",1979,191,"Moses-Norton-Odd","BS",7.89119072755178,0.2548469756496,0.312613499743321,1.21652968176026
"Pink",1981,191,"Moses-Norton-Odd","BS",7.87750886215104,0.241165110248861,0.301931819466635,-0.576928636598372
"Pink",1983,191,"Moses-Norton-Odd","BS",7.23323440551758,-0.4031093463846,-0.201064925101723,-2.18839026087809
"Pink",1985,191,"Moses-Norton-Odd","BS",7.62098320325216,-0.0153605486500185,0.101657588514472,-1.54443773867103
"Pink",1987,191,"Moses-Norton-Odd","BS",7.50641644332144,-0.129927308580739,0.0122132427274062,1.49774900770416
"Pink",1989,191,"Moses-Norton-Odd","BS",7.68554226557414,0.04919851367196,0.152060018482009,1.99980803466127
"Pink",1991,191,"Moses-Norton-Odd","BS",4.34774655103683,-3.28859720086534,-2.4538175871882,-0.948152455974015
"Pink",1993,191,"Moses-Norton-Odd","BS",7.51783567667008,-0.118508075232102,0.0211284451550241,-0.442794007566316
"Pink",1995,191,"Moses-Norton-Odd","BS",8.14674299624231,0.510399244340135,0.512127787318945,0.174132418195038
"Pink",1997,191,"Moses-Norton-Odd","BS",5.82790358861287,-1.8084401632893,-1.29823216286296,-1.72339890885923
"Pink",1999,191,"Moses-Norton-Odd","BS",5.99368999401728,-1.64265375788489,-1.1687997115939,1.22796640715164
"Pink",2001,191,"Moses-Norton-Odd","BS",7.73914498753018,0.102801235628004,0.193908634962597,1.56058482333587
"Pink",2003,191,"Moses-Norton-Odd","BS",9.32023866971334,1.68389491781116,1.42829712702131,3.14320352449291
"Pink",2005,191,"Moses-Norton-Odd","BS",9.44146125184165,1.80511749993947,1.52293779382242,-1.70551876715598
"Pink",2007,191,"Moses-Norton-Odd","BS",8.12123601966434,0.484892267762162,0.492214028438076,0.605454627086314
"Pink",2009,191,"Moses-Norton-Odd","BS",7.8561543987857,0.219810646883522,0.285260002907438,-2.16709201912219
"Chum",1968,83,"Willapa Bay","WC",11.7576601207256,-0.484927003514281,-0.809704555400468,2.04917756661995
"Chum",1969,83,"Willapa Bay","WC",11.6599526107311,-0.582634513508786,-0.95851067808557,0.379748864608417
"Chum",1970,83,"Willapa Bay","WC",11.0930126309395,-1.14957449330043,-1.82194625425273,0.351601489646387
"Chum",1971,83,"Willapa Bay","WC",11.7703818678856,-0.472205256354307,-0.790329648919253,-0.293871399647823
"Chum",1972,83,"Willapa Bay","WC",11.8707393705845,-0.371847753655426,-0.637487652845257,1.14254372955969
"Chum",1973,83,"Willapa Bay","WC",11.6708837747574,-0.571703349482534,-0.94186278545917,-0.280352676379099
"Chum",1974,83,"Willapa Bay","WC",11.4804237186909,-0.762163405549034,-1.23192874324723,1.95389922848922
"Chum",1975,83,"Willapa Bay","WC",11.4185371696949,-0.824049954545013,-1.32618042771828,-0.822605247796832
"Chum",1976,83,"Willapa Bay","WC",11.8511926531792,-0.391394471060742,-0.667256820317338,0.837168812266355
"Chum",1977,83,"Willapa Bay","WC",12.5635167956352,0.320929671395307,0.41759524212736,0.405448524222725
"Chum",1978,83,"Willapa Bay","WC",12.1758657097816,-0.0667214144582642,-0.17278778005572,2.11945050736901
"Chum",1979,83,"Willapa Bay","WC",12.3398279249668,0.0972408007269055,0.076922621017212,1.77002583919385
"Chum",1980,83,"Willapa Bay","WC",12.134751200676,-0.107835923563943,-0.235404161196346,0.289162209751886
"Chum",1981,83,"Willapa Bay","WC",11.6542274355888,-0.588359688651072,-0.967229978318117,0.955946042466675
"Chum",1982,83,"Willapa Bay","WC",13.0328250825405,0.790237958300599,1.13234016319117,0.545092490158979
"Chum",1983,83,"Willapa Bay","WC",11.7681276202202,-0.474459504019728,-0.79376281239545,0.70175836144729
"Chum",1984,83,"Willapa Bay","WC",11.9833654761314,-0.259221648108467,-0.465960877876694,1.77144985287407
"Chum",1985,83,"Willapa Bay","WC",12.1719874143601,-0.0705997098798545,-0.178694328122974,-1.16513748869891
"Chum",1986,83,"Willapa Bay","WC",12.3488248288631,0.106237704623239,0.0906246832748538,0.00979325228156203
"Chum",1987,83,"Willapa Bay","WC",12.1781324744225,-0.0644546498174501,-0.169335553535382,0.35633302123189
"Chum",1988,83,"Willapa Bay","WC",12.602767854929,0.360180730689062,0.477373635263314,0.802654252258374
"Chum",1989,83,"Willapa Bay","WC",12.5677108466625,0.325123722422611,0.423982678177584,0.302204394521664
"Chum",1990,83,"Willapa Bay","WC",11.8421459197998,-0.400441204440103,-0.681034771645995,0.415956738312154
"Chum",1991,83,"Willapa Bay","WC",13.457086622715,1.21449949847509,1.77848000240441,-0.38272726189726
"Chum",1992,83,"Willapa Bay","WC",13.0040536224842,0.761466498244296,1.0885219406696,-0.300679377225462
"Chum",1993,83,"Willapa Bay","WC",12.620156288147,0.377569163907061,0.503855789264422,-0.179019152309473
"Chum",1994,83,"Willapa Bay","WC",13.0995392501354,0.856952125895519,1.23394419146415,0.952260509540375
"Chum",1995,83,"Willapa Bay","WC",12.3496335148811,0.107046390641227,0.0918562920919572,-0.311075670855629
"Chum",1996,83,"Willapa Bay","WC",13.3426671624184,1.10008003817846,1.60422199247845,0.917659042224623
"Chum",1997,83,"Willapa Bay","WC",13.1250195801258,0.882432455885908,1.27275010424219,0.411550097007675
"Chum",1998,83,"Willapa Bay","WC",11.4574152827263,-0.785171841513627,-1.2669700225218,-0.0642139500267722
"Chum",1999,83,"Willapa Bay","WC",12.5410156548023,0.298428530562412,0.38332656079956,1.68321479658767
"Chum",2000,83,"Willapa Bay","WC",11.7718840241432,-0.470703100096688,-0.788041902067696,0.904318272961129
"Chum",2001,83,"Willapa Bay","WC",11.7864222824574,-0.456164841782549,-0.765900493997393,0.0948182235877874
"Chum",2002,83,"Willapa Bay","WC",12.7897045314312,0.547117407191293,0.762073573062369,-0.88109872140052
"Chum",2003,83,"Willapa Bay","WC",13.3507980406284,1.10821091638852,1.61660511902145,-1.01050323989875
"Chum",2004,83,"Willapa Bay","WC",13.0769304335117,0.834343309271831,1.19951152256839,-1.84202535307851
"Chum",2005,83,"Willapa Bay","WC",12.2774381637573,0.0348510395174169,-0.0180954432171082,-0.327954439819661
"Chum",2006,83,"Willapa Bay","WC",12.256811350584,0.0142242263441169,-0.0495095698471019,0.764280406678511
"Chum",2007,83,"Willapa Bay","WC",10.9303228408098,-1.31226428343008,-2.06971878341664,1.67324086899272
"Chum",2008,83,"Willapa Bay","WC",11.5678727030754,-0.674714421164503,-1.09874610150614,0.897283525269602
"Chum",2009,83,"Willapa Bay","WC",12.0902389585972,-0.152348165642721,-0.303195205673235,0.372652409982845
"Chum",2010,83,"Willapa Bay","WC",11.9911879897118,-0.251399134528147,-0.454047383042936,0.281306376504293
"Chum",2011,83,"Willapa Bay","WC",12.0531125366688,-0.189474587571128,-0.359737828616426,-0.257507154101173
"Chum",2012,83,"Willapa Bay","WC",12.4677603244782,0.225173200238244,0.271760503367855,1.25076245789429
"Chum",2013,83,"Willapa Bay","WC",12.9099316596985,0.667344535458583,0.945176517759517,-0.550531467124193
"Chum",2014,83,"Willapa Bay","WC",13.6135038733482,1.37091674910833,2.01669960895364,-0.288671681636947
"Chum",2015,83,"Willapa Bay","WC",13.5820801258087,1.3394930015688,1.96884201815171,0.29002941834325
"Chum",2016,83,"Willapa Bay","WC",12.7272230386734,0.484635914433491,0.666915803947297,-0.3653409753283
"Chum",1969,84,"Grays Harbour","WC",11.5917024374008,-0.596353244454894,-1.06964733569885,1.42058746542629
"Chum",1970,84,"Grays Harbour","WC",11.0125351190567,-1.17552056279901,-1.94181264293686,0.917309321216106
"Chum",1971,84,"Grays Harbour","WC",11.6797248125076,-0.508330869348075,-0.937094860106218,0.496419919043755
"Chum",1972,84,"Grays Harbour","WC",11.8195032119751,-0.368552469880617,-0.726603233842978,1.805559640652
"Chum",1973,84,"Grays Harbour","WC",11.6200151205063,-0.568040561349433,-1.02701140100901,0.475101946742668
"Chum",1977,84,"Grays Harbour","WC",12.5124399423599,0.324384260504207,0.316886889322948,0.97214882977017
"Chum",1978,84,"Grays Harbour","WC",12.1120505332947,-0.0760051485610359,-0.286057615506223,2.20676478309549
"Chum",1980,84,"Grays Harbour","WC",12.0680058717728,-0.120049810082942,-0.352384261592326,0.274775249975036
"Chum",1981,84,"Grays Harbour","WC",11.581763958931,-0.606291722924741,-1.0846136431088,1.13234885289601
"Chum",1982,84,"Grays Harbour","WC",13.0100405931473,0.821984911291562,1.06622134023188,0.759353647509034
"Chum",1983,84,"Grays Harbour","WC",11.7034552574158,-0.484600424439943,-0.901359296101382,-0.0844173418125832
"Chum",1984,84,"Grays Harbour","WC",11.9402288198471,-0.247826862008603,-0.544803115731635,2.09843719168277
"Chum",1985,84,"Grays Harbour","WC",12.1046892404556,-0.0833664414000781,-0.297142951344903,-1.11254273415243
"Chum",1986,84,"Grays Harbour","WC",12.2881583690643,0.100102687208626,-0.0208576640825,-0.374888771933417
"Chum",1987,84,"Grays Harbour","WC",12.1179952383041,-0.0700604435515691,-0.277105512535627,1.28292541125623
"Chum",1988,84,"Grays Harbour","WC",12.5809780359268,0.392922354071105,0.420098078110648,0.55639157108762
"Chum",1989,84,"Grays Harbour","WC",12.5305316925049,0.34247601064917,0.344131169730151,1.0142805381344
"Chum",1990,84,"Grays Harbour","WC",11.8287227869034,-0.359332894952331,-0.712719519853518,1.02015659565256
"Chum",1991,84,"Grays Harbour","WC",13.3671099424362,1.17905426058051,1.60393037329378,-0.644611923350853
"Chum",1992,84,"Grays Harbour","WC",12.9994292497635,0.811373567907777,1.05024176875159,-0.55622727954527
"Chum",1993,84,"Grays Harbour","WC",12.6133075237274,0.425251841871699,0.468782899866594,-0.10647441015364
"Chum",1994,84,"Grays Harbour","WC",13.0878978729248,0.8998421910691,1.18346624716488,0.347253669597147
"Chum",1995,84,"Grays Harbour","WC",12.2731127500534,0.0850570681976996,-0.0435147901178022,-0.593637610110536
"Chum",1996,84,"Grays Harbour","WC",13.2510079860687,1.06295230421302,1.42909298996957,0.350687506904006
"Chum",1997,84,"Grays Harbour","WC",13.1103286504745,0.922272968618839,1.21724464828252,0.745907145590168
"Chum",1998,84,"Grays Harbour","WC",11.4359775781631,-0.752078103692568,-1.30415265980784,-0.0549675544543489
"Chum",1999,84,"Grays Harbour","WC",12.5061069726944,0.318051290838686,0.307350100455354,1.87405838242123
"Chum",2000,84,"Grays Harbour","WC",11.734626698494,-0.453428983361751,-0.854418371391159,1.20967495835708
"Chum",2001,84,"Grays Harbour","WC",11.7379542827606,-0.450101399095087,-0.849407378086853,-0.0698165699393655
"Chum",2002,84,"Grays Harbour","WC",12.7820402383804,0.593984556524724,0.722876691514245,-1.19614121645885
"Chum",2003,84,"Grays Harbour","WC",13.3228738307953,1.13481814893957,1.53731542338493,-1.42101681335044
"Chum",2004,84,"Grays Harbour","WC",13.0827518701553,0.894696188299627,1.17571690609481,-1.09224451485092
"Chum",2005,84,"Grays Harbour","WC",12.240718960762,0.0526632789063144,-0.0922964431825867,0.124554018247349
"Chum",2006,84,"Grays Harbour","WC",12.1648407459259,-0.0232149359298108,-0.206561085642782,1.34166833954305
"Chum",2007,84,"Grays Harbour","WC",10.8769217848778,-1.31113389697793,-2.14603211721226,1.72628947749673
"Chum",2008,84,"Grays Harbour","WC",11.503528547287,-0.684527134568728,-1.20242797701917,1.949458948724
"Chum",2009,84,"Grays Harbour","WC",12.0760219573975,-0.112033724458244,-0.340312876415242,0.839105325494608
"Chum",2010,84,"Grays Harbour","WC",11.9932384252548,-0.194817256600892,-0.464976203330628,0.0172344156671801
"Chum",2011,84,"Grays Harbour","WC",12.0241464614868,-0.163909220368892,-0.418431938724197,0.362466767485661
"Chum",2012,84,"Grays Harbour","WC",12.4324535131455,0.244397831289741,0.196435706389907,1.11687141428435
"Chum",2013,84,"Grays Harbour","WC",12.7825380563736,0.594482374517892,0.72362635326001,-0.408453029257326
"Chum",2014,84,"Grays Harbour","WC",13.5470316410065,1.35897595915076,1.87487360255084,0.585412229038125
"Chum",2015,84,"Grays Harbour","WC",13.5576674461365,1.36961176428076,1.89089001085829,0.504450203709074
"Chum",2016,84,"Grays Harbour","WC",12.6822238683701,0.494168186514342,0.572563695148379,-1.04708976135025
"Chum",1968,85,"S Sound Summer","WC",11.7831502358119,-0.528108370902878,-0.892466049205524,1.76463835622577
"Chum",1969,85,"S Sound Summer","WC",11.6897964080175,-0.621462198697266,-1.03440097884723,2.4977395312394
"Chum",1970,85,"S Sound Summer","WC",11.1228460470835,-1.18841255963121,-1.89639090995897,1.68834817193553
"Chum",1971,85,"S Sound Summer","WC",11.7714772224426,-0.539781384272112,-0.910213669955667,1.05084052860212
"Chum",1972,85,"S Sound Summer","WC",11.9240743716558,-0.387184235058972,-0.67820534047617,0.803294419806984
"Chum",1973,85,"S Sound Summer","WC",11.7557787100474,-0.555479896667354,-0.934081649501249,0.076246393127475
"Chum",1974,85,"S Sound Summer","WC",11.6031068960826,-0.708151710632177,-1.16620349908514,-0.361923918721143
"Chum",1975,85,"S Sound Summer","WC",11.535138686498,-0.776119920216745,-1.26954219738154,-0.0469221873676411
"Chum",1976,85,"S Sound Summer","WC",12.0012171268463,-0.310041479868436,-0.560917685657643,-1.4483783743007
"Chum",1977,85,"S Sound Summer","WC",12.6400055090586,0.328746902343884,0.410294595909864,1.75731827640063
"Chum",1978,85,"S Sound Summer","WC",12.2091901699702,-0.102068436744549,-0.244715983589505,-0.194204647842387
"Chum",1979,85,"S Sound Summer","WC",12.4531836509705,0.141925044255712,0.126251103427895,1.69026102733617
"Chum",1980,85,"S Sound Summer","WC",12.1558976173401,-0.155360989374651,-0.325741849230928,0.693279534474506
"Chum",1981,85,"S Sound Summer","WC",11.7076369126638,-0.603621694050965,-1.00727631956361,0.475805798062445
"Chum",1982,85,"S Sound Summer","WC",13.1806500752767,0.869391468561943,1.23228926158491,1.55980366505401
"Chum",1983,85,"S Sound Summer","WC",11.8460661967595,-0.465192409955207,-0.7968087772818,2.26132725826711
"Chum",1984,85,"S Sound Summer","WC",12.082311630249,-0.228946976465721,-0.437621802599211,2.43351945181752
"Chum",1985,85,"S Sound Summer","WC",12.230163693428,-0.0810949132867059,-0.212827890228359,2.39049942702203
"Chum",1986,85,"S Sound Summer","WC",12.4118976593018,0.100639052587026,0.0634799834735028,1.80745558034593
"Chum",1987,85,"S Sound Summer","WC",12.2657570441564,-0.0455015625583501,-0.158711847526085,0.415593098623031
"Chum",1988,85,"S Sound Summer","WC",12.7490382989248,0.437779692210018,0.576067780833509,1.56953056247447
"Chum",1989,85,"S Sound Summer","WC",12.6095175743103,0.298258967595554,0.363940815077693,1.45691575498209
"Chum",1990,85,"S Sound Summer","WC",11.8832871516546,-0.427971455060192,-0.740218129216924,1.56807991517754
"Chum",1991,85,"S Sound Summer","WC",13.4799647331238,1.16870612640904,1.68736652950186,-0.492737730793391
"Chum",1992,85,"S Sound Summer","WC",13.1843131780624,0.873054571347697,1.23785863403004,1.85610096987767
"Chum",1993,85,"S Sound Summer","WC",12.7267109553019,0.415452348587176,0.542121342630951,-0.653233456245554
"Chum",1994,85,"S Sound Summer","WC",13.2656398614248,0.954381254710031,1.36150752292671,-0.00564181591627245
"Chum",1995,85,"S Sound Summer","WC",12.4049975077311,0.0937389010163806,0.0529890100358226,-0.0956436956077274
"Chum",1996,85,"S Sound Summer","WC",13.3769478003184,1.06568919360366,1.53073983882303,-0.878005280328617
"Chum",1997,85,"S Sound Summer","WC",13.2548669179281,0.943608311213314,1.34512836619188,1.26561669571496
"Chum",1998,85,"S Sound Summer","WC",11.6219393412272,-0.689319265487528,-1.13757069591317,-0.063355200841783
"Chum",1999,85,"S Sound Summer","WC",12.6896610657374,0.378402459022656,0.485790781872848,0.584209335825696
"Chum",2000,85,"S Sound Summer","WC",11.8908534049988,-0.420405201715964,-0.72871441628477,1.98582276587325
"Chum",2001,85,"S Sound Summer","WC",11.8111705382665,-0.500088068448237,-0.849864050429444,-0.735697797750925
"Chum",2002,85,"S Sound Summer","WC",12.9054472843806,0.594188677665851,0.813871616739416,0.519523106809644
"Chum",2003,85,"S Sound Summer","WC",13.4064484039942,1.09518979727949,1.57559248392655,0.123202358012065
"Chum",2004,85,"S Sound Summer","WC",13.2303555409114,0.919096934196618,1.30786132900141,-1.04255563900471
"Chum",2005,85,"S Sound Summer","WC",12.3554545640945,0.0441959573797988,-0.02233595933543,0.163894445533085
"Chum",2006,85,"S Sound Summer","WC",12.2926810979843,-0.0185775087304341,-0.117776582459593,-0.41584318849611
"Chum",2007,85,"S Sound Summer","WC",10.9832590421041,-1.32799956461066,-2.10861864821832,-0.157453450244362
"Chum",2008,85,"S Sound Summer","WC",11.6028572718302,-0.708401334884508,-1.16658302718301,0.367875872876285
"Chum",2009,85,"S Sound Summer","WC",12.2522352139155,-0.0590233927992278,-0.179270404890151,0.766158009218521
"Chum",2010,85,"S Sound Summer","WC",12.1831931273142,-0.128065479400497,-0.284241823155414,-0.422005269991683
"Chum",2011,85,"S Sound Summer","WC",12.2336014906565,-0.0776571160582048,-0.207601071797042,-0.947809131699941
"Chum",2012,85,"S Sound Summer","WC",12.5151118834813,0.203853276766601,0.220406635471295,0.153911788978846
"Chum",2013,85,"S Sound Summer","WC",12.8390357891719,0.527777182457116,0.712899743142399,0.0532932119004389
"Chum",2014,85,"S Sound Summer","WC",13.5416243871053,1.23036578039056,1.78111371541131,-0.0222929785984868
"Chum",2015,85,"S Sound Summer","WC",13.648736834526,1.33747822781131,1.94396721641505,-0.420366020422338
"Chum",2016,85,"S Sound Summer","WC",12.8288300434748,0.517571436760085,0.697382952543949,0.201557080926279
"Chum",1968,86,"S Sound Fall","WC",11.7831502358119,-0.528108370902878,-0.892466049205524,1.94320597146547
"Chum",1969,86,"S Sound Fall","WC",11.6897964080175,-0.621462198697266,-1.03440097884723,1.44546725110289
"Chum",1970,86,"S Sound Fall","WC",11.1228460470835,-1.18841255963121,-1.89639090995897,1.44775039951896
"Chum",1971,86,"S Sound Fall","WC",11.7714772224426,-0.539781384272112,-0.910213669955667,0.844321740795939
"Chum",1972,86,"S Sound Fall","WC",11.9240743716558,-0.387184235058972,-0.67820534047617,0.446991643450567
"Chum",1973,86,"S Sound Fall","WC",11.7557787100474,-0.555479896667354,-0.934081649501249,1.66917182296885
"Chum",1974,86,"S Sound Fall","WC",11.6031068960826,-0.708151710632177,-1.16620349908514,1.09049533915222
"Chum",1975,86,"S Sound Fall","WC",11.535138686498,-0.776119920216745,-1.26954219738154,1.1752859212351
"Chum",1976,86,"S Sound Fall","WC",12.0012171268463,-0.310041479868436,-0.560917685657643,0.154046170238408
"Chum",1977,86,"S Sound Fall","WC",12.6400055090586,0.328746902343884,0.410294595909864,1.94731438416282
"Chum",1978,86,"S Sound Fall","WC",12.2091901699702,-0.102068436744549,-0.244715983589505,0.0154398539742358
"Chum",1979,86,"S Sound Fall","WC",12.4531836509705,0.141925044255712,0.126251103427895,2.52284448912839
"Chum",1980,86,"S Sound Fall","WC",12.1558976173401,-0.155360989374651,-0.325741849230928,0.181318565297741
"Chum",1981,86,"S Sound Fall","WC",11.7076369126638,-0.603621694050965,-1.00727631956361,1.98122777919638
"Chum",1982,86,"S Sound Fall","WC",13.1806500752767,0.869391468561943,1.23228926158491,1.92250063400455
"Chum",1983,86,"S Sound Fall","WC",11.8460661967595,-0.465192409955207,-0.7968087772818,1.86625547313777
"Chum",1984,86,"S Sound Fall","WC",12.082311630249,-0.228946976465721,-0.437621802599211,1.82012784543078
"Chum",1985,86,"S Sound Fall","WC",12.230163693428,-0.0810949132867059,-0.212827890228359,0.572177171359521
"Chum",1986,86,"S Sound Fall","WC",12.4118976593018,0.100639052587026,0.0634799834735028,1.28892993994607
"Chum",1987,86,"S Sound Fall","WC",12.2657570441564,-0.0455015625583501,-0.158711847526085,-0.0581734314330785
"Chum",1988,86,"S Sound Fall","WC",12.7490382989248,0.437779692210018,0.576067780833509,1.7121517070745
"Chum",1989,86,"S Sound Fall","WC",12.6095175743103,0.298258967595554,0.363940815077693,1.19950219313931
"Chum",1990,86,"S Sound Fall","WC",11.8832871516546,-0.427971455060192,-0.740218129216924,1.60022768981794
"Chum",1991,86,"S Sound Fall","WC",13.4799647331238,1.16870612640904,1.68736652950186,0.84957050457329
"Chum",1992,86,"S Sound Fall","WC",13.1843131780624,0.873054571347697,1.23785863403004,1.6680567820489
"Chum",1993,86,"S Sound Fall","WC",12.7267109553019,0.415452348587176,0.542121342630951,-0.00469343631742031
"Chum",1994,86,"S Sound Fall","WC",13.2656398614248,0.954381254710031,1.36150752292671,0.233505373170968
"Chum",1995,86,"S Sound Fall","WC",12.4049975077311,0.0937389010163806,0.0529890100358226,0.823554806224243
"Chum",1996,86,"S Sound Fall","WC",13.3769478003184,1.06568919360366,1.53073983882303,-0.221800530926422
"Chum",1997,86,"S Sound Fall","WC",13.2548669179281,0.943608311213314,1.34512836619188,1.73416318424322
"Chum",1998,86,"S Sound Fall","WC",11.6219393412272,-0.689319265487528,-1.13757069591317,0.95111865917335
"Chum",1999,86,"S Sound Fall","WC",12.6896610657374,0.378402459022656,0.485790781872848,1.6836947088928
"Chum",2000,86,"S Sound Fall","WC",11.8908534049988,-0.420405201715964,-0.72871441628477,2.17499082424562
"Chum",2001,86,"S Sound Fall","WC",11.8111705382665,-0.500088068448237,-0.849864050429444,0.301294080240442
"Chum",2002,86,"S Sound Fall","WC",12.9054472843806,0.594188677665851,0.813871616739416,0.496028596077023
"Chum",2003,86,"S Sound Fall","WC",13.4064484039942,1.09518979727949,1.57559248392655,1.44649555718686
"Chum",2004,86,"S Sound Fall","WC",13.2303555409114,0.919096934196618,1.30786132900141,0.41009575817771
"Chum",2005,86,"S Sound Fall","WC",12.3554545640945,0.0441959573797988,-0.02233595933543,0.903665023059008
"Chum",2006,86,"S Sound Fall","WC",12.2926810979843,-0.0185775087304341,-0.117776582459593,0.278717840809055
"Chum",2007,86,"S Sound Fall","WC",10.9832590421041,-1.32799956461066,-2.10861864821832,0.672330524151087
"Chum",2008,86,"S Sound Fall","WC",11.6028572718302,-0.708401334884508,-1.16658302718301,0.671046371922743
"Chum",2009,86,"S Sound Fall","WC",12.2522352139155,-0.0590233927992278,-0.179270404890151,1.42814175636867
"Chum",2010,86,"S Sound Fall","WC",12.1831931273142,-0.128065479400497,-0.284241823155414,1.27627255965392
"Chum",2011,86,"S Sound Fall","WC",12.2336014906565,-0.0776571160582048,-0.207601071797042,0.485318689776338
"Chum",2012,86,"S Sound Fall","WC",12.5151118834813,0.203853276766601,0.220406635471295,0.930787757658293
"Chum",2013,86,"S Sound Fall","WC",12.8390357891719,0.527777182457116,0.712899743142399,0.802273465811586
"Chum",2014,86,"S Sound Fall","WC",13.5416243871053,1.23036578039056,1.78111371541131,0.621536838692769
"Chum",2015,86,"S Sound Fall","WC",13.648736834526,1.33747822781131,1.94396721641505,0.800577732864046
"Chum",2016,86,"S Sound Fall","WC",12.8288300434748,0.517571436760085,0.697382952543949,0.169830687340664
"Chum",1968,87,"S Sound Winter","WC",11.7831502358119,-0.528108370902878,-0.892466049205524,0.933526024035656
"Chum",1969,87,"S Sound Winter","WC",11.6897964080175,-0.621462198697266,-1.03440097884723,0.726180196944751
"Chum",1970,87,"S Sound Winter","WC",11.1228460470835,-1.18841255963121,-1.89639090995897,0.648425867216524
"Chum",1971,87,"S Sound Winter","WC",11.7714772224426,-0.539781384272112,-0.910213669955667,0.613473396137789
"Chum",1972,87,"S Sound Winter","WC",11.9240743716558,-0.387184235058972,-0.67820534047617,-0.122870398946007
"Chum",1973,87,"S Sound Winter","WC",11.7557787100474,-0.555479896667354,-0.934081649501249,0.805442521708864
"Chum",1974,87,"S Sound Winter","WC",11.6031068960826,-0.708151710632177,-1.16620349908514,0.269750602664735
"Chum",1975,87,"S Sound Winter","WC",11.535138686498,-0.776119920216745,-1.26954219738154,1.56989830786064
"Chum",1976,87,"S Sound Winter","WC",12.0012171268463,-0.310041479868436,-0.560917685657643,0.0834588227226077
"Chum",1977,87,"S Sound Winter","WC",12.6400055090586,0.328746902343884,0.410294595909864,1.44554657314399
"Chum",1978,87,"S Sound Winter","WC",12.2091901699702,-0.102068436744549,-0.244715983589505,0.227941533509757
"Chum",1979,87,"S Sound Winter","WC",12.4531836509705,0.141925044255712,0.126251103427895,0.605214750609013
"Chum",1980,87,"S Sound Winter","WC",12.1558976173401,-0.155360989374651,-0.325741849230928,0.360935026702793
"Chum",1981,87,"S Sound Winter","WC",11.7076369126638,-0.603621694050965,-1.00727631956361,0.594348191932819
"Chum",1982,87,"S Sound Winter","WC",13.1806500752767,0.869391468561943,1.23228926158491,0.236471406900709
"Chum",1983,87,"S Sound Winter","WC",11.8460661967595,-0.465192409955207,-0.7968087772818,2.00955560553551
"Chum",1984,87,"S Sound Winter","WC",12.082311630249,-0.228946976465721,-0.437621802599211,1.35361745172664
"Chum",1985,87,"S Sound Winter","WC",12.230163693428,-0.0810949132867059,-0.212827890228359,0.877892145006504
"Chum",1986,87,"S Sound Winter","WC",12.4118976593018,0.100639052587026,0.0634799834735028,1.26822063215793
"Chum",1987,87,"S Sound Winter","WC",12.2657570441564,-0.0455015625583501,-0.158711847526085,-0.900534983731817
"Chum",1988,87,"S Sound Winter","WC",12.7490382989248,0.437779692210018,0.576067780833509,-0.0953593832359227
"Chum",1989,87,"S Sound Winter","WC",12.6095175743103,0.298258967595554,0.363940815077693,-0.533613009700605
"Chum",1990,87,"S Sound Winter","WC",11.8832871516546,-0.427971455060192,-0.740218129216924,2.07601165131569
"Chum",1991,87,"S Sound Winter","WC",13.4799647331238,1.16870612640904,1.68736652950186,-0.11222928011103
"Chum",1992,87,"S Sound Winter","WC",13.1843131780624,0.873054571347697,1.23785863403004,1.66216845348273
"Chum",1993,87,"S Sound Winter","WC",12.7267109553019,0.415452348587176,0.542121342630951,-1.26970803902265
"Chum",1994,87,"S Sound Winter","WC",13.2656398614248,0.954381254710031,1.36150752292671,-0.253060581012123
"Chum",1995,87,"S Sound Winter","WC",12.4049975077311,0.0937389010163806,0.0529890100358226,-0.476803658999541
"Chum",1996,87,"S Sound Winter","WC",13.3769478003184,1.06568919360366,1.53073983882303,-0.0497495041230022
"Chum",1997,87,"S Sound Winter","WC",13.2548669179281,0.943608311213314,1.34512836619188,0.521754694298181
"Chum",1998,87,"S Sound Winter","WC",11.6219393412272,-0.689319265487528,-1.13757069591317,1.58577643264888
"Chum",1999,87,"S Sound Winter","WC",12.6896610657374,0.378402459022656,0.485790781872848,1.08573939318586
"Chum",2000,87,"S Sound Winter","WC",11.8908534049988,-0.420405201715964,-0.72871441628477,2.53889137301756
"Chum",2001,87,"S Sound Winter","WC",11.8111705382665,-0.500088068448237,-0.849864050429444,0.126629351463384
"Chum",2002,87,"S Sound Winter","WC",12.9054472843806,0.594188677665851,0.813871616739416,-1.77636071357289
"Chum",2003,87,"S Sound Winter","WC",13.4064484039942,1.09518979727949,1.57559248392655,0.695198528067353
"Chum",2004,87,"S Sound Winter","WC",13.2303555409114,0.919096934196618,1.30786132900141,0.335182480221795
"Chum",2005,87,"S Sound Winter","WC",12.3554545640945,0.0441959573797988,-0.02233595933543,0.584615545214449
"Chum",2006,87,"S Sound Winter","WC",12.2926810979843,-0.0185775087304341,-0.117776582459593,-0.249367904200741
"Chum",2007,87,"S Sound Winter","WC",10.9832590421041,-1.32799956461066,-2.10861864821832,0.985186788654749
"Chum",2008,87,"S Sound Winter","WC",11.6028572718302,-0.708401334884508,-1.16658302718301,-0.864752271567071
"Chum",2009,87,"S Sound Winter","WC",12.2522352139155,-0.0590233927992278,-0.179270404890151,0.750123554111001
"Chum",2010,87,"S Sound Winter","WC",12.1831931273142,-0.128065479400497,-0.284241823155414,0.275037053004876
"Chum",2011,87,"S Sound Winter","WC",12.2336014906565,-0.0776571160582048,-0.207601071797042,-1.01451076649314
"Chum",2012,87,"S Sound Winter","WC",12.5151118834813,0.203853276766601,0.220406635471295,0.0198998515439837
"Chum",2013,87,"S Sound Winter","WC",12.8390357891719,0.527777182457116,0.712899743142399,-0.266253123411017
"Chum",2014,87,"S Sound Winter","WC",13.5416243871053,1.23036578039056,1.78111371541131,0.625117398271962
"Chum",2015,87,"S Sound Winter","WC",13.648736834526,1.33747822781131,1.94396721641505,0.0731945932306613
"Chum",2016,87,"S Sound Winter","WC",12.8288300434748,0.517571436760085,0.697382952543949,-1.11710181762153
"Chum",1968,88,"Hood Canal","WC",11.5582394599915,-0.557746831684898,-0.92819103402591,0.84252868556221
"Chum",1969,88,"Hood Canal","WC",11.4922501359667,-0.623736155709645,-1.02617741111179,0.584344320711146
"Chum",1970,88,"Hood Canal","WC",10.9063493864877,-1.20963690518867,-1.89617104450353,0.76726371745929
"Chum",1971,88,"Hood Canal","WC",11.5526133605412,-0.563372931135135,-0.936545129334522,0.288726788833442
"Chum",1972,88,"Hood Canal","WC",11.7519425324031,-0.364043759273224,-0.640564776649689,0.434259870100898
"Chum",1973,88,"Hood Canal","WC",11.5574064935957,-0.558579798080692,-0.929427891056413,1.4936013127808
"Chum",1974,88,"Hood Canal","WC",11.4090891224997,-0.706897169176611,-1.14966172535273,1.6694218630089
"Chum",1975,88,"Hood Canal","WC",11.3088447366442,-0.807141555032159,-1.29851283632184,2.00708072405265
"Chum",1976,88,"Hood Canal","WC",11.7913628646306,-0.324623427045795,-0.582030224347878,-0.256966930112326
"Chum",1977,88,"Hood Canal","WC",12.4562704903739,0.340284198697527,0.40527931861596,1.70947863456688
"Chum",1978,88,"Hood Canal","WC",12.0293048109327,-0.0866814807436501,-0.228714447599387,-0.413258549478823
"Chum",1979,88,"Hood Canal","WC",12.2047363689968,0.0887500773204052,0.0317807621224515,1.39397961793994
"Chum",1980,88,"Hood Canal","WC",11.9688183920724,-0.147167899603939,-0.318529658387065,1.06224464449723
"Chum",1981,88,"Hood Canal","WC",11.4832988807133,-0.632687410963023,-1.03946897130903,2.81552169462477
"Chum",1982,88,"Hood Canal","WC",12.9936484949929,0.877662203316582,1.20322238859674,2.38989107753456
"Chum",1983,88,"Hood Canal","WC",11.5957348006112,-0.520251491065129,-0.872514867627319,3.54270019507497
"Chum",1984,88,"Hood Canal","WC",11.8726166657039,-0.24336962597244,-0.461377895970496,2.02189651548378
"Chum",1985,88,"Hood Canal","WC",12.0046112196786,-0.11137507199774,-0.26538152337244,1.24890271428969
"Chum",1986,88,"Hood Canal","WC",12.2091767447335,0.09319045305719,0.0383741973148538,1.28060664063457
"Chum",1987,88,"Hood Canal","WC",12.0460322925023,-0.0699539991740823,-0.203876106837506,1.52428064868921
"Chum",1988,88,"Hood Canal","WC",12.5609565462385,0.444970254562137,0.560725786619433,2.44528394072289
"Chum",1989,88,"Hood Canal","WC",12.4806068965367,0.364620604860342,0.441416016580778,2.50917554020822
"Chum",1990,88,"Hood Canal","WC",11.8244182382311,-0.291568053445244,-0.532946886244221,2.34593524264634
"Chum",1991,88,"Hood Canal","WC",13.253890650613,1.13790435893662,1.58965135072197,0.838852741615271
"Chum",1992,88,"Hood Canal","WC",12.9943550314222,0.878368739745856,1.20427151201188,1.89129856619492
"Chum",1993,88,"Hood Canal","WC",12.6135498455593,0.497563553882903,0.638820644167947,0.942107751221091
"Chum",1994,88,"Hood Canal","WC",13.083334514073,0.967348222396618,1.33639556796758,0.192760597300285
"Chum",1995,88,"Hood Canal","WC",12.1608693940299,0.0448831023535456,-0.0333565311328609,-0.00270172923878093
"Chum",1996,88,"Hood Canal","WC",13.1263436249324,1.01035733325608,1.40025903402193,-1.50204612562132
"Chum",1997,88,"Hood Canal","WC",13.1130666051592,0.997080313482863,1.38054422279599,1.09694710282097
"Chum",1998,88,"Hood Canal","WC",11.4169475691659,-0.699038722510441,-1.13799285724837,1.31969331949027
"Chum",1999,88,"Hood Canal","WC",12.4737072672163,0.357720975539923,0.431170879350855,2.54303585372771
"Chum",2000,88,"Hood Canal","WC",11.7028760228838,-0.413110268792522,-0.713422766560952,2.74783597446221
"Chum",2001,88,"Hood Canal","WC",11.695175579616,-0.420810712060342,-0.724857018220904,1.00220328239432
"Chum",2002,88,"Hood Canal","WC",12.7789231027876,0.662936811111217,0.884380461338036,0.736239174222748
"Chum",2003,88,"Hood Canal","WC",13.2947526318686,1.17876634019228,1.6503265821017,0.564019381651834
"Chum",2004,88,"Hood Canal","WC",13.0934829371316,0.977496645455264,1.35146478141003,0.111664432711703
"Chum",2005,88,"Hood Canal","WC",12.1863466671535,0.0703603754771417,0.00447421995155041,1.02563171781257
"Chum",2006,88,"Hood Canal","WC",12.0348975658417,-0.0810887258346782,-0.220409865008816,-0.385451084233944
"Chum",2007,88,"Hood Canal","WC",10.7951271363667,-1.32085915530965,-2.06132299145495,1.34431267411394
"Chum",2008,88,"Hood Canal","WC",11.4085219928196,-0.707464298856711,-1.15050384615806,0.56633357636548
"Chum",2009,88,"Hood Canal","WC",12.067200422287,-0.0487858693893578,-0.17244392628492,3.36419868049768
"Chum",2010,88,"Hood Canal","WC",12.0136893136161,-0.102296978060286,-0.251901622662397,2.73010105149291
"Chum",2011,88,"Hood Canal","WC",11.9866244792938,-0.129361812382529,-0.292089715219183,1.32839136053064
"Chum",2012,88,"Hood Canal","WC",12.3990178448813,0.283031553204982,0.320265880559022,1.22324420834451
"Chum",2013,88,"Hood Canal","WC",12.6004411833627,0.484454891686345,0.619355824122182,1.5418227014872
"Chum",2014,88,"Hood Canal","WC",13.4600647517613,1.34407846008495,1.89579561752621,-0.00425665618161291
"Chum",2015,88,"Hood Canal","WC",13.5389200959887,1.42293380431232,2.01288651986373,0.315130196360425
"Chum",2016,88,"Hood Canal","WC",12.6328856263842,0.516899334707831,0.667532002242337,0.072617599338414
"Chum",1968,92,"Strait of Juan de Fuca","WC",11.4519304633141,-0.559516710981932,-0.923555492558593,1.57056496489031
"Chum",1969,92,"Strait of Juan de Fuca","WC",11.3965910673141,-0.614856106981843,-1.00516216228532,1.06844606684252
"Chum",1970,92,"Strait of Juan de Fuca","WC",10.7953853160143,-1.21606185828171,-1.891734888598,0.713298995997253
"Chum",1971,92,"Strait of Juan de Fuca","WC",11.4437734484673,-0.567673725828726,-0.935584297798163,0.571873346921507
"Chum",1972,92,"Strait of Juan de Fuca","WC",11.6442596018314,-0.367187572464552,-0.639935836033262,0.489736693744071
"Chum",1973,92,"Strait of Juan de Fuca","WC",11.4497574865818,-0.561689687714192,-0.926759889558403,1.3162927024811
"Chum",1974,92,"Strait of Juan de Fuca","WC",11.2887197732925,-0.722727401003442,-1.16423540305993,2.33581074062237
"Chum",1975,92,"Strait of Juan de Fuca","WC",11.1825142800808,-0.828932894215201,-1.32085215774425,1.08684744708852
"Chum",1976,92,"Strait of Juan de Fuca","WC",11.6762404739857,-0.335206700310323,-0.592774994750009,-0.1801036935629
"Chum",1977,92,"Strait of Juan de Fuca","WC",12.3448137938976,0.333366619601638,0.393141839366603,2.08834471658031
"Chum",1978,92,"Strait of Juan de Fuca","WC",11.9289673566818,-0.0824798176141655,-0.220089336104871,1.38833666671671
"Chum",1979,92,"Strait of Juan de Fuca","WC",12.085672557354,0.0742253830579858,0.0109972040469863,2.29980345003217
"Chum",1980,92,"Strait of Juan de Fuca","WC",11.8773666024208,-0.134080571875174,-0.2961827887807,0.0636826799697178
"Chum",1981,92,"Strait of Juan de Fuca","WC",11.3752655982971,-0.636181575998864,-1.03660993064988,0.615697139162219
"Chum",1982,92,"Strait of Juan de Fuca","WC",12.8890907466412,0.87764357234517,1.19576407113948,-0.618259383983155
"Chum",1983,92,"Strait of Juan de Fuca","WC",11.4859465658665,-0.52550060842952,-0.873393382975943,1.59454628334455
"Chum",1984,92,"Strait of Juan de Fuca","WC",11.7550913095474,-0.256355864748559,-0.476496998232378,0.571483916182944
"Chum",1985,92,"Strait of Juan de Fuca","WC",11.8978414237499,-0.113605750546059,-0.26598943462986,-0.171184676780748
"Chum",1986,92,"Strait of Juan de Fuca","WC",12.0952987372875,0.0838515629915346,0.0251925249819752,-0.222421268870386
"Chum",1987,92,"Strait of Juan de Fuca","WC",11.9348650574684,-0.0765821168275688,-0.211392245875703,-1.2545983926876
"Chum",1988,92,"Strait of Juan de Fuca","WC",12.4532074332237,0.441760258927734,0.552985360697719,-0.619597044018569
"Chum",1989,92,"Strait of Juan de Fuca","WC",12.3899008929729,0.378453718676961,0.459629879879045,0.321535704030791
"Chum",1990,92,"Strait of Juan de Fuca","WC",11.7449113130569,-0.266535861239046,-0.49150900905049,0.783544292343706
"Chum",1991,92,"Strait of Juan de Fuca","WC",13.1395713090897,1.12812413479368,1.56513717620072,-1.59358254064431
"Chum",1992,92,"Strait of Juan de Fuca","WC",12.8853107392788,0.873863564982806,1.19018985395096,-0.711892404245672
"Chum",1993,92,"Strait of Juan de Fuca","WC",12.5318796634674,0.52043248917142,0.668999975497128,-0.758505856146471
"Chum",1994,92,"Strait of Juan de Fuca","WC",12.9745062887669,0.963059114470879,1.32172276313159,-0.141650517063027
"Chum",1995,92,"Strait of Juan de Fuca","WC",12.0462116003037,0.0347644260076668,-0.0471942024712774,1.14275564722725
"Chum",1996,92,"Strait of Juan de Fuca","WC",13.0086309909821,0.997183816686075,1.37204502004966,-1.9748550198687
"Chum",1997,92,"Strait of Juan de Fuca","WC",13.0115703344345,1.00012316013852,1.37637954568015,-1.21545211870313
"Chum",1998,92,"Strait of Juan de Fuca","WC",11.2942041754723,-0.717242998823727,-1.15614778682847,1.07508179125792
"Chum",1999,92,"Strait of Juan de Fuca","WC",12.3575990498066,0.346151875510609,0.411995716202136,0.643177075250665
"Chum",2000,92,"Strait of Juan de Fuca","WC",11.5874959230423,-0.423951251253686,-0.723642835427083,2.44887718620878
"Chum",2001,92,"Strait of Juan de Fuca","WC",11.6073045432568,-0.404142631039223,-0.694431899919466,0.345553420594871
"Chum",2002,92,"Strait of Juan de Fuca","WC",12.687228769064,0.675781594767965,0.898086739522891,-0.641788285874983
"Chum",2003,92,"Strait of Juan de Fuca","WC",13.2048262357712,1.19337906147519,1.66136586018832,-0.140807264653574
"Chum",2004,92,"Strait of Juan de Fuca","WC",13.005641490221,0.994194315925042,1.36763652955487,-1.34619507516569
"Chum",2005,92,"Strait of Juan de Fuca","WC",12.0981498062611,0.0867026319650761,0.029396875967163,-0.552871847226304
"Chum",2006,92,"Strait of Juan de Fuca","WC",11.9083122909069,-0.103134883389082,-0.250548489126349,-0.0055226964826513
"Chum",2007,92,"Strait of Juan de Fuca","WC",10.6917659640312,-1.31968121026477,-2.04453797005181,2.55394405379483
"Chum",2008,92,"Strait of Juan de Fuca","WC",11.3120053559542,-0.699441818341825,-1.12989713789954,0.715979222602591
"Chum",2009,92,"Strait of Juan de Fuca","WC",11.9546478390694,-0.0567993352266146,-0.182219413479996,0.840612661844921
"Chum",2010,92,"Strait of Juan de Fuca","WC",11.9074915349483,-0.103955639347645,-0.251758823269439,0.479821250011268
"Chum",2011,92,"Strait of Juan de Fuca","WC",11.8511697947979,-0.160277379498092,-0.334814114420422,-0.828713538274838
"Chum",2012,92,"Strait of Juan de Fuca","WC",12.3085099160671,0.297062741771139,0.33960604421774,-0.491754723969384
"Chum",2013,92,"Strait of Juan de Fuca","WC",12.5053054094315,0.493858235135478,0.62981204557558,0.447299636657825
"Chum",2014,92,"Strait of Juan de Fuca","WC",13.388983219862,1.377536045566,1.93293438577528,-2.98568193770049
"Chum",2015,92,"Strait of Juan de Fuca","WC",13.4516291618347,1.44018198753872,2.0253157102172,-0.717875192006938
"Chum",2016,92,"Strait of Juan de Fuca","WC",12.5251769721508,0.513729797854809,0.659115799736413,0.22321667478322
"Chum",1968,89,"Port Susan","WC",11.638171672821,-0.562132952420135,-0.942023229179125,0.640351296606367
"Chum",1969,89,"Port Susan","WC",11.5663098891576,-0.633994736083566,-1.04921993154495,0.0991704878134393
"Chum",1970,89,"Port Susan","WC",10.9884994824727,-1.21180514276845,-1.91114357206259,-0.167686344566009
"Chum",1971,89,"Port Susan","WC",11.6215970118841,-0.57870761335712,-0.966747761534152,0.247246456341292
"Chum",1972,89,"Port Susan","WC",11.8307273387909,-0.36957728645029,-0.654786656949057,1.01271891990951
"Chum",1973,89,"Port Susan","WC",11.6481247742971,-0.552179850944113,-0.927176121270712,0.897346994885332
"Chum",1974,89,"Port Susan","WC",11.5081800619761,-0.692124563265062,-1.13593258276631,0.740085523809771
"Chum",1975,89,"Port Susan","WC",11.4163659016291,-0.783938723612057,-1.27289237861247,0.296087409627713
"Chum",1976,89,"Port Susan","WC",11.9004380702972,-0.299866554943944,-0.550798693444159,0.312985310220289
"Chum",1977,89,"Port Susan","WC",12.539906779925,0.339602154683842,0.403101049140592,0.822228641660166
"Chum",1978,89,"Port Susan","WC",12.0985187292099,-0.101785896031281,-0.255320452362139,0.985325292846456
"Chum",1979,89,"Port Susan","WC",12.3092483679454,0.108943742704172,0.0590263563530681,0.514373973706239
"Chum",1980,89,"Port Susan","WC",12.0381656885147,-0.162138936726465,-0.345349486021743,0.509091139925938
"Chum",1981,89,"Port Susan","WC",11.5666562716166,-0.633648353624561,-1.04870323051876,2.31159944104927
"Chum",1982,89,"Port Susan","WC",13.0934450229009,0.893140397659717,1.2288177410376,1.10411494545153
"Chum",1983,89,"Port Susan","WC",11.6946057478587,-0.505698877382497,-0.857840142749853,2.09415690016501
"Chum",1984,89,"Port Susan","WC",11.9718673229218,-0.228437302319426,-0.444247200516211,1.64127725337723
"Chum",1985,89,"Port Susan","WC",12.0917661587397,-0.10853846650145,-0.26539330680568,-0.73660648264021
"Chum",1986,89,"Port Susan","WC",12.2978515625,0.0975469372588276,0.0420256655969396,0.548592155059719
"Chum",1987,89,"Port Susan","WC",12.137734413147,-0.062570212094205,-0.196822154869779,0.173021617414993
"Chum",1988,89,"Port Susan","WC",12.6631323496501,0.462827724408884,0.586917454026135,0.192979720767552
"Chum",1989,89,"Port Susan","WC",12.5468460321426,0.346541406901461,0.413452377992898,1.31827516616129
"Chum",1990,89,"Port Susan","WC",11.874424735705,-0.32587988953613,-0.589602958293491,1.58046642349647
"Chum",1991,89,"Port Susan","WC",13.3306065400442,1.13030191480298,1.58259315920567,0.806287432955237
"Chum",1992,89,"Port Susan","WC",13.1073172489802,0.907012623739025,1.24951103327676,1.12191507146217
"Chum",1993,89,"Port Susan","WC",12.6877340873082,0.487429462067067,0.623616030306651,0.29564619147625
"Chum",1994,89,"Port Susan","WC",13.1870526075363,0.986747982295146,1.36845279986587,-0.449826783063238
"Chum",1995,89,"Port Susan","WC",12.254433631897,0.054129006655801,-0.0227411512968796,1.43576723386814
"Chum",1996,89,"Port Susan","WC",13.2148352861404,1.01453066089927,1.40989640698812,-0.955553688597052
"Chum",1997,89,"Port Susan","WC",13.2002125581106,0.999907932869371,1.38808358597969,1.2110902720948
"Chum",1998,89,"Port Susan","WC",11.5312667687734,-0.66903785646778,-1.10149398813378,1.02729746765371
"Chum",1999,89,"Port Susan","WC",12.5825641552607,0.382259530019542,0.466733340665458,0.992963400491704
"Chum",2000,89,"Port Susan","WC",11.7997841040293,-0.400520521211836,-0.700944886787947,1.53936945772449
"Chum",2001,89,"Port Susan","WC",11.7507197062175,-0.449584919023724,-0.774134576507211,0.496915391930686
"Chum",2002,89,"Port Susan","WC",12.8610566059748,0.660751980733659,0.88216238832382,-0.0656752832311374
"Chum",2003,89,"Port Susan","WC",13.3639675378799,1.16366291263876,1.63235798236089,-0.364138572025424
"Chum",2004,89,"Port Susan","WC",13.1862010161082,0.985896390867025,1.3671824752482,-0.821421631250693
"Chum",2005,89,"Port Susan","WC",12.2671165466309,0.0668119213896784,-0.00382196273030846,0.480587304991086
"Chum",2006,89,"Port Susan","WC",12.1290962696075,-0.0712083556336352,-0.209707731246877,-2.24562962792526
"Chum",2007,89,"Port Susan","WC",10.8781929413478,-1.32211168389342,-2.07568857575131,0.481666855088309
"Chum",2008,89,"Port Susan","WC",11.4854460557302,-0.714858569511005,-1.16984505163214,-0.705049409546475
"Chum",2009,89,"Port Susan","WC",12.1781110366186,-0.0221935886226211,-0.13659207612456,-0.0110764866260967
"Chum",2010,89,"Port Susan","WC",12.1283733447393,-0.0719312805019106,-0.210786123098383,0.459111860970446
"Chum",2011,89,"Port Susan","WC",12.1125862598419,-0.0877183653992585,-0.234335823018039,-1.93051458849428
"Chum",2012,89,"Port Susan","WC",12.461522102356,0.261217477114783,0.286174102395635,-0.940865952437698
"Chum",2013,89,"Port Susan","WC",12.6539690494537,0.453664424212566,0.573248497958554,-0.830629270137967
"Chum",2014,89,"Port Susan","WC",13.483314593633,1.28300996839183,1.81038878206548,-0.743036117054566
"Chum",2015,89,"Port Susan","WC",13.6075384616852,1.40723383644399,1.9956943552292,0.366847510133096
"Chum",2016,89,"Port Susan","WC",12.7286537885666,0.528349163325403,0.684656221811395,0.977125906025066
"Chum",1968,90,"Skagit","WC",11.638171672821,-0.562132952420135,-0.942023229179125,1.40366291230483
"Chum",1969,90,"Skagit","WC",11.5663098891576,-0.633994736083566,-1.04921993154495,1.330414416022
"Chum",1970,90,"Skagit","WC",10.9884994824727,-1.21180514276845,-1.91114357206259,0.150889351456732
"Chum",1971,90,"Skagit","WC",11.6215970118841,-0.57870761335712,-0.966747761534152,-0.0103551068880877
"Chum",1972,90,"Skagit","WC",11.8307273387909,-0.36957728645029,-0.654786656949057,-0.0707058756193194
"Chum",1973,90,"Skagit","WC",11.6481247742971,-0.552179850944113,-0.927176121270712,-0.550759590893073
"Chum",1974,90,"Skagit","WC",11.5081800619761,-0.692124563265062,-1.13593258276631,0.288659765688382
"Chum",1975,90,"Skagit","WC",11.4163659016291,-0.783938723612057,-1.27289237861247,1.00380741618701
"Chum",1976,90,"Skagit","WC",11.9004380702972,-0.299866554943944,-0.550798693444159,0.236278415437997
"Chum",1977,90,"Skagit","WC",12.539906779925,0.339602154683842,0.403101049140592,0.76581661851932
"Chum",1978,90,"Skagit","WC",12.0985187292099,-0.101785896031281,-0.255320452362139,0.789353086919885
"Chum",1979,90,"Skagit","WC",12.3092483679454,0.108943742704172,0.0590263563530681,-0.065466097888715
"Chum",1980,90,"Skagit","WC",12.0381656885147,-0.162138936726465,-0.345349486021743,0.599105179545843
"Chum",1981,90,"Skagit","WC",11.5666562716166,-0.633648353624561,-1.04870323051876,1.73468786832885
"Chum",1982,90,"Skagit","WC",13.0934450229009,0.893140397659717,1.2288177410376,0.984127244158192
"Chum",1983,90,"Skagit","WC",11.6946057478587,-0.505698877382497,-0.857840142749853,1.79184424013473
"Chum",1984,90,"Skagit","WC",11.9718673229218,-0.228437302319426,-0.444247200516211,1.37773529133248
"Chum",1985,90,"Skagit","WC",12.0917661587397,-0.10853846650145,-0.26539330680568,-0.583278144743118
"Chum",1986,90,"Skagit","WC",12.2978515625,0.0975469372588276,0.0420256655969396,1.36969818180266
"Chum",1987,90,"Skagit","WC",12.137734413147,-0.062570212094205,-0.196822154869779,-0.233535022089408
"Chum",1988,90,"Skagit","WC",12.6631323496501,0.462827724408884,0.586917454026135,0.531532849383818
"Chum",1989,90,"Skagit","WC",12.5468460321426,0.346541406901461,0.413452377992898,0.856756927443206
"Chum",1990,90,"Skagit","WC",11.874424735705,-0.32587988953613,-0.589602958293491,1.01220505215499
"Chum",1991,90,"Skagit","WC",13.3306065400442,1.13030191480298,1.58259315920567,0.212468594346578
"Chum",1992,90,"Skagit","WC",13.1073172489802,0.907012623739025,1.24951103327676,0.409134277021426
"Chum",1993,90,"Skagit","WC",12.6877340873082,0.487429462067067,0.623616030306651,0.0454916958377711
"Chum",1994,90,"Skagit","WC",13.1870526075363,0.986747982295146,1.36845279986587,0.0682398336283301
"Chum",1995,90,"Skagit","WC",12.254433631897,0.054129006655801,-0.0227411512968796,0.2425170730758
"Chum",1996,90,"Skagit","WC",13.2148352861404,1.01453066089927,1.40989640698812,-0.269049287456916
"Chum",1997,90,"Skagit","WC",13.2002125581106,0.999907932869371,1.38808358597969,1.31891690573683
"Chum",1998,90,"Skagit","WC",11.5312667687734,-0.66903785646778,-1.10149398813378,1.27499984875633
"Chum",1999,90,"Skagit","WC",12.5825641552607,0.382259530019542,0.466733340665458,0.496595271444773
"Chum",2000,90,"Skagit","WC",11.7997841040293,-0.400520521211836,-0.700944886787947,1.99746165506168
"Chum",2001,90,"Skagit","WC",11.7507197062175,-0.449584919023724,-0.774134576507211,-0.485057451329933
"Chum",2002,90,"Skagit","WC",12.8610566059748,0.660751980733659,0.88216238832382,0.0502035649961211
"Chum",2003,90,"Skagit","WC",13.3639675378799,1.16366291263876,1.63235798236089,0.640895077530597
"Chum",2004,90,"Skagit","WC",13.1862010161082,0.985896390867025,1.3671824752482,-1.54015116295783
"Chum",2005,90,"Skagit","WC",12.2671165466309,0.0668119213896784,-0.00382196273030846,-0.145501913949537
"Chum",2006,90,"Skagit","WC",12.1290962696075,-0.0712083556336352,-0.209707731246877,-0.747471619404363
"Chum",2007,90,"Skagit","WC",10.8781929413478,-1.32211168389342,-2.07568857575131,0.0197522202593468
"Chum",2008,90,"Skagit","WC",11.4854460557302,-0.714858569511005,-1.16984505163214,0.487535716859139
"Chum",2009,90,"Skagit","WC",12.1781110366186,-0.0221935886226211,-0.13659207612456,-0.633117768327238
"Chum",2010,90,"Skagit","WC",12.1283733447393,-0.0719312805019106,-0.210786123098383,0.478989942797214
"Chum",2011,90,"Skagit","WC",12.1125862598419,-0.0877183653992585,-0.234335823018039,-1.17940789750165
"Chum",2012,90,"Skagit","WC",12.461522102356,0.261217477114783,0.286174102395635,0.0146417895262701
"Chum",2013,90,"Skagit","WC",12.6539690494537,0.453664424212566,0.573248497958554,-1.20690278005227
"Chum",2014,90,"Skagit","WC",13.483314593633,1.28300996839183,1.81038878206548,-1.0500476188961
"Chum",2015,90,"Skagit","WC",13.6075384616852,1.40723383644399,1.9956943552292,-0.892284368590766
"Chum",2016,90,"Skagit","WC",12.7286537885666,0.528349163325403,0.684656221811395,-0.788083642789559
"Chum",1968,91,"Bellingham","WC",11.5873989582062,-0.578336379299422,-0.967065776391331,1.31527035944931
"Chum",1969,91,"Bellingham","WC",11.5248473644257,-0.640887973079942,-1.05980298530014,0.251587350035933
"Chum",1970,91,"Bellingham","WC",10.9382422924042,-1.22749304510143,-1.92948693455177,-0.436816019349441
"Chum",1971,91,"Bellingham","WC",11.5642496109009,-0.601485726604721,-1.00138633846505,0.189571493867872
"Chum",1972,91,"Bellingham","WC",11.7949763298035,-0.370759007702135,-0.659317485562731,0.17643002615906
"Chum",1973,91,"Bellingham","WC",11.6140748500824,-0.551660487423217,-0.927516859917153,0.595202361794771
"Chum",1974,91,"Bellingham","WC",11.4885727405548,-0.67716259695079,-1.11358270806473,1.34575042436793
"Chum",1975,91,"Bellingham","WC",11.3850476264954,-0.780687711010244,-1.26706608953582,1.60890229378177
"Chum",1976,91,"Bellingham","WC",11.889862203598,-0.275873133907586,-0.518642395309144,1.0261059279824
"Chum",1977,91,"Bellingham","WC",12.5053750514984,0.339639713992804,0.39389939798363,1.42702781029875
"Chum",1978,91,"Bellingham","WC",12.0576687812805,-0.10806655622509,-0.269857149238229,1.98219404674349
"Chum",1979,91,"Bellingham","WC",12.2779029369354,0.11216759942982,0.0566557286508371,0.63259344124208
"Chum",1980,91,"Bellingham","WC",11.9942876815796,-0.17144765592601,-0.36382415996634,1.30098864019565
"Chum",1981,91,"Bellingham","WC",11.5220394134521,-0.643695924053455,-1.06396597332808,1.04230256098201
"Chum",1982,91,"Bellingham","WC",13.0803733348846,0.914637997379039,1.24637545344114,0.660121131944754
"Chum",1983,91,"Bellingham","WC",11.6553834915161,-0.510351845989486,-0.866273846288742,1.18001225540207
"Chum",1984,91,"Bellingham","WC",11.9464373111725,-0.219298026333116,-0.434765754394423,0.857170634785697
"Chum",1985,91,"Bellingham","WC",12.0524895191193,-0.113245818386336,-0.277535775601073,-0.0834645841052779
"Chum",1986,91,"Bellingham","WC",12.2580582141876,0.0923228766820264,0.0272345086950838,1.38554277320109
"Chum",1987,91,"Bellingham","WC",12.1059006690979,-0.0598346684076979,-0.198349927978891,1.03111128542529
"Chum",1988,91,"Bellingham","WC",12.6531926631928,0.487457325687149,0.613049573184591,0.725674916935063
"Chum",1989,91,"Bellingham","WC",12.5176969528198,0.351961615314226,0.412167497450575,1.73941912993855
"Chum",1990,91,"Bellingham","WC",11.8600975990295,-0.30563773847607,-0.56277054912791,1.61858946254037
"Chum",1991,91,"Bellingham","WC",13.2755833148956,1.10984797739003,1.53578820223352,0.668830659267573
"Chum",1992,91,"Bellingham","WC",13.1091510295868,0.943415692081193,1.28904044283968,0.475062088736023
"Chum",1993,91,"Bellingham","WC",12.6793529510498,0.513617613544204,0.651834069845488,0.724043377596653
"Chum",1994,91,"Bellingham","WC",13.1801720619202,1.01443672441457,1.39433419979062,-0.195962794973485
"Chum",1995,91,"Bellingham","WC",12.2084557533264,0.0427204158208244,-0.0463046850689774,1.04699013963135
"Chum",1996,91,"Bellingham","WC",13.1633757591248,0.99764042161916,1.36943248031247,-0.387780146938666
"Chum",1997,91,"Bellingham","WC",13.1894389152527,1.02370357774708,1.40807297224204,1.45689276708915
"Chum",1998,91,"Bellingham","WC",11.5180518627167,-0.647683474788924,-1.06987780231979,0.482969210060956
"Chum",1999,91,"Bellingham","WC",12.5694643497467,0.403729012241104,0.488916363679599,1.44555357291242
"Chum",2000,91,"Bellingham","WC",11.7808197021484,-0.384915635357158,-0.680305697963756,2.54430396385641
"Chum",2001,91,"Bellingham","WC",11.7137022018433,-0.452033135662335,-0.779812189662084,0.22450795811904
"Chum",2002,91,"Bellingham","WC",12.8543130397797,0.688577702274069,0.911224907370381,0.0274688583778867
"Chum",2003,91,"Bellingham","WC",13.3364649772644,1.1707296397588,1.62604961845928,-0.731630220851307
"Chum",2004,91,"Bellingham","WC",13.1869087696075,1.02117343210195,1.4043218504707,-0.529681645895023
"Chum",2005,91,"Bellingham","WC",12.2394476413727,0.0737123038670789,-0.000356995769346694,-0.218110976099008
"Chum",2006,91,"Bellingham","WC",12.0702956199646,-0.0954397175410035,-0.251136958334498,0.638092998831171
"Chum",2007,91,"Bellingham","WC",10.8433406829834,-1.32239465452221,-2.07018535399601,1.82400939219866
"Chum",2008,91,"Bellingham","WC",11.4435764789581,-0.722158858547479,-1.18029288217235,1.02181820463483
"Chum",2009,91,"Bellingham","WC",12.1676364421845,0.001901104678858,-0.106822231562977,0.991611376423659
"Chum",2010,91,"Bellingham","WC",12.1274062633514,-0.0383290741541705,-0.166466347298351,1.26943616265974
"Chum",2011,91,"Bellingham","WC",12.0982347011566,-0.067500636348987,-0.209715273408042,-0.425531218897154
"Chum",2012,91,"Bellingham","WC",12.4330505847931,0.267315247287492,0.286673206408032,1.71137447163161
"Chum",2013,91,"Bellingham","WC",12.5731621742249,0.407426836719262,0.494398652785489,0.002669029634189
"Chum",2014,91,"Bellingham","WC",13.4297255992889,1.26399026178333,1.76431515679234,-0.615448165442432
"Chum",2015,91,"Bellingham","WC",13.5826518058777,1.41691646837207,1.99103918908181,-0.996120586248422
"Chum",2016,91,"Bellingham","WC",12.6967751026153,0.531039765109747,0.677663654860441,-0.24151033086855
"Chum",1959,93,"Fraser","WC",11.8328381947109,-0.126936995353238,0.0630466854735761,0.951287189686224
"Chum",1960,93,"Fraser","WC",12.305883373533,0.346108183468856,0.910259155282669,1.01652626696521
"Chum",1961,93,"Fraser","WC",11.8123912811279,-0.147383908936194,0.0264267579653324,0.409274093681301
"Chum",1962,93,"Fraser","WC",12.5906221185412,0.630846928477051,1.42021935825825,0.884800563532093
"Chum",1963,93,"Fraser","WC",11.2862903390612,-0.673484851002923,-0.915807300115773,-0.237180397544767
"Chum",1964,93,"Fraser","WC",10.9103071689606,-1.04946802110355,-1.58918406074735,1.4613093040571
"Chum",1965,93,"Fraser","WC",11.7131859234401,-0.246589266624007,-0.151247637351982,1.33355285746284
"Chum",1967,93,"Fraser","WC",11.540483048984,-0.419292141080138,-0.460554306908244,0.228489092163678
"Chum",1968,93,"Fraser","WC",11.3890583515167,-0.570716838547394,-0.731752276308914,1.02298465529949
"Chum",1969,93,"Fraser","WC",11.3427294322423,-0.617045757821866,-0.814726249788249,1.79500186981765
"Chum",1970,93,"Fraser","WC",10.7318995850427,-1.22787560502144,-1.90870772692257,0.427216927832479
"Chum",1971,93,"Fraser","WC",11.3774076529912,-0.582367537072956,-0.752618395476265,0.283958501997727
"Chum",1972,93,"Fraser","WC",11.5920849187034,-0.367690271360765,-0.368136606762613,1.01008673915259
"Chum",1973,93,"Fraser","WC",11.3970979281834,-0.562677261880706,-0.717353589018697,1.01453761105807
"Chum",1974,93,"Fraser","WC",11.243363073894,-0.716412116170159,-0.992688993393027,1.41809844127725
"Chum",1975,93,"Fraser","WC",11.1267367090498,-0.833038481014356,-1.20156399102125,0.588871418522462
"Chum",1976,93,"Fraser","WC",11.6366580554417,-0.323117134622406,-0.288307197323804,0.974747668833244
"Chum",1977,93,"Fraser","WC",12.2922778470176,0.332502656953439,0.885891986483101,0.230928521201995
"Chum",1978,93,"Fraser","WC",11.8755671977997,-0.0842079922644409,0.139573296165352,0.579870662719567
"Chum",1979,93,"Fraser","WC",12.0313435622624,0.0715683721982789,0.41856499586509,0.415313094496598
"Chum",1980,93,"Fraser","WC",11.8230538708823,-0.136721319181807,0.0455231982310786,0.0526503092231624
"Chum",1981,93,"Fraser","WC",11.316054889134,-0.643720300930118,-0.862499711097048,1.12360372182923
"Chum",1982,93,"Fraser","WC",12.8505603585924,0.890785168528321,1.88576245691117,1.72579361865879
"Chum",1983,93,"Fraser","WC",11.4281222139086,-0.531652976155516,-0.661789843926209,0.535695496943804
"Chum",1984,93,"Fraser","WC",11.7059590135302,-0.253816176533928,-0.164190858143531,0.82340320305562
"Chum",1985,93,"Fraser","WC",11.8420831475939,-0.117692042470208,0.0796041724028451,-0.622221557106321
"Chum",1986,93,"Fraser","WC",12.0379387991769,0.0781636091127776,0.430376905605343,0.740848690499684
"Chum",1987,93,"Fraser","WC",11.8831453323364,-0.0766298577276872,0.15314555176558,0.420732148450175
"Chum",1988,93,"Fraser","WC",12.4161183834076,0.456343193343473,1.10768739080101,0.775311753631192
"Chum",1989,93,"Fraser","WC",12.346659387861,0.386884197796865,0.983288010356987,0.829199765462164
"Chum",1990,93,"Fraser","WC",11.7161757264818,-0.243599463582277,-0.14589297244337,0.509263254110466
"Chum",1991,93,"Fraser","WC",13.0729782581329,1.11320306806882,2.28410753352451,0.403299255768081
"Chum",1992,93,"Fraser","WC",12.8549053668976,0.895130176833467,1.89354426165699,0.287440372330523
"Chum",1953,94,"BC South (no Fraser)","WC",10.734164542622,-0.779605323865536,-1.14026332361319,0.410207216282215
"Chum",1954,94,"BC South (no Fraser)","WC",10.4162536991967,-1.09751616729086,-1.64668730620959,0.61878985064907
"Chum",1955,94,"BC South (no Fraser)","WC",11.4619152810838,-0.051854585403726,0.0190253100752986,1.02659762098775
"Chum",1956,94,"BC South (no Fraser)","WC",11.9143243895637,0.400554523076093,0.739701648166462,0.632215111833171
"Chum",1957,94,"BC South (no Fraser)","WC",12.8541586928897,1.34038882640217,2.23683406976913,-0.30528644961048
"Chum",1958,94,"BC South (no Fraser)","WC",11.5228553877936,0.00908552130607642,0.116101368278632,-0.41578438382652
"Chum",1959,94,"BC South (no Fraser)","WC",11.3748017152151,-0.138968151272517,-0.119744410674442,-0.0551707825445119
"Chum",1960,94,"BC South (no Fraser)","WC",11.832325776418,0.318555909930479,0.609079918535722,0.392127594786902
"Chum",1961,94,"BC South (no Fraser)","WC",11.4114442136553,-0.102325652832315,-0.0613738317019503,-0.76627091034329
"Chum",1962,94,"BC South (no Fraser)","WC",12.2154608567556,0.701690990268002,1.21940447106234,0.0925027341956183
"Chum",1963,94,"BC South (no Fraser)","WC",10.8299937380685,-0.683776128419094,-0.987609824021583,0.21934377215424
"Chum",1964,94,"BC South (no Fraser)","WC",10.4563676516215,-1.05740221486608,-1.58278678829784,0.909195529747006
"Chum",1965,94,"BC South (no Fraser)","WC",11.2419664727317,-0.271803393755873,-0.331347613014979,1.59305150919471
"Chum",1966,94,"BC South (no Fraser)","WC",11.3144462108612,-0.199323655626353,-0.215889212019237,0.937678492376528
"Chum",1967,94,"BC South (no Fraser)","WC",11.1340041557948,-0.379765710692793,-0.503328870163801,-0.273992680419327
"Chum",1968,94,"BC South (no Fraser)","WC",10.9266930686103,-0.587076797877273,-0.833570221094678,1.05419547144971
"Chum",1969,94,"BC South (no Fraser)","WC",10.937433746126,-0.576336120361606,-0.816460591788984,1.60857610153135
"Chum",1970,94,"BC South (no Fraser)","WC",10.2688851488961,-1.24488471759146,-1.881441702595,0.302383825249004
"Chum",1971,94,"BC South (no Fraser)","WC",10.9304086499744,-0.583361216513168,-0.827651393376198,0.831946675006272
"Chum",1972,94,"BC South (no Fraser)","WC",11.1281079981062,-0.385661868381356,-0.512721301156359,-0.211191415652049
"Chum",1973,94,"BC South (no Fraser)","WC",10.9356106917063,-0.578159174781233,-0.819364671655308,-0.314613081766138
"Chum",1974,94,"BC South (no Fraser)","WC",10.7246424489551,-0.789127417532455,-1.15543177947805,0.778932421066386
"Chum",1975,94,"BC South (no Fraser)","WC",10.5949586100048,-0.918811256482723,-1.36201487520379,0.909379908156868
"Chum",1976,94,"BC South (no Fraser)","WC",11.1563877264659,-0.357382140021718,-0.467672404716323,1.55324066067219
"Chum",1977,94,"BC South (no Fraser)","WC",11.8068305651347,0.293060698647112,0.568466687806799,0.816314441366585
"Chum",1978,94,"BC South (no Fraser)","WC",11.4397261275185,-0.0740437389690269,-0.0163214538095335,1.16838801709496
"Chum",1979,94,"BC South (no Fraser)","WC",11.5119303332435,-0.0018395332440936,0.0986980309914609,-0.0787369011272166
"Chum",1980,94,"BC South (no Fraser)","WC",11.4340759913127,-0.0796938751749028,-0.0253219787641468,-0.634240452001354
"Chum",1981,94,"BC South (no Fraser)","WC",10.8501655128267,-0.663604353660859,-0.955476693867743,0.0863280058836822
"Chum",1982,94,"BC South (no Fraser)","WC",12.3951852851444,0.881415418656812,1.50570096794764,-0.00621215991344944
"Chum",1983,94,"BC South (no Fraser)","WC",10.9872248702579,-0.526544996229665,-0.737144582592298,0.579778348477998
"Chum",1984,94,"BC South (no Fraser)","WC",11.193423933453,-0.320345933034539,-0.408674657924721,0.742472182497111
"Chum",1985,94,"BC South (no Fraser)","WC",11.3890374236637,-0.124732442823894,-0.0970672849433525,-0.646731916082314
"Chum",1986,94,"BC South (no Fraser)","WC",11.5452687210507,0.0314988545631149,0.15180524477744,0.430346875089982
"Chum",1987,94,"BC South (no Fraser)","WC",11.4007210996416,-0.113048766845972,-0.0784554827904166,0.492335110412188
"Chum",1988,94,"BC South (no Fraser)","WC",11.9328545067045,0.419084640216967,0.769219659000413,0.909903957716421
"Chum",1989,94,"BC South (no Fraser)","WC",11.9485766357846,0.434806769297012,0.794264615434815,1.86079926058787
"Chum",1990,94,"BC South (no Fraser)","WC",11.3642272684309,-0.14954259805665,-0.136589238603164,0.94991445015519
"Chum",1991,94,"BC South (no Fraser)","WC",12.5594877137078,1.04571784722025,1.76743060675721,-0.0179763724804324
"Chum",1992,94,"BC South (no Fraser)","WC",12.3861868911319,0.872417024644363,1.49136675246868,-0.584120239676467
"Chum",1993,94,"BC South (no Fraser)","WC",12.141111559338,0.62734169285047,1.10096790911388,-0.467756652151834
"Chum",1994,94,"BC South (no Fraser)","WC",12.4526177777184,0.938847911230874,1.59718948499983,1.02205886888422
"Chum",1995,94,"BC South (no Fraser)","WC",11.5059774716695,-0.00779239481804966,0.0892152721347752,-0.113539468545912
"Chum",1996,94,"BC South (no Fraser)","WC",12.4176064597236,0.903836593236014,1.54141733547555,-0.150480933040264
"Chum",1997,94,"BC South (no Fraser)","WC",12.5052939785851,0.991524112097567,1.68110134891593,0.660740896500673
"Chum",1998,94,"BC South (no Fraser)","WC",10.7316742075814,-0.782095658906152,-1.14423036473604,0.647834061635376
"Chum",1999,94,"BC South (no Fraser)","WC",11.8003082010481,0.286538334560537,0.558076725762478,1.05590431413072
"Chum",2000,94,"BC South (no Fraser)","WC",11.0492064820396,-0.464563384448005,-0.638409432988679,1.89894874531439
"Chum",2001,94,"BC South (no Fraser)","WC",11.169769220882,-0.344000645605577,-0.446356020467525,0.10578710749765
"Chum",2002,94,"BC South (no Fraser)","WC",12.2625020345052,0.748732168017638,1.29433988479443,-0.111809369937736
"Chum",1954,127,"Mussel-Kynoch","WC",9.48628757216713,-1.02504077661379,-1.49647216021508,0.765288078615045
"Chum",1955,127,"Mussel-Kynoch","WC",10.5517858591947,0.0404575104137389,0.0798723615552756,0.52917516941688
"Chum",1956,127,"Mussel-Kynoch","WC",10.9793109677055,0.467982618924541,0.712371607143332,1.04013537956074
"Chum",1957,127,"Mussel-Kynoch","WC",12.0064161907543,1.49508784197336,2.23191575972149,0.516274752260162
"Chum",1958,127,"Mussel-Kynoch","WC",10.6442790681666,0.132950719385634,0.216710838950256,-0.31681448618842
"Chum",1959,127,"Mussel-Kynoch","WC",10.3965465263887,-0.114781822392232,-0.149795461294687,1.491142192644
"Chum",1960,127,"Mussel-Kynoch","WC",10.8799587488174,0.368630400036515,0.565385612067938,0.609882766905523
"Chum",1961,127,"Mussel-Kynoch","WC",10.5441356355494,0.0328072867684501,0.0685542878611248,1.1133973600945
"Chum",1962,127,"Mussel-Kynoch","WC",11.2858126163483,0.774484267567345,1.16582348091362,-0.0092392119144773
"Chum",1963,127,"Mussel-Kynoch","WC",9.81542098522187,-0.695907363559054,-1.0095378695483,0.737398054890222
"Chum",1964,127,"Mussel-Kynoch","WC",9.44184652241793,-1.06948182636299,-1.56222018268193,0.634903920755385
"Chum",1965,127,"Mussel-Kynoch","WC",10.1748965545134,-0.336431794267513,-0.47771407286832,1.25374324421388
"Chum",1966,127,"Mussel-Kynoch","WC",10.3827498826114,-0.128578466169556,-0.170206816340478,0.837451443614714
"Chum",1967,127,"Mussel-Kynoch","WC",10.2770968675613,-0.234231481219589,-0.326514483382591,0.240739564655838
"Chum",1968,127,"Mussel-Kynoch","WC",9.88650803132491,-0.624820317456015,-0.904368600805531,0.232147451158526
"Chum",1969,127,"Mussel-Kynoch","WC",10.0593901330775,-0.451938215703476,-0.648599298003528,1.49001980643906
"Chum",1970,127,"Mussel-Kynoch","WC",9.2581906968897,-1.25313765189122,-1.83392860116309,0.943995668537877
"Chum",1971,127,"Mussel-Kynoch","WC",9.9491640437733,-0.562164305007624,-0.81167257005495,0.625028206278152
"Chum",1972,127,"Mussel-Kynoch","WC",10.0162372155623,-0.495091133218629,-0.712441601601396,-0.567041682944516
"Chum",1973,127,"Mussel-Kynoch","WC",9.90313405340368,-0.608194295377245,-0.879771340404657,-1.57223812751906
"Chum",1974,127,"Mussel-Kynoch","WC",9.53590950098905,-0.975418847791877,-1.42305931984692,-0.0427673808332037
"Chum",1975,127,"Mussel-Kynoch","WC",9.4549432776191,-1.05638507116183,-1.54284427324531,0.600228874028054
"Chum",1976,127,"Mussel-Kynoch","WC",10.139318596233,-0.372009752547907,-0.530349652215455,1.38164012514093
"Chum",1977,127,"Mussel-Kynoch","WC",10.6827239340002,0.171395585219261,0.273587846060328,2.59135012137888
"Chum",1978,127,"Mussel-Kynoch","WC",10.4818764708259,-0.0294518779550398,-0.0235546290998423,0.366827317306788
"Chum",1979,127,"Mussel-Kynoch","WC",10.3761708302931,-0.135157518487789,-0.179940152570628,0.671205727800631
"Chum",1980,127,"Mussel-Kynoch","WC",10.6061469208111,0.0948185720301262,0.160296481161954,0.274664072150174
"Chum",1981,127,"Mussel-Kynoch","WC",9.79249345172535,-0.718834897055573,-1.04345786009636,0.409220713927134
"Chum",1982,127,"Mussel-Kynoch","WC",11.354180671952,0.842852323171065,1.26697015681835,0.974246908300943
"Chum",1983,127,"Mussel-Kynoch","WC",10.120748444037,-0.390579904743919,-0.557823143293783,1.45551711860081
"Chum",1984,127,"Mussel-Kynoch","WC",9.99589357592843,-0.515434772852496,-0.742538867153253,1.48770348284798
"Chum",1985,127,"Mussel-Kynoch","WC",10.3657969453118,-0.145531403469119,-0.195287729341882,0.27895164714853
"Chum",1986,127,"Mussel-Kynoch","WC",10.3949065100063,-0.116421838774627,-0.152221772881929,-0.190372764222425
"Chum",1987,127,"Mussel-Kynoch","WC",10.3417593132366,-0.169569035544335,-0.230850048023601,0.704212813672364
"Chum",1988,127,"Mussel-Kynoch","WC",10.7381285970861,0.226800248305194,0.355555915084344,-0.37421214412155
"Chum",1989,127,"Mussel-Kynoch","WC",10.9381952069022,0.426866858121322,0.651543161814354,-0.728140577802286
"Chum",1990,127,"Mussel-Kynoch","WC",10.4126507585699,-0.0986775902110337,-0.125970159569454,0.388174235143921
"Chum",1991,127,"Mussel-Kynoch","WC",11.3526591929522,0.841330844171322,1.26471921459213,0.468337719206002
"Chum",1992,127,"Mussel-Kynoch","WC",11.2821352806958,0.770806931914898,1.16038307056194,1.67487077620629
"Chum",1993,127,"Mussel-Kynoch","WC",11.1976688341661,0.68634048538516,1.03541973473902,1.2876994729624
"Chum",1994,127,"Mussel-Kynoch","WC",11.246404951269,0.735076602488051,1.10752206671163,1.04402248798982
"Chum",1995,127,"Mussel-Kynoch","WC",10.4739667285572,-0.037361620223686,-0.0352566459360962,0.134447168119717
"Chum",1996,127,"Mussel-Kynoch","WC",11.2667862068523,0.755457858071382,1.13767498293565,0.400486117809801
"Chum",1997,127,"Mussel-Kynoch","WC",11.3287909572775,0.817462608496546,1.22940750831504,0.914079126611433
"Chum",1998,127,"Mussel-Kynoch","WC",9.5777269710194,-0.933601377761523,-1.36119273535851,0.0223634159227568
"Chum",1999,127,"Mussel-Kynoch","WC",10.6099581068212,0.0986297580403054,0.165934915556207,1.07034397947825
"Chum",2000,127,"Mussel-Kynoch","WC",9.96001044186679,-0.551317906914134,-0.795625936828244,1.0080767689061
"Chum",2001,127,"Mussel-Kynoch","WC",10.2466212185946,-0.26470713018629,-0.371601484348191,0.371098726064553
"Chum",2002,127,"Mussel-Kynoch","WC",11.2913944504478,0.780066101666847,1.17408148912565,0.15165706161778
"Chum",2003,127,"Mussel-Kynoch","WC",11.7435279000889,1.23219955130799,1.84298738520105,-1.07193500611815
"Chum",2004,127,"Mussel-Kynoch","WC",11.754961122166,1.2436327733851,1.85990219135969,-1.40299455579755
"Chum",2005,127,"Mussel-Kynoch","WC",10.7630988684568,0.251770519675832,0.392498020915441,-1.55576154035349
"Chum",2006,127,"Mussel-Kynoch","WC",10.1893921657042,-0.321936183076717,-0.456268635021517,-0.796051066497253
"Chum",2007,127,"Mussel-Kynoch","WC",9.33476621454412,-1.1765621342368,-1.72063944882384,1.16631857675034
"Chum",2008,127,"Mussel-Kynoch","WC",10.0246757160534,-0.486652632727571,-0.699957316846565,1.68663110559305
"Chum",2009,127,"Mussel-Kynoch","WC",10.3786140463569,-0.132714302424029,-0.176325552430487,1.41545610742642
"Chum",2010,127,"Mussel-Kynoch","WC",10.4344050559131,-0.0769232928678718,-0.0937859056298972,1.03707624032247
"Chum",2011,127,"Mussel-Kynoch","WC",9.94215268438512,-0.569175664395802,-0.822045480172478,-0.621881160721571
"Chum",2012,127,"Mussel-Kynoch","WC",10.873517296531,0.362188947750058,0.555855847311274,-0.209394636940445
"Chum",2013,127,"Mussel-Kynoch","WC",11.2639792398973,0.752650891116372,1.13352223390152,-0.866899048133278
"Chum",2014,127,"Mussel-Kynoch","WC",12.1574377580123,1.64610940923133,2.45534363672015,-0.831976347466069
"Chum",1954,126,"Hecate Lowlands","WC",9.31462312936783,-0.988770245362637,-1.43351272324901,0.619972091363888
"Chum",1955,126,"Hecate Lowlands","WC",10.3922010779381,0.0888077032076115,0.114986429031142,0.69915838890076
"Chum",1956,126,"Hecate Lowlands","WC",10.7684561133385,0.465062738608006,0.655671772612731,1.01945055592881
"Chum",1957,126,"Hecate Lowlands","WC",11.8005733013153,1.49717992658485,2.13884298334183,-0.283286562396291
"Chum",1958,126,"Hecate Lowlands","WC",10.4824309229851,0.179037548254614,0.244648360913691,0.284308145168117
"Chum",1959,126,"Hecate Lowlands","WC",10.2245904445648,-0.0788029301656394,-0.125873106036355,2.69888836109701
"Chum",1960,126,"Hecate Lowlands","WC",10.712221288681,0.408827913950564,0.574861304631077,1.13227618387465
"Chum",1961,126,"Hecate Lowlands","WC",10.3534855008125,0.0500921260820723,0.0593514390626874,1.31227447915747
"Chum",1962,126,"Hecate Lowlands","WC",11.078437769413,0.775044394682532,1.10112106218912,0.0319343983879451
"Chum",1963,126,"Hecate Lowlands","WC",9.59275578260422,-0.710637592126241,-1.03383103123829,0.529044616315215
"Chum",1964,126,"Hecate Lowlands","WC",9.16929479837417,-1.13409857635629,-1.64235218367463,0.0474603939501898
"Chum",1965,126,"Hecate Lowlands","WC",9.91979565620423,-0.383597718526238,-0.563868772170781,0.913529456924817
"Chum",1966,126,"Hecate Lowlands","WC",10.180609691143,-0.122783683587421,-0.18907425030683,1.13672377327142
"Chum",1967,126,"Hecate Lowlands","WC",10.1099140405655,-0.193479334164977,-0.290665188702042,1.06356934904651
"Chum",1968,126,"Hecate Lowlands","WC",9.65279301404954,-0.650600360680927,-0.947556435398924,0.739529676124131
"Chum",1969,126,"Hecate Lowlands","WC",9.86129424571991,-0.442099129010554,-0.647936365296969,1.95317176447174
"Chum",1970,126,"Hecate Lowlands","WC",9.03789436817169,-1.26549900655878,-1.83117699681021,0.498416200467746
"Chum",1971,126,"Hecate Lowlands","WC",9.71841275691986,-0.584980617810604,-0.853259668893673,0.269652626917114
"Chum",1972,126,"Hecate Lowlands","WC",9.78045805692672,-0.522935317803739,-0.764099441931832,-0.22905247318458
"Chum",1973,126,"Hecate Lowlands","WC",9.70574564933777,-0.597647725392695,-0.871462533362768,-0.0106136417023063
"Chum",1974,126,"Hecate Lowlands","WC",9.28033638000489,-1.02305699472558,-1.48278340700177,1.431962600661
"Chum",1975,126,"Hecate Lowlands","WC",9.25926945209503,-1.04412392263543,-1.51305696637892,0.841992017320268
"Chum",1976,126,"Hecate Lowlands","WC",9.94446067810058,-0.358932696629878,-0.528424686155323,1.45249278743283
"Chum",1977,126,"Hecate Lowlands","WC",10.4396559715271,0.136262596796635,0.183179976042426,0.588107226264612
"Chum",1978,126,"Hecate Lowlands","WC",10.2515464544296,-0.0518469203008396,-0.0871368285541727,0.728047402087217
"Chum",1979,126,"Hecate Lowlands","WC",10.1447364211082,-0.158656953622217,-0.240624793181341,0.848248421523132
"Chum",1980,126,"Hecate Lowlands","WC",10.44261739254,0.139224017809522,0.187435592013488,1.31173351676372
"Chum",1981,126,"Hecate Lowlands","WC",9.57161883115768,-0.731774543572781,-1.06420521571393,1.42334754980779
"Chum",1982,126,"Hecate Lowlands","WC",11.1580826401711,0.85468926544059,1.21557219309427,1.27238873587878
"Chum",1983,126,"Hecate Lowlands","WC",9.98282998800278,-0.320563386727685,-0.473287288497962,1.19748414062779
"Chum",1984,126,"Hecate Lowlands","WC",9.73493877649308,-0.568454598237387,-0.829511477559909,1.07996744268667
"Chum",1985,126,"Hecate Lowlands","WC",10.1342688798904,-0.169124494840023,-0.255666840695154,0.401268557068873
"Chum",1986,126,"Hecate Lowlands","WC",10.1647052168846,-0.13868815784585,-0.211929269694816,0.662013947553553
"Chum",1987,126,"Hecate Lowlands","WC",10.1802928209305,-0.123100553799974,-0.189529598577618,0.955447224512
"Chum",1988,126,"Hecate Lowlands","WC",10.5211482048035,0.217754830073002,0.30028580055684,0.154768523440926
"Chum",1989,126,"Hecate Lowlands","WC",10.7119672656059,0.408573890875468,0.574496268842281,0.308480472618856
"Chum",1990,126,"Hecate Lowlands","WC",10.1680235028267,-0.135369871903771,-0.207160832316202,0.220746577179394
"Chum",1991,126,"Hecate Lowlands","WC",11.0620073676109,0.758613992880475,1.07751027533526,1.14103269006563
"Chum",1992,126,"Hecate Lowlands","WC",11.0569923877716,0.75359901304114,1.07030365790196,1.74315846026624
"Chum",1993,126,"Hecate Lowlands","WC",10.9708990335464,0.667505658815981,0.946585938723036,1.10019921457301
"Chum",1994,126,"Hecate Lowlands","WC",10.9974391937256,0.694045818995123,0.984724632627555,1.45531325612713
"Chum",1995,126,"Hecate Lowlands","WC",10.2458739042282,-0.0575194705022531,-0.0952883865828147,0.351016083922477
"Chum",1996,126,"Hecate Lowlands","WC",11.0218431472778,0.718449772547369,1.01979355867423,-0.260314890050484
"Chum",1997,126,"Hecate Lowlands","WC",11.0878338217735,0.784440447043067,1.11462336068583,0.240365342070434
"Chum",1998,126,"Hecate Lowlands","WC",9.38312911987305,-0.92026425485741,-1.33506836628698,-0.400623328883801
"Chum",1999,126,"Hecate Lowlands","WC",10.3792500376701,0.0758566629396656,0.0963755481174515,1.07052283213558
"Chum",2000,126,"Hecate Lowlands","WC",9.75082193613053,-0.552571438599936,-0.806687087670753,1.34846957560938
"Chum",2001,126,"Hecate Lowlands","WC",10.0139611959457,-0.289432178784725,-0.428551175279339,0.542109981580386
"Chum",2002,126,"Hecate Lowlands","WC",11.0996963024139,0.796302927683476,1.13166996157441,0.133713162330432
"Chum",2003,126,"Hecate Lowlands","WC",11.5168107271194,1.21341735238898,1.73107099230011,-0.335467992488247
"Chum",2004,126,"Hecate Lowlands","WC",11.5886496305466,1.2852562558161,1.83430480587734,-0.57075876264615
"Chum",2005,126,"Hecate Lowlands","WC",10.5770322442055,0.273638869475017,0.380592183732952,0.392577396133701
"Chum",2006,126,"Hecate Lowlands","WC",9.98146728277207,-0.321926091958397,-0.475245520751476,0.0230009748994967
"Chum",2007,126,"Hecate Lowlands","WC",9.18080013990402,-1.12259323482644,-1.62581879819722,0.691879112323774
"Chum",2008,126,"Hecate Lowlands","WC",9.84924989938736,-0.454143475343103,-0.665244310499881,0.31278849185971
"Chum",2009,126,"Hecate Lowlands","WC",10.1923839330673,-0.111009441663142,-0.172154450061587,-0.217511835893797
"Chum",2010,126,"Hecate Lowlands","WC",10.2943614840507,-0.00903189067971599,-0.0256108506319944,0.00185052962947597
"Chum",2011,126,"Hecate Lowlands","WC",9.72157000303268,-0.58182337169778,-0.848722648684848,0.144266882730535
"Chum",2012,126,"Hecate Lowlands","WC",10.6395650148392,0.336171640108706,0.470452914870291,0.186676652431289
"Chum",2013,126,"Hecate Lowlands","WC",11.0611628770828,0.757769502352366,1.07629672705449,-0.0868675659368168
"Chum",2014,126,"Hecate Lowlands","WC",11.9152546405792,1.61186126584877,2.30364215807267,0.224073784400622
"Chum",2015,126,"Hecate Lowlands","WC",11.8208476543426,1.51745427961219,2.16797759816716,-0.751809115505714
"Chum",1954,128,"Douglas-Gardner","WC",9.22348873955863,-0.942892406318056,-1.38048659894369,0.968137514989608
"Chum",1955,128,"Douglas-Gardner","WC",10.3053053447178,0.138924198841153,0.231257079050619,0.704059102550414
"Chum",1956,128,"Douglas-Gardner","WC",10.6172665868487,0.450885440971985,0.696032307481895,1.08009676813185
"Chum",1957,128,"Douglas-Gardner","WC",11.6664497852325,1.50006863935586,2.25915712825888,0.52968666301304
"Chum",1958,128,"Douglas-Gardner","WC",10.3715547834124,0.205173637535707,0.32995875683722,0.524768984301414
"Chum",1959,128,"Douglas-Gardner","WC",10.1417274304799,-0.0246537153968125,-0.0124493568417529,2.17157063004053
"Chum",1960,128,"Douglas-Gardner","WC",10.6134588548115,0.447077708934852,0.690359360691212,0.977531598604385
"Chum",1961,128,"Douglas-Gardner","WC",10.2379106283188,0.0715294824421081,0.130849110113597,1.78156169109546
"Chum",1962,128,"Douglas-Gardner","WC",10.9532864774976,0.786905331620967,1.1966512958123,1.05562883240273
"Chum",1963,128,"Douglas-Gardner","WC",9.4363889013018,-0.729992244574884,-1.06329744867822,1.21599492731116
"Chum",1964,128,"Douglas-Gardner","WC",8.95532059669494,-1.21106054918174,-1.78001671046052,1.51975307516374
"Chum",1965,128,"Douglas-Gardner","WC",9.72887986046928,-0.437501285407405,-0.627530007080023,0.747304471625188
"Chum",1966,128,"Douglas-Gardner","WC",10.0359945637839,-0.130386582092755,-0.169975390959449,-1.02232359111259
"Chum",1967,128,"Douglas-Gardner","WC",10.0068004301616,-0.159580715715074,-0.213470249585112,-0.689275896407043
"Chum",1968,128,"Douglas-Gardner","WC",9.49053995949882,-0.67584118637786,-0.982620534227539,-0.183316601963842
"Chum",1969,128,"Douglas-Gardner","WC",9.72710696288518,-0.439274182991507,-0.630171357249063,1.92793545952183
"Chum",1970,128,"Douglas-Gardner","WC",8.89031313146863,-1.27606801440805,-1.87686803498379,1.78193599893528
"Chum",1971,128,"Douglas-Gardner","WC",9.55662594522749,-0.609755200649194,-0.884162376722623,0.873427441828639
"Chum",1972,128,"Douglas-Gardner","WC",9.62368149416787,-0.542699651708809,-0.784259716175831,-1.35147237003118
"Chum",1973,128,"Douglas-Gardner","WC",9.58310263497489,-0.583278510901794,-0.844716099866567,-0.857934517752908
"Chum",1974,128,"Douglas-Gardner","WC",9.10989500795092,-1.05648613792576,-1.54972413690102,-0.0150332793974563
"Chum",1975,128,"Douglas-Gardner","WC",9.14584732055664,-1.02053382532004,-1.49616061025962,1.17274627194671
"Chum",1976,128,"Douglas-Gardner","WC",9.82762556416648,-0.338755581710205,-0.480413792645841,1.20455350721099
"Chum",1977,128,"Douglas-Gardner","WC",10.2713738850185,0.104992739141803,0.180704318633803,0.749639665625288
"Chum",1978,128,"Douglas-Gardner","WC",10.078074165753,-0.0883069801237301,-0.10728312674142,-0.3770309370584
"Chum",1979,128,"Douglas-Gardner","WC",9.98977502754757,-0.176606118329115,-0.238835533217867,-0.15556871927559
"Chum",1980,128,"Douglas-Gardner","WC",10.3334658656802,0.167084719803476,0.273212010610733,0.147483923252835
"Chum",1981,128,"Douglas-Gardner","WC",9.41953192438398,-0.746849221492706,-1.08841180341064,1.27642836569321
"Chum",1982,128,"Douglas-Gardner","WC",11.0385466814041,0.872165535527434,1.32367614824607,1.09936038473732
"Chum",1983,128,"Douglas-Gardner","WC",9.91570709432875,-0.250674051547936,-0.349185589353279,2.63169860682659
"Chum",1984,128,"Douglas-Gardner","WC",9.55859228542873,-0.607788860447954,-0.881232826211917,2.07888806533084
"Chum",1985,128,"Douglas-Gardner","WC",9.98755875655583,-0.178822389320851,-0.242137442934004,0.978027065197927
"Chum",1986,128,"Douglas-Gardner","WC",10.0241446154458,-0.142236530430861,-0.187630027824346,0.643772776626023
"Chum",1987,128,"Douglas-Gardner","WC",10.0911534343447,-0.075227711531975,-0.0877969879957049,1.21321902084983
"Chum",1988,128,"Douglas-Gardner","WC",10.3815765040261,0.215195358149459,0.344889609964088,-0.973890289856355
"Chum",1989,128,"Douglas-Gardner","WC",10.5613111087254,0.394929962848732,0.612667079323811,-0.417257427521527
"Chum",1990,128,"Douglas-Gardner","WC",9.98676691736494,-0.179614228511743,-0.243317163973431,-0.0147212800746524
"Chum",1991,128,"Douglas-Gardner","WC",10.8412432159696,0.674862070092955,1.02972372456924,0.962818147207787
"Chum",1992,128,"Douglas-Gardner","WC",10.9204035316195,0.754022385742794,1.14766066294512,0.580583348852771
"Chum",1993,128,"Douglas-Gardner","WC",10.8192441122872,0.652862966410564,0.996948376037392,0.514410416919575
"Chum",1994,128,"Douglas-Gardner","WC",10.8434683254787,0.677087179602009,1.03303880234394,1.21716993788692
"Chum",1995,128,"Douglas-Gardner","WC",10.091151714325,-0.0752294315517276,-0.0877995505658754,0.0231996404300888
"Chum",1996,128,"Douglas-Gardner","WC",10.8498725720814,0.683491426204749,1.04258016446119,0.171192816030674
"Chum",1997,128,"Douglas-Gardner","WC",10.9255027600697,0.759121614193032,1.15525774472231,1.17931678851345
"Chum",1998,128,"Douglas-Gardner","WC",9.27929977008275,-0.887081375793929,-1.29733657593552,-0.0487729521903463
"Chum",1999,128,"Douglas-Gardner","WC",10.2344441584178,0.0680630125411504,0.125684592466908,2.11937182836797
"Chum",2000,128,"Douglas-Gardner","WC",9.60916037218912,-0.557220773687565,-0.805893999135649,1.7898506867233
"Chum",2001,128,"Douglas-Gardner","WC",9.83146933146885,-0.334911814407827,-0.474687158741588,1.18297386978963
"Chum",2002,128,"Douglas-Gardner","WC",10.9871594735554,0.820778327678749,1.24711695421548,-0.61826932912977
"Chum",2003,128,"Douglas-Gardner","WC",11.3604235819408,1.1940424360641,1.80322421310132,-1.33347526498483
"Chum",2004,128,"Douglas-Gardner","WC",11.4985807282584,1.33219958238172,2.00905753649941,-2.04355807371485
"Chum",2005,128,"Douglas-Gardner","WC",10.4667945759637,0.300413430087028,0.471851692114812,-0.588642781563698
"Chum",2006,128,"Douglas-Gardner","WC",9.8537301165717,-0.312651029304981,-0.441521944336858,-1.69844527040983
"Chum",2007,128,"Douglas-Gardner","WC",9.10488627638135,-1.06149486949533,-1.55718639196673,0.895206977321308
"Chum",2008,128,"Douglas-Gardner","WC",9.73603667531695,-0.430344470559735,-0.616867431713461,2.7150601013579
"Chum",2009,128,"Douglas-Gardner","WC",10.0926160642079,-0.0737650816687876,-0.0856178899637506,0.362318097913236
"Chum",2010,128,"Douglas-Gardner","WC",10.2436354500907,0.0772543042139977,0.139378231643516,1.73869957295398
"Chum",2011,128,"Douglas-Gardner","WC",9.59851435252598,-0.567866793350698,-0.821754963744648,0.85915567783238
"Chum",2012,128,"Douglas-Gardner","WC",10.469027706555,0.302646560678274,0.475178720092948,0.183433057905384
"Chum",2013,128,"Douglas-Gardner","WC",10.8953202111381,0.728939065261368,1.11029029627091,1.07978877067145
"Chum",2014,128,"Douglas-Gardner","WC",11.7169621331351,1.55058098725844,2.33441291283861,0.170508912090459
"Chum",1955,129,"Lower Skeena","WC",10.0836995840073,0.134537818007264,0.200007590202328,0.820255595201367
"Chum",1956,129,"Lower Skeena","WC",10.4170533299446,0.467891563944621,0.68764496749472,0.378404309937888
"Chum",1957,129,"Lower Skeena","WC",11.4580932736397,1.50893150763969,2.21050167448213,3.35749712064088
"Chum",1958,129,"Lower Skeena","WC",10.1995352625847,0.250373496584695,0.369454633131306,1.8059764622435
"Chum",1961,129,"Lower Skeena","WC",10.0416347980499,0.0924730320499395,0.138474272666277,-1.27438071494813
"Chum",1962,129,"Lower Skeena","WC",10.7140336155891,0.764871849589156,1.12207442678287,1.40367073550318
"Chum",1963,129,"Lower Skeena","WC",9.22488296031953,-0.724278805680462,-1.05628873480998,1.85178952265925
"Chum",1964,129,"Lower Skeena","WC",8.74170181751251,-1.20745994848748,-1.7630970071245,1.98355609748524
"Chum",1965,129,"Lower Skeena","WC",9.51028854846955,-0.438873217530444,-0.638791004047359,1.47658418911012
"Chum",1966,129,"Lower Skeena","WC",9.86389471292496,-0.0852670530750263,-0.121527932217757,0.507979413687994
"Chum",1967,129,"Lower Skeena","WC",9.83129730224609,-0.117864463753901,-0.169212159689904,0.796122224794973
"Chum",1968,129,"Lower Skeena","WC",9.2507192850113,-0.698442480988694,-1.0184947763946,2.23330856932258
"Chum",1969,129,"Lower Skeena","WC",9.52769978046417,-0.421461985535818,-0.613321461230569,1.95329279179236
"Chum",1970,129,"Lower Skeena","WC",8.65655283927917,-1.29260892672082,-1.88765485274905,1.35388355969467
"Chum",1971,129,"Lower Skeena","WC",9.325310921669,-0.623850844330987,-0.909380448114197,1.67779313429695
"Chum",1972,129,"Lower Skeena","WC",9.36356909275055,-0.585592673249442,-0.853415532664547,-0.474080252106437
"Chum",1973,129,"Lower Skeena","WC",9.36328897476196,-0.585872791238029,-0.853825295575424,0.785213449432097
"Chum",1974,129,"Lower Skeena","WC",8.84703031778336,-1.10213144821663,-1.60902010157843,1.51087865114479
"Chum",1975,129,"Lower Skeena","WC",8.91256556510925,-1.03659620089074,-1.51315366385071,1.66947068005595
"Chum",1976,129,"Lower Skeena","WC",9.64529575109482,-0.303866014905171,-0.441299423388349,1.9786633225199
"Chum",1977,129,"Lower Skeena","WC",10.0318621873856,0.0827004213855681,0.124178677396232,1.43567086443641
"Chum",1978,129,"Lower Skeena","WC",9.89910252094269,-0.0500592450573045,-0.0700251566491204,1.89576973668217
"Chum",1979,129,"Lower Skeena","WC",9.76051064729691,-0.188651118703081,-0.272760474917795,1.67777897324947
"Chum",1980,129,"Lower Skeena","WC",10.1687317609787,0.219569994978716,0.324394576306913,1.52411744637077
"Chum",1981,129,"Lower Skeena","WC",9.17615879774093,-0.773002968259058,-1.12756353864872,1.99981804407055
"Chum",1982,129,"Lower Skeena","WC",10.8140033364296,0.864841570429605,1.2683123889279,2.08893704136437
"Chum",1983,129,"Lower Skeena","WC",9.7488090634346,-0.200352702565387,-0.289877815683644,3.41455085133009
"Chum",1984,129,"Lower Skeena","WC",9.29636592864991,-0.652795837350086,-0.951721836664942,1.90751866194352
"Chum",1985,129,"Lower Skeena","WC",9.73910281658172,-0.210058949418267,-0.304076332473614,1.46614704367588
"Chum",1986,129,"Lower Skeena","WC",9.74766947031021,-0.201492295689778,-0.291544838205907,0.69087811845372
"Chum",1987,129,"Lower Skeena","WC",9.84425919055939,-0.104902575440599,-0.150251217150974,1.11270641541752
"Chum",1988,129,"Lower Skeena","WC",10.1076836824417,0.15852191644172,0.235092070277433,-0.595351024391505
"Chum",1989,129,"Lower Skeena","WC",10.3127423048019,0.363580538801953,0.535056447512076,1.90557271191462
"Chum",1990,129,"Lower Skeena","WC",9.76780805587769,-0.181353710122306,-0.262085661075959,3.39076839458855
"Chum",1991,129,"Lower Skeena","WC",10.5706052064896,0.621443440489579,0.912264115379679,3.86662977919507
"Chum",1992,129,"Lower Skeena","WC",10.6740200996399,0.724858333639901,1.06354175327451,3.14698056264123
"Chum",1993,129,"Lower Skeena","WC",10.5773835420608,0.628221776060858,0.922179617517181,1.76378997361448
"Chum",1994,129,"Lower Skeena","WC",10.5453553557396,0.596193589739604,0.875328064272409,1.11244058647123
"Chum",1995,129,"Lower Skeena","WC",9.88374571800232,-0.0654160479976705,-0.0924894343142149,-0.410392616758908
"Chum",1996,129,"Lower Skeena","WC",10.6212885260582,0.672126760058204,0.986404818245999,0.899497734302833
"Chum",1997,129,"Lower Skeena","WC",10.6620010137558,0.71283924775581,1.04595996339094,-0.117935270663743
"Chum",1998,129,"Lower Skeena","WC",9.01936889886857,-0.929792867131422,-1.35691933861753,-0.29239040387392
"Chum",1999,129,"Lower Skeena","WC",9.98517709970474,0.0360153337047448,0.0558866783028127,0.824480198086102
"Chum",2001,129,"Lower Skeena","WC",9.64885433912277,-0.300307426877217,-0.436093840568404,0.181532735416305
"Chum",2002,129,"Lower Skeena","WC",10.7520604491234,0.802898683123392,1.17770093645123,-1.82082074916141
"Chum",2003,129,"Lower Skeena","WC",11.1306411743164,1.18147940831641,1.73149735894971,-0.253626146437741
"Chum",2004,129,"Lower Skeena","WC",11.3073624253273,1.35820065932731,1.99000919031512,-1.80387091637658
"Chum",2005,129,"Lower Skeena","WC",10.2318830728531,0.282721306853102,0.416773739494077,-1.71764077790003
"Chum",2007,129,"Lower Skeena","WC",8.89396625757217,-1.05519550842782,-1.54036115036427,-0.181570375230555
"Chum",2008,129,"Lower Skeena","WC",9.55912852287292,-0.390033243127065,-0.567346788059557,0.200643320583725
"Chum",2009,129,"Lower Skeena","WC",9.87059901952743,-0.0785627464725575,-0.111720721325318,-1.24756215618872
"Chum",2010,129,"Lower Skeena","WC",10.0202097415924,0.0710479755924145,0.107133216906093,-0.152310953083805
"Chum",2012,129,"Lower Skeena","WC",10.260549890995,0.311388124995037,0.458708207561155,-0.934522705466709
"Chum",2014,129,"Lower Skeena","WC",11.529352414608,1.58019064860801,2.31474115291424,-1.12243947993662
"Chum",1954,130,"Middle Skeena","WC",9.03801378011704,-0.911147985882955,-1.28983138070376,-0.308004285921091
"Chum",1955,130,"Middle Skeena","WC",10.0836995840073,0.134537818007264,0.284788751112912,-0.408984439846492
"Chum",1956,130,"Middle Skeena","WC",10.4170533299446,0.467891563944621,0.786761253194014,-3.8659694714709
"Chum",1958,130,"Middle Skeena","WC",10.1995352625847,0.250373496584695,0.459217045723113,-2.94333036033484
"Chum",1959,130,"Middle Skeena","WC",9.9029804468155,-0.0461813191844946,0.0126573034371083,-2.81571983279494
"Chum",1960,130,"Middle Skeena","WC",10.4052818894386,0.456120123438639,0.769035520347451,3.2777541202895
"Chum",1961,130,"Middle Skeena","WC",10.0416347980499,0.0924730320499395,0.22144653248228,1.78892747677855
"Chum",1962,130,"Middle Skeena","WC",10.7140336155891,0.764871849589156,1.23396167877964,2.30468759545888
"Chum",1964,130,"Middle Skeena","WC",8.74170181751251,-1.20745994848748,-1.73602542855198,0.842134318602934
"Chum",1965,130,"Middle Skeena","WC",9.51028854846955,-0.438873217530444,-0.578668089368697,-0.601345405240283
"Chum",1966,130,"Middle Skeena","WC",9.86389471292496,-0.0852670530750263,-0.0461989832427878,0.425953315122989
"Chum",1967,130,"Middle Skeena","WC",9.83129730224609,-0.117864463753901,-0.0952849887227288,1.62856333223021
"Chum",1968,130,"Middle Skeena","WC",9.2507192850113,-0.698442480988694,-0.969534051516821,1.96391280015355
"Chum",1969,130,"Middle Skeena","WC",9.52769978046417,-0.421461985535818,-0.552449815852432,2.8848385064821
"Chum",1970,130,"Middle Skeena","WC",8.65655283927917,-1.29260892672082,-1.86424491363156,3.21626864656802
"Chum",1971,130,"Middle Skeena","WC",9.325310921669,-0.623850844330987,-0.857212078406521,2.29742053357439
"Chum",1972,130,"Middle Skeena","WC",9.36356909275055,-0.585592673249442,-0.799601956735775,-0.860647873762194
"Chum",1975,130,"Middle Skeena","WC",8.91256556510925,-1.03659620089074,-1.47873447579872,-2.09654563205838
"Chum",1976,130,"Middle Skeena","WC",9.64529575109482,-0.303866014905171,-0.375370828945789,1.46225911812276
"Chum",1977,130,"Middle Skeena","WC",10.0318621873856,0.0827004213855681,0.206730688167212,3.48424533949127
"Chum",1978,130,"Middle Skeena","WC",9.89910252094269,-0.0500592450573045,0.00681782457423924,3.45729181949521
"Chum",1981,130,"Middle Skeena","WC",9.17615879774093,-0.773002968259058,-1.08180911909181,2.03494519450601
"Chum",1982,130,"Middle Skeena","WC",10.8140033364296,0.864841570429605,1.38449861293504,1.44582961679024
"Chum",1983,130,"Middle Skeena","WC",9.7488090634346,-0.200352702565387,-0.219497865083345,1.20291383185143
"Chum",1984,130,"Middle Skeena","WC",9.29636592864991,-0.652795837350086,-0.900798180994513,1.72070781837724
"Chum",1985,130,"Middle Skeena","WC",9.73910281658172,-0.210058949418267,-0.234113777092543,0.453844424229734
"Chum",1986,130,"Middle Skeena","WC",9.74766947031021,-0.201492295689778,-0.22121389323355,2.35988749393848
"Chum",1987,130,"Middle Skeena","WC",9.84425919055939,-0.104902575440599,-0.0757666494581486,2.84294074732033
"Chum",1988,130,"Middle Skeena","WC",10.1076836824417,0.15852191644172,0.320904613160449,0.997239843360744
"Chum",1989,130,"Middle Skeena","WC",10.3127423048019,0.363580538801953,0.6296870732166,1.65173002621755
"Chum",1990,130,"Middle Skeena","WC",9.76780805587769,-0.181353710122306,-0.190888701724894,1.39701239403531
"Chum",1991,130,"Middle Skeena","WC",10.5706052064896,0.621443440489579,1.01798355265186,1.20968075401172
"Chum",1992,130,"Middle Skeena","WC",10.6740200996399,0.724858333639901,1.17370831440951,0.939399706564406
"Chum",1997,130,"Middle Skeena","WC",10.6620010137558,0.71283924775581,1.15560967088895,-4.1264766151894
"Chum",1998,130,"Middle Skeena","WC",9.01936889886857,-0.929792867131422,-1.3179073144689,-1.15346588569029
"Chum",2003,130,"Middle Skeena","WC",11.1306411743164,1.18147940831641,1.86129987788155,-1.61447941566543
"Chum",2004,130,"Middle Skeena","WC",11.3073624253273,1.35820065932731,2.1274112074285,-2.2213957955085
"Chum",2005,130,"Middle Skeena","WC",10.2318830728531,0.282721306853102,0.507927196591879,-0.875181445755628
"Chum",2006,130,"Middle Skeena","WC",9.6094865322113,-0.339675233788687,-0.429293256455892,-0.573165417606445
"Chum",2007,130,"Middle Skeena","WC",8.89396625757217,-1.05519550842782,-1.50674178351656,0.279792324737113
"Chum",2008,130,"Middle Skeena","WC",9.55912852287292,-0.390033243127065,-0.50512362061253,1.10072875588992
"Chum",2009,130,"Middle Skeena","WC",9.87059901952743,-0.0785627464725575,-0.0361034687901242,-0.379464462839513
"Chum",2010,130,"Middle Skeena","WC",10.0202097415924,0.0710479755924145,0.189184140568935,0.15393497594645
"Chum",2012,130,"Middle Skeena","WC",10.260549890995,0.311388124995037,0.551094416414017,0.552094491520708
"Chum",2014,130,"Middle Skeena","WC",11.529352414608,1.58019064860801,2.46168934803511,-0.549295688343998
"Chum",1965,98,"PWS","GOA",9.42910169638121,-0.997962752810515,-0.961640162875123,0.74657205178119
"Chum",1966,98,"PWS","GOA",10.5452762750479,0.118211825856171,0.314823148935565,0.720651936758733
"Chum",1967,98,"PWS","GOA",11.1616090811216,0.734544631929868,1.01966469420546,1.68986924165113
"Chum",1968,98,"PWS","GOA",9.49696557338421,-0.930098875807513,-0.88403066446221,1.4417165077433
"Chum",1969,98,"PWS","GOA",9.56631567844978,-0.860748770741943,-0.804721507562973,2.59903920757071
"Chum",1970,98,"PWS","GOA",8.53532615074745,-1.89173829844427,-1.98376673232081,1.42575718705986
"Chum",1971,98,"PWS","GOA",8.98176648983589,-1.44529795935584,-1.47321513524051,0.302642036251796
"Chum",1972,98,"PWS","GOA",9.27297908526201,-1.15408536392971,-1.14018282909118,0.500760653554732
"Chum",1973,98,"PWS","GOA",10.1868050556916,-0.240259393500072,-0.095126484924469,0.40816601224179
"Chum",1974,98,"PWS","GOA",8.76887967036321,-1.65818477882852,-1.71667365850266,1.35340622110123
"Chum",1975,98,"PWS","GOA",9.8056930578672,-0.621371391324522,-0.530968236037363,2.21772215905658
"Chum",1976,98,"PWS","GOA",11.0823314648408,0.655267015649091,0.929002381549052,2.02046935910546
"Chum",1977,98,"PWS","GOA",9.86609111382411,-0.560973335367609,-0.461896691131025,2.49637657259925
"Chum",1978,98,"PWS","GOA",10.4951708133404,0.0681063641486861,0.257522270727659,2.32565307636603
"Chum",1979,98,"PWS","GOA",9.98023241299849,-0.446832036193227,-0.331364081319622,2.75580707977866
"Chum",1980,98,"PWS","GOA",11.3989129066467,0.971848457455009,1.29104663823523,2.98825846118757
"Chum",1981,98,"PWS","GOA",9.31918632984161,-1.10787811935011,-1.08733997316789,2.37446723078549
"Chum",1982,98,"PWS","GOA",11.3268881210914,0.899823671899678,1.20867870219763,1.98864309757507
"Chum",1983,98,"PWS","GOA",11.3919862783872,0.964921829195494,1.28312530852856,2.07038904804237
"Chum",1984,98,"PWS","GOA",9.35454971056718,-1.07251473862454,-1.04689821885765,2.60983611602079
"Chum",1985,98,"PWS","GOA",9.6645643894489,-0.76250005974282,-0.692363747925695,2.28673665118399
"Chum",1986,98,"PWS","GOA",9.89646772237924,-0.530596726812478,-0.42715783656566,1.69733973307239
"Chum",1987,98,"PWS","GOA",10.2540157024677,-0.173048746724027,-0.0182640241477951,0.366313168117117
"Chum",1988,98,"PWS","GOA",10.6583847541075,0.231320304915825,0.444174620052943,-0.299120912127071
"Chum",1989,98,"PWS","GOA",10.7959599953431,0.36889554615142,0.60150641331105,1.23106239474866
"Chum",1990,98,"PWS","GOA",9.61847313550802,-0.8085913136837,-0.745073956324422,0.936845773852577
"Chum",1991,98,"PWS","GOA",9.93066411751967,-0.496400331672047,-0.388050653310256,1.78396017168926
"Chum",1992,98,"PWS","GOA",11.0452946149386,0.618230165746869,0.886646838797219,2.74375125387305
"Chum",1993,98,"PWS","GOA",10.81899866691,0.391934217718302,0.627853563273119,2.62780596449613
"Chum",1994,98,"PWS","GOA",9.84594561503484,-0.581118834156884,-0.484935192987387,2.28492433977177
"Chum",1995,98,"PWS","GOA",10.5721569244678,0.145092475276096,0.345564005642019,2.83823896207704
"Chum",1996,98,"PWS","GOA",11.7656290622858,1.33856461309407,1.71042522601912,2.56401662852224
"Chum",1997,98,"PWS","GOA",10.4175568727347,-0.00950757645706576,0.168762546611168,2.67966847315782
"Chum",1998,98,"PWS","GOA",9.39904754895431,-1.02801690023741,-0.996010249142458,2.96035750550148
"Chum",1999,98,"PWS","GOA",10.28505222614,-0.14201222305177,0.0172295129305211,2.06577611644549
"Chum",2000,98,"PWS","GOA",10.4514286609796,0.0243642117879179,0.207498507657503,1.53934322738929
"Chum",2001,98,"PWS","GOA",10.2667506199617,-0.160313829230054,-0.00370030331891662,1.5616833654839
"Chum",2002,98,"PWS","GOA",11.1667210138761,0.739656564684389,1.02551072827424,1.82936766920924
"Chum",2003,98,"PWS","GOA",11.6424522216504,1.21538777245863,1.56955952190704,1.89772548846035
"Chum",2004,98,"PWS","GOA",12.3378198421918,1.91075539300012,2.36478571036099,3.05160280837197
"Chum",1971,102,"Upper CIn","GOA",8.63613820075989,-1.53418554835124,-1.86503322329639,1.64468921944674
"Chum",1973,102,"Upper CIn","GOA",9.97253920137883,-0.197784547732296,-0.210146909117303,1.87829900579292
"Chum",1974,102,"Upper CIn","GOA",8.57530133426189,-1.59502241484923,-1.94036846901862,2.90078036289694
"Chum",1975,102,"Upper CIn","GOA",9.57977150380612,-0.590552245305005,-0.69651730772047,1.42003680923018
"Chum",1976,102,"Upper CIn","GOA",10.9168507009745,0.746526951863337,0.959208827880034,0.673336860926487
"Chum",1977,102,"Upper CIn","GOA",9.52765165269375,-0.642672096417372,-0.761058136605633,0.33827039399491
"Chum",1978,102,"Upper CIn","GOA",10.2223097085953,0.0519859594841532,0.0991478264348516,1.61288520111086
"Chum",1979,102,"Upper CIn","GOA",9.65321069955826,-0.517113049552863,-0.605576400075046,2.21401216684239
"Chum",1980,102,"Upper CIn","GOA",11.2233299016953,1.05300615258413,1.33872682780557,1.4849892682634
"Chum",1981,102,"Upper CIn","GOA",9.02469381690025,-1.14562993221087,-1.38387871117741,0.122241485694541
"Chum",1982,102,"Upper CIn","GOA",11.0585254281759,0.888201679064801,1.1346468640699,0.433144765612693
"Chum",1983,102,"Upper CIn","GOA",11.2299131304026,1.05958938129144,1.34687894314056,1.05165927887187
"Chum",1985,102,"Upper CIn","GOA",9.39937338232994,-0.77095036678118,-0.919907130233528,1.06865696337725
"Chum",1986,102,"Upper CIn","GOA",9.72129173576831,-0.449032013342811,-0.521270585407918,0.511329275249818
"Chum",1987,102,"Upper CIn","GOA",10.1356328576803,-0.0346908914308065,-0.00818547716853891,1.09895742866895
"Chum",1989,102,"Upper CIn","GOA",10.5157806277275,0.345456878616389,0.462557467296064,-0.454544787867401
"Chum",1990,102,"Upper CIn","GOA",9.3818432688713,-0.788480480239819,-0.941614944606064,0.63424247714063
"Chum",1991,102,"Upper CIn","GOA",9.67905394732952,-0.4912698017816,-0.573574301131096,0.602045366160628
"Chum",1992,102,"Upper CIn","GOA",10.7489604055882,0.578636656477033,0.751307642540006,-0.154463228665558
"Chum",1993,102,"Upper CIn","GOA",10.5164492279291,0.34612547881799,0.46338540540953,1.98856334999023
"Chum",1994,102,"Upper CIn","GOA",9.55186587572098,-0.618457873390144,-0.731073284545749,-0.073931153127534
"Chum",1995,102,"Upper CIn","GOA",10.3754170238972,0.205093274786044,0.288743015735408,0.608801981485079
"Chum",1996,102,"Upper CIn","GOA",11.540113940835,1.36979019172388,1.73100547072783,1.62495355431427
"Chum",1997,102,"Upper CIn","GOA",10.1385867744684,-0.0317369746427008,-0.0045275956916499,0.684403955464217
"Chum",1998,102,"Upper CIn","GOA",9.16952070593834,-1.00080304317278,-1.20453730355854,1.03492663519045
"Chum",1999,102,"Upper CIn","GOA",10.0402404665947,-0.130083282516422,-0.126311370827172,0.329847701705588
"Chum",2000,102,"Upper CIn","GOA",10.3270795941353,0.156755845024163,0.228886018517895,-0.80800195643724
"Chum",2001,102,"Upper CIn","GOA",10.079389154911,-0.0909345942000835,-0.077832936223512,-1.18297275671768
"Chum",2002,102,"Upper CIn","GOA",10.912548288703,0.742224539591847,0.953881083301313,0.107048829068021
"Chum",2003,102,"Upper CIn","GOA",11.3246544897556,1.15433074064451,1.46419865399643,0.222055346140624
"Chum",2004,102,"Upper CIn","GOA",12.0504337102175,1.88010996110636,2.36294244309986,0.101867580350484
"Chum",2005,102,"Upper CIn","GOA",10.0366707742214,-0.133652974889702,-0.130731776866702,0.711998885918549
"Chum",2006,102,"Upper CIn","GOA",9.92919726669788,-0.241126482413239,-0.263817906445438,0.537726581576732
"Chum",2007,102,"Upper CIn","GOA",9.66336119174957,-0.506962557361551,-0.593006886432207,-0.0193959303475793
"Chum",2008,102,"Upper CIn","GOA",10.120805978775,-0.049517770336102,-0.0265458338062548,-0.841703780372703
"Chum",1970,100,"Outer CIn","GOA",7.98667839857248,-1.93276304238965,-2.1002905831511,-0.00906661887754093
"Chum",1971,100,"Outer CIn","GOA",8.38922279156171,-1.53021864940042,-1.63730856020563,1.04775512486117
"Chum",1972,100,"Outer CIn","GOA",8.8357157432116,-1.08372569775054,-1.12377958405792,0.246413549681195
"Chum",1973,100,"Outer CIn","GOA",9.7439648279777,-0.175476612984438,-0.0791668508366196,1.69577976709806
"Chum",1974,100,"Outer CIn","GOA",8.35654398569694,-1.5628974552652,-1.67489373071159,2.10485900686034
"Chum",1975,100,"Outer CIn","GOA",9.26190139697148,-0.657540043990652,-0.63360682407273,1.77698908645987
"Chum",1976,100,"Outer CIn","GOA",10.6228241828772,0.703382741915037,0.931643606599818,1.4478731494234
"Chum",1977,100,"Outer CIn","GOA",9.25477725725908,-0.664664183703061,-0.64180057530425,2.14566161042404
"Chum",1978,100,"Outer CIn","GOA",10.0332954755196,0.113854034557484,0.253603623257819,0.71430726077505
"Chum",1979,100,"Outer CIn","GOA",9.36077294899867,-0.558668491963463,-0.519890791837418,0.181841171437768
"Chum",1980,100,"Outer CIn","GOA",10.9410539773794,1.0216125364173,1.29765211792474,0.0389700437507269
"Chum",1981,100,"Outer CIn","GOA",8.72041197006519,-1.19902947089695,-1.25639495536679,-0.473184904948318
"Chum",1982,100,"Outer CIn","GOA",10.8031650231435,0.883723582181332,1.13906064804998,0.19987020758284
"Chum",1983,100,"Outer CIn","GOA",10.9831245770821,1.06368313611998,1.34603915720812,0.00326774746238915
"Chum",1984,100,"Outer CIn","GOA",8.867912035722,-1.05152940524014,-1.08674937099963,0.865018077108487
"Chum",1985,100,"Outer CIn","GOA",9.11024148647602,-0.80919995448612,-0.808036808401937,-0.451389382864551
"Chum",1986,100,"Outer CIn","GOA",9.55844844304598,-0.360992997916157,-0.292536488275632,-0.934358378633385
"Chum",1987,100,"Outer CIn","GOA",9.88548530065096,-0.033956140311179,0.0836013701784938,0.675074042749755
"Chum",1988,100,"Outer CIn","GOA",10.0489062345945,0.129464793632352,0.271558166761771,-0.553148419671238
"Chum",1989,100,"Outer CIn","GOA",10.2304446147038,0.311003173741705,0.480352545541062,0.124367914283868
"Chum",1990,100,"Outer CIn","GOA",9.22755197378305,-0.691889467179087,-0.673113436788653,1.5794544046333
"Chum",1991,100,"Outer CIn","GOA",9.50236161855551,-0.417079822406629,-0.35704413492389,-0.280483799866906
"Chum",1992,100,"Outer CIn","GOA",10.5280377681439,0.608596327181741,0.822626050262511,0.203946767854845
"Chum",1993,100,"Outer CIn","GOA",10.230219575075,0.310778134112866,0.480093718677697,0.674658345033703
"Chum",1994,100,"Outer CIn","GOA",9.36471409064073,-0.55472735032141,-0.515357930960628,-0.435004267685484
"Chum",1995,100,"Outer CIn","GOA",10.1708202178662,0.251378776904026,0.4117761988186,0.804053864110503
"Chum",1996,100,"Outer CIn","GOA",11.3389090207907,1.41946757982855,1.75524073683398,0.80162573510616
"Chum",1997,100,"Outer CIn","GOA",9.97886169873751,0.0594202577753759,0.190997211319006,-0.185647837453806
"Chum",1998,100,"Outer CIn","GOA",8.92462330598098,-0.994818134981159,-1.02152352489274,1.08600663088174
"Chum",1999,100,"Outer CIn","GOA",9.8066589648907,-0.112782476071436,-0.0070598762014543,-0.0733656646800465
"Chum",2000,100,"Outer CIn","GOA",10.102101784486,0.182660343523901,0.332740445609573,0.599377480274199
"Chum",2001,100,"Outer CIn","GOA",9.95900178872622,0.0395603477640783,0.168155553423174,1.00787304156447
"Chum",2002,100,"Outer CIn","GOA",10.6266854267854,0.70724398582326,0.936084573973478,-0.124989855861353
"Chum",2003,100,"Outer CIn","GOA",11.0542984558986,1.13485701493645,1.42789901408162,-1.16973603591287
"Chum",2004,100,"Outer CIn","GOA",11.76781807496,1.84837663399784,2.24854578595993,1.12259832788898
"Chum",2005,100,"Outer CIn","GOA",9.80914995303521,-0.110291487926929,-0.00419489348063446,0.497898496705916
"Chum",2006,100,"Outer CIn","GOA",9.68679369412936,-0.232647746832781,-0.14492160401213,0.540141678100044
"Chum",1970,101,"S CIn","GOA",7.90922674265775,-1.934756180863,-2.10654031401885,1.27629346590556
"Chum",1971,101,"S CIn","GOA",8.29363110390577,-1.55035181961499,-1.66470749540157,2.13155949594194
"Chum",1972,101,"S CIn","GOA",8.77902520786632,-1.06495771565443,-1.1067974748263,0.245296355955343
"Chum",1973,101,"S CIn","GOA",9.67601209337062,-0.167970830150139,-0.0758043752724801,1.78624428853994
"Chum",1974,101,"S CIn","GOA",8.29770657691089,-1.54627634660987,-1.6600231632072,3.02771531940704
"Chum",1975,101,"S CIn","GOA",9.18812032179399,-0.655862601726762,-0.636585204907231,1.24521071234218
"Chum",1976,101,"S CIn","GOA",10.5643431923606,0.720360268839863,0.945239798258387,2.65763371518819
"Chum",1977,101,"S CIn","GOA",9.16876471042633,-0.675218213094423,-0.658832466355747,1.59861027378204
"Chum",1978,101,"S CIn","GOA",9.94377035444433,0.0997874309235778,0.23195588742114,1.47428616011654
"Chum",1979,101,"S CIn","GOA",9.26430584083904,-0.579677082681712,-0.549017877345677,1.9953803540534
"Chum",1980,101,"S CIn","GOA",10.8859386444092,1.04195572088843,1.31488031058712,2.36410770721651
"Chum",1981,101,"S CIn","GOA",8.63856280933727,-1.20542011418349,-1.26824438778627,0.224642427437946
"Chum",1982,101,"S CIn","GOA",10.7265923131596,0.882609389638836,1.13172828170859,0.901786045671273
"Chum",1983,101,"S CIn","GOA",10.921012932604,1.07703000908325,1.35519455562794,1.23455305711594
"Chum",1984,101,"S CIn","GOA",8.79706873676994,-1.04691418675082,-1.08605831565703,1.63222394675389
"Chum",1985,101,"S CIn","GOA",9.03729329325936,-0.806689630261396,-0.809945181689937,2.18402675686991
"Chum",1986,101,"S CIn","GOA",9.50997560674494,-0.334007316775817,-0.266646041691042,2.12684185156021
"Chum",1987,101,"S CIn","GOA",9.86019336093555,0.0162104374147981,0.135892828995751,0.704416772818176
"Chum",1988,101,"S CIn","GOA",9.9614339091561,0.117450985635347,0.252258305790598,0.0892311337279426
"Chum",1989,101,"S CIn","GOA",10.1563217856667,0.312338862145972,0.476261643092669,1.40307583808189
"Chum",1990,101,"S CIn","GOA",9.16289181059057,-0.681091112930185,-0.665582753682008,1.10245106497528
"Chum",1991,101,"S CIn","GOA",9.42497943748127,-0.419003486039482,-0.364340294991168,2.02455327637443
"Chum",1992,101,"S CIn","GOA",10.4394543279301,0.595471404409352,0.801693042425296,1.63913540131341
"Chum",1993,101,"S CIn","GOA",10.1500730622898,0.306090138769091,0.469079385707754,1.20692843215157
"Chum",1994,101,"S CIn","GOA",9.29048120975494,-0.553501713765811,-0.518932014144458,0.554658465747995
"Chum",1995,101,"S CIn","GOA",10.1022634939714,0.258280570450637,0.414127261183368,1.08305327606782
"Chum",1996,101,"S CIn","GOA",11.2668885751204,1.42290565159966,1.75274262071218,1.5094085064703
"Chum",1997,101,"S CIn","GOA",9.91320500590585,0.0692220823850923,0.196824199391031,0.869352510336464
"Chum",1998,101,"S CIn","GOA",8.85437555746599,-0.989607366054766,-1.02019008764857,0.683591869715315
"Chum",1999,101,"S CIn","GOA",9.73105921528556,-0.112923708235193,-0.0125334359067386,0.268174856062957
"Chum",2000,101,"S CIn","GOA",10.0595296079462,0.215546684425467,0.365009105365182,-1.48892954902508
"Chum",2001,101,"S CIn","GOA",9.90924435312097,0.0652614296002181,0.192271841093576,-0.896488104577975
"Chum",2002,101,"S CIn","GOA",10.5594524253498,0.715469501829089,0.939618370430266,-0.190201579384801
"Chum",2003,101,"S CIn","GOA",10.962372563102,1.11838963958128,1.40273314769955,0.17771325370776
"Chum",2004,101,"S CIn","GOA",11.6828410517086,1.83885812818782,2.23083671554793,0.999405638584662
"Chum",2005,101,"S CIn","GOA",9.73924379998987,-0.10473912353088,-0.00312610733903451,1.54268742288768
"Chum",2006,101,"S CIn","GOA",9.62499752911654,-0.218985394404212,-0.134440309167015,0.277287324678223
"Chum",1978,106,"NE Kod","GOA",9.63305103778839,0.170460494273433,0.08143013934092,2.13988843311279
"Chum",1979,106,"NE Kod","GOA",8.83144999668002,-0.631140546834937,-0.984668734493727,1.11702332097211
"Chum",1980,106,"NE Kod","GOA",10.4741410315037,1.01155048798872,1.20004781709944,0.838576781674794
"Chum",1981,106,"NE Kod","GOA",8.18863611668348,-1.27395442683148,-1.83958672786613,2.74030079500947
"Chum",1982,106,"NE Kod","GOA",10.364491045475,0.901900501960042,1.05421750922019,-0.453479176002708
"Chum",1983,106,"NE Kod","GOA",10.5116561576724,1.04906561415745,1.24994150698905,0.430218441453921
"Chum",1984,106,"NE Kod","GOA",8.41157491132617,-1.05101563218879,-1.54308661657137,1.21548471861194
"Chum",1985,106,"NE Kod","GOA",8.59914106503129,-0.863449478483672,-1.29363077135686,-0.74150898054862
"Chum",1986,106,"NE Kod","GOA",9.24810494482517,-0.214485598689791,-0.430533512337595,-0.155190804100742
"Chum",1987,106,"NE Kod","GOA",9.50128731876611,0.0386967752511535,-0.0938105917186174,1.86480303205567
"Chum",1988,106,"NE Kod","GOA",9.54477601498365,0.0821854714686885,-0.0359722810323627,-0.123868784020195
"Chum",1989,106,"NE Kod","GOA",9.74046720564366,0.277876662128696,0.22428955407395,-0.275929470002978
"Chum",1990,106,"NE Kod","GOA",8.93741864711046,-0.525171896404499,-0.843734462839763,0.789233112605756
"Chum",1991,106,"NE Kod","GOA",9.15813948214054,-0.304451061374419,-0.550184153408966,0.675033305574443
"Chum",1992,106,"NE Kod","GOA",10.0877816826105,0.625191139095556,0.686204588825983,-0.499884595587783
"Chum",1993,106,"NE Kod","GOA",9.72709801793099,0.264507474416028,0.206509043279139,1.28172779021005
"Chum",1994,106,"NE Kod","GOA",9.004509806633,-0.458080736881963,-0.754505774323668,-0.0359031454486588
"Chum",1995,106,"NE Kod","GOA",9.75946050137281,0.296869957857855,0.249549914463786,0.552785647717588
"Chum",1996,106,"NE Kod","GOA",10.9257752671838,1.46318472366882,1.8007041602823,1.51619875730862
"Chum",1997,106,"NE Kod","GOA",9.65792316943407,0.195332625919113,0.114509127737271,0.831549503419064
"Chum",1998,106,"NE Kod","GOA",8.44580129720271,-1.01678924631225,-1.49756682609311,1.41078510304138
"Chum",1999,106,"NE Kod","GOA",9.37387803941965,-0.0887125040953098,-0.263260083749635,2.26761334119074
"Chum",2000,106,"NE Kod","GOA",9.73075877130032,0.268168227785357,0.211377705923378,1.13641577859533
"Chum",2001,106,"NE Kod","GOA",9.72751192003488,0.264921376519922,0.207059517323221,-0.639320952181546
"Chum",2002,106,"NE Kod","GOA",10.1504405215383,0.687849978023298,0.769538459655651,0.960365611839458
"Chum",2003,106,"NE Kod","GOA",10.5553864017129,1.09279585819794,1.30810106708595,1.80207643619899
"Chum",2004,106,"NE Kod","GOA",11.2736700624228,1.8110795189078,2.26339099624796,1.15350916275189
"Chum",2005,106,"NE Kod","GOA",9.40044669434428,-0.0621438491706773,-0.227924783965983,1.62985813034105
"Chum",2006,106,"NE Kod","GOA",9.28518588468432,-0.177404658830635,-0.381217273713558,0.0870113769896297
"Chum",2007,106,"NE Kod","GOA",8.90474549308419,-0.55784505043077,-0.88718851407686,0.442526485862415
"Chum",1978,104,"E Kod","GOA",9.50456139114168,0.23827500191136,0.173839661925932,1.96795827944495
"Chum",1979,104,"E Kod","GOA",8.64968823393186,-0.61659815529846,-0.990394481961238,0.988642538841896
"Chum",1980,104,"E Kod","GOA",10.2217016418775,0.955415252647174,1.15049819754716,0.486801810499242
"Chum",1981,104,"E Kod","GOA",7.98917075660493,-1.27711563262539,-1.88993962880867,-0.163104251766102
"Chum",1982,104,"E Kod","GOA",10.0881378650665,0.821851475836205,0.968600441092413,-0.185311095642321
"Chum",1983,104,"E Kod","GOA",10.2752582099703,1.00897182073994,1.2234357844595,-0.123108927676954
"Chum",1984,104,"E Kod","GOA",8.24102420608202,-1.0252621831483,-1.54694560371376,0.857599045011632
"Chum",1985,104,"E Kod","GOA",8.41279144750701,-0.853494941723311,-1.31301933572684,0.546379092128973
"Chum",1986,104,"E Kod","GOA",9.07531133625242,-0.190975052977899,-0.410747146014815,0.752241498657926
"Chum",1987,104,"E Kod","GOA",9.237986266613,-0.0283001226173161,-0.189203509180545,2.51687832793557
"Chum",1988,104,"E Kod","GOA",9.33520478010177,0.0689183908714499,-0.0568036181943822,1.59128410657267
"Chum",1989,104,"E Kod","GOA",9.48583131366306,0.21954492443274,0.148331555215185,-0.306845497879217
"Chum",1990,104,"E Kod","GOA",8.80643138620588,-0.459855003024436,-0.776929211518625,1.51061313609904
"Chum",1991,104,"E Kod","GOA",9.06917375326156,-0.197112635968757,-0.41910579386641,0.440346186016388
"Chum",1992,104,"E Kod","GOA",9.9176975886027,0.651411199372384,0.736481339352918,0.784226683109344
"Chum",1993,104,"E Kod","GOA",9.50858568482929,0.242299295598972,0.179320264605562,1.04518916707026
"Chum",1994,104,"E Kod","GOA",8.85354744725757,-0.412738941972748,-0.712762818482162,0.0200156850755921
"Chum",1995,104,"E Kod","GOA",9.61445754104191,0.348171151811586,0.323504964803355,2.52849164802931
"Chum",1996,104,"E Kod","GOA",10.7601062787904,1.49381988956005,1.8837403823492,2.2525507786147
"Chum",1997,104,"E Kod","GOA",9.47878089216021,0.212494502929886,0.138729731397006,2.01195050404073
"Chum",1998,104,"E Kod","GOA",8.27408113247819,-0.992205256752136,-1.50192605657065,2.63629200334641
"Chum",1999,104,"E Kod","GOA",9.196632332272,-0.0696540569583205,-0.245522580539629,0.53397278617131
"Chum",2000,104,"E Kod","GOA",9.53740720616447,0.271120816934144,0.218571700838159,0.963781556622322
"Chum",2001,104,"E Kod","GOA",9.59424522187974,0.327958832649422,0.295978223675418,1.78010965061887
"Chum",2002,104,"E Kod","GOA",9.88384084569083,0.61755445646051,0.690372538571916,2.12829262017329
"Chum",2003,104,"E Kod","GOA",10.3301839696036,1.06389758037332,1.29823804512801,1.37388139347746
"Chum",2004,104,"E Kod","GOA",11.0195290711191,1.75324268188878,2.23704293955832,1.67255234311296
"Chum",2005,104,"E Kod","GOA",9.19907963607046,-0.0672067531598554,-0.242189647906749,1.89205138025159
"Chum",2006,104,"E Kod","GOA",9.08168254627122,-0.184603842959102,-0.402070326326185,-0.598036152150062
"Chum",2007,104,"E Kod","GOA",8.66530523366398,-0.600981155566341,-0.969126011709403,0.968482243813563
"Chum",1978,107,"NW Kod","GOA",9.32537776657514,0.176134722340133,0.0528192812884602,2.46366766647865
"Chum",1979,107,"NW Kod","GOA",8.43896811349051,-0.710274930744488,-1.11716902857246,1.96284048673023
"Chum",1980,107,"NW Kod","GOA",10.1751431482179,1.02590010398288,1.17444014720157,1.58766009531608
"Chum",1981,107,"NW Kod","GOA",7.82397933517183,-1.32526370906317,-1.92890396266823,1.02554597411635
"Chum",1982,107,"NW Kod","GOA",10.1003408133984,0.951097769163355,1.07570717764896,1.49769280672602
"Chum",1983,107,"NW Kod","GOA",10.1753895282745,1.02614648403953,1.17476534874361,0.591482981645625
"Chum",1984,107,"NW Kod","GOA",8.08171987533569,-1.06752316889931,-1.58870751070093,2.26626271528834
"Chum",1985,107,"NW Kod","GOA",8.24093210910048,-0.908310935134524,-1.37856037202366,1.91274564256541
"Chum",1986,107,"NW Kod","GOA",9.05262761456626,-0.0966154296687455,-0.307188631816601,0.262061985565674
"Chum",1987,107,"NW Kod","GOA",9.30629635282925,0.157053308594247,0.0276333743653834,1.66586614856143
"Chum",1988,107,"NW Kod","GOA",9.21799235258783,0.0687493083528305,-0.0889206902670218,0.619291259015006
"Chum",1989,107,"NW Kod","GOA",9.43137374520302,0.282130700968019,0.192725311706041,-0.424484441204457
"Chum",1990,107,"NW Kod","GOA",8.75556481310299,-0.39367823113201,-0.699287255513983,1.93428941526861
"Chum",1991,107,"NW Kod","GOA",8.89858985798699,-0.250653186248008,-0.51050588343698,1.70504027653151
"Chum",1992,107,"NW Kod","GOA",9.77362942695618,0.624386382721179,0.644474844488315,0.930218046358311
"Chum",1993,107,"NW Kod","GOA",9.38335755041668,0.234114506181676,0.12934785819058,1.54618792445958
"Chum",1994,107,"NW Kod","GOA",8.77377911124911,-0.375463932985894,-0.675245870326989,1.03903134613972
"Chum",1995,107,"NW Kod","GOA",9.46191035849707,0.312667314262072,0.233031145980811,0.840221354156722
"Chum",1996,107,"NW Kod","GOA",10.6373353345054,1.48809229027035,1.78449606545969,1.66455275288321
"Chum",1997,107,"NW Kod","GOA",9.44167098828725,0.292427944052244,0.206316831146758,1.80309832578096
"Chum",1998,107,"NW Kod","GOA",8.10514064984662,-1.04410239438838,-1.55779400215517,2.16221570952673
"Chum",1999,107,"NW Kod","GOA",9.08907946092742,-0.0601635833075836,-0.259075173251485,1.82356835960223
"Chum",2000,107,"NW Kod","GOA",9.48731034142631,0.338067297191305,0.2665570479094,1.24773171644644
"Chum",2001,107,"NW Kod","GOA",9.59593454429081,0.446691500055807,0.409932119556206,0.858608910377097
"Chum",2002,107,"NW Kod","GOA",9.86822023136275,0.718977187127751,0.769326976897871,2.26080693761416
"Chum",2003,107,"NW Kod","GOA",10.2045653888157,1.05532234458074,1.21327510057738,1.09375561008602
"Chum",2004,107,"NW Kod","GOA",10.9556651370866,1.8064220928516,2.20466539281791,2.06703179643681
"Chum",2005,107,"NW Kod","GOA",9.12561764887401,-0.0236253953609901,-0.210847750848929,2.40930485043917
"Chum",2006,107,"NW Kod","GOA",9.03166643636567,-0.117576607869328,-0.334855674216524,1.72490460449158
"Chum",2007,107,"NW Kod","GOA",8.60164243408611,-0.547600610148886,-0.902452218179991,1.88734686638796
"Chum",1971,99,"Kamishak","GOA",7.64893950521946,-1.63008418850389,-1.87716095810176,0.294225832666207
"Chum",1972,99,"Kamishak","GOA",8.27731137092297,-1.00171232280038,-1.13825687124047,2.07603212174951
"Chum",1973,99,"Kamishak","GOA",9.15404542134359,-0.124978272379759,-0.107303055030124,1.10934025202309
"Chum",1974,99,"Kamishak","GOA",7.80765240926009,-1.47137128446326,-1.69053004759473,1.98955265199533
"Chum",1975,99,"Kamishak","GOA",8.50626017726385,-0.772763516459499,-0.869035383263933,1.27676920245665
"Chum",1976,99,"Kamishak","GOA",9.94862124553094,0.669597551807589,0.827040692451136,0.213961404374129
"Chum",1977,99,"Kamishak","GOA",8.57948019412848,-0.699543499594869,-0.782935777832433,0.943476971534356
"Chum",1978,99,"Kamishak","GOA",9.42312039320286,0.144096699479512,0.209102893788586,0.46439241430855
"Chum",1979,99,"Kamishak","GOA",8.57743296256432,-0.701590731159024,-0.78534312267403,1.44792531635823
"Chum",1980,99,"Kamishak","GOA",10.3223378749994,1.04331418127607,1.26649503455973,0.824142953809603
"Chum",1981,99,"Kamishak","GOA",7.97375046289884,-1.30527323082451,-1.49521492075344,-0.72569467980449
"Chum",1982,99,"Kamishak","GOA",10.2337325948935,0.954708901170178,1.16230385866354,0.363198562611507
"Chum",1983,99,"Kamishak","GOA",10.3134402403465,1.03441654662312,1.25603228317429,0.480240972327124
"Chum",1984,99,"Kamishak","GOA",8.20985271838995,-1.0691709753334,-1.21758167359297,1.40496354024271
"Chum",1985,99,"Kamishak","GOA",8.39044028749833,-0.88858340622502,-1.00522828838669,1.22207166374301
"Chum",1986,99,"Kamishak","GOA",9.1505405994562,-0.128483094267151,-0.111424384067374,-0.771267544158031
"Chum",1987,99,"Kamishak","GOA",9.44985869756111,0.170835003837765,0.240544534390898,-0.560245888367797
"Chum",1988,99,"Kamishak","GOA",9.36112960943808,0.0821059157147378,0.136207772330142,-0.521946951153932
"Chum",1989,99,"Kamishak","GOA",9.57624417543411,0.297220481710768,0.389161541639823,-0.44012808534163
"Chum",1990,99,"Kamishak","GOA",8.83566139753048,-0.443362296192869,-0.481691644378348,0.519742052207909
"Chum",1991,99,"Kamishak","GOA",8.98204379815322,-0.296979895570131,-0.309560204432972,0.468266009347195
"Chum",1993,99,"Kamishak","GOA",9.52899107566247,0.249967381939122,0.333596500548998,-0.0461147987846414
"Chum",1994,99,"Kamishak","GOA",8.872316131225,-0.406707562498345,-0.438589249112174,0.139894894579037
"Chum",1995,99,"Kamishak","GOA",9.57557706649487,0.296553372771519,0.388377086528929,0.360032548733039
"Chum",1996,99,"Kamishak","GOA",10.7543230240162,1.47529933029282,1.7744674780976,1.20346883119896
"Chum",1997,99,"Kamishak","GOA",9.532386807295,0.253363113571648,0.337589550076046,1.38812732588241
"Chum",1998,99,"Kamishak","GOA",8.23903838258523,-1.03998531113811,-1.18326217628779,0.858278386579802
"Chum",2000,99,"Kamishak","GOA",9.60744890799889,0.328425214275547,0.42585526661383,0.62480370011902
"Chum",2001,99,"Kamishak","GOA",9.66313785773057,0.384114164007222,0.491340045286533,0.198411220787183
"Chum",2002,99,"Kamishak","GOA",10.0113731668546,0.73234947313122,0.900830837515185,0.507854828766514
"Chum",2003,99,"Kamishak","GOA",10.3386347660652,1.05961107234181,1.28565859051895,-0.830245836675204
"Chum",2004,99,"Kamishak","GOA",11.0994075811826,1.82038388745929,2.1802532930267,-0.115834096419552
"Chum",2005,99,"Kamishak","GOA",9.24008660133068,-0.038937092392662,-0.00612701103322163,0.183499724270626
"Chum",2006,99,"Kamishak","GOA",9.15548309454551,-0.123540599177836,-0.105612491428454,-0.168379379211865
"Chum",1978,103,"Alitak","GOA",9.31297782725758,0.246368882182528,0.151115137741639,1.82399986213786
"Chum",1979,103,"Alitak","GOA",8.38913258579042,-0.67747635928463,-1.08745888121493,3.09760762815361
"Chum",1980,103,"Alitak","GOA",10.0333139830165,0.966705037941491,1.11685009787546,0.575212376198776
"Chum",1981,103,"Alitak","GOA",7.74369420939021,-1.32291473568484,-1.95278043937682,0.887219977216539
"Chum",1982,103,"Alitak","GOA",9.95722223321597,0.890613288140912,1.01483597242489,-0.185341699383146
"Chum",1983,103,"Alitak","GOA",10.0452736020088,0.978664656933766,1.13288403158596,-0.182701795632857
"Chum",1984,103,"Alitak","GOA",8.0094896654288,-1.05711927964626,-1.59643574934705,0.433359835361873
"Chum",1985,103,"Alitak","GOA",8.15982800225417,-0.906780942820886,-1.39488125765606,0.375299516337225
"Chum",1986,103,"Alitak","GOA",8.97125030226177,-0.0953586428132792,-0.307029598004327,0.834075371037376
"Chum",1987,103,"Alitak","GOA",9.12290415830082,0.0562952132257692,-0.10371142572447,1.56754077875531
"Chum",1988,103,"Alitak","GOA",9.1295068860054,0.0628979409303446,-0.0948593294836057,1.6980012454363
"Chum",1989,103,"Alitak","GOA",9.30011788672871,0.233508941653659,0.133874167599184,0.556213634315972
"Chum",1990,103,"Alitak","GOA",8.71282961302333,-0.353779332051722,-0.653487140117416,2.91581330167936
"Chum",1991,103,"Alitak","GOA",8.89707899093628,-0.169529954138776,-0.406469044175859,0.502158005026469
"Chum",1992,103,"Alitak","GOA",9.72379618883133,0.657187243756278,0.701888066276165,1.10250894559988
"Chum",1993,103,"Alitak","GOA",9.28310592969259,0.216496984617538,0.111066702613942,1.69734690534053
"Chum",1994,103,"Alitak","GOA",8.72173463304838,-0.344874312026676,-0.641548423602738,0.483819114930783
"Chum",1995,103,"Alitak","GOA",9.40173918008804,0.335130235012992,0.270115053061501,0.713864918622823
"Chum",1996,103,"Alitak","GOA",10.5799339678552,1.51332502278019,1.84968854426769,1.73383317424809
"Chum",1997,103,"Alitak","GOA",9.36431986093521,0.29771091586016,0.219947996470791,1.54167876675083
"Chum",1998,103,"Alitak","GOA",8.04019828140736,-1.0264106636677,-1.55526554875289,-0.0213352581286722
"Chum",1999,103,"Alitak","GOA",9.01792874932289,-0.0486801957521618,-0.244449082155888,0.818341337449669
"Chum",2000,103,"Alitak","GOA",9.39160666863124,0.324997723556182,0.256530672394828,0.176896072325996
"Chum",2001,103,"Alitak","GOA",9.54701209068298,0.480403145607924,0.464878466504358,0.877480853659281
"Chum",2002,103,"Alitak","GOA",9.73030931750933,0.663700372434279,0.710620039555457,0.732778972822529
"Chum",2003,103,"Alitak","GOA",10.1266120539771,1.06000310890207,1.24193226697017,0.179577881721603
"Chum",2004,103,"Alitak","GOA",10.8371390302976,1.77053008522255,2.19451632882097,1.16670062773404
"Chum",2005,103,"Alitak","GOA",9.03926590416166,-0.0273430409133882,-0.21584294290708,0.746345771243744
"Chum",2006,103,"Alitak","GOA",8.94853644900852,-0.118072496066534,-0.337481439121347,1.24290319957908
"Chum",2007,103,"Alitak","GOA",8.46999918752246,-0.596609757552592,-0.979043242522516,0.974159097720161
"Chum",1978,105,"SW Kod","GOA",9.18955342844129,0.2479478256037,0.140280200194704,-0.543122169215076
"Chum",1979,105,"SW Kod","GOA",8.23413963615894,-0.707465966678644,-1.14125264811899,-0.120549595697466
"Chum",1980,105,"SW Kod","GOA",9.91141191869974,0.969806315862155,1.10853644117951,0.0827571163189929
"Chum",1981,105,"SW Kod","GOA",7.60647456720471,-1.33513103563288,-1.98316367149076,-2.04459198589383
"Chum",1982,105,"SW Kod","GOA",9.83696664497256,0.895361042134973,1.00868016481659,0.848797660582926
"Chum",1983,105,"SW Kod","GOA",9.91393384337425,0.972328240536664,1.11191919463928,-0.819971541284017
"Chum",1984,105,"SW Kod","GOA",7.88540928438306,-1.05619631845453,-1.60901792910492,0.088789302934643
"Chum",1985,105,"SW Kod","GOA",8.02864492125809,-0.912960681579497,-1.41689052296189,1.58080278467231
"Chum",1986,105,"SW Kod","GOA",8.88951344043016,-0.052092162407425,-0.262174844467527,0.493203964582196
"Chum",1987,105,"SW Kod","GOA",9.04160360619426,0.0999980033566694,-0.0581705220403272,1.94740785597199
"Chum",1988,105,"SW Kod","GOA",8.99738624691963,0.0557806440820399,-0.117480947359559,0.563401965663686
"Chum",1989,105,"SW Kod","GOA",9.17184925451875,0.230243651681162,0.116532918527573,1.90425206760204
"Chum",1990,105,"SW Kod","GOA",8.63241389766335,-0.309191705174237,-0.607032237152865,-0.519022714666077
"Chum",1991,105,"SW Kod","GOA",8.79744983464479,-0.144155768192797,-0.385663259540868,0.935761866722012
"Chum",1992,105,"SW Kod","GOA",9.59878714382649,0.657181540988899,0.689200943374225,0.695730793704153
"Chum",1993,105,"SW Kod","GOA",9.14724934101105,0.205643738173465,0.0835361191507505,2.07861966712749
"Chum",1994,105,"SW Kod","GOA",8.6295437105,-0.312061892337584,-0.610882128331274,1.83658683081149
"Chum",1995,105,"SW Kod","GOA",9.28746327757836,0.345857674740767,0.271610403773667,1.41924825202509
"Chum",1996,105,"SW Kod","GOA",10.4576010107994,1.51599540796182,1.84116063874761,2.39060258136249
"Chum",1997,105,"SW Kod","GOA",9.26611840724945,0.324512804411865,0.242979717582568,2.63007435194569
"Chum",1998,105,"SW Kod","GOA",7.90926703996956,-1.03233856286802,-1.57701661436765,1.09908843738587
"Chum",1999,105,"SW Kod","GOA",8.908293094486,-0.0333125083515906,-0.236984980403469,-0.578682667003376
"Chum",2000,105,"SW Kod","GOA",9.30081401020288,0.359208407365295,0.289518249092201,1.62996852674108
"Chum",2001,105,"SW Kod","GOA",9.48609374463558,0.544488141797989,0.538041001977231,1.85272802913902
"Chum",2002,105,"SW Kod","GOA",9.61681062355637,0.675205020718786,0.713376522062062,-0.36411171714149
"Chum",2003,105,"SW Kod","GOA",9.97798722237349,1.0363816195359,1.19783642746142,0.77308254794678
"Chum",2004,105,"SW Kod","GOA",10.7010452076793,1.75943960484169,2.1677015967629,0.183167305331779
"Chum",2005,105,"SW Kod","GOA",8.9265177026391,-0.0150879001984847,-0.212539620513846,-0.00601807232556302
"Chum",2006,105,"SW Kod","GOA",8.84580439329148,-0.0958012095461132,-0.320803451390722,-0.0284860133993427
"Chum",2007,105,"SW Kod","GOA",8.35298774391413,-0.588617858923463,-0.981837162097639,4.18316910923983
"Chum",1978,108,"Mainland Kod","GOA",9.25944266716639,0.187551631285179,0.0582867409207271,1.85905544915939
"Chum",1979,108,"Mainland Kod","GOA",8.35209027131399,-0.719800764567231,-1.1367853360774,1.06172884910543
"Chum",1980,108,"Mainland Kod","GOA",10.0965767065684,1.02468567068719,1.16087435711822,0.240736020340555
"Chum",1981,108,"Mainland Kod","GOA",7.73625240723292,-1.3356386286483,-1.94790418988288,0.264886001298225
"Chum",1982,108,"Mainland Kod","GOA",10.0350020607312,0.963111024850032,1.07977451076591,0.354029485347445
"Chum",1983,108,"Mainland Kod","GOA",10.0800932725271,1.00820223664584,1.13916405818045,0.648647451739069
"Chum",1984,108,"Mainland Kod","GOA",7.99715234041214,-1.07473869546908,-1.60427339499171,0.852335147578868
"Chum",1985,108,"Mainland Kod","GOA",8.1501200457414,-0.921770990139818,-1.40279992761883,0.274482454695862
"Chum",1986,108,"Mainland Kod","GOA",9.00515424410502,-0.0667367917761963,-0.27663604684471,0.508922314692543
"Chum",1987,108,"Mainland Kod","GOA",9.24252353111903,0.17063249523781,0.0360025797176832,0.903169563622414
"Chum",1988,108,"Mainland Kod","GOA",9.13916183312734,0.0672707972461198,-0.100134911807798,0.565839651786287
"Chum",1989,108,"Mainland Kod","GOA",9.35392315785091,0.282032121969688,0.182726811563914,-0.934163247298648
"Chum",1990,108,"Mainland Kod","GOA",8.71650832891464,-0.355382706966576,-0.656811020714183,0.227247089385407
"Chum",1991,108,"Mainland Kod","GOA",8.84115619659424,-0.23073483928698,-0.492637556465708,-0.378705732677805
"Chum",1992,108,"Mainland Kod","GOA",9.70204898516337,0.630157949282159,0.641242662081027,-0.0684165141830926
"Chum",1993,108,"Mainland Kod","GOA",9.29696458180746,0.225073545926243,0.107706781764855,0.79971569384833
"Chum",1994,108,"Mainland Kod","GOA",8.72274202108383,-0.349149014797384,-0.64860063687428,-0.276009870984263
"Chum",1995,108,"Mainland Kod","GOA",9.37843009630839,0.306539060427173,0.215004852573259,1.07906357752968
"Chum",1996,108,"Mainland Kod","GOA",10.561123919487,1.48923288360578,1.77272858833427,1.26599990154901
"Chum",1997,108,"Mainland Kod","GOA",9.38844647407532,0.316555438194102,0.228197404261709,1.61699335781306
"Chum",1998,108,"Mainland Kod","GOA",8.01652927597364,-1.05536175990758,-1.57875207082572,0.714993175465513
"Chum",1999,108,"Mainland Kod","GOA",9.02145148515701,-0.0504395507242035,-0.255170982331327,0.515601206108912
"Chum",2000,108,"Mainland Kod","GOA",9.42953338623047,0.357642350349255,0.282312896402522,0.0616733433215803
"Chum",2001,108,"Mainland Kod","GOA",9.57272355556487,0.500832519683656,0.470908390120722,-0.996390809882782
"Chum",2002,108,"Mainland Kod","GOA",9.80390155712764,0.732010521246419,0.775392486648999,1.48346082669077
"Chum",2003,108,"Mainland Kod","GOA",10.128683368365,1.05679233248376,1.20316197896625,0.604012338492108
"Chum",2004,108,"Mainland Kod","GOA",10.8754429419835,1.80355190610233,2.18671756193706,0.167857547391912
"Chum",2005,108,"Mainland Kod","GOA",9.06161684989929,-0.0102741859819236,-0.202269258496841,2.24736832235612
"Chum",2006,108,"Mainland Kod","GOA",8.97410363356273,-0.0977874023184913,-0.317532745638324,-0.143594318446796
"Chum",2007,108,"Mainland Kod","GOA",8.51676347255706,-0.555127563324152,-0.919894582787865,1.07023938506919
"Chum",1962,112,"E Chig","GOA",8.09933349117637,-0.470858754156385,-0.400821428268164,0.859959643456647
"Chum",1963,112,"E Chig","GOA",7.80501623079181,-0.765176014540949,-0.743171242072754,0.72698834393886
"Chum",1964,112,"E Chig","GOA",7.11792273446918,-1.45226951086358,-1.54239834219268,0.0455026795925727
"Chum",1965,112,"E Chig","GOA",7.78457156941295,-0.785620675919805,-0.766952470557974,0.190905300485346
"Chum",1966,112,"E Chig","GOA",8.98680097609759,0.416608730764833,0.63148067940782,1.84519127995637
"Chum",1967,112,"E Chig","GOA",8.97045897692442,0.400266731591664,0.612471667273027,1.27541256836952
"Chum",1968,112,"E Chig","GOA",8.16037741675973,-0.409814828573024,-0.32981513889846,0.76288051857462
"Chum",1969,112,"E Chig","GOA",7.84217773936689,-0.728014505965863,-0.699944978262215,-0.0978698439286687
"Chum",1970,112,"E Chig","GOA",6.42546257097274,-2.14472967436001,-2.34786794914113,-0.497684830204932
"Chum",1971,112,"E Chig","GOA",6.93332641292363,-1.63686583240912,-1.75712076869106,-1.66912205510687
"Chum",1972,112,"E Chig","GOA",7.58645931631327,-0.983732929019488,-0.997396627562098,0.208511889046146
"Chum",1973,112,"E Chig","GOA",8.47001058980823,-0.100181655524524,0.0303501432952237,-0.0538792336769033
"Chum",1974,112,"E Chig","GOA",7.20447377860546,-1.36571846672729,-1.44172217455666,-0.0401123293978056
"Chum",1975,112,"E Chig","GOA",7.59876236878335,-0.9714298765494,-0.983085717910183,1.02927345627129
"Chum",1976,112,"E Chig","GOA",9.10278013534844,0.532587890015688,0.76638762819792,0.292199653290488
"Chum",1977,112,"E Chig","GOA",7.87662018090487,-0.693572064427887,-0.659881533012369,1.45997104762277
"Chum",1978,112,"E Chig","GOA",8.87483607977629,0.304643834443533,0.5012431209372,1.32491928977588
"Chum",1979,112,"E Chig","GOA",7.80519293248653,-0.764999312846219,-0.742965702675538,-0.307585333742209
"Chum",1980,112,"E Chig","GOA",9.53798712044954,0.96779487511679,1.27262035855543,0.790299333238505
"Chum",1981,112,"E Chig","GOA",7.18777718022465,-1.3824150651081,-1.4611436564615,-3.0846502288142
"Chum",1982,112,"E Chig","GOA",9.52524092420935,0.9550486788766,1.25779398410547,-1.70688241781025
"Chum",1983,112,"E Chig","GOA",9.44263344630599,0.872441200973236,1.16170497239705,-0.0618330209593874
"Chum",1984,112,"E Chig","GOA",7.48116726055741,-1.08902498477534,-1.11987233841921,0.332575506572851
"Chum",1985,112,"E Chig","GOA",7.59231635741889,-0.97787588791386,-0.990583717815189,2.71891612264261
"Chum",1986,112,"E Chig","GOA",8.67042502760887,0.100232782276119,0.263472201359883,2.97890322079964
"Chum",1987,112,"E Chig","GOA",8.75013437494636,0.179942129613602,0.356190107825228,0.676362188829765
"Chum",1988,112,"E Chig","GOA",8.60628350824117,0.0360912629084191,0.1888627911473,0.506152260025284
"Chum",1989,112,"E Chig","GOA",8.77906231582165,0.208870070488897,0.38983908634408,0.744030902524268
"Chum",1990,112,"E Chig","GOA",8.43523951247334,-0.134952732859412,-0.0100955710873781,-0.0451486279580402
"Chum",1991,112,"E Chig","GOA",8.48789365217089,-0.0822985931618613,0.0511517200091205,0.540555417565933
"Chum",1992,112,"E Chig","GOA",9.24692943692207,0.676737191589319,0.934062084291025,-0.713642520844657
"Chum",1993,112,"E Chig","GOA",8.72500660642982,0.154814361097067,0.326961489490985,0.801673168983895
"Chum",1994,112,"E Chig","GOA",8.39318329095841,-0.177008954374345,-0.0590153645991453,-0.227798330859192
"Chum",1995,112,"E Chig","GOA",8.89236433058977,0.322172085257018,0.521631980885393,0.458591237193991
"Chum",1996,112,"E Chig","GOA",10.0982700847089,1.52807783937618,1.9243414578938,0.540473697773167
"Chum",1997,112,"E Chig","GOA",9.00891224294901,0.438719997616257,0.657200503245802,0.456575512209088
"Chum",1998,112,"E Chig","GOA",7.50566253624856,-1.06452970908419,-1.09137943568901,0.584956552228813
"Chum",1999,112,"E Chig","GOA",8.59662660211325,0.0264343567804924,0.17762987870953,-0.0887821621190512
"Chum",2000,112,"E Chig","GOA",9.0268578492105,0.456665603877745,0.678074831017824,0.249605149365619
"Chum",2001,112,"E Chig","GOA",9.37791258096694,0.807720335634191,1.08642166699681,-2.41531823190896
"Chum",2002,112,"E Chig","GOA",9.31616089865565,0.745968653322898,1.01459211505762,-1.16177229228219
"Chum",2003,112,"E Chig","GOA",9.59682995826006,1.02663771292731,1.34106634280332,-0.842088603338763
"Chum",2004,112,"E Chig","GOA",10.3121159076691,1.74192366233632,2.1730869021047,-0.870905510134726
"Chum",2005,112,"E Chig","GOA",8.61896983161569,0.0487775862829346,0.203619521484675,1.69860194557824
"Chum",2006,112,"E Chig","GOA",8.59000586718321,0.0198136218504534,0.169928640366978,1.18749179560978
"Chum",2007,112,"E Chig","GOA",7.97370565496385,-0.596486590368905,-0.546951717330495,1.37323095691961
"Chum",1962,111,"Central Chig","GOA",7.86634386526911,-0.528334083155107,-0.47202829100182,-0.268073601063405
"Chum",1963,111,"Central Chig","GOA",7.64028047260485,-0.754397475819368,-0.733332929257421,-0.226826796730506
"Chum",1964,111,"Central Chig","GOA",6.95357883133386,-1.44109911709035,-1.52708516772062,-0.2578291093021
"Chum",1965,111,"Central Chig","GOA",7.64946904307918,-0.745208905345041,-0.72271194345524,-0.682784393524399
"Chum",1966,111,"Central Chig","GOA",8.86990394717769,0.475225998753472,0.687977763407628,1.64865862558738
"Chum",1967,111,"Central Chig","GOA",8.71524846867511,0.320570520250892,0.509212889590212,0.911628718768344
"Chum",1968,111,"Central Chig","GOA",8.04782381496932,-0.346854133454903,-0.262257252674155,0.0858612906063924
"Chum",1969,111,"Central Chig","GOA",7.65994309437902,-0.734734854045194,-0.71060508195183,0.6458942957094
"Chum",1970,111,"Central Chig","GOA",6.19250399070351,-2.20217395772071,-2.40680471705832,0.300421098229211
"Chum",1971,111,"Central Chig","GOA",6.73276606829543,-1.66191188012879,-1.78232065051138,-0.279695720819131
"Chum",1972,111,"Central Chig","GOA",7.40429750241731,-0.990380446006904,-1.00610351777511,0.400759217070752
"Chum",1973,111,"Central Chig","GOA",8.28231947045577,-0.112358477968443,0.00879416218451737,0.399985642343539
"Chum",1974,111,"Central Chig","GOA",7.06255336341105,-1.33212458501317,-1.4011224881912,0.286299902224829
"Chum",1975,111,"Central Chig","GOA",7.37647848380239,-1.01819946462183,-1.03825927068198,1.09505988706374
"Chum",1976,111,"Central Chig","GOA",8.91710586453739,0.522427916113174,0.742538034291316,1.41265726886454
"Chum",1977,111,"Central Chig","GOA",7.74777984305432,-0.646898105369897,-0.609075375759045,3.00018471231254
"Chum",1978,111,"Central Chig","GOA",8.74471378326416,0.350035834839942,0.543271581176841,1.79500299557516
"Chum",1979,111,"Central Chig","GOA",7.64687275572827,-0.747805192695948,-0.725712968605932,-0.513246706986051
"Chum",1980,111,"Central Chig","GOA",9.37489178306178,0.980213834637563,1.27168865186247,0.241684059229952
"Chum",1981,111,"Central Chig","GOA",7.0114307497677,-1.38324719865652,-1.46021465657512,-0.564474314780706
"Chum",1982,111,"Central Chig","GOA",9.36158339914522,0.966905450721006,1.25630561083093,0.20272599814776
"Chum",1983,111,"Central Chig","GOA",9.19833068471206,0.80365273628784,1.06760326948123,0.460287462150565
"Chum",1984,111,"Central Chig","GOA",7.29568358314665,-1.09899436527757,-1.13164936821139,0.988385379213922
"Chum",1985,111,"Central Chig","GOA",7.40472083813266,-0.989957110291562,-1.00561418783693,1.28595593585113
"Chum",1986,111,"Central Chig","GOA",8.53791224329095,0.143234294866733,0.304231544855455,1.52001424404352
"Chum",1987,111,"Central Chig","GOA",8.56406875660545,0.169390808181231,0.334465622868358,1.37810376673617
"Chum",1988,111,"Central Chig","GOA",8.42415264405702,0.0294746956328009,0.172737849323457,1.36578530156349
"Chum",1989,111,"Central Chig","GOA",8.59070231726295,0.196024368838736,0.365251115605804,0.868552463835676
"Chum",1990,111,"Central Chig","GOA",8.31050111118116,-0.0841768372430613,0.0413690667208386,1.81617329731704
"Chum",1991,111,"Central Chig","GOA",8.31547274401313,-0.0792052044110872,0.0471157323060448,2.13064941575251
"Chum",1992,111,"Central Chig","GOA",9.08555150973169,0.690873561307476,0.937242837508167,-0.631070526152484
"Chum",1993,111,"Central Chig","GOA",8.52695152634069,0.132273577916471,0.291562150912652,1.46179141518806
"Chum",1994,111,"Central Chig","GOA",8.26728699081823,-0.127390957605989,-0.00858174555304111,-0.310806389794263
"Chum",1995,111,"Central Chig","GOA",8.69449543952942,0.299817491105201,0.485224650230836,0.885669342815235
"Chum",1996,111,"Central Chig","GOA",9.90040631356992,1.50572836514571,1.8791261616429,0.686517715332932
"Chum",1997,111,"Central Chig","GOA",8.85890139090388,0.464223442479658,0.675260007767794,0.60764566357293
"Chum",1998,111,"Central Chig","GOA",7.35133798028293,-1.04333996814129,-1.06731895212926,-0.409002607688337
"Chum",1999,111,"Central Chig","GOA",8.45636262391743,0.0616846754932112,0.209969074761822,0.519950531542991
"Chum",2000,111,"Central Chig","GOA",8.88732755811591,0.49264960969169,0.708117558266317,0.289310701462426
"Chum",2001,111,"Central Chig","GOA",9.29388460987492,0.899206661450706,1.17805319042738,1.50516660550392
"Chum",2002,111,"Central Chig","GOA",9.19282948657086,0.798151538146642,1.06124448412763,0.105317466948205
"Chum",2003,111,"Central Chig","GOA",9.43854934918253,1.04387140075832,1.34526985884772,0.0364643858372138
"Chum",2004,111,"Central Chig","GOA",10.1235136985779,1.72883575015367,2.13701397728867,0.648620432423798
"Chum",2005,111,"Central Chig","GOA",8.46429584841979,0.0696178999955751,0.219139017468421,-0.654325425285631
"Chum",2006,111,"Central Chig","GOA",8.42597379653077,0.0312958481065548,0.174842903055307,4.25674681824712
"Chum",2007,111,"Central Chig","GOA",7.76962028835949,-0.625057660064729,-0.583830201860925,1.77763908009368
"Chum",1962,110,"W Chig","GOA",7.67881203749601,-0.59340317710021,-0.547960332611017,0.0319743046325141
"Chum",1963,110,"W Chig","GOA",7.52096674021552,-0.751248474380696,-0.728709857484002,1.7509374747078
"Chum",1964,110,"W Chig","GOA",6.83326147759662,-1.4389537369996,-1.516204965749,0.991247764323568
"Chum",1965,110,"W Chig","GOA",7.55088617521174,-0.721329039384481,-0.6944489466225,0.946237808242107
"Chum",1966,110,"W Chig","GOA",8.78634450716131,0.514129292565092,0.72028123759986,2.75842640842728
"Chum",1967,110,"W Chig","GOA",8.55301017270369,0.280794958107468,0.453088797809742,2.71248479817008
"Chum",1968,110,"W Chig","GOA",7.96463515828638,-0.307580056309843,-0.220662692639077,2.08851483788551
"Chum",1969,110,"W Chig","GOA",7.52674552622963,-0.745469688366585,-0.722092537586678,0.25452986513488
"Chum",1970,110,"W Chig","GOA",6.038491773693,-2.23372344090322,-2.42630015920132,-0.154150679827258
"Chum",1971,110,"W Chig","GOA",6.59403715940083,-1.67817805519539,-1.79014205856665,-1.42675429915538
"Chum",1972,110,"W Chig","GOA",7.29272504413829,-0.979490170457928,-0.990070688835574,0.400935089036414
"Chum",1973,110,"W Chig","GOA",8.15909733491786,-0.113117879678362,0.00201702375087709,1.49277784152234
"Chum",1974,110,"W Chig","GOA",6.95621986424222,-1.315995350354,-1.37540463562673,0.620794792588718
"Chum",1975,110,"W Chig","GOA",7.22117274649003,-1.05104246810619,-1.07200562149633,1.05625301482897
"Chum",1976,110,"W Chig","GOA",8.77097735159538,0.498762136999157,0.702684222579158,0.992362488825399
"Chum",1977,110,"W Chig","GOA",7.62888862455593,-0.643326590040293,-0.605127909500705,1.42214606966205
"Chum",1978,110,"W Chig","GOA",8.63987274029676,0.367657525700537,0.552555605451123,2.35849792066872
"Chum",1979,110,"W Chig","GOA",7.50827318429947,-0.763942030296752,-0.743245318725516,1.0550004584603
"Chum",1980,110,"W Chig","GOA",9.25071752772612,0.978502313129899,1.25203735752893,0.562534407047314
"Chum",1981,110,"W Chig","GOA",6.87493039229336,-1.39728482230285,-1.46848966055352,-0.439376470005115
"Chum",1982,110,"W Chig","GOA",9.25775432937285,0.985539114776633,1.26009523810051,0.807408642963055
"Chum",1983,110,"W Chig","GOA",9.03653750700109,0.764322292404873,1.00677862856887,1.66834493476463
"Chum",1984,110,"W Chig","GOA",7.16234624210526,-1.10986897249096,-1.13936817775033,0.567175219182239
"Chum",1985,110,"W Chig","GOA",7.26220351632903,-1.01001169826718,-1.02502105951476,-1.54237368185355
"Chum",1986,110,"W Chig","GOA",8.46354087661294,0.191325662016724,0.350637010916237,3.12313762894974
"Chum",1987,110,"W Chig","GOA",8.46686188613667,0.194646671540451,0.354439917330646,1.93719205361202
"Chum",1988,110,"W Chig","GOA",8.29957530778997,0.0273600931937468,0.162879129174481,1.46661215728664
"Chum",1989,110,"W Chig","GOA",8.46351244519739,0.191297230601169,0.350604453944686,1.66323482690451
"Chum",1990,110,"W Chig","GOA",8.25044223841499,-0.0217729761812324,0.106616579082171,1.40278950948241
"Chum",1991,110,"W Chig","GOA",8.21563150251613,-0.0565837120800934,0.0667546124439297,1.67777335001096
"Chum",1992,110,"W Chig","GOA",8.96738196471158,0.695166750115361,0.927588233754947,0.416077762378868
"Chum",1993,110,"W Chig","GOA",8.39003140786115,0.117816193264933,0.266460910775974,1.70188685995739
"Chum",1994,110,"W Chig","GOA",8.1869842936011,-0.0852309209951224,0.0339505347201092,1.14151906504144
"Chum",1995,110,"W Chig","GOA",8.56140838651096,0.289193171914743,0.462705638992849,0.155506434337256
"Chum",1996,110,"W Chig","GOA",9.77891892194748,1.50670370735126,1.85688370194113,0.0657246152026288
"Chum",1997,110,"W Chig","GOA",8.77460286547156,0.502387650875343,0.706835818615475,0.187350214190122
"Chum",1998,110,"W Chig","GOA",7.21471194134039,-1.05750327325583,-1.07940392528627,0.629375250048274
"Chum",1999,110,"W Chig","GOA",8.34998442846186,0.0777692138656422,0.220602892680209,1.57743428354713
"Chum",2000,110,"W Chig","GOA",8.79319541594561,0.520980201349394,0.728126251224247,-1.41019988197344
"Chum",2001,110,"W Chig","GOA",9.25591235301074,0.983697138414518,1.25798598075794,-0.431693406302549
"Chum",2002,110,"W Chig","GOA",9.08832637352102,0.816111158924801,1.06608234669329,1.17105184071844
"Chum",2003,110,"W Chig","GOA",9.3113123108359,1.03909709623968,1.32142477955274,0.631666718865417
"Chum",2004,110,"W Chig","GOA",9.99546870063333,1.72325348603711,2.104856053878,3.5628589544874
"Chum",2005,110,"W Chig","GOA",8.35837763547897,0.0861624208827548,0.230214000560147,1.74071335322083
"Chum",2006,110,"W Chig","GOA",8.33803575003848,0.0658205354422646,0.206920394784514,3.62127401255794
"Chum",2007,110,"W Chig","GOA",7.64432746697874,-0.627887747617475,-0.587448805462816,1.15798418386376
"Chum",1962,109,"Perryville","GOA",7.58531110076344,-0.603560688759075,-0.565788590731637,0.991486547485714
"Chum",1963,109,"Perryville","GOA",7.45815928543315,-0.730712504089361,-0.712172858918498,0.0555698511548108
"Chum",1964,109,"Perryville","GOA",6.78591952078483,-1.40295226873768,-1.48609280444611,-0.498086597988561
"Chum",1965,109,"Perryville","GOA",7.48427409284255,-0.70459769667996,-0.682108034743271,1.14966745946839
"Chum",1966,109,"Perryville","GOA",8.72645456650678,0.537582776984271,0.747959472519722,0.655689618025045
"Chum",1967,109,"Perryville","GOA",8.43169024060754,0.242818451085029,0.408610325028028,2.52080425869758
"Chum",1968,109,"Perryville","GOA",7.92001712672851,-0.268854662794003,-0.180456328338374,2.58189891577531
"Chum",1969,109,"Perryville","GOA",7.44457766238381,-0.744294127138702,-0.727808781580737,2.23001440015921
"Chum",1970,109,"Perryville","GOA",5.93592098749736,-2.25295080202515,-2.46465856799407,-0.0392207131532813
"Chum",1971,109,"Perryville","GOA",6.519437970484,-1.66943381903851,-1.79288124175437,-0.380772495517793
"Chum",1972,109,"Perryville","GOA",7.20239473791684,-0.986477051605676,-1.00662328433371,0.760399407569113
"Chum",1973,109,"Perryville","GOA",8.06656056993148,-0.122311219591029,-0.0117473355872449,0.703842469676693
"Chum",1974,109,"Perryville","GOA",6.89361416767625,-1.29525762184626,-1.36210871478217,1.09594206011223
"Chum",1975,109,"Perryville","GOA",7.12231803290984,-1.06655375661267,-1.09881205750077,0.660926301548782
"Chum",1976,109,"Perryville","GOA",8.67940188330763,0.490530093785117,0.693789796857248,2.11939124575302
"Chum",1977,109,"Perryville","GOA",7.56507063262603,-0.623801156896481,-0.589090547596015,1.52257764563242
"Chum",1978,109,"Perryville","GOA",8.58048894826104,0.391617158738525,0.579915704117016,2.16486163752966
"Chum",1979,109,"Perryville","GOA",7.44741746607949,-0.741454323443025,-0.724539441031361,0.879399802665395
"Chum",1980,109,"Perryville","GOA",9.15722506887773,0.968353279355215,1.24388652304794,0.468326966700374
"Chum",1981,109,"Perryville","GOA",6.8032855812241,-1.38558620829841,-1.46610002619054,-0.32176230723345
"Chum",1982,109,"Perryville","GOA",9.15209041272893,0.963218623206415,1.23797522024207,0.639196477924839
"Chum",1983,109,"Perryville","GOA",8.91866544414969,0.729793654627179,0.969243365228799,1.1795176635369
"Chum",1984,109,"Perryville","GOA",7.08273450591985,-1.10613728360266,-1.14438282356206,0.58542881489346
"Chum",1985,109,"Perryville","GOA",7.18583136972259,-1.00304041979992,-1.0256919584657,0.209091797858559
"Chum",1986,109,"Perryville","GOA",8.39069822255303,0.201826433030517,0.361418025422825,2.35983657609599
"Chum",1987,109,"Perryville","GOA",8.34713083856246,0.158259049039949,0.311260820779627,3.78556623698573
"Chum",1988,109,"Perryville","GOA",8.20990021088543,0.0210284213629243,0.153273261159312,0.626726051067705
"Chum",1989,109,"Perryville","GOA",8.36766365345787,0.178791863935358,0.334899343552371,1.75041322829999
"Chum",1990,109,"Perryville","GOA",8.18678721259622,-0.00208457692629235,0.12666428722227,1.0535561836408
"Chum",1991,109,"Perryville","GOA",8.15481684839024,-0.0340549411322711,0.0898582191704452,-0.41093018932244
"Chum",1992,109,"Perryville","GOA",8.8948952275164,0.706023437993887,0.941877764844179,1.30743375019354
"Chum",1993,109,"Perryville","GOA",8.29229697760414,0.103425188081629,0.248133018888687,0.84681228485837
"Chum",1994,109,"Perryville","GOA",8.1264535819783,-0.062418207544213,0.0572048434689963,0.670463263474993
"Chum",1995,109,"Perryville","GOA",8.47355177122004,0.284679981697528,0.456803656031404,-0.0996725787190881
"Chum",1996,109,"Perryville","GOA",9.67590272777221,1.4870309382497,1.84101719967194,-0.881011341974878
"Chum",1997,109,"Perryville","GOA",8.69386173346463,0.504989943942124,0.710436783593748,-0.613185023855078
"Chum",1998,109,"Perryville","GOA",7.14109845547115,-1.04777333405136,-1.07719098661212,-1.89830172404567
"Chum",1999,109,"Perryville","GOA",8.28802542125478,0.0991536317322658,0.243215364755348,-0.571344574837273
"Chum",2000,109,"Perryville","GOA",8.72802735076231,0.539155561239798,0.749770149556956,-0.298868362677688
"Chum",2001,109,"Perryville","GOA",9.19720400080961,1.0083322112871,1.28991250135222,-0.100521374642489
"Chum",2002,109,"Perryville","GOA",9.01437750634025,0.825505716817741,1.07943243444521,-0.0990648775820946
"Chum",2003,109,"Perryville","GOA",9.22652138681973,1.03764959729722,1.32366431279978,0.645007734971871
"Chum",2004,109,"Perryville","GOA",9.88775432109833,1.69888253157582,2.08491258073834,0.873119171289331
"Chum",2005,109,"Perryville","GOA",8.2817583119168,0.0928865223942899,0.236000318617756,-0.446491205088563
"Chum",2006,109,"Perryville","GOA",8.25816784010214,0.069296050579629,0.20884165050278,1.07996830023544
"Chum",2007,109,"Perryville","GOA",7.5454120898948,-0.643459699627713,-0.611722559446231,-0.529730714812327
"Chum",1962,113,"SW-Unimak","BS",8.84628276263966,-0.36928866362975,-0.347729349785031,-0.443492503697404
"Chum",1963,113,"SW-Unimak","BS",8.43418406738954,-0.78138735887987,-0.889356250063276,-1.21327010947022
"Chum",1964,113,"SW-Unimak","BS",8.39420526869157,-0.821366157577846,-0.941900927018611,-0.778304988900252
"Chum",1965,113,"SW-Unimak","BS",8.53263965774985,-0.682931768519567,-0.75995473329907,1.2080965215098
"Chum",1966,113,"SW-Unimak","BS",9.77258814082426,0.55701671455485,0.86972636283906,0.951692348366017
"Chum",1967,113,"SW-Unimak","BS",9.22971623785356,0.0141448115841414,0.156222463304227,1.95462032296434
"Chum",1968,113,"SW-Unimak","BS",9.34989657822777,0.13432515195836,0.314177113443958,0.672459837074996
"Chum",1969,113,"SW-Unimak","BS",8.47725683801314,-0.738314588256271,-0.832745123873963,0.914070762934228
"Chum",1970,113,"SW-Unimak","BS",7.02092076399747,-2.19465066227194,-2.74682736345433,-0.0565606254230253
"Chum",1971,113,"SW-Unimak","BS",7.82088098455878,-1.39469044171064,-1.69542880383127,-1.45571361476078
"Chum",1972,113,"SW-Unimak","BS",8.06161224842072,-1.1539591778487,-1.37903244114327,0.0646583769682728
"Chum",1973,113,"SW-Unimak","BS",9.20157010415021,-0.014001322119203,0.119229618317647,1.27365661353103
"Chum",1974,113,"SW-Unimak","BS",8.05476848518147,-1.16080294108794,-1.38802729192109,1.2238191281464
"Chum",1975,113,"SW-Unimak","BS",8.07370250014698,-1.14186892612244,-1.3631420594421,1.83234457768698
"Chum",1976,113,"SW-Unimak","BS",10.0031312353471,0.78755980907766,1.17273227648593,1.04568551377757
"Chum",1977,113,"SW-Unimak","BS",8.60881092267878,-0.606760503590636,-0.659841807465394,0.344774486546884
"Chum",1978,113,"SW-Unimak","BS",9.75634595225839,0.540774525988977,0.848379034279019,0.718399599098879
"Chum",1979,113,"SW-Unimak","BS",8.61260179912343,-0.602969627145986,-0.654859407177018,1.3980902896982
"Chum",1980,113,"SW-Unimak","BS",9.94309118214775,0.72751975587834,1.09382082085234,1.81025459362753
"Chum",1981,113,"SW-Unimak","BS",7.96385126955369,-1.25172015671573,-1.5075210206079,1.39887161062803
"Chum",1982,113,"SW-Unimak","BS",9.79038344411289,0.574812017843472,0.893114971128337,1.36721325160743
"Chum",1983,113,"SW-Unimak","BS",9.787810290561,0.572238864291589,0.889733040541538,1.38756905855189
"Chum",1984,113,"SW-Unimak","BS",8.31749777934131,-0.898073646928106,-1.04271861987661,1.12260028103019
"Chum",1985,113,"SW-Unimak","BS",8.46599775202134,-0.749573674248076,-0.847543093185674,0.0881464729266103
"Chum",1986,113,"SW-Unimak","BS",9.33590381986954,0.120332393600131,0.29578624149201,-0.0191026100703369
"Chum",1987,113,"SW-Unimak","BS",8.97319867330439,-0.242372752965024,-0.180922048326324,0.498527324182118
"Chum",1988,113,"SW-Unimak","BS",9.28337704434114,0.0678056180717265,0.226749588527618,0.644679445706838
"Chum",1989,113,"SW-Unimak","BS",9.20161969521466,-0.0139517310547503,0.119294796525758,1.2130812375363
"Chum",1990,113,"SW-Unimak","BS",9.2372559449252,0.0216845186557832,0.16613200249299,2.18069322778594
"Chum",1991,113,"SW-Unimak","BS",9.14101779460907,-0.0745536316603469,0.0396448972314694,1.32690632990138
"Chum",1992,113,"SW-Unimak","BS",9.85866884624257,0.643097419973154,0.98286340060906,1.11457565964779
"Chum",1993,113,"SW-Unimak","BS",9.14352658215691,-0.0720448441125005,0.0429422307068204,0.693812498073325
"Chum",1994,113,"SW-Unimak","BS",9.3792262988932,0.163654872623788,0.352725562815779,0.356861371851205
"Chum",1995,113,"SW-Unimak","BS",9.32222081633175,0.106649390062334,0.277802484498615,0.340109511204932
"Chum",1996,113,"SW-Unimak","BS",10.5953799977022,1.3798085714328,1.95113285150679,0.740976327203747
"Chum",1997,113,"SW-Unimak","BS",9.42786119264715,0.212289766377736,0.416647062817919,0.977480957090831
"Chum",1998,113,"SW-Unimak","BS",8.56112086071687,-0.65445056555254,-0.72252150223809,0.351524594710742
"Chum",1999,113,"SW-Unimak","BS",9.4463568575242,0.230785431254783,0.440956165834759,0.0819350822789697
"Chum",2000,113,"SW-Unimak","BS",9.59801992949317,0.382448503223759,0.640288996790158,-0.061749660985491
"Chum",2001,113,"SW-Unimak","BS",9.97061858457677,0.755047158307357,1.1300004589395,0.38467158195369
"Chum",2002,113,"SW-Unimak","BS",10.1433179939494,0.927746567680027,1.35698163324686,0.714805440231237
"Chum",2003,113,"SW-Unimak","BS",10.1315561042112,0.915984677941831,1.34152282215684,1.38555144692078
"Chum",2004,113,"SW-Unimak","BS",10.478684221997,1.26311279572757,1.79775801193729,0.452324715339565
"Chum",2005,113,"SW-Unimak","BS",9.28407216072083,0.0685007344514121,0.227663189406246,1.05596601362724
"Chum",2006,113,"SW-Unimak","BS",9.37051067632787,0.154939250058459,0.341270501956658,0.0743441037769077
"Chum",2007,113,"SW-Unimak","BS",8.6960161784116,-0.519555247857817,-0.545226757976167,-0.203523163257393
"Chum",1962,114,"W-NW AKPen","BS",8.74414827227593,-0.438909161580751,-0.426242089171446,0.175352887477861
"Chum",1963,114,"W-NW AKPen","BS",8.37818608283997,-0.804871351016711,-0.889203365082487,0.0858896718804297
"Chum",1964,114,"W-NW AKPen","BS",8.27330450415611,-0.909752929700564,-1.02188403780957,0.22314355131421
"Chum",1965,114,"W-NW AKPen","BS",8.52067900896072,-0.662378424895954,-0.708942374222099,1.65292302437384
"Chum",1966,114,"W-NW AKPen","BS",9.7684612929821,0.585403859125425,0.869567359693509,-0.21728574183005
"Chum",1967,114,"W-NW AKPen","BS",9.190598487854,0.0075410539973271,0.138540741954759,-0.139262067333508
"Chum",1968,114,"W-NW AKPen","BS",9.30889755487442,0.125840121017744,0.288195237932251,-0.446129286799164
"Chum",1969,114,"W-NW AKPen","BS",8.41959508061409,-0.763462353242587,-0.836818821003623,0.557685354418475
"Chum",1970,114,"W-NW AKPen","BS",6.961318603158,-2.22173883069868,-2.68161469916434,0.49415166849585
"Chum",1971,114,"W-NW AKPen","BS",7.6894983202219,-1.49355911363478,-1.76042934003194,1.10508844814613
"Chum",1972,114,"W-NW AKPen","BS",8.06905292272568,-1.114004511131,-1.28027295195293,1.41708766457404
"Chum",1973,114,"W-NW AKPen","BS",9.18921885490418,0.00616142104749899,0.136795434244895,2.32747280850182
"Chum",1974,114,"W-NW AKPen","BS",8.00758728086948,-1.17547015298719,-1.35803019791949,2.54628958253539
"Chum",1975,114,"W-NW AKPen","BS",8.03256888091564,-1.15048855294104,-1.3264271696135,0.364763530229635
"Chum",1976,114,"W-NW AKPen","BS",9.94355095624924,0.760493522392561,1.09106492486526,1.19158569492757
"Chum",1977,114,"W-NW AKPen","BS",8.56628546714783,-0.616771966708849,-0.651247823578417,0.490239485185104
"Chum",1978,114,"W-NW AKPen","BS",9.71028962731361,0.527232193456937,0.795977165577385,0.734142719342558
"Chum",1979,114,"W-NW AKPen","BS",8.47861310839653,-0.704444325460146,-0.762157934626197,1.01245099014208
"Chum",1980,114,"W-NW AKPen","BS",9.93337757587433,0.750320142017652,1.0781950675558,1.01282113571444
"Chum",1981,114,"W-NW AKPen","BS",7.83753848671913,-1.34551894713755,-1.57315080048316,1.56934059896279
"Chum",1982,114,"W-NW AKPen","BS",9.873072463274,0.690015029417321,1.0019059516872,1.04606507562097
"Chum",1983,114,"W-NW AKPen","BS",9.71521873474121,0.532161300884535,0.802212743813761,1.78274203642349
"Chum",1984,114,"W-NW AKPen","BS",8.21510318517685,-0.967954248679824,-1.09551174491197,1.26139116441685
"Chum",1985,114,"W-NW AKPen","BS",8.35152653455734,-0.831530899299336,-0.922929085510487,0.177250354195876
"Chum",1986,114,"W-NW AKPen","BS",9.40221741199493,0.219159978138257,0.406249729263544,0.0699823674681418
"Chum",1987,114,"W-NW AKPen","BS",9.07212617993355,-0.110931253923128,-0.0113329128058989,0.0882253545353316
"Chum",1988,114,"W-NW AKPen","BS",9.2758236348629,0.092766201006222,0.246355002383563,0.385459371383572
"Chum",1989,114,"W-NW AKPen","BS",9.18572414517403,0.00266671131735156,0.132374443983302,1.29681508664194
"Chum",1990,114,"W-NW AKPen","BS",9.31780771017075,0.13475027631407,0.299467049566426,2.04438443129894
"Chum",1991,114,"W-NW AKPen","BS",9.07373494505882,-0.109322488797857,-0.00929774093149142,1.92199131163331
"Chum",1992,114,"W-NW AKPen","BS",9.80212068557739,0.619063251720715,0.912148248627208,1.23872444774343
"Chum",1993,114,"W-NW AKPen","BS",9.0949027478695,-0.0881546859871818,0.0174806347596355,0.399300084048707
"Chum",1994,114,"W-NW AKPen","BS",9.41298075914383,0.229923325287157,0.419865925343277,-0.235071617129106
"Chum",1995,114,"W-NW AKPen","BS",9.23977063298225,0.0567131991255749,0.200746072737545,-1.60165577199205
"Chum",1996,114,"W-NW AKPen","BS",10.5874964296818,1.4044389958251,1.90568956807484,-0.312528921206291
"Chum",1997,114,"W-NW AKPen","BS",9.47244193553925,0.28938450168257,0.495087417852161,0.787189165655163
"Chum",1998,114,"W-NW AKPen","BS",8.50707461237907,-0.675982821477604,-0.726152646160705,-0.146203147670214
"Chum",1999,114,"W-NW AKPen","BS",9.35993400812149,0.176876574264813,0.352759015817758,-0.263041171962915
"Chum",2000,114,"W-NW AKPen","BS",9.57869287729263,0.395635443435955,0.629500406354364,-0.162855762151271
"Chum",2001,114,"W-NW AKPen","BS",10.0683003127575,0.885242878900812,1.2488793738037,0.0210941280657777
"Chum",2002,114,"W-NW AKPen","BS",10.1474801957607,0.96442276190405,1.34904605965221,0.384270694363126
"Chum",2003,114,"W-NW AKPen","BS",10.0948992013931,0.911841767536451,1.28252835661132,1.12759050872777
"Chum",2004,114,"W-NW AKPen","BS",10.5284509778023,1.3453935439456,1.83099398878287,0.657508064257625
"Chum",2005,114,"W-NW AKPen","BS",9.2982992708683,0.115241837011625,0.274787855345807,0.249216269087584
"Chum",2006,114,"W-NW AKPen","BS",9.3833077609539,0.200250327097226,0.382328033455349,-0.339020936344227
"Chum",2007,114,"W-NW AKPen","BS",8.64861546754837,-0.534441966308305,-0.547096074759944,0.255205754872974
"Chum",1962,115,"E-NW AKPen","BS",8.64133539464739,-0.495170607595864,-0.485750053336313,-0.0779615414697118
"Chum",1963,115,"E-NW AKPen","BS",8.30696019199159,-0.829545810251656,-0.89587737504363,-1.13990255760573
"Chum",1964,115,"E-NW AKPen","BS",8.17169589466519,-0.964810107578063,-1.06178556304467,0.695761561134016
"Chum",1965,115,"E-NW AKPen","BS",8.48907603820165,-0.647429964041602,-0.672503501462825,1.42511435296947
"Chum",1966,115,"E-NW AKPen","BS",9.73027215401332,0.593766151770066,0.849883429889205,0.232462953434056
"Chum",1967,115,"E-NW AKPen","BS",9.1402876244651,0.00378162222184405,0.126238934033907,1.01295254769596
"Chum",1968,115,"E-NW AKPen","BS",9.25487766663233,0.118371664389084,0.266789150422881,-0.143014598640135
"Chum",1969,115,"E-NW AKPen","BS",8.35974851581785,-0.776757486425397,-0.831129948511021,0.547156541134428
"Chum",1970,115,"E-NW AKPen","BS",6.84635785884327,-2.29014814339998,-2.68737661965188,0.407207708232718
"Chum",1971,115,"E-NW AKPen","BS",7.57536059949133,-1.56114540275192,-1.79321957940311,0.361531891403019
"Chum",1972,115,"E-NW AKPen","BS",8.04103796349631,-1.09546803874694,-1.22204382066813,0.924126215536587
"Chum",1973,115,"E-NW AKPen","BS",9.14099025064045,0.00448424839719435,0.127100738943987,1.77483785668977
"Chum",1974,115,"E-NW AKPen","BS",7.95348962479167,-1.18301637745158,-1.32942608283253,1.0464691411062
"Chum",1975,115,"E-NW AKPen","BS",7.991309142775,-1.14519685946825,-1.28303861900277,0.969110451529589
"Chum",1976,115,"E-NW AKPen","BS",9.908329586188,0.771823583944748,1.06827946281231,1.62222348610073
"Chum",1977,115,"E-NW AKPen","BS",8.52541030115552,-0.611095701087736,-0.627937774599346,0.331741610190667
"Chum",1978,115,"E-NW AKPen","BS",9.66457167598936,0.528065673746111,0.769298623142656,0.512390394399342
"Chum",1979,115,"E-NW AKPen","BS",8.38537710905075,-0.7511288931925,-0.799695242174396,0.611434305524814
"Chum",1980,115,"E-NW AKPen","BS",9.92323842975828,0.786732427515033,1.08656587889421,0.375536037801789
"Chum",1981,115,"E-NW AKPen","BS",7.74266256888707,-1.39384343335618,-1.58801564059529,0.312926686268081
"Chum",1982,115,"E-NW AKPen","BS",9.89763652616077,0.761130523917513,1.05516390868332,0.23991557286086
"Chum",1983,115,"E-NW AKPen","BS",9.66680824756622,0.530302245322973,0.772041886109944,0.919489304001825
"Chum",1984,115,"E-NW AKPen","BS",8.1256182524893,-1.01088774975395,-1.11830201470163,-0.0258949725624078
"Chum",1985,115,"E-NW AKPen","BS",8.27514788177278,-0.861358120470467,-0.934896708665669,-0.616947333774449
"Chum",1986,115,"E-NW AKPen","BS",9.41515805323919,0.278652050995935,0.463380779105794,-0.200894659366661
"Chum",1987,115,"E-NW AKPen","BS",9.09025892946455,-0.0462470727786981,0.06487632542502,-0.244698499741955
"Chum",1988,115,"E-NW AKPen","BS",9.23946181270811,0.10295581046486,0.24788086167552,-0.221703229023975
"Chum",1989,115,"E-NW AKPen","BS",9.15627839830187,0.0197723960586183,0.145852389797416,0.773882465463153
"Chum",1990,115,"E-NW AKPen","BS",9.32348402341207,0.186978021168819,0.350938157689829,0.466687325573578
"Chum",1991,115,"E-NW AKPen","BS",9.01878852976693,-0.117717472476324,-0.0227855686883203,-0.57121704578412
"Chum",1992,115,"E-NW AKPen","BS",9.76149188809925,0.624985885855994,0.888175940288838,0.430384373457665
"Chum",1993,115,"E-NW AKPen","BS",9.04106028212442,-0.0954457201188342,0.00453181032650087,0.1687637048692
"Chum",1994,115,"E-NW AKPen","BS",9.39887331591713,0.262367313673876,0.443406762942046,0.741910230313319
"Chum",1995,115,"E-NW AKPen","BS",9.16873843802346,0.0322324357802083,0.161135229789121,1.25647714313252
"Chum",1996,115,"E-NW AKPen","BS",10.5476401315795,1.41113412933626,1.85242469738156,-0.32787023162323
"Chum",1997,115,"E-NW AKPen","BS",9.47703078058031,0.340524778337058,0.539270664927452,0.838630883955337
"Chum",1998,115,"E-NW AKPen","BS",8.44914064142439,-0.687365360818861,-0.721486192737442,0.301058320930732
"Chum",1999,115,"E-NW AKPen","BS",9.28878650400374,0.152280501760487,0.30837997576784,-0.394557692843666
"Chum",2000,115,"E-NW AKPen","BS",9.55080185333887,0.414295851095624,0.629754445571591,0.269037539549247
"Chum",2001,115,"E-NW AKPen","BS",10.096576889356,0.960070887112723,1.29917386423233,-0.761291569052072
"Chum",2002,115,"E-NW AKPen","BS",10.1491973466343,1.01269134439108,1.36371539434335,-0.834735858520951
"Chum",2003,115,"E-NW AKPen","BS",10.0632582637999,0.926752261556629,1.25830696216018,0.467144374788089
"Chum",2004,115,"E-NW AKPen","BS",10.5370517836677,1.40054578142442,1.83943757771509,-0.247379165846086
"Chum",2005,115,"E-NW AKPen","BS",9.26860205332438,0.132096051081129,0.283622772986329,-0.790408030382449
"Chum",2006,115,"E-NW AKPen","BS",9.33922858370675,0.202722581463499,0.370249620662649,0.595902019010167
"Chum",2007,115,"E-NW AKPen","BS",8.58030568228828,-0.556200319954973,-0.560605940601899,0.0784443908110678
"Chum",1962,116,"SE-SC AKPen","BS",9.08975728352865,-0.404778500125829,-0.365486676379333,0.881666312986612
"Chum",1963,116,"SE-SC AKPen","BS",8.71143424510956,-0.78310153854492,-0.828234307977005,-0.0447110426379706
"Chum",1964,116,"SE-SC AKPen","BS",8.50289293130239,-0.991642852352089,-1.0833126121104,0.666361271587494
"Chum",1965,116,"SE-SC AKPen","BS",8.79711376296149,-0.697422020692987,-0.723434996446598,-0.0571873486065194
"Chum",1966,116,"SE-SC AKPen","BS",10.0046215918329,0.510085808178427,0.753533972403005,0.617472853529393
"Chum",1967,116,"SE-SC AKPen","BS",9.64690011077457,0.152364327120092,0.315985234099674,1.85190204716916
"Chum",1968,116,"SE-SC AKPen","BS",9.48072298367818,-0.0138127999762957,0.11272488730479,0.435383428599132
"Chum",1969,116,"SE-SC AKPen","BS",8.69030636548996,-0.804229418164518,-0.854076974856359,0.777097461623678
"Chum",1970,116,"SE-SC AKPen","BS",7.29590553045273,-2.19863025320175,-2.55964501693924,0.276152554161775
"Chum",1971,116,"SE-SC AKPen","BS",7.93082613746325,-1.56370964619123,-1.78303884361599,-0.0487904152995489
"Chum",1972,116,"SE-SC AKPen","BS",8.40553622113334,-1.08899956252114,-1.20239493720254,0.830263948383132
"Chum",1973,116,"SE-SC AKPen","BS",9.5572624206543,0.0627266369998176,0.206344465252037,1.53974797386811
"Chum",1974,116,"SE-SC AKPen","BS",8.25222617387772,-1.24230960977676,-1.38991685382734,1.4546861489691
"Chum",1975,116,"SE-SC AKPen","BS",8.38855694068802,-1.10597884296645,-1.22316322518503,1.29193737856408
"Chum",1976,116,"SE-SC AKPen","BS",10.2536874214808,0.759151637826335,1.05818003166256,1.40335396272465
"Chum",1977,116,"SE-SC AKPen","BS",8.78329168425666,-0.711244099397818,-0.740341538039055,0.872861695201636
"Chum",1978,116,"SE-SC AKPen","BS",9.99291478925281,0.498379005598332,0.739214740906668,1.06899626055305
"Chum",1979,116,"SE-SC AKPen","BS",8.6392213039928,-0.855314479661677,-0.916561911847283,1.11834257960233
"Chum",1980,116,"SE-SC AKPen","BS",10.2455157107777,0.750979927123228,1.04818476468182,1.66645025232394
"Chum",1981,116,"SE-SC AKPen","BS",8.05517114533318,-1.4393646383213,-1.63094565327461,1.25642970717279
"Chum",1982,116,"SE-SC AKPen","BS",10.2984755569034,0.803939773248934,1.11296285344653,1.79404339438802
"Chum",1983,116,"SE-SC AKPen","BS",10.1158863769637,0.621350593309243,0.889628025820056,1.1912248209108
"Chum",1984,116,"SE-SC AKPen","BS",8.49942153692246,-0.995114246732021,-1.0875586647282,0.901489353243582
"Chum",1985,116,"SE-SC AKPen","BS",8.59415305323071,-0.900382730423769,-0.971687358046796,0.761804906323876
"Chum",1986,116,"SE-SC AKPen","BS",9.73484783040152,0.240312046747046,0.423558907465835,1.16925043921856
"Chum",1987,116,"SE-SC AKPen","BS",9.53782180945079,0.0432860257963076,0.182565588795484,1.01542986921559
"Chum",1988,116,"SE-SC AKPen","BS",9.63637265894148,0.141836875286999,0.303108531102999,1.07266477034564
"Chum",1989,116,"SE-SC AKPen","BS",9.56032821204928,0.0657924283947992,0.210094402641334,0.97809759201697
"Chum",1990,116,"SE-SC AKPen","BS",9.61529954936769,0.120763765713215,0.277332856466805,1.45418784550873
"Chum",1991,116,"SE-SC AKPen","BS",9.39471491177876,-0.0998208718757144,0.00752370332177935,1.05410621780223
"Chum",1992,116,"SE-SC AKPen","BS",10.076904422707,0.582368639052549,0.84194706226385,1.11936572872834
"Chum",1993,116,"SE-SC AKPen","BS",9.44385676251518,-0.0506790211393009,0.0676317927884612,1.31698034095388
"Chum",1994,116,"SE-SC AKPen","BS",9.65399142768648,0.159455644032007,0.324659012253945,1.17159843604946
"Chum",1995,116,"SE-SC AKPen","BS",9.51615879933039,0.0216230156759111,0.156068374487892,0.81338174643755
"Chum",1996,116,"SE-SC AKPen","BS",11.0226816667451,1.5281458830906,1.99877901605241,0.826573858853708
"Chum",1997,116,"SE-SC AKPen","BS",9.81004130840302,0.315505524748537,0.515532169263961,0.523824800022708
"Chum",1998,116,"SE-SC AKPen","BS",8.73469058010313,-0.759845203551346,-0.799788210739868,0.329792521128917
"Chum",1999,116,"SE-SC AKPen","BS",9.54987873633703,0.055342952682549,0.197313076509341,0.231413973455138
"Chum",2000,116,"SE-SC AKPen","BS",9.89887232912911,0.404336545474632,0.624186256588847,1.10550008303557
"Chum",2001,116,"SE-SC AKPen","BS",10.4034060637156,0.908870280061135,1.24130910408089,0.612720622667016
"Chum",2002,116,"SE-SC AKPen","BS",10.403841164377,0.909305380722521,1.24184129953324,1.1846703307508
"Chum",2003,116,"SE-SC AKPen","BS",10.4123147726059,0.917778988951415,1.25220583391473,0.886137145483626
"Chum",2004,116,"SE-SC AKPen","BS",10.9542019102309,1.45966612657637,1.91501767476121,0.237303691211308
"Chum",2005,116,"SE-SC AKPen","BS",9.58632520834605,0.0917894246915714,0.241892752842938,-0.121479306156623
"Chum",2006,116,"SE-SC AKPen","BS",9.7468077606625,0.252271977008023,0.438187753294171,0.0475901229952701
"Chum",2007,116,"SE-SC AKPen","BS",8.94877783457438,-0.545757949080097,-0.537926362791622,0.781288113903631
"Chum",1962,117,"N AKPen","BS",9.24084117677477,-0.409902948767079,-0.354007316354792,1.18222642870924
"Chum",1963,117,"N AKPen","BS",8.84829278124703,-0.802451344294817,-0.816513066455337,0.700504018785654
"Chum",1964,117,"N AKPen","BS",8.55529876550039,-1.09544536004146,-1.16172251979087,0.928768612129598
"Chum",1965,117,"N AKPen","BS",8.95590685473548,-0.69483727080637,-0.689720731173374,1.05660756189881
"Chum",1966,117,"N AKPen","BS",10.1032043827905,0.452460257248612,0.662040503484568,0.504560424292253
"Chum",1967,117,"N AKPen","BS",9.90472212764952,0.253978002107669,0.428186065811487,-0.0633349446511519
"Chum",1968,117,"N AKPen","BS",9.5305843088362,-0.120159816705653,-0.0126280974934033,-0.199514952366212
"Chum",1969,117,"N AKPen","BS",8.82809049553341,-0.822653630008437,-0.840315668667382,0.73908709066208
"Chum",1970,117,"N AKPen","BS",7.4188082019488,-2.23193592359305,-2.50075084487411,-0.902345070888275
"Chum",1971,117,"N AKPen","BS",7.99640005495813,-1.65434407058372,-1.82022442756726,-0.786746274499715
"Chum",1972,117,"N AKPen","BS",8.59171419673496,-1.05902992880689,-1.11881737349487,1.19323880478253
"Chum",1973,117,"N AKPen","BS",9.74459077914556,0.0938466536037093,0.239517177342671,2.08105256212982
"Chum",1974,117,"N AKPen","BS",8.36787858274248,-1.28286554279937,-1.38254347638628,2.05776258997006
"Chum",1975,117,"N AKPen","BS",8.60518217417929,-1.04556195136256,-1.10294922301662,2.14454142865961
"Chum",1976,117,"N AKPen","BS",10.4616647230254,0.810920597483581,1.08438325263473,1.69928866118325
"Chum",1977,117,"N AKPen","BS",8.92340758111742,-0.72733654442443,-0.728011808384978,0.938800446064814
"Chum",1978,117,"N AKPen","BS",10.1165783736441,0.465834248102238,0.677797917709325,1.23185943395469
"Chum",1979,117,"N AKPen","BS",8.67309704091814,-0.977647084623712,-1.02293102209696,1.19025247778871
"Chum",1980,117,"N AKPen","BS",10.4594958689478,0.808751743405923,1.08182787986166,1.03334667429165
"Chum",1981,117,"N AKPen","BS",8.15476229455736,-1.49598183098449,-1.63363992678239,0.683310609516637
"Chum",1982,117,"N AKPen","BS",10.5549852516916,0.904241126149753,1.19433474295353,-0.127183625121678
"Chum",1983,117,"N AKPen","BS",10.3520364032851,0.701292277743284,0.955217705580125,0.464608640349529
"Chum",1984,117,"N AKPen","BS",8.6057992776235,-1.04494484791835,-1.10222214351609,-0.131432448647435
"Chum",1985,117,"N AKPen","BS",8.71690420971976,-0.933839915822085,-0.971316832108645,0.63392139831302
"Chum",1986,117,"N AKPen","BS",9.90215856499142,0.25141443944957,0.425165642129663,0.997100203867625
"Chum",1987,117,"N AKPen","BS",9.807501203484,0.156757077942154,0.313639077544757,0.263402710892665
"Chum",1988,117,"N AKPen","BS",9.82144651148054,0.170702385938687,0.33006962523977,0.951832021026775
"Chum",1989,117,"N AKPen","BS",9.77836881081264,0.127624685270787,0.279314904326369,0.970375239613324
"Chum",1990,117,"N AKPen","BS",9.73938332001368,0.0886391944718325,0.233381679606987,0.864662287540297
"Chum",1991,117,"N AKPen","BS",9.48514236344231,-0.16560176209954,-0.0661684030452128,1.64057507410501
"Chum",1992,117,"N AKPen","BS",10.214693930414,0.563949804872137,0.793398974031024,1.2922434687254
"Chum",1993,117,"N AKPen","BS",9.61194075478448,-0.038803370757367,0.08322715115241,0.145713567089876
"Chum",1994,117,"N AKPen","BS",9.76101819011901,0.110274064577157,0.258872171837732,0.593659526415509
"Chum",1995,117,"N AKPen","BS",9.65098397599326,0.000239850451411567,0.129228394609872,-0.0176359136367648
"Chum",1996,117,"N AKPen","BS",11.2363950941298,1.58565096858793,1.9971808987226,-0.0821395041712468
"Chum",1997,117,"N AKPen","BS",10.008315357897,0.35757123235517,0.550240990011459,0.768487977211407
"Chum",1998,117,"N AKPen","BS",8.83425702651342,-0.816487099028431,-0.833050179701132,-0.264466103751283
"Chum",1999,117,"N AKPen","BS",9.60009166929457,-0.0506524562472797,0.0692664007456991,-0.234738054447091
"Chum",2000,117,"N AKPen","BS",10.0492385758294,0.398494450287546,0.598457270658578,-0.829642113700007
"Chum",2001,117,"N AKPen","BS",10.5724246237013,0.921680498159455,1.21488204342532,-0.931889197513227
"Chum",2002,117,"N AKPen","BS",10.5720381339391,0.921294008397258,1.21442667603774,0.591738342753993
"Chum",2003,117,"N AKPen","BS",10.5943775574366,0.943633431894778,1.24074728246295,0.424985138900935
"Chum",2004,117,"N AKPen","BS",11.2265412807465,1.57579715520461,1.98557100449777,0.772646559403479
"Chum",2005,117,"N AKPen","BS",9.73684068520864,0.08609655966679,0.230385913400487,0.686401547610057
"Chum",2006,117,"N AKPen","BS",9.88079870409435,0.230054578552506,0.399999169412437,-0.366073054157946
"Chum",2007,117,"N AKPen","BS",9.10570424132877,-0.545039884213081,-0.513227454322024,-0.410945838359061
"Chum",1980,118,"Nushagak","BS",10.6273258282588,0.853006783162325,0.703586761865223,0.200651837980663
"Chum",1981,118,"Nushagak","BS",8.05386640475346,-1.72045264034302,-2.30633171284625,1.14593244635357
"Chum",1982,118,"Nushagak","BS",10.9382035823969,1.16388453730039,1.06718942332954,1.41085167492365
"Chum",1983,118,"Nushagak","BS",10.3975878862234,0.623268841126944,0.434885235134875,0.96395133847294
"Chum",1984,118,"Nushagak","BS",8.57947413737957,-1.19484490771691,-1.69158084075843,0.238949468780408
"Chum",1985,118,"Nushagak","BS",8.62853463796469,-1.14578440713179,-1.63419967292614,1.11674435832399
"Chum",1986,118,"Nushagak","BS",10.2012046850645,0.426885639967985,0.205195417649356,1.24093377504703
"Chum",1987,118,"Nushagak","BS",10.2782969383093,0.503977893212821,0.295362527019475,1.68782331934833
"Chum",1988,118,"Nushagak","BS",10.0083236602636,0.234004615167167,-0.0203982539145346,1.39518758097046
"Chum",1989,118,"Nushagak","BS",9.97591060858507,0.20159156348859,-0.0583085633517194,0.679811391881575
"Chum",1990,118,"Nushagak","BS",10.0777058234582,0.303386778361678,0.0607511331351158,0.419393624216961
"Chum",1991,118,"Nushagak","BS",9.42697150890644,-0.347347536190043,-0.700347805363017,0.561271413708007
"Chum",1992,118,"Nushagak","BS",10.212280181738,0.437961136641566,0.218149319991834,0.56172142012229
"Chum",1993,118,"Nushagak","BS",9.71476067946508,-0.0595583656313993,-0.363749554240619,0.0979891241226786
"Chum",1994,118,"Nushagak","BS",9.99680300859305,0.22248396349657,-0.0338728095991207,0.508011635699963
"Chum",1995,118,"Nushagak","BS",9.65632458833548,-0.117994456761002,-0.432096413986841,0.573394125335709
"Chum",1996,118,"Nushagak","BS",11.435448050499,1.66112900540248,1.64876661756015,0.185513083477866
"Chum",1998,118,"Nushagak","BS",8.87873904521648,-0.895579999879996,-1.34156056583052,0.659239072857318
"Chum",1999,118,"Nushagak","BS",9.52684705991011,-0.247471985186364,-0.583533347986228,1.67065386357674
"Chum",2000,118,"Nushagak","BS",10.1829607211626,0.408641676066166,0.183857275109204,1.24021209473313
"Chum",2001,118,"Nushagak","BS",10.9281342579768,1.15381521288034,1.05541234018498,1.26665557177336
"Chum",2002,118,"Nushagak","BS",10.7201149096856,0.945795864589097,0.812112883507945,1.39906518658579
"Chum",2003,118,"Nushagak","BS",10.6616220199145,0.887302974818003,0.743699592063285,1.09989324436733
"Chum",2004,118,"Nushagak","BS",11.5337723860374,1.75945334094091,1.76376677312807,1.20952532717511
"Chum",2005,118,"Nushagak","BS",10.0028880376082,0.228568992511741,-0.0267557588756354,0.691751525215444
"Chum",1974,120,"Yukon","BS",6.99154118229361,-0.724629505232012,-0.923870060277996,0.326849972029653
"Chum",1975,120,"Yukon","BS",7.41957197469824,-0.296598712827388,-0.250271607877009,-0.0923670883540891
"Chum",1976,120,"Yukon","BS",8.01759311030893,0.301422422783306,0.690843187129718,0.609099259719017
"Chum",1977,120,"Yukon","BS",8.44030038048239,0.72412969295677,1.35606393306691,0.721015833017098
"Chum",1978,120,"Yukon","BS",8.45529181115768,0.739121123632051,1.37965617147905,-0.0268622055915537
"Chum",1979,120,"Yukon","BS",7.5569250794018,-0.159245608123822,-0.0341169750735548,-0.00633070755240576
"Chum",1980,120,"Yukon","BS",8.45284484063878,0.736674153113153,1.37580533741793,0.67396491162764
"Chum",1981,120,"Yukon","BS",7.17930597417495,-0.536864713350676,-0.628381802257765,0.927893304746906
"Chum",1982,120,"Yukon","BS",8.16446750654894,0.448296819023315,0.921981618663577,1.04898316034623
"Chum",1983,120,"Yukon","BS",7.39692430285846,-0.319246384667159,-0.285912587387039,0.853591180331354
"Chum",1984,120,"Yukon","BS",7.06835846164647,-0.647812225879152,-0.802981560179558,0.594263578170047
"Chum",1985,120,"Yukon","BS",7.17007807423087,-0.546092613294755,-0.642903886256261,0.622100530797553
"Chum",1986,120,"Yukon","BS",7.21296045359443,-0.503210233931191,-0.575419245227765,0.529487723535173
"Chum",1987,120,"Yukon","BS",7.67893588017015,-0.037234807355477,0.157893244826864,0.337396008754121
"Chum",1988,120,"Yukon","BS",7.80228941230213,0.0861187247765059,0.352016541133435,0.205641179850288
"Chum",1989,120,"Yukon","BS",7.66153370632845,-0.0546369811971765,0.130507183879406,0.32522097084908
"Chum",1990,120,"Yukon","BS",8.15977496960584,0.443604282080217,0.914596903173956,0.859493831981509
"Chum",1991,120,"Yukon","BS",5.70704743792029,-2.00912324960533,-2.94529705497584,0.9317642327654
"Chum",1992,120,"Yukon","BS",7.77460816327263,0.058437475747008,0.30845414600283,0.818440175365481
"Chum",1993,120,"Yukon","BS",7.58162849089679,-0.134542196628837,0.00475915264278117,0.47648551897013
"Chum",1994,120,"Yukon","BS",7.9029027854695,0.18673209794388,0.510353309559944,-0.878155494157949
"Chum",1995,120,"Yukon","BS",7.87770623669905,0.161535549173426,0.470701124346177,-1.11622586983803
"Chum",1996,120,"Yukon","BS",8.22910893664641,0.512938249120784,1.0237088028926,-0.964186041471594
"Chum",1997,120,"Yukon","BS",6.78313730569447,-0.933033381831154,-1.25183835424794,-0.345065578127305
"Chum",1998,120,"Yukon","BS",7.30574889744029,-0.410421790085333,-0.429396684971909,0.239374172629655
"Chum",1999,120,"Yukon","BS",6.80119729743284,-0.914973390092781,-1.22341707544928,1.21037686815161
"Chum",2000,120,"Yukon","BS",6.97655506344403,-0.739615624081597,-0.947453939390682,0.626811831885054
"Chum",2001,120,"Yukon","BS",8.4325837633189,0.71641307579328,1.34392017735743,2.17163257842363
"Chum",1972,121,"Anvik","BS",6.96893616634257,-0.747234521183057,-0.965475372275239,-0.656706987064274
"Chum",1973,121,"Anvik","BS",8.65712093255099,0.940950245025364,1.55946655247836,0.895348922132713
"Chum",1974,121,"Anvik","BS",6.99154118229361,-0.724629505232012,-0.931666067969818,0.749021121947602
"Chum",1975,121,"Anvik","BS",7.41957197469824,-0.296598712827388,-0.291479688812248,-0.507938826687454
"Chum",1976,121,"Anvik","BS",8.01759311030893,0.301422422783306,0.602953590895347,1.44170257074684
"Chum",1977,121,"Anvik","BS",8.44030038048239,0.72412969295677,1.23517781760499,1.00523350913303
"Chum",1978,121,"Anvik","BS",8.45529181115768,0.739121123632051,1.25759982530328,0.978114192953827
"Chum",1979,121,"Anvik","BS",7.5569250794018,-0.159245608123822,-0.086046836020892,0.850891633157926
"Chum",1980,121,"Anvik","BS",8.45284484063878,0.736674153113153,1.25394000170134,1.03619092530413
"Chum",1981,121,"Anvik","BS",7.17930597417495,-0.536864713350676,-0.650834725036536,0.39942340534756
"Chum",1982,121,"Anvik","BS",8.16446750654894,0.448296819023315,0.822627010631374,0.531543829763431
"Chum",1983,121,"Anvik","BS",7.39692430285846,-0.319246384667159,-0.325352791609362,0.856950444985213
"Chum",1984,121,"Anvik","BS",7.06835846164647,-0.647812225879152,-0.816773922829113,0.857601016682472
"Chum",1985,121,"Anvik","BS",7.17007807423087,-0.546092613294755,-0.664636479389863,-0.318321709355464
"Chum",1986,121,"Anvik","BS",7.21296045359443,-0.503210233931191,-0.600499235851389,-0.184826368248051
"Chum",1987,121,"Anvik","BS",7.67893588017015,-0.037234807355477,0.0964392237394165,0.974002067198868
"Chum",1988,121,"Anvik","BS",7.80228941230213,0.0861187247765059,0.280933546328293,-0.795686240034689
"Chum",1989,121,"Anvik","BS",7.66153370632845,-0.0546369811971765,0.0704115760587404,0.6537752248622
"Chum",1990,121,"Anvik","BS",8.15977496960584,0.443604282080217,0.815608594461387,1.03630090191224
"Chum",1991,121,"Anvik","BS",5.70704743792029,-2.00912324960533,-2.85282551222671,0.489702964326681
"Chum",1992,121,"Anvik","BS",7.77460816327263,0.058437475747008,0.239531948823595,0.342033438062779
"Chum",1993,121,"Anvik","BS",7.58162849089679,-0.134542196628837,-0.0490990560049534,-0.209243459438666
"Chum",1972,122,"Andreafsky","BS",6.96893616634257,-0.747234521183057,-0.955112636355096,1.0875922810457
"Chum",1973,122,"Andreafsky","BS",8.65712093255099,0.940950245025364,1.6235148186472,0.981956373561995
"Chum",1974,122,"Andreafsky","BS",6.99154118229361,-0.724629505232012,-0.920584475742058,0.675685929632072
"Chum",1975,122,"Andreafsky","BS",7.41957197469824,-0.296598712827388,-0.26678639926736,-0.617738946838159
"Chum",1976,122,"Andreafsky","BS",8.01759311030893,0.301422422783306,0.646664397010592,0.183161547008336
"Chum",1977,122,"Andreafsky","BS",8.44030038048239,0.72412969295677,1.2923310290739,0.336328293739137
"Chum",1978,122,"Andreafsky","BS",8.45529181115768,0.739121123632051,1.3152297754095,0.816346008832275
"Chum",1979,122,"Andreafsky","BS",7.5569250794018,-0.159245608123822,-0.0569856156636212,0.137833805972913
"Chum",1980,122,"Andreafsky","BS",8.45284484063878,0.736674153113153,1.31149213632644,-0.208810618990616
"Chum",1981,122,"Andreafsky","BS",7.17930597417495,-0.536864713350676,-0.633782072877447,0.104948485615393
"Chum",1982,122,"Andreafsky","BS",8.16446750654894,0.448296819023315,0.871008531706222,-0.0936767097807472
"Chum",1983,122,"Andreafsky","BS",7.39692430285846,-0.319246384667159,-0.301379714861055,-0.712177352653291
"Chum",1984,122,"Andreafsky","BS",7.06835846164647,-0.647812225879152,-0.803249484026221,0.456572088795577
"Chum",1985,122,"Andreafsky","BS",7.17007807423087,-0.546092613294755,-0.647877281307304,-0.646373242128706
"Chum",1986,122,"Andreafsky","BS",7.21296045359443,-0.503210233931191,-0.582376346234265,-0.609100933481361
"Chum",1987,122,"Andreafsky","BS",7.67893588017015,-0.037234807355477,0.129380478241308,0.730708707450638
"Chum",1988,122,"Andreafsky","BS",7.80228941230213,0.0861187247765059,0.317797534830107,-0.370703573714338
"Chum",1989,122,"Andreafsky","BS",7.66153370632845,-0.0546369811971765,0.102799428498919,0.465317031370668
"Chum",1990,122,"Andreafsky","BS",8.15977496960584,0.443604282080217,0.863840889373883,1.82869935786679
"Chum",1991,122,"Andreafsky","BS",5.70704743792029,-2.00912324960533,-2.8825917757243,0.827392707536824
"Chum",1992,122,"Andreafsky","BS",7.77460816327263,0.058437475747008,0.275515653033167,0.36852967611337
"Chum",1993,122,"Andreafsky","BS",7.58162849089679,-0.134542196628837,-0.0192522488022102,-0.543369626051493
"Chum",1994,122,"Andreafsky","BS",7.9029027854695,0.18673209794388,0.471480005838586,-0.877469673408798
"Chum",1995,122,"Andreafsky","BS",7.87770623669905,0.161535549173426,0.432993393631605,-2.04355720610635
"Chum",1996,122,"Andreafsky","BS",8.22910893664641,0.512938249120784,0.969745452993762,-1.29743094866967
"Chum",1997,122,"Andreafsky","BS",6.78313730569447,-0.933033381831154,-1.23891216633864,-1.58056934748902
"Chum",1998,122,"Andreafsky","BS",7.30574889744029,-0.410421790085333,-0.440646108171965,-0.396281890690024
"Chum",1999,122,"Andreafsky","BS",6.80119729743284,-0.914973390092781,-1.21132632889605,-0.0596716364539515
"Chum",2000,122,"Andreafsky","BS",6.97655506344403,-0.739615624081597,-0.943475108499193,0.683305218673635
"Chum",2001,122,"Andreafsky","BS",8.4325837633189,0.71641307579328,1.28054423815159,1.7523422047189
"Chum",1974,123,"Norton Sound","BS",6.04899748973548,-0.790489959983437,-1.08685141818031,0.984475144282542
"Chum",1975,123,"Norton Sound","BS",6.74546882882714,-0.0940186208917757,-0.0292726153203757,0.717926937964214
"Chum",1976,123,"Norton Sound","BS",7.10538237914443,0.265894929425512,0.517249431335633,1.8534016277928
"Chum",1977,123,"Norton Sound","BS",8.04417008534074,1.20468263562182,1.94278114058526,0.609663371227045
"Chum",1978,123,"Norton Sound","BS",7.57234653737396,0.732859087655039,1.22632583939423,-0.630119909939106
"Chum",1979,123,"Norton Sound","BS",6.95700505003333,0.117517600314411,0.29194121075971,1.41428585769306
"Chum",1980,123,"Norton Sound","BS",7.36021064408123,0.520723194362315,0.904201422379832,-0.428126356838531
"Chum",1981,123,"Norton Sound","BS",6.93077705428004,0.0912896045611217,0.252114485963891,-0.414824212819378
"Chum",1982,123,"Norton Sound","BS",6.82822378911078,-0.0112636606081383,0.0963892560520115,0.411837724561351
"Chum",1983,123,"Norton Sound","BS",6.49252573959529,-0.346961710123626,-0.413362002042874,0.487635570095463
"Chum",1984,123,"Norton Sound","BS",6.37922574207187,-0.460261707647054,-0.585405945589976,-0.556061949991025
"Chum",1985,123,"Norton Sound","BS",6.78690577298403,-0.0525816767348907,0.0336486153691257,-1.04463225542502
"Chum",1986,123,"Norton Sound","BS",5.95830817334354,-0.881179276375379,-1.22456146205241,0.24461140209597
"Chum",1987,123,"Norton Sound","BS",6.39176212996244,-0.447725319756477,-0.566369673236263,0.40428655758872
"Chum",1988,123,"Norton Sound","BS",7.03764065355063,0.198153203831706,0.414384878214754,0.265131246929884
"Chum",1989,123,"Norton Sound","BS",6.97758132964373,0.138093879924806,0.323185909480627,1.21851636542825
"Chum",1990,123,"Norton Sound","BS",6.99944657087326,0.159959121154342,0.356387872498854,1.54880028240298
"Chum",1991,123,"Norton Sound","BS",4.67418486718088,-2.16530258253804,-3.17447887089688,0.141921178272917
"Chum",1992,123,"Norton Sound","BS",6.86750407144427,0.0280166217253521,0.156035635787367,0.421818885512705
"Chum",1993,123,"Norton Sound","BS",6.71980628557503,-0.119681164143887,-0.068240710987177,0.391803642735541
"Chum",1994,123,"Norton Sound","BS",6.74018462561071,-0.0993028241082091,-0.0372965798369812,-0.297274401363099
"Chum",1995,123,"Norton Sound","BS",7.20676270872355,0.367275259004625,0.671193580321946,-1.24147597809146
"Chum",1965,124,"Kwiniuk Inlet","BS",7.2643973691897,0.0199946624645557,0.106747917548986,0.456571592248471
"Chum",1966,124,"Kwiniuk Inlet","BS",8.1946555592797,0.950252852554564,1.32249220968968,1.71683233267518
"Chum",1967,124,"Kwiniuk Inlet","BS",6.84206772392446,-0.402334982800677,-0.445190093965144,1.36543881793002
"Chum",1968,124,"Kwiniuk Inlet","BS",7.15186411684209,-0.0925385898830464,-0.0403205637340317,0.163446666893643
"Chum",1969,124,"Kwiniuk Inlet","BS",6.37606879255988,-0.868333914165258,-1.05419901964344,0.327956157730134
"Chum",1970,124,"Kwiniuk Inlet","BS",6.55687527223067,-0.687527434494472,-0.817905001505807,-0.495981425991455
"Chum",1971,124,"Kwiniuk Inlet","BS",6.94284274903211,-0.301559957693033,-0.313488311739395,0.357242311690837
"Chum",1972,124,"Kwiniuk Inlet","BS",6.59228016029705,-0.652122546428094,-0.77163473907854,-1.16524751465726
"Chum",1973,124,"Kwiniuk Inlet","BS",8.49241983348673,1.24801712676159,1.71163709508498,0.955301882880578
"Chum",1974,124,"Kwiniuk Inlet","BS",6.63780483603477,-0.606597870690367,-0.712139036413087,0.0742686871028302
"Chum",1975,124,"Kwiniuk Inlet","BS",7.42912871187384,0.184726005148697,0.322033514320287,0.313942418563562
"Chum",1976,124,"Kwiniuk Inlet","BS",7.59009683132172,0.34569412459658,0.532400995649799,2.1177473297278
"Chum",1977,124,"Kwiniuk Inlet","BS",8.61769554289904,1.3732928361739,1.87535855465864,0.944197388215093
"Chum",1978,124,"Kwiniuk Inlet","BS",8.05018709870902,0.805784391983879,1.1336879527595,1.33193489142141
"Chum",1979,124,"Kwiniuk Inlet","BS",7.48796453259208,0.243561825866939,0.398925407316891,2.24532565920492
"Chum",1980,124,"Kwiniuk Inlet","BS",7.93098241090775,0.686579704182605,0.977900645176867,1.34777516810218
"Chum",1981,124,"Kwiniuk Inlet","BS",7.44683662056923,0.202433913844088,0.345175787241407,0.17264216858829
"Chum",1982,124,"Kwiniuk Inlet","BS",7.18262325633656,-0.0617794503885782,-0.000121779493345856,0.185584202428771
"Chum",1983,124,"Kwiniuk Inlet","BS",6.86114052750847,-0.383262179216665,-0.420264054786559,-0.644525711437775
"Chum",1984,124,"Kwiniuk Inlet","BS",6.88202131607316,-0.362381390651984,-0.392975179737309,-1.04898349067189
"Chum",1985,124,"Kwiniuk Inlet","BS",7.23651974309575,-0.00788296362939354,0.0703149517732453,-1.37254566092817
"Chum",1986,124,"Kwiniuk Inlet","BS",6.13710463859818,-1.10729806812696,-1.36649866860118,0.285157081135953
"Chum",1987,124,"Kwiniuk Inlet","BS",6.97005666385997,-0.274346042865167,-0.277922742985219,0.095844758804283
"Chum",1988,124,"Kwiniuk Inlet","BS",7.36353760957718,0.119134902852039,0.236313217437264,0.120031696559458
"Chum",1989,124,"Kwiniuk Inlet","BS",7.34032717618075,0.0959244694556125,0.205979754942205,0.338528722972127
"Chum",1990,124,"Kwiniuk Inlet","BS",7.29878691651605,0.0543842097909056,0.151691242226694,1.23507412601996
"Chum",1991,124,"Kwiniuk Inlet","BS",4.4434118270874,-2.80099087963774,-3.57996734876913,0.334086503331712
"Chum",1992,124,"Kwiniuk Inlet","BS",7.32191704349084,0.0775143367657016,0.181919753134377,0.881729308696829
"Chum",1993,124,"Kwiniuk Inlet","BS",7.1464204788208,-0.0979822279043386,-0.047434794947869,-0.034216374439536
"Chum",1994,124,"Kwiniuk Inlet","BS",7.17923025651412,-0.0651724502110224,-0.00455605398973252,-0.444071080259753
"Chum",1995,124,"Kwiniuk Inlet","BS",7.69694399562749,0.45254128890235,0.672038390428974,-1.27336337655295
"Chum",1962,125,"Kotzebue","BS",5.95353750082163,-0.331547857206254,-0.118369909276111,-0.566565240966828
"Chum",1963,125,"Kotzebue","BS",3.91208088455292,-2.37300447347496,-2.49251717922476,0.870635044036481
"Chum",1964,125,"Kotzebue","BS",4.44492506980896,-1.84016028821892,-1.87283682077274,-0.852063703502175
"Chum",1965,125,"Kotzebue","BS",5.96747056108255,-0.317614796945336,-0.102166215934369,-0.506943347871152
"Chum",1966,125,"Kotzebue","BS",6.93579750336134,0.650712145333455,1.02396634456591,0.894317190544975
"Chum",1967,125,"Kotzebue","BS",6.27041671826289,-0.0146686397649912,0.250150255686638,0.652351762803939
"Chum",1968,125,"Kotzebue","BS",6.20506377976674,-0.0800215782611418,0.174146925869446,1.13571771045935
"Chum",1969,125,"Kotzebue","BS",5.56654349198708,-0.718541866040803,-0.568431283218184,1.45606359026516
"Chum",1970,125,"Kotzebue","BS",5.72643861403832,-0.558646743989563,-0.382478486342245,0.817154515969302
"Chum",1971,125,"Kotzebue","BS",6.43715343567041,0.152068077642529,0.444059604177617,1.61066507742509
"Chum",1972,125,"Kotzebue","BS",5.48770734209281,-0.797378015935076,-0.660115146863962,-0.48860964209017
"Chum",1973,125,"Kotzebue","BS",7.27446424502593,0.989378886998044,1.41782468754407,0.318217188593806
"Chum",1974,125,"Kotzebue","BS",5.47996201423498,-0.805123343792901,-0.669122709817772,-0.90960133232629
"Chum",1975,125,"Kotzebue","BS",6.27552481798025,-0.00956054004762901,0.256090808575176,-0.530099684850582
"Chum",1976,125,"Kotzebue","BS",6.64902606835732,0.363940710329441,0.690460545770909,1.62845628436542
"Chum",1977,125,"Kotzebue","BS",7.89071050974039,1.60562515171251,2.13449893637627,1.34033995126074
"Chum",1978,125,"Kotzebue","BS",6.95653833219638,0.671452974168499,1.0480872500815,1.07907116763599
"Chum",1979,125,"Kotzebue","BS",6.35375947906421,0.068674121036325,0.347075160408877,1.01373581301152
"Chum",1980,125,"Kotzebue","BS",6.72033402438347,0.435248666355589,0.773389366190581,0.328821741906121
"Chum",1981,125,"Kotzebue","BS",6.85480299706642,0.56971763903854,0.929772383024678,1.02760773900984
"Chum",1982,125,"Kotzebue","BS",5.79685116731204,-0.488234190715846,-0.300590990035585,0.319062825398404
"Chum",1983,125,"Kotzebue","BS",5.97516056436759,-0.309924793660296,-0.093222993649076,-0.324552308105712
"Chum",1984,125,"Kotzebue","BS",5.75786769619355,-0.527217661834335,-0.345927491821377,0.769761358334235
"Chum",1985,125,"Kotzebue","BS",6.63081449270249,0.345729134674602,0.669281078973606,0.875713366604163
"Chum",1986,125,"Kotzebue","BS",5.25601656734943,-1.02906879067845,-0.929563939429861,0.610909701489074
"Chum",1987,125,"Kotzebue","BS",5.59933943473376,-0.685745923294127,-0.53029067453862,0.872351508916023
"Chum",1988,125,"Kotzebue","BS",6.60169243354064,0.316607075512755,0.635413076732758,0.36184808976078
"Chum",1989,125,"Kotzebue","BS",6.59012218622061,0.305036828192726,0.621957257555133,-0.853310968092666
"Chum",1990,125,"Kotzebue","BS",6.26490652847749,-0.020178829550396,0.243742085201081,0.798416762726757
"Chum",1991,125,"Kotzebue","BS",3.83093288884713,-2.45415246918075,-2.5868896439303,1.2379147657371
"Chum",1992,125,"Kotzebue","BS",6.4208787725522,0.135793414524313,0.425132703305206,1.13605067500356
"Chum",1993,125,"Kotzebue","BS",6.00585372402118,-0.279231634006704,-0.0575278529260452,0.258493687848854
"Chum",1994,125,"Kotzebue","BS",6.05049290823249,-0.234592449795394,-0.00561394180814816,0.104115570588641
"Chum",1995,125,"Kotzebue","BS",6.77245893386694,0.487373575839059,0.834008930946598,0.155183493371074
"Chum",1996,125,"Kotzebue","BS",6.35731588418667,0.0722305261587894,0.351211143238511,-0.755799648937783
"Chum",1997,125,"Kotzebue","BS",4.71856437050379,-1.56652098752409,-1.5546032646354,0.423323970696297
