"Year","sst_raw","sst_anomaly","Stock.ID","Species","sst_lm","sst_exp","sst_gam"
1950,10.4996659415109,-1.46010924855323,10,"Sockeye",-0.951516815657333,-0.9595782840086,-0.951516815653179
1951,11.1057878562382,-0.853987333825892,10,"Sockeye",-0.35952246851045,-0.366974881307975,-0.359522468506597
1952,11.2297064917428,-0.730068698321308,10,"Sockeye",-0.249731400586292,-0.256590705667776,-0.249731400582714
1953,11.7735470363072,-0.186228153756915,10,"Sockeye",0.279981576397666,0.273699412380767,0.279981576400971
1954,11.2220627239772,-0.737712466086892,10,"Sockeye",-0.285630303512777,-0.291351311952454,-0.285630303509748
1955,10.8908667564392,-1.06890843362491,10,"Sockeye",-0.630953838631218,-0.636129695839186,-0.630953838628463
1956,11.8710631643023,-0.088712025761842,10,"Sockeye",0.335115001651439,0.330468272449297,0.335115001653921
1957,12.3478749820164,0.388099791952307,10,"Sockeye",0.797799251785097,0.793665608460227,0.79779925178731
1958,13.2306014469692,1.27082625690504,10,"Sockeye",1.66639814915745,1.66276153065635,1.6663981491594
1959,11.9623036384583,0.00252844839413927,10,"Sockeye",0.383972773066113,0.380817099387995,0.383972773067791
1960,11.8328381947109,-0.126936995353238,10,"Sockeye",0.240379761738272,0.237688933912706,0.240379761739689
1961,12.305883373533,0.346108183468856,10,"Sockeye",0.699297372979929,0.697055273044482,0.699297372981087
1962,11.8123912811279,-0.147383908936194,10,"Sockeye",0.191677712994387,0.189868203972196,0.19167771299529
1963,12.5906221185412,0.630846928477051,10,"Sockeye",0.955780982827245,0.954387908704611,0.9557809828279
1964,11.2862903390612,-0.673484851002923,10,"Sockeye",-0.362678364233198,-0.363671178529296,-0.362678364232787
1965,10.9103071689606,-1.04946802110355,10,"Sockeye",-0.75278910191424,-0.753397850538606,-0.752789101914066
1966,11.7131859234401,-0.246589266624007,10,"Sockeye",0.035962084984819,0.0357211887730688,0.0359620849847619
1967,11.7375418458666,-0.222233344197497,10,"Sockeye",0.0461904398308764,0.0463011636457971,0.0461904398305943
1968,11.540483048984,-0.419292141080138,10,"Sockeye",-0.164995924632167,-0.164549832325935,-0.164995924632665
1969,11.3890583515167,-0.570716838547394,10,"Sockeye",-0.330548189679907,-0.329782999589714,-0.330548189680613
1970,11.3427294322423,-0.617045757821866,10,"Sockeye",-0.391004676534751,-0.389936678562558,-0.391004676535655
1971,10.7318995850427,-1.22787560502144,10,"Sockeye",-1.01596209131479,-1.01460759457982,-1.01596209131588
1972,11.3774076529912,-0.582367537072956,10,"Sockeye",-0.384581590946734,-0.382956923808134,-0.384581590948008
1973,11.5920849187034,-0.367690271360765,10,"Sockeye",-0.184031892814977,-0.182153402894524,-0.184031892816419
1974,11.3970979281834,-0.562677261880706,10,"Sockeye",-0.393146450915418,-0.391030505120225,-0.393146450917017
1975,11.243363073894,-0.716412116170159,10,"Sockeye",-0.56100887278526,-0.558671857330555,-0.561008872787008
1976,11.1267367090498,-0.833038481014356,10,"Sockeye",-0.691762805209903,-0.68922112564178,-0.691762805211788
1977,11.6366580554417,-0.323117134622406,10,"Sockeye",-0.195969026398445,-0.193239107616687,-0.195969026400455
1978,12.2922778470176,0.332502656953439,10,"Sockeye",0.445523197597012,0.448424911316115,0.445523197594893
1979,11.8755671977997,-0.0842079922644409,10,"Sockeye",0.0146849807986711,0.0177420257794463,0.0146849807964529
1980,12.0313435622624,0.0715683721982789,10,"Sockeye",0.156333777680928,0.159529670825457,0.156333777678622
1981,11.8230538708823,-0.136721319181807,10,"Sockeye",-0.0660834812796142,-0.0627652425144287,-0.0660834812819946
1982,11.316054889134,-0.643720300930118,10,"Sockeye",-0.587210030608356,-0.583785968233723,-0.587210030610796
1983,12.8505603585924,0.890785168528321,10,"Sockeye",0.933167871269602,0.936681215751404,0.933167871267115
1984,11.4281222139086,-0.531652976155516,10,"Sockeye",-0.503397840994641,-0.499811775422026,-0.503397840997161
1985,11.7059590135302,-0.253816176533928,10,"Sockeye",-0.239688608953483,-0.236046402843494,-0.239688608956026
1986,11.8420831475939,-0.117692042470208,10,"Sockeye",-0.117692042470224,-0.114010295936449,-0.117692042472774
1987,12.0379387991769,0.0781636091127776,10,"Sockeye",0.0640360415323329,0.067740708793103,0.0640360415297909
1988,11.8831453323364,-0.0766298577276872,10,"Sockeye",-0.104884992888609,-0.101174044203963,-0.104884992891131
1989,12.4161183834076,0.456343193343473,10,"Sockeye",0.413960490602149,0.417661061778116,0.413960490599662
1990,12.346659387861,0.386884197796865,10,"Sockeye",0.330373927475106,0.334047442557226,0.330373927472664
1991,11.7161757264818,-0.243599463582277,10,"Sockeye",-0.314237301484534,-0.310607540757207,-0.314237301486916
1992,13.0729782581329,1.11320306806882,10,"Sockeye",1.02843766258612,1.03200695099871,1.02843766258382
1993,12.8549053668976,0.895130176833467,10,"Sockeye",0.796237203770382,0.799729282186032,0.796237203768161
1994,12.503628219877,0.543853029812854,10,"Sockeye",0.430832489169338,0.434230600160367,0.430832489167218
1995,12.9392278535026,0.979452663438432,10,"Sockeye",0.852304555214497,0.855591921584409,0.852304555212488
1996,11.9836242539542,0.0238490638900929,10,"Sockeye",-0.117426611914345,-0.114266787154156,-0.117426611916231
1997,12.9424164295197,0.982641239455542,10,"Sockeye",0.827237996070712,0.830253462417096,0.827237996068963
1998,12.9769259861537,1.01715079608962,10,"Sockeye",0.847619985124271,0.85047425641393,0.847619985122668
1999,11.250898872103,-0.708876317961108,10,"Sockeye",-0.892534696506871,-0.889858476779114,-0.892534696508315
2000,12.3161041736603,0.356328983596162,10,"Sockeye",0.158543037469985,0.161024329244993,0.158543037468711
2001,11.5436230387007,-0.416152151363465,10,"Sockeye",-0.628065665070056,-0.625796197547794,-0.628065665071153
2002,11.5603755882808,-0.399399601783302,10,"Sockeye",-0.625440683070398,-0.623399956033495,-0.625440683071304
2003,12.6575793879373,0.697804197873159,10,"Sockeye",0.45763554900566,0.459430599368442,0.457635549004953
2004,13.1624470778874,1.20267188782328,10,"Sockeye",0.948375671375317,0.949908088895532,0.948375671374816
2005,12.980352810451,1.02057762038685,10,"Sockeye",0.752153836358476,0.753406644864432,0.752153836358191
2006,12.0542481967381,0.0944730066739904,10,"Sockeye",-0.188078344934866,-0.187122141641723,-0.188078344934928
2007,11.8347712584904,-0.125003931573694,10,"Sockeye",-0.421682850763009,-0.421040268931696,-0.421682850762839
2008,10.64023906844,-1.31953612162409,10,"Sockeye",-1.63034260839385,-1.63003068434753,-1.63034260839344
2009,11.2573212725776,-0.702453917486566,10,"Sockeye",-1.02738797183669,-1.02742376199633,-1.02738797183604
2010,11.9152426719666,-0.0445325180975572,10,"Sockeye",-0.383594140028135,-0.383994720936222,-0.383594140027235
2011,11.8752462182726,-0.084528971791507,10,"Sockeye",-0.437718161302577,-0.438500629646859,-0.437718161301424
2012,11.8035734721592,-0.156201717904874,10,"Sockeye",-0.523518474996419,-0.524699947633675,-0.523518474995006
2013,12.2663142340524,0.306539043988268,10,"Sockeye",-0.0749052806836619,-0.0765028946634772,-0.0749052806819872
2014,12.4263485499791,0.466573359914963,10,"Sockeye",0.0710014676625955,0.0689705550739816,0.0710014676645354
2015,13.3372294562204,1.37745426615624,10,"Sockeye",0.967754806323454,0.965273417619329,0.967754806325663
2016,13.4115802219936,1.45180503192946,10,"Sockeye",1.02797800451621,1.02502894192549,1.02797800451869
2017,12.4733383655548,0.513563175490684,10,"Sockeye",0.0756085804969702,0.0721746259602778,0.0756085804997202
2018,12.8180390426091,0.858263852544965,10,"Sockeye",0.406181689970828,0.402245605116608,0.406181689973852
2019,12.687186888286,0.727411698221927,10,"Sockeye",0.261201968067285,0.256746494187793,0.261201968070583
2020,12.3889573642186,0.429182174154456,10,"Sockeye",-0.0511551235805571,-0.0561472655532125,-0.0511551235769847
2021,12.0880483218602,0.128273131796055,10,"Sockeye",-0.3661917335194,-0.371737843037302,-0.366191733515551
2022,11.775698184967,-0.184077005097083,10,"Sockeye",-0.692669437993041,-0.698786834916486,-0.692669437988918
1950,10.4996659415109,-1.46010924855323,11,"Sockeye",-0.951516815657333,-0.9595782840086,-0.951516815653179
1951,11.1057878562382,-0.853987333825892,11,"Sockeye",-0.35952246851045,-0.366974881307975,-0.359522468506597
1952,11.2297064917428,-0.730068698321308,11,"Sockeye",-0.249731400586292,-0.256590705667776,-0.249731400582714
1953,11.7735470363072,-0.186228153756915,11,"Sockeye",0.279981576397666,0.273699412380767,0.279981576400971
1954,11.2220627239772,-0.737712466086892,11,"Sockeye",-0.285630303512777,-0.291351311952454,-0.285630303509748
1955,10.8908667564392,-1.06890843362491,11,"Sockeye",-0.630953838631218,-0.636129695839186,-0.630953838628463
1956,11.8710631643023,-0.088712025761842,11,"Sockeye",0.335115001651439,0.330468272449297,0.335115001653921
1957,12.3478749820164,0.388099791952307,11,"Sockeye",0.797799251785097,0.793665608460227,0.79779925178731
1958,13.2306014469692,1.27082625690504,11,"Sockeye",1.66639814915745,1.66276153065635,1.6663981491594
1959,11.9623036384583,0.00252844839413927,11,"Sockeye",0.383972773066113,0.380817099387995,0.383972773067791
1960,11.8328381947109,-0.126936995353238,11,"Sockeye",0.240379761738272,0.237688933912706,0.240379761739689
1961,12.305883373533,0.346108183468856,11,"Sockeye",0.699297372979929,0.697055273044482,0.699297372981087
1962,11.8123912811279,-0.147383908936194,11,"Sockeye",0.191677712994387,0.189868203972196,0.19167771299529
1963,12.5906221185412,0.630846928477051,11,"Sockeye",0.955780982827245,0.954387908704611,0.9557809828279
1964,11.2862903390612,-0.673484851002923,11,"Sockeye",-0.362678364233198,-0.363671178529296,-0.362678364232787
1965,10.9103071689606,-1.04946802110355,11,"Sockeye",-0.75278910191424,-0.753397850538606,-0.752789101914066
1966,11.7131859234401,-0.246589266624007,11,"Sockeye",0.035962084984819,0.0357211887730688,0.0359620849847619
1967,11.7375418458666,-0.222233344197497,11,"Sockeye",0.0461904398308764,0.0463011636457971,0.0461904398305943
1968,11.540483048984,-0.419292141080138,11,"Sockeye",-0.164995924632167,-0.164549832325935,-0.164995924632665
1969,11.3890583515167,-0.570716838547394,11,"Sockeye",-0.330548189679907,-0.329782999589714,-0.330548189680613
1970,11.3427294322423,-0.617045757821866,11,"Sockeye",-0.391004676534751,-0.389936678562558,-0.391004676535655
1971,10.7318995850427,-1.22787560502144,11,"Sockeye",-1.01596209131479,-1.01460759457982,-1.01596209131588
1972,11.3774076529912,-0.582367537072956,11,"Sockeye",-0.384581590946734,-0.382956923808134,-0.384581590948008
1973,11.5920849187034,-0.367690271360765,11,"Sockeye",-0.184031892814977,-0.182153402894524,-0.184031892816419
1974,11.3970979281834,-0.562677261880706,11,"Sockeye",-0.393146450915418,-0.391030505120225,-0.393146450917017
1975,11.243363073894,-0.716412116170159,11,"Sockeye",-0.56100887278526,-0.558671857330555,-0.561008872787008
1976,11.1267367090498,-0.833038481014356,11,"Sockeye",-0.691762805209903,-0.68922112564178,-0.691762805211788
1977,11.6366580554417,-0.323117134622406,11,"Sockeye",-0.195969026398445,-0.193239107616687,-0.195969026400455
1978,12.2922778470176,0.332502656953439,11,"Sockeye",0.445523197597012,0.448424911316115,0.445523197594893
1979,11.8755671977997,-0.0842079922644409,11,"Sockeye",0.0146849807986711,0.0177420257794463,0.0146849807964529
1980,12.0313435622624,0.0715683721982789,11,"Sockeye",0.156333777680928,0.159529670825457,0.156333777678622
1981,11.8230538708823,-0.136721319181807,11,"Sockeye",-0.0660834812796142,-0.0627652425144287,-0.0660834812819946
1982,11.316054889134,-0.643720300930118,11,"Sockeye",-0.587210030608356,-0.583785968233723,-0.587210030610796
1983,12.8505603585924,0.890785168528321,11,"Sockeye",0.933167871269602,0.936681215751404,0.933167871267115
1984,11.4281222139086,-0.531652976155516,11,"Sockeye",-0.503397840994641,-0.499811775422026,-0.503397840997161
1985,11.7059590135302,-0.253816176533928,11,"Sockeye",-0.239688608953483,-0.236046402843494,-0.239688608956026
1986,11.8420831475939,-0.117692042470208,11,"Sockeye",-0.117692042470224,-0.114010295936449,-0.117692042472774
1987,12.0379387991769,0.0781636091127776,11,"Sockeye",0.0640360415323329,0.067740708793103,0.0640360415297909
1988,11.8831453323364,-0.0766298577276872,11,"Sockeye",-0.104884992888609,-0.101174044203963,-0.104884992891131
1989,12.4161183834076,0.456343193343473,11,"Sockeye",0.413960490602149,0.417661061778116,0.413960490599662
1990,12.346659387861,0.386884197796865,11,"Sockeye",0.330373927475106,0.334047442557226,0.330373927472664
1991,11.7161757264818,-0.243599463582277,11,"Sockeye",-0.314237301484534,-0.310607540757207,-0.314237301486916
1992,13.0729782581329,1.11320306806882,11,"Sockeye",1.02843766258612,1.03200695099871,1.02843766258382
1993,12.8549053668976,0.895130176833467,11,"Sockeye",0.796237203770382,0.799729282186032,0.796237203768161
1994,12.503628219877,0.543853029812854,11,"Sockeye",0.430832489169338,0.434230600160367,0.430832489167218
1995,12.9392278535026,0.979452663438432,11,"Sockeye",0.852304555214497,0.855591921584409,0.852304555212488
1996,11.9836242539542,0.0238490638900929,11,"Sockeye",-0.117426611914345,-0.114266787154156,-0.117426611916231
1997,12.9424164295197,0.982641239455542,11,"Sockeye",0.827237996070712,0.830253462417096,0.827237996068963
1998,12.9769259861537,1.01715079608962,11,"Sockeye",0.847619985124271,0.85047425641393,0.847619985122668
1999,11.250898872103,-0.708876317961108,11,"Sockeye",-0.892534696506871,-0.889858476779114,-0.892534696508315
2000,12.3161041736603,0.356328983596162,11,"Sockeye",0.158543037469985,0.161024329244993,0.158543037468711
2001,11.5436230387007,-0.416152151363465,11,"Sockeye",-0.628065665070056,-0.625796197547794,-0.628065665071153
2002,11.5603755882808,-0.399399601783302,11,"Sockeye",-0.625440683070398,-0.623399956033495,-0.625440683071304
2003,12.6575793879373,0.697804197873159,11,"Sockeye",0.45763554900566,0.459430599368442,0.457635549004953
2004,13.1624470778874,1.20267188782328,11,"Sockeye",0.948375671375317,0.949908088895532,0.948375671374816
2005,12.980352810451,1.02057762038685,11,"Sockeye",0.752153836358476,0.753406644864432,0.752153836358191
2006,12.0542481967381,0.0944730066739904,11,"Sockeye",-0.188078344934866,-0.187122141641723,-0.188078344934928
2007,11.8347712584904,-0.125003931573694,11,"Sockeye",-0.421682850763009,-0.421040268931696,-0.421682850762839
2008,10.64023906844,-1.31953612162409,11,"Sockeye",-1.63034260839385,-1.63003068434753,-1.63034260839344
2009,11.2573212725776,-0.702453917486566,11,"Sockeye",-1.02738797183669,-1.02742376199633,-1.02738797183604
2010,11.9152426719666,-0.0445325180975572,11,"Sockeye",-0.383594140028135,-0.383994720936222,-0.383594140027235
2011,11.8752462182726,-0.084528971791507,11,"Sockeye",-0.437718161302577,-0.438500629646859,-0.437718161301424
2012,11.8035734721592,-0.156201717904874,11,"Sockeye",-0.523518474996419,-0.524699947633675,-0.523518474995006
2013,12.2663142340524,0.306539043988268,11,"Sockeye",-0.0749052806836619,-0.0765028946634772,-0.0749052806819872
2014,12.4263485499791,0.466573359914963,11,"Sockeye",0.0710014676625955,0.0689705550739816,0.0710014676645354
2015,13.3372294562204,1.37745426615624,11,"Sockeye",0.967754806323454,0.965273417619329,0.967754806325663
2016,13.4115802219936,1.45180503192946,11,"Sockeye",1.02797800451621,1.02502894192549,1.02797800451869
2017,12.4733383655548,0.513563175490684,11,"Sockeye",0.0756085804969702,0.0721746259602778,0.0756085804997202
2018,12.8180390426091,0.858263852544965,11,"Sockeye",0.406181689970828,0.402245605116608,0.406181689973852
2019,12.687186888286,0.727411698221927,11,"Sockeye",0.261201968067285,0.256746494187793,0.261201968070583
2020,12.3889573642186,0.429182174154456,11,"Sockeye",-0.0511551235805571,-0.0561472655532125,-0.0511551235769847
2021,12.0880483218602,0.128273131796055,11,"Sockeye",-0.3661917335194,-0.371737843037302,-0.366191733515551
2022,11.775698184967,-0.184077005097083,11,"Sockeye",-0.692669437993041,-0.698786834916486,-0.692669437988918
1950,10.4996659415109,-1.46010924855323,12,"Sockeye",-0.951516815657333,-0.9595782840086,-0.951516815653179
1951,11.1057878562382,-0.853987333825892,12,"Sockeye",-0.35952246851045,-0.366974881307975,-0.359522468506597
1952,11.2297064917428,-0.730068698321308,12,"Sockeye",-0.249731400586292,-0.256590705667776,-0.249731400582714
1953,11.7735470363072,-0.186228153756915,12,"Sockeye",0.279981576397666,0.273699412380767,0.279981576400971
1954,11.2220627239772,-0.737712466086892,12,"Sockeye",-0.285630303512777,-0.291351311952454,-0.285630303509748
1955,10.8908667564392,-1.06890843362491,12,"Sockeye",-0.630953838631218,-0.636129695839186,-0.630953838628463
1956,11.8710631643023,-0.088712025761842,12,"Sockeye",0.335115001651439,0.330468272449297,0.335115001653921
1957,12.3478749820164,0.388099791952307,12,"Sockeye",0.797799251785097,0.793665608460227,0.79779925178731
1958,13.2306014469692,1.27082625690504,12,"Sockeye",1.66639814915745,1.66276153065635,1.6663981491594
1959,11.9623036384583,0.00252844839413927,12,"Sockeye",0.383972773066113,0.380817099387995,0.383972773067791
1960,11.8328381947109,-0.126936995353238,12,"Sockeye",0.240379761738272,0.237688933912706,0.240379761739689
1961,12.305883373533,0.346108183468856,12,"Sockeye",0.699297372979929,0.697055273044482,0.699297372981087
1962,11.8123912811279,-0.147383908936194,12,"Sockeye",0.191677712994387,0.189868203972196,0.19167771299529
1963,12.5906221185412,0.630846928477051,12,"Sockeye",0.955780982827245,0.954387908704611,0.9557809828279
1964,11.2862903390612,-0.673484851002923,12,"Sockeye",-0.362678364233198,-0.363671178529296,-0.362678364232787
1965,10.9103071689606,-1.04946802110355,12,"Sockeye",-0.75278910191424,-0.753397850538606,-0.752789101914066
1966,11.7131859234401,-0.246589266624007,12,"Sockeye",0.035962084984819,0.0357211887730688,0.0359620849847619
1967,11.7375418458666,-0.222233344197497,12,"Sockeye",0.0461904398308764,0.0463011636457971,0.0461904398305943
1968,11.540483048984,-0.419292141080138,12,"Sockeye",-0.164995924632167,-0.164549832325935,-0.164995924632665
1969,11.3890583515167,-0.570716838547394,12,"Sockeye",-0.330548189679907,-0.329782999589714,-0.330548189680613
1970,11.3427294322423,-0.617045757821866,12,"Sockeye",-0.391004676534751,-0.389936678562558,-0.391004676535655
1971,10.7318995850427,-1.22787560502144,12,"Sockeye",-1.01596209131479,-1.01460759457982,-1.01596209131588
1972,11.3774076529912,-0.582367537072956,12,"Sockeye",-0.384581590946734,-0.382956923808134,-0.384581590948008
1973,11.5920849187034,-0.367690271360765,12,"Sockeye",-0.184031892814977,-0.182153402894524,-0.184031892816419
1974,11.3970979281834,-0.562677261880706,12,"Sockeye",-0.393146450915418,-0.391030505120225,-0.393146450917017
1975,11.243363073894,-0.716412116170159,12,"Sockeye",-0.56100887278526,-0.558671857330555,-0.561008872787008
1976,11.1267367090498,-0.833038481014356,12,"Sockeye",-0.691762805209903,-0.68922112564178,-0.691762805211788
1977,11.6366580554417,-0.323117134622406,12,"Sockeye",-0.195969026398445,-0.193239107616687,-0.195969026400455
1978,12.2922778470176,0.332502656953439,12,"Sockeye",0.445523197597012,0.448424911316115,0.445523197594893
1979,11.8755671977997,-0.0842079922644409,12,"Sockeye",0.0146849807986711,0.0177420257794463,0.0146849807964529
1980,12.0313435622624,0.0715683721982789,12,"Sockeye",0.156333777680928,0.159529670825457,0.156333777678622
1981,11.8230538708823,-0.136721319181807,12,"Sockeye",-0.0660834812796142,-0.0627652425144287,-0.0660834812819946
1982,11.316054889134,-0.643720300930118,12,"Sockeye",-0.587210030608356,-0.583785968233723,-0.587210030610796
1983,12.8505603585924,0.890785168528321,12,"Sockeye",0.933167871269602,0.936681215751404,0.933167871267115
1984,11.4281222139086,-0.531652976155516,12,"Sockeye",-0.503397840994641,-0.499811775422026,-0.503397840997161
1985,11.7059590135302,-0.253816176533928,12,"Sockeye",-0.239688608953483,-0.236046402843494,-0.239688608956026
1986,11.8420831475939,-0.117692042470208,12,"Sockeye",-0.117692042470224,-0.114010295936449,-0.117692042472774
1987,12.0379387991769,0.0781636091127776,12,"Sockeye",0.0640360415323329,0.067740708793103,0.0640360415297909
1988,11.8831453323364,-0.0766298577276872,12,"Sockeye",-0.104884992888609,-0.101174044203963,-0.104884992891131
1989,12.4161183834076,0.456343193343473,12,"Sockeye",0.413960490602149,0.417661061778116,0.413960490599662
1990,12.346659387861,0.386884197796865,12,"Sockeye",0.330373927475106,0.334047442557226,0.330373927472664
1991,11.7161757264818,-0.243599463582277,12,"Sockeye",-0.314237301484534,-0.310607540757207,-0.314237301486916
1992,13.0729782581329,1.11320306806882,12,"Sockeye",1.02843766258612,1.03200695099871,1.02843766258382
1993,12.8549053668976,0.895130176833467,12,"Sockeye",0.796237203770382,0.799729282186032,0.796237203768161
1994,12.503628219877,0.543853029812854,12,"Sockeye",0.430832489169338,0.434230600160367,0.430832489167218
1995,12.9392278535026,0.979452663438432,12,"Sockeye",0.852304555214497,0.855591921584409,0.852304555212488
1996,11.9836242539542,0.0238490638900929,12,"Sockeye",-0.117426611914345,-0.114266787154156,-0.117426611916231
1997,12.9424164295197,0.982641239455542,12,"Sockeye",0.827237996070712,0.830253462417096,0.827237996068963
1998,12.9769259861537,1.01715079608962,12,"Sockeye",0.847619985124271,0.85047425641393,0.847619985122668
1999,11.250898872103,-0.708876317961108,12,"Sockeye",-0.892534696506871,-0.889858476779114,-0.892534696508315
2000,12.3161041736603,0.356328983596162,12,"Sockeye",0.158543037469985,0.161024329244993,0.158543037468711
2001,11.5436230387007,-0.416152151363465,12,"Sockeye",-0.628065665070056,-0.625796197547794,-0.628065665071153
2002,11.5603755882808,-0.399399601783302,12,"Sockeye",-0.625440683070398,-0.623399956033495,-0.625440683071304
2003,12.6575793879373,0.697804197873159,12,"Sockeye",0.45763554900566,0.459430599368442,0.457635549004953
2004,13.1624470778874,1.20267188782328,12,"Sockeye",0.948375671375317,0.949908088895532,0.948375671374816
2005,12.980352810451,1.02057762038685,12,"Sockeye",0.752153836358476,0.753406644864432,0.752153836358191
2006,12.0542481967381,0.0944730066739904,12,"Sockeye",-0.188078344934866,-0.187122141641723,-0.188078344934928
2007,11.8347712584904,-0.125003931573694,12,"Sockeye",-0.421682850763009,-0.421040268931696,-0.421682850762839
2008,10.64023906844,-1.31953612162409,12,"Sockeye",-1.63034260839385,-1.63003068434753,-1.63034260839344
2009,11.2573212725776,-0.702453917486566,12,"Sockeye",-1.02738797183669,-1.02742376199633,-1.02738797183604
2010,11.9152426719666,-0.0445325180975572,12,"Sockeye",-0.383594140028135,-0.383994720936222,-0.383594140027235
2011,11.8752462182726,-0.084528971791507,12,"Sockeye",-0.437718161302577,-0.438500629646859,-0.437718161301424
2012,11.8035734721592,-0.156201717904874,12,"Sockeye",-0.523518474996419,-0.524699947633675,-0.523518474995006
2013,12.2663142340524,0.306539043988268,12,"Sockeye",-0.0749052806836619,-0.0765028946634772,-0.0749052806819872
2014,12.4263485499791,0.466573359914963,12,"Sockeye",0.0710014676625955,0.0689705550739816,0.0710014676645354
2015,13.3372294562204,1.37745426615624,12,"Sockeye",0.967754806323454,0.965273417619329,0.967754806325663
2016,13.4115802219936,1.45180503192946,12,"Sockeye",1.02797800451621,1.02502894192549,1.02797800451869
2017,12.4733383655548,0.513563175490684,12,"Sockeye",0.0756085804969702,0.0721746259602778,0.0756085804997202
2018,12.8180390426091,0.858263852544965,12,"Sockeye",0.406181689970828,0.402245605116608,0.406181689973852
2019,12.687186888286,0.727411698221927,12,"Sockeye",0.261201968067285,0.256746494187793,0.261201968070583
2020,12.3889573642186,0.429182174154456,12,"Sockeye",-0.0511551235805571,-0.0561472655532125,-0.0511551235769847
2021,12.0880483218602,0.128273131796055,12,"Sockeye",-0.3661917335194,-0.371737843037302,-0.366191733515551
2022,11.775698184967,-0.184077005097083,12,"Sockeye",-0.692669437993041,-0.698786834916486,-0.692669437988918
1950,10.4996659415109,-1.46010924855323,13,"Sockeye",-0.951516815657333,-0.9595782840086,-0.951516815653179
1951,11.1057878562382,-0.853987333825892,13,"Sockeye",-0.35952246851045,-0.366974881307975,-0.359522468506597
1952,11.2297064917428,-0.730068698321308,13,"Sockeye",-0.249731400586292,-0.256590705667776,-0.249731400582714
1953,11.7735470363072,-0.186228153756915,13,"Sockeye",0.279981576397666,0.273699412380767,0.279981576400971
1954,11.2220627239772,-0.737712466086892,13,"Sockeye",-0.285630303512777,-0.291351311952454,-0.285630303509748
1955,10.8908667564392,-1.06890843362491,13,"Sockeye",-0.630953838631218,-0.636129695839186,-0.630953838628463
1956,11.8710631643023,-0.088712025761842,13,"Sockeye",0.335115001651439,0.330468272449297,0.335115001653921
1957,12.3478749820164,0.388099791952307,13,"Sockeye",0.797799251785097,0.793665608460227,0.79779925178731
1958,13.2306014469692,1.27082625690504,13,"Sockeye",1.66639814915745,1.66276153065635,1.6663981491594
1959,11.9623036384583,0.00252844839413927,13,"Sockeye",0.383972773066113,0.380817099387995,0.383972773067791
1960,11.8328381947109,-0.126936995353238,13,"Sockeye",0.240379761738272,0.237688933912706,0.240379761739689
1961,12.305883373533,0.346108183468856,13,"Sockeye",0.699297372979929,0.697055273044482,0.699297372981087
1962,11.8123912811279,-0.147383908936194,13,"Sockeye",0.191677712994387,0.189868203972196,0.19167771299529
1963,12.5906221185412,0.630846928477051,13,"Sockeye",0.955780982827245,0.954387908704611,0.9557809828279
1964,11.2862903390612,-0.673484851002923,13,"Sockeye",-0.362678364233198,-0.363671178529296,-0.362678364232787
1965,10.9103071689606,-1.04946802110355,13,"Sockeye",-0.75278910191424,-0.753397850538606,-0.752789101914066
1966,11.7131859234401,-0.246589266624007,13,"Sockeye",0.035962084984819,0.0357211887730688,0.0359620849847619
1967,11.7375418458666,-0.222233344197497,13,"Sockeye",0.0461904398308764,0.0463011636457971,0.0461904398305943
1968,11.540483048984,-0.419292141080138,13,"Sockeye",-0.164995924632167,-0.164549832325935,-0.164995924632665
1969,11.3890583515167,-0.570716838547394,13,"Sockeye",-0.330548189679907,-0.329782999589714,-0.330548189680613
1970,11.3427294322423,-0.617045757821866,13,"Sockeye",-0.391004676534751,-0.389936678562558,-0.391004676535655
1971,10.7318995850427,-1.22787560502144,13,"Sockeye",-1.01596209131479,-1.01460759457982,-1.01596209131588
1972,11.3774076529912,-0.582367537072956,13,"Sockeye",-0.384581590946734,-0.382956923808134,-0.384581590948008
1973,11.5920849187034,-0.367690271360765,13,"Sockeye",-0.184031892814977,-0.182153402894524,-0.184031892816419
1974,11.3970979281834,-0.562677261880706,13,"Sockeye",-0.393146450915418,-0.391030505120225,-0.393146450917017
1975,11.243363073894,-0.716412116170159,13,"Sockeye",-0.56100887278526,-0.558671857330555,-0.561008872787008
1976,11.1267367090498,-0.833038481014356,13,"Sockeye",-0.691762805209903,-0.68922112564178,-0.691762805211788
1977,11.6366580554417,-0.323117134622406,13,"Sockeye",-0.195969026398445,-0.193239107616687,-0.195969026400455
1978,12.2922778470176,0.332502656953439,13,"Sockeye",0.445523197597012,0.448424911316115,0.445523197594893
1979,11.8755671977997,-0.0842079922644409,13,"Sockeye",0.0146849807986711,0.0177420257794463,0.0146849807964529
1980,12.0313435622624,0.0715683721982789,13,"Sockeye",0.156333777680928,0.159529670825457,0.156333777678622
1981,11.8230538708823,-0.136721319181807,13,"Sockeye",-0.0660834812796142,-0.0627652425144287,-0.0660834812819946
1982,11.316054889134,-0.643720300930118,13,"Sockeye",-0.587210030608356,-0.583785968233723,-0.587210030610796
1983,12.8505603585924,0.890785168528321,13,"Sockeye",0.933167871269602,0.936681215751404,0.933167871267115
1984,11.4281222139086,-0.531652976155516,13,"Sockeye",-0.503397840994641,-0.499811775422026,-0.503397840997161
1985,11.7059590135302,-0.253816176533928,13,"Sockeye",-0.239688608953483,-0.236046402843494,-0.239688608956026
1986,11.8420831475939,-0.117692042470208,13,"Sockeye",-0.117692042470224,-0.114010295936449,-0.117692042472774
1987,12.0379387991769,0.0781636091127776,13,"Sockeye",0.0640360415323329,0.067740708793103,0.0640360415297909
1988,11.8831453323364,-0.0766298577276872,13,"Sockeye",-0.104884992888609,-0.101174044203963,-0.104884992891131
1989,12.4161183834076,0.456343193343473,13,"Sockeye",0.413960490602149,0.417661061778116,0.413960490599662
1990,12.346659387861,0.386884197796865,13,"Sockeye",0.330373927475106,0.334047442557226,0.330373927472664
1991,11.7161757264818,-0.243599463582277,13,"Sockeye",-0.314237301484534,-0.310607540757207,-0.314237301486916
1992,13.0729782581329,1.11320306806882,13,"Sockeye",1.02843766258612,1.03200695099871,1.02843766258382
1993,12.8549053668976,0.895130176833467,13,"Sockeye",0.796237203770382,0.799729282186032,0.796237203768161
1994,12.503628219877,0.543853029812854,13,"Sockeye",0.430832489169338,0.434230600160367,0.430832489167218
1995,12.9392278535026,0.979452663438432,13,"Sockeye",0.852304555214497,0.855591921584409,0.852304555212488
1996,11.9836242539542,0.0238490638900929,13,"Sockeye",-0.117426611914345,-0.114266787154156,-0.117426611916231
1997,12.9424164295197,0.982641239455542,13,"Sockeye",0.827237996070712,0.830253462417096,0.827237996068963
1998,12.9769259861537,1.01715079608962,13,"Sockeye",0.847619985124271,0.85047425641393,0.847619985122668
1999,11.250898872103,-0.708876317961108,13,"Sockeye",-0.892534696506871,-0.889858476779114,-0.892534696508315
2000,12.3161041736603,0.356328983596162,13,"Sockeye",0.158543037469985,0.161024329244993,0.158543037468711
2001,11.5436230387007,-0.416152151363465,13,"Sockeye",-0.628065665070056,-0.625796197547794,-0.628065665071153
2002,11.5603755882808,-0.399399601783302,13,"Sockeye",-0.625440683070398,-0.623399956033495,-0.625440683071304
2003,12.6575793879373,0.697804197873159,13,"Sockeye",0.45763554900566,0.459430599368442,0.457635549004953
2004,13.1624470778874,1.20267188782328,13,"Sockeye",0.948375671375317,0.949908088895532,0.948375671374816
2005,12.980352810451,1.02057762038685,13,"Sockeye",0.752153836358476,0.753406644864432,0.752153836358191
2006,12.0542481967381,0.0944730066739904,13,"Sockeye",-0.188078344934866,-0.187122141641723,-0.188078344934928
2007,11.8347712584904,-0.125003931573694,13,"Sockeye",-0.421682850763009,-0.421040268931696,-0.421682850762839
2008,10.64023906844,-1.31953612162409,13,"Sockeye",-1.63034260839385,-1.63003068434753,-1.63034260839344
2009,11.2573212725776,-0.702453917486566,13,"Sockeye",-1.02738797183669,-1.02742376199633,-1.02738797183604
2010,11.9152426719666,-0.0445325180975572,13,"Sockeye",-0.383594140028135,-0.383994720936222,-0.383594140027235
2011,11.8752462182726,-0.084528971791507,13,"Sockeye",-0.437718161302577,-0.438500629646859,-0.437718161301424
2012,11.8035734721592,-0.156201717904874,13,"Sockeye",-0.523518474996419,-0.524699947633675,-0.523518474995006
2013,12.2663142340524,0.306539043988268,13,"Sockeye",-0.0749052806836619,-0.0765028946634772,-0.0749052806819872
2014,12.4263485499791,0.466573359914963,13,"Sockeye",0.0710014676625955,0.0689705550739816,0.0710014676645354
2015,13.3372294562204,1.37745426615624,13,"Sockeye",0.967754806323454,0.965273417619329,0.967754806325663
2016,13.4115802219936,1.45180503192946,13,"Sockeye",1.02797800451621,1.02502894192549,1.02797800451869
2017,12.4733383655548,0.513563175490684,13,"Sockeye",0.0756085804969702,0.0721746259602778,0.0756085804997202
2018,12.8180390426091,0.858263852544965,13,"Sockeye",0.406181689970828,0.402245605116608,0.406181689973852
2019,12.687186888286,0.727411698221927,13,"Sockeye",0.261201968067285,0.256746494187793,0.261201968070583
2020,12.3889573642186,0.429182174154456,13,"Sockeye",-0.0511551235805571,-0.0561472655532125,-0.0511551235769847
2021,12.0880483218602,0.128273131796055,13,"Sockeye",-0.3661917335194,-0.371737843037302,-0.366191733515551
2022,11.775698184967,-0.184077005097083,13,"Sockeye",-0.692669437993041,-0.698786834916486,-0.692669437988918
1950,10.4996659415109,-1.46010924855323,14,"Sockeye",-0.951516815657333,-0.9595782840086,-0.951516815653179
1951,11.1057878562382,-0.853987333825892,14,"Sockeye",-0.35952246851045,-0.366974881307975,-0.359522468506597
1952,11.2297064917428,-0.730068698321308,14,"Sockeye",-0.249731400586292,-0.256590705667776,-0.249731400582714
1953,11.7735470363072,-0.186228153756915,14,"Sockeye",0.279981576397666,0.273699412380767,0.279981576400971
1954,11.2220627239772,-0.737712466086892,14,"Sockeye",-0.285630303512777,-0.291351311952454,-0.285630303509748
1955,10.8908667564392,-1.06890843362491,14,"Sockeye",-0.630953838631218,-0.636129695839186,-0.630953838628463
1956,11.8710631643023,-0.088712025761842,14,"Sockeye",0.335115001651439,0.330468272449297,0.335115001653921
1957,12.3478749820164,0.388099791952307,14,"Sockeye",0.797799251785097,0.793665608460227,0.79779925178731
1958,13.2306014469692,1.27082625690504,14,"Sockeye",1.66639814915745,1.66276153065635,1.6663981491594
1959,11.9623036384583,0.00252844839413927,14,"Sockeye",0.383972773066113,0.380817099387995,0.383972773067791
1960,11.8328381947109,-0.126936995353238,14,"Sockeye",0.240379761738272,0.237688933912706,0.240379761739689
1961,12.305883373533,0.346108183468856,14,"Sockeye",0.699297372979929,0.697055273044482,0.699297372981087
1962,11.8123912811279,-0.147383908936194,14,"Sockeye",0.191677712994387,0.189868203972196,0.19167771299529
1963,12.5906221185412,0.630846928477051,14,"Sockeye",0.955780982827245,0.954387908704611,0.9557809828279
1964,11.2862903390612,-0.673484851002923,14,"Sockeye",-0.362678364233198,-0.363671178529296,-0.362678364232787
1965,10.9103071689606,-1.04946802110355,14,"Sockeye",-0.75278910191424,-0.753397850538606,-0.752789101914066
1966,11.7131859234401,-0.246589266624007,14,"Sockeye",0.035962084984819,0.0357211887730688,0.0359620849847619
1967,11.7375418458666,-0.222233344197497,14,"Sockeye",0.0461904398308764,0.0463011636457971,0.0461904398305943
1968,11.540483048984,-0.419292141080138,14,"Sockeye",-0.164995924632167,-0.164549832325935,-0.164995924632665
1969,11.3890583515167,-0.570716838547394,14,"Sockeye",-0.330548189679907,-0.329782999589714,-0.330548189680613
1970,11.3427294322423,-0.617045757821866,14,"Sockeye",-0.391004676534751,-0.389936678562558,-0.391004676535655
1971,10.7318995850427,-1.22787560502144,14,"Sockeye",-1.01596209131479,-1.01460759457982,-1.01596209131588
1972,11.3774076529912,-0.582367537072956,14,"Sockeye",-0.384581590946734,-0.382956923808134,-0.384581590948008
1973,11.5920849187034,-0.367690271360765,14,"Sockeye",-0.184031892814977,-0.182153402894524,-0.184031892816419
1974,11.3970979281834,-0.562677261880706,14,"Sockeye",-0.393146450915418,-0.391030505120225,-0.393146450917017
1975,11.243363073894,-0.716412116170159,14,"Sockeye",-0.56100887278526,-0.558671857330555,-0.561008872787008
1976,11.1267367090498,-0.833038481014356,14,"Sockeye",-0.691762805209903,-0.68922112564178,-0.691762805211788
1977,11.6366580554417,-0.323117134622406,14,"Sockeye",-0.195969026398445,-0.193239107616687,-0.195969026400455
1978,12.2922778470176,0.332502656953439,14,"Sockeye",0.445523197597012,0.448424911316115,0.445523197594893
1979,11.8755671977997,-0.0842079922644409,14,"Sockeye",0.0146849807986711,0.0177420257794463,0.0146849807964529
1980,12.0313435622624,0.0715683721982789,14,"Sockeye",0.156333777680928,0.159529670825457,0.156333777678622
1981,11.8230538708823,-0.136721319181807,14,"Sockeye",-0.0660834812796142,-0.0627652425144287,-0.0660834812819946
1982,11.316054889134,-0.643720300930118,14,"Sockeye",-0.587210030608356,-0.583785968233723,-0.587210030610796
1983,12.8505603585924,0.890785168528321,14,"Sockeye",0.933167871269602,0.936681215751404,0.933167871267115
1984,11.4281222139086,-0.531652976155516,14,"Sockeye",-0.503397840994641,-0.499811775422026,-0.503397840997161
1985,11.7059590135302,-0.253816176533928,14,"Sockeye",-0.239688608953483,-0.236046402843494,-0.239688608956026
1986,11.8420831475939,-0.117692042470208,14,"Sockeye",-0.117692042470224,-0.114010295936449,-0.117692042472774
1987,12.0379387991769,0.0781636091127776,14,"Sockeye",0.0640360415323329,0.067740708793103,0.0640360415297909
1988,11.8831453323364,-0.0766298577276872,14,"Sockeye",-0.104884992888609,-0.101174044203963,-0.104884992891131
1989,12.4161183834076,0.456343193343473,14,"Sockeye",0.413960490602149,0.417661061778116,0.413960490599662
1990,12.346659387861,0.386884197796865,14,"Sockeye",0.330373927475106,0.334047442557226,0.330373927472664
1991,11.7161757264818,-0.243599463582277,14,"Sockeye",-0.314237301484534,-0.310607540757207,-0.314237301486916
1992,13.0729782581329,1.11320306806882,14,"Sockeye",1.02843766258612,1.03200695099871,1.02843766258382
1993,12.8549053668976,0.895130176833467,14,"Sockeye",0.796237203770382,0.799729282186032,0.796237203768161
1994,12.503628219877,0.543853029812854,14,"Sockeye",0.430832489169338,0.434230600160367,0.430832489167218
1995,12.9392278535026,0.979452663438432,14,"Sockeye",0.852304555214497,0.855591921584409,0.852304555212488
1996,11.9836242539542,0.0238490638900929,14,"Sockeye",-0.117426611914345,-0.114266787154156,-0.117426611916231
1997,12.9424164295197,0.982641239455542,14,"Sockeye",0.827237996070712,0.830253462417096,0.827237996068963
1998,12.9769259861537,1.01715079608962,14,"Sockeye",0.847619985124271,0.85047425641393,0.847619985122668
1999,11.250898872103,-0.708876317961108,14,"Sockeye",-0.892534696506871,-0.889858476779114,-0.892534696508315
2000,12.3161041736603,0.356328983596162,14,"Sockeye",0.158543037469985,0.161024329244993,0.158543037468711
2001,11.5436230387007,-0.416152151363465,14,"Sockeye",-0.628065665070056,-0.625796197547794,-0.628065665071153
2002,11.5603755882808,-0.399399601783302,14,"Sockeye",-0.625440683070398,-0.623399956033495,-0.625440683071304
2003,12.6575793879373,0.697804197873159,14,"Sockeye",0.45763554900566,0.459430599368442,0.457635549004953
2004,13.1624470778874,1.20267188782328,14,"Sockeye",0.948375671375317,0.949908088895532,0.948375671374816
2005,12.980352810451,1.02057762038685,14,"Sockeye",0.752153836358476,0.753406644864432,0.752153836358191
2006,12.0542481967381,0.0944730066739904,14,"Sockeye",-0.188078344934866,-0.187122141641723,-0.188078344934928
2007,11.8347712584904,-0.125003931573694,14,"Sockeye",-0.421682850763009,-0.421040268931696,-0.421682850762839
2008,10.64023906844,-1.31953612162409,14,"Sockeye",-1.63034260839385,-1.63003068434753,-1.63034260839344
2009,11.2573212725776,-0.702453917486566,14,"Sockeye",-1.02738797183669,-1.02742376199633,-1.02738797183604
2010,11.9152426719666,-0.0445325180975572,14,"Sockeye",-0.383594140028135,-0.383994720936222,-0.383594140027235
2011,11.8752462182726,-0.084528971791507,14,"Sockeye",-0.437718161302577,-0.438500629646859,-0.437718161301424
2012,11.8035734721592,-0.156201717904874,14,"Sockeye",-0.523518474996419,-0.524699947633675,-0.523518474995006
2013,12.2663142340524,0.306539043988268,14,"Sockeye",-0.0749052806836619,-0.0765028946634772,-0.0749052806819872
2014,12.4263485499791,0.466573359914963,14,"Sockeye",0.0710014676625955,0.0689705550739816,0.0710014676645354
2015,13.3372294562204,1.37745426615624,14,"Sockeye",0.967754806323454,0.965273417619329,0.967754806325663
2016,13.4115802219936,1.45180503192946,14,"Sockeye",1.02797800451621,1.02502894192549,1.02797800451869
2017,12.4733383655548,0.513563175490684,14,"Sockeye",0.0756085804969702,0.0721746259602778,0.0756085804997202
2018,12.8180390426091,0.858263852544965,14,"Sockeye",0.406181689970828,0.402245605116608,0.406181689973852
2019,12.687186888286,0.727411698221927,14,"Sockeye",0.261201968067285,0.256746494187793,0.261201968070583
2020,12.3889573642186,0.429182174154456,14,"Sockeye",-0.0511551235805571,-0.0561472655532125,-0.0511551235769847
2021,12.0880483218602,0.128273131796055,14,"Sockeye",-0.3661917335194,-0.371737843037302,-0.366191733515551
2022,11.775698184967,-0.184077005097083,14,"Sockeye",-0.692669437993041,-0.698786834916486,-0.692669437988918
1950,10.4996659415109,-1.46010924855323,15,"Sockeye",-0.951516815657333,-0.9595782840086,-0.951516815653179
1951,11.1057878562382,-0.853987333825892,15,"Sockeye",-0.35952246851045,-0.366974881307975,-0.359522468506597
1952,11.2297064917428,-0.730068698321308,15,"Sockeye",-0.249731400586292,-0.256590705667776,-0.249731400582714
1953,11.7735470363072,-0.186228153756915,15,"Sockeye",0.279981576397666,0.273699412380767,0.279981576400971
1954,11.2220627239772,-0.737712466086892,15,"Sockeye",-0.285630303512777,-0.291351311952454,-0.285630303509748
1955,10.8908667564392,-1.06890843362491,15,"Sockeye",-0.630953838631218,-0.636129695839186,-0.630953838628463
1956,11.8710631643023,-0.088712025761842,15,"Sockeye",0.335115001651439,0.330468272449297,0.335115001653921
1957,12.3478749820164,0.388099791952307,15,"Sockeye",0.797799251785097,0.793665608460227,0.79779925178731
1958,13.2306014469692,1.27082625690504,15,"Sockeye",1.66639814915745,1.66276153065635,1.6663981491594
1959,11.9623036384583,0.00252844839413927,15,"Sockeye",0.383972773066113,0.380817099387995,0.383972773067791
1960,11.8328381947109,-0.126936995353238,15,"Sockeye",0.240379761738272,0.237688933912706,0.240379761739689
1961,12.305883373533,0.346108183468856,15,"Sockeye",0.699297372979929,0.697055273044482,0.699297372981087
1962,11.8123912811279,-0.147383908936194,15,"Sockeye",0.191677712994387,0.189868203972196,0.19167771299529
1963,12.5906221185412,0.630846928477051,15,"Sockeye",0.955780982827245,0.954387908704611,0.9557809828279
1964,11.2862903390612,-0.673484851002923,15,"Sockeye",-0.362678364233198,-0.363671178529296,-0.362678364232787
1965,10.9103071689606,-1.04946802110355,15,"Sockeye",-0.75278910191424,-0.753397850538606,-0.752789101914066
1966,11.7131859234401,-0.246589266624007,15,"Sockeye",0.035962084984819,0.0357211887730688,0.0359620849847619
1967,11.7375418458666,-0.222233344197497,15,"Sockeye",0.0461904398308764,0.0463011636457971,0.0461904398305943
1968,11.540483048984,-0.419292141080138,15,"Sockeye",-0.164995924632167,-0.164549832325935,-0.164995924632665
1969,11.3890583515167,-0.570716838547394,15,"Sockeye",-0.330548189679907,-0.329782999589714,-0.330548189680613
1970,11.3427294322423,-0.617045757821866,15,"Sockeye",-0.391004676534751,-0.389936678562558,-0.391004676535655
1971,10.7318995850427,-1.22787560502144,15,"Sockeye",-1.01596209131479,-1.01460759457982,-1.01596209131588
1972,11.3774076529912,-0.582367537072956,15,"Sockeye",-0.384581590946734,-0.382956923808134,-0.384581590948008
1973,11.5920849187034,-0.367690271360765,15,"Sockeye",-0.184031892814977,-0.182153402894524,-0.184031892816419
1974,11.3970979281834,-0.562677261880706,15,"Sockeye",-0.393146450915418,-0.391030505120225,-0.393146450917017
1975,11.243363073894,-0.716412116170159,15,"Sockeye",-0.56100887278526,-0.558671857330555,-0.561008872787008
1976,11.1267367090498,-0.833038481014356,15,"Sockeye",-0.691762805209903,-0.68922112564178,-0.691762805211788
1977,11.6366580554417,-0.323117134622406,15,"Sockeye",-0.195969026398445,-0.193239107616687,-0.195969026400455
1978,12.2922778470176,0.332502656953439,15,"Sockeye",0.445523197597012,0.448424911316115,0.445523197594893
1979,11.8755671977997,-0.0842079922644409,15,"Sockeye",0.0146849807986711,0.0177420257794463,0.0146849807964529
1980,12.0313435622624,0.0715683721982789,15,"Sockeye",0.156333777680928,0.159529670825457,0.156333777678622
1981,11.8230538708823,-0.136721319181807,15,"Sockeye",-0.0660834812796142,-0.0627652425144287,-0.0660834812819946
1982,11.316054889134,-0.643720300930118,15,"Sockeye",-0.587210030608356,-0.583785968233723,-0.587210030610796
1983,12.8505603585924,0.890785168528321,15,"Sockeye",0.933167871269602,0.936681215751404,0.933167871267115
1984,11.4281222139086,-0.531652976155516,15,"Sockeye",-0.503397840994641,-0.499811775422026,-0.503397840997161
1985,11.7059590135302,-0.253816176533928,15,"Sockeye",-0.239688608953483,-0.236046402843494,-0.239688608956026
1986,11.8420831475939,-0.117692042470208,15,"Sockeye",-0.117692042470224,-0.114010295936449,-0.117692042472774
1987,12.0379387991769,0.0781636091127776,15,"Sockeye",0.0640360415323329,0.067740708793103,0.0640360415297909
1988,11.8831453323364,-0.0766298577276872,15,"Sockeye",-0.104884992888609,-0.101174044203963,-0.104884992891131
1989,12.4161183834076,0.456343193343473,15,"Sockeye",0.413960490602149,0.417661061778116,0.413960490599662
1990,12.346659387861,0.386884197796865,15,"Sockeye",0.330373927475106,0.334047442557226,0.330373927472664
1991,11.7161757264818,-0.243599463582277,15,"Sockeye",-0.314237301484534,-0.310607540757207,-0.314237301486916
1992,13.0729782581329,1.11320306806882,15,"Sockeye",1.02843766258612,1.03200695099871,1.02843766258382
1993,12.8549053668976,0.895130176833467,15,"Sockeye",0.796237203770382,0.799729282186032,0.796237203768161
1994,12.503628219877,0.543853029812854,15,"Sockeye",0.430832489169338,0.434230600160367,0.430832489167218
1995,12.9392278535026,0.979452663438432,15,"Sockeye",0.852304555214497,0.855591921584409,0.852304555212488
1996,11.9836242539542,0.0238490638900929,15,"Sockeye",-0.117426611914345,-0.114266787154156,-0.117426611916231
1997,12.9424164295197,0.982641239455542,15,"Sockeye",0.827237996070712,0.830253462417096,0.827237996068963
1998,12.9769259861537,1.01715079608962,15,"Sockeye",0.847619985124271,0.85047425641393,0.847619985122668
1999,11.250898872103,-0.708876317961108,15,"Sockeye",-0.892534696506871,-0.889858476779114,-0.892534696508315
2000,12.3161041736603,0.356328983596162,15,"Sockeye",0.158543037469985,0.161024329244993,0.158543037468711
2001,11.5436230387007,-0.416152151363465,15,"Sockeye",-0.628065665070056,-0.625796197547794,-0.628065665071153
2002,11.5603755882808,-0.399399601783302,15,"Sockeye",-0.625440683070398,-0.623399956033495,-0.625440683071304
2003,12.6575793879373,0.697804197873159,15,"Sockeye",0.45763554900566,0.459430599368442,0.457635549004953
2004,13.1624470778874,1.20267188782328,15,"Sockeye",0.948375671375317,0.949908088895532,0.948375671374816
2005,12.980352810451,1.02057762038685,15,"Sockeye",0.752153836358476,0.753406644864432,0.752153836358191
2006,12.0542481967381,0.0944730066739904,15,"Sockeye",-0.188078344934866,-0.187122141641723,-0.188078344934928
2007,11.8347712584904,-0.125003931573694,15,"Sockeye",-0.421682850763009,-0.421040268931696,-0.421682850762839
2008,10.64023906844,-1.31953612162409,15,"Sockeye",-1.63034260839385,-1.63003068434753,-1.63034260839344
2009,11.2573212725776,-0.702453917486566,15,"Sockeye",-1.02738797183669,-1.02742376199633,-1.02738797183604
2010,11.9152426719666,-0.0445325180975572,15,"Sockeye",-0.383594140028135,-0.383994720936222,-0.383594140027235
2011,11.8752462182726,-0.084528971791507,15,"Sockeye",-0.437718161302577,-0.438500629646859,-0.437718161301424
2012,11.8035734721592,-0.156201717904874,15,"Sockeye",-0.523518474996419,-0.524699947633675,-0.523518474995006
2013,12.2663142340524,0.306539043988268,15,"Sockeye",-0.0749052806836619,-0.0765028946634772,-0.0749052806819872
2014,12.4263485499791,0.466573359914963,15,"Sockeye",0.0710014676625955,0.0689705550739816,0.0710014676645354
2015,13.3372294562204,1.37745426615624,15,"Sockeye",0.967754806323454,0.965273417619329,0.967754806325663
2016,13.4115802219936,1.45180503192946,15,"Sockeye",1.02797800451621,1.02502894192549,1.02797800451869
2017,12.4733383655548,0.513563175490684,15,"Sockeye",0.0756085804969702,0.0721746259602778,0.0756085804997202
2018,12.8180390426091,0.858263852544965,15,"Sockeye",0.406181689970828,0.402245605116608,0.406181689973852
2019,12.687186888286,0.727411698221927,15,"Sockeye",0.261201968067285,0.256746494187793,0.261201968070583
2020,12.3889573642186,0.429182174154456,15,"Sockeye",-0.0511551235805571,-0.0561472655532125,-0.0511551235769847
2021,12.0880483218602,0.128273131796055,15,"Sockeye",-0.3661917335194,-0.371737843037302,-0.366191733515551
2022,11.775698184967,-0.184077005097083,15,"Sockeye",-0.692669437993041,-0.698786834916486,-0.692669437988918
1950,10.4996659415109,-1.46010924855323,16,"Sockeye",-0.951516815657333,-0.9595782840086,-0.951516815653179
1951,11.1057878562382,-0.853987333825892,16,"Sockeye",-0.35952246851045,-0.366974881307975,-0.359522468506597
1952,11.2297064917428,-0.730068698321308,16,"Sockeye",-0.249731400586292,-0.256590705667776,-0.249731400582714
1953,11.7735470363072,-0.186228153756915,16,"Sockeye",0.279981576397666,0.273699412380767,0.279981576400971
1954,11.2220627239772,-0.737712466086892,16,"Sockeye",-0.285630303512777,-0.291351311952454,-0.285630303509748
1955,10.8908667564392,-1.06890843362491,16,"Sockeye",-0.630953838631218,-0.636129695839186,-0.630953838628463
1956,11.8710631643023,-0.088712025761842,16,"Sockeye",0.335115001651439,0.330468272449297,0.335115001653921
1957,12.3478749820164,0.388099791952307,16,"Sockeye",0.797799251785097,0.793665608460227,0.79779925178731
1958,13.2306014469692,1.27082625690504,16,"Sockeye",1.66639814915745,1.66276153065635,1.6663981491594
1959,11.9623036384583,0.00252844839413927,16,"Sockeye",0.383972773066113,0.380817099387995,0.383972773067791
1960,11.8328381947109,-0.126936995353238,16,"Sockeye",0.240379761738272,0.237688933912706,0.240379761739689
1961,12.305883373533,0.346108183468856,16,"Sockeye",0.699297372979929,0.697055273044482,0.699297372981087
1962,11.8123912811279,-0.147383908936194,16,"Sockeye",0.191677712994387,0.189868203972196,0.19167771299529
1963,12.5906221185412,0.630846928477051,16,"Sockeye",0.955780982827245,0.954387908704611,0.9557809828279
1964,11.2862903390612,-0.673484851002923,16,"Sockeye",-0.362678364233198,-0.363671178529296,-0.362678364232787
1965,10.9103071689606,-1.04946802110355,16,"Sockeye",-0.75278910191424,-0.753397850538606,-0.752789101914066
1966,11.7131859234401,-0.246589266624007,16,"Sockeye",0.035962084984819,0.0357211887730688,0.0359620849847619
1967,11.7375418458666,-0.222233344197497,16,"Sockeye",0.0461904398308764,0.0463011636457971,0.0461904398305943
1968,11.540483048984,-0.419292141080138,16,"Sockeye",-0.164995924632167,-0.164549832325935,-0.164995924632665
1969,11.3890583515167,-0.570716838547394,16,"Sockeye",-0.330548189679907,-0.329782999589714,-0.330548189680613
1970,11.3427294322423,-0.617045757821866,16,"Sockeye",-0.391004676534751,-0.389936678562558,-0.391004676535655
1971,10.7318995850427,-1.22787560502144,16,"Sockeye",-1.01596209131479,-1.01460759457982,-1.01596209131588
1972,11.3774076529912,-0.582367537072956,16,"Sockeye",-0.384581590946734,-0.382956923808134,-0.384581590948008
1973,11.5920849187034,-0.367690271360765,16,"Sockeye",-0.184031892814977,-0.182153402894524,-0.184031892816419
1974,11.3970979281834,-0.562677261880706,16,"Sockeye",-0.393146450915418,-0.391030505120225,-0.393146450917017
1975,11.243363073894,-0.716412116170159,16,"Sockeye",-0.56100887278526,-0.558671857330555,-0.561008872787008
1976,11.1267367090498,-0.833038481014356,16,"Sockeye",-0.691762805209903,-0.68922112564178,-0.691762805211788
1977,11.6366580554417,-0.323117134622406,16,"Sockeye",-0.195969026398445,-0.193239107616687,-0.195969026400455
1978,12.2922778470176,0.332502656953439,16,"Sockeye",0.445523197597012,0.448424911316115,0.445523197594893
1979,11.8755671977997,-0.0842079922644409,16,"Sockeye",0.0146849807986711,0.0177420257794463,0.0146849807964529
1980,12.0313435622624,0.0715683721982789,16,"Sockeye",0.156333777680928,0.159529670825457,0.156333777678622
1981,11.8230538708823,-0.136721319181807,16,"Sockeye",-0.0660834812796142,-0.0627652425144287,-0.0660834812819946
1982,11.316054889134,-0.643720300930118,16,"Sockeye",-0.587210030608356,-0.583785968233723,-0.587210030610796
1983,12.8505603585924,0.890785168528321,16,"Sockeye",0.933167871269602,0.936681215751404,0.933167871267115
1984,11.4281222139086,-0.531652976155516,16,"Sockeye",-0.503397840994641,-0.499811775422026,-0.503397840997161
1985,11.7059590135302,-0.253816176533928,16,"Sockeye",-0.239688608953483,-0.236046402843494,-0.239688608956026
1986,11.8420831475939,-0.117692042470208,16,"Sockeye",-0.117692042470224,-0.114010295936449,-0.117692042472774
1987,12.0379387991769,0.0781636091127776,16,"Sockeye",0.0640360415323329,0.067740708793103,0.0640360415297909
1988,11.8831453323364,-0.0766298577276872,16,"Sockeye",-0.104884992888609,-0.101174044203963,-0.104884992891131
1989,12.4161183834076,0.456343193343473,16,"Sockeye",0.413960490602149,0.417661061778116,0.413960490599662
1990,12.346659387861,0.386884197796865,16,"Sockeye",0.330373927475106,0.334047442557226,0.330373927472664
1991,11.7161757264818,-0.243599463582277,16,"Sockeye",-0.314237301484534,-0.310607540757207,-0.314237301486916
1992,13.0729782581329,1.11320306806882,16,"Sockeye",1.02843766258612,1.03200695099871,1.02843766258382
1993,12.8549053668976,0.895130176833467,16,"Sockeye",0.796237203770382,0.799729282186032,0.796237203768161
1994,12.503628219877,0.543853029812854,16,"Sockeye",0.430832489169338,0.434230600160367,0.430832489167218
1995,12.9392278535026,0.979452663438432,16,"Sockeye",0.852304555214497,0.855591921584409,0.852304555212488
1996,11.9836242539542,0.0238490638900929,16,"Sockeye",-0.117426611914345,-0.114266787154156,-0.117426611916231
1997,12.9424164295197,0.982641239455542,16,"Sockeye",0.827237996070712,0.830253462417096,0.827237996068963
1998,12.9769259861537,1.01715079608962,16,"Sockeye",0.847619985124271,0.85047425641393,0.847619985122668
1999,11.250898872103,-0.708876317961108,16,"Sockeye",-0.892534696506871,-0.889858476779114,-0.892534696508315
2000,12.3161041736603,0.356328983596162,16,"Sockeye",0.158543037469985,0.161024329244993,0.158543037468711
2001,11.5436230387007,-0.416152151363465,16,"Sockeye",-0.628065665070056,-0.625796197547794,-0.628065665071153
2002,11.5603755882808,-0.399399601783302,16,"Sockeye",-0.625440683070398,-0.623399956033495,-0.625440683071304
2003,12.6575793879373,0.697804197873159,16,"Sockeye",0.45763554900566,0.459430599368442,0.457635549004953
2004,13.1624470778874,1.20267188782328,16,"Sockeye",0.948375671375317,0.949908088895532,0.948375671374816
2005,12.980352810451,1.02057762038685,16,"Sockeye",0.752153836358476,0.753406644864432,0.752153836358191
2006,12.0542481967381,0.0944730066739904,16,"Sockeye",-0.188078344934866,-0.187122141641723,-0.188078344934928
2007,11.8347712584904,-0.125003931573694,16,"Sockeye",-0.421682850763009,-0.421040268931696,-0.421682850762839
2008,10.64023906844,-1.31953612162409,16,"Sockeye",-1.63034260839385,-1.63003068434753,-1.63034260839344
2009,11.2573212725776,-0.702453917486566,16,"Sockeye",-1.02738797183669,-1.02742376199633,-1.02738797183604
2010,11.9152426719666,-0.0445325180975572,16,"Sockeye",-0.383594140028135,-0.383994720936222,-0.383594140027235
2011,11.8752462182726,-0.084528971791507,16,"Sockeye",-0.437718161302577,-0.438500629646859,-0.437718161301424
2012,11.8035734721592,-0.156201717904874,16,"Sockeye",-0.523518474996419,-0.524699947633675,-0.523518474995006
2013,12.2663142340524,0.306539043988268,16,"Sockeye",-0.0749052806836619,-0.0765028946634772,-0.0749052806819872
2014,12.4263485499791,0.466573359914963,16,"Sockeye",0.0710014676625955,0.0689705550739816,0.0710014676645354
2015,13.3372294562204,1.37745426615624,16,"Sockeye",0.967754806323454,0.965273417619329,0.967754806325663
2016,13.4115802219936,1.45180503192946,16,"Sockeye",1.02797800451621,1.02502894192549,1.02797800451869
2017,12.4733383655548,0.513563175490684,16,"Sockeye",0.0756085804969702,0.0721746259602778,0.0756085804997202
2018,12.8180390426091,0.858263852544965,16,"Sockeye",0.406181689970828,0.402245605116608,0.406181689973852
2019,12.687186888286,0.727411698221927,16,"Sockeye",0.261201968067285,0.256746494187793,0.261201968070583
2020,12.3889573642186,0.429182174154456,16,"Sockeye",-0.0511551235805571,-0.0561472655532125,-0.0511551235769847
2021,12.0880483218602,0.128273131796055,16,"Sockeye",-0.3661917335194,-0.371737843037302,-0.366191733515551
2022,11.775698184967,-0.184077005097083,16,"Sockeye",-0.692669437993041,-0.698786834916486,-0.692669437988918
1950,10.4996659415109,-1.46010924855323,17,"Sockeye",-0.951516815657333,-0.9595782840086,-0.951516815653179
1951,11.1057878562382,-0.853987333825892,17,"Sockeye",-0.35952246851045,-0.366974881307975,-0.359522468506597
1952,11.2297064917428,-0.730068698321308,17,"Sockeye",-0.249731400586292,-0.256590705667776,-0.249731400582714
1953,11.7735470363072,-0.186228153756915,17,"Sockeye",0.279981576397666,0.273699412380767,0.279981576400971
1954,11.2220627239772,-0.737712466086892,17,"Sockeye",-0.285630303512777,-0.291351311952454,-0.285630303509748
1955,10.8908667564392,-1.06890843362491,17,"Sockeye",-0.630953838631218,-0.636129695839186,-0.630953838628463
1956,11.8710631643023,-0.088712025761842,17,"Sockeye",0.335115001651439,0.330468272449297,0.335115001653921
1957,12.3478749820164,0.388099791952307,17,"Sockeye",0.797799251785097,0.793665608460227,0.79779925178731
1958,13.2306014469692,1.27082625690504,17,"Sockeye",1.66639814915745,1.66276153065635,1.6663981491594
1959,11.9623036384583,0.00252844839413927,17,"Sockeye",0.383972773066113,0.380817099387995,0.383972773067791
1960,11.8328381947109,-0.126936995353238,17,"Sockeye",0.240379761738272,0.237688933912706,0.240379761739689
1961,12.305883373533,0.346108183468856,17,"Sockeye",0.699297372979929,0.697055273044482,0.699297372981087
1962,11.8123912811279,-0.147383908936194,17,"Sockeye",0.191677712994387,0.189868203972196,0.19167771299529
1963,12.5906221185412,0.630846928477051,17,"Sockeye",0.955780982827245,0.954387908704611,0.9557809828279
1964,11.2862903390612,-0.673484851002923,17,"Sockeye",-0.362678364233198,-0.363671178529296,-0.362678364232787
1965,10.9103071689606,-1.04946802110355,17,"Sockeye",-0.75278910191424,-0.753397850538606,-0.752789101914066
1966,11.7131859234401,-0.246589266624007,17,"Sockeye",0.035962084984819,0.0357211887730688,0.0359620849847619
1967,11.7375418458666,-0.222233344197497,17,"Sockeye",0.0461904398308764,0.0463011636457971,0.0461904398305943
1968,11.540483048984,-0.419292141080138,17,"Sockeye",-0.164995924632167,-0.164549832325935,-0.164995924632665
1969,11.3890583515167,-0.570716838547394,17,"Sockeye",-0.330548189679907,-0.329782999589714,-0.330548189680613
1970,11.3427294322423,-0.617045757821866,17,"Sockeye",-0.391004676534751,-0.389936678562558,-0.391004676535655
1971,10.7318995850427,-1.22787560502144,17,"Sockeye",-1.01596209131479,-1.01460759457982,-1.01596209131588
1972,11.3774076529912,-0.582367537072956,17,"Sockeye",-0.384581590946734,-0.382956923808134,-0.384581590948008
1973,11.5920849187034,-0.367690271360765,17,"Sockeye",-0.184031892814977,-0.182153402894524,-0.184031892816419
1974,11.3970979281834,-0.562677261880706,17,"Sockeye",-0.393146450915418,-0.391030505120225,-0.393146450917017
1975,11.243363073894,-0.716412116170159,17,"Sockeye",-0.56100887278526,-0.558671857330555,-0.561008872787008
1976,11.1267367090498,-0.833038481014356,17,"Sockeye",-0.691762805209903,-0.68922112564178,-0.691762805211788
1977,11.6366580554417,-0.323117134622406,17,"Sockeye",-0.195969026398445,-0.193239107616687,-0.195969026400455
1978,12.2922778470176,0.332502656953439,17,"Sockeye",0.445523197597012,0.448424911316115,0.445523197594893
1979,11.8755671977997,-0.0842079922644409,17,"Sockeye",0.0146849807986711,0.0177420257794463,0.0146849807964529
1980,12.0313435622624,0.0715683721982789,17,"Sockeye",0.156333777680928,0.159529670825457,0.156333777678622
1981,11.8230538708823,-0.136721319181807,17,"Sockeye",-0.0660834812796142,-0.0627652425144287,-0.0660834812819946
1982,11.316054889134,-0.643720300930118,17,"Sockeye",-0.587210030608356,-0.583785968233723,-0.587210030610796
1983,12.8505603585924,0.890785168528321,17,"Sockeye",0.933167871269602,0.936681215751404,0.933167871267115
1984,11.4281222139086,-0.531652976155516,17,"Sockeye",-0.503397840994641,-0.499811775422026,-0.503397840997161
1985,11.7059590135302,-0.253816176533928,17,"Sockeye",-0.239688608953483,-0.236046402843494,-0.239688608956026
1986,11.8420831475939,-0.117692042470208,17,"Sockeye",-0.117692042470224,-0.114010295936449,-0.117692042472774
1987,12.0379387991769,0.0781636091127776,17,"Sockeye",0.0640360415323329,0.067740708793103,0.0640360415297909
1988,11.8831453323364,-0.0766298577276872,17,"Sockeye",-0.104884992888609,-0.101174044203963,-0.104884992891131
1989,12.4161183834076,0.456343193343473,17,"Sockeye",0.413960490602149,0.417661061778116,0.413960490599662
1990,12.346659387861,0.386884197796865,17,"Sockeye",0.330373927475106,0.334047442557226,0.330373927472664
1991,11.7161757264818,-0.243599463582277,17,"Sockeye",-0.314237301484534,-0.310607540757207,-0.314237301486916
1992,13.0729782581329,1.11320306806882,17,"Sockeye",1.02843766258612,1.03200695099871,1.02843766258382
1993,12.8549053668976,0.895130176833467,17,"Sockeye",0.796237203770382,0.799729282186032,0.796237203768161
1994,12.503628219877,0.543853029812854,17,"Sockeye",0.430832489169338,0.434230600160367,0.430832489167218
1995,12.9392278535026,0.979452663438432,17,"Sockeye",0.852304555214497,0.855591921584409,0.852304555212488
1996,11.9836242539542,0.0238490638900929,17,"Sockeye",-0.117426611914345,-0.114266787154156,-0.117426611916231
1997,12.9424164295197,0.982641239455542,17,"Sockeye",0.827237996070712,0.830253462417096,0.827237996068963
1998,12.9769259861537,1.01715079608962,17,"Sockeye",0.847619985124271,0.85047425641393,0.847619985122668
1999,11.250898872103,-0.708876317961108,17,"Sockeye",-0.892534696506871,-0.889858476779114,-0.892534696508315
2000,12.3161041736603,0.356328983596162,17,"Sockeye",0.158543037469985,0.161024329244993,0.158543037468711
2001,11.5436230387007,-0.416152151363465,17,"Sockeye",-0.628065665070056,-0.625796197547794,-0.628065665071153
2002,11.5603755882808,-0.399399601783302,17,"Sockeye",-0.625440683070398,-0.623399956033495,-0.625440683071304
2003,12.6575793879373,0.697804197873159,17,"Sockeye",0.45763554900566,0.459430599368442,0.457635549004953
2004,13.1624470778874,1.20267188782328,17,"Sockeye",0.948375671375317,0.949908088895532,0.948375671374816
2005,12.980352810451,1.02057762038685,17,"Sockeye",0.752153836358476,0.753406644864432,0.752153836358191
2006,12.0542481967381,0.0944730066739904,17,"Sockeye",-0.188078344934866,-0.187122141641723,-0.188078344934928
2007,11.8347712584904,-0.125003931573694,17,"Sockeye",-0.421682850763009,-0.421040268931696,-0.421682850762839
2008,10.64023906844,-1.31953612162409,17,"Sockeye",-1.63034260839385,-1.63003068434753,-1.63034260839344
2009,11.2573212725776,-0.702453917486566,17,"Sockeye",-1.02738797183669,-1.02742376199633,-1.02738797183604
2010,11.9152426719666,-0.0445325180975572,17,"Sockeye",-0.383594140028135,-0.383994720936222,-0.383594140027235
2011,11.8752462182726,-0.084528971791507,17,"Sockeye",-0.437718161302577,-0.438500629646859,-0.437718161301424
2012,11.8035734721592,-0.156201717904874,17,"Sockeye",-0.523518474996419,-0.524699947633675,-0.523518474995006
2013,12.2663142340524,0.306539043988268,17,"Sockeye",-0.0749052806836619,-0.0765028946634772,-0.0749052806819872
2014,12.4263485499791,0.466573359914963,17,"Sockeye",0.0710014676625955,0.0689705550739816,0.0710014676645354
2015,13.3372294562204,1.37745426615624,17,"Sockeye",0.967754806323454,0.965273417619329,0.967754806325663
2016,13.4115802219936,1.45180503192946,17,"Sockeye",1.02797800451621,1.02502894192549,1.02797800451869
2017,12.4733383655548,0.513563175490684,17,"Sockeye",0.0756085804969702,0.0721746259602778,0.0756085804997202
2018,12.8180390426091,0.858263852544965,17,"Sockeye",0.406181689970828,0.402245605116608,0.406181689973852
2019,12.687186888286,0.727411698221927,17,"Sockeye",0.261201968067285,0.256746494187793,0.261201968070583
2020,12.3889573642186,0.429182174154456,17,"Sockeye",-0.0511551235805571,-0.0561472655532125,-0.0511551235769847
2021,12.0880483218602,0.128273131796055,17,"Sockeye",-0.3661917335194,-0.371737843037302,-0.366191733515551
2022,11.775698184967,-0.184077005097083,17,"Sockeye",-0.692669437993041,-0.698786834916486,-0.692669437988918
1950,10.4996659415109,-1.46010924855323,18,"Sockeye",-0.951516815657333,-0.9595782840086,-0.951516815653179
1951,11.1057878562382,-0.853987333825892,18,"Sockeye",-0.35952246851045,-0.366974881307975,-0.359522468506597
1952,11.2297064917428,-0.730068698321308,18,"Sockeye",-0.249731400586292,-0.256590705667776,-0.249731400582714
1953,11.7735470363072,-0.186228153756915,18,"Sockeye",0.279981576397666,0.273699412380767,0.279981576400971
1954,11.2220627239772,-0.737712466086892,18,"Sockeye",-0.285630303512777,-0.291351311952454,-0.285630303509748
1955,10.8908667564392,-1.06890843362491,18,"Sockeye",-0.630953838631218,-0.636129695839186,-0.630953838628463
1956,11.8710631643023,-0.088712025761842,18,"Sockeye",0.335115001651439,0.330468272449297,0.335115001653921
1957,12.3478749820164,0.388099791952307,18,"Sockeye",0.797799251785097,0.793665608460227,0.79779925178731
1958,13.2306014469692,1.27082625690504,18,"Sockeye",1.66639814915745,1.66276153065635,1.6663981491594
1959,11.9623036384583,0.00252844839413927,18,"Sockeye",0.383972773066113,0.380817099387995,0.383972773067791
1960,11.8328381947109,-0.126936995353238,18,"Sockeye",0.240379761738272,0.237688933912706,0.240379761739689
1961,12.305883373533,0.346108183468856,18,"Sockeye",0.699297372979929,0.697055273044482,0.699297372981087
1962,11.8123912811279,-0.147383908936194,18,"Sockeye",0.191677712994387,0.189868203972196,0.19167771299529
1963,12.5906221185412,0.630846928477051,18,"Sockeye",0.955780982827245,0.954387908704611,0.9557809828279
1964,11.2862903390612,-0.673484851002923,18,"Sockeye",-0.362678364233198,-0.363671178529296,-0.362678364232787
1965,10.9103071689606,-1.04946802110355,18,"Sockeye",-0.75278910191424,-0.753397850538606,-0.752789101914066
1966,11.7131859234401,-0.246589266624007,18,"Sockeye",0.035962084984819,0.0357211887730688,0.0359620849847619
1967,11.7375418458666,-0.222233344197497,18,"Sockeye",0.0461904398308764,0.0463011636457971,0.0461904398305943
1968,11.540483048984,-0.419292141080138,18,"Sockeye",-0.164995924632167,-0.164549832325935,-0.164995924632665
1969,11.3890583515167,-0.570716838547394,18,"Sockeye",-0.330548189679907,-0.329782999589714,-0.330548189680613
1970,11.3427294322423,-0.617045757821866,18,"Sockeye",-0.391004676534751,-0.389936678562558,-0.391004676535655
1971,10.7318995850427,-1.22787560502144,18,"Sockeye",-1.01596209131479,-1.01460759457982,-1.01596209131588
1972,11.3774076529912,-0.582367537072956,18,"Sockeye",-0.384581590946734,-0.382956923808134,-0.384581590948008
1973,11.5920849187034,-0.367690271360765,18,"Sockeye",-0.184031892814977,-0.182153402894524,-0.184031892816419
1974,11.3970979281834,-0.562677261880706,18,"Sockeye",-0.393146450915418,-0.391030505120225,-0.393146450917017
1975,11.243363073894,-0.716412116170159,18,"Sockeye",-0.56100887278526,-0.558671857330555,-0.561008872787008
1976,11.1267367090498,-0.833038481014356,18,"Sockeye",-0.691762805209903,-0.68922112564178,-0.691762805211788
1977,11.6366580554417,-0.323117134622406,18,"Sockeye",-0.195969026398445,-0.193239107616687,-0.195969026400455
1978,12.2922778470176,0.332502656953439,18,"Sockeye",0.445523197597012,0.448424911316115,0.445523197594893
1979,11.8755671977997,-0.0842079922644409,18,"Sockeye",0.0146849807986711,0.0177420257794463,0.0146849807964529
1980,12.0313435622624,0.0715683721982789,18,"Sockeye",0.156333777680928,0.159529670825457,0.156333777678622
1981,11.8230538708823,-0.136721319181807,18,"Sockeye",-0.0660834812796142,-0.0627652425144287,-0.0660834812819946
1982,11.316054889134,-0.643720300930118,18,"Sockeye",-0.587210030608356,-0.583785968233723,-0.587210030610796
1983,12.8505603585924,0.890785168528321,18,"Sockeye",0.933167871269602,0.936681215751404,0.933167871267115
1984,11.4281222139086,-0.531652976155516,18,"Sockeye",-0.503397840994641,-0.499811775422026,-0.503397840997161
1985,11.7059590135302,-0.253816176533928,18,"Sockeye",-0.239688608953483,-0.236046402843494,-0.239688608956026
1986,11.8420831475939,-0.117692042470208,18,"Sockeye",-0.117692042470224,-0.114010295936449,-0.117692042472774
1987,12.0379387991769,0.0781636091127776,18,"Sockeye",0.0640360415323329,0.067740708793103,0.0640360415297909
1988,11.8831453323364,-0.0766298577276872,18,"Sockeye",-0.104884992888609,-0.101174044203963,-0.104884992891131
1989,12.4161183834076,0.456343193343473,18,"Sockeye",0.413960490602149,0.417661061778116,0.413960490599662
1990,12.346659387861,0.386884197796865,18,"Sockeye",0.330373927475106,0.334047442557226,0.330373927472664
1991,11.7161757264818,-0.243599463582277,18,"Sockeye",-0.314237301484534,-0.310607540757207,-0.314237301486916
1992,13.0729782581329,1.11320306806882,18,"Sockeye",1.02843766258612,1.03200695099871,1.02843766258382
1993,12.8549053668976,0.895130176833467,18,"Sockeye",0.796237203770382,0.799729282186032,0.796237203768161
1994,12.503628219877,0.543853029812854,18,"Sockeye",0.430832489169338,0.434230600160367,0.430832489167218
1995,12.9392278535026,0.979452663438432,18,"Sockeye",0.852304555214497,0.855591921584409,0.852304555212488
1996,11.9836242539542,0.0238490638900929,18,"Sockeye",-0.117426611914345,-0.114266787154156,-0.117426611916231
1997,12.9424164295197,0.982641239455542,18,"Sockeye",0.827237996070712,0.830253462417096,0.827237996068963
1998,12.9769259861537,1.01715079608962,18,"Sockeye",0.847619985124271,0.85047425641393,0.847619985122668
1999,11.250898872103,-0.708876317961108,18,"Sockeye",-0.892534696506871,-0.889858476779114,-0.892534696508315
2000,12.3161041736603,0.356328983596162,18,"Sockeye",0.158543037469985,0.161024329244993,0.158543037468711
2001,11.5436230387007,-0.416152151363465,18,"Sockeye",-0.628065665070056,-0.625796197547794,-0.628065665071153
2002,11.5603755882808,-0.399399601783302,18,"Sockeye",-0.625440683070398,-0.623399956033495,-0.625440683071304
2003,12.6575793879373,0.697804197873159,18,"Sockeye",0.45763554900566,0.459430599368442,0.457635549004953
2004,13.1624470778874,1.20267188782328,18,"Sockeye",0.948375671375317,0.949908088895532,0.948375671374816
2005,12.980352810451,1.02057762038685,18,"Sockeye",0.752153836358476,0.753406644864432,0.752153836358191
2006,12.0542481967381,0.0944730066739904,18,"Sockeye",-0.188078344934866,-0.187122141641723,-0.188078344934928
2007,11.8347712584904,-0.125003931573694,18,"Sockeye",-0.421682850763009,-0.421040268931696,-0.421682850762839
2008,10.64023906844,-1.31953612162409,18,"Sockeye",-1.63034260839385,-1.63003068434753,-1.63034260839344
2009,11.2573212725776,-0.702453917486566,18,"Sockeye",-1.02738797183669,-1.02742376199633,-1.02738797183604
2010,11.9152426719666,-0.0445325180975572,18,"Sockeye",-0.383594140028135,-0.383994720936222,-0.383594140027235
2011,11.8752462182726,-0.084528971791507,18,"Sockeye",-0.437718161302577,-0.438500629646859,-0.437718161301424
2012,11.8035734721592,-0.156201717904874,18,"Sockeye",-0.523518474996419,-0.524699947633675,-0.523518474995006
2013,12.2663142340524,0.306539043988268,18,"Sockeye",-0.0749052806836619,-0.0765028946634772,-0.0749052806819872
2014,12.4263485499791,0.466573359914963,18,"Sockeye",0.0710014676625955,0.0689705550739816,0.0710014676645354
2015,13.3372294562204,1.37745426615624,18,"Sockeye",0.967754806323454,0.965273417619329,0.967754806325663
2016,13.4115802219936,1.45180503192946,18,"Sockeye",1.02797800451621,1.02502894192549,1.02797800451869
2017,12.4733383655548,0.513563175490684,18,"Sockeye",0.0756085804969702,0.0721746259602778,0.0756085804997202
2018,12.8180390426091,0.858263852544965,18,"Sockeye",0.406181689970828,0.402245605116608,0.406181689973852
2019,12.687186888286,0.727411698221927,18,"Sockeye",0.261201968067285,0.256746494187793,0.261201968070583
2020,12.3889573642186,0.429182174154456,18,"Sockeye",-0.0511551235805571,-0.0561472655532125,-0.0511551235769847
2021,12.0880483218602,0.128273131796055,18,"Sockeye",-0.3661917335194,-0.371737843037302,-0.366191733515551
2022,11.775698184967,-0.184077005097083,18,"Sockeye",-0.692669437993041,-0.698786834916486,-0.692669437988918
1950,10.4996659415109,-1.46010924855323,19,"Sockeye",-0.951516815657333,-0.9595782840086,-0.951516815653179
1951,11.1057878562382,-0.853987333825892,19,"Sockeye",-0.35952246851045,-0.366974881307975,-0.359522468506597
1952,11.2297064917428,-0.730068698321308,19,"Sockeye",-0.249731400586292,-0.256590705667776,-0.249731400582714
1953,11.7735470363072,-0.186228153756915,19,"Sockeye",0.279981576397666,0.273699412380767,0.279981576400971
1954,11.2220627239772,-0.737712466086892,19,"Sockeye",-0.285630303512777,-0.291351311952454,-0.285630303509748
1955,10.8908667564392,-1.06890843362491,19,"Sockeye",-0.630953838631218,-0.636129695839186,-0.630953838628463
1956,11.8710631643023,-0.088712025761842,19,"Sockeye",0.335115001651439,0.330468272449297,0.335115001653921
1957,12.3478749820164,0.388099791952307,19,"Sockeye",0.797799251785097,0.793665608460227,0.79779925178731
1958,13.2306014469692,1.27082625690504,19,"Sockeye",1.66639814915745,1.66276153065635,1.6663981491594
1959,11.9623036384583,0.00252844839413927,19,"Sockeye",0.383972773066113,0.380817099387995,0.383972773067791
1960,11.8328381947109,-0.126936995353238,19,"Sockeye",0.240379761738272,0.237688933912706,0.240379761739689
1961,12.305883373533,0.346108183468856,19,"Sockeye",0.699297372979929,0.697055273044482,0.699297372981087
1962,11.8123912811279,-0.147383908936194,19,"Sockeye",0.191677712994387,0.189868203972196,0.19167771299529
1963,12.5906221185412,0.630846928477051,19,"Sockeye",0.955780982827245,0.954387908704611,0.9557809828279
1964,11.2862903390612,-0.673484851002923,19,"Sockeye",-0.362678364233198,-0.363671178529296,-0.362678364232787
1965,10.9103071689606,-1.04946802110355,19,"Sockeye",-0.75278910191424,-0.753397850538606,-0.752789101914066
1966,11.7131859234401,-0.246589266624007,19,"Sockeye",0.035962084984819,0.0357211887730688,0.0359620849847619
1967,11.7375418458666,-0.222233344197497,19,"Sockeye",0.0461904398308764,0.0463011636457971,0.0461904398305943
1968,11.540483048984,-0.419292141080138,19,"Sockeye",-0.164995924632167,-0.164549832325935,-0.164995924632665
1969,11.3890583515167,-0.570716838547394,19,"Sockeye",-0.330548189679907,-0.329782999589714,-0.330548189680613
1970,11.3427294322423,-0.617045757821866,19,"Sockeye",-0.391004676534751,-0.389936678562558,-0.391004676535655
1971,10.7318995850427,-1.22787560502144,19,"Sockeye",-1.01596209131479,-1.01460759457982,-1.01596209131588
1972,11.3774076529912,-0.582367537072956,19,"Sockeye",-0.384581590946734,-0.382956923808134,-0.384581590948008
1973,11.5920849187034,-0.367690271360765,19,"Sockeye",-0.184031892814977,-0.182153402894524,-0.184031892816419
1974,11.3970979281834,-0.562677261880706,19,"Sockeye",-0.393146450915418,-0.391030505120225,-0.393146450917017
1975,11.243363073894,-0.716412116170159,19,"Sockeye",-0.56100887278526,-0.558671857330555,-0.561008872787008
1976,11.1267367090498,-0.833038481014356,19,"Sockeye",-0.691762805209903,-0.68922112564178,-0.691762805211788
1977,11.6366580554417,-0.323117134622406,19,"Sockeye",-0.195969026398445,-0.193239107616687,-0.195969026400455
1978,12.2922778470176,0.332502656953439,19,"Sockeye",0.445523197597012,0.448424911316115,0.445523197594893
1979,11.8755671977997,-0.0842079922644409,19,"Sockeye",0.0146849807986711,0.0177420257794463,0.0146849807964529
1980,12.0313435622624,0.0715683721982789,19,"Sockeye",0.156333777680928,0.159529670825457,0.156333777678622
1981,11.8230538708823,-0.136721319181807,19,"Sockeye",-0.0660834812796142,-0.0627652425144287,-0.0660834812819946
1982,11.316054889134,-0.643720300930118,19,"Sockeye",-0.587210030608356,-0.583785968233723,-0.587210030610796
1983,12.8505603585924,0.890785168528321,19,"Sockeye",0.933167871269602,0.936681215751404,0.933167871267115
1984,11.4281222139086,-0.531652976155516,19,"Sockeye",-0.503397840994641,-0.499811775422026,-0.503397840997161
1985,11.7059590135302,-0.253816176533928,19,"Sockeye",-0.239688608953483,-0.236046402843494,-0.239688608956026
1986,11.8420831475939,-0.117692042470208,19,"Sockeye",-0.117692042470224,-0.114010295936449,-0.117692042472774
1987,12.0379387991769,0.0781636091127776,19,"Sockeye",0.0640360415323329,0.067740708793103,0.0640360415297909
1988,11.8831453323364,-0.0766298577276872,19,"Sockeye",-0.104884992888609,-0.101174044203963,-0.104884992891131
1989,12.4161183834076,0.456343193343473,19,"Sockeye",0.413960490602149,0.417661061778116,0.413960490599662
1990,12.346659387861,0.386884197796865,19,"Sockeye",0.330373927475106,0.334047442557226,0.330373927472664
1991,11.7161757264818,-0.243599463582277,19,"Sockeye",-0.314237301484534,-0.310607540757207,-0.314237301486916
1992,13.0729782581329,1.11320306806882,19,"Sockeye",1.02843766258612,1.03200695099871,1.02843766258382
1993,12.8549053668976,0.895130176833467,19,"Sockeye",0.796237203770382,0.799729282186032,0.796237203768161
1994,12.503628219877,0.543853029812854,19,"Sockeye",0.430832489169338,0.434230600160367,0.430832489167218
1995,12.9392278535026,0.979452663438432,19,"Sockeye",0.852304555214497,0.855591921584409,0.852304555212488
1996,11.9836242539542,0.0238490638900929,19,"Sockeye",-0.117426611914345,-0.114266787154156,-0.117426611916231
1997,12.9424164295197,0.982641239455542,19,"Sockeye",0.827237996070712,0.830253462417096,0.827237996068963
1998,12.9769259861537,1.01715079608962,19,"Sockeye",0.847619985124271,0.85047425641393,0.847619985122668
1999,11.250898872103,-0.708876317961108,19,"Sockeye",-0.892534696506871,-0.889858476779114,-0.892534696508315
2000,12.3161041736603,0.356328983596162,19,"Sockeye",0.158543037469985,0.161024329244993,0.158543037468711
2001,11.5436230387007,-0.416152151363465,19,"Sockeye",-0.628065665070056,-0.625796197547794,-0.628065665071153
2002,11.5603755882808,-0.399399601783302,19,"Sockeye",-0.625440683070398,-0.623399956033495,-0.625440683071304
2003,12.6575793879373,0.697804197873159,19,"Sockeye",0.45763554900566,0.459430599368442,0.457635549004953
2004,13.1624470778874,1.20267188782328,19,"Sockeye",0.948375671375317,0.949908088895532,0.948375671374816
2005,12.980352810451,1.02057762038685,19,"Sockeye",0.752153836358476,0.753406644864432,0.752153836358191
2006,12.0542481967381,0.0944730066739904,19,"Sockeye",-0.188078344934866,-0.187122141641723,-0.188078344934928
2007,11.8347712584904,-0.125003931573694,19,"Sockeye",-0.421682850763009,-0.421040268931696,-0.421682850762839
2008,10.64023906844,-1.31953612162409,19,"Sockeye",-1.63034260839385,-1.63003068434753,-1.63034260839344
2009,11.2573212725776,-0.702453917486566,19,"Sockeye",-1.02738797183669,-1.02742376199633,-1.02738797183604
2010,11.9152426719666,-0.0445325180975572,19,"Sockeye",-0.383594140028135,-0.383994720936222,-0.383594140027235
2011,11.8752462182726,-0.084528971791507,19,"Sockeye",-0.437718161302577,-0.438500629646859,-0.437718161301424
2012,11.8035734721592,-0.156201717904874,19,"Sockeye",-0.523518474996419,-0.524699947633675,-0.523518474995006
2013,12.2663142340524,0.306539043988268,19,"Sockeye",-0.0749052806836619,-0.0765028946634772,-0.0749052806819872
2014,12.4263485499791,0.466573359914963,19,"Sockeye",0.0710014676625955,0.0689705550739816,0.0710014676645354
2015,13.3372294562204,1.37745426615624,19,"Sockeye",0.967754806323454,0.965273417619329,0.967754806325663
2016,13.4115802219936,1.45180503192946,19,"Sockeye",1.02797800451621,1.02502894192549,1.02797800451869
2017,12.4733383655548,0.513563175490684,19,"Sockeye",0.0756085804969702,0.0721746259602778,0.0756085804997202
2018,12.8180390426091,0.858263852544965,19,"Sockeye",0.406181689970828,0.402245605116608,0.406181689973852
2019,12.687186888286,0.727411698221927,19,"Sockeye",0.261201968067285,0.256746494187793,0.261201968070583
2020,12.3889573642186,0.429182174154456,19,"Sockeye",-0.0511551235805571,-0.0561472655532125,-0.0511551235769847
2021,12.0880483218602,0.128273131796055,19,"Sockeye",-0.3661917335194,-0.371737843037302,-0.366191733515551
2022,11.775698184967,-0.184077005097083,19,"Sockeye",-0.692669437993041,-0.698786834916486,-0.692669437988918
1950,10.4996659415109,-1.46010924855323,20,"Sockeye",-0.951516815657333,-0.9595782840086,-0.951516815653179
1951,11.1057878562382,-0.853987333825892,20,"Sockeye",-0.35952246851045,-0.366974881307975,-0.359522468506597
1952,11.2297064917428,-0.730068698321308,20,"Sockeye",-0.249731400586292,-0.256590705667776,-0.249731400582714
1953,11.7735470363072,-0.186228153756915,20,"Sockeye",0.279981576397666,0.273699412380767,0.279981576400971
1954,11.2220627239772,-0.737712466086892,20,"Sockeye",-0.285630303512777,-0.291351311952454,-0.285630303509748
1955,10.8908667564392,-1.06890843362491,20,"Sockeye",-0.630953838631218,-0.636129695839186,-0.630953838628463
1956,11.8710631643023,-0.088712025761842,20,"Sockeye",0.335115001651439,0.330468272449297,0.335115001653921
1957,12.3478749820164,0.388099791952307,20,"Sockeye",0.797799251785097,0.793665608460227,0.79779925178731
1958,13.2306014469692,1.27082625690504,20,"Sockeye",1.66639814915745,1.66276153065635,1.6663981491594
1959,11.9623036384583,0.00252844839413927,20,"Sockeye",0.383972773066113,0.380817099387995,0.383972773067791
1960,11.8328381947109,-0.126936995353238,20,"Sockeye",0.240379761738272,0.237688933912706,0.240379761739689
1961,12.305883373533,0.346108183468856,20,"Sockeye",0.699297372979929,0.697055273044482,0.699297372981087
1962,11.8123912811279,-0.147383908936194,20,"Sockeye",0.191677712994387,0.189868203972196,0.19167771299529
1963,12.5906221185412,0.630846928477051,20,"Sockeye",0.955780982827245,0.954387908704611,0.9557809828279
1964,11.2862903390612,-0.673484851002923,20,"Sockeye",-0.362678364233198,-0.363671178529296,-0.362678364232787
1965,10.9103071689606,-1.04946802110355,20,"Sockeye",-0.75278910191424,-0.753397850538606,-0.752789101914066
1966,11.7131859234401,-0.246589266624007,20,"Sockeye",0.035962084984819,0.0357211887730688,0.0359620849847619
1967,11.7375418458666,-0.222233344197497,20,"Sockeye",0.0461904398308764,0.0463011636457971,0.0461904398305943
1968,11.540483048984,-0.419292141080138,20,"Sockeye",-0.164995924632167,-0.164549832325935,-0.164995924632665
1969,11.3890583515167,-0.570716838547394,20,"Sockeye",-0.330548189679907,-0.329782999589714,-0.330548189680613
1970,11.3427294322423,-0.617045757821866,20,"Sockeye",-0.391004676534751,-0.389936678562558,-0.391004676535655
1971,10.7318995850427,-1.22787560502144,20,"Sockeye",-1.01596209131479,-1.01460759457982,-1.01596209131588
1972,11.3774076529912,-0.582367537072956,20,"Sockeye",-0.384581590946734,-0.382956923808134,-0.384581590948008
1973,11.5920849187034,-0.367690271360765,20,"Sockeye",-0.184031892814977,-0.182153402894524,-0.184031892816419
1974,11.3970979281834,-0.562677261880706,20,"Sockeye",-0.393146450915418,-0.391030505120225,-0.393146450917017
1975,11.243363073894,-0.716412116170159,20,"Sockeye",-0.56100887278526,-0.558671857330555,-0.561008872787008
1976,11.1267367090498,-0.833038481014356,20,"Sockeye",-0.691762805209903,-0.68922112564178,-0.691762805211788
1977,11.6366580554417,-0.323117134622406,20,"Sockeye",-0.195969026398445,-0.193239107616687,-0.195969026400455
1978,12.2922778470176,0.332502656953439,20,"Sockeye",0.445523197597012,0.448424911316115,0.445523197594893
1979,11.8755671977997,-0.0842079922644409,20,"Sockeye",0.0146849807986711,0.0177420257794463,0.0146849807964529
1980,12.0313435622624,0.0715683721982789,20,"Sockeye",0.156333777680928,0.159529670825457,0.156333777678622
1981,11.8230538708823,-0.136721319181807,20,"Sockeye",-0.0660834812796142,-0.0627652425144287,-0.0660834812819946
1982,11.316054889134,-0.643720300930118,20,"Sockeye",-0.587210030608356,-0.583785968233723,-0.587210030610796
1983,12.8505603585924,0.890785168528321,20,"Sockeye",0.933167871269602,0.936681215751404,0.933167871267115
1984,11.4281222139086,-0.531652976155516,20,"Sockeye",-0.503397840994641,-0.499811775422026,-0.503397840997161
1985,11.7059590135302,-0.253816176533928,20,"Sockeye",-0.239688608953483,-0.236046402843494,-0.239688608956026
1986,11.8420831475939,-0.117692042470208,20,"Sockeye",-0.117692042470224,-0.114010295936449,-0.117692042472774
1987,12.0379387991769,0.0781636091127776,20,"Sockeye",0.0640360415323329,0.067740708793103,0.0640360415297909
1988,11.8831453323364,-0.0766298577276872,20,"Sockeye",-0.104884992888609,-0.101174044203963,-0.104884992891131
1989,12.4161183834076,0.456343193343473,20,"Sockeye",0.413960490602149,0.417661061778116,0.413960490599662
1990,12.346659387861,0.386884197796865,20,"Sockeye",0.330373927475106,0.334047442557226,0.330373927472664
1991,11.7161757264818,-0.243599463582277,20,"Sockeye",-0.314237301484534,-0.310607540757207,-0.314237301486916
1992,13.0729782581329,1.11320306806882,20,"Sockeye",1.02843766258612,1.03200695099871,1.02843766258382
1993,12.8549053668976,0.895130176833467,20,"Sockeye",0.796237203770382,0.799729282186032,0.796237203768161
1994,12.503628219877,0.543853029812854,20,"Sockeye",0.430832489169338,0.434230600160367,0.430832489167218
1995,12.9392278535026,0.979452663438432,20,"Sockeye",0.852304555214497,0.855591921584409,0.852304555212488
1996,11.9836242539542,0.0238490638900929,20,"Sockeye",-0.117426611914345,-0.114266787154156,-0.117426611916231
1997,12.9424164295197,0.982641239455542,20,"Sockeye",0.827237996070712,0.830253462417096,0.827237996068963
1998,12.9769259861537,1.01715079608962,20,"Sockeye",0.847619985124271,0.85047425641393,0.847619985122668
1999,11.250898872103,-0.708876317961108,20,"Sockeye",-0.892534696506871,-0.889858476779114,-0.892534696508315
2000,12.3161041736603,0.356328983596162,20,"Sockeye",0.158543037469985,0.161024329244993,0.158543037468711
2001,11.5436230387007,-0.416152151363465,20,"Sockeye",-0.628065665070056,-0.625796197547794,-0.628065665071153
2002,11.5603755882808,-0.399399601783302,20,"Sockeye",-0.625440683070398,-0.623399956033495,-0.625440683071304
2003,12.6575793879373,0.697804197873159,20,"Sockeye",0.45763554900566,0.459430599368442,0.457635549004953
2004,13.1624470778874,1.20267188782328,20,"Sockeye",0.948375671375317,0.949908088895532,0.948375671374816
2005,12.980352810451,1.02057762038685,20,"Sockeye",0.752153836358476,0.753406644864432,0.752153836358191
2006,12.0542481967381,0.0944730066739904,20,"Sockeye",-0.188078344934866,-0.187122141641723,-0.188078344934928
2007,11.8347712584904,-0.125003931573694,20,"Sockeye",-0.421682850763009,-0.421040268931696,-0.421682850762839
2008,10.64023906844,-1.31953612162409,20,"Sockeye",-1.63034260839385,-1.63003068434753,-1.63034260839344
2009,11.2573212725776,-0.702453917486566,20,"Sockeye",-1.02738797183669,-1.02742376199633,-1.02738797183604
2010,11.9152426719666,-0.0445325180975572,20,"Sockeye",-0.383594140028135,-0.383994720936222,-0.383594140027235
2011,11.8752462182726,-0.084528971791507,20,"Sockeye",-0.437718161302577,-0.438500629646859,-0.437718161301424
2012,11.8035734721592,-0.156201717904874,20,"Sockeye",-0.523518474996419,-0.524699947633675,-0.523518474995006
2013,12.2663142340524,0.306539043988268,20,"Sockeye",-0.0749052806836619,-0.0765028946634772,-0.0749052806819872
2014,12.4263485499791,0.466573359914963,20,"Sockeye",0.0710014676625955,0.0689705550739816,0.0710014676645354
2015,13.3372294562204,1.37745426615624,20,"Sockeye",0.967754806323454,0.965273417619329,0.967754806325663
2016,13.4115802219936,1.45180503192946,20,"Sockeye",1.02797800451621,1.02502894192549,1.02797800451869
2017,12.4733383655548,0.513563175490684,20,"Sockeye",0.0756085804969702,0.0721746259602778,0.0756085804997202
2018,12.8180390426091,0.858263852544965,20,"Sockeye",0.406181689970828,0.402245605116608,0.406181689973852
2019,12.687186888286,0.727411698221927,20,"Sockeye",0.261201968067285,0.256746494187793,0.261201968070583
2020,12.3889573642186,0.429182174154456,20,"Sockeye",-0.0511551235805571,-0.0561472655532125,-0.0511551235769847
2021,12.0880483218602,0.128273131796055,20,"Sockeye",-0.3661917335194,-0.371737843037302,-0.366191733515551
2022,11.775698184967,-0.184077005097083,20,"Sockeye",-0.692669437993041,-0.698786834916486,-0.692669437988918
1950,10.4996659415109,-1.46010924855323,21,"Sockeye",-0.951516815657333,-0.9595782840086,-0.951516815653179
1951,11.1057878562382,-0.853987333825892,21,"Sockeye",-0.35952246851045,-0.366974881307975,-0.359522468506597
1952,11.2297064917428,-0.730068698321308,21,"Sockeye",-0.249731400586292,-0.256590705667776,-0.249731400582714
1953,11.7735470363072,-0.186228153756915,21,"Sockeye",0.279981576397666,0.273699412380767,0.279981576400971
1954,11.2220627239772,-0.737712466086892,21,"Sockeye",-0.285630303512777,-0.291351311952454,-0.285630303509748
1955,10.8908667564392,-1.06890843362491,21,"Sockeye",-0.630953838631218,-0.636129695839186,-0.630953838628463
1956,11.8710631643023,-0.088712025761842,21,"Sockeye",0.335115001651439,0.330468272449297,0.335115001653921
1957,12.3478749820164,0.388099791952307,21,"Sockeye",0.797799251785097,0.793665608460227,0.79779925178731
1958,13.2306014469692,1.27082625690504,21,"Sockeye",1.66639814915745,1.66276153065635,1.6663981491594
1959,11.9623036384583,0.00252844839413927,21,"Sockeye",0.383972773066113,0.380817099387995,0.383972773067791
1960,11.8328381947109,-0.126936995353238,21,"Sockeye",0.240379761738272,0.237688933912706,0.240379761739689
1961,12.305883373533,0.346108183468856,21,"Sockeye",0.699297372979929,0.697055273044482,0.699297372981087
1962,11.8123912811279,-0.147383908936194,21,"Sockeye",0.191677712994387,0.189868203972196,0.19167771299529
1963,12.5906221185412,0.630846928477051,21,"Sockeye",0.955780982827245,0.954387908704611,0.9557809828279
1964,11.2862903390612,-0.673484851002923,21,"Sockeye",-0.362678364233198,-0.363671178529296,-0.362678364232787
1965,10.9103071689606,-1.04946802110355,21,"Sockeye",-0.75278910191424,-0.753397850538606,-0.752789101914066
1966,11.7131859234401,-0.246589266624007,21,"Sockeye",0.035962084984819,0.0357211887730688,0.0359620849847619
1967,11.7375418458666,-0.222233344197497,21,"Sockeye",0.0461904398308764,0.0463011636457971,0.0461904398305943
1968,11.540483048984,-0.419292141080138,21,"Sockeye",-0.164995924632167,-0.164549832325935,-0.164995924632665
1969,11.3890583515167,-0.570716838547394,21,"Sockeye",-0.330548189679907,-0.329782999589714,-0.330548189680613
1970,11.3427294322423,-0.617045757821866,21,"Sockeye",-0.391004676534751,-0.389936678562558,-0.391004676535655
1971,10.7318995850427,-1.22787560502144,21,"Sockeye",-1.01596209131479,-1.01460759457982,-1.01596209131588
1972,11.3774076529912,-0.582367537072956,21,"Sockeye",-0.384581590946734,-0.382956923808134,-0.384581590948008
1973,11.5920849187034,-0.367690271360765,21,"Sockeye",-0.184031892814977,-0.182153402894524,-0.184031892816419
1974,11.3970979281834,-0.562677261880706,21,"Sockeye",-0.393146450915418,-0.391030505120225,-0.393146450917017
1975,11.243363073894,-0.716412116170159,21,"Sockeye",-0.56100887278526,-0.558671857330555,-0.561008872787008
1976,11.1267367090498,-0.833038481014356,21,"Sockeye",-0.691762805209903,-0.68922112564178,-0.691762805211788
1977,11.6366580554417,-0.323117134622406,21,"Sockeye",-0.195969026398445,-0.193239107616687,-0.195969026400455
1978,12.2922778470176,0.332502656953439,21,"Sockeye",0.445523197597012,0.448424911316115,0.445523197594893
1979,11.8755671977997,-0.0842079922644409,21,"Sockeye",0.0146849807986711,0.0177420257794463,0.0146849807964529
1980,12.0313435622624,0.0715683721982789,21,"Sockeye",0.156333777680928,0.159529670825457,0.156333777678622
1981,11.8230538708823,-0.136721319181807,21,"Sockeye",-0.0660834812796142,-0.0627652425144287,-0.0660834812819946
1982,11.316054889134,-0.643720300930118,21,"Sockeye",-0.587210030608356,-0.583785968233723,-0.587210030610796
1983,12.8505603585924,0.890785168528321,21,"Sockeye",0.933167871269602,0.936681215751404,0.933167871267115
1984,11.4281222139086,-0.531652976155516,21,"Sockeye",-0.503397840994641,-0.499811775422026,-0.503397840997161
1985,11.7059590135302,-0.253816176533928,21,"Sockeye",-0.239688608953483,-0.236046402843494,-0.239688608956026
1986,11.8420831475939,-0.117692042470208,21,"Sockeye",-0.117692042470224,-0.114010295936449,-0.117692042472774
1987,12.0379387991769,0.0781636091127776,21,"Sockeye",0.0640360415323329,0.067740708793103,0.0640360415297909
1988,11.8831453323364,-0.0766298577276872,21,"Sockeye",-0.104884992888609,-0.101174044203963,-0.104884992891131
1989,12.4161183834076,0.456343193343473,21,"Sockeye",0.413960490602149,0.417661061778116,0.413960490599662
1990,12.346659387861,0.386884197796865,21,"Sockeye",0.330373927475106,0.334047442557226,0.330373927472664
1991,11.7161757264818,-0.243599463582277,21,"Sockeye",-0.314237301484534,-0.310607540757207,-0.314237301486916
1992,13.0729782581329,1.11320306806882,21,"Sockeye",1.02843766258612,1.03200695099871,1.02843766258382
1993,12.8549053668976,0.895130176833467,21,"Sockeye",0.796237203770382,0.799729282186032,0.796237203768161
1994,12.503628219877,0.543853029812854,21,"Sockeye",0.430832489169338,0.434230600160367,0.430832489167218
1995,12.9392278535026,0.979452663438432,21,"Sockeye",0.852304555214497,0.855591921584409,0.852304555212488
1996,11.9836242539542,0.0238490638900929,21,"Sockeye",-0.117426611914345,-0.114266787154156,-0.117426611916231
1997,12.9424164295197,0.982641239455542,21,"Sockeye",0.827237996070712,0.830253462417096,0.827237996068963
1998,12.9769259861537,1.01715079608962,21,"Sockeye",0.847619985124271,0.85047425641393,0.847619985122668
1999,11.250898872103,-0.708876317961108,21,"Sockeye",-0.892534696506871,-0.889858476779114,-0.892534696508315
2000,12.3161041736603,0.356328983596162,21,"Sockeye",0.158543037469985,0.161024329244993,0.158543037468711
2001,11.5436230387007,-0.416152151363465,21,"Sockeye",-0.628065665070056,-0.625796197547794,-0.628065665071153
2002,11.5603755882808,-0.399399601783302,21,"Sockeye",-0.625440683070398,-0.623399956033495,-0.625440683071304
2003,12.6575793879373,0.697804197873159,21,"Sockeye",0.45763554900566,0.459430599368442,0.457635549004953
2004,13.1624470778874,1.20267188782328,21,"Sockeye",0.948375671375317,0.949908088895532,0.948375671374816
2005,12.980352810451,1.02057762038685,21,"Sockeye",0.752153836358476,0.753406644864432,0.752153836358191
2006,12.0542481967381,0.0944730066739904,21,"Sockeye",-0.188078344934866,-0.187122141641723,-0.188078344934928
2007,11.8347712584904,-0.125003931573694,21,"Sockeye",-0.421682850763009,-0.421040268931696,-0.421682850762839
2008,10.64023906844,-1.31953612162409,21,"Sockeye",-1.63034260839385,-1.63003068434753,-1.63034260839344
2009,11.2573212725776,-0.702453917486566,21,"Sockeye",-1.02738797183669,-1.02742376199633,-1.02738797183604
2010,11.9152426719666,-0.0445325180975572,21,"Sockeye",-0.383594140028135,-0.383994720936222,-0.383594140027235
2011,11.8752462182726,-0.084528971791507,21,"Sockeye",-0.437718161302577,-0.438500629646859,-0.437718161301424
2012,11.8035734721592,-0.156201717904874,21,"Sockeye",-0.523518474996419,-0.524699947633675,-0.523518474995006
2013,12.2663142340524,0.306539043988268,21,"Sockeye",-0.0749052806836619,-0.0765028946634772,-0.0749052806819872
2014,12.4263485499791,0.466573359914963,21,"Sockeye",0.0710014676625955,0.0689705550739816,0.0710014676645354
2015,13.3372294562204,1.37745426615624,21,"Sockeye",0.967754806323454,0.965273417619329,0.967754806325663
2016,13.4115802219936,1.45180503192946,21,"Sockeye",1.02797800451621,1.02502894192549,1.02797800451869
2017,12.4733383655548,0.513563175490684,21,"Sockeye",0.0756085804969702,0.0721746259602778,0.0756085804997202
2018,12.8180390426091,0.858263852544965,21,"Sockeye",0.406181689970828,0.402245605116608,0.406181689973852
2019,12.687186888286,0.727411698221927,21,"Sockeye",0.261201968067285,0.256746494187793,0.261201968070583
2020,12.3889573642186,0.429182174154456,21,"Sockeye",-0.0511551235805571,-0.0561472655532125,-0.0511551235769847
2021,12.0880483218602,0.128273131796055,21,"Sockeye",-0.3661917335194,-0.371737843037302,-0.366191733515551
2022,11.775698184967,-0.184077005097083,21,"Sockeye",-0.692669437993041,-0.698786834916486,-0.692669437988918
1950,10.4996659415109,-1.46010924855323,22,"Sockeye",-0.951516815657333,-0.9595782840086,-0.951516815653179
1951,11.1057878562382,-0.853987333825892,22,"Sockeye",-0.35952246851045,-0.366974881307975,-0.359522468506597
1952,11.2297064917428,-0.730068698321308,22,"Sockeye",-0.249731400586292,-0.256590705667776,-0.249731400582714
1953,11.7735470363072,-0.186228153756915,22,"Sockeye",0.279981576397666,0.273699412380767,0.279981576400971
1954,11.2220627239772,-0.737712466086892,22,"Sockeye",-0.285630303512777,-0.291351311952454,-0.285630303509748
1955,10.8908667564392,-1.06890843362491,22,"Sockeye",-0.630953838631218,-0.636129695839186,-0.630953838628463
1956,11.8710631643023,-0.088712025761842,22,"Sockeye",0.335115001651439,0.330468272449297,0.335115001653921
1957,12.3478749820164,0.388099791952307,22,"Sockeye",0.797799251785097,0.793665608460227,0.79779925178731
1958,13.2306014469692,1.27082625690504,22,"Sockeye",1.66639814915745,1.66276153065635,1.6663981491594
1959,11.9623036384583,0.00252844839413927,22,"Sockeye",0.383972773066113,0.380817099387995,0.383972773067791
1960,11.8328381947109,-0.126936995353238,22,"Sockeye",0.240379761738272,0.237688933912706,0.240379761739689
1961,12.305883373533,0.346108183468856,22,"Sockeye",0.699297372979929,0.697055273044482,0.699297372981087
1962,11.8123912811279,-0.147383908936194,22,"Sockeye",0.191677712994387,0.189868203972196,0.19167771299529
1963,12.5906221185412,0.630846928477051,22,"Sockeye",0.955780982827245,0.954387908704611,0.9557809828279
1964,11.2862903390612,-0.673484851002923,22,"Sockeye",-0.362678364233198,-0.363671178529296,-0.362678364232787
1965,10.9103071689606,-1.04946802110355,22,"Sockeye",-0.75278910191424,-0.753397850538606,-0.752789101914066
1966,11.7131859234401,-0.246589266624007,22,"Sockeye",0.035962084984819,0.0357211887730688,0.0359620849847619
1967,11.7375418458666,-0.222233344197497,22,"Sockeye",0.0461904398308764,0.0463011636457971,0.0461904398305943
1968,11.540483048984,-0.419292141080138,22,"Sockeye",-0.164995924632167,-0.164549832325935,-0.164995924632665
1969,11.3890583515167,-0.570716838547394,22,"Sockeye",-0.330548189679907,-0.329782999589714,-0.330548189680613
1970,11.3427294322423,-0.617045757821866,22,"Sockeye",-0.391004676534751,-0.389936678562558,-0.391004676535655
1971,10.7318995850427,-1.22787560502144,22,"Sockeye",-1.01596209131479,-1.01460759457982,-1.01596209131588
1972,11.3774076529912,-0.582367537072956,22,"Sockeye",-0.384581590946734,-0.382956923808134,-0.384581590948008
1973,11.5920849187034,-0.367690271360765,22,"Sockeye",-0.184031892814977,-0.182153402894524,-0.184031892816419
1974,11.3970979281834,-0.562677261880706,22,"Sockeye",-0.393146450915418,-0.391030505120225,-0.393146450917017
1975,11.243363073894,-0.716412116170159,22,"Sockeye",-0.56100887278526,-0.558671857330555,-0.561008872787008
1976,11.1267367090498,-0.833038481014356,22,"Sockeye",-0.691762805209903,-0.68922112564178,-0.691762805211788
1977,11.6366580554417,-0.323117134622406,22,"Sockeye",-0.195969026398445,-0.193239107616687,-0.195969026400455
1978,12.2922778470176,0.332502656953439,22,"Sockeye",0.445523197597012,0.448424911316115,0.445523197594893
1979,11.8755671977997,-0.0842079922644409,22,"Sockeye",0.0146849807986711,0.0177420257794463,0.0146849807964529
1980,12.0313435622624,0.0715683721982789,22,"Sockeye",0.156333777680928,0.159529670825457,0.156333777678622
1981,11.8230538708823,-0.136721319181807,22,"Sockeye",-0.0660834812796142,-0.0627652425144287,-0.0660834812819946
1982,11.316054889134,-0.643720300930118,22,"Sockeye",-0.587210030608356,-0.583785968233723,-0.587210030610796
1983,12.8505603585924,0.890785168528321,22,"Sockeye",0.933167871269602,0.936681215751404,0.933167871267115
1984,11.4281222139086,-0.531652976155516,22,"Sockeye",-0.503397840994641,-0.499811775422026,-0.503397840997161
1985,11.7059590135302,-0.253816176533928,22,"Sockeye",-0.239688608953483,-0.236046402843494,-0.239688608956026
1986,11.8420831475939,-0.117692042470208,22,"Sockeye",-0.117692042470224,-0.114010295936449,-0.117692042472774
1987,12.0379387991769,0.0781636091127776,22,"Sockeye",0.0640360415323329,0.067740708793103,0.0640360415297909
1988,11.8831453323364,-0.0766298577276872,22,"Sockeye",-0.104884992888609,-0.101174044203963,-0.104884992891131
1989,12.4161183834076,0.456343193343473,22,"Sockeye",0.413960490602149,0.417661061778116,0.413960490599662
1990,12.346659387861,0.386884197796865,22,"Sockeye",0.330373927475106,0.334047442557226,0.330373927472664
1991,11.7161757264818,-0.243599463582277,22,"Sockeye",-0.314237301484534,-0.310607540757207,-0.314237301486916
1992,13.0729782581329,1.11320306806882,22,"Sockeye",1.02843766258612,1.03200695099871,1.02843766258382
1993,12.8549053668976,0.895130176833467,22,"Sockeye",0.796237203770382,0.799729282186032,0.796237203768161
1994,12.503628219877,0.543853029812854,22,"Sockeye",0.430832489169338,0.434230600160367,0.430832489167218
1995,12.9392278535026,0.979452663438432,22,"Sockeye",0.852304555214497,0.855591921584409,0.852304555212488
1996,11.9836242539542,0.0238490638900929,22,"Sockeye",-0.117426611914345,-0.114266787154156,-0.117426611916231
1997,12.9424164295197,0.982641239455542,22,"Sockeye",0.827237996070712,0.830253462417096,0.827237996068963
1998,12.9769259861537,1.01715079608962,22,"Sockeye",0.847619985124271,0.85047425641393,0.847619985122668
1999,11.250898872103,-0.708876317961108,22,"Sockeye",-0.892534696506871,-0.889858476779114,-0.892534696508315
2000,12.3161041736603,0.356328983596162,22,"Sockeye",0.158543037469985,0.161024329244993,0.158543037468711
2001,11.5436230387007,-0.416152151363465,22,"Sockeye",-0.628065665070056,-0.625796197547794,-0.628065665071153
2002,11.5603755882808,-0.399399601783302,22,"Sockeye",-0.625440683070398,-0.623399956033495,-0.625440683071304
2003,12.6575793879373,0.697804197873159,22,"Sockeye",0.45763554900566,0.459430599368442,0.457635549004953
2004,13.1624470778874,1.20267188782328,22,"Sockeye",0.948375671375317,0.949908088895532,0.948375671374816
2005,12.980352810451,1.02057762038685,22,"Sockeye",0.752153836358476,0.753406644864432,0.752153836358191
2006,12.0542481967381,0.0944730066739904,22,"Sockeye",-0.188078344934866,-0.187122141641723,-0.188078344934928
2007,11.8347712584904,-0.125003931573694,22,"Sockeye",-0.421682850763009,-0.421040268931696,-0.421682850762839
2008,10.64023906844,-1.31953612162409,22,"Sockeye",-1.63034260839385,-1.63003068434753,-1.63034260839344
2009,11.2573212725776,-0.702453917486566,22,"Sockeye",-1.02738797183669,-1.02742376199633,-1.02738797183604
2010,11.9152426719666,-0.0445325180975572,22,"Sockeye",-0.383594140028135,-0.383994720936222,-0.383594140027235
2011,11.8752462182726,-0.084528971791507,22,"Sockeye",-0.437718161302577,-0.438500629646859,-0.437718161301424
2012,11.8035734721592,-0.156201717904874,22,"Sockeye",-0.523518474996419,-0.524699947633675,-0.523518474995006
2013,12.2663142340524,0.306539043988268,22,"Sockeye",-0.0749052806836619,-0.0765028946634772,-0.0749052806819872
2014,12.4263485499791,0.466573359914963,22,"Sockeye",0.0710014676625955,0.0689705550739816,0.0710014676645354
2015,13.3372294562204,1.37745426615624,22,"Sockeye",0.967754806323454,0.965273417619329,0.967754806325663
2016,13.4115802219936,1.45180503192946,22,"Sockeye",1.02797800451621,1.02502894192549,1.02797800451869
2017,12.4733383655548,0.513563175490684,22,"Sockeye",0.0756085804969702,0.0721746259602778,0.0756085804997202
2018,12.8180390426091,0.858263852544965,22,"Sockeye",0.406181689970828,0.402245605116608,0.406181689973852
2019,12.687186888286,0.727411698221927,22,"Sockeye",0.261201968067285,0.256746494187793,0.261201968070583
2020,12.3889573642186,0.429182174154456,22,"Sockeye",-0.0511551235805571,-0.0561472655532125,-0.0511551235769847
2021,12.0880483218602,0.128273131796055,22,"Sockeye",-0.3661917335194,-0.371737843037302,-0.366191733515551
2022,11.775698184967,-0.184077005097083,22,"Sockeye",-0.692669437993041,-0.698786834916486,-0.692669437988918
1950,10.4996659415109,-1.46010924855323,23,"Sockeye",-0.951516815657333,-0.9595782840086,-0.951516815653179
1951,11.1057878562382,-0.853987333825892,23,"Sockeye",-0.35952246851045,-0.366974881307975,-0.359522468506597
1952,11.2297064917428,-0.730068698321308,23,"Sockeye",-0.249731400586292,-0.256590705667776,-0.249731400582714
1953,11.7735470363072,-0.186228153756915,23,"Sockeye",0.279981576397666,0.273699412380767,0.279981576400971
1954,11.2220627239772,-0.737712466086892,23,"Sockeye",-0.285630303512777,-0.291351311952454,-0.285630303509748
1955,10.8908667564392,-1.06890843362491,23,"Sockeye",-0.630953838631218,-0.636129695839186,-0.630953838628463
1956,11.8710631643023,-0.088712025761842,23,"Sockeye",0.335115001651439,0.330468272449297,0.335115001653921
1957,12.3478749820164,0.388099791952307,23,"Sockeye",0.797799251785097,0.793665608460227,0.79779925178731
1958,13.2306014469692,1.27082625690504,23,"Sockeye",1.66639814915745,1.66276153065635,1.6663981491594
1959,11.9623036384583,0.00252844839413927,23,"Sockeye",0.383972773066113,0.380817099387995,0.383972773067791
1960,11.8328381947109,-0.126936995353238,23,"Sockeye",0.240379761738272,0.237688933912706,0.240379761739689
1961,12.305883373533,0.346108183468856,23,"Sockeye",0.699297372979929,0.697055273044482,0.699297372981087
1962,11.8123912811279,-0.147383908936194,23,"Sockeye",0.191677712994387,0.189868203972196,0.19167771299529
1963,12.5906221185412,0.630846928477051,23,"Sockeye",0.955780982827245,0.954387908704611,0.9557809828279
1964,11.2862903390612,-0.673484851002923,23,"Sockeye",-0.362678364233198,-0.363671178529296,-0.362678364232787
1965,10.9103071689606,-1.04946802110355,23,"Sockeye",-0.75278910191424,-0.753397850538606,-0.752789101914066
1966,11.7131859234401,-0.246589266624007,23,"Sockeye",0.035962084984819,0.0357211887730688,0.0359620849847619
1967,11.7375418458666,-0.222233344197497,23,"Sockeye",0.0461904398308764,0.0463011636457971,0.0461904398305943
1968,11.540483048984,-0.419292141080138,23,"Sockeye",-0.164995924632167,-0.164549832325935,-0.164995924632665
1969,11.3890583515167,-0.570716838547394,23,"Sockeye",-0.330548189679907,-0.329782999589714,-0.330548189680613
1970,11.3427294322423,-0.617045757821866,23,"Sockeye",-0.391004676534751,-0.389936678562558,-0.391004676535655
1971,10.7318995850427,-1.22787560502144,23,"Sockeye",-1.01596209131479,-1.01460759457982,-1.01596209131588
1972,11.3774076529912,-0.582367537072956,23,"Sockeye",-0.384581590946734,-0.382956923808134,-0.384581590948008
1973,11.5920849187034,-0.367690271360765,23,"Sockeye",-0.184031892814977,-0.182153402894524,-0.184031892816419
1974,11.3970979281834,-0.562677261880706,23,"Sockeye",-0.393146450915418,-0.391030505120225,-0.393146450917017
1975,11.243363073894,-0.716412116170159,23,"Sockeye",-0.56100887278526,-0.558671857330555,-0.561008872787008
1976,11.1267367090498,-0.833038481014356,23,"Sockeye",-0.691762805209903,-0.68922112564178,-0.691762805211788
1977,11.6366580554417,-0.323117134622406,23,"Sockeye",-0.195969026398445,-0.193239107616687,-0.195969026400455
1978,12.2922778470176,0.332502656953439,23,"Sockeye",0.445523197597012,0.448424911316115,0.445523197594893
1979,11.8755671977997,-0.0842079922644409,23,"Sockeye",0.0146849807986711,0.0177420257794463,0.0146849807964529
1980,12.0313435622624,0.0715683721982789,23,"Sockeye",0.156333777680928,0.159529670825457,0.156333777678622
1981,11.8230538708823,-0.136721319181807,23,"Sockeye",-0.0660834812796142,-0.0627652425144287,-0.0660834812819946
1982,11.316054889134,-0.643720300930118,23,"Sockeye",-0.587210030608356,-0.583785968233723,-0.587210030610796
1983,12.8505603585924,0.890785168528321,23,"Sockeye",0.933167871269602,0.936681215751404,0.933167871267115
1984,11.4281222139086,-0.531652976155516,23,"Sockeye",-0.503397840994641,-0.499811775422026,-0.503397840997161
1985,11.7059590135302,-0.253816176533928,23,"Sockeye",-0.239688608953483,-0.236046402843494,-0.239688608956026
1986,11.8420831475939,-0.117692042470208,23,"Sockeye",-0.117692042470224,-0.114010295936449,-0.117692042472774
1987,12.0379387991769,0.0781636091127776,23,"Sockeye",0.0640360415323329,0.067740708793103,0.0640360415297909
1988,11.8831453323364,-0.0766298577276872,23,"Sockeye",-0.104884992888609,-0.101174044203963,-0.104884992891131
1989,12.4161183834076,0.456343193343473,23,"Sockeye",0.413960490602149,0.417661061778116,0.413960490599662
1990,12.346659387861,0.386884197796865,23,"Sockeye",0.330373927475106,0.334047442557226,0.330373927472664
1991,11.7161757264818,-0.243599463582277,23,"Sockeye",-0.314237301484534,-0.310607540757207,-0.314237301486916
1992,13.0729782581329,1.11320306806882,23,"Sockeye",1.02843766258612,1.03200695099871,1.02843766258382
1993,12.8549053668976,0.895130176833467,23,"Sockeye",0.796237203770382,0.799729282186032,0.796237203768161
1994,12.503628219877,0.543853029812854,23,"Sockeye",0.430832489169338,0.434230600160367,0.430832489167218
1995,12.9392278535026,0.979452663438432,23,"Sockeye",0.852304555214497,0.855591921584409,0.852304555212488
1996,11.9836242539542,0.0238490638900929,23,"Sockeye",-0.117426611914345,-0.114266787154156,-0.117426611916231
1997,12.9424164295197,0.982641239455542,23,"Sockeye",0.827237996070712,0.830253462417096,0.827237996068963
1998,12.9769259861537,1.01715079608962,23,"Sockeye",0.847619985124271,0.85047425641393,0.847619985122668
1999,11.250898872103,-0.708876317961108,23,"Sockeye",-0.892534696506871,-0.889858476779114,-0.892534696508315
2000,12.3161041736603,0.356328983596162,23,"Sockeye",0.158543037469985,0.161024329244993,0.158543037468711
2001,11.5436230387007,-0.416152151363465,23,"Sockeye",-0.628065665070056,-0.625796197547794,-0.628065665071153
2002,11.5603755882808,-0.399399601783302,23,"Sockeye",-0.625440683070398,-0.623399956033495,-0.625440683071304
2003,12.6575793879373,0.697804197873159,23,"Sockeye",0.45763554900566,0.459430599368442,0.457635549004953
2004,13.1624470778874,1.20267188782328,23,"Sockeye",0.948375671375317,0.949908088895532,0.948375671374816
2005,12.980352810451,1.02057762038685,23,"Sockeye",0.752153836358476,0.753406644864432,0.752153836358191
2006,12.0542481967381,0.0944730066739904,23,"Sockeye",-0.188078344934866,-0.187122141641723,-0.188078344934928
2007,11.8347712584904,-0.125003931573694,23,"Sockeye",-0.421682850763009,-0.421040268931696,-0.421682850762839
2008,10.64023906844,-1.31953612162409,23,"Sockeye",-1.63034260839385,-1.63003068434753,-1.63034260839344
2009,11.2573212725776,-0.702453917486566,23,"Sockeye",-1.02738797183669,-1.02742376199633,-1.02738797183604
2010,11.9152426719666,-0.0445325180975572,23,"Sockeye",-0.383594140028135,-0.383994720936222,-0.383594140027235
2011,11.8752462182726,-0.084528971791507,23,"Sockeye",-0.437718161302577,-0.438500629646859,-0.437718161301424
2012,11.8035734721592,-0.156201717904874,23,"Sockeye",-0.523518474996419,-0.524699947633675,-0.523518474995006
2013,12.2663142340524,0.306539043988268,23,"Sockeye",-0.0749052806836619,-0.0765028946634772,-0.0749052806819872
2014,12.4263485499791,0.466573359914963,23,"Sockeye",0.0710014676625955,0.0689705550739816,0.0710014676645354
2015,13.3372294562204,1.37745426615624,23,"Sockeye",0.967754806323454,0.965273417619329,0.967754806325663
2016,13.4115802219936,1.45180503192946,23,"Sockeye",1.02797800451621,1.02502894192549,1.02797800451869
2017,12.4733383655548,0.513563175490684,23,"Sockeye",0.0756085804969702,0.0721746259602778,0.0756085804997202
2018,12.8180390426091,0.858263852544965,23,"Sockeye",0.406181689970828,0.402245605116608,0.406181689973852
2019,12.687186888286,0.727411698221927,23,"Sockeye",0.261201968067285,0.256746494187793,0.261201968070583
2020,12.3889573642186,0.429182174154456,23,"Sockeye",-0.0511551235805571,-0.0561472655532125,-0.0511551235769847
2021,12.0880483218602,0.128273131796055,23,"Sockeye",-0.3661917335194,-0.371737843037302,-0.366191733515551
2022,11.775698184967,-0.184077005097083,23,"Sockeye",-0.692669437993041,-0.698786834916486,-0.692669437988918
1950,10.4996659415109,-1.46010924855323,24,"Sockeye",-0.951516815657333,-0.9595782840086,-0.951516815653179
1951,11.1057878562382,-0.853987333825892,24,"Sockeye",-0.35952246851045,-0.366974881307975,-0.359522468506597
1952,11.2297064917428,-0.730068698321308,24,"Sockeye",-0.249731400586292,-0.256590705667776,-0.249731400582714
1953,11.7735470363072,-0.186228153756915,24,"Sockeye",0.279981576397666,0.273699412380767,0.279981576400971
1954,11.2220627239772,-0.737712466086892,24,"Sockeye",-0.285630303512777,-0.291351311952454,-0.285630303509748
1955,10.8908667564392,-1.06890843362491,24,"Sockeye",-0.630953838631218,-0.636129695839186,-0.630953838628463
1956,11.8710631643023,-0.088712025761842,24,"Sockeye",0.335115001651439,0.330468272449297,0.335115001653921
1957,12.3478749820164,0.388099791952307,24,"Sockeye",0.797799251785097,0.793665608460227,0.79779925178731
1958,13.2306014469692,1.27082625690504,24,"Sockeye",1.66639814915745,1.66276153065635,1.6663981491594
1959,11.9623036384583,0.00252844839413927,24,"Sockeye",0.383972773066113,0.380817099387995,0.383972773067791
1960,11.8328381947109,-0.126936995353238,24,"Sockeye",0.240379761738272,0.237688933912706,0.240379761739689
1961,12.305883373533,0.346108183468856,24,"Sockeye",0.699297372979929,0.697055273044482,0.699297372981087
1962,11.8123912811279,-0.147383908936194,24,"Sockeye",0.191677712994387,0.189868203972196,0.19167771299529
1963,12.5906221185412,0.630846928477051,24,"Sockeye",0.955780982827245,0.954387908704611,0.9557809828279
1964,11.2862903390612,-0.673484851002923,24,"Sockeye",-0.362678364233198,-0.363671178529296,-0.362678364232787
1965,10.9103071689606,-1.04946802110355,24,"Sockeye",-0.75278910191424,-0.753397850538606,-0.752789101914066
1966,11.7131859234401,-0.246589266624007,24,"Sockeye",0.035962084984819,0.0357211887730688,0.0359620849847619
1967,11.7375418458666,-0.222233344197497,24,"Sockeye",0.0461904398308764,0.0463011636457971,0.0461904398305943
1968,11.540483048984,-0.419292141080138,24,"Sockeye",-0.164995924632167,-0.164549832325935,-0.164995924632665
1969,11.3890583515167,-0.570716838547394,24,"Sockeye",-0.330548189679907,-0.329782999589714,-0.330548189680613
1970,11.3427294322423,-0.617045757821866,24,"Sockeye",-0.391004676534751,-0.389936678562558,-0.391004676535655
1971,10.7318995850427,-1.22787560502144,24,"Sockeye",-1.01596209131479,-1.01460759457982,-1.01596209131588
1972,11.3774076529912,-0.582367537072956,24,"Sockeye",-0.384581590946734,-0.382956923808134,-0.384581590948008
1973,11.5920849187034,-0.367690271360765,24,"Sockeye",-0.184031892814977,-0.182153402894524,-0.184031892816419
1974,11.3970979281834,-0.562677261880706,24,"Sockeye",-0.393146450915418,-0.391030505120225,-0.393146450917017
1975,11.243363073894,-0.716412116170159,24,"Sockeye",-0.56100887278526,-0.558671857330555,-0.561008872787008
1976,11.1267367090498,-0.833038481014356,24,"Sockeye",-0.691762805209903,-0.68922112564178,-0.691762805211788
1977,11.6366580554417,-0.323117134622406,24,"Sockeye",-0.195969026398445,-0.193239107616687,-0.195969026400455
1978,12.2922778470176,0.332502656953439,24,"Sockeye",0.445523197597012,0.448424911316115,0.445523197594893
1979,11.8755671977997,-0.0842079922644409,24,"Sockeye",0.0146849807986711,0.0177420257794463,0.0146849807964529
1980,12.0313435622624,0.0715683721982789,24,"Sockeye",0.156333777680928,0.159529670825457,0.156333777678622
1981,11.8230538708823,-0.136721319181807,24,"Sockeye",-0.0660834812796142,-0.0627652425144287,-0.0660834812819946
1982,11.316054889134,-0.643720300930118,24,"Sockeye",-0.587210030608356,-0.583785968233723,-0.587210030610796
1983,12.8505603585924,0.890785168528321,24,"Sockeye",0.933167871269602,0.936681215751404,0.933167871267115
1984,11.4281222139086,-0.531652976155516,24,"Sockeye",-0.503397840994641,-0.499811775422026,-0.503397840997161
1985,11.7059590135302,-0.253816176533928,24,"Sockeye",-0.239688608953483,-0.236046402843494,-0.239688608956026
1986,11.8420831475939,-0.117692042470208,24,"Sockeye",-0.117692042470224,-0.114010295936449,-0.117692042472774
1987,12.0379387991769,0.0781636091127776,24,"Sockeye",0.0640360415323329,0.067740708793103,0.0640360415297909
1988,11.8831453323364,-0.0766298577276872,24,"Sockeye",-0.104884992888609,-0.101174044203963,-0.104884992891131
1989,12.4161183834076,0.456343193343473,24,"Sockeye",0.413960490602149,0.417661061778116,0.413960490599662
1990,12.346659387861,0.386884197796865,24,"Sockeye",0.330373927475106,0.334047442557226,0.330373927472664
1991,11.7161757264818,-0.243599463582277,24,"Sockeye",-0.314237301484534,-0.310607540757207,-0.314237301486916
1992,13.0729782581329,1.11320306806882,24,"Sockeye",1.02843766258612,1.03200695099871,1.02843766258382
1993,12.8549053668976,0.895130176833467,24,"Sockeye",0.796237203770382,0.799729282186032,0.796237203768161
1994,12.503628219877,0.543853029812854,24,"Sockeye",0.430832489169338,0.434230600160367,0.430832489167218
1995,12.9392278535026,0.979452663438432,24,"Sockeye",0.852304555214497,0.855591921584409,0.852304555212488
1996,11.9836242539542,0.0238490638900929,24,"Sockeye",-0.117426611914345,-0.114266787154156,-0.117426611916231
1997,12.9424164295197,0.982641239455542,24,"Sockeye",0.827237996070712,0.830253462417096,0.827237996068963
1998,12.9769259861537,1.01715079608962,24,"Sockeye",0.847619985124271,0.85047425641393,0.847619985122668
1999,11.250898872103,-0.708876317961108,24,"Sockeye",-0.892534696506871,-0.889858476779114,-0.892534696508315
2000,12.3161041736603,0.356328983596162,24,"Sockeye",0.158543037469985,0.161024329244993,0.158543037468711
2001,11.5436230387007,-0.416152151363465,24,"Sockeye",-0.628065665070056,-0.625796197547794,-0.628065665071153
2002,11.5603755882808,-0.399399601783302,24,"Sockeye",-0.625440683070398,-0.623399956033495,-0.625440683071304
2003,12.6575793879373,0.697804197873159,24,"Sockeye",0.45763554900566,0.459430599368442,0.457635549004953
2004,13.1624470778874,1.20267188782328,24,"Sockeye",0.948375671375317,0.949908088895532,0.948375671374816
2005,12.980352810451,1.02057762038685,24,"Sockeye",0.752153836358476,0.753406644864432,0.752153836358191
2006,12.0542481967381,0.0944730066739904,24,"Sockeye",-0.188078344934866,-0.187122141641723,-0.188078344934928
2007,11.8347712584904,-0.125003931573694,24,"Sockeye",-0.421682850763009,-0.421040268931696,-0.421682850762839
2008,10.64023906844,-1.31953612162409,24,"Sockeye",-1.63034260839385,-1.63003068434753,-1.63034260839344
2009,11.2573212725776,-0.702453917486566,24,"Sockeye",-1.02738797183669,-1.02742376199633,-1.02738797183604
2010,11.9152426719666,-0.0445325180975572,24,"Sockeye",-0.383594140028135,-0.383994720936222,-0.383594140027235
2011,11.8752462182726,-0.084528971791507,24,"Sockeye",-0.437718161302577,-0.438500629646859,-0.437718161301424
2012,11.8035734721592,-0.156201717904874,24,"Sockeye",-0.523518474996419,-0.524699947633675,-0.523518474995006
2013,12.2663142340524,0.306539043988268,24,"Sockeye",-0.0749052806836619,-0.0765028946634772,-0.0749052806819872
2014,12.4263485499791,0.466573359914963,24,"Sockeye",0.0710014676625955,0.0689705550739816,0.0710014676645354
2015,13.3372294562204,1.37745426615624,24,"Sockeye",0.967754806323454,0.965273417619329,0.967754806325663
2016,13.4115802219936,1.45180503192946,24,"Sockeye",1.02797800451621,1.02502894192549,1.02797800451869
2017,12.4733383655548,0.513563175490684,24,"Sockeye",0.0756085804969702,0.0721746259602778,0.0756085804997202
2018,12.8180390426091,0.858263852544965,24,"Sockeye",0.406181689970828,0.402245605116608,0.406181689973852
2019,12.687186888286,0.727411698221927,24,"Sockeye",0.261201968067285,0.256746494187793,0.261201968070583
2020,12.3889573642186,0.429182174154456,24,"Sockeye",-0.0511551235805571,-0.0561472655532125,-0.0511551235769847
2021,12.0880483218602,0.128273131796055,24,"Sockeye",-0.3661917335194,-0.371737843037302,-0.366191733515551
2022,11.775698184967,-0.184077005097083,24,"Sockeye",-0.692669437993041,-0.698786834916486,-0.692669437988918
1950,10.4996659415109,-1.46010924855323,25,"Sockeye",-0.951516815657333,-0.9595782840086,-0.951516815653179
1951,11.1057878562382,-0.853987333825892,25,"Sockeye",-0.35952246851045,-0.366974881307975,-0.359522468506597
1952,11.2297064917428,-0.730068698321308,25,"Sockeye",-0.249731400586292,-0.256590705667776,-0.249731400582714
1953,11.7735470363072,-0.186228153756915,25,"Sockeye",0.279981576397666,0.273699412380767,0.279981576400971
1954,11.2220627239772,-0.737712466086892,25,"Sockeye",-0.285630303512777,-0.291351311952454,-0.285630303509748
1955,10.8908667564392,-1.06890843362491,25,"Sockeye",-0.630953838631218,-0.636129695839186,-0.630953838628463
1956,11.8710631643023,-0.088712025761842,25,"Sockeye",0.335115001651439,0.330468272449297,0.335115001653921
1957,12.3478749820164,0.388099791952307,25,"Sockeye",0.797799251785097,0.793665608460227,0.79779925178731
1958,13.2306014469692,1.27082625690504,25,"Sockeye",1.66639814915745,1.66276153065635,1.6663981491594
1959,11.9623036384583,0.00252844839413927,25,"Sockeye",0.383972773066113,0.380817099387995,0.383972773067791
1960,11.8328381947109,-0.126936995353238,25,"Sockeye",0.240379761738272,0.237688933912706,0.240379761739689
1961,12.305883373533,0.346108183468856,25,"Sockeye",0.699297372979929,0.697055273044482,0.699297372981087
1962,11.8123912811279,-0.147383908936194,25,"Sockeye",0.191677712994387,0.189868203972196,0.19167771299529
1963,12.5906221185412,0.630846928477051,25,"Sockeye",0.955780982827245,0.954387908704611,0.9557809828279
1964,11.2862903390612,-0.673484851002923,25,"Sockeye",-0.362678364233198,-0.363671178529296,-0.362678364232787
1965,10.9103071689606,-1.04946802110355,25,"Sockeye",-0.75278910191424,-0.753397850538606,-0.752789101914066
1966,11.7131859234401,-0.246589266624007,25,"Sockeye",0.035962084984819,0.0357211887730688,0.0359620849847619
1967,11.7375418458666,-0.222233344197497,25,"Sockeye",0.0461904398308764,0.0463011636457971,0.0461904398305943
1968,11.540483048984,-0.419292141080138,25,"Sockeye",-0.164995924632167,-0.164549832325935,-0.164995924632665
1969,11.3890583515167,-0.570716838547394,25,"Sockeye",-0.330548189679907,-0.329782999589714,-0.330548189680613
1970,11.3427294322423,-0.617045757821866,25,"Sockeye",-0.391004676534751,-0.389936678562558,-0.391004676535655
1971,10.7318995850427,-1.22787560502144,25,"Sockeye",-1.01596209131479,-1.01460759457982,-1.01596209131588
1972,11.3774076529912,-0.582367537072956,25,"Sockeye",-0.384581590946734,-0.382956923808134,-0.384581590948008
1973,11.5920849187034,-0.367690271360765,25,"Sockeye",-0.184031892814977,-0.182153402894524,-0.184031892816419
1974,11.3970979281834,-0.562677261880706,25,"Sockeye",-0.393146450915418,-0.391030505120225,-0.393146450917017
1975,11.243363073894,-0.716412116170159,25,"Sockeye",-0.56100887278526,-0.558671857330555,-0.561008872787008
1976,11.1267367090498,-0.833038481014356,25,"Sockeye",-0.691762805209903,-0.68922112564178,-0.691762805211788
1977,11.6366580554417,-0.323117134622406,25,"Sockeye",-0.195969026398445,-0.193239107616687,-0.195969026400455
1978,12.2922778470176,0.332502656953439,25,"Sockeye",0.445523197597012,0.448424911316115,0.445523197594893
1979,11.8755671977997,-0.0842079922644409,25,"Sockeye",0.0146849807986711,0.0177420257794463,0.0146849807964529
1980,12.0313435622624,0.0715683721982789,25,"Sockeye",0.156333777680928,0.159529670825457,0.156333777678622
1981,11.8230538708823,-0.136721319181807,25,"Sockeye",-0.0660834812796142,-0.0627652425144287,-0.0660834812819946
1982,11.316054889134,-0.643720300930118,25,"Sockeye",-0.587210030608356,-0.583785968233723,-0.587210030610796
1983,12.8505603585924,0.890785168528321,25,"Sockeye",0.933167871269602,0.936681215751404,0.933167871267115
1984,11.4281222139086,-0.531652976155516,25,"Sockeye",-0.503397840994641,-0.499811775422026,-0.503397840997161
1985,11.7059590135302,-0.253816176533928,25,"Sockeye",-0.239688608953483,-0.236046402843494,-0.239688608956026
1986,11.8420831475939,-0.117692042470208,25,"Sockeye",-0.117692042470224,-0.114010295936449,-0.117692042472774
1987,12.0379387991769,0.0781636091127776,25,"Sockeye",0.0640360415323329,0.067740708793103,0.0640360415297909
1988,11.8831453323364,-0.0766298577276872,25,"Sockeye",-0.104884992888609,-0.101174044203963,-0.104884992891131
1989,12.4161183834076,0.456343193343473,25,"Sockeye",0.413960490602149,0.417661061778116,0.413960490599662
1990,12.346659387861,0.386884197796865,25,"Sockeye",0.330373927475106,0.334047442557226,0.330373927472664
1991,11.7161757264818,-0.243599463582277,25,"Sockeye",-0.314237301484534,-0.310607540757207,-0.314237301486916
1992,13.0729782581329,1.11320306806882,25,"Sockeye",1.02843766258612,1.03200695099871,1.02843766258382
1993,12.8549053668976,0.895130176833467,25,"Sockeye",0.796237203770382,0.799729282186032,0.796237203768161
1994,12.503628219877,0.543853029812854,25,"Sockeye",0.430832489169338,0.434230600160367,0.430832489167218
1995,12.9392278535026,0.979452663438432,25,"Sockeye",0.852304555214497,0.855591921584409,0.852304555212488
1996,11.9836242539542,0.0238490638900929,25,"Sockeye",-0.117426611914345,-0.114266787154156,-0.117426611916231
1997,12.9424164295197,0.982641239455542,25,"Sockeye",0.827237996070712,0.830253462417096,0.827237996068963
1998,12.9769259861537,1.01715079608962,25,"Sockeye",0.847619985124271,0.85047425641393,0.847619985122668
1999,11.250898872103,-0.708876317961108,25,"Sockeye",-0.892534696506871,-0.889858476779114,-0.892534696508315
2000,12.3161041736603,0.356328983596162,25,"Sockeye",0.158543037469985,0.161024329244993,0.158543037468711
2001,11.5436230387007,-0.416152151363465,25,"Sockeye",-0.628065665070056,-0.625796197547794,-0.628065665071153
2002,11.5603755882808,-0.399399601783302,25,"Sockeye",-0.625440683070398,-0.623399956033495,-0.625440683071304
2003,12.6575793879373,0.697804197873159,25,"Sockeye",0.45763554900566,0.459430599368442,0.457635549004953
2004,13.1624470778874,1.20267188782328,25,"Sockeye",0.948375671375317,0.949908088895532,0.948375671374816
2005,12.980352810451,1.02057762038685,25,"Sockeye",0.752153836358476,0.753406644864432,0.752153836358191
2006,12.0542481967381,0.0944730066739904,25,"Sockeye",-0.188078344934866,-0.187122141641723,-0.188078344934928
2007,11.8347712584904,-0.125003931573694,25,"Sockeye",-0.421682850763009,-0.421040268931696,-0.421682850762839
2008,10.64023906844,-1.31953612162409,25,"Sockeye",-1.63034260839385,-1.63003068434753,-1.63034260839344
2009,11.2573212725776,-0.702453917486566,25,"Sockeye",-1.02738797183669,-1.02742376199633,-1.02738797183604
2010,11.9152426719666,-0.0445325180975572,25,"Sockeye",-0.383594140028135,-0.383994720936222,-0.383594140027235
2011,11.8752462182726,-0.084528971791507,25,"Sockeye",-0.437718161302577,-0.438500629646859,-0.437718161301424
2012,11.8035734721592,-0.156201717904874,25,"Sockeye",-0.523518474996419,-0.524699947633675,-0.523518474995006
2013,12.2663142340524,0.306539043988268,25,"Sockeye",-0.0749052806836619,-0.0765028946634772,-0.0749052806819872
2014,12.4263485499791,0.466573359914963,25,"Sockeye",0.0710014676625955,0.0689705550739816,0.0710014676645354
2015,13.3372294562204,1.37745426615624,25,"Sockeye",0.967754806323454,0.965273417619329,0.967754806325663
2016,13.4115802219936,1.45180503192946,25,"Sockeye",1.02797800451621,1.02502894192549,1.02797800451869
2017,12.4733383655548,0.513563175490684,25,"Sockeye",0.0756085804969702,0.0721746259602778,0.0756085804997202
2018,12.8180390426091,0.858263852544965,25,"Sockeye",0.406181689970828,0.402245605116608,0.406181689973852
2019,12.687186888286,0.727411698221927,25,"Sockeye",0.261201968067285,0.256746494187793,0.261201968070583
2020,12.3889573642186,0.429182174154456,25,"Sockeye",-0.0511551235805571,-0.0561472655532125,-0.0511551235769847
2021,12.0880483218602,0.128273131796055,25,"Sockeye",-0.3661917335194,-0.371737843037302,-0.366191733515551
2022,11.775698184967,-0.184077005097083,25,"Sockeye",-0.692669437993041,-0.698786834916486,-0.692669437988918
1950,10.4996659415109,-1.46010924855323,26,"Sockeye",-0.951516815657333,-0.9595782840086,-0.951516815653179
1951,11.1057878562382,-0.853987333825892,26,"Sockeye",-0.35952246851045,-0.366974881307975,-0.359522468506597
1952,11.2297064917428,-0.730068698321308,26,"Sockeye",-0.249731400586292,-0.256590705667776,-0.249731400582714
1953,11.7735470363072,-0.186228153756915,26,"Sockeye",0.279981576397666,0.273699412380767,0.279981576400971
1954,11.2220627239772,-0.737712466086892,26,"Sockeye",-0.285630303512777,-0.291351311952454,-0.285630303509748
1955,10.8908667564392,-1.06890843362491,26,"Sockeye",-0.630953838631218,-0.636129695839186,-0.630953838628463
1956,11.8710631643023,-0.088712025761842,26,"Sockeye",0.335115001651439,0.330468272449297,0.335115001653921
1957,12.3478749820164,0.388099791952307,26,"Sockeye",0.797799251785097,0.793665608460227,0.79779925178731
1958,13.2306014469692,1.27082625690504,26,"Sockeye",1.66639814915745,1.66276153065635,1.6663981491594
1959,11.9623036384583,0.00252844839413927,26,"Sockeye",0.383972773066113,0.380817099387995,0.383972773067791
1960,11.8328381947109,-0.126936995353238,26,"Sockeye",0.240379761738272,0.237688933912706,0.240379761739689
1961,12.305883373533,0.346108183468856,26,"Sockeye",0.699297372979929,0.697055273044482,0.699297372981087
1962,11.8123912811279,-0.147383908936194,26,"Sockeye",0.191677712994387,0.189868203972196,0.19167771299529
1963,12.5906221185412,0.630846928477051,26,"Sockeye",0.955780982827245,0.954387908704611,0.9557809828279
1964,11.2862903390612,-0.673484851002923,26,"Sockeye",-0.362678364233198,-0.363671178529296,-0.362678364232787
1965,10.9103071689606,-1.04946802110355,26,"Sockeye",-0.75278910191424,-0.753397850538606,-0.752789101914066
1966,11.7131859234401,-0.246589266624007,26,"Sockeye",0.035962084984819,0.0357211887730688,0.0359620849847619
1967,11.7375418458666,-0.222233344197497,26,"Sockeye",0.0461904398308764,0.0463011636457971,0.0461904398305943
1968,11.540483048984,-0.419292141080138,26,"Sockeye",-0.164995924632167,-0.164549832325935,-0.164995924632665
1969,11.3890583515167,-0.570716838547394,26,"Sockeye",-0.330548189679907,-0.329782999589714,-0.330548189680613
1970,11.3427294322423,-0.617045757821866,26,"Sockeye",-0.391004676534751,-0.389936678562558,-0.391004676535655
1971,10.7318995850427,-1.22787560502144,26,"Sockeye",-1.01596209131479,-1.01460759457982,-1.01596209131588
1972,11.3774076529912,-0.582367537072956,26,"Sockeye",-0.384581590946734,-0.382956923808134,-0.384581590948008
1973,11.5920849187034,-0.367690271360765,26,"Sockeye",-0.184031892814977,-0.182153402894524,-0.184031892816419
1974,11.3970979281834,-0.562677261880706,26,"Sockeye",-0.393146450915418,-0.391030505120225,-0.393146450917017
1975,11.243363073894,-0.716412116170159,26,"Sockeye",-0.56100887278526,-0.558671857330555,-0.561008872787008
1976,11.1267367090498,-0.833038481014356,26,"Sockeye",-0.691762805209903,-0.68922112564178,-0.691762805211788
1977,11.6366580554417,-0.323117134622406,26,"Sockeye",-0.195969026398445,-0.193239107616687,-0.195969026400455
1978,12.2922778470176,0.332502656953439,26,"Sockeye",0.445523197597012,0.448424911316115,0.445523197594893
1979,11.8755671977997,-0.0842079922644409,26,"Sockeye",0.0146849807986711,0.0177420257794463,0.0146849807964529
1980,12.0313435622624,0.0715683721982789,26,"Sockeye",0.156333777680928,0.159529670825457,0.156333777678622
1981,11.8230538708823,-0.136721319181807,26,"Sockeye",-0.0660834812796142,-0.0627652425144287,-0.0660834812819946
1982,11.316054889134,-0.643720300930118,26,"Sockeye",-0.587210030608356,-0.583785968233723,-0.587210030610796
1983,12.8505603585924,0.890785168528321,26,"Sockeye",0.933167871269602,0.936681215751404,0.933167871267115
1984,11.4281222139086,-0.531652976155516,26,"Sockeye",-0.503397840994641,-0.499811775422026,-0.503397840997161
1985,11.7059590135302,-0.253816176533928,26,"Sockeye",-0.239688608953483,-0.236046402843494,-0.239688608956026
1986,11.8420831475939,-0.117692042470208,26,"Sockeye",-0.117692042470224,-0.114010295936449,-0.117692042472774
1987,12.0379387991769,0.0781636091127776,26,"Sockeye",0.0640360415323329,0.067740708793103,0.0640360415297909
1988,11.8831453323364,-0.0766298577276872,26,"Sockeye",-0.104884992888609,-0.101174044203963,-0.104884992891131
1989,12.4161183834076,0.456343193343473,26,"Sockeye",0.413960490602149,0.417661061778116,0.413960490599662
1990,12.346659387861,0.386884197796865,26,"Sockeye",0.330373927475106,0.334047442557226,0.330373927472664
1991,11.7161757264818,-0.243599463582277,26,"Sockeye",-0.314237301484534,-0.310607540757207,-0.314237301486916
1992,13.0729782581329,1.11320306806882,26,"Sockeye",1.02843766258612,1.03200695099871,1.02843766258382
1993,12.8549053668976,0.895130176833467,26,"Sockeye",0.796237203770382,0.799729282186032,0.796237203768161
1994,12.503628219877,0.543853029812854,26,"Sockeye",0.430832489169338,0.434230600160367,0.430832489167218
1995,12.9392278535026,0.979452663438432,26,"Sockeye",0.852304555214497,0.855591921584409,0.852304555212488
1996,11.9836242539542,0.0238490638900929,26,"Sockeye",-0.117426611914345,-0.114266787154156,-0.117426611916231
1997,12.9424164295197,0.982641239455542,26,"Sockeye",0.827237996070712,0.830253462417096,0.827237996068963
1998,12.9769259861537,1.01715079608962,26,"Sockeye",0.847619985124271,0.85047425641393,0.847619985122668
1999,11.250898872103,-0.708876317961108,26,"Sockeye",-0.892534696506871,-0.889858476779114,-0.892534696508315
2000,12.3161041736603,0.356328983596162,26,"Sockeye",0.158543037469985,0.161024329244993,0.158543037468711
2001,11.5436230387007,-0.416152151363465,26,"Sockeye",-0.628065665070056,-0.625796197547794,-0.628065665071153
2002,11.5603755882808,-0.399399601783302,26,"Sockeye",-0.625440683070398,-0.623399956033495,-0.625440683071304
2003,12.6575793879373,0.697804197873159,26,"Sockeye",0.45763554900566,0.459430599368442,0.457635549004953
2004,13.1624470778874,1.20267188782328,26,"Sockeye",0.948375671375317,0.949908088895532,0.948375671374816
2005,12.980352810451,1.02057762038685,26,"Sockeye",0.752153836358476,0.753406644864432,0.752153836358191
2006,12.0542481967381,0.0944730066739904,26,"Sockeye",-0.188078344934866,-0.187122141641723,-0.188078344934928
2007,11.8347712584904,-0.125003931573694,26,"Sockeye",-0.421682850763009,-0.421040268931696,-0.421682850762839
2008,10.64023906844,-1.31953612162409,26,"Sockeye",-1.63034260839385,-1.63003068434753,-1.63034260839344
2009,11.2573212725776,-0.702453917486566,26,"Sockeye",-1.02738797183669,-1.02742376199633,-1.02738797183604
2010,11.9152426719666,-0.0445325180975572,26,"Sockeye",-0.383594140028135,-0.383994720936222,-0.383594140027235
2011,11.8752462182726,-0.084528971791507,26,"Sockeye",-0.437718161302577,-0.438500629646859,-0.437718161301424
2012,11.8035734721592,-0.156201717904874,26,"Sockeye",-0.523518474996419,-0.524699947633675,-0.523518474995006
2013,12.2663142340524,0.306539043988268,26,"Sockeye",-0.0749052806836619,-0.0765028946634772,-0.0749052806819872
2014,12.4263485499791,0.466573359914963,26,"Sockeye",0.0710014676625955,0.0689705550739816,0.0710014676645354
2015,13.3372294562204,1.37745426615624,26,"Sockeye",0.967754806323454,0.965273417619329,0.967754806325663
2016,13.4115802219936,1.45180503192946,26,"Sockeye",1.02797800451621,1.02502894192549,1.02797800451869
2017,12.4733383655548,0.513563175490684,26,"Sockeye",0.0756085804969702,0.0721746259602778,0.0756085804997202
2018,12.8180390426091,0.858263852544965,26,"Sockeye",0.406181689970828,0.402245605116608,0.406181689973852
2019,12.687186888286,0.727411698221927,26,"Sockeye",0.261201968067285,0.256746494187793,0.261201968070583
2020,12.3889573642186,0.429182174154456,26,"Sockeye",-0.0511551235805571,-0.0561472655532125,-0.0511551235769847
2021,12.0880483218602,0.128273131796055,26,"Sockeye",-0.3661917335194,-0.371737843037302,-0.366191733515551
2022,11.775698184967,-0.184077005097083,26,"Sockeye",-0.692669437993041,-0.698786834916486,-0.692669437988918
1950,10.4996659415109,-1.46010924855323,27,"Sockeye",-0.951516815657333,-0.9595782840086,-0.951516815653179
1951,11.1057878562382,-0.853987333825892,27,"Sockeye",-0.35952246851045,-0.366974881307975,-0.359522468506597
1952,11.2297064917428,-0.730068698321308,27,"Sockeye",-0.249731400586292,-0.256590705667776,-0.249731400582714
1953,11.7735470363072,-0.186228153756915,27,"Sockeye",0.279981576397666,0.273699412380767,0.279981576400971
1954,11.2220627239772,-0.737712466086892,27,"Sockeye",-0.285630303512777,-0.291351311952454,-0.285630303509748
1955,10.8908667564392,-1.06890843362491,27,"Sockeye",-0.630953838631218,-0.636129695839186,-0.630953838628463
1956,11.8710631643023,-0.088712025761842,27,"Sockeye",0.335115001651439,0.330468272449297,0.335115001653921
1957,12.3478749820164,0.388099791952307,27,"Sockeye",0.797799251785097,0.793665608460227,0.79779925178731
1958,13.2306014469692,1.27082625690504,27,"Sockeye",1.66639814915745,1.66276153065635,1.6663981491594
1959,11.9623036384583,0.00252844839413927,27,"Sockeye",0.383972773066113,0.380817099387995,0.383972773067791
1960,11.8328381947109,-0.126936995353238,27,"Sockeye",0.240379761738272,0.237688933912706,0.240379761739689
1961,12.305883373533,0.346108183468856,27,"Sockeye",0.699297372979929,0.697055273044482,0.699297372981087
1962,11.8123912811279,-0.147383908936194,27,"Sockeye",0.191677712994387,0.189868203972196,0.19167771299529
1963,12.5906221185412,0.630846928477051,27,"Sockeye",0.955780982827245,0.954387908704611,0.9557809828279
1964,11.2862903390612,-0.673484851002923,27,"Sockeye",-0.362678364233198,-0.363671178529296,-0.362678364232787
1965,10.9103071689606,-1.04946802110355,27,"Sockeye",-0.75278910191424,-0.753397850538606,-0.752789101914066
1966,11.7131859234401,-0.246589266624007,27,"Sockeye",0.035962084984819,0.0357211887730688,0.0359620849847619
1967,11.7375418458666,-0.222233344197497,27,"Sockeye",0.0461904398308764,0.0463011636457971,0.0461904398305943
1968,11.540483048984,-0.419292141080138,27,"Sockeye",-0.164995924632167,-0.164549832325935,-0.164995924632665
1969,11.3890583515167,-0.570716838547394,27,"Sockeye",-0.330548189679907,-0.329782999589714,-0.330548189680613
1970,11.3427294322423,-0.617045757821866,27,"Sockeye",-0.391004676534751,-0.389936678562558,-0.391004676535655
1971,10.7318995850427,-1.22787560502144,27,"Sockeye",-1.01596209131479,-1.01460759457982,-1.01596209131588
1972,11.3774076529912,-0.582367537072956,27,"Sockeye",-0.384581590946734,-0.382956923808134,-0.384581590948008
1973,11.5920849187034,-0.367690271360765,27,"Sockeye",-0.184031892814977,-0.182153402894524,-0.184031892816419
1974,11.3970979281834,-0.562677261880706,27,"Sockeye",-0.393146450915418,-0.391030505120225,-0.393146450917017
1975,11.243363073894,-0.716412116170159,27,"Sockeye",-0.56100887278526,-0.558671857330555,-0.561008872787008
1976,11.1267367090498,-0.833038481014356,27,"Sockeye",-0.691762805209903,-0.68922112564178,-0.691762805211788
1977,11.6366580554417,-0.323117134622406,27,"Sockeye",-0.195969026398445,-0.193239107616687,-0.195969026400455
1978,12.2922778470176,0.332502656953439,27,"Sockeye",0.445523197597012,0.448424911316115,0.445523197594893
1979,11.8755671977997,-0.0842079922644409,27,"Sockeye",0.0146849807986711,0.0177420257794463,0.0146849807964529
1980,12.0313435622624,0.0715683721982789,27,"Sockeye",0.156333777680928,0.159529670825457,0.156333777678622
1981,11.8230538708823,-0.136721319181807,27,"Sockeye",-0.0660834812796142,-0.0627652425144287,-0.0660834812819946
1982,11.316054889134,-0.643720300930118,27,"Sockeye",-0.587210030608356,-0.583785968233723,-0.587210030610796
1983,12.8505603585924,0.890785168528321,27,"Sockeye",0.933167871269602,0.936681215751404,0.933167871267115
1984,11.4281222139086,-0.531652976155516,27,"Sockeye",-0.503397840994641,-0.499811775422026,-0.503397840997161
1985,11.7059590135302,-0.253816176533928,27,"Sockeye",-0.239688608953483,-0.236046402843494,-0.239688608956026
1986,11.8420831475939,-0.117692042470208,27,"Sockeye",-0.117692042470224,-0.114010295936449,-0.117692042472774
1987,12.0379387991769,0.0781636091127776,27,"Sockeye",0.0640360415323329,0.067740708793103,0.0640360415297909
1988,11.8831453323364,-0.0766298577276872,27,"Sockeye",-0.104884992888609,-0.101174044203963,-0.104884992891131
1989,12.4161183834076,0.456343193343473,27,"Sockeye",0.413960490602149,0.417661061778116,0.413960490599662
1990,12.346659387861,0.386884197796865,27,"Sockeye",0.330373927475106,0.334047442557226,0.330373927472664
1991,11.7161757264818,-0.243599463582277,27,"Sockeye",-0.314237301484534,-0.310607540757207,-0.314237301486916
1992,13.0729782581329,1.11320306806882,27,"Sockeye",1.02843766258612,1.03200695099871,1.02843766258382
1993,12.8549053668976,0.895130176833467,27,"Sockeye",0.796237203770382,0.799729282186032,0.796237203768161
1994,12.503628219877,0.543853029812854,27,"Sockeye",0.430832489169338,0.434230600160367,0.430832489167218
1995,12.9392278535026,0.979452663438432,27,"Sockeye",0.852304555214497,0.855591921584409,0.852304555212488
1996,11.9836242539542,0.0238490638900929,27,"Sockeye",-0.117426611914345,-0.114266787154156,-0.117426611916231
1997,12.9424164295197,0.982641239455542,27,"Sockeye",0.827237996070712,0.830253462417096,0.827237996068963
1998,12.9769259861537,1.01715079608962,27,"Sockeye",0.847619985124271,0.85047425641393,0.847619985122668
1999,11.250898872103,-0.708876317961108,27,"Sockeye",-0.892534696506871,-0.889858476779114,-0.892534696508315
2000,12.3161041736603,0.356328983596162,27,"Sockeye",0.158543037469985,0.161024329244993,0.158543037468711
2001,11.5436230387007,-0.416152151363465,27,"Sockeye",-0.628065665070056,-0.625796197547794,-0.628065665071153
2002,11.5603755882808,-0.399399601783302,27,"Sockeye",-0.625440683070398,-0.623399956033495,-0.625440683071304
2003,12.6575793879373,0.697804197873159,27,"Sockeye",0.45763554900566,0.459430599368442,0.457635549004953
2004,13.1624470778874,1.20267188782328,27,"Sockeye",0.948375671375317,0.949908088895532,0.948375671374816
2005,12.980352810451,1.02057762038685,27,"Sockeye",0.752153836358476,0.753406644864432,0.752153836358191
2006,12.0542481967381,0.0944730066739904,27,"Sockeye",-0.188078344934866,-0.187122141641723,-0.188078344934928
2007,11.8347712584904,-0.125003931573694,27,"Sockeye",-0.421682850763009,-0.421040268931696,-0.421682850762839
2008,10.64023906844,-1.31953612162409,27,"Sockeye",-1.63034260839385,-1.63003068434753,-1.63034260839344
2009,11.2573212725776,-0.702453917486566,27,"Sockeye",-1.02738797183669,-1.02742376199633,-1.02738797183604
2010,11.9152426719666,-0.0445325180975572,27,"Sockeye",-0.383594140028135,-0.383994720936222,-0.383594140027235
2011,11.8752462182726,-0.084528971791507,27,"Sockeye",-0.437718161302577,-0.438500629646859,-0.437718161301424
2012,11.8035734721592,-0.156201717904874,27,"Sockeye",-0.523518474996419,-0.524699947633675,-0.523518474995006
2013,12.2663142340524,0.306539043988268,27,"Sockeye",-0.0749052806836619,-0.0765028946634772,-0.0749052806819872
2014,12.4263485499791,0.466573359914963,27,"Sockeye",0.0710014676625955,0.0689705550739816,0.0710014676645354
2015,13.3372294562204,1.37745426615624,27,"Sockeye",0.967754806323454,0.965273417619329,0.967754806325663
2016,13.4115802219936,1.45180503192946,27,"Sockeye",1.02797800451621,1.02502894192549,1.02797800451869
2017,12.4733383655548,0.513563175490684,27,"Sockeye",0.0756085804969702,0.0721746259602778,0.0756085804997202
2018,12.8180390426091,0.858263852544965,27,"Sockeye",0.406181689970828,0.402245605116608,0.406181689973852
2019,12.687186888286,0.727411698221927,27,"Sockeye",0.261201968067285,0.256746494187793,0.261201968070583
2020,12.3889573642186,0.429182174154456,27,"Sockeye",-0.0511551235805571,-0.0561472655532125,-0.0511551235769847
2021,12.0880483218602,0.128273131796055,27,"Sockeye",-0.3661917335194,-0.371737843037302,-0.366191733515551
2022,11.775698184967,-0.184077005097083,27,"Sockeye",-0.692669437993041,-0.698786834916486,-0.692669437988918
1950,10.4996659415109,-1.46010924855323,28,"Sockeye",-0.951516815657333,-0.9595782840086,-0.951516815653179
1951,11.1057878562382,-0.853987333825892,28,"Sockeye",-0.35952246851045,-0.366974881307975,-0.359522468506597
1952,11.2297064917428,-0.730068698321308,28,"Sockeye",-0.249731400586292,-0.256590705667776,-0.249731400582714
1953,11.7735470363072,-0.186228153756915,28,"Sockeye",0.279981576397666,0.273699412380767,0.279981576400971
1954,11.2220627239772,-0.737712466086892,28,"Sockeye",-0.285630303512777,-0.291351311952454,-0.285630303509748
1955,10.8908667564392,-1.06890843362491,28,"Sockeye",-0.630953838631218,-0.636129695839186,-0.630953838628463
1956,11.8710631643023,-0.088712025761842,28,"Sockeye",0.335115001651439,0.330468272449297,0.335115001653921
1957,12.3478749820164,0.388099791952307,28,"Sockeye",0.797799251785097,0.793665608460227,0.79779925178731
1958,13.2306014469692,1.27082625690504,28,"Sockeye",1.66639814915745,1.66276153065635,1.6663981491594
1959,11.9623036384583,0.00252844839413927,28,"Sockeye",0.383972773066113,0.380817099387995,0.383972773067791
1960,11.8328381947109,-0.126936995353238,28,"Sockeye",0.240379761738272,0.237688933912706,0.240379761739689
1961,12.305883373533,0.346108183468856,28,"Sockeye",0.699297372979929,0.697055273044482,0.699297372981087
1962,11.8123912811279,-0.147383908936194,28,"Sockeye",0.191677712994387,0.189868203972196,0.19167771299529
1963,12.5906221185412,0.630846928477051,28,"Sockeye",0.955780982827245,0.954387908704611,0.9557809828279
1964,11.2862903390612,-0.673484851002923,28,"Sockeye",-0.362678364233198,-0.363671178529296,-0.362678364232787
1965,10.9103071689606,-1.04946802110355,28,"Sockeye",-0.75278910191424,-0.753397850538606,-0.752789101914066
1966,11.7131859234401,-0.246589266624007,28,"Sockeye",0.035962084984819,0.0357211887730688,0.0359620849847619
1967,11.7375418458666,-0.222233344197497,28,"Sockeye",0.0461904398308764,0.0463011636457971,0.0461904398305943
1968,11.540483048984,-0.419292141080138,28,"Sockeye",-0.164995924632167,-0.164549832325935,-0.164995924632665
1969,11.3890583515167,-0.570716838547394,28,"Sockeye",-0.330548189679907,-0.329782999589714,-0.330548189680613
1970,11.3427294322423,-0.617045757821866,28,"Sockeye",-0.391004676534751,-0.389936678562558,-0.391004676535655
1971,10.7318995850427,-1.22787560502144,28,"Sockeye",-1.01596209131479,-1.01460759457982,-1.01596209131588
1972,11.3774076529912,-0.582367537072956,28,"Sockeye",-0.384581590946734,-0.382956923808134,-0.384581590948008
1973,11.5920849187034,-0.367690271360765,28,"Sockeye",-0.184031892814977,-0.182153402894524,-0.184031892816419
1974,11.3970979281834,-0.562677261880706,28,"Sockeye",-0.393146450915418,-0.391030505120225,-0.393146450917017
1975,11.243363073894,-0.716412116170159,28,"Sockeye",-0.56100887278526,-0.558671857330555,-0.561008872787008
1976,11.1267367090498,-0.833038481014356,28,"Sockeye",-0.691762805209903,-0.68922112564178,-0.691762805211788
1977,11.6366580554417,-0.323117134622406,28,"Sockeye",-0.195969026398445,-0.193239107616687,-0.195969026400455
1978,12.2922778470176,0.332502656953439,28,"Sockeye",0.445523197597012,0.448424911316115,0.445523197594893
1979,11.8755671977997,-0.0842079922644409,28,"Sockeye",0.0146849807986711,0.0177420257794463,0.0146849807964529
1980,12.0313435622624,0.0715683721982789,28,"Sockeye",0.156333777680928,0.159529670825457,0.156333777678622
1981,11.8230538708823,-0.136721319181807,28,"Sockeye",-0.0660834812796142,-0.0627652425144287,-0.0660834812819946
1982,11.316054889134,-0.643720300930118,28,"Sockeye",-0.587210030608356,-0.583785968233723,-0.587210030610796
1983,12.8505603585924,0.890785168528321,28,"Sockeye",0.933167871269602,0.936681215751404,0.933167871267115
1984,11.4281222139086,-0.531652976155516,28,"Sockeye",-0.503397840994641,-0.499811775422026,-0.503397840997161
1985,11.7059590135302,-0.253816176533928,28,"Sockeye",-0.239688608953483,-0.236046402843494,-0.239688608956026
1986,11.8420831475939,-0.117692042470208,28,"Sockeye",-0.117692042470224,-0.114010295936449,-0.117692042472774
1987,12.0379387991769,0.0781636091127776,28,"Sockeye",0.0640360415323329,0.067740708793103,0.0640360415297909
1988,11.8831453323364,-0.0766298577276872,28,"Sockeye",-0.104884992888609,-0.101174044203963,-0.104884992891131
1989,12.4161183834076,0.456343193343473,28,"Sockeye",0.413960490602149,0.417661061778116,0.413960490599662
1990,12.346659387861,0.386884197796865,28,"Sockeye",0.330373927475106,0.334047442557226,0.330373927472664
1991,11.7161757264818,-0.243599463582277,28,"Sockeye",-0.314237301484534,-0.310607540757207,-0.314237301486916
1992,13.0729782581329,1.11320306806882,28,"Sockeye",1.02843766258612,1.03200695099871,1.02843766258382
1993,12.8549053668976,0.895130176833467,28,"Sockeye",0.796237203770382,0.799729282186032,0.796237203768161
1994,12.503628219877,0.543853029812854,28,"Sockeye",0.430832489169338,0.434230600160367,0.430832489167218
1995,12.9392278535026,0.979452663438432,28,"Sockeye",0.852304555214497,0.855591921584409,0.852304555212488
1996,11.9836242539542,0.0238490638900929,28,"Sockeye",-0.117426611914345,-0.114266787154156,-0.117426611916231
1997,12.9424164295197,0.982641239455542,28,"Sockeye",0.827237996070712,0.830253462417096,0.827237996068963
1998,12.9769259861537,1.01715079608962,28,"Sockeye",0.847619985124271,0.85047425641393,0.847619985122668
1999,11.250898872103,-0.708876317961108,28,"Sockeye",-0.892534696506871,-0.889858476779114,-0.892534696508315
2000,12.3161041736603,0.356328983596162,28,"Sockeye",0.158543037469985,0.161024329244993,0.158543037468711
2001,11.5436230387007,-0.416152151363465,28,"Sockeye",-0.628065665070056,-0.625796197547794,-0.628065665071153
2002,11.5603755882808,-0.399399601783302,28,"Sockeye",-0.625440683070398,-0.623399956033495,-0.625440683071304
2003,12.6575793879373,0.697804197873159,28,"Sockeye",0.45763554900566,0.459430599368442,0.457635549004953
2004,13.1624470778874,1.20267188782328,28,"Sockeye",0.948375671375317,0.949908088895532,0.948375671374816
2005,12.980352810451,1.02057762038685,28,"Sockeye",0.752153836358476,0.753406644864432,0.752153836358191
2006,12.0542481967381,0.0944730066739904,28,"Sockeye",-0.188078344934866,-0.187122141641723,-0.188078344934928
2007,11.8347712584904,-0.125003931573694,28,"Sockeye",-0.421682850763009,-0.421040268931696,-0.421682850762839
2008,10.64023906844,-1.31953612162409,28,"Sockeye",-1.63034260839385,-1.63003068434753,-1.63034260839344
2009,11.2573212725776,-0.702453917486566,28,"Sockeye",-1.02738797183669,-1.02742376199633,-1.02738797183604
2010,11.9152426719666,-0.0445325180975572,28,"Sockeye",-0.383594140028135,-0.383994720936222,-0.383594140027235
2011,11.8752462182726,-0.084528971791507,28,"Sockeye",-0.437718161302577,-0.438500629646859,-0.437718161301424
2012,11.8035734721592,-0.156201717904874,28,"Sockeye",-0.523518474996419,-0.524699947633675,-0.523518474995006
2013,12.2663142340524,0.306539043988268,28,"Sockeye",-0.0749052806836619,-0.0765028946634772,-0.0749052806819872
2014,12.4263485499791,0.466573359914963,28,"Sockeye",0.0710014676625955,0.0689705550739816,0.0710014676645354
2015,13.3372294562204,1.37745426615624,28,"Sockeye",0.967754806323454,0.965273417619329,0.967754806325663
2016,13.4115802219936,1.45180503192946,28,"Sockeye",1.02797800451621,1.02502894192549,1.02797800451869
2017,12.4733383655548,0.513563175490684,28,"Sockeye",0.0756085804969702,0.0721746259602778,0.0756085804997202
2018,12.8180390426091,0.858263852544965,28,"Sockeye",0.406181689970828,0.402245605116608,0.406181689973852
2019,12.687186888286,0.727411698221927,28,"Sockeye",0.261201968067285,0.256746494187793,0.261201968070583
2020,12.3889573642186,0.429182174154456,28,"Sockeye",-0.0511551235805571,-0.0561472655532125,-0.0511551235769847
2021,12.0880483218602,0.128273131796055,28,"Sockeye",-0.3661917335194,-0.371737843037302,-0.366191733515551
2022,11.775698184967,-0.184077005097083,28,"Sockeye",-0.692669437993041,-0.698786834916486,-0.692669437988918
1950,10.3439142823219,-1.44680625641182,81,"Sockeye",-0.937478878228065,-0.945262446992794,-0.937478878226033
1951,10.963323533535,-0.827397005198752,81,"Sockeye",-0.332217609742231,-0.339392602308946,-0.332217609740393
1952,11.051415336132,-0.73930520260171,81,"Sockeye",-0.258273789872561,-0.26485644440749,-0.258273789870854
1953,11.5765311002731,-0.214189438460618,81,"Sockeye",0.25269399154121,0.246687417396894,0.252693991542785
1954,11.0636145353317,-0.727106003402029,81,"Sockeye",-0.274370556127518,-0.279817327020604,-0.274370556126074
1955,10.7042181611061,-1.08650237762765,81,"Sockeye",-0.647914913080448,-0.652818177383283,-0.647914913079132
1956,11.7172028422356,-0.073517696498196,81,"Sockeye",0.350921785321723,0.346545711403143,0.350921785322909
1957,12.208773624897,0.418053086163247,81,"Sockeye",0.828344585255794,0.824479365947019,0.828344585256851
1958,13.0822411298752,1.29152059114142,81,"Sockeye",1.68766410750666,1.68429338744132,1.68766410750759
1959,11.8263957738876,0.0356752351538779,81,"Sockeye",0.417670768791736,0.414778172988022,0.417670768792538
1960,11.6522100925446,-0.138510446189191,81,"Sockeye",0.229337104721405,0.226906238558584,0.229337104722083
1961,12.1396283388138,0.348907800080023,81,"Sockeye",0.702607368263276,0.700621817458106,0.702607368263832
1962,11.6617693424225,-0.128951196311278,81,"Sockeye",0.210600389144647,0.209043719727804,0.210600389145082
1963,12.4344488620758,0.643728323342046,81,"Sockeye",0.969131926070618,0.967987684363097,0.969131926070935
1964,11.1208798646927,-0.669840674041065,81,"Sockeye",-0.358585054039812,-0.359333341450364,-0.358585054039612
1965,10.7652062416077,-1.02551429712609,81,"Sockeye",-0.728406659852141,-0.728775486135067,-0.728406659852055
1966,11.5413547754288,-0.249365763304989,81,"Sockeye",0.0335938912416296,0.0335880131362973,0.0335938912416065
1967,11.5821694493294,-0.208551089404371,81,"Sockeye",0.0602605824149005,0.0606011197327145,0.0602605824147702
1968,11.4001620531082,-0.390558485625541,81,"Sockeye",-0.135894796533629,-0.135224396375285,-0.135894796533861
1969,11.2266123056412,-0.564108233092582,81,"Sockeye",-0.323592526727958,-0.322608836163647,-0.323592526728289
1970,11.1983474731445,-0.592373065589229,81,"Sockeye",-0.366005341951989,-0.364724953292031,-0.366005341952414
1971,10.5670654177666,-1.22365512096719,81,"Sockeye",-1.01143538005722,-1.00987490551153,-1.01143538005774
1972,11.2252514839172,-0.565469054816515,81,"Sockeye",-0.367397296633947,-0.365573368335896,-0.367397296634548
1973,11.4131577014923,-0.377562837241449,81,"Sockeye",-0.193639061786176,-0.191568331816494,-0.193639061786858
1974,11.2213625788689,-0.569357959864897,81,"Sockeye",-0.399582167136905,-0.397281307547601,-0.399582167137662
1975,11.0309417963028,-0.759778742430958,81,"Sockeye",-0.604150932430335,-0.601636635268635,-0.604150932431162
1976,10.9163425922394,-0.874377946494383,81,"Sockeye",-0.732898119221064,-0.730187096553426,-0.732898119221955
1977,11.4370845317841,-0.353636006949706,81,"Sockeye",-0.226304162403694,-0.223413146339789,-0.226304162404643
1978,12.1026064157486,0.311885877014836,81,"Sockeye",0.425069738833477,0.428123996116721,0.425069738832473
1979,11.7141946554184,-0.0765258833153623,81,"Sockeye",0.022509995775947,0.0257107220102739,0.0225099957748949
1980,11.8316741228104,0.0409535840766072,81,"Sockeye",0.125841480440618,0.129171883242352,0.125841480439526
1981,11.6856795072556,-0.105041031478198,81,"Sockeye",-0.0343011178415116,-0.0308578509955968,-0.0343011178426398
1982,11.1472546458244,-0.643465892909322,81,"Sockeye",-0.58687396200004,-0.583334663796871,-0.586873962001196
1983,12.6613796472549,0.870659108521184,81,"Sockeye",0.913103056703131,0.916721533388746,0.913103056701951
1984,11.2663004636764,-0.524420075057307,81,"Sockeye",-0.4961241096027,-0.492443327521546,-0.496124109603896
1985,11.5020379781723,-0.288682560561452,81,"Sockeye",-0.274534577834129,-0.270808383680679,-0.274534577835333
1986,11.6753410577774,-0.115379480956348,81,"Sockeye",-0.115379480956358,-0.111624788314462,-0.115379480957566
1987,11.8489182472229,0.0581977084891445,81,"Sockeye",0.0440497257618118,0.0478159830234102,0.0440497257606065
1988,11.6962819337845,-0.0944386049492665,81,"Sockeye",-0.122734570403917,-0.11897370270062,-0.122734570405113
1989,12.2162224531174,0.42550191438361,81,"Sockeye",0.383057966201654,0.386796469835071,0.383057966200473
1990,12.1898430109024,0.399122472168652,81,"Sockeye",0.342530541259325,0.346229685953302,0.342530541258167
1991,11.5689862966537,-0.221734242080012,81,"Sockeye",-0.292474155716705,-0.28883138521412,-0.292474155717834
1992,12.8902551174164,1.09953457868263,81,"Sockeye",1.01464668231867,1.01821604297107,1.01464668231757
1993,12.651712346077,0.860991807343209,81,"Sockeye",0.761955928251936,0.765434822964043,0.761955928250885
1994,12.3503035783768,0.559583039643011,81,"Sockeye",0.446399177824406,0.449770530050298,0.446399177823402
1995,12.7312612533569,0.940540714623183,81,"Sockeye",0.813208870077177,0.81645558279058,0.813208870076226
1996,11.8112361192703,0.0205155805365725,81,"Sockeye",-0.120964246736752,-0.117859291067026,-0.120964246737644
1997,12.7530309200287,0.962310381294937,81,"Sockeye",0.806682571294318,0.809628631859674,0.806682571293489
1998,12.7741493463516,0.983428807617866,81,"Sockeye",0.813653014889889,0.816423021736057,0.813653014889129
1999,11.0311819553375,-0.759538583396229,81,"Sockeye",-0.94346235885154,-0.940885584918149,-0.943462358852223
2000,12.1028990030289,0.31217846429511,81,"Sockeye",0.114106706112531,0.116473047336081,0.114106706111928
2001,11.3416466474533,-0.449073891280443,81,"Sockeye",-0.661293632190398,-0.659154944101916,-0.661293632190915
2002,11.4124662876129,-0.378254251120838,81,"Sockeye",-0.604621974758127,-0.602728180882847,-0.604621974758555
2003,12.4878076791763,0.697087140442574,81,"Sockeye",0.456571434077942,0.458203071984208,0.456571434077608
2004,13.0026208162308,1.21190027749702,81,"Sockeye",0.957236588405114,0.958588787884077,0.95723658840488
2005,12.8213785648346,1.03065802610084,81,"Sockeye",0.761846354281584,0.762901812147645,0.761846354281451
2006,11.9115501403809,0.120829601647102,81,"Sockeye",-0.162130052899445,-0.161388660584047,-0.162130052899473
2007,11.6474853754044,-0.1432351633294,81,"Sockeye",-0.440342800603274,-0.439932818553354,-0.44034280060319
2008,10.4848044276237,-1.30591611111001,81,"Sockeye",-1.6171717311113,-1.61711052484365,-1.61717173111111
2009,11.1180596470833,-0.672660891650481,81,"Sockeye",-0.998064494379034,-0.998369450237361,-0.998064494378722
2010,11.7156088829041,-0.0751116558296977,81,"Sockeye",-0.414663241285563,-0.415351766465466,-0.414663241285131
2011,11.6815694451332,-0.109151093600555,81,"Sockeye",-0.462850661783793,-0.463940184357799,-0.462850661783241
2012,11.561440038681,-0.229280500052729,81,"Sockeye",-0.597128050963321,-0.598636019905893,-0.597128050962645
2013,12.106288766861,0.315568228127206,81,"Sockeye",-0.0664273055106503,-0.0683711907232638,-0.0664273055098512
2014,12.3171616792679,0.526441140534135,81,"Sockeye",0.130297624168919,0.127900331832674,0.130297624169843
2015,13.2277607679367,1.43704022920295,81,"Sockeye",1.02674873011039,1.02388051881969,1.02674873011144
2016,13.2517663478851,1.46104580915137,81,"Sockeye",1.03660632733146,1.03324966425307,1.03660632733264
2017,12.2935506820679,0.502830143334109,81,"Sockeye",0.0642426787869321,0.0603800100600349,0.0642426787882417
2018,12.6422008991242,0.851480360390395,81,"Sockeye",0.398744913115902,0.394358663826877,0.398744913117342
2019,12.565695643425,0.774975104691231,81,"Sockeye",0.308091674689373,0.30316424884654,0.308091674690942
2020,12.2536880970001,0.462967558266365,81,"Sockeye",-0.0180638544628557,-0.0235500739545103,-0.0180638544611558
2021,11.9610337257385,0.170313187004765,81,"Sockeye",-0.324866208451785,-0.330928859815922,-0.324866208449953
2022,11.6426394701004,-0.14808106863336,81,"Sockeye",-0.657408446817215,-0.664065189431469,-0.657408446815253
1950,10.3439142823219,-1.44680625641182,82,"Sockeye",-0.937478878228065,-0.945262446992794,-0.937478878226033
1951,10.963323533535,-0.827397005198752,82,"Sockeye",-0.332217609742231,-0.339392602308946,-0.332217609740393
1952,11.051415336132,-0.73930520260171,82,"Sockeye",-0.258273789872561,-0.26485644440749,-0.258273789870854
1953,11.5765311002731,-0.214189438460618,82,"Sockeye",0.25269399154121,0.246687417396894,0.252693991542785
1954,11.0636145353317,-0.727106003402029,82,"Sockeye",-0.274370556127518,-0.279817327020604,-0.274370556126074
1955,10.7042181611061,-1.08650237762765,82,"Sockeye",-0.647914913080448,-0.652818177383283,-0.647914913079132
1956,11.7172028422356,-0.073517696498196,82,"Sockeye",0.350921785321723,0.346545711403143,0.350921785322909
1957,12.208773624897,0.418053086163247,82,"Sockeye",0.828344585255794,0.824479365947019,0.828344585256851
1958,13.0822411298752,1.29152059114142,82,"Sockeye",1.68766410750666,1.68429338744132,1.68766410750759
1959,11.8263957738876,0.0356752351538779,82,"Sockeye",0.417670768791736,0.414778172988022,0.417670768792538
1960,11.6522100925446,-0.138510446189191,82,"Sockeye",0.229337104721405,0.226906238558584,0.229337104722083
1961,12.1396283388138,0.348907800080023,82,"Sockeye",0.702607368263276,0.700621817458106,0.702607368263832
1962,11.6617693424225,-0.128951196311278,82,"Sockeye",0.210600389144647,0.209043719727804,0.210600389145082
1963,12.4344488620758,0.643728323342046,82,"Sockeye",0.969131926070618,0.967987684363097,0.969131926070935
1964,11.1208798646927,-0.669840674041065,82,"Sockeye",-0.358585054039812,-0.359333341450364,-0.358585054039612
1965,10.7652062416077,-1.02551429712609,82,"Sockeye",-0.728406659852141,-0.728775486135067,-0.728406659852055
1966,11.5413547754288,-0.249365763304989,82,"Sockeye",0.0335938912416296,0.0335880131362973,0.0335938912416065
1967,11.5821694493294,-0.208551089404371,82,"Sockeye",0.0602605824149005,0.0606011197327145,0.0602605824147702
1968,11.4001620531082,-0.390558485625541,82,"Sockeye",-0.135894796533629,-0.135224396375285,-0.135894796533861
1969,11.2266123056412,-0.564108233092582,82,"Sockeye",-0.323592526727958,-0.322608836163647,-0.323592526728289
1970,11.1983474731445,-0.592373065589229,82,"Sockeye",-0.366005341951989,-0.364724953292031,-0.366005341952414
1971,10.5670654177666,-1.22365512096719,82,"Sockeye",-1.01143538005722,-1.00987490551153,-1.01143538005774
1972,11.2252514839172,-0.565469054816515,82,"Sockeye",-0.367397296633947,-0.365573368335896,-0.367397296634548
1973,11.4131577014923,-0.377562837241449,82,"Sockeye",-0.193639061786176,-0.191568331816494,-0.193639061786858
1974,11.2213625788689,-0.569357959864897,82,"Sockeye",-0.399582167136905,-0.397281307547601,-0.399582167137662
1975,11.0309417963028,-0.759778742430958,82,"Sockeye",-0.604150932430335,-0.601636635268635,-0.604150932431162
1976,10.9163425922394,-0.874377946494383,82,"Sockeye",-0.732898119221064,-0.730187096553426,-0.732898119221955
1977,11.4370845317841,-0.353636006949706,82,"Sockeye",-0.226304162403694,-0.223413146339789,-0.226304162404643
1978,12.1026064157486,0.311885877014836,82,"Sockeye",0.425069738833477,0.428123996116721,0.425069738832473
1979,11.7141946554184,-0.0765258833153623,82,"Sockeye",0.022509995775947,0.0257107220102739,0.0225099957748949
1980,11.8316741228104,0.0409535840766072,82,"Sockeye",0.125841480440618,0.129171883242352,0.125841480439526
1981,11.6856795072556,-0.105041031478198,82,"Sockeye",-0.0343011178415116,-0.0308578509955968,-0.0343011178426398
1982,11.1472546458244,-0.643465892909322,82,"Sockeye",-0.58687396200004,-0.583334663796871,-0.586873962001196
1983,12.6613796472549,0.870659108521184,82,"Sockeye",0.913103056703131,0.916721533388746,0.913103056701951
1984,11.2663004636764,-0.524420075057307,82,"Sockeye",-0.4961241096027,-0.492443327521546,-0.496124109603896
1985,11.5020379781723,-0.288682560561452,82,"Sockeye",-0.274534577834129,-0.270808383680679,-0.274534577835333
1986,11.6753410577774,-0.115379480956348,82,"Sockeye",-0.115379480956358,-0.111624788314462,-0.115379480957566
1987,11.8489182472229,0.0581977084891445,82,"Sockeye",0.0440497257618118,0.0478159830234102,0.0440497257606065
1988,11.6962819337845,-0.0944386049492665,82,"Sockeye",-0.122734570403917,-0.11897370270062,-0.122734570405113
1989,12.2162224531174,0.42550191438361,82,"Sockeye",0.383057966201654,0.386796469835071,0.383057966200473
1990,12.1898430109024,0.399122472168652,82,"Sockeye",0.342530541259325,0.346229685953302,0.342530541258167
1991,11.5689862966537,-0.221734242080012,82,"Sockeye",-0.292474155716705,-0.28883138521412,-0.292474155717834
1992,12.8902551174164,1.09953457868263,82,"Sockeye",1.01464668231867,1.01821604297107,1.01464668231757
1993,12.651712346077,0.860991807343209,82,"Sockeye",0.761955928251936,0.765434822964043,0.761955928250885
1994,12.3503035783768,0.559583039643011,82,"Sockeye",0.446399177824406,0.449770530050298,0.446399177823402
1995,12.7312612533569,0.940540714623183,82,"Sockeye",0.813208870077177,0.81645558279058,0.813208870076226
1996,11.8112361192703,0.0205155805365725,82,"Sockeye",-0.120964246736752,-0.117859291067026,-0.120964246737644
1997,12.7530309200287,0.962310381294937,82,"Sockeye",0.806682571294318,0.809628631859674,0.806682571293489
1998,12.7741493463516,0.983428807617866,82,"Sockeye",0.813653014889889,0.816423021736057,0.813653014889129
1999,11.0311819553375,-0.759538583396229,82,"Sockeye",-0.94346235885154,-0.940885584918149,-0.943462358852223
2000,12.1028990030289,0.31217846429511,82,"Sockeye",0.114106706112531,0.116473047336081,0.114106706111928
2001,11.3416466474533,-0.449073891280443,82,"Sockeye",-0.661293632190398,-0.659154944101916,-0.661293632190915
2002,11.4124662876129,-0.378254251120838,82,"Sockeye",-0.604621974758127,-0.602728180882847,-0.604621974758555
2003,12.4878076791763,0.697087140442574,82,"Sockeye",0.456571434077942,0.458203071984208,0.456571434077608
2004,13.0026208162308,1.21190027749702,82,"Sockeye",0.957236588405114,0.958588787884077,0.95723658840488
2005,12.8213785648346,1.03065802610084,82,"Sockeye",0.761846354281584,0.762901812147645,0.761846354281451
2006,11.9115501403809,0.120829601647102,82,"Sockeye",-0.162130052899445,-0.161388660584047,-0.162130052899473
2007,11.6474853754044,-0.1432351633294,82,"Sockeye",-0.440342800603274,-0.439932818553354,-0.44034280060319
2008,10.4848044276237,-1.30591611111001,82,"Sockeye",-1.6171717311113,-1.61711052484365,-1.61717173111111
2009,11.1180596470833,-0.672660891650481,82,"Sockeye",-0.998064494379034,-0.998369450237361,-0.998064494378722
2010,11.7156088829041,-0.0751116558296977,82,"Sockeye",-0.414663241285563,-0.415351766465466,-0.414663241285131
2011,11.6815694451332,-0.109151093600555,82,"Sockeye",-0.462850661783793,-0.463940184357799,-0.462850661783241
2012,11.561440038681,-0.229280500052729,82,"Sockeye",-0.597128050963321,-0.598636019905893,-0.597128050962645
2013,12.106288766861,0.315568228127206,82,"Sockeye",-0.0664273055106503,-0.0683711907232638,-0.0664273055098512
2014,12.3171616792679,0.526441140534135,82,"Sockeye",0.130297624168919,0.127900331832674,0.130297624169843
2015,13.2277607679367,1.43704022920295,82,"Sockeye",1.02674873011039,1.02388051881969,1.02674873011144
2016,13.2517663478851,1.46104580915137,82,"Sockeye",1.03660632733146,1.03324966425307,1.03660632733264
2017,12.2935506820679,0.502830143334109,82,"Sockeye",0.0642426787869321,0.0603800100600349,0.0642426787882417
2018,12.6422008991242,0.851480360390395,82,"Sockeye",0.398744913115902,0.394358663826877,0.398744913117342
2019,12.565695643425,0.774975104691231,82,"Sockeye",0.308091674689373,0.30316424884654,0.308091674690942
2020,12.2536880970001,0.462967558266365,82,"Sockeye",-0.0180638544628557,-0.0235500739545103,-0.0180638544611558
2021,11.9610337257385,0.170313187004765,82,"Sockeye",-0.324866208451785,-0.330928859815922,-0.324866208449953
2022,11.6426394701004,-0.14808106863336,82,"Sockeye",-0.657408446817215,-0.664065189431469,-0.657408446815253
1950,8.46358246273465,-1.56425624296545,37,"Sockeye",-1.03007385366783,-1.0362160301524,-1.03007385370849
1951,9.28400588035584,-0.743832825344262,37,"Sockeye",-0.224488835749273,-0.22994716174362,-0.224488835787298
1952,9.31242350737254,-0.715415198327565,37,"Sockeye",-0.210909608435287,-0.21570517399336,-0.210909608470597
1953,9.66605177190569,-0.361786933794416,37,"Sockeye",0.12788025639515,0.123726329795495,0.12788025636255
1954,9.36594125959608,-0.661897446104021,37,"Sockeye",-0.187068655617176,-0.190602096206948,-0.187068655647071
1955,9.10697763495975,-0.920861070740351,37,"Sockeye",-0.46087067995622,-0.463804819002203,-0.460870679983419
1956,10.1656429502699,0.137804244569802,37,"Sockeye",0.582956235651217,0.580600182118404,0.582956235626703
1957,10.4865947564443,0.458756050744194,37,"Sockeye",0.889069642122902,0.887270426461106,0.889069642101054
1958,11.5344352722168,1.5065965665167,37,"Sockeye",1.92207175819269,1.9208081011011,1.92207175817349
1959,10.2641420894199,0.236303383719793,37,"Sockeye",0.636940175693075,0.636190766165058,0.636940175676493
1960,9.99057445261214,-0.0372642530879617,37,"Sockeye",0.348534139182601,0.348277634458453,0.348534139168605
1961,10.4814562002818,0.453617494581679,37,"Sockeye",0.824577487149547,0.824792512669209,0.824577487138098
1962,10.109657380316,0.0818186746158959,37,"Sockeye",0.437940267481032,0.43860541683668,0.437940267472094
1963,10.7986033492618,0.770764643561716,37,"Sockeye",1.11204783672412,1.11314167161272,1.11204783671764
1964,9.30046388838027,-0.72737481731983,37,"Sockeye",-0.400930023860126,-0.399428973684342,-0.400930023864204
1965,8.81928569740719,-1.20855300829291,37,"Sockeye",-0.896946614535919,-0.895059851309036,-0.896946614537653
1966,9.58672165870667,-0.441117046993433,37,"Sockeye",-0.144349052939153,-0.142098110935253,-0.14434905293861
1967,9.92033359739516,-0.10750510830494,37,"Sockeye",0.174424486046623,0.177018040467734,0.174424486049373
1968,9.89526759253607,-0.132571113164027,37,"Sockeye",0.134520081484819,0.137434649829789,0.134520081489697
1969,9.33844815360176,-0.689390552098342,37,"Sockeye",-0.437137757152205,-0.433923805558123,-0.437137757145278
1970,9.60230195522309,-0.425536750477016,37,"Sockeye",-0.188122355233589,-0.184630683294513,-0.188122355224703
1971,8.74579034911261,-1.28204835658749,37,"Sockeye",-1.05947236104678,-1.05572466394422,-1.05947236103603
1972,9.41450149483151,-0.613337210868594,37,"Sockeye",-0.405599615030597,-0.401617620271516,-0.405599615018071
1973,9.46201821168264,-0.565820494017465,37,"Sockeye",-0.372921297882181,-0.368726765347215,-0.372921297867988
1974,9.44107242425283,-0.586766281447275,37,"Sockeye",-0.408705485014705,-0.404320207006343,-0.408705484998949
1975,8.94548608197107,-1.08235262372904,37,"Sockeye",-0.919130226999178,-0.914576028290103,-0.919130226981968
1976,8.99857862790426,-1.02926007779585,37,"Sockeye",-0.880876080768703,-0.87617481865016,-0.880876080750154
1977,9.70942840311262,-0.318410302587477,37,"Sockeye",-0.184864705263057,-0.180038269593322,-0.184864705243285
1978,10.1157547897763,0.087916084076169,37,"Sockeye",0.206623281697909,0.211552968445039,0.206623281718784
1979,9.96058826976352,-0.0672504359365814,37,"Sockeye",0.0366183619824144,0.0416293446689924,0.036618362004269
1980,9.83826433287727,-0.189574372822833,37,"Sockeye",-0.10054397460655,-0.095473683831278,-0.100543974583843
1981,10.2274632851283,0.199624579428183,37,"Sockeye",0.273816577941767,0.278924156193421,0.273816577965199
1982,9.26540811856587,-0.762430587134228,37,"Sockeye",-0.703076988323376,-0.697954176017996,-0.703076988299346
1983,10.8973920477761,0.869553342076015,37,"Sockeye",0.914068541184138,0.919184501261329,0.914068541208636
1984,9.81248727109697,-0.215351434603128,37,"Sockeye",-0.185674635197705,-0.180587646538832,-0.185674635172877
1985,9.391799820794,-0.6360388849061,37,"Sockeye",-0.621200485203389,-0.61616462011021,-0.621200485178358
1986,9.82840232054392,-0.199436385156178,37,"Sockeye",-0.199436385156182,-0.194473828782408,-0.199436385131085
1987,9.84925425052643,-0.17858445517367,37,"Sockeye",-0.193422854876387,-0.188555825431262,-0.193422854851358
1988,9.94088249736363,-0.086956208336476,37,"Sockeye",-0.116633007741902,-0.111883756539449,-0.116633007717072
1989,10.2072328726451,0.179394166944959,37,"Sockeye",0.134878967836855,0.139488156328495,0.134878967861352
1990,10.4061322477129,0.378293542012779,37,"Sockeye",0.318939943201941,0.323386751311142,0.318939943225971
1991,9.84551741017236,-0.182321295527745,37,"Sockeye",-0.256513294041314,-0.252251217239163,-0.25651329401788
1992,10.6685152848562,0.640676579156064,37,"Sockeye",0.551646180939813,0.555701142207779,0.551646180962519
1993,10.759778102239,0.731939396538869,37,"Sockeye",0.628070598619899,0.631896026774392,0.628070598641752
1994,10.6669884257846,0.639149720084535,37,"Sockeye",0.520442522462785,0.524015966522697,0.520442522483657
1995,10.6538612312741,0.626022525573974,37,"Sockeye",0.49247692824957,0.49577590378218,0.492476928269342
1996,9.95418047904969,-0.0736582266504155,37,"Sockeye",-0.222042223677554,-0.219040234606419,-0.222042223659006
1997,10.701797803243,0.673959097542899,37,"Sockeye",0.510736700813043,0.513419151937157,0.51073670083025
1998,10.7561438878377,0.728305182137628,37,"Sockeye",0.550244385705029,0.552584713795241,0.550244385720784
1999,9.11753531297049,-0.910303392729614,37,"Sockeye",-1.10320258886489,-1.1012270025469,-1.1032025888507
2000,10.0723297860887,0.0444910803886238,37,"Sockeye",-0.1632465154494,-0.161658323343497,-0.163246515436876
2001,9.47777117623223,-0.550067529467868,37,"Sockeye",-0.772643525008584,-0.771465413306435,-0.772643524997831
2002,9.71463455094232,-0.313204154757784,37,"Sockeye",-0.550618550001208,-0.549873238696522,-0.550618549992324
2003,10.8390587568283,0.811220051128207,37,"Sockeye",0.558967256182058,0.559257013243132,0.558967256188982
2004,11.2136215368907,1.18578283119056,37,"Sockeye",0.918691636541745,0.918503051610189,0.918691636546622
2005,11.3720507356856,1.34421202998545,37,"Sockeye",1.06228243563393,1.06159268700733,1.06228243563668
2006,10.3157875935237,0.287948887823565,37,"Sockeye",-0.00881910623068353,-0.0100328742586946,-0.0088191062301437
2007,9.70267833603753,-0.325160369662571,37,"Sockeye",-0.636766763419567,-0.638527440610011,-0.636766763421305
2008,8.97445363468594,-1.05338507101416,37,"Sockeye",-1.37982986447387,-1.38216037469315,-1.37982986447795
2009,9.62358918454912,-0.40424952115098,37,"Sockeye",-0.745532714313405,-0.74845601558412,-0.745532714319889
2010,9.9515176349216,-0.0763210707785008,37,"Sockeye",-0.432442663643639,-0.43598174819547,-0.432442663652582
2011,10.0988614824083,0.0710227767082098,37,"Sockeye",-0.299937215859654,-0.30411511018035,-0.299937215871104
2012,9.42584045728048,-0.601998248419623,37,"Sockeye",-0.987796640690188,-0.992636405576594,-0.987796640704188
2013,10.3347285058763,0.306889800176229,37,"Sockeye",-0.0937469917970821,-0.0992717224062769,-0.0937469918136689
2014,10.8105786508984,0.782739945198308,37,"Sockeye",0.367264753522304,0.361031927621843,0.367264753503099
2015,11.5980569654041,1.57021825970399,37,"Sockeye",1.13990466832529,1.13294058310238,1.13990466830344
2016,11.5457954406738,1.51795673497373,37,"Sockeye",1.07280474389228,1.06508620080171,1.07280474386776
2017,10.5350975460476,0.507258840347538,37,"Sockeye",0.047268449563363,0.0387722154944399,0.0472684495361619
2018,10.8753743039237,0.847535598223609,37,"Sockeye",0.372706807736748,0.363409614961832,0.37270680770685
2019,11.3106628259023,1.2828241202022,37,"Sockeye",0.793156930012635,0.783035476135531,0.793156929980031
2020,10.6358341375987,0.607995431898572,37,"Sockeye",0.10348984200632,0.0925207899106333,0.103489841971005
2021,10.2418805625704,0.214041856870253,37,"Sockeye",-0.305302132724694,-0.317142154927302,-0.305302132762723
2022,10.2868545452754,0.259015839575267,37,"Sockeye",-0.275166549722408,-0.287900948743998,-0.275166549763151
1950,8.46358246273465,-1.56425624296545,39,"Sockeye",-1.03007385366783,-1.0362160301524,-1.03007385370849
1951,9.28400588035584,-0.743832825344262,39,"Sockeye",-0.224488835749273,-0.22994716174362,-0.224488835787298
1952,9.31242350737254,-0.715415198327565,39,"Sockeye",-0.210909608435287,-0.21570517399336,-0.210909608470597
1953,9.66605177190569,-0.361786933794416,39,"Sockeye",0.12788025639515,0.123726329795495,0.12788025636255
1954,9.36594125959608,-0.661897446104021,39,"Sockeye",-0.187068655617176,-0.190602096206948,-0.187068655647071
1955,9.10697763495975,-0.920861070740351,39,"Sockeye",-0.46087067995622,-0.463804819002203,-0.460870679983419
1956,10.1656429502699,0.137804244569802,39,"Sockeye",0.582956235651217,0.580600182118404,0.582956235626703
1957,10.4865947564443,0.458756050744194,39,"Sockeye",0.889069642122902,0.887270426461106,0.889069642101054
1958,11.5344352722168,1.5065965665167,39,"Sockeye",1.92207175819269,1.9208081011011,1.92207175817349
1959,10.2641420894199,0.236303383719793,39,"Sockeye",0.636940175693075,0.636190766165058,0.636940175676493
1960,9.99057445261214,-0.0372642530879617,39,"Sockeye",0.348534139182601,0.348277634458453,0.348534139168605
1961,10.4814562002818,0.453617494581679,39,"Sockeye",0.824577487149547,0.824792512669209,0.824577487138098
1962,10.109657380316,0.0818186746158959,39,"Sockeye",0.437940267481032,0.43860541683668,0.437940267472094
1963,10.7986033492618,0.770764643561716,39,"Sockeye",1.11204783672412,1.11314167161272,1.11204783671764
1964,9.30046388838027,-0.72737481731983,39,"Sockeye",-0.400930023860126,-0.399428973684342,-0.400930023864204
1965,8.81928569740719,-1.20855300829291,39,"Sockeye",-0.896946614535919,-0.895059851309036,-0.896946614537653
1966,9.58672165870667,-0.441117046993433,39,"Sockeye",-0.144349052939153,-0.142098110935253,-0.14434905293861
1967,9.92033359739516,-0.10750510830494,39,"Sockeye",0.174424486046623,0.177018040467734,0.174424486049373
1968,9.89526759253607,-0.132571113164027,39,"Sockeye",0.134520081484819,0.137434649829789,0.134520081489697
1969,9.33844815360176,-0.689390552098342,39,"Sockeye",-0.437137757152205,-0.433923805558123,-0.437137757145278
1970,9.60230195522309,-0.425536750477016,39,"Sockeye",-0.188122355233589,-0.184630683294513,-0.188122355224703
1971,8.74579034911261,-1.28204835658749,39,"Sockeye",-1.05947236104678,-1.05572466394422,-1.05947236103603
1972,9.41450149483151,-0.613337210868594,39,"Sockeye",-0.405599615030597,-0.401617620271516,-0.405599615018071
1973,9.46201821168264,-0.565820494017465,39,"Sockeye",-0.372921297882181,-0.368726765347215,-0.372921297867988
1974,9.44107242425283,-0.586766281447275,39,"Sockeye",-0.408705485014705,-0.404320207006343,-0.408705484998949
1975,8.94548608197107,-1.08235262372904,39,"Sockeye",-0.919130226999178,-0.914576028290103,-0.919130226981968
1976,8.99857862790426,-1.02926007779585,39,"Sockeye",-0.880876080768703,-0.87617481865016,-0.880876080750154
1977,9.70942840311262,-0.318410302587477,39,"Sockeye",-0.184864705263057,-0.180038269593322,-0.184864705243285
1978,10.1157547897763,0.087916084076169,39,"Sockeye",0.206623281697909,0.211552968445039,0.206623281718784
1979,9.96058826976352,-0.0672504359365814,39,"Sockeye",0.0366183619824144,0.0416293446689924,0.036618362004269
1980,9.83826433287727,-0.189574372822833,39,"Sockeye",-0.10054397460655,-0.095473683831278,-0.100543974583843
1981,10.2274632851283,0.199624579428183,39,"Sockeye",0.273816577941767,0.278924156193421,0.273816577965199
1982,9.26540811856587,-0.762430587134228,39,"Sockeye",-0.703076988323376,-0.697954176017996,-0.703076988299346
1983,10.8973920477761,0.869553342076015,39,"Sockeye",0.914068541184138,0.919184501261329,0.914068541208636
1984,9.81248727109697,-0.215351434603128,39,"Sockeye",-0.185674635197705,-0.180587646538832,-0.185674635172877
1985,9.391799820794,-0.6360388849061,39,"Sockeye",-0.621200485203389,-0.61616462011021,-0.621200485178358
1986,9.82840232054392,-0.199436385156178,39,"Sockeye",-0.199436385156182,-0.194473828782408,-0.199436385131085
1987,9.84925425052643,-0.17858445517367,39,"Sockeye",-0.193422854876387,-0.188555825431262,-0.193422854851358
1988,9.94088249736363,-0.086956208336476,39,"Sockeye",-0.116633007741902,-0.111883756539449,-0.116633007717072
1989,10.2072328726451,0.179394166944959,39,"Sockeye",0.134878967836855,0.139488156328495,0.134878967861352
1990,10.4061322477129,0.378293542012779,39,"Sockeye",0.318939943201941,0.323386751311142,0.318939943225971
1991,9.84551741017236,-0.182321295527745,39,"Sockeye",-0.256513294041314,-0.252251217239163,-0.25651329401788
1992,10.6685152848562,0.640676579156064,39,"Sockeye",0.551646180939813,0.555701142207779,0.551646180962519
1993,10.759778102239,0.731939396538869,39,"Sockeye",0.628070598619899,0.631896026774392,0.628070598641752
1994,10.6669884257846,0.639149720084535,39,"Sockeye",0.520442522462785,0.524015966522697,0.520442522483657
1995,10.6538612312741,0.626022525573974,39,"Sockeye",0.49247692824957,0.49577590378218,0.492476928269342
1996,9.95418047904969,-0.0736582266504155,39,"Sockeye",-0.222042223677554,-0.219040234606419,-0.222042223659006
1997,10.701797803243,0.673959097542899,39,"Sockeye",0.510736700813043,0.513419151937157,0.51073670083025
1998,10.7561438878377,0.728305182137628,39,"Sockeye",0.550244385705029,0.552584713795241,0.550244385720784
1999,9.11753531297049,-0.910303392729614,39,"Sockeye",-1.10320258886489,-1.1012270025469,-1.1032025888507
2000,10.0723297860887,0.0444910803886238,39,"Sockeye",-0.1632465154494,-0.161658323343497,-0.163246515436876
2001,9.47777117623223,-0.550067529467868,39,"Sockeye",-0.772643525008584,-0.771465413306435,-0.772643524997831
2002,9.71463455094232,-0.313204154757784,39,"Sockeye",-0.550618550001208,-0.549873238696522,-0.550618549992324
2003,10.8390587568283,0.811220051128207,39,"Sockeye",0.558967256182058,0.559257013243132,0.558967256188982
2004,11.2136215368907,1.18578283119056,39,"Sockeye",0.918691636541745,0.918503051610189,0.918691636546622
2005,11.3720507356856,1.34421202998545,39,"Sockeye",1.06228243563393,1.06159268700733,1.06228243563668
2006,10.3157875935237,0.287948887823565,39,"Sockeye",-0.00881910623068353,-0.0100328742586946,-0.0088191062301437
2007,9.70267833603753,-0.325160369662571,39,"Sockeye",-0.636766763419567,-0.638527440610011,-0.636766763421305
2008,8.97445363468594,-1.05338507101416,39,"Sockeye",-1.37982986447387,-1.38216037469315,-1.37982986447795
2009,9.62358918454912,-0.40424952115098,39,"Sockeye",-0.745532714313405,-0.74845601558412,-0.745532714319889
2010,9.9515176349216,-0.0763210707785008,39,"Sockeye",-0.432442663643639,-0.43598174819547,-0.432442663652582
2011,10.0988614824083,0.0710227767082098,39,"Sockeye",-0.299937215859654,-0.30411511018035,-0.299937215871104
2012,9.42584045728048,-0.601998248419623,39,"Sockeye",-0.987796640690188,-0.992636405576594,-0.987796640704188
2013,10.3347285058763,0.306889800176229,39,"Sockeye",-0.0937469917970821,-0.0992717224062769,-0.0937469918136689
2014,10.8105786508984,0.782739945198308,39,"Sockeye",0.367264753522304,0.361031927621843,0.367264753503099
2015,11.5980569654041,1.57021825970399,39,"Sockeye",1.13990466832529,1.13294058310238,1.13990466830344
2016,11.5457954406738,1.51795673497373,39,"Sockeye",1.07280474389228,1.06508620080171,1.07280474386776
2017,10.5350975460476,0.507258840347538,39,"Sockeye",0.047268449563363,0.0387722154944399,0.0472684495361619
2018,10.8753743039237,0.847535598223609,39,"Sockeye",0.372706807736748,0.363409614961832,0.37270680770685
2019,11.3106628259023,1.2828241202022,39,"Sockeye",0.793156930012635,0.783035476135531,0.793156929980031
2020,10.6358341375987,0.607995431898572,39,"Sockeye",0.10348984200632,0.0925207899106333,0.103489841971005
2021,10.2418805625704,0.214041856870253,39,"Sockeye",-0.305302132724694,-0.317142154927302,-0.305302132762723
2022,10.2868545452754,0.259015839575267,39,"Sockeye",-0.275166549722408,-0.287900948743998,-0.275166549763151
1950,8.46358246273465,-1.56425624296545,40,"Sockeye",-1.03007385366783,-1.0362160301524,-1.03007385370849
1951,9.28400588035584,-0.743832825344262,40,"Sockeye",-0.224488835749273,-0.22994716174362,-0.224488835787298
1952,9.31242350737254,-0.715415198327565,40,"Sockeye",-0.210909608435287,-0.21570517399336,-0.210909608470597
1953,9.66605177190569,-0.361786933794416,40,"Sockeye",0.12788025639515,0.123726329795495,0.12788025636255
1954,9.36594125959608,-0.661897446104021,40,"Sockeye",-0.187068655617176,-0.190602096206948,-0.187068655647071
1955,9.10697763495975,-0.920861070740351,40,"Sockeye",-0.46087067995622,-0.463804819002203,-0.460870679983419
1956,10.1656429502699,0.137804244569802,40,"Sockeye",0.582956235651217,0.580600182118404,0.582956235626703
1957,10.4865947564443,0.458756050744194,40,"Sockeye",0.889069642122902,0.887270426461106,0.889069642101054
1958,11.5344352722168,1.5065965665167,40,"Sockeye",1.92207175819269,1.9208081011011,1.92207175817349
1959,10.2641420894199,0.236303383719793,40,"Sockeye",0.636940175693075,0.636190766165058,0.636940175676493
1960,9.99057445261214,-0.0372642530879617,40,"Sockeye",0.348534139182601,0.348277634458453,0.348534139168605
1961,10.4814562002818,0.453617494581679,40,"Sockeye",0.824577487149547,0.824792512669209,0.824577487138098
1962,10.109657380316,0.0818186746158959,40,"Sockeye",0.437940267481032,0.43860541683668,0.437940267472094
1963,10.7986033492618,0.770764643561716,40,"Sockeye",1.11204783672412,1.11314167161272,1.11204783671764
1964,9.30046388838027,-0.72737481731983,40,"Sockeye",-0.400930023860126,-0.399428973684342,-0.400930023864204
1965,8.81928569740719,-1.20855300829291,40,"Sockeye",-0.896946614535919,-0.895059851309036,-0.896946614537653
1966,9.58672165870667,-0.441117046993433,40,"Sockeye",-0.144349052939153,-0.142098110935253,-0.14434905293861
1967,9.92033359739516,-0.10750510830494,40,"Sockeye",0.174424486046623,0.177018040467734,0.174424486049373
1968,9.89526759253607,-0.132571113164027,40,"Sockeye",0.134520081484819,0.137434649829789,0.134520081489697
1969,9.33844815360176,-0.689390552098342,40,"Sockeye",-0.437137757152205,-0.433923805558123,-0.437137757145278
1970,9.60230195522309,-0.425536750477016,40,"Sockeye",-0.188122355233589,-0.184630683294513,-0.188122355224703
1971,8.74579034911261,-1.28204835658749,40,"Sockeye",-1.05947236104678,-1.05572466394422,-1.05947236103603
1972,9.41450149483151,-0.613337210868594,40,"Sockeye",-0.405599615030597,-0.401617620271516,-0.405599615018071
1973,9.46201821168264,-0.565820494017465,40,"Sockeye",-0.372921297882181,-0.368726765347215,-0.372921297867988
1974,9.44107242425283,-0.586766281447275,40,"Sockeye",-0.408705485014705,-0.404320207006343,-0.408705484998949
1975,8.94548608197107,-1.08235262372904,40,"Sockeye",-0.919130226999178,-0.914576028290103,-0.919130226981968
1976,8.99857862790426,-1.02926007779585,40,"Sockeye",-0.880876080768703,-0.87617481865016,-0.880876080750154
1977,9.70942840311262,-0.318410302587477,40,"Sockeye",-0.184864705263057,-0.180038269593322,-0.184864705243285
1978,10.1157547897763,0.087916084076169,40,"Sockeye",0.206623281697909,0.211552968445039,0.206623281718784
1979,9.96058826976352,-0.0672504359365814,40,"Sockeye",0.0366183619824144,0.0416293446689924,0.036618362004269
1980,9.83826433287727,-0.189574372822833,40,"Sockeye",-0.10054397460655,-0.095473683831278,-0.100543974583843
1981,10.2274632851283,0.199624579428183,40,"Sockeye",0.273816577941767,0.278924156193421,0.273816577965199
1982,9.26540811856587,-0.762430587134228,40,"Sockeye",-0.703076988323376,-0.697954176017996,-0.703076988299346
1983,10.8973920477761,0.869553342076015,40,"Sockeye",0.914068541184138,0.919184501261329,0.914068541208636
1984,9.81248727109697,-0.215351434603128,40,"Sockeye",-0.185674635197705,-0.180587646538832,-0.185674635172877
1985,9.391799820794,-0.6360388849061,40,"Sockeye",-0.621200485203389,-0.61616462011021,-0.621200485178358
1986,9.82840232054392,-0.199436385156178,40,"Sockeye",-0.199436385156182,-0.194473828782408,-0.199436385131085
1987,9.84925425052643,-0.17858445517367,40,"Sockeye",-0.193422854876387,-0.188555825431262,-0.193422854851358
1988,9.94088249736363,-0.086956208336476,40,"Sockeye",-0.116633007741902,-0.111883756539449,-0.116633007717072
1989,10.2072328726451,0.179394166944959,40,"Sockeye",0.134878967836855,0.139488156328495,0.134878967861352
1990,10.4061322477129,0.378293542012779,40,"Sockeye",0.318939943201941,0.323386751311142,0.318939943225971
1991,9.84551741017236,-0.182321295527745,40,"Sockeye",-0.256513294041314,-0.252251217239163,-0.25651329401788
1992,10.6685152848562,0.640676579156064,40,"Sockeye",0.551646180939813,0.555701142207779,0.551646180962519
1993,10.759778102239,0.731939396538869,40,"Sockeye",0.628070598619899,0.631896026774392,0.628070598641752
1994,10.6669884257846,0.639149720084535,40,"Sockeye",0.520442522462785,0.524015966522697,0.520442522483657
1995,10.6538612312741,0.626022525573974,40,"Sockeye",0.49247692824957,0.49577590378218,0.492476928269342
1996,9.95418047904969,-0.0736582266504155,40,"Sockeye",-0.222042223677554,-0.219040234606419,-0.222042223659006
1997,10.701797803243,0.673959097542899,40,"Sockeye",0.510736700813043,0.513419151937157,0.51073670083025
1998,10.7561438878377,0.728305182137628,40,"Sockeye",0.550244385705029,0.552584713795241,0.550244385720784
1999,9.11753531297049,-0.910303392729614,40,"Sockeye",-1.10320258886489,-1.1012270025469,-1.1032025888507
2000,10.0723297860887,0.0444910803886238,40,"Sockeye",-0.1632465154494,-0.161658323343497,-0.163246515436876
2001,9.47777117623223,-0.550067529467868,40,"Sockeye",-0.772643525008584,-0.771465413306435,-0.772643524997831
2002,9.71463455094232,-0.313204154757784,40,"Sockeye",-0.550618550001208,-0.549873238696522,-0.550618549992324
2003,10.8390587568283,0.811220051128207,40,"Sockeye",0.558967256182058,0.559257013243132,0.558967256188982
2004,11.2136215368907,1.18578283119056,40,"Sockeye",0.918691636541745,0.918503051610189,0.918691636546622
2005,11.3720507356856,1.34421202998545,40,"Sockeye",1.06228243563393,1.06159268700733,1.06228243563668
2006,10.3157875935237,0.287948887823565,40,"Sockeye",-0.00881910623068353,-0.0100328742586946,-0.0088191062301437
2007,9.70267833603753,-0.325160369662571,40,"Sockeye",-0.636766763419567,-0.638527440610011,-0.636766763421305
2008,8.97445363468594,-1.05338507101416,40,"Sockeye",-1.37982986447387,-1.38216037469315,-1.37982986447795
2009,9.62358918454912,-0.40424952115098,40,"Sockeye",-0.745532714313405,-0.74845601558412,-0.745532714319889
2010,9.9515176349216,-0.0763210707785008,40,"Sockeye",-0.432442663643639,-0.43598174819547,-0.432442663652582
2011,10.0988614824083,0.0710227767082098,40,"Sockeye",-0.299937215859654,-0.30411511018035,-0.299937215871104
2012,9.42584045728048,-0.601998248419623,40,"Sockeye",-0.987796640690188,-0.992636405576594,-0.987796640704188
2013,10.3347285058763,0.306889800176229,40,"Sockeye",-0.0937469917970821,-0.0992717224062769,-0.0937469918136689
2014,10.8105786508984,0.782739945198308,40,"Sockeye",0.367264753522304,0.361031927621843,0.367264753503099
2015,11.5980569654041,1.57021825970399,40,"Sockeye",1.13990466832529,1.13294058310238,1.13990466830344
2016,11.5457954406738,1.51795673497373,40,"Sockeye",1.07280474389228,1.06508620080171,1.07280474386776
2017,10.5350975460476,0.507258840347538,40,"Sockeye",0.047268449563363,0.0387722154944399,0.0472684495361619
2018,10.8753743039237,0.847535598223609,40,"Sockeye",0.372706807736748,0.363409614961832,0.37270680770685
2019,11.3106628259023,1.2828241202022,40,"Sockeye",0.793156930012635,0.783035476135531,0.793156929980031
2020,10.6358341375987,0.607995431898572,40,"Sockeye",0.10348984200632,0.0925207899106333,0.103489841971005
2021,10.2418805625704,0.214041856870253,40,"Sockeye",-0.305302132724694,-0.317142154927302,-0.305302132762723
2022,10.2868545452754,0.259015839575267,40,"Sockeye",-0.275166549722408,-0.287900948743998,-0.275166549763151
1950,8.46358246273465,-1.56425624296545,42,"Sockeye",-1.03007385366783,-1.0362160301524,-1.03007385370849
1951,9.28400588035584,-0.743832825344262,42,"Sockeye",-0.224488835749273,-0.22994716174362,-0.224488835787298
1952,9.31242350737254,-0.715415198327565,42,"Sockeye",-0.210909608435287,-0.21570517399336,-0.210909608470597
1953,9.66605177190569,-0.361786933794416,42,"Sockeye",0.12788025639515,0.123726329795495,0.12788025636255
1954,9.36594125959608,-0.661897446104021,42,"Sockeye",-0.187068655617176,-0.190602096206948,-0.187068655647071
1955,9.10697763495975,-0.920861070740351,42,"Sockeye",-0.46087067995622,-0.463804819002203,-0.460870679983419
1956,10.1656429502699,0.137804244569802,42,"Sockeye",0.582956235651217,0.580600182118404,0.582956235626703
1957,10.4865947564443,0.458756050744194,42,"Sockeye",0.889069642122902,0.887270426461106,0.889069642101054
1958,11.5344352722168,1.5065965665167,42,"Sockeye",1.92207175819269,1.9208081011011,1.92207175817349
1959,10.2641420894199,0.236303383719793,42,"Sockeye",0.636940175693075,0.636190766165058,0.636940175676493
1960,9.99057445261214,-0.0372642530879617,42,"Sockeye",0.348534139182601,0.348277634458453,0.348534139168605
1961,10.4814562002818,0.453617494581679,42,"Sockeye",0.824577487149547,0.824792512669209,0.824577487138098
1962,10.109657380316,0.0818186746158959,42,"Sockeye",0.437940267481032,0.43860541683668,0.437940267472094
1963,10.7986033492618,0.770764643561716,42,"Sockeye",1.11204783672412,1.11314167161272,1.11204783671764
1964,9.30046388838027,-0.72737481731983,42,"Sockeye",-0.400930023860126,-0.399428973684342,-0.400930023864204
1965,8.81928569740719,-1.20855300829291,42,"Sockeye",-0.896946614535919,-0.895059851309036,-0.896946614537653
1966,9.58672165870667,-0.441117046993433,42,"Sockeye",-0.144349052939153,-0.142098110935253,-0.14434905293861
1967,9.92033359739516,-0.10750510830494,42,"Sockeye",0.174424486046623,0.177018040467734,0.174424486049373
1968,9.89526759253607,-0.132571113164027,42,"Sockeye",0.134520081484819,0.137434649829789,0.134520081489697
1969,9.33844815360176,-0.689390552098342,42,"Sockeye",-0.437137757152205,-0.433923805558123,-0.437137757145278
1970,9.60230195522309,-0.425536750477016,42,"Sockeye",-0.188122355233589,-0.184630683294513,-0.188122355224703
1971,8.74579034911261,-1.28204835658749,42,"Sockeye",-1.05947236104678,-1.05572466394422,-1.05947236103603
1972,9.41450149483151,-0.613337210868594,42,"Sockeye",-0.405599615030597,-0.401617620271516,-0.405599615018071
1973,9.46201821168264,-0.565820494017465,42,"Sockeye",-0.372921297882181,-0.368726765347215,-0.372921297867988
1974,9.44107242425283,-0.586766281447275,42,"Sockeye",-0.408705485014705,-0.404320207006343,-0.408705484998949
1975,8.94548608197107,-1.08235262372904,42,"Sockeye",-0.919130226999178,-0.914576028290103,-0.919130226981968
1976,8.99857862790426,-1.02926007779585,42,"Sockeye",-0.880876080768703,-0.87617481865016,-0.880876080750154
1977,9.70942840311262,-0.318410302587477,42,"Sockeye",-0.184864705263057,-0.180038269593322,-0.184864705243285
1978,10.1157547897763,0.087916084076169,42,"Sockeye",0.206623281697909,0.211552968445039,0.206623281718784
1979,9.96058826976352,-0.0672504359365814,42,"Sockeye",0.0366183619824144,0.0416293446689924,0.036618362004269
1980,9.83826433287727,-0.189574372822833,42,"Sockeye",-0.10054397460655,-0.095473683831278,-0.100543974583843
1981,10.2274632851283,0.199624579428183,42,"Sockeye",0.273816577941767,0.278924156193421,0.273816577965199
1982,9.26540811856587,-0.762430587134228,42,"Sockeye",-0.703076988323376,-0.697954176017996,-0.703076988299346
1983,10.8973920477761,0.869553342076015,42,"Sockeye",0.914068541184138,0.919184501261329,0.914068541208636
1984,9.81248727109697,-0.215351434603128,42,"Sockeye",-0.185674635197705,-0.180587646538832,-0.185674635172877
1985,9.391799820794,-0.6360388849061,42,"Sockeye",-0.621200485203389,-0.61616462011021,-0.621200485178358
1986,9.82840232054392,-0.199436385156178,42,"Sockeye",-0.199436385156182,-0.194473828782408,-0.199436385131085
1987,9.84925425052643,-0.17858445517367,42,"Sockeye",-0.193422854876387,-0.188555825431262,-0.193422854851358
1988,9.94088249736363,-0.086956208336476,42,"Sockeye",-0.116633007741902,-0.111883756539449,-0.116633007717072
1989,10.2072328726451,0.179394166944959,42,"Sockeye",0.134878967836855,0.139488156328495,0.134878967861352
1990,10.4061322477129,0.378293542012779,42,"Sockeye",0.318939943201941,0.323386751311142,0.318939943225971
1991,9.84551741017236,-0.182321295527745,42,"Sockeye",-0.256513294041314,-0.252251217239163,-0.25651329401788
1992,10.6685152848562,0.640676579156064,42,"Sockeye",0.551646180939813,0.555701142207779,0.551646180962519
1993,10.759778102239,0.731939396538869,42,"Sockeye",0.628070598619899,0.631896026774392,0.628070598641752
1994,10.6669884257846,0.639149720084535,42,"Sockeye",0.520442522462785,0.524015966522697,0.520442522483657
1995,10.6538612312741,0.626022525573974,42,"Sockeye",0.49247692824957,0.49577590378218,0.492476928269342
1996,9.95418047904969,-0.0736582266504155,42,"Sockeye",-0.222042223677554,-0.219040234606419,-0.222042223659006
1997,10.701797803243,0.673959097542899,42,"Sockeye",0.510736700813043,0.513419151937157,0.51073670083025
1998,10.7561438878377,0.728305182137628,42,"Sockeye",0.550244385705029,0.552584713795241,0.550244385720784
1999,9.11753531297049,-0.910303392729614,42,"Sockeye",-1.10320258886489,-1.1012270025469,-1.1032025888507
2000,10.0723297860887,0.0444910803886238,42,"Sockeye",-0.1632465154494,-0.161658323343497,-0.163246515436876
2001,9.47777117623223,-0.550067529467868,42,"Sockeye",-0.772643525008584,-0.771465413306435,-0.772643524997831
2002,9.71463455094232,-0.313204154757784,42,"Sockeye",-0.550618550001208,-0.549873238696522,-0.550618549992324
2003,10.8390587568283,0.811220051128207,42,"Sockeye",0.558967256182058,0.559257013243132,0.558967256188982
2004,11.2136215368907,1.18578283119056,42,"Sockeye",0.918691636541745,0.918503051610189,0.918691636546622
2005,11.3720507356856,1.34421202998545,42,"Sockeye",1.06228243563393,1.06159268700733,1.06228243563668
2006,10.3157875935237,0.287948887823565,42,"Sockeye",-0.00881910623068353,-0.0100328742586946,-0.0088191062301437
2007,9.70267833603753,-0.325160369662571,42,"Sockeye",-0.636766763419567,-0.638527440610011,-0.636766763421305
2008,8.97445363468594,-1.05338507101416,42,"Sockeye",-1.37982986447387,-1.38216037469315,-1.37982986447795
2009,9.62358918454912,-0.40424952115098,42,"Sockeye",-0.745532714313405,-0.74845601558412,-0.745532714319889
2010,9.9515176349216,-0.0763210707785008,42,"Sockeye",-0.432442663643639,-0.43598174819547,-0.432442663652582
2011,10.0988614824083,0.0710227767082098,42,"Sockeye",-0.299937215859654,-0.30411511018035,-0.299937215871104
2012,9.42584045728048,-0.601998248419623,42,"Sockeye",-0.987796640690188,-0.992636405576594,-0.987796640704188
2013,10.3347285058763,0.306889800176229,42,"Sockeye",-0.0937469917970821,-0.0992717224062769,-0.0937469918136689
2014,10.8105786508984,0.782739945198308,42,"Sockeye",0.367264753522304,0.361031927621843,0.367264753503099
2015,11.5980569654041,1.57021825970399,42,"Sockeye",1.13990466832529,1.13294058310238,1.13990466830344
2016,11.5457954406738,1.51795673497373,42,"Sockeye",1.07280474389228,1.06508620080171,1.07280474386776
2017,10.5350975460476,0.507258840347538,42,"Sockeye",0.047268449563363,0.0387722154944399,0.0472684495361619
2018,10.8753743039237,0.847535598223609,42,"Sockeye",0.372706807736748,0.363409614961832,0.37270680770685
2019,11.3106628259023,1.2828241202022,42,"Sockeye",0.793156930012635,0.783035476135531,0.793156929980031
2020,10.6358341375987,0.607995431898572,42,"Sockeye",0.10348984200632,0.0925207899106333,0.103489841971005
2021,10.2418805625704,0.214041856870253,42,"Sockeye",-0.305302132724694,-0.317142154927302,-0.305302132762723
2022,10.2868545452754,0.259015839575267,42,"Sockeye",-0.275166549722408,-0.287900948743998,-0.275166549763151
1950,8.46358246273465,-1.56425624296545,45,"Sockeye",-1.03007385366783,-1.0362160301524,-1.03007385370849
1951,9.28400588035584,-0.743832825344262,45,"Sockeye",-0.224488835749273,-0.22994716174362,-0.224488835787298
1952,9.31242350737254,-0.715415198327565,45,"Sockeye",-0.210909608435287,-0.21570517399336,-0.210909608470597
1953,9.66605177190569,-0.361786933794416,45,"Sockeye",0.12788025639515,0.123726329795495,0.12788025636255
1954,9.36594125959608,-0.661897446104021,45,"Sockeye",-0.187068655617176,-0.190602096206948,-0.187068655647071
1955,9.10697763495975,-0.920861070740351,45,"Sockeye",-0.46087067995622,-0.463804819002203,-0.460870679983419
1956,10.1656429502699,0.137804244569802,45,"Sockeye",0.582956235651217,0.580600182118404,0.582956235626703
1957,10.4865947564443,0.458756050744194,45,"Sockeye",0.889069642122902,0.887270426461106,0.889069642101054
1958,11.5344352722168,1.5065965665167,45,"Sockeye",1.92207175819269,1.9208081011011,1.92207175817349
1959,10.2641420894199,0.236303383719793,45,"Sockeye",0.636940175693075,0.636190766165058,0.636940175676493
1960,9.99057445261214,-0.0372642530879617,45,"Sockeye",0.348534139182601,0.348277634458453,0.348534139168605
1961,10.4814562002818,0.453617494581679,45,"Sockeye",0.824577487149547,0.824792512669209,0.824577487138098
1962,10.109657380316,0.0818186746158959,45,"Sockeye",0.437940267481032,0.43860541683668,0.437940267472094
1963,10.7986033492618,0.770764643561716,45,"Sockeye",1.11204783672412,1.11314167161272,1.11204783671764
1964,9.30046388838027,-0.72737481731983,45,"Sockeye",-0.400930023860126,-0.399428973684342,-0.400930023864204
1965,8.81928569740719,-1.20855300829291,45,"Sockeye",-0.896946614535919,-0.895059851309036,-0.896946614537653
1966,9.58672165870667,-0.441117046993433,45,"Sockeye",-0.144349052939153,-0.142098110935253,-0.14434905293861
1967,9.92033359739516,-0.10750510830494,45,"Sockeye",0.174424486046623,0.177018040467734,0.174424486049373
1968,9.89526759253607,-0.132571113164027,45,"Sockeye",0.134520081484819,0.137434649829789,0.134520081489697
1969,9.33844815360176,-0.689390552098342,45,"Sockeye",-0.437137757152205,-0.433923805558123,-0.437137757145278
1970,9.60230195522309,-0.425536750477016,45,"Sockeye",-0.188122355233589,-0.184630683294513,-0.188122355224703
1971,8.74579034911261,-1.28204835658749,45,"Sockeye",-1.05947236104678,-1.05572466394422,-1.05947236103603
1972,9.41450149483151,-0.613337210868594,45,"Sockeye",-0.405599615030597,-0.401617620271516,-0.405599615018071
1973,9.46201821168264,-0.565820494017465,45,"Sockeye",-0.372921297882181,-0.368726765347215,-0.372921297867988
1974,9.44107242425283,-0.586766281447275,45,"Sockeye",-0.408705485014705,-0.404320207006343,-0.408705484998949
1975,8.94548608197107,-1.08235262372904,45,"Sockeye",-0.919130226999178,-0.914576028290103,-0.919130226981968
1976,8.99857862790426,-1.02926007779585,45,"Sockeye",-0.880876080768703,-0.87617481865016,-0.880876080750154
1977,9.70942840311262,-0.318410302587477,45,"Sockeye",-0.184864705263057,-0.180038269593322,-0.184864705243285
1978,10.1157547897763,0.087916084076169,45,"Sockeye",0.206623281697909,0.211552968445039,0.206623281718784
1979,9.96058826976352,-0.0672504359365814,45,"Sockeye",0.0366183619824144,0.0416293446689924,0.036618362004269
1980,9.83826433287727,-0.189574372822833,45,"Sockeye",-0.10054397460655,-0.095473683831278,-0.100543974583843
1981,10.2274632851283,0.199624579428183,45,"Sockeye",0.273816577941767,0.278924156193421,0.273816577965199
1982,9.26540811856587,-0.762430587134228,45,"Sockeye",-0.703076988323376,-0.697954176017996,-0.703076988299346
1983,10.8973920477761,0.869553342076015,45,"Sockeye",0.914068541184138,0.919184501261329,0.914068541208636
1984,9.81248727109697,-0.215351434603128,45,"Sockeye",-0.185674635197705,-0.180587646538832,-0.185674635172877
1985,9.391799820794,-0.6360388849061,45,"Sockeye",-0.621200485203389,-0.61616462011021,-0.621200485178358
1986,9.82840232054392,-0.199436385156178,45,"Sockeye",-0.199436385156182,-0.194473828782408,-0.199436385131085
1987,9.84925425052643,-0.17858445517367,45,"Sockeye",-0.193422854876387,-0.188555825431262,-0.193422854851358
1988,9.94088249736363,-0.086956208336476,45,"Sockeye",-0.116633007741902,-0.111883756539449,-0.116633007717072
1989,10.2072328726451,0.179394166944959,45,"Sockeye",0.134878967836855,0.139488156328495,0.134878967861352
1990,10.4061322477129,0.378293542012779,45,"Sockeye",0.318939943201941,0.323386751311142,0.318939943225971
1991,9.84551741017236,-0.182321295527745,45,"Sockeye",-0.256513294041314,-0.252251217239163,-0.25651329401788
1992,10.6685152848562,0.640676579156064,45,"Sockeye",0.551646180939813,0.555701142207779,0.551646180962519
1993,10.759778102239,0.731939396538869,45,"Sockeye",0.628070598619899,0.631896026774392,0.628070598641752
1994,10.6669884257846,0.639149720084535,45,"Sockeye",0.520442522462785,0.524015966522697,0.520442522483657
1995,10.6538612312741,0.626022525573974,45,"Sockeye",0.49247692824957,0.49577590378218,0.492476928269342
1996,9.95418047904969,-0.0736582266504155,45,"Sockeye",-0.222042223677554,-0.219040234606419,-0.222042223659006
1997,10.701797803243,0.673959097542899,45,"Sockeye",0.510736700813043,0.513419151937157,0.51073670083025
1998,10.7561438878377,0.728305182137628,45,"Sockeye",0.550244385705029,0.552584713795241,0.550244385720784
1999,9.11753531297049,-0.910303392729614,45,"Sockeye",-1.10320258886489,-1.1012270025469,-1.1032025888507
2000,10.0723297860887,0.0444910803886238,45,"Sockeye",-0.1632465154494,-0.161658323343497,-0.163246515436876
2001,9.47777117623223,-0.550067529467868,45,"Sockeye",-0.772643525008584,-0.771465413306435,-0.772643524997831
2002,9.71463455094232,-0.313204154757784,45,"Sockeye",-0.550618550001208,-0.549873238696522,-0.550618549992324
2003,10.8390587568283,0.811220051128207,45,"Sockeye",0.558967256182058,0.559257013243132,0.558967256188982
2004,11.2136215368907,1.18578283119056,45,"Sockeye",0.918691636541745,0.918503051610189,0.918691636546622
2005,11.3720507356856,1.34421202998545,45,"Sockeye",1.06228243563393,1.06159268700733,1.06228243563668
2006,10.3157875935237,0.287948887823565,45,"Sockeye",-0.00881910623068353,-0.0100328742586946,-0.0088191062301437
2007,9.70267833603753,-0.325160369662571,45,"Sockeye",-0.636766763419567,-0.638527440610011,-0.636766763421305
2008,8.97445363468594,-1.05338507101416,45,"Sockeye",-1.37982986447387,-1.38216037469315,-1.37982986447795
2009,9.62358918454912,-0.40424952115098,45,"Sockeye",-0.745532714313405,-0.74845601558412,-0.745532714319889
2010,9.9515176349216,-0.0763210707785008,45,"Sockeye",-0.432442663643639,-0.43598174819547,-0.432442663652582
2011,10.0988614824083,0.0710227767082098,45,"Sockeye",-0.299937215859654,-0.30411511018035,-0.299937215871104
2012,9.42584045728048,-0.601998248419623,45,"Sockeye",-0.987796640690188,-0.992636405576594,-0.987796640704188
2013,10.3347285058763,0.306889800176229,45,"Sockeye",-0.0937469917970821,-0.0992717224062769,-0.0937469918136689
2014,10.8105786508984,0.782739945198308,45,"Sockeye",0.367264753522304,0.361031927621843,0.367264753503099
2015,11.5980569654041,1.57021825970399,45,"Sockeye",1.13990466832529,1.13294058310238,1.13990466830344
2016,11.5457954406738,1.51795673497373,45,"Sockeye",1.07280474389228,1.06508620080171,1.07280474386776
2017,10.5350975460476,0.507258840347538,45,"Sockeye",0.047268449563363,0.0387722154944399,0.0472684495361619
2018,10.8753743039237,0.847535598223609,45,"Sockeye",0.372706807736748,0.363409614961832,0.37270680770685
2019,11.3106628259023,1.2828241202022,45,"Sockeye",0.793156930012635,0.783035476135531,0.793156929980031
2020,10.6358341375987,0.607995431898572,45,"Sockeye",0.10348984200632,0.0925207899106333,0.103489841971005
2021,10.2418805625704,0.214041856870253,45,"Sockeye",-0.305302132724694,-0.317142154927302,-0.305302132762723
2022,10.2868545452754,0.259015839575267,45,"Sockeye",-0.275166549722408,-0.287900948743998,-0.275166549763151
1950,8.46358246273465,-1.56425624296545,48,"Sockeye",-1.03007385366783,-1.0362160301524,-1.03007385370849
1951,9.28400588035584,-0.743832825344262,48,"Sockeye",-0.224488835749273,-0.22994716174362,-0.224488835787298
1952,9.31242350737254,-0.715415198327565,48,"Sockeye",-0.210909608435287,-0.21570517399336,-0.210909608470597
1953,9.66605177190569,-0.361786933794416,48,"Sockeye",0.12788025639515,0.123726329795495,0.12788025636255
1954,9.36594125959608,-0.661897446104021,48,"Sockeye",-0.187068655617176,-0.190602096206948,-0.187068655647071
1955,9.10697763495975,-0.920861070740351,48,"Sockeye",-0.46087067995622,-0.463804819002203,-0.460870679983419
1956,10.1656429502699,0.137804244569802,48,"Sockeye",0.582956235651217,0.580600182118404,0.582956235626703
1957,10.4865947564443,0.458756050744194,48,"Sockeye",0.889069642122902,0.887270426461106,0.889069642101054
1958,11.5344352722168,1.5065965665167,48,"Sockeye",1.92207175819269,1.9208081011011,1.92207175817349
1959,10.2641420894199,0.236303383719793,48,"Sockeye",0.636940175693075,0.636190766165058,0.636940175676493
1960,9.99057445261214,-0.0372642530879617,48,"Sockeye",0.348534139182601,0.348277634458453,0.348534139168605
1961,10.4814562002818,0.453617494581679,48,"Sockeye",0.824577487149547,0.824792512669209,0.824577487138098
1962,10.109657380316,0.0818186746158959,48,"Sockeye",0.437940267481032,0.43860541683668,0.437940267472094
1963,10.7986033492618,0.770764643561716,48,"Sockeye",1.11204783672412,1.11314167161272,1.11204783671764
1964,9.30046388838027,-0.72737481731983,48,"Sockeye",-0.400930023860126,-0.399428973684342,-0.400930023864204
1965,8.81928569740719,-1.20855300829291,48,"Sockeye",-0.896946614535919,-0.895059851309036,-0.896946614537653
1966,9.58672165870667,-0.441117046993433,48,"Sockeye",-0.144349052939153,-0.142098110935253,-0.14434905293861
1967,9.92033359739516,-0.10750510830494,48,"Sockeye",0.174424486046623,0.177018040467734,0.174424486049373
1968,9.89526759253607,-0.132571113164027,48,"Sockeye",0.134520081484819,0.137434649829789,0.134520081489697
1969,9.33844815360176,-0.689390552098342,48,"Sockeye",-0.437137757152205,-0.433923805558123,-0.437137757145278
1970,9.60230195522309,-0.425536750477016,48,"Sockeye",-0.188122355233589,-0.184630683294513,-0.188122355224703
1971,8.74579034911261,-1.28204835658749,48,"Sockeye",-1.05947236104678,-1.05572466394422,-1.05947236103603
1972,9.41450149483151,-0.613337210868594,48,"Sockeye",-0.405599615030597,-0.401617620271516,-0.405599615018071
1973,9.46201821168264,-0.565820494017465,48,"Sockeye",-0.372921297882181,-0.368726765347215,-0.372921297867988
1974,9.44107242425283,-0.586766281447275,48,"Sockeye",-0.408705485014705,-0.404320207006343,-0.408705484998949
1975,8.94548608197107,-1.08235262372904,48,"Sockeye",-0.919130226999178,-0.914576028290103,-0.919130226981968
1976,8.99857862790426,-1.02926007779585,48,"Sockeye",-0.880876080768703,-0.87617481865016,-0.880876080750154
1977,9.70942840311262,-0.318410302587477,48,"Sockeye",-0.184864705263057,-0.180038269593322,-0.184864705243285
1978,10.1157547897763,0.087916084076169,48,"Sockeye",0.206623281697909,0.211552968445039,0.206623281718784
1979,9.96058826976352,-0.0672504359365814,48,"Sockeye",0.0366183619824144,0.0416293446689924,0.036618362004269
1980,9.83826433287727,-0.189574372822833,48,"Sockeye",-0.10054397460655,-0.095473683831278,-0.100543974583843
1981,10.2274632851283,0.199624579428183,48,"Sockeye",0.273816577941767,0.278924156193421,0.273816577965199
1982,9.26540811856587,-0.762430587134228,48,"Sockeye",-0.703076988323376,-0.697954176017996,-0.703076988299346
1983,10.8973920477761,0.869553342076015,48,"Sockeye",0.914068541184138,0.919184501261329,0.914068541208636
1984,9.81248727109697,-0.215351434603128,48,"Sockeye",-0.185674635197705,-0.180587646538832,-0.185674635172877
1985,9.391799820794,-0.6360388849061,48,"Sockeye",-0.621200485203389,-0.61616462011021,-0.621200485178358
1986,9.82840232054392,-0.199436385156178,48,"Sockeye",-0.199436385156182,-0.194473828782408,-0.199436385131085
1987,9.84925425052643,-0.17858445517367,48,"Sockeye",-0.193422854876387,-0.188555825431262,-0.193422854851358
1988,9.94088249736363,-0.086956208336476,48,"Sockeye",-0.116633007741902,-0.111883756539449,-0.116633007717072
1989,10.2072328726451,0.179394166944959,48,"Sockeye",0.134878967836855,0.139488156328495,0.134878967861352
1990,10.4061322477129,0.378293542012779,48,"Sockeye",0.318939943201941,0.323386751311142,0.318939943225971
1991,9.84551741017236,-0.182321295527745,48,"Sockeye",-0.256513294041314,-0.252251217239163,-0.25651329401788
1992,10.6685152848562,0.640676579156064,48,"Sockeye",0.551646180939813,0.555701142207779,0.551646180962519
1993,10.759778102239,0.731939396538869,48,"Sockeye",0.628070598619899,0.631896026774392,0.628070598641752
1994,10.6669884257846,0.639149720084535,48,"Sockeye",0.520442522462785,0.524015966522697,0.520442522483657
1995,10.6538612312741,0.626022525573974,48,"Sockeye",0.49247692824957,0.49577590378218,0.492476928269342
1996,9.95418047904969,-0.0736582266504155,48,"Sockeye",-0.222042223677554,-0.219040234606419,-0.222042223659006
1997,10.701797803243,0.673959097542899,48,"Sockeye",0.510736700813043,0.513419151937157,0.51073670083025
1998,10.7561438878377,0.728305182137628,48,"Sockeye",0.550244385705029,0.552584713795241,0.550244385720784
1999,9.11753531297049,-0.910303392729614,48,"Sockeye",-1.10320258886489,-1.1012270025469,-1.1032025888507
2000,10.0723297860887,0.0444910803886238,48,"Sockeye",-0.1632465154494,-0.161658323343497,-0.163246515436876
2001,9.47777117623223,-0.550067529467868,48,"Sockeye",-0.772643525008584,-0.771465413306435,-0.772643524997831
2002,9.71463455094232,-0.313204154757784,48,"Sockeye",-0.550618550001208,-0.549873238696522,-0.550618549992324
2003,10.8390587568283,0.811220051128207,48,"Sockeye",0.558967256182058,0.559257013243132,0.558967256188982
2004,11.2136215368907,1.18578283119056,48,"Sockeye",0.918691636541745,0.918503051610189,0.918691636546622
2005,11.3720507356856,1.34421202998545,48,"Sockeye",1.06228243563393,1.06159268700733,1.06228243563668
2006,10.3157875935237,0.287948887823565,48,"Sockeye",-0.00881910623068353,-0.0100328742586946,-0.0088191062301437
2007,9.70267833603753,-0.325160369662571,48,"Sockeye",-0.636766763419567,-0.638527440610011,-0.636766763421305
2008,8.97445363468594,-1.05338507101416,48,"Sockeye",-1.37982986447387,-1.38216037469315,-1.37982986447795
2009,9.62358918454912,-0.40424952115098,48,"Sockeye",-0.745532714313405,-0.74845601558412,-0.745532714319889
2010,9.9515176349216,-0.0763210707785008,48,"Sockeye",-0.432442663643639,-0.43598174819547,-0.432442663652582
2011,10.0988614824083,0.0710227767082098,48,"Sockeye",-0.299937215859654,-0.30411511018035,-0.299937215871104
2012,9.42584045728048,-0.601998248419623,48,"Sockeye",-0.987796640690188,-0.992636405576594,-0.987796640704188
2013,10.3347285058763,0.306889800176229,48,"Sockeye",-0.0937469917970821,-0.0992717224062769,-0.0937469918136689
2014,10.8105786508984,0.782739945198308,48,"Sockeye",0.367264753522304,0.361031927621843,0.367264753503099
2015,11.5980569654041,1.57021825970399,48,"Sockeye",1.13990466832529,1.13294058310238,1.13990466830344
2016,11.5457954406738,1.51795673497373,48,"Sockeye",1.07280474389228,1.06508620080171,1.07280474386776
2017,10.5350975460476,0.507258840347538,48,"Sockeye",0.047268449563363,0.0387722154944399,0.0472684495361619
2018,10.8753743039237,0.847535598223609,48,"Sockeye",0.372706807736748,0.363409614961832,0.37270680770685
2019,11.3106628259023,1.2828241202022,48,"Sockeye",0.793156930012635,0.783035476135531,0.793156929980031
2020,10.6358341375987,0.607995431898572,48,"Sockeye",0.10348984200632,0.0925207899106333,0.103489841971005
2021,10.2418805625704,0.214041856870253,48,"Sockeye",-0.305302132724694,-0.317142154927302,-0.305302132762723
2022,10.2868545452754,0.259015839575267,48,"Sockeye",-0.275166549722408,-0.287900948743998,-0.275166549763151
1950,8.39075311024984,-1.56903950790655,56,"Sockeye",-1.03254179828704,-1.03861276518549,-1.0325417983345
1951,9.20069702466329,-0.759095593493095,56,"Sockeye",-0.237500598029591,-0.24288139939272,-0.237500598073986
1952,9.26858642366197,-0.691206194494414,56,"Sockeye",-0.18451391318701,-0.189225971084982,-0.184513913228239
1953,9.62402669588725,-0.33576592226914,56,"Sockeye",0.15602364488217,0.151958876090365,0.156023644844108
1954,9.31769204139709,-0.642100576759297,56,"Sockeye",-0.165213723764091,-0.168652690146107,-0.165213723798995
1955,9.06035485532549,-0.899437762830901,56,"Sockeye",-0.43745362399179,-0.440288307046533,-0.437453624023545
1956,10.1219551033444,0.162162485187993,56,"Sockeye",0.609243909871019,0.606991958626079,0.609243909842396
1957,10.4113723436991,0.451579725542748,56,"Sockeye",0.883758436069619,0.882067632633184,0.883758436044108
1958,11.4412601391474,1.48146752099105,56,"Sockeye",1.89874351736182,1.89759224519979,1.8987435173394
1959,10.2269928720262,0.267200253869843,56,"Sockeye",0.669573536084519,0.668940146080946,0.669573536065155
1960,9.936689125167,-0.0231034929893841,56,"Sockeye",0.364367075069219,0.364229885477229,0.364367075052874
1961,10.433036380344,0.473243762187583,56,"Sockeye",0.845811616090118,0.846148912482697,0.845811616076752
1962,10.0387146075567,0.078921989400275,56,"Sockeye",0.43658712914672,0.437377164367478,0.436587129136278
1963,10.715894209014,0.756101590857657,56,"Sockeye",1.09886401644792,1.10008501056174,1.09886401644035
1964,9.22130938371023,-0.738483234446157,56,"Sockeye",-0.410623523011951,-0.408993382768301,-0.410623523016715
1965,8.69173863199022,-1.26805398616617,56,"Sockeye",-0.955096988888062,-0.95307954815542,-0.955096988890091
1966,9.48373418384128,-0.476058434315104,56,"Sockeye",-0.178004151193101,-0.175621288539469,-0.178004151192471
1967,9.86012513107724,-0.0996674870791435,56,"Sockeye",0.183484081886759,0.186210454916591,0.183484081889965
1968,9.85196483135223,-0.107827786804157,56,"Sockeye",0.160421068005649,0.163469006840403,0.16042106801134
1969,9.24843270248838,-0.711359915668011,56,"Sockeye",-0.458013775014302,-0.454666248022184,-0.45801377500622
1970,9.5227062702179,-0.43708634793849,56,"Sockeye",-0.198642921440881,-0.195017817065086,-0.19864292143051
1971,8.6572572655148,-1.30253535264159,56,"Sockeye",-1.07899464030008,-1.07511400249035,-1.07899464028753
1972,9.30562535921733,-0.654167258939061,56,"Sockeye",-0.445529260753651,-0.441415166685784,-0.445529260739034
1973,9.37488092316521,-0.584911694991173,56,"Sockeye",-0.391176410961872,-0.386850971087828,-0.391176410945306
1974,9.39009192254808,-0.569700695608306,56,"Sockeye",-0.390868125735101,-0.386353483833123,-0.390868125716711
1975,8.84669456217024,-1.11309805598614,56,"Sockeye",-0.949168200269041,-0.94448653349391,-0.949168200248955
1976,8.95677643352085,-1.00301618463554,56,"Sockeye",-0.853989043074531,-0.849162562007869,-0.853989043052879
1977,9.66946607165866,-0.290326546497725,56,"Sockeye",-0.156202119092823,-0.151253067793467,-0.156202119069745
1978,10.0311250156826,0.0713323975262567,56,"Sockeye",0.190554110775018,0.195603454720544,0.190554110799383
1979,9.87119772699144,-0.088594891164947,56,"Sockeye",0.015724107927758,0.0208514333547143,0.0157241079532664
1980,9.76551293002235,-0.194279688134039,56,"Sockeye",-0.104863403197432,-0.0996804410826044,-0.104863403170928
1981,10.1835734711753,0.22378085301892,56,"Sockeye",0.298294423799418,0.303510644129032,0.298294423826771
1982,9.18044098218282,-0.77935163597357,56,"Sockeye",-0.719740779349163,-0.714513713008113,-0.719740779321112
1983,10.8528752062056,0.893082588049193,56,"Sockeye",0.937790730517517,0.943006196885525,0.93779073054611
1984,9.80108344554901,-0.158709172607373,56,"Sockeye",-0.128903744295173,-0.123722357716723,-0.128903744266191
1985,9.29743630356259,-0.662356314593799,56,"Sockeye",-0.647453600437693,-0.642328807348338,-0.647453600408475
1986,9.73619068993462,-0.223601928221763,56,"Sockeye",-0.223601928221762,-0.218556276255146,-0.223601928192467
1987,9.77631648381552,-0.183476134340873,56,"Sockeye",-0.198378848496962,-0.193434919271978,-0.198378848467746
1988,9.91036554177602,-0.0494270763803633,56,"Sockeye",-0.0792325046925624,-0.0744129138645704,-0.0792325046635796
1989,10.1519232458538,0.192130627697463,56,"Sockeye",0.147422485229117,0.15209508791698,0.14742248525771
1990,10.3315148353577,0.371722217201279,56,"Sockeye",0.312111360576917,0.316614291242352,0.312111360604966
1991,9.74287356270684,-0.216919055449546,56,"Sockeye",-0.291432626230042,-0.287122085659933,-0.291432626202688
1992,10.5445090532303,0.584716435073903,56,"Sockeye",0.495300150137317,0.499395548297052,0.495300150163821
1993,10.6856415669123,0.725848948755943,56,"Sockeye",0.621529949663218,0.625387418803767,0.621529949688725
1994,10.5694308678309,0.609638249674522,56,"Sockeye",0.490416536425716,0.494013255592831,0.490416536450082
1995,10.5656202501721,0.6058276320157,56,"Sockeye",0.471703204610818,0.475016318453033,0.471703204633895
1996,9.8809523847368,-0.0788402334195825,56,"Sockeye",-0.227867374980584,-0.224860756263803,-0.227867374958933
1997,10.631355603536,0.671562985379584,56,"Sockeye",0.507633129662518,0.510310328952357,0.507633129682604
1998,10.6770483652751,0.717255747118681,56,"Sockeye",0.538423177245517,0.540747998253917,0.538423177263907
1999,9.06372743182713,-0.89606518632926,56,"Sockeye",-1.08980047035855,-1.08785102109116,-1.08980047034199
2000,10.0134172969394,0.0536246787830331,56,"Sockeye",-0.155013319402384,-0.153462269992788,-0.155013319387766
2001,9.42046201229095,-0.539330605865432,56,"Sockeye",-0.762871318206934,-0.761741731481392,-0.762871318194385
2002,9.62251765198178,-0.33727496617461,56,"Sockeye",-0.575718392672203,-0.575033366218745,-0.575718392661834
2003,10.7783299816979,0.818537363541543,56,"Sockeye",0.565191222887816,0.565408556666981,0.565191222895898
2004,11.1366908815172,1.17689826336081,56,"Sockeye",0.908649408551017,0.908375882387027,0.908649408556707
2005,11.3309096097946,1.37111699163822,56,"Sockeye",1.08796542267232,1.08717783437712,1.08796542267552
2006,10.2519864241282,0.292193805971831,56,"Sockeye",-0.00586047715018391,-0.00718536473649145,-0.00586047714955384
2007,9.64348389042748,-0.316308727728902,56,"Sockeye",-0.629265725007003,-0.631151184068862,-0.629265725009033
2008,8.94079105059306,-1.01900156756333,56,"Sockeye",-1.34686127899752,-1.34933061679671,-1.34686127900229
2009,9.56913937462701,-0.390653243529379,56,"Sockeye",-0.733415669119674,-0.736492228048176,-0.733415669127245
2010,9.91673268212212,-0.0430599360342642,56,"Sockeye",-0.400725075780664,-0.404432233413635,-0.400725075791106
2011,10.0942856868108,0.134493068654423,56,"Sockeye",-0.238074785248084,-0.242435954396857,-0.238074785261453
2012,9.37282534440359,-0.586967273752803,56,"Sockeye",-0.974437841811393,-0.979476470576603,-0.974437841827738
2013,10.2485618193944,0.288769201238044,56,"Sockeye",-0.113604080976684,-0.119343652801463,-0.113604080996049
2014,10.7235251002842,0.763732482127773,56,"Sockeye",0.346456485757015,0.339992452033782,0.346456485734592
2015,11.4946534766091,1.53486085845274,56,"Sockeye",1.10268214792582,1.09547009801613,1.10268214790031
2016,11.496823893653,1.53703127549663,56,"Sockeye",1.08994985081362,1.08196619492693,1.08994985078499
2017,10.4880664878421,0.528273869685756,56,"Sockeye",0.0662897308466165,0.0575108436363436,0.0662897308148587
2018,10.8141409953435,0.85434837718714,56,"Sockeye",0.377461524191916,0.367863744701811,0.377461524157011
2019,11.2629903819826,1.3031977638262,56,"Sockeye",0.811408196674916,0.800967828285412,0.811408196636853
2020,10.5485669904285,0.588774372272111,56,"Sockeye",0.0820820909647149,0.0707754013391781,0.0820820909234872
2021,10.1246032582389,0.164810640082506,56,"Sockeye",-0.356784355380985,-0.368981134350102,-0.356784355425381
2022,10.2518132660124,0.292020647856013,56,"Sockeye",-0.244477061763585,-0.25758773400865,-0.24447706181115
1950,8.39075311024984,-1.56903950790655,57,"Sockeye",-1.03254179828704,-1.03861276518549,-1.0325417983345
1951,9.20069702466329,-0.759095593493095,57,"Sockeye",-0.237500598029591,-0.24288139939272,-0.237500598073986
1952,9.26858642366197,-0.691206194494414,57,"Sockeye",-0.18451391318701,-0.189225971084982,-0.184513913228239
1953,9.62402669588725,-0.33576592226914,57,"Sockeye",0.15602364488217,0.151958876090365,0.156023644844108
1954,9.31769204139709,-0.642100576759297,57,"Sockeye",-0.165213723764091,-0.168652690146107,-0.165213723798995
1955,9.06035485532549,-0.899437762830901,57,"Sockeye",-0.43745362399179,-0.440288307046533,-0.437453624023545
1956,10.1219551033444,0.162162485187993,57,"Sockeye",0.609243909871019,0.606991958626079,0.609243909842396
1957,10.4113723436991,0.451579725542748,57,"Sockeye",0.883758436069619,0.882067632633184,0.883758436044108
1958,11.4412601391474,1.48146752099105,57,"Sockeye",1.89874351736182,1.89759224519979,1.8987435173394
1959,10.2269928720262,0.267200253869843,57,"Sockeye",0.669573536084519,0.668940146080946,0.669573536065155
1960,9.936689125167,-0.0231034929893841,57,"Sockeye",0.364367075069219,0.364229885477229,0.364367075052874
1961,10.433036380344,0.473243762187583,57,"Sockeye",0.845811616090118,0.846148912482697,0.845811616076752
1962,10.0387146075567,0.078921989400275,57,"Sockeye",0.43658712914672,0.437377164367478,0.436587129136278
1963,10.715894209014,0.756101590857657,57,"Sockeye",1.09886401644792,1.10008501056174,1.09886401644035
1964,9.22130938371023,-0.738483234446157,57,"Sockeye",-0.410623523011951,-0.408993382768301,-0.410623523016715
1965,8.69173863199022,-1.26805398616617,57,"Sockeye",-0.955096988888062,-0.95307954815542,-0.955096988890091
1966,9.48373418384128,-0.476058434315104,57,"Sockeye",-0.178004151193101,-0.175621288539469,-0.178004151192471
1967,9.86012513107724,-0.0996674870791435,57,"Sockeye",0.183484081886759,0.186210454916591,0.183484081889965
1968,9.85196483135223,-0.107827786804157,57,"Sockeye",0.160421068005649,0.163469006840403,0.16042106801134
1969,9.24843270248838,-0.711359915668011,57,"Sockeye",-0.458013775014302,-0.454666248022184,-0.45801377500622
1970,9.5227062702179,-0.43708634793849,57,"Sockeye",-0.198642921440881,-0.195017817065086,-0.19864292143051
1971,8.6572572655148,-1.30253535264159,57,"Sockeye",-1.07899464030008,-1.07511400249035,-1.07899464028753
1972,9.30562535921733,-0.654167258939061,57,"Sockeye",-0.445529260753651,-0.441415166685784,-0.445529260739034
1973,9.37488092316521,-0.584911694991173,57,"Sockeye",-0.391176410961872,-0.386850971087828,-0.391176410945306
1974,9.39009192254808,-0.569700695608306,57,"Sockeye",-0.390868125735101,-0.386353483833123,-0.390868125716711
1975,8.84669456217024,-1.11309805598614,57,"Sockeye",-0.949168200269041,-0.94448653349391,-0.949168200248955
1976,8.95677643352085,-1.00301618463554,57,"Sockeye",-0.853989043074531,-0.849162562007869,-0.853989043052879
1977,9.66946607165866,-0.290326546497725,57,"Sockeye",-0.156202119092823,-0.151253067793467,-0.156202119069745
1978,10.0311250156826,0.0713323975262567,57,"Sockeye",0.190554110775018,0.195603454720544,0.190554110799383
1979,9.87119772699144,-0.088594891164947,57,"Sockeye",0.015724107927758,0.0208514333547143,0.0157241079532664
1980,9.76551293002235,-0.194279688134039,57,"Sockeye",-0.104863403197432,-0.0996804410826044,-0.104863403170928
1981,10.1835734711753,0.22378085301892,57,"Sockeye",0.298294423799418,0.303510644129032,0.298294423826771
1982,9.18044098218282,-0.77935163597357,57,"Sockeye",-0.719740779349163,-0.714513713008113,-0.719740779321112
1983,10.8528752062056,0.893082588049193,57,"Sockeye",0.937790730517517,0.943006196885525,0.93779073054611
1984,9.80108344554901,-0.158709172607373,57,"Sockeye",-0.128903744295173,-0.123722357716723,-0.128903744266191
1985,9.29743630356259,-0.662356314593799,57,"Sockeye",-0.647453600437693,-0.642328807348338,-0.647453600408475
1986,9.73619068993462,-0.223601928221763,57,"Sockeye",-0.223601928221762,-0.218556276255146,-0.223601928192467
1987,9.77631648381552,-0.183476134340873,57,"Sockeye",-0.198378848496962,-0.193434919271978,-0.198378848467746
1988,9.91036554177602,-0.0494270763803633,57,"Sockeye",-0.0792325046925624,-0.0744129138645704,-0.0792325046635796
1989,10.1519232458538,0.192130627697463,57,"Sockeye",0.147422485229117,0.15209508791698,0.14742248525771
1990,10.3315148353577,0.371722217201279,57,"Sockeye",0.312111360576917,0.316614291242352,0.312111360604966
1991,9.74287356270684,-0.216919055449546,57,"Sockeye",-0.291432626230042,-0.287122085659933,-0.291432626202688
1992,10.5445090532303,0.584716435073903,57,"Sockeye",0.495300150137317,0.499395548297052,0.495300150163821
1993,10.6856415669123,0.725848948755943,57,"Sockeye",0.621529949663218,0.625387418803767,0.621529949688725
1994,10.5694308678309,0.609638249674522,57,"Sockeye",0.490416536425716,0.494013255592831,0.490416536450082
1995,10.5656202501721,0.6058276320157,57,"Sockeye",0.471703204610818,0.475016318453033,0.471703204633895
1996,9.8809523847368,-0.0788402334195825,57,"Sockeye",-0.227867374980584,-0.224860756263803,-0.227867374958933
1997,10.631355603536,0.671562985379584,57,"Sockeye",0.507633129662518,0.510310328952357,0.507633129682604
1998,10.6770483652751,0.717255747118681,57,"Sockeye",0.538423177245517,0.540747998253917,0.538423177263907
1999,9.06372743182713,-0.89606518632926,57,"Sockeye",-1.08980047035855,-1.08785102109116,-1.08980047034199
2000,10.0134172969394,0.0536246787830331,57,"Sockeye",-0.155013319402384,-0.153462269992788,-0.155013319387766
2001,9.42046201229095,-0.539330605865432,57,"Sockeye",-0.762871318206934,-0.761741731481392,-0.762871318194385
2002,9.62251765198178,-0.33727496617461,57,"Sockeye",-0.575718392672203,-0.575033366218745,-0.575718392661834
2003,10.7783299816979,0.818537363541543,57,"Sockeye",0.565191222887816,0.565408556666981,0.565191222895898
2004,11.1366908815172,1.17689826336081,57,"Sockeye",0.908649408551017,0.908375882387027,0.908649408556707
2005,11.3309096097946,1.37111699163822,57,"Sockeye",1.08796542267232,1.08717783437712,1.08796542267552
2006,10.2519864241282,0.292193805971831,57,"Sockeye",-0.00586047715018391,-0.00718536473649145,-0.00586047714955384
2007,9.64348389042748,-0.316308727728902,57,"Sockeye",-0.629265725007003,-0.631151184068862,-0.629265725009033
2008,8.94079105059306,-1.01900156756333,57,"Sockeye",-1.34686127899752,-1.34933061679671,-1.34686127900229
2009,9.56913937462701,-0.390653243529379,57,"Sockeye",-0.733415669119674,-0.736492228048176,-0.733415669127245
2010,9.91673268212212,-0.0430599360342642,57,"Sockeye",-0.400725075780664,-0.404432233413635,-0.400725075791106
2011,10.0942856868108,0.134493068654423,57,"Sockeye",-0.238074785248084,-0.242435954396857,-0.238074785261453
2012,9.37282534440359,-0.586967273752803,57,"Sockeye",-0.974437841811393,-0.979476470576603,-0.974437841827738
2013,10.2485618193944,0.288769201238044,57,"Sockeye",-0.113604080976684,-0.119343652801463,-0.113604080996049
2014,10.7235251002842,0.763732482127773,57,"Sockeye",0.346456485757015,0.339992452033782,0.346456485734592
2015,11.4946534766091,1.53486085845274,57,"Sockeye",1.10268214792582,1.09547009801613,1.10268214790031
2016,11.496823893653,1.53703127549663,57,"Sockeye",1.08994985081362,1.08196619492693,1.08994985078499
2017,10.4880664878421,0.528273869685756,57,"Sockeye",0.0662897308466165,0.0575108436363436,0.0662897308148587
2018,10.8141409953435,0.85434837718714,57,"Sockeye",0.377461524191916,0.367863744701811,0.377461524157011
2019,11.2629903819826,1.3031977638262,57,"Sockeye",0.811408196674916,0.800967828285412,0.811408196636853
2020,10.5485669904285,0.588774372272111,57,"Sockeye",0.0820820909647149,0.0707754013391781,0.0820820909234872
2021,10.1246032582389,0.164810640082506,57,"Sockeye",-0.356784355380985,-0.368981134350102,-0.356784355425381
2022,10.2518132660124,0.292020647856013,57,"Sockeye",-0.244477061763585,-0.25758773400865,-0.24447706181115
1950,7.67582556834588,-1.54166887419492,70,"Sockeye",-1.00623371487516,-1.00999905820216,-1.08430824341166
1951,8.53045531419607,-0.687039128344729,70,"Sockeye",-0.166477167894878,-0.169570502070821,-0.239348766578782
1952,8.59726802202371,-0.62022642051709,70,"Sockeye",-0.114537658937234,-0.116982202688877,-0.182208478039481
1953,9.00949097596682,-0.208003466573983,70,"Sockeye",0.28281209613588,0.28099308611942,0.220336409858898
1954,8.73566876924955,-0.481825673291253,70,"Sockeye",-0.00588330945138592,-0.00710008044609189,-0.0631744606594289
1955,8.46711399922004,-0.75038044332076,70,"Sockeye",-0.289311278350892,-0.289949143123776,-0.341434707198605
1956,9.41569325557121,0.198198813030411,70,"Sockeye",0.644394779130282,0.644312449630515,0.597414958572942
1957,9.70500630598802,0.487511863447214,70,"Sockeye",0.918834630677097,0.919284427290595,0.876966081603822
1958,10.6329637123988,1.41546926985802,70,"Sockeye",1.83191883821788,1.83287731351119,1.79512023276077
1959,9.69991075992584,0.482416317385033,70,"Sockeye",0.883992686874926,0.88543635507839,0.852213079380489
1960,9.18211100651668,-0.0353834360241214,70,"Sockeye",0.351319734595769,0.353225071540862,0.324498065596185
1961,9.77160817843218,0.554113735891373,70,"Sockeye",0.925943707641274,0.928287150697807,0.904008428160852
1962,9.38248281295482,0.164988370414021,70,"Sockeye",0.521945143293917,0.524703091307179,0.504813949676372
1963,9.89173548955184,0.674241047011037,70,"Sockeye",1.01632462102094,1.01947343424869,1.00390429100573
1964,8.46278267640334,-0.754711766137463,70,"Sockeye",-0.427501390997554,-0.423985390948182,-0.435315069684796
1965,7.80347885535313,-1.41401558718767,70,"Sockeye",-1.10167841091776,-1.09781894115344,-1.10500062766725
1966,8.62932716883146,-0.588167273709344,70,"Sockeye",-0.290703296309425,-0.286524112713916,-0.28966012811045
1967,9.25985008936662,0.0423556468258184,70,"Sockeye",0.324946425355738,0.329421528058155,0.330218172867045
1968,9.31454907930814,0.0970546367673387,70,"Sockeye",0.364772216427263,0.369519404608305,0.374125230663072
1969,8.39146577394926,-0.826028668591546,70,"Sockeye",-0.573184287801612,-0.568188886737856,-0.559907548160194
1970,8.78339555630317,-0.434098886237633,70,"Sockeye",-0.196127704317699,-0.19090800199845,-0.179094680334305
1971,7.78387839977558,-1.43361604276523,70,"Sockeye",-1.21051805971528,-1.20509800686291,-1.18990571776701
1972,8.3498936524758,-0.867600790065004,70,"Sockeye",-0.659376005885061,-0.653779592380999,-0.635370422687419
1973,8.45116316355192,-0.766331278988885,70,"Sockeye",-0.572979693678936,-0.567230948627715,-0.545775605269542
1974,8.69754867370312,-0.519945768837681,70,"Sockeye",-0.341467382397733,-0.335590374191082,-0.311267701203539
1975,7.87941545706529,-1.33807898547551,70,"Sockeye",-1.17447379790556,-1.16849263428666,-1.14148910166329
1976,8.26313782655276,-0.954356615988048,70,"Sockeye",-0.805624627288083,-0.799563455415926,-0.770072623254803
1977,9.15694702588594,-0.0605474166548581,70,"Sockeye",0.0733113731751001,0.0794283666613005,0.111206405593956
1978,9.17343474351443,-0.0440596990263696,70,"Sockeye",0.0749258919335957,0.0810744808498551,0.11493367729696
1979,9.18517710612371,-0.0323173364170955,70,"Sockeye",0.0717950556728793,0.0779509742257627,0.113679914777924
1980,9.01151671776405,-0.205977724776752,70,"Sockeye",-0.116738531556777,-0.110599588834901,-0.0732170755818284
1981,9.68129628438217,0.463801841841362,70,"Sockeye",0.538167836191348,0.544265457875511,0.583081232278133
1982,8.31008426959698,-0.907410172943823,70,"Sockeye",-0.847917377463839,-0.841885461828118,-0.801860250377752
1983,10.1626481184593,0.945153675918457,70,"Sockeye",0.989773272528486,0.995715057235911,1.03672300465067
1984,9.38359559499301,0.166101152452206,70,"Sockeye",0.195847550192199,0.201674739157172,0.24343648637371
1985,8.37962572391217,-0.837868718628635,70,"Sockeye",-0.822995519758636,-0.817307431349878,-0.775022408862878
1986,8.8436428125088,-0.373851630032002,70,"Sockeye",-0.373851630032001,-0.368327187058194,-0.32575035211889
1987,8.87708576825949,-0.340408674281315,70,"Sockeye",-0.355281873151307,-0.349945660621698,-0.307308762255548
1988,9.15980976361495,-0.0576846789258571,70,"Sockeye",-0.0874310766658432,-0.0823077197857884,-0.0398421404843319
1989,9.31350355881911,0.0960091162783091,70,"Sockeye",0.0513895196683219,0.0562753554316249,0.098339251790506
1990,9.5119952238523,0.294500781311502,70,"Sockeye",0.235007985831514,0.239631594683223,0.281065112917602
1991,8.91122927115514,-0.306265171385667,70,"Sockeye",-0.380631165735641,-0.376294529983969,-0.335717769648856
1992,9.45622269006876,0.238728247527959,70,"Sockeye",0.149489054307983,0.153513930311528,0.193010510282933
1993,9.84387715963217,0.626382717091367,70,"Sockeye",0.522270325001397,0.525958614082953,0.564155184106443
1994,9.67140508615054,0.453910643609734,70,"Sockeye",0.334925052649771,0.33825188704342,0.374932838013134
1995,9.47991830569048,0.262423863149672,70,"Sockeye",0.128565073319717,0.131505544601126,0.166460105738571
1996,9.16233767912938,-0.0551567634114238,70,"Sockeye",-0.20388875211138,-0.201359593091443,-0.168336748078103
1997,9.87706976670485,0.65957532416405,70,"Sockeye",0.495970136594094,0.498062993411869,0.528954832836355
1998,9.78081505115216,0.563320608611358,70,"Sockeye",0.384842222171409,0.386473745988155,0.415041903365603
1999,8.24564240528987,-0.97185203725093,70,"Sockeye",-1.16520362256088,-1.164058503469,-1.13799953415148
2000,9.1826764528568,-0.0348179896840064,70,"Sockeye",-0.243042773863943,-0.242409172212664,-0.219037190666302
2001,8.75676400844867,-0.460730434092131,70,"Sockeye",-0.683828417142069,-0.683731486706005,-0.663216075193791
2002,8.89840410305903,-0.319090339481769,70,"Sockeye",-0.557061521401704,-0.557526457081517,-0.54002849741831
2003,10.005798633282,0.788304190741195,70,"Sockeye",0.535459809951269,0.534407772061643,0.548736549592689
2004,10.3092612486619,1.09176680612112,70,"Sockeye",0.824049226461173,0.822384809007163,0.833402240696982
2005,10.7533111022069,1.53581665966609,70,"Sockeye",1.25322588113618,1.25092376543515,1.25849762864749
2006,9.4561787201808,0.238684277639999,70,"Sockeye",-0.0587796997599179,-0.061744873786278,-0.0577365315609413
2007,8.80746299486894,-0.410031447671864,70,"Sockeye",-0.722368623941773,-0.726022257835101,-0.725690840691264
2008,8.35007291573744,-0.86742152680336,70,"Sockeye",-1.19463190194327,-1.19899943877635,-1.20244558063051
2009,8.99699082741371,-0.220503615127097,70,"Sockeye",-0.562587189136996,-0.567694113581622,-0.57500751915221
2010,9.26632518034715,0.0488307378063463,70,"Sockeye",-0.30812603507355,-0.313997873468576,-0.325257228691099
2011,9.53123379670656,0.313739354165757,70,"Sockeye",-0.0580906175841362,-0.0647529380035863,-0.0800258970645604
2012,8.50669393172631,-0.710800510814497,70,"Sockeye",-1.09750368143438,-1.10498209375569,-1.12432535043397
2013,9.47956110880925,0.26206666626845,70,"Sockeye",-0.139509703221438,-0.147829859193793,-0.171289310715878
2014,10.2039258204974,0.986431377956567,70,"Sockeye",0.569981809596716,0.560794216283917,0.533183204139606
2015,10.7325058900393,1.5150114474985,70,"Sockeye",1.08368868026862,1.07360791391719,1.04182013119534
2016,10.8478762369889,1.63038179444815,70,"Sockeye",1.18418582834823,1.17318611118249,1.13720600779088
2017,9.71096795338851,0.49347351084771,70,"Sockeye",0.032404345877838,0.0204598579758759,-0.0197190829698766
2018,10.0663889463131,0.84889450377232,70,"Sockeye",0.372952139932433,0.360037019157145,0.315660988724389
2019,10.7839802320187,1.56648578947788,70,"Sockeye",1.07567022676804,1.06175856869812,1.01319454049105
2020,9.86380644944998,0.646312006909176,70,"Sockeye",0.140623245329321,0.125689103190142,0.0729524262270722
2021,9.29033563687251,0.0728411943317027,70,"Sockeye",-0.447720766118146,-0.463703381523787,-0.520592364802051
2022,9.73047144596393,0.512977003423127,70,"Sockeye",-0.0224581558967204,-0.0395152762579727,-0.100532684433309
1950,7.63636693689558,-1.5531059761207,71,"Sockeye",-1.01298623579541,-1.01665288036615,-1.10441248339091
1951,8.44937649038103,-0.740096422635254,71,"Sockeye",-0.214980008430032,-0.217965232337445,-0.300313560214951
1952,8.59914245870378,-0.590330454312509,71,"Sockeye",-0.0802173662274312,-0.082544874141055,-0.159460740195911
1953,8.99753533469306,-0.191937578323225,71,"Sockeye",0.3031721836417,0.301478647817863,0.230012375067433
1954,8.7552139626609,-0.434258950355389,71,"Sockeye",0.0458474854893906,0.0447641385519812,-0.0212411677956261
1955,8.50714054372576,-0.682332369290529,71,"Sockeye",-0.217229259565899,-0.217726240184604,-0.278266445453333
1956,9.43461431397332,0.245141400957032,71,"Sockeye",0.695241184561512,0.695306708264233,0.640227228194702
1957,9.65636193752288,0.466889024506598,71,"Sockeye",0.901985481990922,0.902589608523012,0.852956888340854
1958,10.539987511105,1.35051459808873,71,"Sockeye",1.77060772945289,1.77172651776211,1.72751610307033
1959,9.76071672969394,0.571243816677649,71,"Sockeye",0.976333621921684,0.977943091330154,0.939119304810371
1960,9.18903681966994,-0.000436093346345991,71,"Sockeye",0.389650385777536,0.391726515916144,0.358241876538397
1961,9.79550237125821,0.606029458241924,71,"Sockeye",0.981112611245657,0.983631341988376,0.955426125134945
1962,9.36605850855509,0.176585595538804,71,"Sockeye",0.536665422422387,0.539602653820451,0.516604580831114
1963,9.83778568108877,0.64831276807248,71,"Sockeye",0.993389268835917,0.996720861051932,0.978844907333206
1964,8.40534791681501,-0.784124996201272,71,"Sockeye",-0.454051821557991,-0.450350048316093,-0.463201736846402
1965,7.64856113327874,-1.54091177973755,71,"Sockeye",-1.22584193121441,-1.22179419675947,-1.22973228850249
1966,8.51997133096059,-0.669501582055695,71,"Sockeye",-0.36943505965271,-0.365065623884623,-0.368213496668844
1967,9.22531821992662,0.035845306910338,71,"Sockeye",0.320908503193171,0.325575340221153,0.327081785341191
1968,9.3591562906901,0.169683377673816,71,"Sockeye",0.439743247836501,0.444683145851268,0.450695744269279
1969,8.31628370285034,-0.873189210165942,71,"Sockeye",-0.618132666123408,-0.612944087681365,-0.602585438257032
1970,8.7190127770106,-0.470460136005686,71,"Sockeye",-0.230406918083298,-0.224994080126567,-0.21046103435917
1971,7.70902174048954,-1.48045117252675,71,"Sockeye",-1.25540128072451,-1.24978864458557,-1.23126397097944
1972,8.21805237399207,-0.971420539024214,71,"Sockeye",-0.761373973342126,-0.755586040840234,-0.733263135732972
1973,8.40406803290049,-0.785404880115793,71,"Sockeye",-0.590361640553855,-0.584422954062052,-0.558505313411729
1974,8.70365852779812,-0.485814385218162,71,"Sockeye",-0.305774471776374,-0.299709614288606,-0.270410268086387
1975,7.79161375098758,-1.39785916202871,71,"Sockeye",-1.23282257470706,-1.22665616990544,-1.19419708362778
1976,8.31063520908356,-0.878837703932731,71,"Sockeye",-0.728804442731232,-0.72256115505332,-0.687172602178498
1977,9.21635128392113,0.0268783709048458,71,"Sockeye",0.161908305986187,0.168203771279847,0.206283862028702
1978,9.09591036372715,-0.0935625492891348,71,"Sockeye",0.0264640596720582,0.0327869564304333,0.0733136757881123
1979,9.09363872475095,-0.0958341882653383,71,"Sockeye",0.00918909457570861,0.0155146356895592,0.0582367874765861
1980,8.97213097413381,-0.217341938882473,71,"Sockeye",-0.12732198216158,-0.121018624827457,-0.0763578138948358
1981,9.71252355310653,0.523050640090239,71,"Sockeye",0.598067270690991,0.604323575016281,0.650661418205617
1982,8.24803535143534,-0.941437561580944,71,"Sockeye",-0.881424257100349,-0.875239916174886,-0.827490786307248
1983,10.2024426725176,1.01296975950128,71,"Sockeye",1.05797973786176,1.06406716376636,1.11295846029538
1984,9.49413526058198,0.304662347565689,71,"Sockeye",0.334668999805994,0.340634517770441,0.390396238172878
1985,8.31893326176538,-0.870539651250909,71,"Sockeye",-0.855536325130756,-0.849717749392397,-0.799359213377468
1986,8.75791219870249,-0.431560714313794,71,"Sockeye",-0.431560714313795,-0.425914156522534,-0.375233517383155
1987,8.84362122747633,-0.345851685539957,71,"Sockeye",-0.360855011660105,-0.355405589040641,-0.304677899906817
1988,9.22908022668627,0.0396073136699804,71,"Sockeye",0.00960066142968537,0.0148277900803038,0.0653278997965678
1989,9.33993248144786,0.150459568431574,71,"Sockeye",0.105449590071127,0.110429224314657,0.160428312504742
1990,9.49408034483592,0.304607431819631,71,"Sockeye",0.244594127339038,0.249301025027158,0.298527598132139
1991,8.81566825177934,-0.373804661236941,71,"Sockeye",-0.448821291837693,-0.444412414632453,-0.396227144323067
1992,9.28803937964969,0.098566466633409,71,"Sockeye",0.00854650991250959,0.0126320408591241,0.0595106781792527
1993,9.78183046976725,0.592357556750968,71,"Sockeye",0.48733427390992,0.491071090904624,0.536381966810797
1994,9.5785532395045,0.38908032648821,71,"Sockeye",0.26905371752702,0.272416410889589,0.315903333643075
1995,9.38844690057967,0.198973987563384,71,"Sockeye",0.0639440524820406,0.0669071704758437,0.108319608524555
1996,9.09847349590726,-0.0909994171090301,71,"Sockeye",-0.241032678310518,-0.238494629548157,-0.199400837757784
1997,9.83696375952827,0.647490846511982,71,"Sockeye",0.482454259190343,0.484541702662847,0.521079750269628
1998,9.70739886495802,0.517925951941738,71,"Sockeye",0.337886038499943,0.33949729835857,0.373250242189927
1999,8.23860222763486,-0.950870685381431,71,"Sockeye",-1.14591392494337,-1.14480446935817,-1.11405759780124
2000,9.16149653328789,-0.0279763797283934,71,"Sockeye",-0.238022945410485,-0.237440957163916,-0.20991210780133
2001,8.75135593944125,-0.438116973575031,71,"Sockeye",-0.663166865377274,-0.663138050010307,-0.639029555632208
2002,8.81068015098572,-0.37879276203057,71,"Sockeye",-0.618845979952954,-0.619396085552696,-0.598900096228828
2003,10.0093437963062,0.819870883289898,71,"Sockeye",0.564814339247378,0.563659521977309,0.580361567113751
2004,10.2469938993454,1.05752098632911,71,"Sockeye",0.787461116166427,0.785675753835331,0.798413612599205
2005,10.7682060665554,1.57873315353916,71,"Sockeye",1.29366995725628,1.29122817371575,1.2998432394043
2006,9.4203485780292,0.230875665012918,71,"Sockeye",-0.0691908573900706,-0.0723149811169268,-0.067969294406204
2007,8.80149902237786,-0.387973890638425,71,"Sockeye",-0.703043739161561,-0.706876164951012,-0.706934096449638
2008,8.44427253140344,-0.74520038161285,71,"Sockeye",-1.07527355625613,-1.07984028895484,-1.08442347154454
2009,9.01226545704736,-0.17720745596893,71,"Sockeye",-0.522283956732359,-0.527611044228461,-0.53682831823507
2010,9.34493758943346,0.155464676417173,71,"Sockeye",-0.204615150466408,-0.210728683760802,-0.224675992057682
2011,9.65267927116818,0.463206358151889,71,"Sockeye",0.0881232051481632,0.0811970918704965,0.06243671903745
2012,8.55506506231096,-0.634407850705326,71,"Sockeye",-1.02449432982921,-1.03225920053071,-1.05590283906835
2013,9.41229457325406,0.222821660237771,71,"Sockeye",-0.182268145006255,-0.19089799389932,-0.219482462117568
2014,10.1612269481023,0.971754035086035,71,"Sockeye",0.551660903721835,0.5421398124706,0.508569277339268
2015,10.6302779780494,1.4408050650331,71,"Sockeye",1.00570860754878,0.995269966302066,0.956680013898717
2016,10.8523581690258,1.66288525600956,71,"Sockeye",1.21278547240504,1.20140292998287,1.15777151603822
2017,9.70317718717788,0.51370427416159,71,"Sockeye",0.0486011644369678,0.0362483260446425,-0.0124360214504691
2018,10.0258218314913,0.836348918474972,71,"Sockeye",0.356242482630237,0.342892909786144,0.289153829345221
2019,10.7797825733821,1.59030966036577,71,"Sockeye",1.09519989840089,1.08082710886418,1.02204008982662
2020,9.77355206012725,0.584079147110964,71,"Sockeye",0.073966059025889,0.0585435267240708,-0.00527731494259243
2021,9.13834709591335,-0.0511258171029336,71,"Sockeye",-0.57624223130816,-0.592741076351782,-0.661575783093081
2022,9.76729521486494,0.577822301848657,71,"Sockeye",0.0377025615232818,0.0201007897843031,-0.0537236860722974
1950,8.40973765320248,-1.4032959560644,68,"Sockeye",-0.812997569646664,-0.81477139347002,-1.01600881441255
1951,9.40138404899173,-0.411649560275147,68,"Sockeye",0.162251648742149,0.161181191406147,-0.0272308141582904
1952,9.20862170060475,-0.604411908662124,68,"Sockeye",-0.0469078770453241,-0.0473016680358693,-0.222867149266099
1953,9.90988812181685,0.0968545125499735,68,"Sockeye",0.637961366766282,0.638217496553848,0.475510602394998
1954,9.80079224374559,-0.0122413655212824,68,"Sockeye",0.512468311294528,0.513347570790179,0.363498498234842
1955,9.23051851325565,-0.58251509601123,68,"Sockeye",-0.074202596595907,-0.0727270440422831,-0.20973517514852
1956,10.0401514371236,0.22711782785674,68,"Sockeye",0.719033149871549,0.721078113175375,0.596875103848172
1957,10.641554541058,0.828520931791138,68,"Sockeye",1.30403907640545,1.30662652241641,1.19517147997897
1958,10.3695391019185,0.55650549265166,68,"Sockeye",1.01562645986546,1.01872941472733,0.919941851331487
1959,10.3095052242279,0.496471614961025,68,"Sockeye",0.939195404774367,0.942786848739878,0.856561314033812
1960,9.89855019251505,0.0855165832481787,68,"Sockeye",0.511843195661023,0.51589606301375,0.442100854434409
1961,10.321037530899,0.508003921632174,68,"Sockeye",0.917933356644479,0.922420535620645,0.860896721584655
1962,9.75344069798788,-0.0595929112790001,68,"Sockeye",0.333939346332865,0.338833679042999,0.289394409516571
1963,9.82266934712728,0.00963573786040321,68,"Sockeye",0.38677081807177,0.392045100422225,0.354475180761453
1964,9.02849108643002,-0.784542522836855,68,"Sockeye",-0.423804620025984,-0.418177638411628,-0.44412193306303
1965,8.12931036949157,-1.6837232397753,68,"Sockeye",-1.33938251436493,-1.33343013022461,-1.34802102131896
1966,8.80947640207079,-1.00355720719608,68,"Sockeye",-0.675613659186202,-0.669363215698258,-0.672901188441335
1967,9.91783728864458,0.104803679377701,68,"Sockeye",0.416350049987095,0.422871163124933,0.430057773164204
1968,10.5273030334049,0.714269424138004,68,"Sockeye",1.00941861734692,1.01618296383836,1.03373854726409
1969,9.00843644142151,-0.80459716784537,68,"Sockeye",-0.525845152036963,-0.518865055166049,-0.491322658061538
1970,9.05165667004056,-0.76137693922632,68,"Sockeye",-0.499022100818408,-0.491853783299373,-0.45473242701811
1971,7.87150057156881,-1.94153303769806,68,"Sockeye",-1.69557537669065,-1.68824641509164,-1.6419786752453
1972,8.2347607281473,-1.57827288111958,68,"Sockeye",-1.34871239751266,-1.3412504153183,-1.2862925095206
1973,8.76677793926663,-1.04625567000024,68,"Sockeye",-0.83309236379382,-0.825525031485038,-0.762355646528519
1974,9.64607175191244,-0.166961857354435,68,"Sockeye",0.0298042714514968,0.0374492363175385,0.108330200274692
1975,8.27609403265847,-1.53693957660841,68,"Sockeye",-1.35657062520297,-1.34887579249318,-1.27080303405792
1976,9.16664010948605,-0.646393499780824,68,"Sockeye",-0.482421725775882,-0.474704837172423,-0.389978559893192
1977,10.5557744238112,0.742740814544294,68,"Sockeye",0.890315411148775,0.898026496378888,0.988850975128425
1978,9.13780653476715,-0.675227074499724,68,"Sockeye",-0.544049655295769,-0.53637228010345,-0.440020460894173
1979,9.88327337635888,0.0702397670920052,68,"Sockeye",0.185020008895465,0.192635719907475,0.293930015054226
1980,9.21244475576613,-0.600588853500749,68,"Sockeye",-0.502205789097778,-0.494679743967456,-0.389040264859474
1981,10.8774627447128,1.06442913544595,68,"Sockeye",1.1464150224484,1.1538233523559,1.26319990244895
1982,8.60961061053806,-1.20342299872882,68,"Sockeye",-1.13783428912684,-1.1305717715041,-1.01807545259785
1983,10.7067145506541,0.893680941387213,68,"Sockeye",0.942872473588709,0.94996103406274,1.06495228294787
1984,10.8968151542875,1.08378154502067,68,"Sockeye",1.11657589982162,1.12346231039967,1.24031778276835
1985,8.77039783530765,-1.04263577395923,68,"Sockeye",-1.02623859655873,-1.01958257658871,-0.901497773388991
1986,9.00910437107086,-0.803929238196014,68,"Sockeye",-0.803929238196013,-0.797531897592478,-0.678855152101498
1987,9.48912020524343,-0.323913404023451,68,"Sockeye",-0.340310581423938,-0.334200257073478,-0.215569758254199
1988,9.88417389657762,0.0711402873107406,68,"Sockeye",0.0383459325097588,0.044140855510534,0.162087815456498
1989,9.92835533618927,0.115321726922391,68,"Sockeye",0.0661301947209149,0.0715812829833631,0.188210004080073
1990,10.1362841659122,0.323250556645326,68,"Sockeye",0.25766184704335,0.26274061880463,0.377420683572332
1991,9.13568352328406,-0.677350085982813,68,"Sockeye",-0.759335972985283,-0.754658047944503,-0.642551092984734
1992,9.37903951274024,-0.433994096526634,68,"Sockeye",-0.532377160929597,-0.528128661367601,-0.419211636691294
1993,10.3888502253426,0.57581661607577,68,"Sockeye",0.461036374272268,0.464826820975683,0.569946380431031
1994,10.1192853053411,0.30625169607421,68,"Sockeye",0.175074276870274,0.178377994631077,0.279103471271871
1995,9.25920915603638,-0.553824453230497,68,"Sockeye",-0.701399049834939,-0.698610785887881,-0.602863485855286
1996,10.0661820703083,0.253148461041385,68,"Sockeye",0.0891766870364855,0.0914207234285644,0.181619852919173
1997,11.2200510899226,1.40701748065571,68,"Sockeye",1.22664852925029,1.22831951539291,1.31241612039534
1998,9.88106075922648,0.0680271499596066,68,"Sockeye",-0.128738978846321,-0.127669914684168,-0.0502130500231281
1999,8.81801248921289,-0.995021120053989,68,"Sockeye",-1.20818442626041,-1.20774620492969,-1.1374477089951
2000,9.70533385541704,-0.107699753849834,68,"Sockeye",-0.33726023745675,-0.337481829011956,-0.274840349464698
2001,10.0480827622943,0.235049153027468,68,"Sockeye",-0.0109085079799844,-0.0118189317628445,0.0426881934653647
2002,9.89216922389136,0.0791356146244833,68,"Sockeye",-0.183219223783418,-0.184847548506751,-0.138929549983123
2003,10.5524863799413,0.739452770674432,68,"Sockeye",0.460700754866028,0.45832541103433,0.49522324884145
2004,10.909124771754,1.09609116248708,68,"Sockeye",0.800941969278233,0.797790438631033,0.8252618991954
2005,11.6478077835507,1.83477417428382,68,"Sockeye",1.52322780367444,1.5192708688811,1.53693552685155
2006,9.70959834257762,-0.103435266689259,68,"Sockeye",-0.431378814699135,-0.436170420677172,-0.428666343954269
2007,9.60470137331221,-0.208332235954667,68,"Sockeye",-0.552672961365039,-0.558328555358841,-0.561311468319072
2008,9.31809757815467,-0.494936031112209,68,"Sockeye",-0.855673933923072,-0.862222882640918,-0.875991246960121
2009,9.7500572072135,-0.0629764020533728,68,"Sockeye",-0.440111482264737,-0.447583202376975,-0.472407119575058
2010,9.69746050569746,-0.115573103569412,68,"Sockeye",-0.50910536118127,-0.51752931940532,-0.553650297997565
2011,9.8830629852083,0.0700293759414231,68,"Sockeye",-0.339900059070925,-0.349305772256422,-0.396936694130751
2012,9.02256136470371,-0.79047224456317,68,"Sockeye",-1.21679885697601,-1.2272158921901,-1.28654119820262
2013,9.92641329765319,0.113379688386319,68,"Sockeye",-0.329344101427024,-0.340802076039795,-0.411978192167581
2014,11.282032834159,1.46899922489213,68,"Sockeye",1.00987825767829,0.997349675908227,0.914193649144314
2015,10.8487727509605,1.03573914169358,68,"Sockeye",0.560220997079298,0.546592089919081,0.45135340065281
2016,11.5801655716366,1.76713196236975,68,"Sockeye",1.27521664035491,1.26045763901154,1.15305859433152
2017,10.5815425448947,0.768508935627869,68,"Sockeye",0.260196436212511,0.244277521246859,0.124663857659897
2018,10.3146794769499,0.501645867683028,68,"Sockeye",-0.0230638091327835,-0.0401725078921622,-0.172033622192471
2019,11.7153388791614,1.90230526989453,68,"Sockeye",1.36119841567822,1.34287001213505,1.19874765130694
2020,10.8610659440358,1.04803233476897,68,"Sockeye",0.490528303152129,0.470950222930028,0.31456903093135
2021,9.91743626859453,0.104402659327657,68,"Sockeye",-0.469498549689635,-0.490356329477493,-0.658981012590081
2022,10.6670029030906,0.853969293823705,68,"Sockeye",0.26367090740594,0.241503354087063,0.0606596626399938
1950,8.40973765320248,-1.4032959560644,67,"Sockeye",-0.812997569646664,-0.81477139347002,-1.01600881441255
1951,9.40138404899173,-0.411649560275147,67,"Sockeye",0.162251648742149,0.161181191406147,-0.0272308141582904
1952,9.20862170060475,-0.604411908662124,67,"Sockeye",-0.0469078770453241,-0.0473016680358693,-0.222867149266099
1953,9.90988812181685,0.0968545125499735,67,"Sockeye",0.637961366766282,0.638217496553848,0.475510602394998
1954,9.80079224374559,-0.0122413655212824,67,"Sockeye",0.512468311294528,0.513347570790179,0.363498498234842
1955,9.23051851325565,-0.58251509601123,67,"Sockeye",-0.074202596595907,-0.0727270440422831,-0.20973517514852
1956,10.0401514371236,0.22711782785674,67,"Sockeye",0.719033149871549,0.721078113175375,0.596875103848172
1957,10.641554541058,0.828520931791138,67,"Sockeye",1.30403907640545,1.30662652241641,1.19517147997897
1958,10.3695391019185,0.55650549265166,67,"Sockeye",1.01562645986546,1.01872941472733,0.919941851331487
1959,10.3095052242279,0.496471614961025,67,"Sockeye",0.939195404774367,0.942786848739878,0.856561314033812
1960,9.89855019251505,0.0855165832481787,67,"Sockeye",0.511843195661023,0.51589606301375,0.442100854434409
1961,10.321037530899,0.508003921632174,67,"Sockeye",0.917933356644479,0.922420535620645,0.860896721584655
1962,9.75344069798788,-0.0595929112790001,67,"Sockeye",0.333939346332865,0.338833679042999,0.289394409516571
1963,9.82266934712728,0.00963573786040321,67,"Sockeye",0.38677081807177,0.392045100422225,0.354475180761453
1964,9.02849108643002,-0.784542522836855,67,"Sockeye",-0.423804620025984,-0.418177638411628,-0.44412193306303
1965,8.12931036949157,-1.6837232397753,67,"Sockeye",-1.33938251436493,-1.33343013022461,-1.34802102131896
1966,8.80947640207079,-1.00355720719608,67,"Sockeye",-0.675613659186202,-0.669363215698258,-0.672901188441335
1967,9.91783728864458,0.104803679377701,67,"Sockeye",0.416350049987095,0.422871163124933,0.430057773164204
1968,10.5273030334049,0.714269424138004,67,"Sockeye",1.00941861734692,1.01618296383836,1.03373854726409
1969,9.00843644142151,-0.80459716784537,67,"Sockeye",-0.525845152036963,-0.518865055166049,-0.491322658061538
1970,9.05165667004056,-0.76137693922632,67,"Sockeye",-0.499022100818408,-0.491853783299373,-0.45473242701811
1971,7.87150057156881,-1.94153303769806,67,"Sockeye",-1.69557537669065,-1.68824641509164,-1.6419786752453
1972,8.2347607281473,-1.57827288111958,67,"Sockeye",-1.34871239751266,-1.3412504153183,-1.2862925095206
1973,8.76677793926663,-1.04625567000024,67,"Sockeye",-0.83309236379382,-0.825525031485038,-0.762355646528519
1974,9.64607175191244,-0.166961857354435,67,"Sockeye",0.0298042714514968,0.0374492363175385,0.108330200274692
1975,8.27609403265847,-1.53693957660841,67,"Sockeye",-1.35657062520297,-1.34887579249318,-1.27080303405792
1976,9.16664010948605,-0.646393499780824,67,"Sockeye",-0.482421725775882,-0.474704837172423,-0.389978559893192
1977,10.5557744238112,0.742740814544294,67,"Sockeye",0.890315411148775,0.898026496378888,0.988850975128425
1978,9.13780653476715,-0.675227074499724,67,"Sockeye",-0.544049655295769,-0.53637228010345,-0.440020460894173
1979,9.88327337635888,0.0702397670920052,67,"Sockeye",0.185020008895465,0.192635719907475,0.293930015054226
1980,9.21244475576613,-0.600588853500749,67,"Sockeye",-0.502205789097778,-0.494679743967456,-0.389040264859474
1981,10.8774627447128,1.06442913544595,67,"Sockeye",1.1464150224484,1.1538233523559,1.26319990244895
1982,8.60961061053806,-1.20342299872882,67,"Sockeye",-1.13783428912684,-1.1305717715041,-1.01807545259785
1983,10.7067145506541,0.893680941387213,67,"Sockeye",0.942872473588709,0.94996103406274,1.06495228294787
1984,10.8968151542875,1.08378154502067,67,"Sockeye",1.11657589982162,1.12346231039967,1.24031778276835
1985,8.77039783530765,-1.04263577395923,67,"Sockeye",-1.02623859655873,-1.01958257658871,-0.901497773388991
1986,9.00910437107086,-0.803929238196014,67,"Sockeye",-0.803929238196013,-0.797531897592478,-0.678855152101498
1987,9.48912020524343,-0.323913404023451,67,"Sockeye",-0.340310581423938,-0.334200257073478,-0.215569758254199
1988,9.88417389657762,0.0711402873107406,67,"Sockeye",0.0383459325097588,0.044140855510534,0.162087815456498
1989,9.92835533618927,0.115321726922391,67,"Sockeye",0.0661301947209149,0.0715812829833631,0.188210004080073
1990,10.1362841659122,0.323250556645326,67,"Sockeye",0.25766184704335,0.26274061880463,0.377420683572332
1991,9.13568352328406,-0.677350085982813,67,"Sockeye",-0.759335972985283,-0.754658047944503,-0.642551092984734
1992,9.37903951274024,-0.433994096526634,67,"Sockeye",-0.532377160929597,-0.528128661367601,-0.419211636691294
1993,10.3888502253426,0.57581661607577,67,"Sockeye",0.461036374272268,0.464826820975683,0.569946380431031
1994,10.1192853053411,0.30625169607421,67,"Sockeye",0.175074276870274,0.178377994631077,0.279103471271871
1995,9.25920915603638,-0.553824453230497,67,"Sockeye",-0.701399049834939,-0.698610785887881,-0.602863485855286
1996,10.0661820703083,0.253148461041385,67,"Sockeye",0.0891766870364855,0.0914207234285644,0.181619852919173
1997,11.2200510899226,1.40701748065571,67,"Sockeye",1.22664852925029,1.22831951539291,1.31241612039534
1998,9.88106075922648,0.0680271499596066,67,"Sockeye",-0.128738978846321,-0.127669914684168,-0.0502130500231281
1999,8.81801248921289,-0.995021120053989,67,"Sockeye",-1.20818442626041,-1.20774620492969,-1.1374477089951
2000,9.70533385541704,-0.107699753849834,67,"Sockeye",-0.33726023745675,-0.337481829011956,-0.274840349464698
2001,10.0480827622943,0.235049153027468,67,"Sockeye",-0.0109085079799844,-0.0118189317628445,0.0426881934653647
2002,9.89216922389136,0.0791356146244833,67,"Sockeye",-0.183219223783418,-0.184847548506751,-0.138929549983123
2003,10.5524863799413,0.739452770674432,67,"Sockeye",0.460700754866028,0.45832541103433,0.49522324884145
2004,10.909124771754,1.09609116248708,67,"Sockeye",0.800941969278233,0.797790438631033,0.8252618991954
2005,11.6478077835507,1.83477417428382,67,"Sockeye",1.52322780367444,1.5192708688811,1.53693552685155
2006,9.70959834257762,-0.103435266689259,67,"Sockeye",-0.431378814699135,-0.436170420677172,-0.428666343954269
2007,9.60470137331221,-0.208332235954667,67,"Sockeye",-0.552672961365039,-0.558328555358841,-0.561311468319072
2008,9.31809757815467,-0.494936031112209,67,"Sockeye",-0.855673933923072,-0.862222882640918,-0.875991246960121
2009,9.7500572072135,-0.0629764020533728,67,"Sockeye",-0.440111482264737,-0.447583202376975,-0.472407119575058
2010,9.69746050569746,-0.115573103569412,67,"Sockeye",-0.50910536118127,-0.51752931940532,-0.553650297997565
2011,9.8830629852083,0.0700293759414231,67,"Sockeye",-0.339900059070925,-0.349305772256422,-0.396936694130751
2012,9.02256136470371,-0.79047224456317,67,"Sockeye",-1.21679885697601,-1.2272158921901,-1.28654119820262
2013,9.92641329765319,0.113379688386319,67,"Sockeye",-0.329344101427024,-0.340802076039795,-0.411978192167581
2014,11.282032834159,1.46899922489213,67,"Sockeye",1.00987825767829,0.997349675908227,0.914193649144314
2015,10.8487727509605,1.03573914169358,67,"Sockeye",0.560220997079298,0.546592089919081,0.45135340065281
2016,11.5801655716366,1.76713196236975,67,"Sockeye",1.27521664035491,1.26045763901154,1.15305859433152
2017,10.5815425448947,0.768508935627869,67,"Sockeye",0.260196436212511,0.244277521246859,0.124663857659897
2018,10.3146794769499,0.501645867683028,67,"Sockeye",-0.0230638091327835,-0.0401725078921622,-0.172033622192471
2019,11.7153388791614,1.90230526989453,67,"Sockeye",1.36119841567822,1.34287001213505,1.19874765130694
2020,10.8610659440358,1.04803233476897,67,"Sockeye",0.490528303152129,0.470950222930028,0.31456903093135
2021,9.91743626859453,0.104402659327657,67,"Sockeye",-0.469498549689635,-0.490356329477493,-0.658981012590081
2022,10.6670029030906,0.853969293823705,67,"Sockeye",0.26367090740594,0.241503354087063,0.0606596626399938
1950,7.95441461310667,-1.06607427153253,72,"Sockeye",-0.37603067483357,-0.381927620910733,-0.529866497995076
1951,8.53953043678227,-0.48095844785693,72,"Sockeye",0.189917271155993,0.185148390013357,0.0463331525098827
1952,8.07033213797738,-0.950156746661827,72,"Sockeye",-0.29844890533498,-0.30212875962893,-0.431785556298326
1953,9.2605521643863,0.2400632797471,72,"Sockeye",0.872603243387857,0.869973293378449,0.74950293389962
1954,8.80714680166806,-0.213342082971146,72,"Sockeye",0.400030002983532,0.398410750033422,0.287145153453741
1955,8.21291685805601,-0.80757202658319,72,"Sockeye",-0.213367818314601,-0.214015666274934,-0.316070335167238
1956,9.0709956744138,0.0505067897745945,72,"Sockeye",0.625543120357105,0.625827300289142,0.532975422506281
1957,9.76094563918955,0.740456754550349,72,"Sockeye",1.29632520744677,1.29750195296188,1.21382861307734
1958,9.37625100682763,0.35576212218843,72,"Sockeye",0.892462697398768,0.894492460791367,0.81995577525913
1959,9.16016372161753,0.139674836978328,72,"Sockeye",0.657207534502584,0.660050682486006,0.594589902730826
1960,8.91424515492776,-0.106243729711444,72,"Sockeye",0.392121090126732,0.395737903648026,0.3392724388898
1961,9.13021701924941,0.10972813461021,72,"Sockeye",0.588925076762297,0.593275750816646,0.545704428000157
1962,8.6480850612416,-0.372403823397606,72,"Sockeye",0.0876252410684043,0.0926698845130947,0.053870426005254
1963,8.79224059511634,-0.228248289522865,72,"Sockeye",0.21261289725706,0.218311532625107,0.188140233410836
1964,8.24788198926869,-0.772606895370509,72,"Sockeye",-0.350913586276674,-0.344601022963344,-0.366309435797666
1965,7.56050342496704,-1.45998545967217,72,"Sockeye",-1.05746002826441,-1.05057368768216,-1.06400602934771
1966,8.15788490281386,-0.862603981825345,72,"Sockeye",-0.47924642810367,-0.471826547814786,-0.47719099925135
1967,9.30796400939717,0.287475124757973,72,"Sockeye",0.651664800793555,0.659577896152872,0.662052101659828
1968,9.55609066346112,0.535601778821921,72,"Sockeye",0.880623577171422,0.888989475702608,0.899052489532171
1969,8.46447669407901,-0.556012190560196,72,"Sockeye",-0.230158269896771,-0.221380067543484,-0.203998160960829
1970,8.31131032635184,-0.709178558287364,72,"Sockeye",-0.402492515310025,-0.393342596124835,-0.368931130892724
1971,6.99326197978328,-2.02722690485592,72,"Sockeye",-1.73970873956467,-1.73022777836787,-1.69909476916567
1972,7.46020430764731,-1.56028457699189,72,"Sockeye",-1.29193428938672,-1.28216304901876,-1.24463437325656
1973,7.99667917630252,-1.02380970833669,72,"Sockeye",-0.774627298417596,-0.764606629929549,-0.721025138887967
1974,8.9071120374343,-0.113376847204901,72,"Sockeye",0.116637685028101,0.126866842183636,0.176142275101267
1975,7.58932709693909,-1.43116178770012,72,"Sockeye",-1.22031513315319,-1.20991851537558,-1.15532302890009
1976,8.15714119637714,-0.863347688262065,72,"Sockeye",-0.671668911401227,-0.661145949831489,-0.601618257135163
1977,9.61241484740201,0.591925962762809,72,"Sockeye",0.764436861937559,0.775044961492808,0.839104152475938
1978,8.31526521724813,-0.705223667391069,72,"Sockeye",-0.551880645902403,-0.541228703337465,-0.473050447249848
1979,9.26139349446577,0.240904609826572,72,"Sockeye",0.375079753629152,0.385734154865791,0.457608484819772
1980,8.32726946297814,-0.693219421661061,72,"Sockeye",-0.578212155544561,-0.567596769529761,-0.49245872058199
1981,9.99240253252142,0.971913647882216,72,"Sockeye",1.06775303631263,1.07828784346271,1.15624911035237
1982,7.69327019593294,-1.32721868870626,72,"Sockeye",-1.25054717796193,-1.24013460326303,-1.15979752899768
1983,9.91410527159186,0.893616386952656,72,"Sockeye",0.951120020010908,0.96136861853398,1.04362843246768
1984,9.99779364641975,0.977304761780547,72,"Sockeye",1.01564051715271,1.02568330544204,1.10940839904821
1985,7.96297377347946,-1.05751511115974,72,"Sockeye",-1.03834723347366,-1.02855218000473,-0.943822384683687
1986,8.11364452453221,-0.906844360106996,72,"Sockeye",-0.906844360106992,-0.897339056769766,-0.81206697468329
1987,8.94550653766183,-0.07498234697737,72,"Sockeye",-0.0941502246634567,-0.0849767776902066,0.000374624126516565
1988,9.10494020055322,0.0844513159140177,72,"Sockeye",0.0461155605418494,0.0549149538011235,0.139883442437348
1989,9.0821917477776,0.061702863138397,72,"Sockeye",0.00419923008014617,0.0125822809605491,0.0967076425369147
1990,9.25639561695211,0.235906732312912,72,"Sockeye",0.159235221568573,0.167159549892684,0.249984870532822
1991,8.682445908294,-0.3380429763452,72,"Sockeye",-0.433882364775621,-0.426459230895759,-0.345386290735883
1992,8.85716837293961,-0.16332051169959,72,"Sockeye",-0.278327777816095,-0.271448402177439,-0.192574342853524
1993,9.67583553230062,0.655346647661414,72,"Sockeye",0.521171503858833,0.527464465351429,0.603700235049454
1994,9.2317531599718,0.211264275332602,72,"Sockeye",0.0579212538439289,0.0635850529783983,0.136751452496485
1995,8.68845638457467,-0.332032500064534,72,"Sockeye",-0.504543399239286,-0.499551603181979,-0.429876108700908
1996,9.35820323579452,0.337714351155316,72,"Sockeye",0.146035574294481,0.150312433848445,0.216086228560544
1997,10.5331870738198,1.51269818918058,72,"Sockeye",1.30185153463368,1.30537043135033,1.36684363888678
1998,9.32689419213463,0.306405307495434,72,"Sockeye",0.0763907752624232,0.079108589698988,0.135895365335589
1999,7.99056037909844,-1.02992850554076,72,"Sockeye",-1.27911091545985,-1.27723739605646,-1.22550875593022
2000,8.97881067851011,-0.0416782061290963,72,"Sockeye",-0.310028493734264,-0.30904257562938,-0.262728577604104
2001,9.36480034098906,0.344311456349855,72,"Sockeye",0.0567932910586029,0.0568482078850678,0.0974072614576027
2002,9.52557589026058,0.505087005621377,72,"Sockeye",0.198400962644039,0.197481384294781,0.231962347061339
2003,9.69409567818922,0.67360679355002,72,"Sockeye",0.347752872886595,0.345815211343689,0.373912981822537
2004,10.0696413166383,1.04915243199907,72,"Sockeye",0.704130633649592,0.701131206570791,0.722559546010341
2005,10.7886935893227,1.76820470468351,72,"Sockeye",1.40401502864791,1.39991005916255,1.41440232951418
2006,8.9989358326968,-0.0215530519423985,72,"Sockeye",-0.404910605664075,-0.410164989159629,-0.402855176811752
2007,8.91661153120153,-0.103877353437669,72,"Sockeye",-0.506402784845428,-0.5128505488928,-0.512948785928733
2008,8.43240354341619,-0.588085341223013,72,"Sockeye",-1.00977865031685,-1.0174638566011,-1.02517449983784
2009,8.82386599218144,-0.196622892457762,72,"Sockeye",-0.637484079237685,-0.646450884793168,-0.661956743083909
2010,8.5069758050582,-0.513513079581002,72,"Sockeye",-0.973542144047009,-0.983834801463747,-1.00729695911016
2011,8.79687644804225,-0.223612436596951,72,"Sockeye",-0.702809378749043,-0.714472236379505,-0.746030027511182
2012,7.99084036490496,-1.02964851973424,72,"Sockeye",-1.52801333957242,-1.54109084173873,-1.58086199080934
2013,9.17935777061126,0.158868885972058,72,"Sockeye",-0.358663811552201,-0.373200498753825,-0.421281443323959
2014,10.6028126828811,1.58232379824187,72,"Sockeye",1.04562322303156,1.02958271390968,0.973116300891917
2015,10.2453111480264,1.22482226338721,72,"Sockeye",0.668953810490772,0.651364745969653,0.586457216121346
2016,11.0929467467701,2.07245786213087,72,"Sockeye",1.49742153154839,1.47823908134596,1.40485383369757
2017,10.0362683815115,1.01577949687226,72,"Sockeye",0.421575288603705,0.400754525425361,0.318872771751071
2018,9.5800913922927,0.559602507653494,72,"Sockeye",-0.0537695783011793,-0.0762736789725693,-0.166654427830972
2019,11.1472499791314,2.12676109449216,72,"Sockeye",1.49422113085144,1.469988570737,1.3711208213632
2020,10.3148206262027,1.29433174156354,72,"Sockeye",0.642623900236654,0.61661766108544,0.50928724927331
2021,9.40244910296272,0.381960218323518,72,"Sockeye",-0.288915500689409,-0.316740736326155,-0.432499619335518
2022,9.67430773903342,0.653818854394214,72,"Sockeye",-0.036224742304793,-0.0659143899426127,-0.190060565466343
1950,7.95441461310667,-1.06607427153253,73,"Sockeye",-0.37603067483357,-0.381927620910733,-0.529866497995076
1951,8.53953043678227,-0.48095844785693,73,"Sockeye",0.189917271155993,0.185148390013357,0.0463331525098827
1952,8.07033213797738,-0.950156746661827,73,"Sockeye",-0.29844890533498,-0.30212875962893,-0.431785556298326
1953,9.2605521643863,0.2400632797471,73,"Sockeye",0.872603243387857,0.869973293378449,0.74950293389962
1954,8.80714680166806,-0.213342082971146,73,"Sockeye",0.400030002983532,0.398410750033422,0.287145153453741
1955,8.21291685805601,-0.80757202658319,73,"Sockeye",-0.213367818314601,-0.214015666274934,-0.316070335167238
1956,9.0709956744138,0.0505067897745945,73,"Sockeye",0.625543120357105,0.625827300289142,0.532975422506281
1957,9.76094563918955,0.740456754550349,73,"Sockeye",1.29632520744677,1.29750195296188,1.21382861307734
1958,9.37625100682763,0.35576212218843,73,"Sockeye",0.892462697398768,0.894492460791367,0.81995577525913
1959,9.16016372161753,0.139674836978328,73,"Sockeye",0.657207534502584,0.660050682486006,0.594589902730826
1960,8.91424515492776,-0.106243729711444,73,"Sockeye",0.392121090126732,0.395737903648026,0.3392724388898
1961,9.13021701924941,0.10972813461021,73,"Sockeye",0.588925076762297,0.593275750816646,0.545704428000157
1962,8.6480850612416,-0.372403823397606,73,"Sockeye",0.0876252410684043,0.0926698845130947,0.053870426005254
1963,8.79224059511634,-0.228248289522865,73,"Sockeye",0.21261289725706,0.218311532625107,0.188140233410836
1964,8.24788198926869,-0.772606895370509,73,"Sockeye",-0.350913586276674,-0.344601022963344,-0.366309435797666
1965,7.56050342496704,-1.45998545967217,73,"Sockeye",-1.05746002826441,-1.05057368768216,-1.06400602934771
1966,8.15788490281386,-0.862603981825345,73,"Sockeye",-0.47924642810367,-0.471826547814786,-0.47719099925135
1967,9.30796400939717,0.287475124757973,73,"Sockeye",0.651664800793555,0.659577896152872,0.662052101659828
1968,9.55609066346112,0.535601778821921,73,"Sockeye",0.880623577171422,0.888989475702608,0.899052489532171
1969,8.46447669407901,-0.556012190560196,73,"Sockeye",-0.230158269896771,-0.221380067543484,-0.203998160960829
1970,8.31131032635184,-0.709178558287364,73,"Sockeye",-0.402492515310025,-0.393342596124835,-0.368931130892724
1971,6.99326197978328,-2.02722690485592,73,"Sockeye",-1.73970873956467,-1.73022777836787,-1.69909476916567
1972,7.46020430764731,-1.56028457699189,73,"Sockeye",-1.29193428938672,-1.28216304901876,-1.24463437325656
1973,7.99667917630252,-1.02380970833669,73,"Sockeye",-0.774627298417596,-0.764606629929549,-0.721025138887967
1974,8.9071120374343,-0.113376847204901,73,"Sockeye",0.116637685028101,0.126866842183636,0.176142275101267
1975,7.58932709693909,-1.43116178770012,73,"Sockeye",-1.22031513315319,-1.20991851537558,-1.15532302890009
1976,8.15714119637714,-0.863347688262065,73,"Sockeye",-0.671668911401227,-0.661145949831489,-0.601618257135163
1977,9.61241484740201,0.591925962762809,73,"Sockeye",0.764436861937559,0.775044961492808,0.839104152475938
1978,8.31526521724813,-0.705223667391069,73,"Sockeye",-0.551880645902403,-0.541228703337465,-0.473050447249848
1979,9.26139349446577,0.240904609826572,73,"Sockeye",0.375079753629152,0.385734154865791,0.457608484819772
1980,8.32726946297814,-0.693219421661061,73,"Sockeye",-0.578212155544561,-0.567596769529761,-0.49245872058199
1981,9.99240253252142,0.971913647882216,73,"Sockeye",1.06775303631263,1.07828784346271,1.15624911035237
1982,7.69327019593294,-1.32721868870626,73,"Sockeye",-1.25054717796193,-1.24013460326303,-1.15979752899768
1983,9.91410527159186,0.893616386952656,73,"Sockeye",0.951120020010908,0.96136861853398,1.04362843246768
1984,9.99779364641975,0.977304761780547,73,"Sockeye",1.01564051715271,1.02568330544204,1.10940839904821
1985,7.96297377347946,-1.05751511115974,73,"Sockeye",-1.03834723347366,-1.02855218000473,-0.943822384683687
1986,8.11364452453221,-0.906844360106996,73,"Sockeye",-0.906844360106992,-0.897339056769766,-0.81206697468329
1987,8.94550653766183,-0.07498234697737,73,"Sockeye",-0.0941502246634567,-0.0849767776902066,0.000374624126516565
1988,9.10494020055322,0.0844513159140177,73,"Sockeye",0.0461155605418494,0.0549149538011235,0.139883442437348
1989,9.0821917477776,0.061702863138397,73,"Sockeye",0.00419923008014617,0.0125822809605491,0.0967076425369147
1990,9.25639561695211,0.235906732312912,73,"Sockeye",0.159235221568573,0.167159549892684,0.249984870532822
1991,8.682445908294,-0.3380429763452,73,"Sockeye",-0.433882364775621,-0.426459230895759,-0.345386290735883
1992,8.85716837293961,-0.16332051169959,73,"Sockeye",-0.278327777816095,-0.271448402177439,-0.192574342853524
1993,9.67583553230062,0.655346647661414,73,"Sockeye",0.521171503858833,0.527464465351429,0.603700235049454
1994,9.2317531599718,0.211264275332602,73,"Sockeye",0.0579212538439289,0.0635850529783983,0.136751452496485
1995,8.68845638457467,-0.332032500064534,73,"Sockeye",-0.504543399239286,-0.499551603181979,-0.429876108700908
1996,9.35820323579452,0.337714351155316,73,"Sockeye",0.146035574294481,0.150312433848445,0.216086228560544
1997,10.5331870738198,1.51269818918058,73,"Sockeye",1.30185153463368,1.30537043135033,1.36684363888678
1998,9.32689419213463,0.306405307495434,73,"Sockeye",0.0763907752624232,0.079108589698988,0.135895365335589
1999,7.99056037909844,-1.02992850554076,73,"Sockeye",-1.27911091545985,-1.27723739605646,-1.22550875593022
2000,8.97881067851011,-0.0416782061290963,73,"Sockeye",-0.310028493734264,-0.30904257562938,-0.262728577604104
2001,9.36480034098906,0.344311456349855,73,"Sockeye",0.0567932910586029,0.0568482078850678,0.0974072614576027
2002,9.52557589026058,0.505087005621377,73,"Sockeye",0.198400962644039,0.197481384294781,0.231962347061339
2003,9.69409567818922,0.67360679355002,73,"Sockeye",0.347752872886595,0.345815211343689,0.373912981822537
2004,10.0696413166383,1.04915243199907,73,"Sockeye",0.704130633649592,0.701131206570791,0.722559546010341
2005,10.7886935893227,1.76820470468351,73,"Sockeye",1.40401502864791,1.39991005916255,1.41440232951418
2006,8.9989358326968,-0.0215530519423985,73,"Sockeye",-0.404910605664075,-0.410164989159629,-0.402855176811752
2007,8.91661153120153,-0.103877353437669,73,"Sockeye",-0.506402784845428,-0.5128505488928,-0.512948785928733
2008,8.43240354341619,-0.588085341223013,73,"Sockeye",-1.00977865031685,-1.0174638566011,-1.02517449983784
2009,8.82386599218144,-0.196622892457762,73,"Sockeye",-0.637484079237685,-0.646450884793168,-0.661956743083909
2010,8.5069758050582,-0.513513079581002,73,"Sockeye",-0.973542144047009,-0.983834801463747,-1.00729695911016
2011,8.79687644804225,-0.223612436596951,73,"Sockeye",-0.702809378749043,-0.714472236379505,-0.746030027511182
2012,7.99084036490496,-1.02964851973424,73,"Sockeye",-1.52801333957242,-1.54109084173873,-1.58086199080934
2013,9.17935777061126,0.158868885972058,73,"Sockeye",-0.358663811552201,-0.373200498753825,-0.421281443323959
2014,10.6028126828811,1.58232379824187,73,"Sockeye",1.04562322303156,1.02958271390968,0.973116300891917
2015,10.2453111480264,1.22482226338721,73,"Sockeye",0.668953810490772,0.651364745969653,0.586457216121346
2016,11.0929467467701,2.07245786213087,73,"Sockeye",1.49742153154839,1.47823908134596,1.40485383369757
2017,10.0362683815115,1.01577949687226,73,"Sockeye",0.421575288603705,0.400754525425361,0.318872771751071
2018,9.5800913922927,0.559602507653494,73,"Sockeye",-0.0537695783011793,-0.0762736789725693,-0.166654427830972
2019,11.1472499791314,2.12676109449216,73,"Sockeye",1.49422113085144,1.469988570737,1.3711208213632
2020,10.3148206262027,1.29433174156354,73,"Sockeye",0.642623900236654,0.61661766108544,0.50928724927331
2021,9.40244910296272,0.381960218323518,73,"Sockeye",-0.288915500689409,-0.316740736326155,-0.432499619335518
2022,9.67430773903342,0.653818854394214,73,"Sockeye",-0.036224742304793,-0.0659143899426127,-0.190060565466343
1950,7.96474856883287,-1.10656544668217,75,"Sockeye",-0.410544684102752,-0.416670934208066,-0.560855225217579
1951,8.55273584835231,-0.518578167162736,75,"Sockeye",0.158108685345143,0.153127639699569,0.0178149219962549
1952,8.12551491335034,-0.945799102164704,75,"Sockeye",-0.288446159728479,-0.292321472630379,-0.418727285053279
1953,9.28614867851138,0.214834662996337,75,"Sockeye",0.852853695360907,0.850044557828037,0.732574336819287
1954,8.87533193826676,-0.195982077248291,75,"Sockeye",0.422703045044633,0.420920439661824,0.312405050287699
1955,8.29304042458534,-0.778273590929705,75,"Sockeye",-0.17892237870844,-0.179718181190806,-0.27927137782144
1956,9.19055913388729,0.119245118372245,75,"Sockeye",0.699262420521855,0.699413605472994,0.608815992194756
1957,9.79354625567794,0.722232240162894,75,"Sockeye",1.28291563224085,1.28397390275411,1.20230951927595
1958,9.42766738310456,0.356353367589512,75,"Sockeye",0.897702849595818,0.899628217207876,0.826857486809656
1959,9.24887287989259,0.177558864377539,75,"Sockeye",0.699574436312194,0.702326825779885,0.638391742180767
1960,8.98552577756345,-0.0857882379515923,75,"Sockeye",0.4168934239114,0.420432673023358,0.365255845606406
1961,9.20485281944275,0.133538803927704,75,"Sockeye",0.616886555719048,0.621172415107011,0.574656345815638
1962,8.68972907215357,-0.38158494336148,75,"Sockeye",0.0824288983582138,0.0874210313078532,0.0494476043195089
1963,8.82252466306091,-0.248789352454141,75,"Sockeye",0.195890579193901,0.201548561455299,0.171978727782104
1964,8.28336145170033,-0.787952563814719,75,"Sockeye",-0.362606542238334,-0.356323222640677,-0.377649582440972
1965,7.53165989927947,-1.53965411623557,75,"Sockeye",-1.13364200473085,-1.12677394768836,-1.14003799849062
1966,8.18642307445407,-0.884890941060976,75,"Sockeye",-0.498212739627902,-0.490800633138761,-0.496204412720257
1967,9.33493601530791,0.26362199979286,75,"Sockeye",0.630966291154286,0.638881670793982,0.641115557962531
1968,9.62188424170017,0.550570226185123,75,"Sockeye",0.898580607474892,0.906958395479501,0.916587205237196
1969,8.47742118313908,-0.593892832375963,75,"Sockeye",-0.265216361157852,-0.256417118255573,-0.239655733932183
1970,8.34736351668835,-0.723950498826699,75,"Sockeye",-0.414607937680236,-0.405428282221546,-0.38181564165545
1971,7.0177057357505,-2.05360827976455,75,"Sockeye",-1.76359962868974,-1.75408069208282,-1.72391636284152
1972,7.46400556806475,-1.6073084474503,75,"Sockeye",-1.33663370644714,-1.32681670936034,-1.29041770914495
1973,8.06381509825587,-1.00749891725918,75,"Sockeye",-0.756158086327678,-0.746084338883247,-0.703784267029647
1974,8.95505817979575,-0.1162558357193,75,"Sockeye",0.115751085140548,0.126040183172345,0.173892075638753
1975,7.62699144333601,-1.44432257217904,75,"Sockeye",-1.23164956139084,-1.22118660238452,-1.16814680788574
1976,8.2353779990226,-0.835936016492444,75,"Sockeye",-0.642596915775909,-0.632001675445434,-0.574151533342919
1977,9.69480599835515,0.623491982840104,75,"Sockeye",0.797497173484988,0.808183025256328,0.870453397943987
1978,8.36863356456161,-0.70268045095344,75,"Sockeye",-0.548009170380205,-0.537274467480049,-0.470985434476901
1979,9.27269485220313,0.201380836688087,75,"Sockeye",0.336718207189661,0.347459910281614,0.417355720532463
1980,8.36279920488596,-0.708514810629086,75,"Sockeye",-0.592511350199164,-0.581804588674101,-0.508723029983583
1981,10.0785534605384,1.00723944502334,75,"Sockeye",1.10390899538162,1.11453878256238,1.19037710470809
1982,7.74315449222922,-1.32815952328583,75,"Sockeye",-1.25082388299921,-1.24031319415647,-1.16215384138295
1983,10.0068288631737,0.935514847658674,75,"Sockeye",0.993516577873616,1.00386595297043,1.08390507938316
1984,10.0708664953709,0.999552479855818,75,"Sockeye",1.03822029999916,1.04836605432954,1.12983940910687
1985,8.00301172211766,-1.06830229339738,75,"Sockeye",-1.04896838332573,-1.03906864859372,-0.956609653880076
1986,8.15839481540024,-0.912919200114804,75,"Sockeye",-0.912919200114806,-0.903307975823729,-0.820313721132617
1987,8.99293760955334,-0.0783764059617099,75,"Sockeye",-0.0977103160333586,-0.0884301852361258,-0.0053515865877003
1988,9.20959640666842,0.138282391153376,75,"Sockeye",0.0996145710100663,0.108520932850125,0.191233680117779
1989,9.13801152259111,0.0666975070760639,75,"Sockeye",0.00869577686110378,0.0171856016696701,0.0990842783706487
1990,9.33781345561147,0.266499440096425,75,"Sockeye",0.189163799809809,0.197194226700624,0.277833841426068
1991,8.71294474974274,-0.358369265772303,75,"Sockeye",-0.455038816130575,-0.447510741057149,-0.368570706804109
1992,8.85933893918991,-0.211975076325138,75,"Sockeye",-0.327978536755059,-0.320995860613872,-0.244190216539474
1993,9.70787107944489,0.636557063929843,75,"Sockeye",0.501219693428269,0.507613830104873,0.581857206771071
1994,9.29414693266154,0.222832917146491,75,"Sockeye",0.0681616365732652,0.0739239996326919,0.14518537247657
1995,8.72168107703328,-0.349632938481764,75,"Sockeye",-0.52363812912665,-0.518550867660379,-0.450681904667649
1996,9.38791388273239,0.316599867217346,75,"Sockeye",0.123260766500807,0.127629504370921,0.1917061489338
1997,10.5658814385533,1.49456742303829,75,"Sockeye",1.28189441225006,1.28550111028998,1.34539716575516
1998,9.3759445399046,0.30463052438955,75,"Sockeye",0.0726236035297095,0.0754246510698096,0.130764594027916
1999,8.02672445215285,-1.0445895633622,75,"Sockeye",-1.29593039429369,-1.2939787025635,-1.24355657499566
2000,9.0216284878552,-0.0496855276598496,75,"Sockeye",-0.320360268662998,-0.319301732898658,-0.274144271360804
2001,9.42254786193371,0.351233846418663,75,"Sockeye",0.0612251953438586,0.061346679934676,0.100908461192077
2002,9.56131207197904,0.489998056463992,75,"Sockeye",0.180655495317535,0.179795938269214,0.213447791342324
2003,9.78320877626538,0.711894760750336,75,"Sockeye",0.38321828953222,0.381333604914429,0.408778916757894
2004,10.1259462460876,1.05463223057251,75,"Sockeye",0.706621849282788,0.703667855493357,0.724628447045097
2005,10.8638284429908,1.79251442747574,75,"Sockeye",1.42517013611433,1.42110255567159,1.43531940292258
2006,9.05392276495695,-0.0173912505580955,75,"Sockeye",-0.404069451991171,-0.409294992656429,-0.402061125083522
2007,8.968745931983,-0.102568083532051,75,"Sockeye",-0.508580195036774,-0.515008165789846,-0.514976188796545
2008,8.50741112232208,-0.563902893192966,75,"Sockeye",-0.989248914769347,-0.996923881980564,-1.00429195497198
2009,8.90178128704428,-0.169532728470761,75,"Sockeye",-0.614212660118801,-0.623179286872968,-0.638124511530593
2010,8.62746749073267,-0.443846524782377,75,"Sockeye",-0.907860366502065,-0.918163412808356,-0.940841660540764
2011,8.89407622441649,-0.177237791098552,75,"Sockeye",-0.660585542889898,-0.672269865892169,-0.702815752793303
2012,8.08291037380695,-0.988403641708094,75,"Sockeye",-1.49108530357109,-1.50419585775871,-1.54272288187608
2013,9.21290134266019,0.141587327145141,75,"Sockeye",-0.380428244789506,-0.395010082208545,-0.441610938920926
2014,10.6265127286315,1.55519871311645,75,"Sockeye",1.01384923111015,0.997750960645131,0.943003868323993
2015,10.2702354565263,1.19892144101123,75,"Sockeye",0.638238048933297,0.62057809762714,0.557631935968404
2016,11.1540936753154,2.08277965980033,75,"Sockeye",1.50276235765074,1.48349537951502,1.41231592932365
2017,10.090928055346,1.01961403983096,75,"Sockeye",0.420262827609689,0.39934337824965,0.319913828496698
2018,9.65067834407091,0.579364328555865,75,"Sockeye",-0.039320793737055,-0.0619382573360596,-0.149618788493983
2019,11.190221555531,2.11890754001598,75,"Sockeye",1.48088850765138,1.45652738796483,1.36060914910977
2020,10.3473721668124,1.27605815129737,75,"Sockeye",0.618705208861128,0.592554692190086,0.488424083536335
2021,9.42918915301562,0.357875137500569,75,"Sockeye",-0.318811715007305,-0.346797468823153,-0.459105478356184
2022,9.72165225446224,0.650338238947194,75,"Sockeye",-0.0456825236323391,-0.0755494542320463,-0.19599306474727
1950,7.96474856883287,-1.10656544668217,76,"Sockeye",-0.410544684102752,-0.416670934208066,-0.560855225217579
1951,8.55273584835231,-0.518578167162736,76,"Sockeye",0.158108685345143,0.153127639699569,0.0178149219962549
1952,8.12551491335034,-0.945799102164704,76,"Sockeye",-0.288446159728479,-0.292321472630379,-0.418727285053279
1953,9.28614867851138,0.214834662996337,76,"Sockeye",0.852853695360907,0.850044557828037,0.732574336819287
1954,8.87533193826676,-0.195982077248291,76,"Sockeye",0.422703045044633,0.420920439661824,0.312405050287699
1955,8.29304042458534,-0.778273590929705,76,"Sockeye",-0.17892237870844,-0.179718181190806,-0.27927137782144
1956,9.19055913388729,0.119245118372245,76,"Sockeye",0.699262420521855,0.699413605472994,0.608815992194756
1957,9.79354625567794,0.722232240162894,76,"Sockeye",1.28291563224085,1.28397390275411,1.20230951927595
1958,9.42766738310456,0.356353367589512,76,"Sockeye",0.897702849595818,0.899628217207876,0.826857486809656
1959,9.24887287989259,0.177558864377539,76,"Sockeye",0.699574436312194,0.702326825779885,0.638391742180767
1960,8.98552577756345,-0.0857882379515923,76,"Sockeye",0.4168934239114,0.420432673023358,0.365255845606406
1961,9.20485281944275,0.133538803927704,76,"Sockeye",0.616886555719048,0.621172415107011,0.574656345815638
1962,8.68972907215357,-0.38158494336148,76,"Sockeye",0.0824288983582138,0.0874210313078532,0.0494476043195089
1963,8.82252466306091,-0.248789352454141,76,"Sockeye",0.195890579193901,0.201548561455299,0.171978727782104
1964,8.28336145170033,-0.787952563814719,76,"Sockeye",-0.362606542238334,-0.356323222640677,-0.377649582440972
1965,7.53165989927947,-1.53965411623557,76,"Sockeye",-1.13364200473085,-1.12677394768836,-1.14003799849062
1966,8.18642307445407,-0.884890941060976,76,"Sockeye",-0.498212739627902,-0.490800633138761,-0.496204412720257
1967,9.33493601530791,0.26362199979286,76,"Sockeye",0.630966291154286,0.638881670793982,0.641115557962531
1968,9.62188424170017,0.550570226185123,76,"Sockeye",0.898580607474892,0.906958395479501,0.916587205237196
1969,8.47742118313908,-0.593892832375963,76,"Sockeye",-0.265216361157852,-0.256417118255573,-0.239655733932183
1970,8.34736351668835,-0.723950498826699,76,"Sockeye",-0.414607937680236,-0.405428282221546,-0.38181564165545
1971,7.0177057357505,-2.05360827976455,76,"Sockeye",-1.76359962868974,-1.75408069208282,-1.72391636284152
1972,7.46400556806475,-1.6073084474503,76,"Sockeye",-1.33663370644714,-1.32681670936034,-1.29041770914495
1973,8.06381509825587,-1.00749891725918,76,"Sockeye",-0.756158086327678,-0.746084338883247,-0.703784267029647
1974,8.95505817979575,-0.1162558357193,76,"Sockeye",0.115751085140548,0.126040183172345,0.173892075638753
1975,7.62699144333601,-1.44432257217904,76,"Sockeye",-1.23164956139084,-1.22118660238452,-1.16814680788574
1976,8.2353779990226,-0.835936016492444,76,"Sockeye",-0.642596915775909,-0.632001675445434,-0.574151533342919
1977,9.69480599835515,0.623491982840104,76,"Sockeye",0.797497173484988,0.808183025256328,0.870453397943987
1978,8.36863356456161,-0.70268045095344,76,"Sockeye",-0.548009170380205,-0.537274467480049,-0.470985434476901
1979,9.27269485220313,0.201380836688087,76,"Sockeye",0.336718207189661,0.347459910281614,0.417355720532463
1980,8.36279920488596,-0.708514810629086,76,"Sockeye",-0.592511350199164,-0.581804588674101,-0.508723029983583
1981,10.0785534605384,1.00723944502334,76,"Sockeye",1.10390899538162,1.11453878256238,1.19037710470809
1982,7.74315449222922,-1.32815952328583,76,"Sockeye",-1.25082388299921,-1.24031319415647,-1.16215384138295
1983,10.0068288631737,0.935514847658674,76,"Sockeye",0.993516577873616,1.00386595297043,1.08390507938316
1984,10.0708664953709,0.999552479855818,76,"Sockeye",1.03822029999916,1.04836605432954,1.12983940910687
1985,8.00301172211766,-1.06830229339738,76,"Sockeye",-1.04896838332573,-1.03906864859372,-0.956609653880076
1986,8.15839481540024,-0.912919200114804,76,"Sockeye",-0.912919200114806,-0.903307975823729,-0.820313721132617
1987,8.99293760955334,-0.0783764059617099,76,"Sockeye",-0.0977103160333586,-0.0884301852361258,-0.0053515865877003
1988,9.20959640666842,0.138282391153376,76,"Sockeye",0.0996145710100663,0.108520932850125,0.191233680117779
1989,9.13801152259111,0.0666975070760639,76,"Sockeye",0.00869577686110378,0.0171856016696701,0.0990842783706487
1990,9.33781345561147,0.266499440096425,76,"Sockeye",0.189163799809809,0.197194226700624,0.277833841426068
1991,8.71294474974274,-0.358369265772303,76,"Sockeye",-0.455038816130575,-0.447510741057149,-0.368570706804109
1992,8.85933893918991,-0.211975076325138,76,"Sockeye",-0.327978536755059,-0.320995860613872,-0.244190216539474
1993,9.70787107944489,0.636557063929843,76,"Sockeye",0.501219693428269,0.507613830104873,0.581857206771071
1994,9.29414693266154,0.222832917146491,76,"Sockeye",0.0681616365732652,0.0739239996326919,0.14518537247657
1995,8.72168107703328,-0.349632938481764,76,"Sockeye",-0.52363812912665,-0.518550867660379,-0.450681904667649
1996,9.38791388273239,0.316599867217346,76,"Sockeye",0.123260766500807,0.127629504370921,0.1917061489338
1997,10.5658814385533,1.49456742303829,76,"Sockeye",1.28189441225006,1.28550111028998,1.34539716575516
1998,9.3759445399046,0.30463052438955,76,"Sockeye",0.0726236035297095,0.0754246510698096,0.130764594027916
1999,8.02672445215285,-1.0445895633622,76,"Sockeye",-1.29593039429369,-1.2939787025635,-1.24355657499566
2000,9.0216284878552,-0.0496855276598496,76,"Sockeye",-0.320360268662998,-0.319301732898658,-0.274144271360804
2001,9.42254786193371,0.351233846418663,76,"Sockeye",0.0612251953438586,0.061346679934676,0.100908461192077
2002,9.56131207197904,0.489998056463992,76,"Sockeye",0.180655495317535,0.179795938269214,0.213447791342324
2003,9.78320877626538,0.711894760750336,76,"Sockeye",0.38321828953222,0.381333604914429,0.408778916757894
2004,10.1259462460876,1.05463223057251,76,"Sockeye",0.706621849282788,0.703667855493357,0.724628447045097
2005,10.8638284429908,1.79251442747574,76,"Sockeye",1.42517013611433,1.42110255567159,1.43531940292258
2006,9.05392276495695,-0.0173912505580955,76,"Sockeye",-0.404069451991171,-0.409294992656429,-0.402061125083522
2007,8.968745931983,-0.102568083532051,76,"Sockeye",-0.508580195036774,-0.515008165789846,-0.514976188796545
2008,8.50741112232208,-0.563902893192966,76,"Sockeye",-0.989248914769347,-0.996923881980564,-1.00429195497198
2009,8.90178128704428,-0.169532728470761,76,"Sockeye",-0.614212660118801,-0.623179286872968,-0.638124511530593
2010,8.62746749073267,-0.443846524782377,76,"Sockeye",-0.907860366502065,-0.918163412808356,-0.940841660540764
2011,8.89407622441649,-0.177237791098552,76,"Sockeye",-0.660585542889898,-0.672269865892169,-0.702815752793303
2012,8.08291037380695,-0.988403641708094,76,"Sockeye",-1.49108530357109,-1.50419585775871,-1.54272288187608
2013,9.21290134266019,0.141587327145141,76,"Sockeye",-0.380428244789506,-0.395010082208545,-0.441610938920926
2014,10.6265127286315,1.55519871311645,76,"Sockeye",1.01384923111015,0.997750960645131,0.943003868323993
2015,10.2702354565263,1.19892144101123,76,"Sockeye",0.638238048933297,0.62057809762714,0.557631935968404
2016,11.1540936753154,2.08277965980033,76,"Sockeye",1.50276235765074,1.48349537951502,1.41231592932365
2017,10.090928055346,1.01961403983096,76,"Sockeye",0.420262827609689,0.39934337824965,0.319913828496698
2018,9.65067834407091,0.579364328555865,76,"Sockeye",-0.039320793737055,-0.0619382573360596,-0.149618788493983
2019,11.190221555531,2.11890754001598,76,"Sockeye",1.48088850765138,1.45652738796483,1.36060914910977
2020,10.3473721668124,1.27605815129737,76,"Sockeye",0.618705208861128,0.592554692190086,0.488424083536335
2021,9.42918915301562,0.357875137500569,76,"Sockeye",-0.318811715007305,-0.346797468823153,-0.459105478356184
2022,9.72165225446224,0.650338238947194,76,"Sockeye",-0.0456825236323391,-0.0755494542320463,-0.19599306474727
1950,7.95441461310667,-1.06607427153253,74,"Sockeye",-0.37603067483357,-0.381927620910733,-0.529866497995076
1951,8.53953043678227,-0.48095844785693,74,"Sockeye",0.189917271155993,0.185148390013357,0.0463331525098827
1952,8.07033213797738,-0.950156746661827,74,"Sockeye",-0.29844890533498,-0.30212875962893,-0.431785556298326
1953,9.2605521643863,0.2400632797471,74,"Sockeye",0.872603243387857,0.869973293378449,0.74950293389962
1954,8.80714680166806,-0.213342082971146,74,"Sockeye",0.400030002983532,0.398410750033422,0.287145153453741
1955,8.21291685805601,-0.80757202658319,74,"Sockeye",-0.213367818314601,-0.214015666274934,-0.316070335167238
1956,9.0709956744138,0.0505067897745945,74,"Sockeye",0.625543120357105,0.625827300289142,0.532975422506281
1957,9.76094563918955,0.740456754550349,74,"Sockeye",1.29632520744677,1.29750195296188,1.21382861307734
1958,9.37625100682763,0.35576212218843,74,"Sockeye",0.892462697398768,0.894492460791367,0.81995577525913
1959,9.16016372161753,0.139674836978328,74,"Sockeye",0.657207534502584,0.660050682486006,0.594589902730826
1960,8.91424515492776,-0.106243729711444,74,"Sockeye",0.392121090126732,0.395737903648026,0.3392724388898
1961,9.13021701924941,0.10972813461021,74,"Sockeye",0.588925076762297,0.593275750816646,0.545704428000157
1962,8.6480850612416,-0.372403823397606,74,"Sockeye",0.0876252410684043,0.0926698845130947,0.053870426005254
1963,8.79224059511634,-0.228248289522865,74,"Sockeye",0.21261289725706,0.218311532625107,0.188140233410836
1964,8.24788198926869,-0.772606895370509,74,"Sockeye",-0.350913586276674,-0.344601022963344,-0.366309435797666
1965,7.56050342496704,-1.45998545967217,74,"Sockeye",-1.05746002826441,-1.05057368768216,-1.06400602934771
1966,8.15788490281386,-0.862603981825345,74,"Sockeye",-0.47924642810367,-0.471826547814786,-0.47719099925135
1967,9.30796400939717,0.287475124757973,74,"Sockeye",0.651664800793555,0.659577896152872,0.662052101659828
1968,9.55609066346112,0.535601778821921,74,"Sockeye",0.880623577171422,0.888989475702608,0.899052489532171
1969,8.46447669407901,-0.556012190560196,74,"Sockeye",-0.230158269896771,-0.221380067543484,-0.203998160960829
1970,8.31131032635184,-0.709178558287364,74,"Sockeye",-0.402492515310025,-0.393342596124835,-0.368931130892724
1971,6.99326197978328,-2.02722690485592,74,"Sockeye",-1.73970873956467,-1.73022777836787,-1.69909476916567
1972,7.46020430764731,-1.56028457699189,74,"Sockeye",-1.29193428938672,-1.28216304901876,-1.24463437325656
1973,7.99667917630252,-1.02380970833669,74,"Sockeye",-0.774627298417596,-0.764606629929549,-0.721025138887967
1974,8.9071120374343,-0.113376847204901,74,"Sockeye",0.116637685028101,0.126866842183636,0.176142275101267
1975,7.58932709693909,-1.43116178770012,74,"Sockeye",-1.22031513315319,-1.20991851537558,-1.15532302890009
1976,8.15714119637714,-0.863347688262065,74,"Sockeye",-0.671668911401227,-0.661145949831489,-0.601618257135163
1977,9.61241484740201,0.591925962762809,74,"Sockeye",0.764436861937559,0.775044961492808,0.839104152475938
1978,8.31526521724813,-0.705223667391069,74,"Sockeye",-0.551880645902403,-0.541228703337465,-0.473050447249848
1979,9.26139349446577,0.240904609826572,74,"Sockeye",0.375079753629152,0.385734154865791,0.457608484819772
1980,8.32726946297814,-0.693219421661061,74,"Sockeye",-0.578212155544561,-0.567596769529761,-0.49245872058199
1981,9.99240253252142,0.971913647882216,74,"Sockeye",1.06775303631263,1.07828784346271,1.15624911035237
1982,7.69327019593294,-1.32721868870626,74,"Sockeye",-1.25054717796193,-1.24013460326303,-1.15979752899768
1983,9.91410527159186,0.893616386952656,74,"Sockeye",0.951120020010908,0.96136861853398,1.04362843246768
1984,9.99779364641975,0.977304761780547,74,"Sockeye",1.01564051715271,1.02568330544204,1.10940839904821
1985,7.96297377347946,-1.05751511115974,74,"Sockeye",-1.03834723347366,-1.02855218000473,-0.943822384683687
1986,8.11364452453221,-0.906844360106996,74,"Sockeye",-0.906844360106992,-0.897339056769766,-0.81206697468329
1987,8.94550653766183,-0.07498234697737,74,"Sockeye",-0.0941502246634567,-0.0849767776902066,0.000374624126516565
1988,9.10494020055322,0.0844513159140177,74,"Sockeye",0.0461155605418494,0.0549149538011235,0.139883442437348
1989,9.0821917477776,0.061702863138397,74,"Sockeye",0.00419923008014617,0.0125822809605491,0.0967076425369147
1990,9.25639561695211,0.235906732312912,74,"Sockeye",0.159235221568573,0.167159549892684,0.249984870532822
1991,8.682445908294,-0.3380429763452,74,"Sockeye",-0.433882364775621,-0.426459230895759,-0.345386290735883
1992,8.85716837293961,-0.16332051169959,74,"Sockeye",-0.278327777816095,-0.271448402177439,-0.192574342853524
1993,9.67583553230062,0.655346647661414,74,"Sockeye",0.521171503858833,0.527464465351429,0.603700235049454
1994,9.2317531599718,0.211264275332602,74,"Sockeye",0.0579212538439289,0.0635850529783983,0.136751452496485
1995,8.68845638457467,-0.332032500064534,74,"Sockeye",-0.504543399239286,-0.499551603181979,-0.429876108700908
1996,9.35820323579452,0.337714351155316,74,"Sockeye",0.146035574294481,0.150312433848445,0.216086228560544
1997,10.5331870738198,1.51269818918058,74,"Sockeye",1.30185153463368,1.30537043135033,1.36684363888678
1998,9.32689419213463,0.306405307495434,74,"Sockeye",0.0763907752624232,0.079108589698988,0.135895365335589
1999,7.99056037909844,-1.02992850554076,74,"Sockeye",-1.27911091545985,-1.27723739605646,-1.22550875593022
2000,8.97881067851011,-0.0416782061290963,74,"Sockeye",-0.310028493734264,-0.30904257562938,-0.262728577604104
2001,9.36480034098906,0.344311456349855,74,"Sockeye",0.0567932910586029,0.0568482078850678,0.0974072614576027
2002,9.52557589026058,0.505087005621377,74,"Sockeye",0.198400962644039,0.197481384294781,0.231962347061339
2003,9.69409567818922,0.67360679355002,74,"Sockeye",0.347752872886595,0.345815211343689,0.373912981822537
2004,10.0696413166383,1.04915243199907,74,"Sockeye",0.704130633649592,0.701131206570791,0.722559546010341
2005,10.7886935893227,1.76820470468351,74,"Sockeye",1.40401502864791,1.39991005916255,1.41440232951418
2006,8.9989358326968,-0.0215530519423985,74,"Sockeye",-0.404910605664075,-0.410164989159629,-0.402855176811752
2007,8.91661153120153,-0.103877353437669,74,"Sockeye",-0.506402784845428,-0.5128505488928,-0.512948785928733
2008,8.43240354341619,-0.588085341223013,74,"Sockeye",-1.00977865031685,-1.0174638566011,-1.02517449983784
2009,8.82386599218144,-0.196622892457762,74,"Sockeye",-0.637484079237685,-0.646450884793168,-0.661956743083909
2010,8.5069758050582,-0.513513079581002,74,"Sockeye",-0.973542144047009,-0.983834801463747,-1.00729695911016
2011,8.79687644804225,-0.223612436596951,74,"Sockeye",-0.702809378749043,-0.714472236379505,-0.746030027511182
2012,7.99084036490496,-1.02964851973424,74,"Sockeye",-1.52801333957242,-1.54109084173873,-1.58086199080934
2013,9.17935777061126,0.158868885972058,74,"Sockeye",-0.358663811552201,-0.373200498753825,-0.421281443323959
2014,10.6028126828811,1.58232379824187,74,"Sockeye",1.04562322303156,1.02958271390968,0.973116300891917
2015,10.2453111480264,1.22482226338721,74,"Sockeye",0.668953810490772,0.651364745969653,0.586457216121346
2016,11.0929467467701,2.07245786213087,74,"Sockeye",1.49742153154839,1.47823908134596,1.40485383369757
2017,10.0362683815115,1.01577949687226,74,"Sockeye",0.421575288603705,0.400754525425361,0.318872771751071
2018,9.5800913922927,0.559602507653494,74,"Sockeye",-0.0537695783011793,-0.0762736789725693,-0.166654427830972
2019,11.1472499791314,2.12676109449216,74,"Sockeye",1.49422113085144,1.469988570737,1.3711208213632
2020,10.3148206262027,1.29433174156354,74,"Sockeye",0.642623900236654,0.61661766108544,0.50928724927331
2021,9.40244910296272,0.381960218323518,74,"Sockeye",-0.288915500689409,-0.316740736326155,-0.432499619335518
2022,9.67430773903342,0.653818854394214,74,"Sockeye",-0.036224742304793,-0.0659143899426127,-0.190060565466343
1950,7.49638595651178,-0.775829258084444,77,"Sockeye",0.0514834408795646,0.0373360500199187,-0.0173165838143108
1951,7.58862628831583,-0.683588926280392,77,"Sockeye",0.120742864379156,0.108479677467084,0.0565277114616132
1952,6.90177202049424,-1.37044319410198,77,"Sockeye",-0.589092311746991,-0.599530963293897,-0.648724487727592
1953,8.6736302095301,0.401414994933884,77,"Sockeye",1.15978496898431,1.15111101545723,1.10473079396466
1954,7.86677427151624,-0.405440943079982,77,"Sockeye",0.329948122665892,0.32297886057314,0.279462609762504
1955,7.26051011681557,-1.01170509778065,77,"Sockeye",-0.299296940339337,-0.304621687302085,-0.345228606646832
1956,8.26556518498589,-0.00665002961032727,77,"Sockeye",0.682777219526425,0.679036641190515,0.641378150264686
1957,8.86441455869114,0.592199344094918,77,"Sockeye",1.25864568492712,1.25642875803464,1.22175071720672
1958,8.38883985140744,0.116624636811224,77,"Sockeye",0.760090069338858,0.75933610554344,0.727662784645529
1959,8.04310866313822,-0.229106551457998,77,"Sockeye",0.39137797276508,0.392026112073279,0.36337347729947
1960,8.05445454751744,-0.21776066707878,77,"Sockeye",0.379742948839741,0.381732159125569,0.35610743641214
1961,7.98561026068295,-0.286604953913271,77,"Sockeye",0.287917753700693,0.291186830218749,0.268588174666277
1962,7.49339856470332,-0.778816649892897,77,"Sockeye",-0.227274850583496,-0.222787285686235,-0.24237102299743
1963,7.67881203749601,-0.59340317710021,77,"Sockeye",-0.0648422860953643,-0.0591977842691502,-0.0757872002404936
1964,7.52096674021552,-0.751248474380696,77,"Sockeye",-0.245668491680413,-0.238928778463716,-0.252553980414189
1965,6.83326147759662,-1.4389537369996,77,"Sockeye",-0.95635466260387,-0.948581638115779,-0.959282231923704
1966,7.55088617521174,-0.721329039384481,77,"Sockeye",-0.261710873293309,-0.252966612727279,-0.260791623453517
1967,8.78634450716131,0.514129292565092,77,"Sockeye",0.950766550351702,0.960419796232666,0.955412064910115
1968,8.55301017270369,0.280794958107468,77,"Sockeye",0.694451307589524,0.70495111195631,0.702693273598767
1969,7.96463515828638,-0.307580056309843,77,"Sockeye",0.0830953848676557,0.0943791443270499,0.0947949754038504
1970,7.52674552622963,-0.745469688366585,77,"Sockeye",-0.377775155493653,-0.365770221398333,-0.362765491104571
1971,6.038491773693,-2.23372344090322,77,"Sockeye",-1.88900981633484,-1.87634666562454,-1.87084602256467
1972,6.59403715940083,-1.67817805519539,77,"Sockeye",-1.35644533893157,-1.34318710769371,-1.33529138836988
1973,7.29272504413829,-0.979490170457928,77,"Sockeye",-0.680738362498668,-0.666948365390802,-0.656765858412837
1974,8.15909733491786,-0.113117879678362,77,"Sockeye",0.162653019976343,0.176911289221514,0.189265269206082
1975,6.95621986424222,-1.315995350354,77,"Sockeye",-1.06320535900385,-1.04854249093574,-1.03413892775507
1976,7.22117274649003,-1.05104246810619,77,"Sockeye",-0.821233385060603,-0.806229771573463,-0.789904617519433
1977,8.77097735159538,0.498762136999157,77,"Sockeye",0.705590311740189,0.720870636643493,0.738983778406769
1978,7.62888862455593,-0.643326590040293,77,"Sockeye",-0.459479323603819,-0.443986502396921,-0.424224078743006
1979,8.63987274029676,0.367657525700537,77,"Sockeye",0.528523883832451,0.544164804608416,0.56543322410954
1980,7.50827318429947,-0.763942030296752,77,"Sockeye",-0.626056580469397,-0.610332138994534,-0.58770505530597
1981,9.25071752772612,0.978502313129899,77,"Sockeye",1.0934068546527,1.10915005530549,1.13298497081657
1982,6.87493039229336,-1.39728482230285,77,"Sockeye",-1.30536118908462,-1.28966417394224,-1.26477520617509
1983,9.25775432937285,0.985539114776633,77,"Sockeye",1.05448183969031,1.07006754094849,1.09585439473388
1984,9.03653750700109,0.764322292404873,77,"Sockeye",0.810284109013989,0.825693183809214,0.852219936816176
1985,7.16234624210526,-1.10986897249096,77,"Sockeye",-1.0868880641864,-1.07172111315884,-1.04461369793483
1986,7.26220351632903,-1.01001169826718,77,"Sockeye",-1.01001169826719,-0.995152553560446,-0.967624390008486
1987,8.46354087661294,0.191325662016724,77,"Sockeye",0.168344753712165,0.182830223772569,0.210619119963734
1988,8.46686188613667,0.194646671540451,77,"Sockeye",0.148684854931336,0.162730595722083,0.190620682733524
1989,8.29957530778997,0.0273600931937468,77,"Sockeye",-0.0415826317199221,-0.0280428616468562,-0.000210076676347981
1990,8.46351244519739,0.191297230601169,77,"Sockeye",0.099373597382939,0.112340967937167,0.139959580292473
1991,8.25044223841499,-0.0217729761812324,77,"Sockeye",-0.136677517704019,-0.124349163352793,-0.097099401540147
1992,8.21563150251613,-0.0565837120800934,77,"Sockeye",-0.194469161907437,-0.182846628857787,-0.156117636744009
1993,8.96738196471158,0.695166750115361,77,"Sockeye",0.534300391983453,0.545150109685654,0.571209732260543
1994,8.39003140786115,0.117816193264933,77,"Sockeye",-0.0660310731715346,-0.0560213543443933,-0.030775828310718
1995,8.1869842936011,-0.0852309209951224,77,"Sockeye",-0.292059095736143,-0.282956749329294,-0.25866562906956
1996,8.56140838651096,0.289193171914743,77,"Sockeye",0.059384088869159,0.0675114987554117,0.0907128564103328
1997,9.77891892194748,1.50670370735126,77,"Sockeye",1.25391371600112,1.26099843417246,1.28298014724991
1998,8.77460286547156,0.502387650875343,77,"Sockeye",0.226616751220643,0.232590830848237,0.253229000450386
1999,7.21471194134039,-1.05750327325583,77,"Sockeye",-1.35625508121509,-1.35145977913657,-1.33228257712925
2000,8.34998442846186,0.0777692138656422,77,"Sockeye",-0.243963502398174,-0.240415309594121,-0.222809551836479
2001,8.79319541594561,0.520980201349394,77,"Sockeye",0.176266576781016,0.178499135320111,0.194430370551189
2002,9.25591235301074,0.983697138414518,77,"Sockeye",0.616002605541587,0.616850811013469,0.631012269930675
2003,9.08832637352102,0.816111158924801,77,"Sockeye",0.425435717747311,0.424830656989823,0.43713530828351
2004,9.3113123108359,1.03909709623968,77,"Sockeye",0.625440746757632,0.623313311698995,0.63368271276688
2005,9.99546870063333,1.72325348603711,77,"Sockeye",1.2866162282505,1.28289711535805,1.29126174280892
2006,8.35837763547897,0.0861624208827548,77,"Sockeye",-0.373455745208415,-0.378836035481086,-0.372536495368617
2007,8.33803575003848,0.0658205354422646,77,"Sockeye",-0.416778538953463,-0.423889702720864,-0.41970610827329
2008,7.64432746697874,-0.627887747617475,77,"Sockeye",-1.13346773031776,-1.14237966081848,-1.14035321905153
2009,7.92134555122431,-0.350869663371905,77,"Sockeye",-0.87943055437675,-0.890213342530976,-0.890375468521873
2010,7.57639345351388,-0.695821761082344,77,"Sockeye",-1.24736356039174,-1.2600874953604,-1.26245973280566
2011,7.87987618586596,-0.392339028730258,77,"Sockeye",-0.966861736344217,-0.981597306089634,-0.986191315378626
2012,7.16530899791157,-1.10690621668465,77,"Sockeye",-1.70440983260317,-1.72122772445136,-1.72804534503076
2013,8.41217873727574,0.139963522679521,77,"Sockeye",-0.480521001543554,-0.499492102748089,-0.508525497009156
2014,9.98083608290728,1.70862086831106,77,"Sockeye",1.06515543578343,1.04396003747595,1.03272815109011
2015,9.58259415626526,1.31037894166904,77,"Sockeye",0.64393260083685,0.620441616619763,0.607037633116462
2016,10.7320191369337,2.4598039223375,77,"Sockeye",1.77037667320073,1.74451861263861,1.728977603939
2017,9.48717347313376,1.21495825853754,77,"Sockeye",0.502550101096232,0.474253271554652,0.456618434788746
2018,8.98016008910011,0.70794487450389,77,"Sockeye",-0.0274441912419761,-0.0582516851683597,-0.0779297041453528
2019,10.6152120057274,2.34299679113121,77,"Sockeye",1.58462681708076,1.55123656001981,1.52957264206112
2020,9.82299679868361,1.55078158408739,77,"Sockeye",0.769430701732407,0.733385378867601,0.709798525751816
2021,8.90720182306626,0.634986608470043,77,"Sockeye",-0.169345182189502,-0.20811807802375,-0.233560335107034
2022,8.68787207322962,0.415656858633401,77,"Sockeye",-0.4116558403307,-0.453229021374639,-0.480455865024664
1950,7.49638595651178,-0.775829258084444,78,"Sockeye",0.0514834408795646,0.0373360500199187,-0.0173165838143108
1951,7.58862628831583,-0.683588926280392,78,"Sockeye",0.120742864379156,0.108479677467084,0.0565277114616132
1952,6.90177202049424,-1.37044319410198,78,"Sockeye",-0.589092311746991,-0.599530963293897,-0.648724487727592
1953,8.6736302095301,0.401414994933884,78,"Sockeye",1.15978496898431,1.15111101545723,1.10473079396466
1954,7.86677427151624,-0.405440943079982,78,"Sockeye",0.329948122665892,0.32297886057314,0.279462609762504
1955,7.26051011681557,-1.01170509778065,78,"Sockeye",-0.299296940339337,-0.304621687302085,-0.345228606646832
1956,8.26556518498589,-0.00665002961032727,78,"Sockeye",0.682777219526425,0.679036641190515,0.641378150264686
1957,8.86441455869114,0.592199344094918,78,"Sockeye",1.25864568492712,1.25642875803464,1.22175071720672
1958,8.38883985140744,0.116624636811224,78,"Sockeye",0.760090069338858,0.75933610554344,0.727662784645529
1959,8.04310866313822,-0.229106551457998,78,"Sockeye",0.39137797276508,0.392026112073279,0.36337347729947
1960,8.05445454751744,-0.21776066707878,78,"Sockeye",0.379742948839741,0.381732159125569,0.35610743641214
1961,7.98561026068295,-0.286604953913271,78,"Sockeye",0.287917753700693,0.291186830218749,0.268588174666277
1962,7.49339856470332,-0.778816649892897,78,"Sockeye",-0.227274850583496,-0.222787285686235,-0.24237102299743
1963,7.67881203749601,-0.59340317710021,78,"Sockeye",-0.0648422860953643,-0.0591977842691502,-0.0757872002404936
1964,7.52096674021552,-0.751248474380696,78,"Sockeye",-0.245668491680413,-0.238928778463716,-0.252553980414189
1965,6.83326147759662,-1.4389537369996,78,"Sockeye",-0.95635466260387,-0.948581638115779,-0.959282231923704
1966,7.55088617521174,-0.721329039384481,78,"Sockeye",-0.261710873293309,-0.252966612727279,-0.260791623453517
1967,8.78634450716131,0.514129292565092,78,"Sockeye",0.950766550351702,0.960419796232666,0.955412064910115
1968,8.55301017270369,0.280794958107468,78,"Sockeye",0.694451307589524,0.70495111195631,0.702693273598767
1969,7.96463515828638,-0.307580056309843,78,"Sockeye",0.0830953848676557,0.0943791443270499,0.0947949754038504
1970,7.52674552622963,-0.745469688366585,78,"Sockeye",-0.377775155493653,-0.365770221398333,-0.362765491104571
1971,6.038491773693,-2.23372344090322,78,"Sockeye",-1.88900981633484,-1.87634666562454,-1.87084602256467
1972,6.59403715940083,-1.67817805519539,78,"Sockeye",-1.35644533893157,-1.34318710769371,-1.33529138836988
1973,7.29272504413829,-0.979490170457928,78,"Sockeye",-0.680738362498668,-0.666948365390802,-0.656765858412837
1974,8.15909733491786,-0.113117879678362,78,"Sockeye",0.162653019976343,0.176911289221514,0.189265269206082
1975,6.95621986424222,-1.315995350354,78,"Sockeye",-1.06320535900385,-1.04854249093574,-1.03413892775507
1976,7.22117274649003,-1.05104246810619,78,"Sockeye",-0.821233385060603,-0.806229771573463,-0.789904617519433
1977,8.77097735159538,0.498762136999157,78,"Sockeye",0.705590311740189,0.720870636643493,0.738983778406769
1978,7.62888862455593,-0.643326590040293,78,"Sockeye",-0.459479323603819,-0.443986502396921,-0.424224078743006
1979,8.63987274029676,0.367657525700537,78,"Sockeye",0.528523883832451,0.544164804608416,0.56543322410954
1980,7.50827318429947,-0.763942030296752,78,"Sockeye",-0.626056580469397,-0.610332138994534,-0.58770505530597
1981,9.25071752772612,0.978502313129899,78,"Sockeye",1.0934068546527,1.10915005530549,1.13298497081657
1982,6.87493039229336,-1.39728482230285,78,"Sockeye",-1.30536118908462,-1.28966417394224,-1.26477520617509
1983,9.25775432937285,0.985539114776633,78,"Sockeye",1.05448183969031,1.07006754094849,1.09585439473388
1984,9.03653750700109,0.764322292404873,78,"Sockeye",0.810284109013989,0.825693183809214,0.852219936816176
1985,7.16234624210526,-1.10986897249096,78,"Sockeye",-1.0868880641864,-1.07172111315884,-1.04461369793483
1986,7.26220351632903,-1.01001169826718,78,"Sockeye",-1.01001169826719,-0.995152553560446,-0.967624390008486
1987,8.46354087661294,0.191325662016724,78,"Sockeye",0.168344753712165,0.182830223772569,0.210619119963734
1988,8.46686188613667,0.194646671540451,78,"Sockeye",0.148684854931336,0.162730595722083,0.190620682733524
1989,8.29957530778997,0.0273600931937468,78,"Sockeye",-0.0415826317199221,-0.0280428616468562,-0.000210076676347981
1990,8.46351244519739,0.191297230601169,78,"Sockeye",0.099373597382939,0.112340967937167,0.139959580292473
1991,8.25044223841499,-0.0217729761812324,78,"Sockeye",-0.136677517704019,-0.124349163352793,-0.097099401540147
1992,8.21563150251613,-0.0565837120800934,78,"Sockeye",-0.194469161907437,-0.182846628857787,-0.156117636744009
1993,8.96738196471158,0.695166750115361,78,"Sockeye",0.534300391983453,0.545150109685654,0.571209732260543
1994,8.39003140786115,0.117816193264933,78,"Sockeye",-0.0660310731715346,-0.0560213543443933,-0.030775828310718
1995,8.1869842936011,-0.0852309209951224,78,"Sockeye",-0.292059095736143,-0.282956749329294,-0.25866562906956
1996,8.56140838651096,0.289193171914743,78,"Sockeye",0.059384088869159,0.0675114987554117,0.0907128564103328
1997,9.77891892194748,1.50670370735126,78,"Sockeye",1.25391371600112,1.26099843417246,1.28298014724991
1998,8.77460286547156,0.502387650875343,78,"Sockeye",0.226616751220643,0.232590830848237,0.253229000450386
1999,7.21471194134039,-1.05750327325583,78,"Sockeye",-1.35625508121509,-1.35145977913657,-1.33228257712925
2000,8.34998442846186,0.0777692138656422,78,"Sockeye",-0.243963502398174,-0.240415309594121,-0.222809551836479
2001,8.79319541594561,0.520980201349394,78,"Sockeye",0.176266576781016,0.178499135320111,0.194430370551189
2002,9.25591235301074,0.983697138414518,78,"Sockeye",0.616002605541587,0.616850811013469,0.631012269930675
2003,9.08832637352102,0.816111158924801,78,"Sockeye",0.425435717747311,0.424830656989823,0.43713530828351
2004,9.3113123108359,1.03909709623968,78,"Sockeye",0.625440746757632,0.623313311698995,0.63368271276688
2005,9.99546870063333,1.72325348603711,78,"Sockeye",1.2866162282505,1.28289711535805,1.29126174280892
2006,8.35837763547897,0.0861624208827548,78,"Sockeye",-0.373455745208415,-0.378836035481086,-0.372536495368617
2007,8.33803575003848,0.0658205354422646,78,"Sockeye",-0.416778538953463,-0.423889702720864,-0.41970610827329
2008,7.64432746697874,-0.627887747617475,78,"Sockeye",-1.13346773031776,-1.14237966081848,-1.14035321905153
2009,7.92134555122431,-0.350869663371905,78,"Sockeye",-0.87943055437675,-0.890213342530976,-0.890375468521873
2010,7.57639345351388,-0.695821761082344,78,"Sockeye",-1.24736356039174,-1.2600874953604,-1.26245973280566
2011,7.87987618586596,-0.392339028730258,78,"Sockeye",-0.966861736344217,-0.981597306089634,-0.986191315378626
2012,7.16530899791157,-1.10690621668465,78,"Sockeye",-1.70440983260317,-1.72122772445136,-1.72804534503076
2013,8.41217873727574,0.139963522679521,78,"Sockeye",-0.480521001543554,-0.499492102748089,-0.508525497009156
2014,9.98083608290728,1.70862086831106,78,"Sockeye",1.06515543578343,1.04396003747595,1.03272815109011
2015,9.58259415626526,1.31037894166904,78,"Sockeye",0.64393260083685,0.620441616619763,0.607037633116462
2016,10.7320191369337,2.4598039223375,78,"Sockeye",1.77037667320073,1.74451861263861,1.728977603939
2017,9.48717347313376,1.21495825853754,78,"Sockeye",0.502550101096232,0.474253271554652,0.456618434788746
2018,8.98016008910011,0.70794487450389,78,"Sockeye",-0.0274441912419761,-0.0582516851683597,-0.0779297041453528
2019,10.6152120057274,2.34299679113121,78,"Sockeye",1.58462681708076,1.55123656001981,1.52957264206112
2020,9.82299679868361,1.55078158408739,78,"Sockeye",0.769430701732407,0.733385378867601,0.709798525751816
2021,8.90720182306626,0.634986608470043,78,"Sockeye",-0.169345182189502,-0.20811807802375,-0.233560335107034
2022,8.68787207322962,0.415656858633401,78,"Sockeye",-0.4116558403307,-0.453229021374639,-0.480455865024664
1950,8.86894525499905,-0.496144815090681,80,"Sockeye",0.345437081918175,0.332894943093553,0.264769876049606
1951,8.84946599778007,-0.515624072309658,80,"Sockeye",0.302580549782403,0.291753121154157,0.227289051220737
1952,7.89541556554682,-1.46967450454291,80,"Sockeye",-0.674847157367761,-0.68401485048841,-0.744765170299036
1953,9.86027568929336,0.495185619203631,80,"Sockeye",1.26663569146186,1.2590726196466,1.20208532988867
1954,8.84884502607233,-0.516245044017398,80,"Sockeye",0.231827753323918,0.225814048744455,0.172634093425119
1955,8.26728528387406,-1.09780478621567,80,"Sockeye",-0.373109263791269,-0.377628995426859,-0.426963593036056
1956,9.25560569763184,-0.109484372457893,80,"Sockeye",0.591833875049595,0.588752581487771,0.543293961615502
1957,9.93246494321262,0.56737487312289,80,"Sockeye",1.24531584571346,1.24361731442035,1.20205693745204
1958,9.2807608983096,-0.0843291717801325,80,"Sockeye",0.570234525893524,0.569862939771497,0.532213922532486
1959,8.8645313206841,-0.500558749405633,80,"Sockeye",0.130627673351107,0.131527073651352,0.0977927374477936
1960,9.19473225930158,-0.17035781078815,80,"Sockeye",0.437451337051671,0.439565623014733,0.409738981492357
1961,8.66796238983379,-0.697127680255939,80,"Sockeye",-0.112695807333035,-0.109422878837654,-0.135359507502619
1962,8.64263363796121,-0.722456432128514,80,"Sockeye",-0.161401834122531,-0.157026648957659,-0.179101915675709
1963,8.84896755218506,-0.516122517904668,80,"Sockeye",0.0215548051844045,0.0269757180613688,0.00872202428806901
1964,8.52760997940512,-0.837480090684606,80,"Sockeye",-0.323180042512451,-0.316770074338498,-0.331253195678668
1965,8.25804874476264,-1.10704132532708,80,"Sockeye",-0.616118552071848,-0.608776344837787,-0.619551092075552
1966,8.70970805953531,-0.655382010554424,80,"Sockeye",-0.187836512216094,-0.17961902634555,-0.186758702776327
1967,9.89743405931136,0.532343989221635,80,"Sockeye",0.97651221264304,0.985547872173766,0.981959022886445
1968,9.49321563804851,0.128125567958779,80,"Sockeye",0.548916516463274,0.55871309975837,0.558580123006845
1969,9.35374110586503,-0.0113489642247001,80,"Sockeye",0.386064709362879,0.396564821239247,0.399782339299216
1970,8.54398459546706,-0.821105474622668,80,"Sockeye",-0.447069075952007,-0.435922976333464,-0.42947042402303
1971,7.05642099941478,-2.30866907067495,80,"Sockeye",-1.9580099469212,-1.9462755464252,-1.93671311602714
1972,7.67453895246281,-1.69055111762692,80,"Sockeye",-1.36326926879009,-1.35100440067756,-1.33846651483053
1973,8.31927249010871,-1.04581757998101,80,"Sockeye",-0.741913006061104,-0.729175650360713,-0.713805531814087
1974,9.41954388337977,0.0544538132900384,80,"Sockeye",0.33498111229304,0.348132828412416,0.366183656140857
1975,8.12011941390879,-1.24497065618094,80,"Sockeye",-0.987820632094856,-0.974312830238956,-0.953740589190167
1976,8.27005744331023,-1.0950326267795,80,"Sockeye",-0.861259877610332,-0.847454412588343,-0.824527272468147
1977,10.1487500948064,0.78366002471672,80,"Sockeye",0.994055498968922,1.0081000563233,1.03320893913475
1978,8.68691658973694,-0.678173480352789,80,"Sockeye",-0.491155281017454,-0.476930350803919,-0.449818928192165
1979,9.85123322290532,0.486143152815597,80,"Sockeye",0.64978407723401,0.664130511816742,0.693059837146208
1980,8.42350604954888,-0.94158402054085,80,"Sockeye",-0.801320371039346,-0.786911449972294,-0.756353666601409
1981,10.1897171455271,0.824627075437382,80,"Sockeye",0.941513450021958,0.955925689914411,0.987918317733666
1982,7.85064388723934,-1.51444618285039,80,"Sockeye",-1.42093708318272,-1.40658084227792,-1.37335050376927
1983,10.2883428685805,0.923252798490804,80,"Sockeye",0.993384623241526,1.00762539681043,1.04189344907203
1984,9.97051305630628,0.605422986216548,80,"Sockeye",0.65217753605039,0.66624322301794,0.701346792451684
1985,8.28632551081041,-1.07876455927932,80,"Sockeye",-1.05538728436239,-1.04155645456186,-1.00582109567928
1986,8.41206420870388,-0.953025861385846,80,"Sockeye",-0.953025861385841,-0.939489811002172,-0.903327249550543
1987,9.70857630757724,0.343486237487516,80,"Sockeye",0.320108962570604,0.333290159218446,0.369675151253714
1988,9.52571970574996,0.160629635660231,80,"Sockeye",0.113875085826407,0.126641201964443,0.163044342227701
1989,9.5153363382115,0.150246268121776,80,"Sockeye",0.0801144433710304,0.0924050993833418,0.128623269201531
1990,9.45901625296649,0.0939261828767633,80,"Sockeye",0.00041708320910569,0.0121717462499689,0.048003662622552
1991,9.58508280445548,0.219992734365747,80,"Sockeye",0.103106359781179,0.114264343386193,0.149511227492891
1992,9.21007266465355,-0.155017405436179,80,"Sockeye",-0.295281054937666,-0.284780591241406,-0.250314350499727
1993,9.94819207752452,0.58310200743479,80,"Sockeye",0.419461083016388,0.429243031931628,0.462736842928591
1994,9.28769033095416,-0.077399739135567,80,"Sockeye",-0.264417938470889,-0.255415654000126,-0.223081585645597
1995,9.59761008795571,0.232520017865978,80,"Sockeye",0.0221245436137455,0.0302858587925527,0.0612779837795721
1996,9.34088838801664,-0.0242016820730876,80,"Sockeye",-0.257974431242239,-0.250715545780682,-0.221241826100051
1997,10.8708068903755,1.50571682028575,80,"Sockeye",1.2485667961997,1.25486163554605,1.2826468391044
1998,9.77967361842885,0.41458354833912,80,"Sockeye",0.134056249336138,0.13932526980083,0.165258793183959
1999,8.58920557358686,-0.775884496502873,80,"Sockeye",-1.07978907042277,-1.07560779837148,-1.05168159617574
2000,9.36989195206586,0.00480188197613406,80,"Sockeye",-0.322479966860684,-0.31944852991769,-0.297677212901117
2001,9.79465709714328,0.429567027053551,80,"Sockeye",0.0789079032998196,0.0807272608776479,0.100204734193888
2002,10.4065468732048,1.04145680311512,80,"Sockeye",0.667420404444424,0.667965280438366,0.685019056373408
2003,10.370414740899,1.0053246708093,80,"Sockeye",0.607910997221708,0.607118831050329,0.621628627158053
2004,10.2959168307921,0.930826760702418,80,"Sockeye",0.510035812197893,0.507843884515145,0.519699418741471
2005,10.9167654023451,1.55167533225537,80,"Sockeye",1.10750710883398,1.10385254112632,1.11295391907739
2006,9.50423760975108,0.139147539661354,80,"Sockeye",-0.328397958676959,-0.333578204494522,-0.327320149237185
2007,9.60608235527487,0.240992285185144,80,"Sockeye",-0.249930488070085,-0.256699610058947,-0.253363028073778
2008,8.7986165004618,-0.566473569627925,80,"Sockeye",-1.08077361780007,-1.08919497440402,-1.08884677096628
2009,8.99014371984145,-0.374946350248278,80,"Sockeye",-0.912623673337336,-0.922760783789533,-0.925456454233661
2010,8.6914948260083,-0.673595244081433,80,"Sockeye",-1.2346498420874,-1.24656638681847,-1.25234992364057
2011,8.72255680841558,-0.642533261674147,80,"Sockeye",-1.22696513459704,-1.24072495564412,-1.24962883476661
2012,8.16879301211413,-1.1962970579756,80,"Sockeye",-1.8041062058154,-1.81977330723232,-1.83181856137471
2013,9.57066979127772,0.205579721187987,80,"Sockeye",-0.425606701568731,-0.443245249837062,-0.458441637472033
2014,11.257605433464,1.89251536337431,80,"Sockeye",1.23795166570063,1.21827734125926,1.19993106233961
2015,10.4954298874911,1.13033981740139,80,"Sockeye",0.452398844810819,0.430624251621518,0.409139936549415
2016,12.0542780511519,2.68918798106222,80,"Sockeye",1.9878697335547,1.96393021537502,1.93932982012062
2017,10.4069306079079,1.04184053781818,80,"Sockeye",0.317145015393785,0.290975751898342,0.263290686149013
2018,10.20641514133,0.841325071240317,80,"Sockeye",0.0932522738989703,0.0647882802630821,0.0340586140001857
2019,11.8143040923511,2.4492140222614,80,"Sockeye",1.67776395000315,1.64694007648535,1.61321358842997
2020,10.8398340659983,1.47474399590858,80,"Sockeye",0.679916648733438,0.646667580256924,0.60999863580218
2021,10.2061041944167,0.841014124326988,80,"Sockeye",0.0228095022349221,-0.0129302420319792,-0.0524819963267298
2022,9.71641556655659,0.351325496466865,80,"Sockeye",-0.490256400542104,-0.528552467606595,-0.570923606410783
1950,8.93766719453475,-0.519233680655167,79,"Sockeye",0.323114490564484,0.310814612240797,0.235977853273988
1951,8.95626264109331,-0.500638234096606,79,"Sockeye",0.318311376811498,0.307709337322111,0.236981573323407
1952,7.99300716905033,-1.46389370613959,79,"Sockeye",-0.668342655543142,-0.677301444045558,-0.743868025081657
1953,9.93116313569686,0.474262260506946,79,"Sockeye",1.24641475079173,1.23904448811392,1.17668751302752
1954,8.97456908226013,-0.48233179292979,79,"Sockeye",0.266422137043338,0.260585537367417,0.202481203215767
1955,8.35979929391075,-1.09710158127916,79,"Sockeye",-0.371746211617701,-0.376104149121085,-0.42991960566795
1956,9.3432339850594,-0.113666890130515,79,"Sockeye",0.588289919219289,0.585355504705326,0.535857151956856
1957,10.0384268760681,0.581526000878196,79,"Sockeye",1.26008424991633,1.25851808050685,1.21335601930303
1958,9.36193996317246,-0.094960912017453,79,"Sockeye",0.560198776709029,0.559945435468396,0.519128957952276
1959,8.9458837368909,-0.511017138299012,79,"Sockeye",0.120743990115809,0.121747920707882,0.0852757243012618
1960,9.24313979990342,-0.213761075286496,79,"Sockeye",0.394601492816667,0.396806999154164,0.364666633305466
1961,8.77408646134769,-0.682814413842221,79,"Sockeye",-0.0978504060507226,-0.0944991601577847,-0.122331712922252
1962,8.75155062885845,-0.705350246331467,79,"Sockeye",-0.143784798851622,-0.139343790048342,-0.16290440972328
1963,8.96857546357548,-0.488325411614438,79,"Sockeye",0.0498414755537475,0.0553161298138427,0.0359795181157523
1964,8.63069506252513,-0.826205812664784,79,"Sockeye",-0.311437485808263,-0.304985444707517,-0.320158098003276
1965,8.35293674468994,-1.10396413049998,79,"Sockeye",-0.612594363955113,-0.605221336147606,-0.61630219032727
1966,8.79057523783515,-0.666325637354764,79,"Sockeye",-0.198354431121563,-0.190116958614897,-0.197190182413431
1967,9.97340907770045,0.516508202510533,79,"Sockeye",0.961080848432078,0.970126081399709,0.966964487557284
1968,9.62324566700879,0.166344791818875,79,"Sockeye",0.587518877428758,0.597315044030786,0.597957495814486
1969,9.41087609880111,-0.0460247763888088,79,"Sockeye",0.351750748909417,0.362240879372226,0.366568519419468
1970,8.63087183587691,-0.826029039313004,79,"Sockeye",-0.451652074326443,-0.440525093083103,-0.432642027636158
1971,7.17896450267119,-2.27793637251873,79,"Sockeye",-1.92695796784382,-1.91525139256732,-1.90395315183376
1972,7.77387634796255,-1.68302452722737,79,"Sockeye",-1.35544468286412,-1.34321591433033,-1.32865277216995
1973,8.40775803257437,-1.04914284261554,79,"Sockeye",-0.744961558563963,-0.732268141939578,-0.714599892230757
1974,9.53225567761589,0.0753548024259768,79,"Sockeye",0.356137526165897,0.369237900960163,0.389842483670401
1975,8.1963965086376,-1.26050436655232,79,"Sockeye",-1.00312020312405,-0.989670705198773,-0.966306973938106
1976,8.36901139161166,-1.08788948357826,79,"Sockeye",-0.853903880461652,-0.840163239927428,-0.814225356127693
1977,10.2299787016476,0.773077826457675,79,"Sockeye",0.983664869262627,0.997638526034589,1.02595837723366
1978,8.75660865447101,-0.700292220718911,79,"Sockeye",-0.513103738225622,-0.498955337803176,-0.468452250123795
1979,9.94393789768219,0.487037022492272,79,"Sockeye",0.650826944673897,0.665091669575734,0.697573378423973
1980,8.49322492234847,-0.963675952841446,79,"Sockeye",-0.823284590971484,-0.808962107713921,-0.774711600589985
1981,10.2709168616463,0.8140159864564,79,"Sockeye",0.931008788014688,0.945330316182087,0.981135280965189
1982,7.93322078620686,-1.52368008898306,79,"Sockeye",-1.43008584773641,-1.41582413579788,-1.3786828709555
1983,10.3894012605443,0.932500385354351,79,"Sockeye",1.00269606628937,1.01683895279599,1.05509525275265
1984,10.0770168094074,0.620115934217485,79,"Sockeye",0.666913054840807,0.680877958275696,0.720025637764062
1985,8.38309687726638,-1.07380399792354,79,"Sockeye",-1.05040543761187,-1.03667782369872,-0.996864088824012
1986,8.49217733916114,-0.964723536028773,79,"Sockeye",-0.964723536028773,-0.951292667271872,-0.911039143880767
1987,9.78811680569368,0.331215930503765,79,"Sockeye",0.307817370192106,0.320891888598469,0.361358718979966
1988,9.63239703458898,0.175496159399064,79,"Sockeye",0.128699038775747,0.141357451701287,0.181811621699003
1989,9.62115707116968,0.164256195979764,79,"Sockeye",0.094060515044787,0.106242917046066,0.146459701508068
1990,9.55617496546578,0.0992740902758578,79,"Sockeye",0.00567984902922743,0.0173261839715355,0.057082825810145
1991,9.65959704623503,0.202696171045112,79,"Sockeye",0.0857033694868166,0.0967534301651192,0.135829862437321
1992,9.30319571495056,-0.153705160239359,79,"Sockeye",-0.294096522109313,-0.283703094350395,-0.245523531727812
1993,10.0308253835229,0.573924508333011,79,"Sockeye",0.410134586151367,0.419810870504209,0.456881019901445
1994,9.38943402907428,-0.0674668461156377,79,"Sockeye",-0.254655328608913,-0.245756850362087,-0.210003840507081
1995,9.66177898294786,0.204878107757944,79,"Sockeye",-0.00570893504699339,0.00235092179774554,0.0365845729240437
1996,9.42952067711774,-0.027380198072179,79,"Sockeye",-0.261365801188774,-0.254205534022182,-0.221687276854809
1997,10.9999267003116,1.54302582512163,79,"Sockeye",1.28564166169343,1.29184121754099,1.32245489087938
1998,9.86099952809951,0.404098652909594,79,"Sockeye",0.123315929169677,0.128493498306774,0.157020886674186
1999,8.66762440344866,-0.789276471741252,79,"Sockeye",-1.09345775579283,-1.08936360289502,-1.06309608945962
2000,9.43849597958958,-0.0184048956003398,79,"Sockeye",-0.345984739963573,-0.343035587358935,-0.319192829269396
2001,9.873019583085,0.416118707895082,79,"Sockeye",0.0651403032201865,0.0668827165639705,0.0881451192302549
2002,10.4895588720546,1.03265799686468,79,"Sockeye",0.658281031878126,0.658754811689906,0.67729107856842
2003,10.4340460651061,0.977145189916194,79,"Sockeye",0.579369664617967,0.578512760932462,0.594187435128026
2004,10.3989145545398,0.942013679349932,79,"Sockeye",0.520839593740007,0.518589800506156,0.531278212125741
2005,11.0286212598576,1.57172038466771,79,"Sockeye",1.12714773874615,1.12344269343447,1.13303137787136
2006,9.58702914855059,0.130128273360677,79,"Sockeye",-0.337842932872524,-0.343065749663522,-0.336678684164383
2007,9.71491911832024,0.258018243130322,79,"Sockeye",-0.233351523414533,-0.240154788353001,-0.237059349786682
2008,8.88789835396935,-0.569002521220566,79,"Sockeye",-1.08377084807708,-1.09221739549341,-1.09249146027209
2009,9.1170852394665,-0.33981563572342,79,"Sockeye",-0.877982522891595,-0.888135345175,-0.89184448032958
2010,8.77744929580128,-0.679451579388638,79,"Sockeye",-1.24101702686847,-1.25293927486462,-1.26013663774012
2011,8.81335874164806,-0.643542133541861,79,"Sockeye",-1.22850614133335,-1.24226112474293,-1.25298744820487
2012,8.23970992424909,-1.21719095094083,79,"Sockeye",-1.82555351904398,-1.8412047068223,-1.85548837855517
2013,9.6722690077389,0.215368132548981,79,"Sockeye",-0.416392995865835,-0.43400401662343,-0.451861261680367
2014,11.3236871396794,1.86678626448948,79,"Sockeye",1.21162657576301,1.19199193335875,1.17055675700627
2015,10.6040016062119,1.14710073102203,79,"Sockeye",0.468542481983846,0.446820268806082,0.421814251370559
2016,12.1317923770231,2.67489150183322,79,"Sockeye",1.97293469248339,1.94906079854218,1.92050192522097
2017,10.5327654796488,1.0758646044589,79,"Sockeye",0.350509234797426,0.3244193888351,0.292335840747192
2018,10.3075261957505,0.850625320560601,79,"Sockeye",0.101871390587465,0.0735011596729418,0.0379304567599075
2019,11.9289781135671,2.47207723837721,79,"Sockeye",1.69992474809241,1.6692095372145,1.63019751032821
2020,10.9324436468237,1.47554277163374,79,"Sockeye",0.679991721037345,0.646866772697079,0.604466351498846
2021,10.263260196237,0.806359321047082,79,"Sockeye",-0.0125902898610136,-0.0481898960591707,-0.0939200933490909
2022,9.8364279200049,0.379527044814984,79,"Sockeye",-0.462821126404775,-0.500960474162655,-0.549957763695367
1950,9.25049895445506,-0.689971751001873,58,"Sockeye",0.148352246332632,0.137856939354055,0.016874720722992
1951,9.52049575249354,-0.419974952963388,58,"Sockeye",0.395062266667495,0.386140928901176,0.272346476232752
1952,8.51935466925303,-1.4211160362039,58,"Sockeye",-0.629365594276755,-0.636764698216744,-0.743323270593429
1953,10.2663739363352,0.325903230878319,58,"Sockeye",1.09436689510168,1.0884381663314,0.989157823763895
1954,9.68197806676229,-0.258492638694643,58,"Sockeye",0.486684247825027,0.48217391200358,0.390205934841831
1955,8.96629264354706,-0.974178061909872,58,"Sockeye",-0.252287953093943,-0.255432002046172,-0.340063820328062
1956,10.0280788898468,0.0876081843898716,58,"Sockeye",0.786211515502057,0.784381523185624,0.707097485917167
1957,10.5582325696945,0.617761864237591,58,"Sockeye",1.29307841764602,1.29251012728232,1.22257177052044
1958,9.79923641681671,-0.141234288640222,58,"Sockeye",0.510795487064489,0.511436419224285,0.448826626258322
1959,9.43951519330342,-0.500955512153505,58,"Sockeye",0.127787485847459,0.12958503605811,0.0742706188674642
1960,9.54572161833445,-0.394749087122476,58,"Sockeye",0.210707133174751,0.213608571622263,0.165539435861826
1961,9.3209254582723,-0.61954524718463,58,"Sockeye",-0.0373758045911399,-0.0334233333607497,-0.0743148207299758
1962,9.31739320755005,-0.623077497906883,58,"Sockeye",-0.0641948330171292,-0.0592443103972258,-0.093043767359676
1963,9.56471006075541,-0.375760644701517,58,"Sockeye",0.159835242484492,0.165730708861107,0.138919403628133
1964,9.14186459382375,-0.798606111633179,58,"Sockeye",-0.286297002150908,-0.279509826190615,-0.299455239017206
1965,8.71246860822042,-1.22800209723651,58,"Sockeye",-0.738979765457977,-0.731354240928788,-0.744574379296193
1966,9.22800670464834,-0.712464000808593,58,"Sockeye",-0.246728446733796,-0.238318061794457,-0.244971751225462
1967,10.3306667168935,0.390196011436587,58,"Sockeye",0.832644787807625,0.841786417551441,0.841522411936994
1968,10.3139052549998,0.373434549542864,58,"Sockeye",0.792596548210185,0.802415679402232,0.808347026525785
1969,9.67851203282674,-0.261958672630188,58,"Sockeye",0.133916548333386,0.144359309562416,0.156274581214751
1970,9.08447501659393,-0.855995688862998,58,"Sockeye",-0.483407245603164,-0.472394854108488,-0.454723628949134
1971,7.80007832845052,-2.14039237700641,58,"Sockeye",-1.79109071145031,-1.77956281812727,-1.75637952244696
1972,8.18349117040634,-1.75697953505059,58,"Sockeye",-1.43096464719823,-1.41897550945663,-1.3905392390811
1973,8.93206969896952,-1.00840100648741,58,"Sockeye",-0.705672896338791,-0.693276900868252,-0.659861204643986
1974,10.1124033371607,0.171932631703816,58,"Sockeye",0.451373964148649,0.46412230107064,0.502230234843319
1975,8.59358915487926,-1.34688155057767,58,"Sockeye",-1.09072699583653,-1.07768096363719,-1.0351807591034
1976,8.95128070116043,-0.989190004296499,58,"Sockeye",-0.7563222272591,-0.743033276162675,-0.696452643562896
1977,10.7467526833216,0.80628197786471,58,"Sockeye",1.01586297719833,1.02933994029521,1.07967822128267
1978,9.15893512566884,-0.781535579788085,58,"Sockeye",-0.595241358158168,-0.581631420784833,-0.52786823758613
1979,10.3390483379364,0.398577632479474,58,"Sockeye",0.561585076405653,0.575272819192362,0.632119189628806
1980,8.78072636922201,-1.15974433623492,58,"Sockeye",-1.02002367001248,-1.00631342212703,-0.946733527250512
1981,10.7689496994019,0.828478993944925,58,"Sockeye",0.944912882463673,0.95859020336845,1.02054705272259
1982,8.33976783752441,-1.60070286793252,58,"Sockeye",-1.50755575711756,-1.49396692735156,-1.42999554356936
1983,10.9778803269068,1.03740962144991,58,"Sockeye",1.10726995456109,1.12071459663673,1.18633331521363
1984,10.6819981098175,0.741527404360575,58,"Sockeye",0.788100959768054,0.801345584892898,0.86824074021659
1985,8.82870144844055,-1.11176925701637,58,"Sockeye",-1.08848247931263,-1.07549383342412,-1.00769574854909
1986,8.90664255619049,-1.03382814926644,58,"Sockeye",-1.03382814926643,-1.02115157824183,-0.952825585213564
1987,10.2053915818532,0.264920876396301,58,"Sockeye",0.241634098692538,0.253942365565875,0.322420829456085
1988,10.2718842585882,0.331413553131226,58,"Sockeye",0.284839997723798,0.296723597180273,0.364979778172334
1989,10.1688663800557,0.228395674598811,58,"Sockeye",0.158535341487559,0.169937775964115,0.237598702140096
1990,10.1418499469757,0.201379241518781,58,"Sockeye",0.108232130703819,0.119096768019915,0.185792344252015
1991,10.0288367350896,0.088366029632691,58,"Sockeye",-0.0280678588860203,-0.0177977858491349,0.047566311372897
1992,9.65723049640655,-0.283240209050378,58,"Sockeye",-0.42296087527281,-0.413342268893627,-0.349670732510841
1993,10.4273295084635,0.486858803006613,58,"Sockeye",0.3238513590804,0.332761460841365,0.394385472303558
1994,9.91870477199555,-0.0217659334613802,58,"Sockeye",-0.208060155091288,-0.199915731814132,-0.140687034519246
1995,10.0072840690613,0.0668133636043525,58,"Sockeye",-0.142767635729279,-0.135446201030421,-0.0789523916449379
1996,9.89838491280873,-0.0420857926481954,58,"Sockeye",-0.274953569685587,-0.268512570213005,-0.215083985989379
1997,11.631135002772,1.69066429731508,58,"Sockeye",1.43450974257394,1.4400127232934,1.49005597930709
1998,10.3247922976812,0.384321592224248,58,"Sockeye",0.104880259779403,0.109387501013874,0.155736530474078
1999,9.04061948458354,-0.899851220873395,58,"Sockeye",-1.20257933102199,-1.19912568753628,-1.15676763932718
2000,9.73351520697276,-0.206955498484172,58,"Sockeye",-0.532970386336515,-0.530628336722961,-0.492544978219376
2001,10.31380610466,0.3733353992031,58,"Sockeye",0.0240337336469854,0.0252060550768789,0.0587449226503463
2002,10.8776403109233,0.937169605466325,58,"Sockeye",0.564581162206547,0.564525482623909,0.593264778860583
2003,10.8082400163015,0.867769310844543,58,"Sockeye",0.471894089881007,0.470551997609563,0.494252122762381
2004,10.8733797152837,0.932909009826785,58,"Sockeye",0.513747011159469,0.511059955344678,0.529497489475078
2005,11.6481063445409,1.70763563908399,58,"Sockeye",1.26518686271293,1.26109615299039,1.2740644868423
2006,10.0528044223785,0.112333716921611,58,"Sockeye",-0.353401837153211,-0.358955030990172,-0.351645141644868
2007,10.2169291814168,0.276458475959897,58,"Sockeye",-0.21256385581865,-0.219638504152201,-0.218158469656858
2008,9.43160780270894,-0.508862902747987,58,"Sockeye",-1.02117201223025,-1.02982722595204,-1.03433024909654
2009,9.86234424114227,-0.078126464314659,58,"Sockeye",-0.613722351500658,-0.624017382346608,-0.634638190357006
2010,9.3517465432485,-0.588724162208431,58,"Sockeye",-1.14760682709817,-1.15960106798406,-1.1764557614407
2011,9.38056299686432,-0.55990770859261,58,"Sockeye",-1.14207715118609,-1.15583013654398,-1.17901616732491
2012,8.7052352031072,-1.23523550234973,58,"Sockeye",-1.84069172264695,-1.85626312876235,-1.88585941995986
2013,10.1953481992086,0.254877493751647,58,"Sockeye",-0.373865504249286,-0.391315149599137,-0.427382371229269
2014,11.5948233127594,1.65435260730247,58,"Sockeye",1.00232283159777,0.982934986006271,0.940353970791621
2015,11.0790775299072,1.1386068244503,58,"Sockeye",0.463290271041835,0.441904121331625,0.392783623916264
2016,12.5458621501923,2.60539144473533,58,"Sockeye",1.90678811362319,1.88334341270695,1.82767408403832
2017,11.1804502328237,1.23997952736676,58,"Sockeye",0.518089418550856,0.492525775789744,0.430313551316749
2018,10.8663281917572,0.92585748630027,58,"Sockeye",0.180680599780616,0.152937480642251,0.0842022867974332
2019,12.4626584370931,2.52218773163617,58,"Sockeye",1.75372406741278,1.72374079312837,1.64851499607501
2020,11.380713113149,1.44024240769208,58,"Sockeye",0.648491965764938,0.616207712985631,0.534534289448278
2021,10.5693734089533,0.628902703496416,58,"Sockeye",-0.186134516134501,-0.220780715682141,-0.308850306569228
2022,10.4304781357447,0.490007430287799,58,"Sockeye",-0.348316567046841,-0.385385826906131,-0.479794092656588
1950,9.21681691067559,-0.704932717719423,59,"Sockeye",0.149627961965735,0.138382445298294,0.0222427566017345
1951,9.47323357633182,-0.448516052063196,59,"Sockeye",0.382306830964202,0.372707462407035,0.263410646285818
1952,8.45644434860775,-1.46530527978727,59,"Sockeye",-0.658220193417793,-0.666227172135004,-0.768630865759686
1953,10.2222783991269,0.300528770731858,59,"Sockeye",1.08387606044343,1.07740758247921,0.981941687276761
1954,9.66831369059426,-0.253435937800753,59,"Sockeye",0.506173555252865,0.501189557819876,0.412698190124457
1955,8.9774250132697,-0.944324615125321,59,"Sockeye",-0.20845291872962,-0.212006587307068,-0.293496707177717
1956,10.0743175319263,0.152567903531275,59,"Sockeye",0.864701803269053,0.862524180097665,0.78805024735394
1957,10.5114115732057,0.589661944810659,59,"Sockeye",1.27805804789053,1.27720205458126,1.20974596427033
1958,9.75755893332617,-0.164190695068843,59,"Sockeye",0.500467611353072,0.500878699946083,0.4404275701113
1959,9.4111259494509,-0.510623678944118,59,"Sockeye",0.130296830819877,0.131920320617203,0.078445709808312
1960,9.51952926601682,-0.402220362378191,59,"Sockeye",0.21496235072787,0.217743427970415,0.171200526253697
1961,9.27686151436397,-0.644888114031046,59,"Sockeye",-0.0514431975829045,-0.0475594800391619,-0.0872324637329367
1962,9.26458549499511,-0.657164133399902,59,"Sockeye",-0.0874570136096905,-0.0825257366182708,-0.115408006821028
1963,9.50715737683433,-0.41459225156069,59,"Sockeye",0.131377071571604,0.137300693122286,0.111112251285981
1964,9.11979223149163,-0.801957396903384,59,"Sockeye",-0.279725870429022,-0.272865253568524,-0.292474548940191
1965,8.61992863246373,-1.30182099593129,59,"Sockeye",-0.803327266114849,-0.79558513788198,-0.808747744096987
1966,9.21944888148989,-0.702300746905128,59,"Sockeye",-0.227544813746613,-0.218976793094571,-0.225842796485074
1967,10.3084345885686,0.386684960173534,59,"Sockeye",0.837703096674171,0.847041255447888,0.846304399198093
1968,10.2953447614397,0.373595133044713,59,"Sockeye",0.800875472887346,0.81092787981159,0.816135707710844
1969,9.64379778930119,-0.277951839093828,59,"Sockeye",0.12559070409091,0.136301333190731,0.147252829210194
1970,9.04780426195689,-0.873945366438124,59,"Sockeye",-0.494140619911317,-0.482827930945625,-0.466349798771995
1971,7.77416227545057,-2.14758735294445,59,"Sockeye",-1.79152040307556,-1.77966195322022,-1.75788962154753
1972,8.11121931672096,-1.81053031167405,59,"Sockeye",-1.4782011584631,-1.46585338369341,-1.4390340164664
1973,8.9368781873158,-0.984871441079213,59,"Sockeye",-0.676280084526183,-0.663499558149915,-0.631894310398181
1974,10.0909066029957,0.169156974600718,59,"Sockeye",0.454010534495791,0.467167101504227,0.503283871946067
1975,8.5794353399958,-1.34231428839922,59,"Sockeye",-1.08119852516203,-1.06772276649748,-1.02738119980059
1976,8.95073567543711,-0.97101395295791,59,"Sockeye",-0.73363598637865,-0.719898023371504,-0.675629880933336
1977,10.7454272934369,0.823677665041854,59,"Sockeye",1.03731783496321,1.05126087632533,1.09914678964842
1978,9.15451786347798,-0.767231764917036,59,"Sockeye",-0.577329391653633,-0.563238536935719,-0.51205330161245
1979,10.289218383176,0.367468754780972,59,"Sockeye",0.533633331386462,0.547814595111184,0.601972026204768
1980,8.72034356423787,-1.20140606415715,59,"Sockeye",-1.05897928420959,-1.04476515551598,-0.987970342996224
1981,10.7890949419567,0.867345313561636,59,"Sockeye",0.986034296851311,1.00022360644707,1.05931430623921
1982,8.30001728023801,-1.621732348157,59,"Sockeye",-1.52678116152531,-1.51267449546375,-1.45163505815056
1983,10.9917730348451,1.07002340645006,59,"Sockeye",1.14123679642386,1.1552028538037,1.21783926050885
1984,10.6608056851796,0.739056056784556,59,"Sockeye",0.786531650100434,0.800298992597474,0.864177029741795
1985,8.78408756426403,-1.13766206413099,59,"Sockeye",-1.11392426747306,-1.10041388745674,-1.03565207425002
1986,8.86989791052682,-1.0518517178682,59,"Sockeye",-1.0518517178682,-1.0386566896714,-0.973370409302003
1987,10.1970241580691,0.275274529674048,59,"Sockeye",0.251536733016157,0.264357877968799,0.329808926239199
1988,10.3159641708646,0.394214542469631,59,"Sockeye",0.346738949153731,0.359127537006025,0.424384328795094
1989,10.1532032489777,0.231453620582639,59,"Sockeye",0.160240230608906,0.172137444726504,0.236842694693898
1990,10.1545061724527,0.232756544057641,59,"Sockeye",0.13780535742598,0.149152238048909,0.212951460800721
1991,10.02672206504,0.104972436645025,59,"Sockeye",-0.0137165466446464,-0.00297910275023483,0.0595634627432542
1992,9.59893344981329,-0.322816178581722,59,"Sockeye",-0.465242958529282,-0.455174198420261,-0.39423401731591
1993,10.3781373330525,0.456387704657484,59,"Sockeye",0.290223128052003,0.299563813145758,0.358561822870314
1994,9.90434446505138,-0.0174051633436329,59,"Sockeye",-0.207307536607042,-0.198754462282263,-0.142031446565857
1995,9.99283408267158,0.0710844542765619,59,"Sockeye",-0.142555715644769,-0.134849932718199,-0.0807267609595641
1996,9.86084138495582,-0.0609082434392015,59,"Sockeye",-0.298286210018454,-0.291487544347396,-0.240280104573134
1997,11.6061891998563,1.68443957146133,59,"Sockeye",1.4233238082241,1.42915538520088,1.47714113358555
1998,10.3187772546496,0.397027626254558,59,"Sockeye",0.112174066359474,0.116978437267472,0.161447403809754
1999,9.01157858542033,-0.910171042974684,59,"Sockeye",-1.21876239952772,-1.21504549835385,-1.17437662539972
2000,9.68450066873005,-0.237248959664962,59,"Sockeye",-0.569578112875926,-0.567009091748371,-0.530410970879222
2001,10.3170661415373,0.395316513142234,59,"Sockeye",0.0392495632733968,0.0406101470387554,0.0728803448014297
2002,10.8829507827759,0.96120115438086,59,"Sockeye",0.581396407854072,0.58148784957995,0.609187228993399
2003,10.8148914660726,0.893141837677612,59,"Sockeye",0.489599294492846,0.488360741781936,0.511261419612135
2004,10.8387258308274,0.916976202432427,59,"Sockeye",0.48969586258972,0.487066314965247,0.504956097413226
2005,11.6563032780375,1.73455364964247,59,"Sockeye",1.28353551314189,1.27945382168728,1.29213681566582
2006,10.0505705901555,0.128820961760449,59,"Sockeye",-0.345934971398031,-0.351530104400402,-0.344232954136485
2007,10.1977739589555,0.276024330560476,59,"Sockeye",-0.222469399255958,-0.229639420686812,-0.227889877238086
2008,9.4339594074658,-0.48779022092922,59,"Sockeye",-1.01002174740358,-1.01882825366975,-1.02277042591474
2009,9.89432994808469,-0.0274196803103242,59,"Sockeye",-0.573389003442618,-0.583893740840896,-0.593653823728232
2010,9.37318050861359,-0.548569119781429,59,"Sockeye",-1.11827623957164,-1.13054110465353,-1.14622723278297
2011,9.38462747846331,-0.537122149931705,59,"Sockeye",-1.13056706637985,-1.14465410631717,-1.16635633252987
2012,8.70554316895349,-1.21620645944153,59,"Sockeye",-1.8333891725476,-1.84936058549904,-1.87715099702176
2013,10.1788594126701,0.257109784275118,59,"Sockeye",-0.383810725488911,-0.401728860967451,-0.435661846500466
2014,11.5525977781841,1.63084814978905,59,"Sockeye",0.966189843367164,0.946262484125981,0.906149802125402
2015,11.0406130381993,1.11886340980428,59,"Sockeye",0.430467306724437,0.408468070393281,0.362155223104253
2016,12.5617292097637,2.63997958136865,59,"Sockeye",1.92784568163091,1.90371176242054,1.85119412571581
2017,11.1984137126378,1.27666408424274,59,"Sockeye",0.540792387847086,0.51446082713538,0.455748599399003
2018,10.8880714518683,0.966321823473313,59,"Sockeye",0.206712330419659,0.178120016379692,0.113236965291263
2019,12.4560566799981,2.53430705160311,59,"Sockeye",1.75095976189154,1.72004342911877,1.64902538872488
2020,11.3731912374496,1.45144160905463,59,"Sockeye",0.644356522685109,0.611052751823665,0.53394585034323
2021,10.5480928335871,0.626343205192082,59,"Sockeye",-0.204479677835317,-0.240234460467267,-0.323375862513686
2022,10.3964870742389,0.474737445843894,59,"Sockeye",-0.379823233841443,-0.418092756627233,-0.507208439205591
1950,9.14743893345197,-0.55290792120374,65,"Sockeye",0.407272099529009,0.390159180266721,0.326878931229301
1951,9.07553081214428,-0.624816042511425,65,"Sockeye",0.308692310978865,0.293764401193092,0.233656587970591
1952,7.94384440779686,-1.75650244685885,65,"Sockeye",-0.849665760611134,-0.862477129260371,-0.919346252457142
1953,10.0593323508898,0.358985496234138,65,"Sockeye",1.23915051523923,1.22838702793875,1.174819440103
1954,9.27849977215131,-0.421847082504402,65,"Sockeye",0.431646269258156,0.422861811535672,0.372653698345594
1955,8.72515322764715,-0.975193627008563,65,"Sockeye",-0.148371942488584,-0.155246414923639,-0.202043321186119
1956,9.85624508062998,0.155898225974275,65,"Sockeye",0.956048243251667,0.951014518755363,0.907673226564985
1957,10.1822271347046,0.481880280048882,65,"Sockeye",1.25535863008371,1.25209622257954,1.21224667827038
1958,9.39912060896556,-0.301226245690154,65,"Sockeye",0.445580437102087,0.444019721504191,0.407688994948501
1959,8.92656617363294,-0.773780681022771,65,"Sockeye",-0.0536456654731128,-0.0535745089327211,-0.0863690565929929
1960,9.20087575912476,-0.499471095530953,65,"Sockeye",0.193992252776126,0.195625266460365,0.16637403989181
1961,8.79364089171092,-0.90670596294479,65,"Sockeye",-0.239914281880293,-0.236789621818996,-0.2625009903501
1962,8.85799508293469,-0.842351771721015,65,"Sockeye",-0.202231757899103,-0.197685858547294,-0.219871709846135
1963,9.12282635768255,-0.577520496973163,65,"Sockeye",0.0359278496061776,0.0418243842932622,0.0231386634276838
1964,8.8467085758845,-0.853638278771209,65,"Sockeye",-0.266861599434452,-0.2596852307865,-0.274907326991423
1965,8.33495589097341,-1.3653909636823,65,"Sockeye",-0.805285951588122,-0.796900748324893,-0.808706830782357
1966,9.04399761557579,-0.65634923907992,65,"Sockeye",-0.122915894228322,-0.113393054220142,-0.121841746255134
1967,10.2021641234557,0.501817268799974,65,"Sockeye",1.00857894640901,1.01916802621197,1.01400725309052
1968,9.93715075651805,0.236803901862338,65,"Sockeye",0.716893912228779,0.72847763523985,0.72652469017472
1969,9.53896301984787,-0.16138383480784,65,"Sockeye",0.292034508316018,0.304541077753809,0.3057055375809
1970,8.81315608819325,-0.887190766462456,65,"Sockeye",-0.460444090581182,-0.447086672252548,-0.44290522368799
1971,7.52787957588832,-2.17246727876739,65,"Sockeye",-1.77239227012869,-1.75825620176092,-1.75116778749189
1972,7.78378641108672,-1.91656044356899,65,"Sockeye",-1.54315710217287,-1.52831478449639,-1.51843860657236
1973,8.77936351299286,-0.920983341662851,65,"Sockeye",-0.57425166750931,-0.558775703697787,-0.546239678209691
1974,9.87904602289199,0.178699168236285,65,"Sockeye",0.498759175147239,0.514795978910868,0.529855719671465
1975,8.37405263384183,-1.32629422081387,65,"Sockeye",-1.0329058811455,-1.01638124718963,-0.998941612823598
1976,8.64485521614551,-1.0554916385102,65,"Sockeye",-0.7887749660844,-0.771835715842311,-0.752167146642954
1977,10.4115870495637,0.711240194908021,65,"Sockeye",0.95128520009121,0.968565647996517,0.990305630647493
1978,8.92044294873874,-0.779903905916974,65,"Sockeye",-0.56653056797633,-0.548982546320204,-0.52533464041446
1979,10.0866327981154,0.386285943459704,65,"Sockeye",0.57298761415775,0.590729379788877,0.616116360374496
1980,8.41433776418368,-1.28600909047203,65,"Sockeye",-1.12597908701655,-1.10811761362528,-1.08116514064468
1981,10.5443965395292,0.844049684873453,65,"Sockeye",0.977408021086391,0.995314959006659,1.02365524509402
1982,7.93728569149971,-1.763061163156,65,"Sockeye",-1.65637449418568,-1.63849654256267,-1.60894957291314
1983,10.9043838282426,1.20403697358691,65,"Sockeye",1.28405197531463,1.30182628163852,1.33239601000659
1984,10.2848515113195,0.584504656663767,65,"Sockeye",0.637847991148951,0.655443784414176,0.686850212838415
1985,8.4832715789477,-1.21707527570801,65,"Sockeye",-1.19040360846543,-1.1730614053598,-1.14100580292759
1986,8.52057314912478,-1.17977370553093,65,"Sockeye",-1.17977370553093,-1.16276037961259,-1.13024392670052
1987,10.1992323199908,0.498885465335086,65,"Sockeye",0.472213798092512,0.48882274928213,0.521611603630355
1988,10.253183533748,0.552836679092276,65,"Sockeye",0.499493344607132,0.515622212424244,0.548495566296596
1989,9.93340910474459,0.233062250088881,65,"Sockeye",0.153047248361141,0.168620112469316,0.201391283053095
1990,9.88780242204667,0.187455567390957,65,"Sockeye",0.0807688984206421,0.095709626198893,0.128193819693186
1991,10.091977695624,0.391630840968322,65,"Sockeye",0.258272504755391,0.272504750704595,0.304519728763026
1992,9.36632851759592,-0.334018337059787,65,"Sockeye",-0.494048340515269,-0.480601135367634,-0.449234394143396
1993,10.1371758580208,0.436829003365069,65,"Sockeye",0.250127332667033,0.262712723970306,0.293256078883781
1994,9.62467450896899,-0.0756723456867165,65,"Sockeye",-0.289045683627357,-0.277399093880097,-0.247849756065486
1995,9.98927251497905,0.288925660323339,65,"Sockeye",0.048880655140122,0.0595112403506164,0.0879010856964086
1996,9.56234614054362,-0.138000714112091,65,"Sockeye",-0.404717386537888,-0.395180224715936,-0.368109567096434
1997,11.3494455118974,1.64909865724169,65,"Sockeye",1.35571031757331,1.36407642068031,1.38967458589522
1998,10.2329812149207,0.532634360264976,65,"Sockeye",0.212574353354034,0.21969154533973,0.243670897878266
1999,8.80396044254303,-0.896386412112684,65,"Sockeye",-1.24311808626622,-1.23732787549508,-1.21510609696659
2000,9.45625824729602,-0.244088607359692,65,"Sockeye",-0.617491948755806,-0.613107007588084,-0.592773453155292
2001,10.1270276804765,0.426680825820791,65,"Sockeye",0.0266058171820937,0.029506981451549,0.0478302998189051
2002,10.9423375924428,1.24199073778712,65,"Sockeye",0.815244061905815,0.816582722464069,0.832782928799013
2003,10.6658872961998,0.965540441544088,65,"Sockeye",0.512122098420234,0.511819308322471,0.525793127685123
2004,10.5685655375322,0.868218682876463,65,"Sockeye",0.388128672510054,0.386105264064041,0.397759450456002
2005,11.4657321075598,1.76538525290414,65,"Sockeye",1.25862357529507,1.25480015944393,1.26405188197659
2006,9.96281494696935,0.262468092313639,65,"Sockeye",-0.270965252537955,-0.276668286834733,-0.26989110456476
2007,10.0965732137362,0.396226359080506,65,"Sockeye",-0.163878653013686,-0.171541139400921,-0.167299532207913
2008,9.2058303753535,-0.494516479302213,65,"Sockeye",-1.08129315863897,-1.09099515398823,-1.08933888619593
2009,9.7357887327671,0.0354418781113938,65,"Sockeye",-0.578006468467945,-0.589828253501752,-0.590795654646431
2010,9.1171138783296,-0.583232976326113,65,"Sockeye",-1.22335299014802,-1.23737507006573,-1.24099294209505
2011,9.13311052322388,-0.567236331431832,65,"Sockeye",-1.23402801249632,-1.2503311176018,-1.25661472096612
2012,8.39492650826772,-1.30542034638799,65,"Sockeye",-1.99888369469507,-2.01754878102614,-2.02650190757937
2013,9.926549077034,0.226202222378288,65,"Sockeye",-0.493932793171364,-0.515041043131001,-0.526656184291236
2014,11.3408878743648,1.64054101970914,65,"Sockeye",0.893734336916855,0.870101513927629,0.855842894763281
2015,10.9630145033201,1.26266764866435,65,"Sockeye",0.489189298629575,0.462950265576906,0.446077346816258
2016,12.6523861686389,2.95203931398316,65,"Sockeye",2.1518892967058,2.12296218828654,2.10351428001913
2017,11.1839684247971,1.48362157014134,65,"Sockeye",0.656799885621417,0.625102607624857,0.603128506923895
2018,10.7981045047442,1.0977576500885,65,"Sockeye",0.244264298325937,0.209714526993722,0.185271727413388
2019,12.404429157575,2.70408230291926,65,"Sockeye",1.82391728391416,1.78643246529845,1.75958620877794
2020,11.2966530919075,1.59630623725179,65,"Sockeye",0.689469551004076,0.648966900323925,0.619789059158082
2021,10.4738954504331,0.773548595777383,65,"Sockeye",-0.159959757712904,-0.203563256717032,-0.234995480721164
2022,9.99853681524594,0.298189960590232,65,"Sockeye",-0.661990060142643,-0.708777655856101,-0.742383228442463
1950,9.30797950426737,-0.762098629588949,60,"Sockeye",0.0632880762885448,0.0537808875005297,-0.0861506333529718
1951,9.69110360741615,-0.378974526440172,60,"Sockeye",0.423484770940881,0.415470881235951,0.284004739732683
1952,8.70124007264773,-1.36883806120859,60,"Sockeye",-0.58930617232414,-0.59587640755206,-0.718831640829482
1953,10.3241837322712,0.254105598414875,60,"Sockeye",1.01071007880273,1.00553373846124,0.891128364814728
1954,9.90678657094637,-0.163291562909949,60,"Sockeye",0.570385508981296,0.56655318868502,0.460727264853649
1955,9.16460103789965,-0.905477095956672,60,"Sockeye",-0.194727432562024,-0.197265723171935,-0.294494387228319
1956,10.2524387339751,0.182360600118769,60,"Sockeye",0.870182855016824,0.86888848794929,0.780261034227394
1957,10.6894296805064,0.619351546650066,60,"Sockeye",1.28424639305152,1.28414572732905,1.20410781180927
1958,9.92248590787251,-0.14759222598381,60,"Sockeye",0.49437521192103,0.495417909024168,0.423940766536624
1959,9.62364781896273,-0.446430314893594,60,"Sockeye",0.172609714514649,0.1747453193324,0.111781892356721
1960,9.65054936210315,-0.419528771753178,60,"Sockeye",0.176583849158468,0.179761789718254,0.125245779228839
1961,9.49783248702685,-0.572245646829473,60,"Sockeye",0.00093956558556549,0.00510915278253599,-0.0410457005777509
1962,9.47725168367227,-0.592826450184057,60,"Sockeye",-0.042568646265616,-0.0374582189398645,-0.0753586421428025
1963,9.71542941530546,-0.354648718550868,60,"Sockeye",0.172681676870972,0.178682020141627,0.148908519023115
1964,9.28955692052841,-0.780521213327914,60,"Sockeye",-0.276118226402679,-0.269279009319025,-0.291074013936241
1965,8.77163034677505,-1.29844778708127,60,"Sockeye",-0.816972208652641,-0.809345278109131,-0.823331104357806
1966,9.34631170829137,-0.723766425564955,60,"Sockeye",-0.265218255632922,-0.256854890477722,-0.263221577426648
1967,10.3993404110273,0.329262277170947,60,"Sockeye",0.764883038606406,0.773931440755643,0.7749734376189
1968,10.5109802782536,0.440902144397228,60,"Sockeye",0.853595497336105,0.863277419817136,0.871497653197403
1969,9.72730640570322,-0.342771728153101,60,"Sockeye",0.046994216289124,0.0572580231194131,0.0724065867183903
1970,9.19522483150164,-0.874853302354685,60,"Sockeye",-0.508014766409058,-0.497220830808706,-0.475412672319164
1971,7.97188478211562,-2.09819335174071,60,"Sockeye",-1.75428222429168,-1.74301003537415,-1.71482912939403
1972,8.28672990202904,-1.78334823182729,60,"Sockeye",-1.46236451287486,-1.45066606624434,-1.41641657768406
1973,9.07705329855283,-0.993024835303495,60,"Sockeye",-0.694968524847673,-0.682895936537946,-0.642898484271345
1974,10.2529018123945,0.182823678538136,60,"Sockeye",0.457952580497395,0.470347073744007,0.515756341517038
1975,8.71186770002048,-1.35821043383585,60,"Sockeye",-1.10600894037323,-1.09334489992018,-1.04287451565421
1976,9.13581189513206,-0.934266238724262,60,"Sockeye",-0.704992153758248,-0.69211104509756,-0.636943768356613
1977,10.9224710365136,0.852392902657323,60,"Sockeye",1.05873957912669,1.07178515544703,1.13127264276023
1978,9.28700755039851,-0.783070583457815,60,"Sockeye",-0.599651315485001,-0.586493993883764,-0.523074332794414
1979,10.4117953379949,0.341717204138572,60,"Sockeye",0.502209063614787,0.515425286005252,0.582378863106412
1980,8.85460385680199,-1.21547427705434,60,"Sockeye",-1.07790982607472,-1.06468766978244,-0.994607495026058
1981,10.931180357933,0.861102224076718,60,"Sockeye",0.975739266559684,0.988914267187107,1.06170584340157
1982,8.47620079914728,-1.59387733470904,60,"Sockeye",-1.50216770072264,-1.48909306829012,-1.41401196324262
1983,11.1122853954633,1.04220726160698,60,"Sockeye",1.11098948709678,1.12391041555616,1.20085371705589
1984,10.8701904217402,0.800112287883888,60,"Sockeye",0.845967104877079,0.858680870051447,0.937054804661937
1985,8.95748121539752,-1.11259691845881,60,"Sockeye",-1.0896695099622,-1.0772164912045,-0.997846479786626
1986,9.04458578427633,-1.02549234958,60,"Sockeye",-1.02549234957999,-1.01335378447717,-0.933424001064992
1987,10.275975972414,0.205897838557691,60,"Sockeye",0.182970430061076,0.194740709876827,0.274793460236653
1988,10.450077265501,0.379999131644697,60,"Sockeye",0.334144314651473,0.345492352865813,0.425232014436332
1989,10.3094546894232,0.239376555566913,60,"Sockeye",0.170594330077072,0.181466045404774,0.260458560036188
1990,10.3304397662481,0.260361632391746,60,"Sockeye",0.16865199840537,0.178993184300857,0.256807735885388
1991,10.0855893194675,0.0155111856112175,60,"Sockeye",-0.099125856871831,-0.0893695325046231,-0.0131592800299423
1992,9.73633140325546,-0.333746730600865,60,"Sockeye",-0.471311181580472,-0.462194176678869,-0.388008850531804
1993,10.508914689223,0.43883655536665,60,"Sockeye",0.278344695890465,0.286767797256401,0.358514495382092
1994,10.0745565990607,0.00447846520437721,60,"Sockeye",-0.178940802768437,-0.171266315433098,-0.102363820077846
1995,10.056391308705,-0.0136868251513097,60,"Sockeye",-0.220033501620737,-0.213162465528638,-0.147500437987192
1996,10.031492014726,-0.0385861191303209,60,"Sockeye",-0.267860204096339,-0.261847583471312,-0.199811818694698
1997,11.7844753066699,1.71439717281355,60,"Sockeye",1.46219567935096,1.46729479297973,1.52533010406998
1998,10.4290563364824,0.358978202626046,60,"Sockeye",0.0838493006668582,0.0879796881699217,0.141653061686505
1999,9.13768656055132,-0.932391573305002,60,"Sockeye",-1.23044788376082,-1.22734156940866,-1.17837784318449
2000,9.80831071734428,-0.26176741651204,60,"Sockeye",-0.582751135464465,-0.580724369480393,-0.536803200273662
2001,10.443287362655,0.373209228798673,60,"Sockeye",0.0292981013496524,0.0301897152595227,0.0687511962473124
2002,10.9408690134684,0.870790879612097,60,"Sockeye",0.503952343666453,0.503653073009508,0.536554437756353
2003,10.9111723999182,0.841094266061915,60,"Sockeye",0.451328321619651,0.449782304818482,0.476740692048924
2004,10.9805107116699,0.910432577813601,60,"Sockeye",0.497739224874749,0.494890470968182,0.515641380736056
2005,11.8073819875717,1.73730385371539,60,"Sockeye",1.30168309227995,1.29747548062334,1.31177349129245
2006,10.1592945059141,0.089216372057729,60,"Sockeye",-0.369331797874254,-0.37495451790935,-0.367335119667972
2007,10.3232538402081,0.253175706351731,60,"Sockeye",-0.228299872076856,-0.235394081403756,-0.234658767782014
2008,9.6070403556029,-0.463037778253427,60,"Sockeye",-0.967440765178658,-0.976062975297332,-0.982396552712212
2009,10.0884533325831,0.0183751987267818,60,"Sockeye",-0.508955196695059,-0.519162049994559,-0.532728354542908
2010,9.55445678035418,-0.515621353502141,60,"Sockeye",-1.06587915742058,-1.07772742748221,-1.09866915329776
2011,9.55811157822609,-0.511966555630232,60,"Sockeye",-1.08515176804527,-1.09869835994645,-1.12713703420858
2012,8.87700003385544,-1.19307810000088,60,"Sockeye",-1.78919072091252,-1.80449267153136,-1.84052879084214
2013,10.3406682511171,0.270590117260744,60,"Sockeye",-0.348449912147466,-0.365564390468002,-0.409277734305384
2014,11.6568795939287,1.58680146007233,60,"Sockeye",0.944834022167533,0.925849714749333,0.874399576783139
2015,11.1554727156957,1.08539458183938,60,"Sockeye",0.420499735437931,0.39958816480747,0.340361154195694
2016,12.6019518176715,2.53187368381513,60,"Sockeye",1.84405142891713,1.82115502793382,1.75412960812771
2017,11.3201680978139,1.25008996395759,60,"Sockeye",0.539340300562928,0.514401368752067,0.439573345896648
2018,11.0116382439931,0.9415601101368,60,"Sockeye",0.207883038245528,0.180843741489459,0.0982247941178933
2019,12.568399310112,2.49832117625567,60,"Sockeye",1.74171669586782,1.71251906609643,1.62213498187984
2020,11.4755603075027,1.40548217364642,60,"Sockeye",0.625950284761924,0.594536219642366,0.496424816256596
2021,10.6260272463163,0.555949112459947,60,"Sockeye",-0.246510184921078,-0.280198922295362,-0.385990216129262
2022,10.6199926733971,0.549914539540737,60,"Sockeye",-0.27547216633688,-0.311493947757832,-0.424910875978542
1950,9.1740408710071,-0.659379459465554,63,"Sockeye",0.244498282782793,0.230769336641723,0.131131893050764
1951,9.29375292999404,-0.539667400478614,63,"Sockeye",0.339102626707377,0.327255875148088,0.2332910360177
1952,8.22542785746711,-1.60799247300555,63,"Sockeye",-0.75433016088201,-0.764355034131778,-0.852590074782649
1953,10.134310398783,0.300890068310353,63,"Sockeye",1.12944466537142,1.12118119751852,1.03872822901229
1954,9.51820944888251,-0.315210881590144,63,"Sockeye",0.488236000408476,0.481673307992667,0.40504765335352
1955,8.90032018082482,-0.93310014964783,63,"Sockeye",-0.15476098271167,-0.15968368710509,-0.230445652983564
1956,10.015364084925,0.181943754452317,63,"Sockeye",0.935175206326052,0.931831544676442,0.866959198536094
1957,10.3670473098755,0.533626979402833,63,"Sockeye",1.2617507162141,1.2599249937559,1.20095641696276
1958,9.61242074625832,-0.220999584214329,63,"Sockeye",0.482016437534458,0.481647392030423,0.428583837606622
1959,9.20095010314669,-0.632470227325968,63,"Sockeye",0.0454380793603719,0.0464642894762619,-0.000706795751627354
1960,9.39404618740082,-0.439374143071834,63,"Sockeye",0.213426448552045,0.215786333443507,0.174480638208165
1961,9.06981417110988,-0.763606159362773,63,"Sockeye",-0.135913282801353,-0.132281463903066,-0.167763919482383
1962,9.10183515719005,-0.731585173282606,63,"Sockeye",-0.129000011783638,-0.124158159986962,-0.153874982002819
1963,9.34865067686354,-0.484769653609118,63,"Sockeye",0.092707792827395,0.09869761565791,0.0746731277516108
1964,9.00525099890573,-0.828169331566928,63,"Sockeye",-0.275799600192872,-0.268724029366636,-0.287145279249842
1965,8.48133616788046,-1.35208416259219,63,"Sockeye",-0.824822146280599,-0.81672321208892,-0.829646097521264
1966,9.15728915589196,-0.676131174580692,63,"Sockeye",-0.173976873331557,-0.164917122416499,-0.172462164055473
1967,10.2688608765602,0.435440546087557,63,"Sockeye",0.912487132274228,0.922444990838045,0.920141856473494
1968,10.1420943055834,0.308673975110754,63,"Sockeye",0.760612846234971,0.771405940518569,0.774193683377382
1969,9.59591363157545,-0.237506698897209,63,"Sockeye",0.189324457164563,0.200889751961643,0.20860265286772
1970,8.95124847548348,-0.882171854989173,63,"Sockeye",-0.480448413989863,-0.468174117586917,-0.455715988813424
1971,7.69559718881335,-2.13782314165931,63,"Sockeye",-1.76120741572245,-1.74828748074773,-1.7312777211806
1972,7.96695183430399,-1.86646849616866,63,"Sockeye",-1.51496048529427,-1.50145843933455,-1.48010370995999
1973,8.88289766652244,-0.950522663950219,63,"Sockeye",-0.624122368138273,-0.610101903760397,-0.58462127416138
1974,10.0129165990012,0.179496268528545,63,"Sockeye",0.480788849278029,0.49526387409877,0.524639627402696
1975,8.50418821402959,-1.32923211644307,63,"Sockeye",-1.05304725075604,-1.03818168930579,-1.00515255322171
1976,8.84014218619891,-0.993278144273742,63,"Sockeye",-0.742200993649173,-0.727009085651513,-0.690578493705354
1977,10.6086285369737,0.775208206501029,63,"Sockeye",1.00117764206316,1.01663153982563,1.05620228447381
1978,9.07758466686521,-0.75583566360744,63,"Sockeye",-0.554973943107787,-0.539322579496577,-0.496881524583664
1979,10.2023642999785,0.368943969505875,63,"Sockeye",0.544697974943046,0.560482112919464,0.605515956814704
1980,8.59514446769442,-1.23827586277824,63,"Sockeye",-1.08762957240349,-1.07177751954807,-1.02443520629916
1981,10.7051760469164,0.871755716443758,63,"Sockeye",0.997294291756032,1.0131492315653,1.06250979366688
1982,8.15403620685849,-1.67938412361416,63,"Sockeye",-1.57895326336433,-1.56316063340277,-1.51207703219074
1983,10.9621064237186,1.12868609324593,63,"Sockeye",1.20400923843332,1.21967419243068,1.27218155697748
1984,10.4879489285605,0.654528598087872,63,"Sockeye",0.704744028212762,0.720215770374748,0.773844488852253
1985,8.65531277656555,-1.1781075539071,63,"Sockeye",-1.15299983884464,-1.13778701458472,-1.08334154582119
1986,8.71814392294202,-1.11527640753063,63,"Sockeye",-1.11527640753063,-1.10038837787697,-1.04543201242866
1987,10.1906653642654,0.357245033792787,63,"Sockeye",0.332137318730291,0.346634505992842,0.401795611753748
1988,10.3038737859045,0.470453455431817,63,"Sockeye",0.420238025306935,0.434278150868566,0.489338485946426
1989,10.0681387611798,0.234718430707131,63,"Sockeye",0.159395285519777,0.172911958100304,0.227567604063937
1990,10.0532821587154,0.219861828242734,63,"Sockeye",0.11943096799292,0.132357623895139,0.186307199166517
1991,10.0582658052444,0.224845474771789,63,"Sockeye",0.0993068994594638,0.111576802121427,0.164522401370318
1992,9.46789555890219,-0.365524771570461,63,"Sockeye",-0.516171061945202,-0.504624822399151,-0.452976695840864
1993,10.2626421962466,0.4292218657739,63,"Sockeye",0.253467860336751,0.26422335312747,0.314285842208417
1994,9.79391439471926,-0.039505935753389,63,"Sockeye",-0.240367656253045,-0.230470168072129,-0.182275237728918
1995,9.99423524311611,0.160814912643456,63,"Sockeye",-0.0651545229186529,-0.0561824718694997,-0.0101298805079928
1996,9.73089911256518,-0.102521217907478,63,"Sockeye",-0.35359836853204,-0.345619362257676,-0.301975868588217
1997,11.500157058239,1.66673672776633,63,"Sockeye",1.39055186207932,1.39747004035998,1.43844655961365
1998,10.2688257779394,0.435405447466738,63,"Sockeye",0.134112866717266,0.139902257753487,0.177963644841938
1999,8.93643859454563,-0.896981735927022,63,"Sockeye",-1.22338203173896,-1.21878956368693,-1.18388093776206
2000,9.57826668024063,-0.255153650232022,63,"Sockeye",-0.606661661106418,-0.603334428725633,-0.571804885772131
2001,10.2333931497165,0.399972819243854,63,"Sockeye",0.0233570933069963,0.0253505999226,0.0532867878488581
2002,10.910304580416,1.07688424994334,63,"Sockeye",0.675160808944039,0.675751921832962,0.699893234120486
2003,10.7647803340639,0.931360003591285,63,"Sockeye",0.504528847529483,0.503648720400706,0.523807043232649
2004,10.7325181024415,0.899097771968862,63,"Sockeye",0.447158900844625,0.444738508614531,0.460739737987044
2005,11.5877480762345,1.75432774576189,63,"Sockeye",1.27728115957517,1.27325129790318,1.28493588377445
2006,10.033137185233,0.199716854760325,63,"Sockeye",-0.302437446488787,-0.308146161665698,-0.300922737212693
2007,10.1617986048971,0.328378274424436,63,"Sockeye",-0.198883741887144,-0.206340874821226,-0.203707693127798
2008,9.35223267759596,-0.481187652876699,63,"Sockeye",-1.03355738425074,-1.04283267985138,-1.0449030633077
2009,9.85923091854368,0.0258105880710222,63,"Sockeye",-0.551666858365478,-0.562830242668385,-0.56970152344125
2010,9.29658727134977,-0.536833059122881,63,"Sockeye",-1.13941822062185,-1.15253980125942,-1.16429319084101
2011,9.30308556556702,-0.530334764905635,63,"Sockeye",-1.15802764146705,-1.17317770814001,-1.18987827814807
2012,8.59237737315042,-1.24104295732224,63,"Sockeye",-1.89384354894611,-1.91109257389627,-1.93278935928998
2013,10.0801428556442,0.246722525171573,63,"Sockeye",-0.431185781514786,-0.450604419999172,-0.477330656626771
2014,11.4533551846232,1.61993485415051,63,"Sockeye",0.916918832401758,0.895259741635645,0.863486232473935
2015,11.0025314092636,1.16911107879096,63,"Sockeye",0.440987341979701,0.417016776217382,0.380193042728381
2016,12.6020523650306,2.76863203455791,63,"Sockeye",2.01540058268424,1.98904733476647,1.9471845748943
2017,11.208449942725,1.37502961225239,63,"Sockeye",0.596690445316188,0.56788312315998,0.52100577504431
2018,10.8808088132313,1.04738848275868,63,"Sockeye",0.24394160076003,0.212608626878387,0.16075325370509
2019,12.4422985655921,2.60887823511943,63,"Sockeye",1.78032363805837,1.74639324907883,1.68960720169926
2020,11.3565067052841,1.52308637481146,63,"Sockeye",0.669424062687916,0.632824308869756,0.571164148787295
2021,10.517168368612,0.68374803813936,63,"Sockeye",-0.19502198904664,-0.234363244296338,-0.300833579736299
2022,10.2343518819128,0.400931551440119,63,"Sockeye",-0.502946190808296,-0.545101271419945,-0.616312580540409
1950,9.1740408710071,-0.659379459465554,64,"Sockeye",0.244498282782793,0.230769336641723,0.131131893050764
1951,9.29375292999404,-0.539667400478614,64,"Sockeye",0.339102626707377,0.327255875148088,0.2332910360177
1952,8.22542785746711,-1.60799247300555,64,"Sockeye",-0.75433016088201,-0.764355034131778,-0.852590074782649
1953,10.134310398783,0.300890068310353,64,"Sockeye",1.12944466537142,1.12118119751852,1.03872822901229
1954,9.51820944888251,-0.315210881590144,64,"Sockeye",0.488236000408476,0.481673307992667,0.40504765335352
1955,8.90032018082482,-0.93310014964783,64,"Sockeye",-0.15476098271167,-0.15968368710509,-0.230445652983564
1956,10.015364084925,0.181943754452317,64,"Sockeye",0.935175206326052,0.931831544676442,0.866959198536094
1957,10.3670473098755,0.533626979402833,64,"Sockeye",1.2617507162141,1.2599249937559,1.20095641696276
1958,9.61242074625832,-0.220999584214329,64,"Sockeye",0.482016437534458,0.481647392030423,0.428583837606622
1959,9.20095010314669,-0.632470227325968,64,"Sockeye",0.0454380793603719,0.0464642894762619,-0.000706795751627354
1960,9.39404618740082,-0.439374143071834,64,"Sockeye",0.213426448552045,0.215786333443507,0.174480638208165
1961,9.06981417110988,-0.763606159362773,64,"Sockeye",-0.135913282801353,-0.132281463903066,-0.167763919482383
1962,9.10183515719005,-0.731585173282606,64,"Sockeye",-0.129000011783638,-0.124158159986962,-0.153874982002819
1963,9.34865067686354,-0.484769653609118,64,"Sockeye",0.092707792827395,0.09869761565791,0.0746731277516108
1964,9.00525099890573,-0.828169331566928,64,"Sockeye",-0.275799600192872,-0.268724029366636,-0.287145279249842
1965,8.48133616788046,-1.35208416259219,64,"Sockeye",-0.824822146280599,-0.81672321208892,-0.829646097521264
1966,9.15728915589196,-0.676131174580692,64,"Sockeye",-0.173976873331557,-0.164917122416499,-0.172462164055473
1967,10.2688608765602,0.435440546087557,64,"Sockeye",0.912487132274228,0.922444990838045,0.920141856473494
1968,10.1420943055834,0.308673975110754,64,"Sockeye",0.760612846234971,0.771405940518569,0.774193683377382
1969,9.59591363157545,-0.237506698897209,64,"Sockeye",0.189324457164563,0.200889751961643,0.20860265286772
1970,8.95124847548348,-0.882171854989173,64,"Sockeye",-0.480448413989863,-0.468174117586917,-0.455715988813424
1971,7.69559718881335,-2.13782314165931,64,"Sockeye",-1.76120741572245,-1.74828748074773,-1.7312777211806
1972,7.96695183430399,-1.86646849616866,64,"Sockeye",-1.51496048529427,-1.50145843933455,-1.48010370995999
1973,8.88289766652244,-0.950522663950219,64,"Sockeye",-0.624122368138273,-0.610101903760397,-0.58462127416138
1974,10.0129165990012,0.179496268528545,64,"Sockeye",0.480788849278029,0.49526387409877,0.524639627402696
1975,8.50418821402959,-1.32923211644307,64,"Sockeye",-1.05304725075604,-1.03818168930579,-1.00515255322171
1976,8.84014218619891,-0.993278144273742,64,"Sockeye",-0.742200993649173,-0.727009085651513,-0.690578493705354
1977,10.6086285369737,0.775208206501029,64,"Sockeye",1.00117764206316,1.01663153982563,1.05620228447381
1978,9.07758466686521,-0.75583566360744,64,"Sockeye",-0.554973943107787,-0.539322579496577,-0.496881524583664
1979,10.2023642999785,0.368943969505875,64,"Sockeye",0.544697974943046,0.560482112919464,0.605515956814704
1980,8.59514446769442,-1.23827586277824,64,"Sockeye",-1.08762957240349,-1.07177751954807,-1.02443520629916
1981,10.7051760469164,0.871755716443758,64,"Sockeye",0.997294291756032,1.0131492315653,1.06250979366688
1982,8.15403620685849,-1.67938412361416,64,"Sockeye",-1.57895326336433,-1.56316063340277,-1.51207703219074
1983,10.9621064237186,1.12868609324593,64,"Sockeye",1.20400923843332,1.21967419243068,1.27218155697748
1984,10.4879489285605,0.654528598087872,64,"Sockeye",0.704744028212762,0.720215770374748,0.773844488852253
1985,8.65531277656555,-1.1781075539071,64,"Sockeye",-1.15299983884464,-1.13778701458472,-1.08334154582119
1986,8.71814392294202,-1.11527640753063,64,"Sockeye",-1.11527640753063,-1.10038837787697,-1.04543201242866
1987,10.1906653642654,0.357245033792787,64,"Sockeye",0.332137318730291,0.346634505992842,0.401795611753748
1988,10.3038737859045,0.470453455431817,64,"Sockeye",0.420238025306935,0.434278150868566,0.489338485946426
1989,10.0681387611798,0.234718430707131,64,"Sockeye",0.159395285519777,0.172911958100304,0.227567604063937
1990,10.0532821587154,0.219861828242734,64,"Sockeye",0.11943096799292,0.132357623895139,0.186307199166517
1991,10.0582658052444,0.224845474771789,64,"Sockeye",0.0993068994594638,0.111576802121427,0.164522401370318
1992,9.46789555890219,-0.365524771570461,64,"Sockeye",-0.516171061945202,-0.504624822399151,-0.452976695840864
1993,10.2626421962466,0.4292218657739,64,"Sockeye",0.253467860336751,0.26422335312747,0.314285842208417
1994,9.79391439471926,-0.039505935753389,64,"Sockeye",-0.240367656253045,-0.230470168072129,-0.182275237728918
1995,9.99423524311611,0.160814912643456,64,"Sockeye",-0.0651545229186529,-0.0561824718694997,-0.0101298805079928
1996,9.73089911256518,-0.102521217907478,64,"Sockeye",-0.35359836853204,-0.345619362257676,-0.301975868588217
1997,11.500157058239,1.66673672776633,64,"Sockeye",1.39055186207932,1.39747004035998,1.43844655961365
1998,10.2688257779394,0.435405447466738,64,"Sockeye",0.134112866717266,0.139902257753487,0.177963644841938
1999,8.93643859454563,-0.896981735927022,64,"Sockeye",-1.22338203173896,-1.21878956368693,-1.18388093776206
2000,9.57826668024063,-0.255153650232022,64,"Sockeye",-0.606661661106418,-0.603334428725633,-0.571804885772131
2001,10.2333931497165,0.399972819243854,64,"Sockeye",0.0233570933069963,0.0253505999226,0.0532867878488581
2002,10.910304580416,1.07688424994334,64,"Sockeye",0.675160808944039,0.675751921832962,0.699893234120486
2003,10.7647803340639,0.931360003591285,64,"Sockeye",0.504528847529483,0.503648720400706,0.523807043232649
2004,10.7325181024415,0.899097771968862,64,"Sockeye",0.447158900844625,0.444738508614531,0.460739737987044
2005,11.5877480762345,1.75432774576189,64,"Sockeye",1.27728115957517,1.27325129790318,1.28493588377445
2006,10.033137185233,0.199716854760325,64,"Sockeye",-0.302437446488787,-0.308146161665698,-0.300922737212693
2007,10.1617986048971,0.328378274424436,64,"Sockeye",-0.198883741887144,-0.206340874821226,-0.203707693127798
2008,9.35223267759596,-0.481187652876699,64,"Sockeye",-1.03355738425074,-1.04283267985138,-1.0449030633077
2009,9.85923091854368,0.0258105880710222,64,"Sockeye",-0.551666858365478,-0.562830242668385,-0.56970152344125
2010,9.29658727134977,-0.536833059122881,64,"Sockeye",-1.13941822062185,-1.15253980125942,-1.16429319084101
2011,9.30308556556702,-0.530334764905635,64,"Sockeye",-1.15802764146705,-1.17317770814001,-1.18987827814807
2012,8.59237737315042,-1.24104295732224,64,"Sockeye",-1.89384354894611,-1.91109257389627,-1.93278935928998
2013,10.0801428556442,0.246722525171573,64,"Sockeye",-0.431185781514786,-0.450604419999172,-0.477330656626771
2014,11.4533551846232,1.61993485415051,64,"Sockeye",0.916918832401758,0.895259741635645,0.863486232473935
2015,11.0025314092636,1.16911107879096,64,"Sockeye",0.440987341979701,0.417016776217382,0.380193042728381
2016,12.6020523650306,2.76863203455791,64,"Sockeye",2.01540058268424,1.98904733476647,1.9471845748943
2017,11.208449942725,1.37502961225239,64,"Sockeye",0.596690445316188,0.56788312315998,0.52100577504431
2018,10.8808088132313,1.04738848275868,64,"Sockeye",0.24394160076003,0.212608626878387,0.16075325370509
2019,12.4422985655921,2.60887823511943,64,"Sockeye",1.78032363805837,1.74639324907883,1.68960720169926
2020,11.3565067052841,1.52308637481146,64,"Sockeye",0.669424062687916,0.632824308869756,0.571164148787295
2021,10.517168368612,0.68374803813936,64,"Sockeye",-0.19502198904664,-0.234363244296338,-0.300833579736299
2022,10.2343518819128,0.400931551440119,64,"Sockeye",-0.502946190808296,-0.545101271419945,-0.616312580540409
1950,9.1740408710071,-0.659379459465554,61,"Sockeye",0.244498282782793,0.230769336641723,0.131131893050764
1951,9.29375292999404,-0.539667400478614,61,"Sockeye",0.339102626707377,0.327255875148088,0.2332910360177
1952,8.22542785746711,-1.60799247300555,61,"Sockeye",-0.75433016088201,-0.764355034131778,-0.852590074782649
1953,10.134310398783,0.300890068310353,61,"Sockeye",1.12944466537142,1.12118119751852,1.03872822901229
1954,9.51820944888251,-0.315210881590144,61,"Sockeye",0.488236000408476,0.481673307992667,0.40504765335352
1955,8.90032018082482,-0.93310014964783,61,"Sockeye",-0.15476098271167,-0.15968368710509,-0.230445652983564
1956,10.015364084925,0.181943754452317,61,"Sockeye",0.935175206326052,0.931831544676442,0.866959198536094
1957,10.3670473098755,0.533626979402833,61,"Sockeye",1.2617507162141,1.2599249937559,1.20095641696276
1958,9.61242074625832,-0.220999584214329,61,"Sockeye",0.482016437534458,0.481647392030423,0.428583837606622
1959,9.20095010314669,-0.632470227325968,61,"Sockeye",0.0454380793603719,0.0464642894762619,-0.000706795751627354
1960,9.39404618740082,-0.439374143071834,61,"Sockeye",0.213426448552045,0.215786333443507,0.174480638208165
1961,9.06981417110988,-0.763606159362773,61,"Sockeye",-0.135913282801353,-0.132281463903066,-0.167763919482383
1962,9.10183515719005,-0.731585173282606,61,"Sockeye",-0.129000011783638,-0.124158159986962,-0.153874982002819
1963,9.34865067686354,-0.484769653609118,61,"Sockeye",0.092707792827395,0.09869761565791,0.0746731277516108
1964,9.00525099890573,-0.828169331566928,61,"Sockeye",-0.275799600192872,-0.268724029366636,-0.287145279249842
1965,8.48133616788046,-1.35208416259219,61,"Sockeye",-0.824822146280599,-0.81672321208892,-0.829646097521264
1966,9.15728915589196,-0.676131174580692,61,"Sockeye",-0.173976873331557,-0.164917122416499,-0.172462164055473
1967,10.2688608765602,0.435440546087557,61,"Sockeye",0.912487132274228,0.922444990838045,0.920141856473494
1968,10.1420943055834,0.308673975110754,61,"Sockeye",0.760612846234971,0.771405940518569,0.774193683377382
1969,9.59591363157545,-0.237506698897209,61,"Sockeye",0.189324457164563,0.200889751961643,0.20860265286772
1970,8.95124847548348,-0.882171854989173,61,"Sockeye",-0.480448413989863,-0.468174117586917,-0.455715988813424
1971,7.69559718881335,-2.13782314165931,61,"Sockeye",-1.76120741572245,-1.74828748074773,-1.7312777211806
1972,7.96695183430399,-1.86646849616866,61,"Sockeye",-1.51496048529427,-1.50145843933455,-1.48010370995999
1973,8.88289766652244,-0.950522663950219,61,"Sockeye",-0.624122368138273,-0.610101903760397,-0.58462127416138
1974,10.0129165990012,0.179496268528545,61,"Sockeye",0.480788849278029,0.49526387409877,0.524639627402696
1975,8.50418821402959,-1.32923211644307,61,"Sockeye",-1.05304725075604,-1.03818168930579,-1.00515255322171
1976,8.84014218619891,-0.993278144273742,61,"Sockeye",-0.742200993649173,-0.727009085651513,-0.690578493705354
1977,10.6086285369737,0.775208206501029,61,"Sockeye",1.00117764206316,1.01663153982563,1.05620228447381
1978,9.07758466686521,-0.75583566360744,61,"Sockeye",-0.554973943107787,-0.539322579496577,-0.496881524583664
1979,10.2023642999785,0.368943969505875,61,"Sockeye",0.544697974943046,0.560482112919464,0.605515956814704
1980,8.59514446769442,-1.23827586277824,61,"Sockeye",-1.08762957240349,-1.07177751954807,-1.02443520629916
1981,10.7051760469164,0.871755716443758,61,"Sockeye",0.997294291756032,1.0131492315653,1.06250979366688
1982,8.15403620685849,-1.67938412361416,61,"Sockeye",-1.57895326336433,-1.56316063340277,-1.51207703219074
1983,10.9621064237186,1.12868609324593,61,"Sockeye",1.20400923843332,1.21967419243068,1.27218155697748
1984,10.4879489285605,0.654528598087872,61,"Sockeye",0.704744028212762,0.720215770374748,0.773844488852253
1985,8.65531277656555,-1.1781075539071,61,"Sockeye",-1.15299983884464,-1.13778701458472,-1.08334154582119
1986,8.71814392294202,-1.11527640753063,61,"Sockeye",-1.11527640753063,-1.10038837787697,-1.04543201242866
1987,10.1906653642654,0.357245033792787,61,"Sockeye",0.332137318730291,0.346634505992842,0.401795611753748
1988,10.3038737859045,0.470453455431817,61,"Sockeye",0.420238025306935,0.434278150868566,0.489338485946426
1989,10.0681387611798,0.234718430707131,61,"Sockeye",0.159395285519777,0.172911958100304,0.227567604063937
1990,10.0532821587154,0.219861828242734,61,"Sockeye",0.11943096799292,0.132357623895139,0.186307199166517
1991,10.0582658052444,0.224845474771789,61,"Sockeye",0.0993068994594638,0.111576802121427,0.164522401370318
1992,9.46789555890219,-0.365524771570461,61,"Sockeye",-0.516171061945202,-0.504624822399151,-0.452976695840864
1993,10.2626421962466,0.4292218657739,61,"Sockeye",0.253467860336751,0.26422335312747,0.314285842208417
1994,9.79391439471926,-0.039505935753389,61,"Sockeye",-0.240367656253045,-0.230470168072129,-0.182275237728918
1995,9.99423524311611,0.160814912643456,61,"Sockeye",-0.0651545229186529,-0.0561824718694997,-0.0101298805079928
1996,9.73089911256518,-0.102521217907478,61,"Sockeye",-0.35359836853204,-0.345619362257676,-0.301975868588217
1997,11.500157058239,1.66673672776633,61,"Sockeye",1.39055186207932,1.39747004035998,1.43844655961365
1998,10.2688257779394,0.435405447466738,61,"Sockeye",0.134112866717266,0.139902257753487,0.177963644841938
1999,8.93643859454563,-0.896981735927022,61,"Sockeye",-1.22338203173896,-1.21878956368693,-1.18388093776206
2000,9.57826668024063,-0.255153650232022,61,"Sockeye",-0.606661661106418,-0.603334428725633,-0.571804885772131
2001,10.2333931497165,0.399972819243854,61,"Sockeye",0.0233570933069963,0.0253505999226,0.0532867878488581
2002,10.910304580416,1.07688424994334,61,"Sockeye",0.675160808944039,0.675751921832962,0.699893234120486
2003,10.7647803340639,0.931360003591285,61,"Sockeye",0.504528847529483,0.503648720400706,0.523807043232649
2004,10.7325181024415,0.899097771968862,61,"Sockeye",0.447158900844625,0.444738508614531,0.460739737987044
2005,11.5877480762345,1.75432774576189,61,"Sockeye",1.27728115957517,1.27325129790318,1.28493588377445
2006,10.033137185233,0.199716854760325,61,"Sockeye",-0.302437446488787,-0.308146161665698,-0.300922737212693
2007,10.1617986048971,0.328378274424436,61,"Sockeye",-0.198883741887144,-0.206340874821226,-0.203707693127798
2008,9.35223267759596,-0.481187652876699,61,"Sockeye",-1.03355738425074,-1.04283267985138,-1.0449030633077
2009,9.85923091854368,0.0258105880710222,61,"Sockeye",-0.551666858365478,-0.562830242668385,-0.56970152344125
2010,9.29658727134977,-0.536833059122881,61,"Sockeye",-1.13941822062185,-1.15253980125942,-1.16429319084101
2011,9.30308556556702,-0.530334764905635,61,"Sockeye",-1.15802764146705,-1.17317770814001,-1.18987827814807
2012,8.59237737315042,-1.24104295732224,61,"Sockeye",-1.89384354894611,-1.91109257389627,-1.93278935928998
2013,10.0801428556442,0.246722525171573,61,"Sockeye",-0.431185781514786,-0.450604419999172,-0.477330656626771
2014,11.4533551846232,1.61993485415051,61,"Sockeye",0.916918832401758,0.895259741635645,0.863486232473935
2015,11.0025314092636,1.16911107879096,61,"Sockeye",0.440987341979701,0.417016776217382,0.380193042728381
2016,12.6020523650306,2.76863203455791,61,"Sockeye",2.01540058268424,1.98904733476647,1.9471845748943
2017,11.208449942725,1.37502961225239,61,"Sockeye",0.596690445316188,0.56788312315998,0.52100577504431
2018,10.8808088132313,1.04738848275868,61,"Sockeye",0.24394160076003,0.212608626878387,0.16075325370509
2019,12.4422985655921,2.60887823511943,61,"Sockeye",1.78032363805837,1.74639324907883,1.68960720169926
2020,11.3565067052841,1.52308637481146,61,"Sockeye",0.669424062687916,0.632824308869756,0.571164148787295
2021,10.517168368612,0.68374803813936,61,"Sockeye",-0.19502198904664,-0.234363244296338,-0.300833579736299
2022,10.2343518819128,0.400931551440119,61,"Sockeye",-0.502946190808296,-0.545101271419945,-0.616312580540409
1950,9.30797950426737,-0.762098629588949,62,"Sockeye",0.0632880762885448,0.0537808875005297,-0.0861506333529718
1951,9.69110360741615,-0.378974526440172,62,"Sockeye",0.423484770940881,0.415470881235951,0.284004739732683
1952,8.70124007264773,-1.36883806120859,62,"Sockeye",-0.58930617232414,-0.59587640755206,-0.718831640829482
1953,10.3241837322712,0.254105598414875,62,"Sockeye",1.01071007880273,1.00553373846124,0.891128364814728
1954,9.90678657094637,-0.163291562909949,62,"Sockeye",0.570385508981296,0.56655318868502,0.460727264853649
1955,9.16460103789965,-0.905477095956672,62,"Sockeye",-0.194727432562024,-0.197265723171935,-0.294494387228319
1956,10.2524387339751,0.182360600118769,62,"Sockeye",0.870182855016824,0.86888848794929,0.780261034227394
1957,10.6894296805064,0.619351546650066,62,"Sockeye",1.28424639305152,1.28414572732905,1.20410781180927
1958,9.92248590787251,-0.14759222598381,62,"Sockeye",0.49437521192103,0.495417909024168,0.423940766536624
1959,9.62364781896273,-0.446430314893594,62,"Sockeye",0.172609714514649,0.1747453193324,0.111781892356721
1960,9.65054936210315,-0.419528771753178,62,"Sockeye",0.176583849158468,0.179761789718254,0.125245779228839
1961,9.49783248702685,-0.572245646829473,62,"Sockeye",0.00093956558556549,0.00510915278253599,-0.0410457005777509
1962,9.47725168367227,-0.592826450184057,62,"Sockeye",-0.042568646265616,-0.0374582189398645,-0.0753586421428025
1963,9.71542941530546,-0.354648718550868,62,"Sockeye",0.172681676870972,0.178682020141627,0.148908519023115
1964,9.28955692052841,-0.780521213327914,62,"Sockeye",-0.276118226402679,-0.269279009319025,-0.291074013936241
1965,8.77163034677505,-1.29844778708127,62,"Sockeye",-0.816972208652641,-0.809345278109131,-0.823331104357806
1966,9.34631170829137,-0.723766425564955,62,"Sockeye",-0.265218255632922,-0.256854890477722,-0.263221577426648
1967,10.3993404110273,0.329262277170947,62,"Sockeye",0.764883038606406,0.773931440755643,0.7749734376189
1968,10.5109802782536,0.440902144397228,62,"Sockeye",0.853595497336105,0.863277419817136,0.871497653197403
1969,9.72730640570322,-0.342771728153101,62,"Sockeye",0.046994216289124,0.0572580231194131,0.0724065867183903
1970,9.19522483150164,-0.874853302354685,62,"Sockeye",-0.508014766409058,-0.497220830808706,-0.475412672319164
1971,7.97188478211562,-2.09819335174071,62,"Sockeye",-1.75428222429168,-1.74301003537415,-1.71482912939403
1972,8.28672990202904,-1.78334823182729,62,"Sockeye",-1.46236451287486,-1.45066606624434,-1.41641657768406
1973,9.07705329855283,-0.993024835303495,62,"Sockeye",-0.694968524847673,-0.682895936537946,-0.642898484271345
1974,10.2529018123945,0.182823678538136,62,"Sockeye",0.457952580497395,0.470347073744007,0.515756341517038
1975,8.71186770002048,-1.35821043383585,62,"Sockeye",-1.10600894037323,-1.09334489992018,-1.04287451565421
1976,9.13581189513206,-0.934266238724262,62,"Sockeye",-0.704992153758248,-0.69211104509756,-0.636943768356613
1977,10.9224710365136,0.852392902657323,62,"Sockeye",1.05873957912669,1.07178515544703,1.13127264276023
1978,9.28700755039851,-0.783070583457815,62,"Sockeye",-0.599651315485001,-0.586493993883764,-0.523074332794414
1979,10.4117953379949,0.341717204138572,62,"Sockeye",0.502209063614787,0.515425286005252,0.582378863106412
1980,8.85460385680199,-1.21547427705434,62,"Sockeye",-1.07790982607472,-1.06468766978244,-0.994607495026058
1981,10.931180357933,0.861102224076718,62,"Sockeye",0.975739266559684,0.988914267187107,1.06170584340157
1982,8.47620079914728,-1.59387733470904,62,"Sockeye",-1.50216770072264,-1.48909306829012,-1.41401196324262
1983,11.1122853954633,1.04220726160698,62,"Sockeye",1.11098948709678,1.12391041555616,1.20085371705589
1984,10.8701904217402,0.800112287883888,62,"Sockeye",0.845967104877079,0.858680870051447,0.937054804661937
1985,8.95748121539752,-1.11259691845881,62,"Sockeye",-1.0896695099622,-1.0772164912045,-0.997846479786626
1986,9.04458578427633,-1.02549234958,62,"Sockeye",-1.02549234957999,-1.01335378447717,-0.933424001064992
1987,10.275975972414,0.205897838557691,62,"Sockeye",0.182970430061076,0.194740709876827,0.274793460236653
1988,10.450077265501,0.379999131644697,62,"Sockeye",0.334144314651473,0.345492352865813,0.425232014436332
1989,10.3094546894232,0.239376555566913,62,"Sockeye",0.170594330077072,0.181466045404774,0.260458560036188
1990,10.3304397662481,0.260361632391746,62,"Sockeye",0.16865199840537,0.178993184300857,0.256807735885388
1991,10.0855893194675,0.0155111856112175,62,"Sockeye",-0.099125856871831,-0.0893695325046231,-0.0131592800299423
1992,9.73633140325546,-0.333746730600865,62,"Sockeye",-0.471311181580472,-0.462194176678869,-0.388008850531804
1993,10.508914689223,0.43883655536665,62,"Sockeye",0.278344695890465,0.286767797256401,0.358514495382092
1994,10.0745565990607,0.00447846520437721,62,"Sockeye",-0.178940802768437,-0.171266315433098,-0.102363820077846
1995,10.056391308705,-0.0136868251513097,62,"Sockeye",-0.220033501620737,-0.213162465528638,-0.147500437987192
1996,10.031492014726,-0.0385861191303209,62,"Sockeye",-0.267860204096339,-0.261847583471312,-0.199811818694698
1997,11.7844753066699,1.71439717281355,62,"Sockeye",1.46219567935096,1.46729479297973,1.52533010406998
1998,10.4290563364824,0.358978202626046,62,"Sockeye",0.0838493006668582,0.0879796881699217,0.141653061686505
1999,9.13768656055132,-0.932391573305002,62,"Sockeye",-1.23044788376082,-1.22734156940866,-1.17837784318449
2000,9.80831071734428,-0.26176741651204,62,"Sockeye",-0.582751135464465,-0.580724369480393,-0.536803200273662
2001,10.443287362655,0.373209228798673,62,"Sockeye",0.0292981013496524,0.0301897152595227,0.0687511962473124
2002,10.9408690134684,0.870790879612097,62,"Sockeye",0.503952343666453,0.503653073009508,0.536554437756353
2003,10.9111723999182,0.841094266061915,62,"Sockeye",0.451328321619651,0.449782304818482,0.476740692048924
2004,10.9805107116699,0.910432577813601,62,"Sockeye",0.497739224874749,0.494890470968182,0.515641380736056
2005,11.8073819875717,1.73730385371539,62,"Sockeye",1.30168309227995,1.29747548062334,1.31177349129245
2006,10.1592945059141,0.089216372057729,62,"Sockeye",-0.369331797874254,-0.37495451790935,-0.367335119667972
2007,10.3232538402081,0.253175706351731,62,"Sockeye",-0.228299872076856,-0.235394081403756,-0.234658767782014
2008,9.6070403556029,-0.463037778253427,62,"Sockeye",-0.967440765178658,-0.976062975297332,-0.982396552712212
2009,10.0884533325831,0.0183751987267818,62,"Sockeye",-0.508955196695059,-0.519162049994559,-0.532728354542908
2010,9.55445678035418,-0.515621353502141,62,"Sockeye",-1.06587915742058,-1.07772742748221,-1.09866915329776
2011,9.55811157822609,-0.511966555630232,62,"Sockeye",-1.08515176804527,-1.09869835994645,-1.12713703420858
2012,8.87700003385544,-1.19307810000088,62,"Sockeye",-1.78919072091252,-1.80449267153136,-1.84052879084214
2013,10.3406682511171,0.270590117260744,62,"Sockeye",-0.348449912147466,-0.365564390468002,-0.409277734305384
2014,11.6568795939287,1.58680146007233,62,"Sockeye",0.944834022167533,0.925849714749333,0.874399576783139
2015,11.1554727156957,1.08539458183938,62,"Sockeye",0.420499735437931,0.39958816480747,0.340361154195694
2016,12.6019518176715,2.53187368381513,62,"Sockeye",1.84405142891713,1.82115502793382,1.75412960812771
2017,11.3201680978139,1.25008996395759,62,"Sockeye",0.539340300562928,0.514401368752067,0.439573345896648
2018,11.0116382439931,0.9415601101368,62,"Sockeye",0.207883038245528,0.180843741489459,0.0982247941178933
2019,12.568399310112,2.49832117625567,62,"Sockeye",1.74171669586782,1.71251906609643,1.62213498187984
2020,11.4755603075027,1.40548217364642,62,"Sockeye",0.625950284761924,0.594536219642366,0.496424816256596
2021,10.6260272463163,0.555949112459947,62,"Sockeye",-0.246510184921078,-0.280198922295362,-0.385990216129262
2022,10.6199926733971,0.549914539540737,62,"Sockeye",-0.27547216633688,-0.311493947757832,-0.424910875978542
1950,8.80844571334975,-0.570677008851633,66,"Sockeye",0.434502832810861,0.413134024679467,0.40423494501961
1951,8.58693124992507,-0.792191472276312,66,"Sockeye",0.185066707117951,0.166218133944865,0.156815888144221
1952,7.43495419408594,-1.94416852811545,66,"Sockeye",-0.994832010989589,-1.01123720549414,-1.02106659476144
1953,9.75286508458002,0.373742362378631,66,"Sockeye",1.29515721723608,1.28111831256848,1.27093667953488
1954,8.79852104187012,-0.580601680331269,66,"Sockeye",0.312891512257777,0.301141575350321,0.290680912095214
1955,8.37267438002995,-1.00644834217143,66,"Sockeye",-0.1408768118508,-0.150415337025862,-0.161083992415813
1956,9.50723226581301,0.128109543611627,66,"Sockeye",0.965759411663852,0.958354507534622,0.94754630216778
1957,9.7927006653377,0.413577943136316,66,"Sockeye",1.22330614892013,1.21795683978138,1.20707457417875
1958,9.13309010437557,-0.246032617825818,66,"Sockeye",0.535773925689597,0.532401949405013,0.521507863739123
1959,8.49772546121052,-0.881397260990863,66,"Sockeye",-0.127512379743861,-0.128985522105843,-0.139832679484726
1960,8.98418454613004,-0.39493817607134,66,"Sockeye",0.331025042907251,0.331371998024588,0.320626833877041
1961,8.36361054011754,-1.01551218208385,66,"Sockeye",-0.317470625373656,-0.315382547450636,-0.325974481758472
1962,8.47059121302196,-0.908531509179427,66,"Sockeye",-0.238411614737644,-0.234661627633727,-0.245053025910641
1963,8.71883949211666,-0.660283230084729,66,"Sockeye",-0.0180849979113514,-0.0127525549254717,-0.0229001042242523
1964,8.46787761790412,-0.911245104297266,66,"Sockeye",-0.296968534392298,-0.290133329222712,-0.299997736798986
1965,8.02423196179526,-1.35489076040612,66,"Sockeye",-0.768535852769565,-0.760277820241201,-0.769823807825812
1966,8.79118146215166,-0.587941260049721,66,"Sockeye",-0.0295080146815724,-0.0199073314756202,-0.0291035998412195
1967,9.98150103432791,0.60237831212653,66,"Sockeye",1.13288989522627,1.14375280984059,1.13493364323381
1968,9.47378890003477,0.0946661778333851,66,"Sockeye",0.597256098664721,0.609300582096163,0.600882069781127
1969,9.32938256434032,-0.049740157861066,66,"Sockeye",0.424928100701863,0.438073246300947,0.430075219400296
1970,8.50978628226689,-0.869336439934498,66,"Sockeye",-0.422589843639972,-0.408425187319398,-0.415986490813628
1971,7.15345820784569,-2.2256645143557,66,"Sockeye",-1.80683958032958,-1.79173681027102,-1.79884859959742
1972,7.45057481527328,-1.9285479069281,66,"Sockeye",-1.5376446351704,-1.52168539463761,-1.52833816464521
1973,8.46056493691036,-0.918557785291027,66,"Sockeye",-0.555576175801725,-0.538842355083899,-0.545029710637261
1974,9.53691049133028,0.157787769128895,66,"Sockeye",0.492847716349787,0.510273979190629,0.504555511181923
1975,8.10725442426546,-1.27186829793593,66,"Sockeye",-0.964730012983441,-0.946693694604129,-0.951942525138072
1976,8.29244518280029,-1.08667753940109,66,"Sockeye",-0.807460916717019,-0.788897178658249,-0.793678136481148
1977,10.048704794475,0.669582072273631,66,"Sockeye",0.920877032689285,0.939885304539812,0.935568156806266
1978,8.70020311219352,-0.678919610007866,66,"Sockeye",-0.455546311860603,-0.43617664289121,-0.440036116911507
1979,9.8207961661475,0.44167344394612,66,"Sockeye",0.63712507982497,0.656772757696354,0.653362977629969
1980,8.1723985842296,-1.20672413797178,66,"Sockeye",-1.03919416436134,-1.01935211810992,-1.02232179163415
1981,10.2443286435945,0.865205921393085,66,"Sockeye",1.00481423273515,1.0247667537762,1.02222623199493
1982,7.63411840370723,-1.74500431849415,66,"Sockeye",-1.63331766942052,-1.61333882101443,-1.61546226919248
1983,10.5856322731291,1.20650955092767,66,"Sockeye",1.29027453773294,1.31019531147731,1.30847598256197
1984,9.8254714182445,0.446348696043113,66,"Sockeye",0.502192020579933,0.5219700622633,0.520641271666729
1985,8.14126041105815,-1.23786231114323,66,"Sockeye",-1.20994064887483,-1.19039025279695,-1.19134246115836
1986,8.18773070403508,-1.19139201816631,66,"Sockeye",-1.1913920181663,-1.17215443815862,-1.17274414273513
1987,9.94037726095744,0.561254538756061,66,"Sockeye",0.53333287648765,0.552172212262892,0.551931064204116
1988,9.89630821772984,0.517185495528452,66,"Sockeye",0.461342170991643,0.479697575894903,0.47979142207844
1989,9.59657171794346,0.217448995742078,66,"Sockeye",0.133684008936855,0.151469537069273,0.151885453765887
1990,9.51107511350087,0.131952391299488,66,"Sockeye",0.0202657422258579,0.0373951876447958,0.0381211424539032
1991,9.89099090439933,0.511868182197943,66,"Sockeye",0.372259870855909,0.388646766788154,0.389671870115684
1992,9.0068632704871,-0.372259451714284,66,"Sockeye",-0.539789425324728,-0.52423180727215,-0.522917052597538
1993,9.8395852446556,0.46046252245422,66,"Sockeye",0.265010886575365,0.27965223594396,0.281248784380368
1994,9.26138850620815,-0.117734215993234,66,"Sockeye",-0.341107514140494,-0.327469687465502,-0.325597319191395
1995,9.78731627123697,0.408193549035584,66,"Sockeye",0.156898588619919,0.169445374590007,0.171589712736905
1996,9.21348926850728,-0.165633453694108,66,"Sockeye",-0.444850076378178,-0.433482113924764,-0.431067296142301
1997,10.9440206374441,1.5648979152427,66,"Sockeye",1.25775963029023,1.26786072081356,1.27054711813561
1998,9.92090427024024,0.541781548038861,66,"Sockeye",0.206721600817966,0.21546750459251,0.21842939565011
1999,8.57449960708618,-0.804623115115205,66,"Sockeye",-1.1676047246045,-1.16030258960878,-1.15705825944003
2000,9.19262797491891,-0.186494747282472,66,"Sockeye",-0.577398019040178,-0.571628502873144,-0.568091548514985
2001,9.78944861888885,0.410325896687464,66,"Sockeye",-0.00849903733864556,-0.00435125888093246,-0.000508056606475904
2002,10.7277924077851,1.34866968558375,66,"Sockeye",0.901923089289198,0.904359741512799,0.908526442115551
2003,10.4423779334341,1.06325521123269,66,"Sockeye",0.58858695266979,0.589222819674472,0.593734071368234
2004,10.2907829114369,0.911660189235517,66,"Sockeye",0.409070268404182,0.407815419926793,0.412696239520598
2005,11.1248225314277,1.74569980922627,66,"Sockeye",1.21518822612657,1.21195245980485,1.21723197413413
2006,9.70792000634329,0.328797284141909,66,"Sockeye",-0.229635961226243,-0.234943120676997,-0.229231546385879
2007,9.77340014491762,0.394277422716239,66,"Sockeye",-0.19207748492032,-0.199546786532986,-0.193365439976555
2008,8.84271545069558,-0.536407271505801,66,"Sockeye",-1.15068384141077,-1.16040630879468,-1.15371304381744
2009,9.3261815224375,-0.0529411997638811,66,"Sockeye",-0.695139431937256,-0.707206364109,-0.699954538250143
2010,8.7755502973284,-0.603572424872981,66,"Sockeye",-1.27369231931476,-1.28819529153144,-1.28033373048775
2011,8.79622475590025,-0.582897966301137,66,"Sockeye",-1.28093952301132,-1.29797038760638,-1.28944337939612
2012,8.07994415930339,-1.29917856289799,66,"Sockeye",-2.02514178187659,-2.04479266909816,-2.03553999090678
2013,9.57889751025609,0.199774788054703,66,"Sockeye",-0.554110093192296,-0.576473412044065,-0.566430392933146
2014,11.1077122177396,1.72858949553826,66,"Sockeye",0.946782952022807,0.921614512938181,0.93251689007235
2015,10.6657286030906,1.28660588088918,66,"Sockeye",0.476877675105399,0.448811146740292,0.460646100364032
2016,12.4490383182253,3.06991559602393,66,"Sockeye",2.23226572797169,2.201207859985,2.21405261847564
2017,10.8698065195765,1.49068379737509,66,"Sockeye",0.625112267054485,0.590969526960505,0.604905086489488
2018,10.5564527170999,1.17732999489849,66,"Sockeye",0.283836802309477,0.246515374624252,0.261626202146932
2019,12.1273260797773,2.74820335757592,66,"Sockeye",1.82678850271847,1.78619428810351,1.80256796501728
2020,11.0703509109361,1.6912281887347,66,"Sockeye",0.741891671608862,0.69793028601231,0.715657087837032
2021,10.2803920933178,0.901269371116464,66,"Sockeye",-0.0759888082778445,-0.12341203448266,-0.104239627251552
2022,9.55510640144348,0.175983679242093,66,"Sockeye",-0.829196162420573,-0.880176185299208,-0.859464050211979
1950,8.44958323666028,-0.548550904817777,69,"Sockeye",0.505389344508787,0.479114735822853,0.505389343946641
1951,8.04623670237405,-0.951897439104001,69,"Sockeye",0.0727666921858412,0.0494167661600358,0.0727666916610303
1952,6.8671697058848,-2.13096443559326,69,"Sockeye",-1.13557642234026,-1.1560887870772,-1.13557642282762
1953,9.38483789137432,0.386703749896263,69,"Sockeye",1.35281564511241,1.33505343225804,1.35281564466246
1954,8.249367415905,-0.748766725573058,69,"Sockeye",0.188069051606234,0.172969292240948,0.188069051193628
1955,7.95400782142367,-1.04412632005439,69,"Sockeye",-0.136566660911949,-0.14909195512428,-0.136566661287339
1956,9.09203969580787,0.0939055543298156,69,"Sockeye",0.972189095435398,0.9621499871387,0.972189095097049
1957,9.34219424213682,0.344060100658766,69,"Sockeye",1.1930675237275,1.18542603024613,1.19306752342596
1958,8.79615189347948,-0.20198224799857,69,"Sockeye",0.617749057033304,0.61241631443905,0.617749056768275
1959,7.98888559852327,-1.00924854295478,69,"Sockeye",-0.21879335595976,-0.221906505391141,-0.218793356188643
1960,8.70142024755478,-0.296713893923274,69,"Sockeye",0.464465175034898,0.463482166274776,0.46446517484172
1961,7.852315813303,-1.14581832817506,69,"Sockeye",-0.413915377253735,-0.412857993576126,-0.413915377411722
1962,8.02198575224195,-0.976148389236105,69,"Sockeye",-0.273521556351638,-0.270513825189481,-0.273521556475027
1963,8.24024294529642,-0.757891196181629,69,"Sockeye",-0.0845404813340211,-0.0796727453411705,-0.0845404814234847
1964,8.04047232866287,-0.957661812815179,69,"Sockeye",-0.313587216004422,-0.306950116519641,-0.313587216060711
1965,7.67166543858392,-1.32646870289414,69,"Sockeye",-0.711670224120225,-0.703354702154657,-0.711670224144168
1966,8.47897702455521,-0.519157116922847,69,"Sockeye",0.0663652438142116,0.0762679465862668,0.0663652438217071
1967,9.71318420342037,0.715050061942312,69,"Sockeye",1.27129630464252,1.28269464488957,1.27129630468047
1968,8.93699608530317,-0.061138056174884,69,"Sockeye",0.465832068488466,0.478634200224523,0.465832068555807
1969,9.06592965126037,0.0677955097823208,69,"Sockeye",0.565489516408815,0.579603289992772,0.565489516504414
1970,8.14554377964565,-0.852590361832407,69,"Sockeye",-0.38417247324276,-0.368839512111062,-0.38417247312011
1971,6.72478373987334,-2.27335040160471,69,"Sockeye",-1.83420863105192,-1.81774924233892,-1.8342086309035
1972,7.07004969460624,-1.92808444687182,69,"Sockeye",-1.51821879435587,-1.50072604470486,-1.51821879418301
1973,8.0751354268619,-0.922998714616153,69,"Sockeye",-0.542409180137067,-0.52397644388213,-0.542409179941169
1974,9.13480555159705,0.136671410118993,69,"Sockeye",0.487984826561231,0.507263866377979,0.487984826778703
1975,7.78145870992116,-1.2166754315569,69,"Sockeye",-0.894638133151512,-0.874606782543746,-0.894638132913983
1976,7.86865278652736,-1.12948135495069,69,"Sockeye",-0.836720174582165,-0.816030816706858,-0.836720174326146
1977,9.6073716878891,0.609237546411049,69,"Sockeye",0.872722608742722,0.89397535858204,0.872722609015614
1978,8.43563896417618,-0.562495177301873,69,"Sockeye",-0.32828623300705,-0.306565019318111,-0.328286232718943
1979,9.49038127490452,0.492247133426471,69,"Sockeye",0.697179959684437,0.71927439526355,0.697179959986062
1980,7.86550259590149,-1.13263154557656,69,"Sockeye",-0.956974837355445,-0.934602736728251,-0.956974837042034
1981,9.85855423552649,0.86042009404844,69,"Sockeye",1.0068006842327,1.02935457714217,1.00680068455614
1982,7.27986118623189,-1.71827295524617,69,"Sockeye",-1.60116848309875,-1.57852898764102,-1.60116848276708
1983,10.2005473545619,1.20241321308389,69,"Sockeye",1.29024156719441,1.31287015745029,1.29024156753251
1984,9.28147439445768,0.283340252979628,69,"Sockeye",0.341892489053334,0.364413347289689,0.34189248939604
1985,7.73928895166942,-1.25884518980863,69,"Sockeye",-1.22956907177178,-1.20725309249504,-1.22956907142631
1986,7.79501189504351,-1.20312224643455,69,"Sockeye",-1.20312224643454,-1.18110861423827,-1.20312224608815
1987,9.6301674927984,0.632033351320343,69,"Sockeye",0.602757233283496,0.624370728035775,0.602757233628967
1988,9.4638523033687,0.465718161890649,69,"Sockeye",0.407165925816943,0.428281169453697,0.407165926159649
1989,9.20204952784947,0.203915386371416,69,"Sockeye",0.11608703226086,0.136605586733619,0.116087032598964
1990,9.06634788853782,0.0682137470597679,69,"Sockeye",-0.0488907250876424,-0.0290676232767133,-0.0488907247559656
1991,9.65995606354305,0.661821922064995,69,"Sockeye",0.515441331880734,0.534469891006674,0.515441332204174
1992,8.59533547503607,-0.40279866644198,69,"Sockeye",-0.578455374663098,-0.560320775850188,-0.578455374349682
1993,9.46854998384203,0.470415842363974,69,"Sockeye",0.265483016106009,0.282623908289855,0.265483016407639
1994,8.82304790190288,-0.175086239575171,69,"Sockeye",-0.409295183869992,-0.393248074405895,-0.409295183581881
1995,9.53082661117826,0.532692469700212,69,"Sockeye",0.269207407368534,0.284060327157245,0.269207407641431
1996,8.80342853069305,-0.194705610785,69,"Sockeye",-0.487466791153527,-0.47390879995468,-0.487466790897503
1997,10.4671100122588,1.46897587078075,69,"Sockeye",1.14693857237537,1.15910056301356,1.1469385726129
1998,9.55165603331158,0.553521891833525,69,"Sockeye",0.202208475391297,0.212873059340575,0.202208475608778
1999,8.27807993548257,-0.720054205995486,69,"Sockeye",-1.10064374047457,-1.0915783046047,-1.10064374027866
2000,8.87943887710572,-0.118695264372336,69,"Sockeye",-0.528560916888269,-0.521196706858944,-0.528560916715396
2001,9.37900704145431,0.380872899976256,69,"Sockeye",-0.0582688705765315,-0.0527083016316254,-0.0582688704280958
2002,10.4719330413001,1.47379889982204,69,"Sockeye",1.00538101123241,1.00903518525051,1.00538101135506
2003,10.1496416330338,1.1515074915557,69,"Sockeye",0.653813484929254,0.65545817046023,0.653813485024862
2004,9.9583432674408,0.960209125962744,69,"Sockeye",0.4332390012994,0.432770763941818,0.433239001366751
2005,10.721179332052,1.72304519057391,69,"Sockeye",1.16679894787375,1.16411401125819,1.16679894791171
2006,9.38263399260384,0.384499851125792,69,"Sockeye",-0.201022509611265,-0.206028264952755,-0.201022509603757
2007,9.40648072957992,0.408346588101871,69,"Sockeye",-0.206451890672037,-0.213882928440324,-0.206451890695966
2008,8.41257807186672,-0.585556069611336,69,"Sockeye",-1.22963066642209,-1.23959179568902,-1.22963066647836
2009,8.85748018537249,-0.140653956105564,69,"Sockeye",-0.814004670953173,-0.826601047303381,-0.814004671042623
2010,8.38874053103583,-0.609393610442221,69,"Sockeye",-1.31202044332668,-1.32735757000326,-1.31202044345006
2011,8.39478468894959,-0.603349452528467,69,"Sockeye",-1.33525240344978,-1.35343613250365,-1.33525240360775
2012,7.69350842067174,-1.30462572080632,69,"Sockeye",-2.06580478976448,-2.08694132320761,-2.06580478995764
2013,9.15649546044214,0.158361318964082,69,"Sockeye",-0.632093868030934,-0.656289758993355,-0.632093868259799
2014,10.8073520575251,1.80921791604703,69,"Sockeye",0.989486611015173,0.962124457124521,0.989486610750163
2015,10.3279846736363,1.32985053215825,69,"Sockeye",0.480843109089521,0.450207433418123,0.480843108787999
2016,12.2042527965137,3.20611865503564,69,"Sockeye",2.32783511393007,2.29381830301329,2.32783511359174
2017,10.5079850213868,1.50985087990877,69,"Sockeye",0.602291220766316,0.564785305354983,0.602291220390944
2018,10.2772250516074,1.27909091012935,69,"Sockeye",0.342255132950064,0.301151786834252,0.342255132537476
2019,11.8078905344009,2.80975639292289,69,"Sockeye",1.84364449770671,1.79883503653553,1.84364449725679
2020,10.8043568219457,1.80622268046768,69,"Sockeye",0.810834667214658,0.762210047312216,0.81083466672732
2021,10.0431012766702,1.04496713519213,69,"Sockeye",0.0203030039023052,-0.0322461789202659,0.0203030033775153
2022,9.04326513835362,0.0451309968755644,69,"Sockeye",-1.00880925245113,-1.06539276408759,-1.00880925301339
