"Year","sst_raw","sst_anomaly","Stock.ID","Species"
1950,10.4996659415109,-1.46223188543039,20,"Sockeye"
1951,11.1057878562382,-0.856109970703053,20,"Sockeye"
1952,11.2297064917428,-0.732191335198469,20,"Sockeye"
1953,11.7735470363072,-0.188350790634076,20,"Sockeye"
1954,11.2220627239772,-0.739835102964053,20,"Sockeye"
1955,10.8908667564392,-1.07103107050207,20,"Sockeye"
1956,11.8710631643023,-0.090834662639003,20,"Sockeye"
1957,12.3478749820164,0.385977155075146,20,"Sockeye"
1958,13.2306014469692,1.26870362002788,20,"Sockeye"
1959,11.9623036384583,0.000405811516978335,20,"Sockeye"
1960,11.8328381947109,-0.129059632230399,20,"Sockeye"
1961,12.305883373533,0.343985546591695,20,"Sockeye"
1962,11.8123912811279,-0.149506545813355,20,"Sockeye"
1963,12.5906221185412,0.62872429159989,20,"Sockeye"
1964,11.2862903390612,-0.675607487880084,20,"Sockeye"
1965,10.9103071689606,-1.05159065798071,20,"Sockeye"
1966,11.7131859234401,-0.248711903501167,20,"Sockeye"
1967,11.7375418458666,-0.224355981074658,20,"Sockeye"
1968,11.540483048984,-0.421414777957299,20,"Sockeye"
1969,11.3890583515167,-0.572839475424555,20,"Sockeye"
1970,11.3427294322423,-0.619168394699027,20,"Sockeye"
1971,10.7318995850427,-1.22999824189861,20,"Sockeye"
1972,11.3774076529912,-0.584490173950117,20,"Sockeye"
1973,11.5920849187034,-0.369812908237926,20,"Sockeye"
1974,11.3970979281834,-0.564799898757867,20,"Sockeye"
1975,11.243363073894,-0.71853475304732,20,"Sockeye"
1976,11.1267367090498,-0.835161117891516,20,"Sockeye"
1977,11.6366580554417,-0.325239771499567,20,"Sockeye"
1978,12.2922778470176,0.330380020076278,20,"Sockeye"
1979,11.8755671977997,-0.0863306291416018,20,"Sockeye"
1980,12.0313435622624,0.0694457353211179,20,"Sockeye"
1981,11.8230538708823,-0.138843956058968,20,"Sockeye"
1982,11.316054889134,-0.645842937807279,20,"Sockeye"
1983,12.8505603585924,0.88866253165116,20,"Sockeye"
1984,11.4281222139086,-0.533775613032677,20,"Sockeye"
1985,11.7059590135302,-0.255938813411089,20,"Sockeye"
1986,11.8420831475939,-0.119814679347369,20,"Sockeye"
1987,12.0379387991769,0.0760409722356167,20,"Sockeye"
1988,11.8831453323364,-0.0787524946048481,20,"Sockeye"
1989,12.4161183834076,0.454220556466312,20,"Sockeye"
1990,12.346659387861,0.384761560919704,20,"Sockeye"
1991,11.7161757264818,-0.245722100459438,20,"Sockeye"
1992,13.0729782581329,1.11108043119166,20,"Sockeye"
1993,12.8549053668976,0.893007539956306,20,"Sockeye"
1994,12.503628219877,0.541730392935693,20,"Sockeye"
1995,12.9392278535026,0.977330026561271,20,"Sockeye"
1996,11.9836242539542,0.021726427012932,20,"Sockeye"
1997,12.9424164295197,0.980518602578381,20,"Sockeye"
1998,12.9769259861537,1.01502815921246,20,"Sockeye"
1999,11.250898872103,-0.710998954838269,20,"Sockeye"
2000,12.3161041736603,0.354206346719001,20,"Sockeye"
2001,11.5436230387007,-0.418274788240626,20,"Sockeye"
2002,11.5603755882808,-0.401522238660462,20,"Sockeye"
2003,12.6575793879373,0.695681560995998,20,"Sockeye"
2004,13.1624470778874,1.20054925094612,20,"Sockeye"
2005,12.980352810451,1.01845498350969,20,"Sockeye"
2006,12.0542481967381,0.0923503697968294,20,"Sockeye"
2007,11.8347712584904,-0.127126568450855,20,"Sockeye"
2008,10.64023906844,-1.32165875850126,20,"Sockeye"
2009,11.2573212725776,-0.704576554363727,20,"Sockeye"
2010,11.9152426719666,-0.0466551549747182,20,"Sockeye"
2011,11.8752462182726,-0.0866516086686679,20,"Sockeye"
2012,11.8035734721592,-0.158324354782035,20,"Sockeye"
2013,12.2663142340524,0.304416407111107,20,"Sockeye"
2014,12.4263485499791,0.464450723037802,20,"Sockeye"
2015,13.337228843144,1.37533101620273,20,"Sockeye"
2016,13.3842803069523,1.42238248001106,20,"Sockeye"
2017,12.4948841503688,0.532986323427544,20,"Sockeye"
2018,12.817697252546,0.85579942560476,20,"Sockeye"
2019,12.7330683299473,0.771170503006045,20,"Sockeye"
2020,12.4238950525011,0.461997225559856,20,"Sockeye"
2021,12.1238240173885,0.161926190447201,20,"Sockeye"
2022,11.8201523848942,-0.141745442047047,20,"Sockeye"
2023,12.1330858639308,0.171188036989567,20,"Sockeye"
2024,12.4294668265751,0.46756899963386,20,"Sockeye"
2025,12.2019951343536,0.24009730741236,20,"Sockeye"
1950,10.4996659415109,-1.46223188543039,14,"Sockeye"
1951,11.1057878562382,-0.856109970703053,14,"Sockeye"
1952,11.2297064917428,-0.732191335198469,14,"Sockeye"
1953,11.7735470363072,-0.188350790634076,14,"Sockeye"
1954,11.2220627239772,-0.739835102964053,14,"Sockeye"
1955,10.8908667564392,-1.07103107050207,14,"Sockeye"
1956,11.8710631643023,-0.090834662639003,14,"Sockeye"
1957,12.3478749820164,0.385977155075146,14,"Sockeye"
1958,13.2306014469692,1.26870362002788,14,"Sockeye"
1959,11.9623036384583,0.000405811516978335,14,"Sockeye"
1960,11.8328381947109,-0.129059632230399,14,"Sockeye"
1961,12.305883373533,0.343985546591695,14,"Sockeye"
1962,11.8123912811279,-0.149506545813355,14,"Sockeye"
1963,12.5906221185412,0.62872429159989,14,"Sockeye"
1964,11.2862903390612,-0.675607487880084,14,"Sockeye"
1965,10.9103071689606,-1.05159065798071,14,"Sockeye"
1966,11.7131859234401,-0.248711903501167,14,"Sockeye"
1967,11.7375418458666,-0.224355981074658,14,"Sockeye"
1968,11.540483048984,-0.421414777957299,14,"Sockeye"
1969,11.3890583515167,-0.572839475424555,14,"Sockeye"
1970,11.3427294322423,-0.619168394699027,14,"Sockeye"
1971,10.7318995850427,-1.22999824189861,14,"Sockeye"
1972,11.3774076529912,-0.584490173950117,14,"Sockeye"
1973,11.5920849187034,-0.369812908237926,14,"Sockeye"
1974,11.3970979281834,-0.564799898757867,14,"Sockeye"
1975,11.243363073894,-0.71853475304732,14,"Sockeye"
1976,11.1267367090498,-0.835161117891516,14,"Sockeye"
1977,11.6366580554417,-0.325239771499567,14,"Sockeye"
1978,12.2922778470176,0.330380020076278,14,"Sockeye"
1979,11.8755671977997,-0.0863306291416018,14,"Sockeye"
1980,12.0313435622624,0.0694457353211179,14,"Sockeye"
1981,11.8230538708823,-0.138843956058968,14,"Sockeye"
1982,11.316054889134,-0.645842937807279,14,"Sockeye"
1983,12.8505603585924,0.88866253165116,14,"Sockeye"
1984,11.4281222139086,-0.533775613032677,14,"Sockeye"
1985,11.7059590135302,-0.255938813411089,14,"Sockeye"
1986,11.8420831475939,-0.119814679347369,14,"Sockeye"
1987,12.0379387991769,0.0760409722356167,14,"Sockeye"
1988,11.8831453323364,-0.0787524946048481,14,"Sockeye"
1989,12.4161183834076,0.454220556466312,14,"Sockeye"
1990,12.346659387861,0.384761560919704,14,"Sockeye"
1991,11.7161757264818,-0.245722100459438,14,"Sockeye"
1992,13.0729782581329,1.11108043119166,14,"Sockeye"
1993,12.8549053668976,0.893007539956306,14,"Sockeye"
1994,12.503628219877,0.541730392935693,14,"Sockeye"
1995,12.9392278535026,0.977330026561271,14,"Sockeye"
1996,11.9836242539542,0.021726427012932,14,"Sockeye"
1997,12.9424164295197,0.980518602578381,14,"Sockeye"
1998,12.9769259861537,1.01502815921246,14,"Sockeye"
1999,11.250898872103,-0.710998954838269,14,"Sockeye"
2000,12.3161041736603,0.354206346719001,14,"Sockeye"
2001,11.5436230387007,-0.418274788240626,14,"Sockeye"
2002,11.5603755882808,-0.401522238660462,14,"Sockeye"
2003,12.6575793879373,0.695681560995998,14,"Sockeye"
2004,13.1624470778874,1.20054925094612,14,"Sockeye"
2005,12.980352810451,1.01845498350969,14,"Sockeye"
2006,12.0542481967381,0.0923503697968294,14,"Sockeye"
2007,11.8347712584904,-0.127126568450855,14,"Sockeye"
2008,10.64023906844,-1.32165875850126,14,"Sockeye"
2009,11.2573212725776,-0.704576554363727,14,"Sockeye"
2010,11.9152426719666,-0.0466551549747182,14,"Sockeye"
2011,11.8752462182726,-0.0866516086686679,14,"Sockeye"
2012,11.8035734721592,-0.158324354782035,14,"Sockeye"
2013,12.2663142340524,0.304416407111107,14,"Sockeye"
2014,12.4263485499791,0.464450723037802,14,"Sockeye"
2015,13.337228843144,1.37533101620273,14,"Sockeye"
2016,13.3842803069523,1.42238248001106,14,"Sockeye"
2017,12.4948841503688,0.532986323427544,14,"Sockeye"
2018,12.817697252546,0.85579942560476,14,"Sockeye"
2019,12.7330683299473,0.771170503006045,14,"Sockeye"
2020,12.4238950525011,0.461997225559856,14,"Sockeye"
2021,12.1238240173885,0.161926190447201,14,"Sockeye"
2022,11.8201523848942,-0.141745442047047,14,"Sockeye"
2023,12.1330858639308,0.171188036989567,14,"Sockeye"
2024,12.4294668265751,0.46756899963386,14,"Sockeye"
2025,12.2019951343536,0.24009730741236,14,"Sockeye"
1950,10.4996659415109,-1.46223188543039,17,"Sockeye"
1951,11.1057878562382,-0.856109970703053,17,"Sockeye"
1952,11.2297064917428,-0.732191335198469,17,"Sockeye"
1953,11.7735470363072,-0.188350790634076,17,"Sockeye"
1954,11.2220627239772,-0.739835102964053,17,"Sockeye"
1955,10.8908667564392,-1.07103107050207,17,"Sockeye"
1956,11.8710631643023,-0.090834662639003,17,"Sockeye"
1957,12.3478749820164,0.385977155075146,17,"Sockeye"
1958,13.2306014469692,1.26870362002788,17,"Sockeye"
1959,11.9623036384583,0.000405811516978335,17,"Sockeye"
1960,11.8328381947109,-0.129059632230399,17,"Sockeye"
1961,12.305883373533,0.343985546591695,17,"Sockeye"
1962,11.8123912811279,-0.149506545813355,17,"Sockeye"
1963,12.5906221185412,0.62872429159989,17,"Sockeye"
1964,11.2862903390612,-0.675607487880084,17,"Sockeye"
1965,10.9103071689606,-1.05159065798071,17,"Sockeye"
1966,11.7131859234401,-0.248711903501167,17,"Sockeye"
1967,11.7375418458666,-0.224355981074658,17,"Sockeye"
1968,11.540483048984,-0.421414777957299,17,"Sockeye"
1969,11.3890583515167,-0.572839475424555,17,"Sockeye"
1970,11.3427294322423,-0.619168394699027,17,"Sockeye"
1971,10.7318995850427,-1.22999824189861,17,"Sockeye"
1972,11.3774076529912,-0.584490173950117,17,"Sockeye"
1973,11.5920849187034,-0.369812908237926,17,"Sockeye"
1974,11.3970979281834,-0.564799898757867,17,"Sockeye"
1975,11.243363073894,-0.71853475304732,17,"Sockeye"
1976,11.1267367090498,-0.835161117891516,17,"Sockeye"
1977,11.6366580554417,-0.325239771499567,17,"Sockeye"
1978,12.2922778470176,0.330380020076278,17,"Sockeye"
1979,11.8755671977997,-0.0863306291416018,17,"Sockeye"
1980,12.0313435622624,0.0694457353211179,17,"Sockeye"
1981,11.8230538708823,-0.138843956058968,17,"Sockeye"
1982,11.316054889134,-0.645842937807279,17,"Sockeye"
1983,12.8505603585924,0.88866253165116,17,"Sockeye"
1984,11.4281222139086,-0.533775613032677,17,"Sockeye"
1985,11.7059590135302,-0.255938813411089,17,"Sockeye"
1986,11.8420831475939,-0.119814679347369,17,"Sockeye"
1987,12.0379387991769,0.0760409722356167,17,"Sockeye"
1988,11.8831453323364,-0.0787524946048481,17,"Sockeye"
1989,12.4161183834076,0.454220556466312,17,"Sockeye"
1990,12.346659387861,0.384761560919704,17,"Sockeye"
1991,11.7161757264818,-0.245722100459438,17,"Sockeye"
1992,13.0729782581329,1.11108043119166,17,"Sockeye"
1993,12.8549053668976,0.893007539956306,17,"Sockeye"
1994,12.503628219877,0.541730392935693,17,"Sockeye"
1995,12.9392278535026,0.977330026561271,17,"Sockeye"
1996,11.9836242539542,0.021726427012932,17,"Sockeye"
1997,12.9424164295197,0.980518602578381,17,"Sockeye"
1998,12.9769259861537,1.01502815921246,17,"Sockeye"
1999,11.250898872103,-0.710998954838269,17,"Sockeye"
2000,12.3161041736603,0.354206346719001,17,"Sockeye"
2001,11.5436230387007,-0.418274788240626,17,"Sockeye"
2002,11.5603755882808,-0.401522238660462,17,"Sockeye"
2003,12.6575793879373,0.695681560995998,17,"Sockeye"
2004,13.1624470778874,1.20054925094612,17,"Sockeye"
2005,12.980352810451,1.01845498350969,17,"Sockeye"
2006,12.0542481967381,0.0923503697968294,17,"Sockeye"
2007,11.8347712584904,-0.127126568450855,17,"Sockeye"
2008,10.64023906844,-1.32165875850126,17,"Sockeye"
2009,11.2573212725776,-0.704576554363727,17,"Sockeye"
2010,11.9152426719666,-0.0466551549747182,17,"Sockeye"
2011,11.8752462182726,-0.0866516086686679,17,"Sockeye"
2012,11.8035734721592,-0.158324354782035,17,"Sockeye"
2013,12.2663142340524,0.304416407111107,17,"Sockeye"
2014,12.4263485499791,0.464450723037802,17,"Sockeye"
2015,13.337228843144,1.37533101620273,17,"Sockeye"
2016,13.3842803069523,1.42238248001106,17,"Sockeye"
2017,12.4948841503688,0.532986323427544,17,"Sockeye"
2018,12.817697252546,0.85579942560476,17,"Sockeye"
2019,12.7330683299473,0.771170503006045,17,"Sockeye"
2020,12.4238950525011,0.461997225559856,17,"Sockeye"
2021,12.1238240173885,0.161926190447201,17,"Sockeye"
2022,11.8201523848942,-0.141745442047047,17,"Sockeye"
2023,12.1330858639308,0.171188036989567,17,"Sockeye"
2024,12.4294668265751,0.46756899963386,17,"Sockeye"
2025,12.2019951343536,0.24009730741236,17,"Sockeye"
1950,10.4996659415109,-1.46223188543039,21,"Sockeye"
1951,11.1057878562382,-0.856109970703053,21,"Sockeye"
1952,11.2297064917428,-0.732191335198469,21,"Sockeye"
1953,11.7735470363072,-0.188350790634076,21,"Sockeye"
1954,11.2220627239772,-0.739835102964053,21,"Sockeye"
1955,10.8908667564392,-1.07103107050207,21,"Sockeye"
1956,11.8710631643023,-0.090834662639003,21,"Sockeye"
1957,12.3478749820164,0.385977155075146,21,"Sockeye"
1958,13.2306014469692,1.26870362002788,21,"Sockeye"
1959,11.9623036384583,0.000405811516978335,21,"Sockeye"
1960,11.8328381947109,-0.129059632230399,21,"Sockeye"
1961,12.305883373533,0.343985546591695,21,"Sockeye"
1962,11.8123912811279,-0.149506545813355,21,"Sockeye"
1963,12.5906221185412,0.62872429159989,21,"Sockeye"
1964,11.2862903390612,-0.675607487880084,21,"Sockeye"
1965,10.9103071689606,-1.05159065798071,21,"Sockeye"
1966,11.7131859234401,-0.248711903501167,21,"Sockeye"
1967,11.7375418458666,-0.224355981074658,21,"Sockeye"
1968,11.540483048984,-0.421414777957299,21,"Sockeye"
1969,11.3890583515167,-0.572839475424555,21,"Sockeye"
1970,11.3427294322423,-0.619168394699027,21,"Sockeye"
1971,10.7318995850427,-1.22999824189861,21,"Sockeye"
1972,11.3774076529912,-0.584490173950117,21,"Sockeye"
1973,11.5920849187034,-0.369812908237926,21,"Sockeye"
1974,11.3970979281834,-0.564799898757867,21,"Sockeye"
1975,11.243363073894,-0.71853475304732,21,"Sockeye"
1976,11.1267367090498,-0.835161117891516,21,"Sockeye"
1977,11.6366580554417,-0.325239771499567,21,"Sockeye"
1978,12.2922778470176,0.330380020076278,21,"Sockeye"
1979,11.8755671977997,-0.0863306291416018,21,"Sockeye"
1980,12.0313435622624,0.0694457353211179,21,"Sockeye"
1981,11.8230538708823,-0.138843956058968,21,"Sockeye"
1982,11.316054889134,-0.645842937807279,21,"Sockeye"
1983,12.8505603585924,0.88866253165116,21,"Sockeye"
1984,11.4281222139086,-0.533775613032677,21,"Sockeye"
1985,11.7059590135302,-0.255938813411089,21,"Sockeye"
1986,11.8420831475939,-0.119814679347369,21,"Sockeye"
1987,12.0379387991769,0.0760409722356167,21,"Sockeye"
1988,11.8831453323364,-0.0787524946048481,21,"Sockeye"
1989,12.4161183834076,0.454220556466312,21,"Sockeye"
1990,12.346659387861,0.384761560919704,21,"Sockeye"
1991,11.7161757264818,-0.245722100459438,21,"Sockeye"
1992,13.0729782581329,1.11108043119166,21,"Sockeye"
1993,12.8549053668976,0.893007539956306,21,"Sockeye"
1994,12.503628219877,0.541730392935693,21,"Sockeye"
1995,12.9392278535026,0.977330026561271,21,"Sockeye"
1996,11.9836242539542,0.021726427012932,21,"Sockeye"
1997,12.9424164295197,0.980518602578381,21,"Sockeye"
1998,12.9769259861537,1.01502815921246,21,"Sockeye"
1999,11.250898872103,-0.710998954838269,21,"Sockeye"
2000,12.3161041736603,0.354206346719001,21,"Sockeye"
2001,11.5436230387007,-0.418274788240626,21,"Sockeye"
2002,11.5603755882808,-0.401522238660462,21,"Sockeye"
2003,12.6575793879373,0.695681560995998,21,"Sockeye"
2004,13.1624470778874,1.20054925094612,21,"Sockeye"
2005,12.980352810451,1.01845498350969,21,"Sockeye"
2006,12.0542481967381,0.0923503697968294,21,"Sockeye"
2007,11.8347712584904,-0.127126568450855,21,"Sockeye"
2008,10.64023906844,-1.32165875850126,21,"Sockeye"
2009,11.2573212725776,-0.704576554363727,21,"Sockeye"
2010,11.9152426719666,-0.0466551549747182,21,"Sockeye"
2011,11.8752462182726,-0.0866516086686679,21,"Sockeye"
2012,11.8035734721592,-0.158324354782035,21,"Sockeye"
2013,12.2663142340524,0.304416407111107,21,"Sockeye"
2014,12.4263485499791,0.464450723037802,21,"Sockeye"
2015,13.337228843144,1.37533101620273,21,"Sockeye"
2016,13.3842803069523,1.42238248001106,21,"Sockeye"
2017,12.4948841503688,0.532986323427544,21,"Sockeye"
2018,12.817697252546,0.85579942560476,21,"Sockeye"
2019,12.7330683299473,0.771170503006045,21,"Sockeye"
2020,12.4238950525011,0.461997225559856,21,"Sockeye"
2021,12.1238240173885,0.161926190447201,21,"Sockeye"
2022,11.8201523848942,-0.141745442047047,21,"Sockeye"
2023,12.1330858639308,0.171188036989567,21,"Sockeye"
2024,12.4294668265751,0.46756899963386,21,"Sockeye"
2025,12.2019951343536,0.24009730741236,21,"Sockeye"
1950,10.4996659415109,-1.46223188543039,11,"Sockeye"
1951,11.1057878562382,-0.856109970703053,11,"Sockeye"
1952,11.2297064917428,-0.732191335198469,11,"Sockeye"
1953,11.7735470363072,-0.188350790634076,11,"Sockeye"
1954,11.2220627239772,-0.739835102964053,11,"Sockeye"
1955,10.8908667564392,-1.07103107050207,11,"Sockeye"
1956,11.8710631643023,-0.090834662639003,11,"Sockeye"
1957,12.3478749820164,0.385977155075146,11,"Sockeye"
1958,13.2306014469692,1.26870362002788,11,"Sockeye"
1959,11.9623036384583,0.000405811516978335,11,"Sockeye"
1960,11.8328381947109,-0.129059632230399,11,"Sockeye"
1961,12.305883373533,0.343985546591695,11,"Sockeye"
1962,11.8123912811279,-0.149506545813355,11,"Sockeye"
1963,12.5906221185412,0.62872429159989,11,"Sockeye"
1964,11.2862903390612,-0.675607487880084,11,"Sockeye"
1965,10.9103071689606,-1.05159065798071,11,"Sockeye"
1966,11.7131859234401,-0.248711903501167,11,"Sockeye"
1967,11.7375418458666,-0.224355981074658,11,"Sockeye"
1968,11.540483048984,-0.421414777957299,11,"Sockeye"
1969,11.3890583515167,-0.572839475424555,11,"Sockeye"
1970,11.3427294322423,-0.619168394699027,11,"Sockeye"
1971,10.7318995850427,-1.22999824189861,11,"Sockeye"
1972,11.3774076529912,-0.584490173950117,11,"Sockeye"
1973,11.5920849187034,-0.369812908237926,11,"Sockeye"
1974,11.3970979281834,-0.564799898757867,11,"Sockeye"
1975,11.243363073894,-0.71853475304732,11,"Sockeye"
1976,11.1267367090498,-0.835161117891516,11,"Sockeye"
1977,11.6366580554417,-0.325239771499567,11,"Sockeye"
1978,12.2922778470176,0.330380020076278,11,"Sockeye"
1979,11.8755671977997,-0.0863306291416018,11,"Sockeye"
1980,12.0313435622624,0.0694457353211179,11,"Sockeye"
1981,11.8230538708823,-0.138843956058968,11,"Sockeye"
1982,11.316054889134,-0.645842937807279,11,"Sockeye"
1983,12.8505603585924,0.88866253165116,11,"Sockeye"
1984,11.4281222139086,-0.533775613032677,11,"Sockeye"
1985,11.7059590135302,-0.255938813411089,11,"Sockeye"
1986,11.8420831475939,-0.119814679347369,11,"Sockeye"
1987,12.0379387991769,0.0760409722356167,11,"Sockeye"
1988,11.8831453323364,-0.0787524946048481,11,"Sockeye"
1989,12.4161183834076,0.454220556466312,11,"Sockeye"
1990,12.346659387861,0.384761560919704,11,"Sockeye"
1991,11.7161757264818,-0.245722100459438,11,"Sockeye"
1992,13.0729782581329,1.11108043119166,11,"Sockeye"
1993,12.8549053668976,0.893007539956306,11,"Sockeye"
1994,12.503628219877,0.541730392935693,11,"Sockeye"
1995,12.9392278535026,0.977330026561271,11,"Sockeye"
1996,11.9836242539542,0.021726427012932,11,"Sockeye"
1997,12.9424164295197,0.980518602578381,11,"Sockeye"
1998,12.9769259861537,1.01502815921246,11,"Sockeye"
1999,11.250898872103,-0.710998954838269,11,"Sockeye"
2000,12.3161041736603,0.354206346719001,11,"Sockeye"
2001,11.5436230387007,-0.418274788240626,11,"Sockeye"
2002,11.5603755882808,-0.401522238660462,11,"Sockeye"
2003,12.6575793879373,0.695681560995998,11,"Sockeye"
2004,13.1624470778874,1.20054925094612,11,"Sockeye"
2005,12.980352810451,1.01845498350969,11,"Sockeye"
2006,12.0542481967381,0.0923503697968294,11,"Sockeye"
2007,11.8347712584904,-0.127126568450855,11,"Sockeye"
2008,10.64023906844,-1.32165875850126,11,"Sockeye"
2009,11.2573212725776,-0.704576554363727,11,"Sockeye"
2010,11.9152426719666,-0.0466551549747182,11,"Sockeye"
2011,11.8752462182726,-0.0866516086686679,11,"Sockeye"
2012,11.8035734721592,-0.158324354782035,11,"Sockeye"
2013,12.2663142340524,0.304416407111107,11,"Sockeye"
2014,12.4263485499791,0.464450723037802,11,"Sockeye"
2015,13.337228843144,1.37533101620273,11,"Sockeye"
2016,13.3842803069523,1.42238248001106,11,"Sockeye"
2017,12.4948841503688,0.532986323427544,11,"Sockeye"
2018,12.817697252546,0.85579942560476,11,"Sockeye"
2019,12.7330683299473,0.771170503006045,11,"Sockeye"
2020,12.4238950525011,0.461997225559856,11,"Sockeye"
2021,12.1238240173885,0.161926190447201,11,"Sockeye"
2022,11.8201523848942,-0.141745442047047,11,"Sockeye"
2023,12.1330858639308,0.171188036989567,11,"Sockeye"
2024,12.4294668265751,0.46756899963386,11,"Sockeye"
2025,12.2019951343536,0.24009730741236,11,"Sockeye"
1950,10.4996659415109,-1.46223188543039,26,"Sockeye"
1951,11.1057878562382,-0.856109970703053,26,"Sockeye"
1952,11.2297064917428,-0.732191335198469,26,"Sockeye"
1953,11.7735470363072,-0.188350790634076,26,"Sockeye"
1954,11.2220627239772,-0.739835102964053,26,"Sockeye"
1955,10.8908667564392,-1.07103107050207,26,"Sockeye"
1956,11.8710631643023,-0.090834662639003,26,"Sockeye"
1957,12.3478749820164,0.385977155075146,26,"Sockeye"
1958,13.2306014469692,1.26870362002788,26,"Sockeye"
1959,11.9623036384583,0.000405811516978335,26,"Sockeye"
1960,11.8328381947109,-0.129059632230399,26,"Sockeye"
1961,12.305883373533,0.343985546591695,26,"Sockeye"
1962,11.8123912811279,-0.149506545813355,26,"Sockeye"
1963,12.5906221185412,0.62872429159989,26,"Sockeye"
1964,11.2862903390612,-0.675607487880084,26,"Sockeye"
1965,10.9103071689606,-1.05159065798071,26,"Sockeye"
1966,11.7131859234401,-0.248711903501167,26,"Sockeye"
1967,11.7375418458666,-0.224355981074658,26,"Sockeye"
1968,11.540483048984,-0.421414777957299,26,"Sockeye"
1969,11.3890583515167,-0.572839475424555,26,"Sockeye"
1970,11.3427294322423,-0.619168394699027,26,"Sockeye"
1971,10.7318995850427,-1.22999824189861,26,"Sockeye"
1972,11.3774076529912,-0.584490173950117,26,"Sockeye"
1973,11.5920849187034,-0.369812908237926,26,"Sockeye"
1974,11.3970979281834,-0.564799898757867,26,"Sockeye"
1975,11.243363073894,-0.71853475304732,26,"Sockeye"
1976,11.1267367090498,-0.835161117891516,26,"Sockeye"
1977,11.6366580554417,-0.325239771499567,26,"Sockeye"
1978,12.2922778470176,0.330380020076278,26,"Sockeye"
1979,11.8755671977997,-0.0863306291416018,26,"Sockeye"
1980,12.0313435622624,0.0694457353211179,26,"Sockeye"
1981,11.8230538708823,-0.138843956058968,26,"Sockeye"
1982,11.316054889134,-0.645842937807279,26,"Sockeye"
1983,12.8505603585924,0.88866253165116,26,"Sockeye"
1984,11.4281222139086,-0.533775613032677,26,"Sockeye"
1985,11.7059590135302,-0.255938813411089,26,"Sockeye"
1986,11.8420831475939,-0.119814679347369,26,"Sockeye"
1987,12.0379387991769,0.0760409722356167,26,"Sockeye"
1988,11.8831453323364,-0.0787524946048481,26,"Sockeye"
1989,12.4161183834076,0.454220556466312,26,"Sockeye"
1990,12.346659387861,0.384761560919704,26,"Sockeye"
1991,11.7161757264818,-0.245722100459438,26,"Sockeye"
1992,13.0729782581329,1.11108043119166,26,"Sockeye"
1993,12.8549053668976,0.893007539956306,26,"Sockeye"
1994,12.503628219877,0.541730392935693,26,"Sockeye"
1995,12.9392278535026,0.977330026561271,26,"Sockeye"
1996,11.9836242539542,0.021726427012932,26,"Sockeye"
1997,12.9424164295197,0.980518602578381,26,"Sockeye"
1998,12.9769259861537,1.01502815921246,26,"Sockeye"
1999,11.250898872103,-0.710998954838269,26,"Sockeye"
2000,12.3161041736603,0.354206346719001,26,"Sockeye"
2001,11.5436230387007,-0.418274788240626,26,"Sockeye"
2002,11.5603755882808,-0.401522238660462,26,"Sockeye"
2003,12.6575793879373,0.695681560995998,26,"Sockeye"
2004,13.1624470778874,1.20054925094612,26,"Sockeye"
2005,12.980352810451,1.01845498350969,26,"Sockeye"
2006,12.0542481967381,0.0923503697968294,26,"Sockeye"
2007,11.8347712584904,-0.127126568450855,26,"Sockeye"
2008,10.64023906844,-1.32165875850126,26,"Sockeye"
2009,11.2573212725776,-0.704576554363727,26,"Sockeye"
2010,11.9152426719666,-0.0466551549747182,26,"Sockeye"
2011,11.8752462182726,-0.0866516086686679,26,"Sockeye"
2012,11.8035734721592,-0.158324354782035,26,"Sockeye"
2013,12.2663142340524,0.304416407111107,26,"Sockeye"
2014,12.4263485499791,0.464450723037802,26,"Sockeye"
2015,13.337228843144,1.37533101620273,26,"Sockeye"
2016,13.3842803069523,1.42238248001106,26,"Sockeye"
2017,12.4948841503688,0.532986323427544,26,"Sockeye"
2018,12.817697252546,0.85579942560476,26,"Sockeye"
2019,12.7330683299473,0.771170503006045,26,"Sockeye"
2020,12.4238950525011,0.461997225559856,26,"Sockeye"
2021,12.1238240173885,0.161926190447201,26,"Sockeye"
2022,11.8201523848942,-0.141745442047047,26,"Sockeye"
2023,12.1330858639308,0.171188036989567,26,"Sockeye"
2024,12.4294668265751,0.46756899963386,26,"Sockeye"
2025,12.2019951343536,0.24009730741236,26,"Sockeye"
1950,10.4996659415109,-1.46223188543039,29,"Sockeye"
1951,11.1057878562382,-0.856109970703053,29,"Sockeye"
1952,11.2297064917428,-0.732191335198469,29,"Sockeye"
1953,11.7735470363072,-0.188350790634076,29,"Sockeye"
1954,11.2220627239772,-0.739835102964053,29,"Sockeye"
1955,10.8908667564392,-1.07103107050207,29,"Sockeye"
1956,11.8710631643023,-0.090834662639003,29,"Sockeye"
1957,12.3478749820164,0.385977155075146,29,"Sockeye"
1958,13.2306014469692,1.26870362002788,29,"Sockeye"
1959,11.9623036384583,0.000405811516978335,29,"Sockeye"
1960,11.8328381947109,-0.129059632230399,29,"Sockeye"
1961,12.305883373533,0.343985546591695,29,"Sockeye"
1962,11.8123912811279,-0.149506545813355,29,"Sockeye"
1963,12.5906221185412,0.62872429159989,29,"Sockeye"
1964,11.2862903390612,-0.675607487880084,29,"Sockeye"
1965,10.9103071689606,-1.05159065798071,29,"Sockeye"
1966,11.7131859234401,-0.248711903501167,29,"Sockeye"
1967,11.7375418458666,-0.224355981074658,29,"Sockeye"
1968,11.540483048984,-0.421414777957299,29,"Sockeye"
1969,11.3890583515167,-0.572839475424555,29,"Sockeye"
1970,11.3427294322423,-0.619168394699027,29,"Sockeye"
1971,10.7318995850427,-1.22999824189861,29,"Sockeye"
1972,11.3774076529912,-0.584490173950117,29,"Sockeye"
1973,11.5920849187034,-0.369812908237926,29,"Sockeye"
1974,11.3970979281834,-0.564799898757867,29,"Sockeye"
1975,11.243363073894,-0.71853475304732,29,"Sockeye"
1976,11.1267367090498,-0.835161117891516,29,"Sockeye"
1977,11.6366580554417,-0.325239771499567,29,"Sockeye"
1978,12.2922778470176,0.330380020076278,29,"Sockeye"
1979,11.8755671977997,-0.0863306291416018,29,"Sockeye"
1980,12.0313435622624,0.0694457353211179,29,"Sockeye"
1981,11.8230538708823,-0.138843956058968,29,"Sockeye"
1982,11.316054889134,-0.645842937807279,29,"Sockeye"
1983,12.8505603585924,0.88866253165116,29,"Sockeye"
1984,11.4281222139086,-0.533775613032677,29,"Sockeye"
1985,11.7059590135302,-0.255938813411089,29,"Sockeye"
1986,11.8420831475939,-0.119814679347369,29,"Sockeye"
1987,12.0379387991769,0.0760409722356167,29,"Sockeye"
1988,11.8831453323364,-0.0787524946048481,29,"Sockeye"
1989,12.4161183834076,0.454220556466312,29,"Sockeye"
1990,12.346659387861,0.384761560919704,29,"Sockeye"
1991,11.7161757264818,-0.245722100459438,29,"Sockeye"
1992,13.0729782581329,1.11108043119166,29,"Sockeye"
1993,12.8549053668976,0.893007539956306,29,"Sockeye"
1994,12.503628219877,0.541730392935693,29,"Sockeye"
1995,12.9392278535026,0.977330026561271,29,"Sockeye"
1996,11.9836242539542,0.021726427012932,29,"Sockeye"
1997,12.9424164295197,0.980518602578381,29,"Sockeye"
1998,12.9769259861537,1.01502815921246,29,"Sockeye"
1999,11.250898872103,-0.710998954838269,29,"Sockeye"
2000,12.3161041736603,0.354206346719001,29,"Sockeye"
2001,11.5436230387007,-0.418274788240626,29,"Sockeye"
2002,11.5603755882808,-0.401522238660462,29,"Sockeye"
2003,12.6575793879373,0.695681560995998,29,"Sockeye"
2004,13.1624470778874,1.20054925094612,29,"Sockeye"
2005,12.980352810451,1.01845498350969,29,"Sockeye"
2006,12.0542481967381,0.0923503697968294,29,"Sockeye"
2007,11.8347712584904,-0.127126568450855,29,"Sockeye"
2008,10.64023906844,-1.32165875850126,29,"Sockeye"
2009,11.2573212725776,-0.704576554363727,29,"Sockeye"
2010,11.9152426719666,-0.0466551549747182,29,"Sockeye"
2011,11.8752462182726,-0.0866516086686679,29,"Sockeye"
2012,11.8035734721592,-0.158324354782035,29,"Sockeye"
2013,12.2663142340524,0.304416407111107,29,"Sockeye"
2014,12.4263485499791,0.464450723037802,29,"Sockeye"
2015,13.337228843144,1.37533101620273,29,"Sockeye"
2016,13.3842803069523,1.42238248001106,29,"Sockeye"
2017,12.4948841503688,0.532986323427544,29,"Sockeye"
2018,12.817697252546,0.85579942560476,29,"Sockeye"
2019,12.7330683299473,0.771170503006045,29,"Sockeye"
2020,12.4238950525011,0.461997225559856,29,"Sockeye"
2021,12.1238240173885,0.161926190447201,29,"Sockeye"
2022,11.8201523848942,-0.141745442047047,29,"Sockeye"
2023,12.1330858639308,0.171188036989567,29,"Sockeye"
2024,12.4294668265751,0.46756899963386,29,"Sockeye"
2025,12.2019951343536,0.24009730741236,29,"Sockeye"
1950,10.4996659415109,-1.46223188543039,19,"Sockeye"
1951,11.1057878562382,-0.856109970703053,19,"Sockeye"
1952,11.2297064917428,-0.732191335198469,19,"Sockeye"
1953,11.7735470363072,-0.188350790634076,19,"Sockeye"
1954,11.2220627239772,-0.739835102964053,19,"Sockeye"
1955,10.8908667564392,-1.07103107050207,19,"Sockeye"
1956,11.8710631643023,-0.090834662639003,19,"Sockeye"
1957,12.3478749820164,0.385977155075146,19,"Sockeye"
1958,13.2306014469692,1.26870362002788,19,"Sockeye"
1959,11.9623036384583,0.000405811516978335,19,"Sockeye"
1960,11.8328381947109,-0.129059632230399,19,"Sockeye"
1961,12.305883373533,0.343985546591695,19,"Sockeye"
1962,11.8123912811279,-0.149506545813355,19,"Sockeye"
1963,12.5906221185412,0.62872429159989,19,"Sockeye"
1964,11.2862903390612,-0.675607487880084,19,"Sockeye"
1965,10.9103071689606,-1.05159065798071,19,"Sockeye"
1966,11.7131859234401,-0.248711903501167,19,"Sockeye"
1967,11.7375418458666,-0.224355981074658,19,"Sockeye"
1968,11.540483048984,-0.421414777957299,19,"Sockeye"
1969,11.3890583515167,-0.572839475424555,19,"Sockeye"
1970,11.3427294322423,-0.619168394699027,19,"Sockeye"
1971,10.7318995850427,-1.22999824189861,19,"Sockeye"
1972,11.3774076529912,-0.584490173950117,19,"Sockeye"
1973,11.5920849187034,-0.369812908237926,19,"Sockeye"
1974,11.3970979281834,-0.564799898757867,19,"Sockeye"
1975,11.243363073894,-0.71853475304732,19,"Sockeye"
1976,11.1267367090498,-0.835161117891516,19,"Sockeye"
1977,11.6366580554417,-0.325239771499567,19,"Sockeye"
1978,12.2922778470176,0.330380020076278,19,"Sockeye"
1979,11.8755671977997,-0.0863306291416018,19,"Sockeye"
1980,12.0313435622624,0.0694457353211179,19,"Sockeye"
1981,11.8230538708823,-0.138843956058968,19,"Sockeye"
1982,11.316054889134,-0.645842937807279,19,"Sockeye"
1983,12.8505603585924,0.88866253165116,19,"Sockeye"
1984,11.4281222139086,-0.533775613032677,19,"Sockeye"
1985,11.7059590135302,-0.255938813411089,19,"Sockeye"
1986,11.8420831475939,-0.119814679347369,19,"Sockeye"
1987,12.0379387991769,0.0760409722356167,19,"Sockeye"
1988,11.8831453323364,-0.0787524946048481,19,"Sockeye"
1989,12.4161183834076,0.454220556466312,19,"Sockeye"
1990,12.346659387861,0.384761560919704,19,"Sockeye"
1991,11.7161757264818,-0.245722100459438,19,"Sockeye"
1992,13.0729782581329,1.11108043119166,19,"Sockeye"
1993,12.8549053668976,0.893007539956306,19,"Sockeye"
1994,12.503628219877,0.541730392935693,19,"Sockeye"
1995,12.9392278535026,0.977330026561271,19,"Sockeye"
1996,11.9836242539542,0.021726427012932,19,"Sockeye"
1997,12.9424164295197,0.980518602578381,19,"Sockeye"
1998,12.9769259861537,1.01502815921246,19,"Sockeye"
1999,11.250898872103,-0.710998954838269,19,"Sockeye"
2000,12.3161041736603,0.354206346719001,19,"Sockeye"
2001,11.5436230387007,-0.418274788240626,19,"Sockeye"
2002,11.5603755882808,-0.401522238660462,19,"Sockeye"
2003,12.6575793879373,0.695681560995998,19,"Sockeye"
2004,13.1624470778874,1.20054925094612,19,"Sockeye"
2005,12.980352810451,1.01845498350969,19,"Sockeye"
2006,12.0542481967381,0.0923503697968294,19,"Sockeye"
2007,11.8347712584904,-0.127126568450855,19,"Sockeye"
2008,10.64023906844,-1.32165875850126,19,"Sockeye"
2009,11.2573212725776,-0.704576554363727,19,"Sockeye"
2010,11.9152426719666,-0.0466551549747182,19,"Sockeye"
2011,11.8752462182726,-0.0866516086686679,19,"Sockeye"
2012,11.8035734721592,-0.158324354782035,19,"Sockeye"
2013,12.2663142340524,0.304416407111107,19,"Sockeye"
2014,12.4263485499791,0.464450723037802,19,"Sockeye"
2015,13.337228843144,1.37533101620273,19,"Sockeye"
2016,13.3842803069523,1.42238248001106,19,"Sockeye"
2017,12.4948841503688,0.532986323427544,19,"Sockeye"
2018,12.817697252546,0.85579942560476,19,"Sockeye"
2019,12.7330683299473,0.771170503006045,19,"Sockeye"
2020,12.4238950525011,0.461997225559856,19,"Sockeye"
2021,12.1238240173885,0.161926190447201,19,"Sockeye"
2022,11.8201523848942,-0.141745442047047,19,"Sockeye"
2023,12.1330858639308,0.171188036989567,19,"Sockeye"
2024,12.4294668265751,0.46756899963386,19,"Sockeye"
2025,12.2019951343536,0.24009730741236,19,"Sockeye"
1950,10.4996659415109,-1.46223188543039,12,"Sockeye"
1951,11.1057878562382,-0.856109970703053,12,"Sockeye"
1952,11.2297064917428,-0.732191335198469,12,"Sockeye"
1953,11.7735470363072,-0.188350790634076,12,"Sockeye"
1954,11.2220627239772,-0.739835102964053,12,"Sockeye"
1955,10.8908667564392,-1.07103107050207,12,"Sockeye"
1956,11.8710631643023,-0.090834662639003,12,"Sockeye"
1957,12.3478749820164,0.385977155075146,12,"Sockeye"
1958,13.2306014469692,1.26870362002788,12,"Sockeye"
1959,11.9623036384583,0.000405811516978335,12,"Sockeye"
1960,11.8328381947109,-0.129059632230399,12,"Sockeye"
1961,12.305883373533,0.343985546591695,12,"Sockeye"
1962,11.8123912811279,-0.149506545813355,12,"Sockeye"
1963,12.5906221185412,0.62872429159989,12,"Sockeye"
1964,11.2862903390612,-0.675607487880084,12,"Sockeye"
1965,10.9103071689606,-1.05159065798071,12,"Sockeye"
1966,11.7131859234401,-0.248711903501167,12,"Sockeye"
1967,11.7375418458666,-0.224355981074658,12,"Sockeye"
1968,11.540483048984,-0.421414777957299,12,"Sockeye"
1969,11.3890583515167,-0.572839475424555,12,"Sockeye"
1970,11.3427294322423,-0.619168394699027,12,"Sockeye"
1971,10.7318995850427,-1.22999824189861,12,"Sockeye"
1972,11.3774076529912,-0.584490173950117,12,"Sockeye"
1973,11.5920849187034,-0.369812908237926,12,"Sockeye"
1974,11.3970979281834,-0.564799898757867,12,"Sockeye"
1975,11.243363073894,-0.71853475304732,12,"Sockeye"
1976,11.1267367090498,-0.835161117891516,12,"Sockeye"
1977,11.6366580554417,-0.325239771499567,12,"Sockeye"
1978,12.2922778470176,0.330380020076278,12,"Sockeye"
1979,11.8755671977997,-0.0863306291416018,12,"Sockeye"
1980,12.0313435622624,0.0694457353211179,12,"Sockeye"
1981,11.8230538708823,-0.138843956058968,12,"Sockeye"
1982,11.316054889134,-0.645842937807279,12,"Sockeye"
1983,12.8505603585924,0.88866253165116,12,"Sockeye"
1984,11.4281222139086,-0.533775613032677,12,"Sockeye"
1985,11.7059590135302,-0.255938813411089,12,"Sockeye"
1986,11.8420831475939,-0.119814679347369,12,"Sockeye"
1987,12.0379387991769,0.0760409722356167,12,"Sockeye"
1988,11.8831453323364,-0.0787524946048481,12,"Sockeye"
1989,12.4161183834076,0.454220556466312,12,"Sockeye"
1990,12.346659387861,0.384761560919704,12,"Sockeye"
1991,11.7161757264818,-0.245722100459438,12,"Sockeye"
1992,13.0729782581329,1.11108043119166,12,"Sockeye"
1993,12.8549053668976,0.893007539956306,12,"Sockeye"
1994,12.503628219877,0.541730392935693,12,"Sockeye"
1995,12.9392278535026,0.977330026561271,12,"Sockeye"
1996,11.9836242539542,0.021726427012932,12,"Sockeye"
1997,12.9424164295197,0.980518602578381,12,"Sockeye"
1998,12.9769259861537,1.01502815921246,12,"Sockeye"
1999,11.250898872103,-0.710998954838269,12,"Sockeye"
2000,12.3161041736603,0.354206346719001,12,"Sockeye"
2001,11.5436230387007,-0.418274788240626,12,"Sockeye"
2002,11.5603755882808,-0.401522238660462,12,"Sockeye"
2003,12.6575793879373,0.695681560995998,12,"Sockeye"
2004,13.1624470778874,1.20054925094612,12,"Sockeye"
2005,12.980352810451,1.01845498350969,12,"Sockeye"
2006,12.0542481967381,0.0923503697968294,12,"Sockeye"
2007,11.8347712584904,-0.127126568450855,12,"Sockeye"
2008,10.64023906844,-1.32165875850126,12,"Sockeye"
2009,11.2573212725776,-0.704576554363727,12,"Sockeye"
2010,11.9152426719666,-0.0466551549747182,12,"Sockeye"
2011,11.8752462182726,-0.0866516086686679,12,"Sockeye"
2012,11.8035734721592,-0.158324354782035,12,"Sockeye"
2013,12.2663142340524,0.304416407111107,12,"Sockeye"
2014,12.4263485499791,0.464450723037802,12,"Sockeye"
2015,13.337228843144,1.37533101620273,12,"Sockeye"
2016,13.3842803069523,1.42238248001106,12,"Sockeye"
2017,12.4948841503688,0.532986323427544,12,"Sockeye"
2018,12.817697252546,0.85579942560476,12,"Sockeye"
2019,12.7330683299473,0.771170503006045,12,"Sockeye"
2020,12.4238950525011,0.461997225559856,12,"Sockeye"
2021,12.1238240173885,0.161926190447201,12,"Sockeye"
2022,11.8201523848942,-0.141745442047047,12,"Sockeye"
2023,12.1330858639308,0.171188036989567,12,"Sockeye"
2024,12.4294668265751,0.46756899963386,12,"Sockeye"
2025,12.2019951343536,0.24009730741236,12,"Sockeye"
1950,10.4996659415109,-1.46223188543039,27,"Sockeye"
1951,11.1057878562382,-0.856109970703053,27,"Sockeye"
1952,11.2297064917428,-0.732191335198469,27,"Sockeye"
1953,11.7735470363072,-0.188350790634076,27,"Sockeye"
1954,11.2220627239772,-0.739835102964053,27,"Sockeye"
1955,10.8908667564392,-1.07103107050207,27,"Sockeye"
1956,11.8710631643023,-0.090834662639003,27,"Sockeye"
1957,12.3478749820164,0.385977155075146,27,"Sockeye"
1958,13.2306014469692,1.26870362002788,27,"Sockeye"
1959,11.9623036384583,0.000405811516978335,27,"Sockeye"
1960,11.8328381947109,-0.129059632230399,27,"Sockeye"
1961,12.305883373533,0.343985546591695,27,"Sockeye"
1962,11.8123912811279,-0.149506545813355,27,"Sockeye"
1963,12.5906221185412,0.62872429159989,27,"Sockeye"
1964,11.2862903390612,-0.675607487880084,27,"Sockeye"
1965,10.9103071689606,-1.05159065798071,27,"Sockeye"
1966,11.7131859234401,-0.248711903501167,27,"Sockeye"
1967,11.7375418458666,-0.224355981074658,27,"Sockeye"
1968,11.540483048984,-0.421414777957299,27,"Sockeye"
1969,11.3890583515167,-0.572839475424555,27,"Sockeye"
1970,11.3427294322423,-0.619168394699027,27,"Sockeye"
1971,10.7318995850427,-1.22999824189861,27,"Sockeye"
1972,11.3774076529912,-0.584490173950117,27,"Sockeye"
1973,11.5920849187034,-0.369812908237926,27,"Sockeye"
1974,11.3970979281834,-0.564799898757867,27,"Sockeye"
1975,11.243363073894,-0.71853475304732,27,"Sockeye"
1976,11.1267367090498,-0.835161117891516,27,"Sockeye"
1977,11.6366580554417,-0.325239771499567,27,"Sockeye"
1978,12.2922778470176,0.330380020076278,27,"Sockeye"
1979,11.8755671977997,-0.0863306291416018,27,"Sockeye"
1980,12.0313435622624,0.0694457353211179,27,"Sockeye"
1981,11.8230538708823,-0.138843956058968,27,"Sockeye"
1982,11.316054889134,-0.645842937807279,27,"Sockeye"
1983,12.8505603585924,0.88866253165116,27,"Sockeye"
1984,11.4281222139086,-0.533775613032677,27,"Sockeye"
1985,11.7059590135302,-0.255938813411089,27,"Sockeye"
1986,11.8420831475939,-0.119814679347369,27,"Sockeye"
1987,12.0379387991769,0.0760409722356167,27,"Sockeye"
1988,11.8831453323364,-0.0787524946048481,27,"Sockeye"
1989,12.4161183834076,0.454220556466312,27,"Sockeye"
1990,12.346659387861,0.384761560919704,27,"Sockeye"
1991,11.7161757264818,-0.245722100459438,27,"Sockeye"
1992,13.0729782581329,1.11108043119166,27,"Sockeye"
1993,12.8549053668976,0.893007539956306,27,"Sockeye"
1994,12.503628219877,0.541730392935693,27,"Sockeye"
1995,12.9392278535026,0.977330026561271,27,"Sockeye"
1996,11.9836242539542,0.021726427012932,27,"Sockeye"
1997,12.9424164295197,0.980518602578381,27,"Sockeye"
1998,12.9769259861537,1.01502815921246,27,"Sockeye"
1999,11.250898872103,-0.710998954838269,27,"Sockeye"
2000,12.3161041736603,0.354206346719001,27,"Sockeye"
2001,11.5436230387007,-0.418274788240626,27,"Sockeye"
2002,11.5603755882808,-0.401522238660462,27,"Sockeye"
2003,12.6575793879373,0.695681560995998,27,"Sockeye"
2004,13.1624470778874,1.20054925094612,27,"Sockeye"
2005,12.980352810451,1.01845498350969,27,"Sockeye"
2006,12.0542481967381,0.0923503697968294,27,"Sockeye"
2007,11.8347712584904,-0.127126568450855,27,"Sockeye"
2008,10.64023906844,-1.32165875850126,27,"Sockeye"
2009,11.2573212725776,-0.704576554363727,27,"Sockeye"
2010,11.9152426719666,-0.0466551549747182,27,"Sockeye"
2011,11.8752462182726,-0.0866516086686679,27,"Sockeye"
2012,11.8035734721592,-0.158324354782035,27,"Sockeye"
2013,12.2663142340524,0.304416407111107,27,"Sockeye"
2014,12.4263485499791,0.464450723037802,27,"Sockeye"
2015,13.337228843144,1.37533101620273,27,"Sockeye"
2016,13.3842803069523,1.42238248001106,27,"Sockeye"
2017,12.4948841503688,0.532986323427544,27,"Sockeye"
2018,12.817697252546,0.85579942560476,27,"Sockeye"
2019,12.7330683299473,0.771170503006045,27,"Sockeye"
2020,12.4238950525011,0.461997225559856,27,"Sockeye"
2021,12.1238240173885,0.161926190447201,27,"Sockeye"
2022,11.8201523848942,-0.141745442047047,27,"Sockeye"
2023,12.1330858639308,0.171188036989567,27,"Sockeye"
2024,12.4294668265751,0.46756899963386,27,"Sockeye"
2025,12.2019951343536,0.24009730741236,27,"Sockeye"
1950,10.4996659415109,-1.46223188543039,24,"Sockeye"
1951,11.1057878562382,-0.856109970703053,24,"Sockeye"
1952,11.2297064917428,-0.732191335198469,24,"Sockeye"
1953,11.7735470363072,-0.188350790634076,24,"Sockeye"
1954,11.2220627239772,-0.739835102964053,24,"Sockeye"
1955,10.8908667564392,-1.07103107050207,24,"Sockeye"
1956,11.8710631643023,-0.090834662639003,24,"Sockeye"
1957,12.3478749820164,0.385977155075146,24,"Sockeye"
1958,13.2306014469692,1.26870362002788,24,"Sockeye"
1959,11.9623036384583,0.000405811516978335,24,"Sockeye"
1960,11.8328381947109,-0.129059632230399,24,"Sockeye"
1961,12.305883373533,0.343985546591695,24,"Sockeye"
1962,11.8123912811279,-0.149506545813355,24,"Sockeye"
1963,12.5906221185412,0.62872429159989,24,"Sockeye"
1964,11.2862903390612,-0.675607487880084,24,"Sockeye"
1965,10.9103071689606,-1.05159065798071,24,"Sockeye"
1966,11.7131859234401,-0.248711903501167,24,"Sockeye"
1967,11.7375418458666,-0.224355981074658,24,"Sockeye"
1968,11.540483048984,-0.421414777957299,24,"Sockeye"
1969,11.3890583515167,-0.572839475424555,24,"Sockeye"
1970,11.3427294322423,-0.619168394699027,24,"Sockeye"
1971,10.7318995850427,-1.22999824189861,24,"Sockeye"
1972,11.3774076529912,-0.584490173950117,24,"Sockeye"
1973,11.5920849187034,-0.369812908237926,24,"Sockeye"
1974,11.3970979281834,-0.564799898757867,24,"Sockeye"
1975,11.243363073894,-0.71853475304732,24,"Sockeye"
1976,11.1267367090498,-0.835161117891516,24,"Sockeye"
1977,11.6366580554417,-0.325239771499567,24,"Sockeye"
1978,12.2922778470176,0.330380020076278,24,"Sockeye"
1979,11.8755671977997,-0.0863306291416018,24,"Sockeye"
1980,12.0313435622624,0.0694457353211179,24,"Sockeye"
1981,11.8230538708823,-0.138843956058968,24,"Sockeye"
1982,11.316054889134,-0.645842937807279,24,"Sockeye"
1983,12.8505603585924,0.88866253165116,24,"Sockeye"
1984,11.4281222139086,-0.533775613032677,24,"Sockeye"
1985,11.7059590135302,-0.255938813411089,24,"Sockeye"
1986,11.8420831475939,-0.119814679347369,24,"Sockeye"
1987,12.0379387991769,0.0760409722356167,24,"Sockeye"
1988,11.8831453323364,-0.0787524946048481,24,"Sockeye"
1989,12.4161183834076,0.454220556466312,24,"Sockeye"
1990,12.346659387861,0.384761560919704,24,"Sockeye"
1991,11.7161757264818,-0.245722100459438,24,"Sockeye"
1992,13.0729782581329,1.11108043119166,24,"Sockeye"
1993,12.8549053668976,0.893007539956306,24,"Sockeye"
1994,12.503628219877,0.541730392935693,24,"Sockeye"
1995,12.9392278535026,0.977330026561271,24,"Sockeye"
1996,11.9836242539542,0.021726427012932,24,"Sockeye"
1997,12.9424164295197,0.980518602578381,24,"Sockeye"
1998,12.9769259861537,1.01502815921246,24,"Sockeye"
1999,11.250898872103,-0.710998954838269,24,"Sockeye"
2000,12.3161041736603,0.354206346719001,24,"Sockeye"
2001,11.5436230387007,-0.418274788240626,24,"Sockeye"
2002,11.5603755882808,-0.401522238660462,24,"Sockeye"
2003,12.6575793879373,0.695681560995998,24,"Sockeye"
2004,13.1624470778874,1.20054925094612,24,"Sockeye"
2005,12.980352810451,1.01845498350969,24,"Sockeye"
2006,12.0542481967381,0.0923503697968294,24,"Sockeye"
2007,11.8347712584904,-0.127126568450855,24,"Sockeye"
2008,10.64023906844,-1.32165875850126,24,"Sockeye"
2009,11.2573212725776,-0.704576554363727,24,"Sockeye"
2010,11.9152426719666,-0.0466551549747182,24,"Sockeye"
2011,11.8752462182726,-0.0866516086686679,24,"Sockeye"
2012,11.8035734721592,-0.158324354782035,24,"Sockeye"
2013,12.2663142340524,0.304416407111107,24,"Sockeye"
2014,12.4263485499791,0.464450723037802,24,"Sockeye"
2015,13.337228843144,1.37533101620273,24,"Sockeye"
2016,13.3842803069523,1.42238248001106,24,"Sockeye"
2017,12.4948841503688,0.532986323427544,24,"Sockeye"
2018,12.817697252546,0.85579942560476,24,"Sockeye"
2019,12.7330683299473,0.771170503006045,24,"Sockeye"
2020,12.4238950525011,0.461997225559856,24,"Sockeye"
2021,12.1238240173885,0.161926190447201,24,"Sockeye"
2022,11.8201523848942,-0.141745442047047,24,"Sockeye"
2023,12.1330858639308,0.171188036989567,24,"Sockeye"
2024,12.4294668265751,0.46756899963386,24,"Sockeye"
2025,12.2019951343536,0.24009730741236,24,"Sockeye"
1950,10.4996659415109,-1.46223188543039,28,"Sockeye"
1951,11.1057878562382,-0.856109970703053,28,"Sockeye"
1952,11.2297064917428,-0.732191335198469,28,"Sockeye"
1953,11.7735470363072,-0.188350790634076,28,"Sockeye"
1954,11.2220627239772,-0.739835102964053,28,"Sockeye"
1955,10.8908667564392,-1.07103107050207,28,"Sockeye"
1956,11.8710631643023,-0.090834662639003,28,"Sockeye"
1957,12.3478749820164,0.385977155075146,28,"Sockeye"
1958,13.2306014469692,1.26870362002788,28,"Sockeye"
1959,11.9623036384583,0.000405811516978335,28,"Sockeye"
1960,11.8328381947109,-0.129059632230399,28,"Sockeye"
1961,12.305883373533,0.343985546591695,28,"Sockeye"
1962,11.8123912811279,-0.149506545813355,28,"Sockeye"
1963,12.5906221185412,0.62872429159989,28,"Sockeye"
1964,11.2862903390612,-0.675607487880084,28,"Sockeye"
1965,10.9103071689606,-1.05159065798071,28,"Sockeye"
1966,11.7131859234401,-0.248711903501167,28,"Sockeye"
1967,11.7375418458666,-0.224355981074658,28,"Sockeye"
1968,11.540483048984,-0.421414777957299,28,"Sockeye"
1969,11.3890583515167,-0.572839475424555,28,"Sockeye"
1970,11.3427294322423,-0.619168394699027,28,"Sockeye"
1971,10.7318995850427,-1.22999824189861,28,"Sockeye"
1972,11.3774076529912,-0.584490173950117,28,"Sockeye"
1973,11.5920849187034,-0.369812908237926,28,"Sockeye"
1974,11.3970979281834,-0.564799898757867,28,"Sockeye"
1975,11.243363073894,-0.71853475304732,28,"Sockeye"
1976,11.1267367090498,-0.835161117891516,28,"Sockeye"
1977,11.6366580554417,-0.325239771499567,28,"Sockeye"
1978,12.2922778470176,0.330380020076278,28,"Sockeye"
1979,11.8755671977997,-0.0863306291416018,28,"Sockeye"
1980,12.0313435622624,0.0694457353211179,28,"Sockeye"
1981,11.8230538708823,-0.138843956058968,28,"Sockeye"
1982,11.316054889134,-0.645842937807279,28,"Sockeye"
1983,12.8505603585924,0.88866253165116,28,"Sockeye"
1984,11.4281222139086,-0.533775613032677,28,"Sockeye"
1985,11.7059590135302,-0.255938813411089,28,"Sockeye"
1986,11.8420831475939,-0.119814679347369,28,"Sockeye"
1987,12.0379387991769,0.0760409722356167,28,"Sockeye"
1988,11.8831453323364,-0.0787524946048481,28,"Sockeye"
1989,12.4161183834076,0.454220556466312,28,"Sockeye"
1990,12.346659387861,0.384761560919704,28,"Sockeye"
1991,11.7161757264818,-0.245722100459438,28,"Sockeye"
1992,13.0729782581329,1.11108043119166,28,"Sockeye"
1993,12.8549053668976,0.893007539956306,28,"Sockeye"
1994,12.503628219877,0.541730392935693,28,"Sockeye"
1995,12.9392278535026,0.977330026561271,28,"Sockeye"
1996,11.9836242539542,0.021726427012932,28,"Sockeye"
1997,12.9424164295197,0.980518602578381,28,"Sockeye"
1998,12.9769259861537,1.01502815921246,28,"Sockeye"
1999,11.250898872103,-0.710998954838269,28,"Sockeye"
2000,12.3161041736603,0.354206346719001,28,"Sockeye"
2001,11.5436230387007,-0.418274788240626,28,"Sockeye"
2002,11.5603755882808,-0.401522238660462,28,"Sockeye"
2003,12.6575793879373,0.695681560995998,28,"Sockeye"
2004,13.1624470778874,1.20054925094612,28,"Sockeye"
2005,12.980352810451,1.01845498350969,28,"Sockeye"
2006,12.0542481967381,0.0923503697968294,28,"Sockeye"
2007,11.8347712584904,-0.127126568450855,28,"Sockeye"
2008,10.64023906844,-1.32165875850126,28,"Sockeye"
2009,11.2573212725776,-0.704576554363727,28,"Sockeye"
2010,11.9152426719666,-0.0466551549747182,28,"Sockeye"
2011,11.8752462182726,-0.0866516086686679,28,"Sockeye"
2012,11.8035734721592,-0.158324354782035,28,"Sockeye"
2013,12.2663142340524,0.304416407111107,28,"Sockeye"
2014,12.4263485499791,0.464450723037802,28,"Sockeye"
2015,13.337228843144,1.37533101620273,28,"Sockeye"
2016,13.3842803069523,1.42238248001106,28,"Sockeye"
2017,12.4948841503688,0.532986323427544,28,"Sockeye"
2018,12.817697252546,0.85579942560476,28,"Sockeye"
2019,12.7330683299473,0.771170503006045,28,"Sockeye"
2020,12.4238950525011,0.461997225559856,28,"Sockeye"
2021,12.1238240173885,0.161926190447201,28,"Sockeye"
2022,11.8201523848942,-0.141745442047047,28,"Sockeye"
2023,12.1330858639308,0.171188036989567,28,"Sockeye"
2024,12.4294668265751,0.46756899963386,28,"Sockeye"
2025,12.2019951343536,0.24009730741236,28,"Sockeye"
1950,10.4996659415109,-1.46223188543039,22,"Sockeye"
1951,11.1057878562382,-0.856109970703053,22,"Sockeye"
1952,11.2297064917428,-0.732191335198469,22,"Sockeye"
1953,11.7735470363072,-0.188350790634076,22,"Sockeye"
1954,11.2220627239772,-0.739835102964053,22,"Sockeye"
1955,10.8908667564392,-1.07103107050207,22,"Sockeye"
1956,11.8710631643023,-0.090834662639003,22,"Sockeye"
1957,12.3478749820164,0.385977155075146,22,"Sockeye"
1958,13.2306014469692,1.26870362002788,22,"Sockeye"
1959,11.9623036384583,0.000405811516978335,22,"Sockeye"
1960,11.8328381947109,-0.129059632230399,22,"Sockeye"
1961,12.305883373533,0.343985546591695,22,"Sockeye"
1962,11.8123912811279,-0.149506545813355,22,"Sockeye"
1963,12.5906221185412,0.62872429159989,22,"Sockeye"
1964,11.2862903390612,-0.675607487880084,22,"Sockeye"
1965,10.9103071689606,-1.05159065798071,22,"Sockeye"
1966,11.7131859234401,-0.248711903501167,22,"Sockeye"
1967,11.7375418458666,-0.224355981074658,22,"Sockeye"
1968,11.540483048984,-0.421414777957299,22,"Sockeye"
1969,11.3890583515167,-0.572839475424555,22,"Sockeye"
1970,11.3427294322423,-0.619168394699027,22,"Sockeye"
1971,10.7318995850427,-1.22999824189861,22,"Sockeye"
1972,11.3774076529912,-0.584490173950117,22,"Sockeye"
1973,11.5920849187034,-0.369812908237926,22,"Sockeye"
1974,11.3970979281834,-0.564799898757867,22,"Sockeye"
1975,11.243363073894,-0.71853475304732,22,"Sockeye"
1976,11.1267367090498,-0.835161117891516,22,"Sockeye"
1977,11.6366580554417,-0.325239771499567,22,"Sockeye"
1978,12.2922778470176,0.330380020076278,22,"Sockeye"
1979,11.8755671977997,-0.0863306291416018,22,"Sockeye"
1980,12.0313435622624,0.0694457353211179,22,"Sockeye"
1981,11.8230538708823,-0.138843956058968,22,"Sockeye"
1982,11.316054889134,-0.645842937807279,22,"Sockeye"
1983,12.8505603585924,0.88866253165116,22,"Sockeye"
1984,11.4281222139086,-0.533775613032677,22,"Sockeye"
1985,11.7059590135302,-0.255938813411089,22,"Sockeye"
1986,11.8420831475939,-0.119814679347369,22,"Sockeye"
1987,12.0379387991769,0.0760409722356167,22,"Sockeye"
1988,11.8831453323364,-0.0787524946048481,22,"Sockeye"
1989,12.4161183834076,0.454220556466312,22,"Sockeye"
1990,12.346659387861,0.384761560919704,22,"Sockeye"
1991,11.7161757264818,-0.245722100459438,22,"Sockeye"
1992,13.0729782581329,1.11108043119166,22,"Sockeye"
1993,12.8549053668976,0.893007539956306,22,"Sockeye"
1994,12.503628219877,0.541730392935693,22,"Sockeye"
1995,12.9392278535026,0.977330026561271,22,"Sockeye"
1996,11.9836242539542,0.021726427012932,22,"Sockeye"
1997,12.9424164295197,0.980518602578381,22,"Sockeye"
1998,12.9769259861537,1.01502815921246,22,"Sockeye"
1999,11.250898872103,-0.710998954838269,22,"Sockeye"
2000,12.3161041736603,0.354206346719001,22,"Sockeye"
2001,11.5436230387007,-0.418274788240626,22,"Sockeye"
2002,11.5603755882808,-0.401522238660462,22,"Sockeye"
2003,12.6575793879373,0.695681560995998,22,"Sockeye"
2004,13.1624470778874,1.20054925094612,22,"Sockeye"
2005,12.980352810451,1.01845498350969,22,"Sockeye"
2006,12.0542481967381,0.0923503697968294,22,"Sockeye"
2007,11.8347712584904,-0.127126568450855,22,"Sockeye"
2008,10.64023906844,-1.32165875850126,22,"Sockeye"
2009,11.2573212725776,-0.704576554363727,22,"Sockeye"
2010,11.9152426719666,-0.0466551549747182,22,"Sockeye"
2011,11.8752462182726,-0.0866516086686679,22,"Sockeye"
2012,11.8035734721592,-0.158324354782035,22,"Sockeye"
2013,12.2663142340524,0.304416407111107,22,"Sockeye"
2014,12.4263485499791,0.464450723037802,22,"Sockeye"
2015,13.337228843144,1.37533101620273,22,"Sockeye"
2016,13.3842803069523,1.42238248001106,22,"Sockeye"
2017,12.4948841503688,0.532986323427544,22,"Sockeye"
2018,12.817697252546,0.85579942560476,22,"Sockeye"
2019,12.7330683299473,0.771170503006045,22,"Sockeye"
2020,12.4238950525011,0.461997225559856,22,"Sockeye"
2021,12.1238240173885,0.161926190447201,22,"Sockeye"
2022,11.8201523848942,-0.141745442047047,22,"Sockeye"
2023,12.1330858639308,0.171188036989567,22,"Sockeye"
2024,12.4294668265751,0.46756899963386,22,"Sockeye"
2025,12.2019951343536,0.24009730741236,22,"Sockeye"
1950,10.4996659415109,-1.46223188543039,16,"Sockeye"
1951,11.1057878562382,-0.856109970703053,16,"Sockeye"
1952,11.2297064917428,-0.732191335198469,16,"Sockeye"
1953,11.7735470363072,-0.188350790634076,16,"Sockeye"
1954,11.2220627239772,-0.739835102964053,16,"Sockeye"
1955,10.8908667564392,-1.07103107050207,16,"Sockeye"
1956,11.8710631643023,-0.090834662639003,16,"Sockeye"
1957,12.3478749820164,0.385977155075146,16,"Sockeye"
1958,13.2306014469692,1.26870362002788,16,"Sockeye"
1959,11.9623036384583,0.000405811516978335,16,"Sockeye"
1960,11.8328381947109,-0.129059632230399,16,"Sockeye"
1961,12.305883373533,0.343985546591695,16,"Sockeye"
1962,11.8123912811279,-0.149506545813355,16,"Sockeye"
1963,12.5906221185412,0.62872429159989,16,"Sockeye"
1964,11.2862903390612,-0.675607487880084,16,"Sockeye"
1965,10.9103071689606,-1.05159065798071,16,"Sockeye"
1966,11.7131859234401,-0.248711903501167,16,"Sockeye"
1967,11.7375418458666,-0.224355981074658,16,"Sockeye"
1968,11.540483048984,-0.421414777957299,16,"Sockeye"
1969,11.3890583515167,-0.572839475424555,16,"Sockeye"
1970,11.3427294322423,-0.619168394699027,16,"Sockeye"
1971,10.7318995850427,-1.22999824189861,16,"Sockeye"
1972,11.3774076529912,-0.584490173950117,16,"Sockeye"
1973,11.5920849187034,-0.369812908237926,16,"Sockeye"
1974,11.3970979281834,-0.564799898757867,16,"Sockeye"
1975,11.243363073894,-0.71853475304732,16,"Sockeye"
1976,11.1267367090498,-0.835161117891516,16,"Sockeye"
1977,11.6366580554417,-0.325239771499567,16,"Sockeye"
1978,12.2922778470176,0.330380020076278,16,"Sockeye"
1979,11.8755671977997,-0.0863306291416018,16,"Sockeye"
1980,12.0313435622624,0.0694457353211179,16,"Sockeye"
1981,11.8230538708823,-0.138843956058968,16,"Sockeye"
1982,11.316054889134,-0.645842937807279,16,"Sockeye"
1983,12.8505603585924,0.88866253165116,16,"Sockeye"
1984,11.4281222139086,-0.533775613032677,16,"Sockeye"
1985,11.7059590135302,-0.255938813411089,16,"Sockeye"
1986,11.8420831475939,-0.119814679347369,16,"Sockeye"
1987,12.0379387991769,0.0760409722356167,16,"Sockeye"
1988,11.8831453323364,-0.0787524946048481,16,"Sockeye"
1989,12.4161183834076,0.454220556466312,16,"Sockeye"
1990,12.346659387861,0.384761560919704,16,"Sockeye"
1991,11.7161757264818,-0.245722100459438,16,"Sockeye"
1992,13.0729782581329,1.11108043119166,16,"Sockeye"
1993,12.8549053668976,0.893007539956306,16,"Sockeye"
1994,12.503628219877,0.541730392935693,16,"Sockeye"
1995,12.9392278535026,0.977330026561271,16,"Sockeye"
1996,11.9836242539542,0.021726427012932,16,"Sockeye"
1997,12.9424164295197,0.980518602578381,16,"Sockeye"
1998,12.9769259861537,1.01502815921246,16,"Sockeye"
1999,11.250898872103,-0.710998954838269,16,"Sockeye"
2000,12.3161041736603,0.354206346719001,16,"Sockeye"
2001,11.5436230387007,-0.418274788240626,16,"Sockeye"
2002,11.5603755882808,-0.401522238660462,16,"Sockeye"
2003,12.6575793879373,0.695681560995998,16,"Sockeye"
2004,13.1624470778874,1.20054925094612,16,"Sockeye"
2005,12.980352810451,1.01845498350969,16,"Sockeye"
2006,12.0542481967381,0.0923503697968294,16,"Sockeye"
2007,11.8347712584904,-0.127126568450855,16,"Sockeye"
2008,10.64023906844,-1.32165875850126,16,"Sockeye"
2009,11.2573212725776,-0.704576554363727,16,"Sockeye"
2010,11.9152426719666,-0.0466551549747182,16,"Sockeye"
2011,11.8752462182726,-0.0866516086686679,16,"Sockeye"
2012,11.8035734721592,-0.158324354782035,16,"Sockeye"
2013,12.2663142340524,0.304416407111107,16,"Sockeye"
2014,12.4263485499791,0.464450723037802,16,"Sockeye"
2015,13.337228843144,1.37533101620273,16,"Sockeye"
2016,13.3842803069523,1.42238248001106,16,"Sockeye"
2017,12.4948841503688,0.532986323427544,16,"Sockeye"
2018,12.817697252546,0.85579942560476,16,"Sockeye"
2019,12.7330683299473,0.771170503006045,16,"Sockeye"
2020,12.4238950525011,0.461997225559856,16,"Sockeye"
2021,12.1238240173885,0.161926190447201,16,"Sockeye"
2022,11.8201523848942,-0.141745442047047,16,"Sockeye"
2023,12.1330858639308,0.171188036989567,16,"Sockeye"
2024,12.4294668265751,0.46756899963386,16,"Sockeye"
2025,12.2019951343536,0.24009730741236,16,"Sockeye"
1950,10.4996659415109,-1.46223188543039,15,"Sockeye"
1951,11.1057878562382,-0.856109970703053,15,"Sockeye"
1952,11.2297064917428,-0.732191335198469,15,"Sockeye"
1953,11.7735470363072,-0.188350790634076,15,"Sockeye"
1954,11.2220627239772,-0.739835102964053,15,"Sockeye"
1955,10.8908667564392,-1.07103107050207,15,"Sockeye"
1956,11.8710631643023,-0.090834662639003,15,"Sockeye"
1957,12.3478749820164,0.385977155075146,15,"Sockeye"
1958,13.2306014469692,1.26870362002788,15,"Sockeye"
1959,11.9623036384583,0.000405811516978335,15,"Sockeye"
1960,11.8328381947109,-0.129059632230399,15,"Sockeye"
1961,12.305883373533,0.343985546591695,15,"Sockeye"
1962,11.8123912811279,-0.149506545813355,15,"Sockeye"
1963,12.5906221185412,0.62872429159989,15,"Sockeye"
1964,11.2862903390612,-0.675607487880084,15,"Sockeye"
1965,10.9103071689606,-1.05159065798071,15,"Sockeye"
1966,11.7131859234401,-0.248711903501167,15,"Sockeye"
1967,11.7375418458666,-0.224355981074658,15,"Sockeye"
1968,11.540483048984,-0.421414777957299,15,"Sockeye"
1969,11.3890583515167,-0.572839475424555,15,"Sockeye"
1970,11.3427294322423,-0.619168394699027,15,"Sockeye"
1971,10.7318995850427,-1.22999824189861,15,"Sockeye"
1972,11.3774076529912,-0.584490173950117,15,"Sockeye"
1973,11.5920849187034,-0.369812908237926,15,"Sockeye"
1974,11.3970979281834,-0.564799898757867,15,"Sockeye"
1975,11.243363073894,-0.71853475304732,15,"Sockeye"
1976,11.1267367090498,-0.835161117891516,15,"Sockeye"
1977,11.6366580554417,-0.325239771499567,15,"Sockeye"
1978,12.2922778470176,0.330380020076278,15,"Sockeye"
1979,11.8755671977997,-0.0863306291416018,15,"Sockeye"
1980,12.0313435622624,0.0694457353211179,15,"Sockeye"
1981,11.8230538708823,-0.138843956058968,15,"Sockeye"
1982,11.316054889134,-0.645842937807279,15,"Sockeye"
1983,12.8505603585924,0.88866253165116,15,"Sockeye"
1984,11.4281222139086,-0.533775613032677,15,"Sockeye"
1985,11.7059590135302,-0.255938813411089,15,"Sockeye"
1986,11.8420831475939,-0.119814679347369,15,"Sockeye"
1987,12.0379387991769,0.0760409722356167,15,"Sockeye"
1988,11.8831453323364,-0.0787524946048481,15,"Sockeye"
1989,12.4161183834076,0.454220556466312,15,"Sockeye"
1990,12.346659387861,0.384761560919704,15,"Sockeye"
1991,11.7161757264818,-0.245722100459438,15,"Sockeye"
1992,13.0729782581329,1.11108043119166,15,"Sockeye"
1993,12.8549053668976,0.893007539956306,15,"Sockeye"
1994,12.503628219877,0.541730392935693,15,"Sockeye"
1995,12.9392278535026,0.977330026561271,15,"Sockeye"
1996,11.9836242539542,0.021726427012932,15,"Sockeye"
1997,12.9424164295197,0.980518602578381,15,"Sockeye"
1998,12.9769259861537,1.01502815921246,15,"Sockeye"
1999,11.250898872103,-0.710998954838269,15,"Sockeye"
2000,12.3161041736603,0.354206346719001,15,"Sockeye"
2001,11.5436230387007,-0.418274788240626,15,"Sockeye"
2002,11.5603755882808,-0.401522238660462,15,"Sockeye"
2003,12.6575793879373,0.695681560995998,15,"Sockeye"
2004,13.1624470778874,1.20054925094612,15,"Sockeye"
2005,12.980352810451,1.01845498350969,15,"Sockeye"
2006,12.0542481967381,0.0923503697968294,15,"Sockeye"
2007,11.8347712584904,-0.127126568450855,15,"Sockeye"
2008,10.64023906844,-1.32165875850126,15,"Sockeye"
2009,11.2573212725776,-0.704576554363727,15,"Sockeye"
2010,11.9152426719666,-0.0466551549747182,15,"Sockeye"
2011,11.8752462182726,-0.0866516086686679,15,"Sockeye"
2012,11.8035734721592,-0.158324354782035,15,"Sockeye"
2013,12.2663142340524,0.304416407111107,15,"Sockeye"
2014,12.4263485499791,0.464450723037802,15,"Sockeye"
2015,13.337228843144,1.37533101620273,15,"Sockeye"
2016,13.3842803069523,1.42238248001106,15,"Sockeye"
2017,12.4948841503688,0.532986323427544,15,"Sockeye"
2018,12.817697252546,0.85579942560476,15,"Sockeye"
2019,12.7330683299473,0.771170503006045,15,"Sockeye"
2020,12.4238950525011,0.461997225559856,15,"Sockeye"
2021,12.1238240173885,0.161926190447201,15,"Sockeye"
2022,11.8201523848942,-0.141745442047047,15,"Sockeye"
2023,12.1330858639308,0.171188036989567,15,"Sockeye"
2024,12.4294668265751,0.46756899963386,15,"Sockeye"
2025,12.2019951343536,0.24009730741236,15,"Sockeye"
1950,10.4996659415109,-1.46223188543039,25,"Sockeye"
1951,11.1057878562382,-0.856109970703053,25,"Sockeye"
1952,11.2297064917428,-0.732191335198469,25,"Sockeye"
1953,11.7735470363072,-0.188350790634076,25,"Sockeye"
1954,11.2220627239772,-0.739835102964053,25,"Sockeye"
1955,10.8908667564392,-1.07103107050207,25,"Sockeye"
1956,11.8710631643023,-0.090834662639003,25,"Sockeye"
1957,12.3478749820164,0.385977155075146,25,"Sockeye"
1958,13.2306014469692,1.26870362002788,25,"Sockeye"
1959,11.9623036384583,0.000405811516978335,25,"Sockeye"
1960,11.8328381947109,-0.129059632230399,25,"Sockeye"
1961,12.305883373533,0.343985546591695,25,"Sockeye"
1962,11.8123912811279,-0.149506545813355,25,"Sockeye"
1963,12.5906221185412,0.62872429159989,25,"Sockeye"
1964,11.2862903390612,-0.675607487880084,25,"Sockeye"
1965,10.9103071689606,-1.05159065798071,25,"Sockeye"
1966,11.7131859234401,-0.248711903501167,25,"Sockeye"
1967,11.7375418458666,-0.224355981074658,25,"Sockeye"
1968,11.540483048984,-0.421414777957299,25,"Sockeye"
1969,11.3890583515167,-0.572839475424555,25,"Sockeye"
1970,11.3427294322423,-0.619168394699027,25,"Sockeye"
1971,10.7318995850427,-1.22999824189861,25,"Sockeye"
1972,11.3774076529912,-0.584490173950117,25,"Sockeye"
1973,11.5920849187034,-0.369812908237926,25,"Sockeye"
1974,11.3970979281834,-0.564799898757867,25,"Sockeye"
1975,11.243363073894,-0.71853475304732,25,"Sockeye"
1976,11.1267367090498,-0.835161117891516,25,"Sockeye"
1977,11.6366580554417,-0.325239771499567,25,"Sockeye"
1978,12.2922778470176,0.330380020076278,25,"Sockeye"
1979,11.8755671977997,-0.0863306291416018,25,"Sockeye"
1980,12.0313435622624,0.0694457353211179,25,"Sockeye"
1981,11.8230538708823,-0.138843956058968,25,"Sockeye"
1982,11.316054889134,-0.645842937807279,25,"Sockeye"
1983,12.8505603585924,0.88866253165116,25,"Sockeye"
1984,11.4281222139086,-0.533775613032677,25,"Sockeye"
1985,11.7059590135302,-0.255938813411089,25,"Sockeye"
1986,11.8420831475939,-0.119814679347369,25,"Sockeye"
1987,12.0379387991769,0.0760409722356167,25,"Sockeye"
1988,11.8831453323364,-0.0787524946048481,25,"Sockeye"
1989,12.4161183834076,0.454220556466312,25,"Sockeye"
1990,12.346659387861,0.384761560919704,25,"Sockeye"
1991,11.7161757264818,-0.245722100459438,25,"Sockeye"
1992,13.0729782581329,1.11108043119166,25,"Sockeye"
1993,12.8549053668976,0.893007539956306,25,"Sockeye"
1994,12.503628219877,0.541730392935693,25,"Sockeye"
1995,12.9392278535026,0.977330026561271,25,"Sockeye"
1996,11.9836242539542,0.021726427012932,25,"Sockeye"
1997,12.9424164295197,0.980518602578381,25,"Sockeye"
1998,12.9769259861537,1.01502815921246,25,"Sockeye"
1999,11.250898872103,-0.710998954838269,25,"Sockeye"
2000,12.3161041736603,0.354206346719001,25,"Sockeye"
2001,11.5436230387007,-0.418274788240626,25,"Sockeye"
2002,11.5603755882808,-0.401522238660462,25,"Sockeye"
2003,12.6575793879373,0.695681560995998,25,"Sockeye"
2004,13.1624470778874,1.20054925094612,25,"Sockeye"
2005,12.980352810451,1.01845498350969,25,"Sockeye"
2006,12.0542481967381,0.0923503697968294,25,"Sockeye"
2007,11.8347712584904,-0.127126568450855,25,"Sockeye"
2008,10.64023906844,-1.32165875850126,25,"Sockeye"
2009,11.2573212725776,-0.704576554363727,25,"Sockeye"
2010,11.9152426719666,-0.0466551549747182,25,"Sockeye"
2011,11.8752462182726,-0.0866516086686679,25,"Sockeye"
2012,11.8035734721592,-0.158324354782035,25,"Sockeye"
2013,12.2663142340524,0.304416407111107,25,"Sockeye"
2014,12.4263485499791,0.464450723037802,25,"Sockeye"
2015,13.337228843144,1.37533101620273,25,"Sockeye"
2016,13.3842803069523,1.42238248001106,25,"Sockeye"
2017,12.4948841503688,0.532986323427544,25,"Sockeye"
2018,12.817697252546,0.85579942560476,25,"Sockeye"
2019,12.7330683299473,0.771170503006045,25,"Sockeye"
2020,12.4238950525011,0.461997225559856,25,"Sockeye"
2021,12.1238240173885,0.161926190447201,25,"Sockeye"
2022,11.8201523848942,-0.141745442047047,25,"Sockeye"
2023,12.1330858639308,0.171188036989567,25,"Sockeye"
2024,12.4294668265751,0.46756899963386,25,"Sockeye"
2025,12.2019951343536,0.24009730741236,25,"Sockeye"
1950,10.4996659415109,-1.46223188543039,18,"Sockeye"
1951,11.1057878562382,-0.856109970703053,18,"Sockeye"
1952,11.2297064917428,-0.732191335198469,18,"Sockeye"
1953,11.7735470363072,-0.188350790634076,18,"Sockeye"
1954,11.2220627239772,-0.739835102964053,18,"Sockeye"
1955,10.8908667564392,-1.07103107050207,18,"Sockeye"
1956,11.8710631643023,-0.090834662639003,18,"Sockeye"
1957,12.3478749820164,0.385977155075146,18,"Sockeye"
1958,13.2306014469692,1.26870362002788,18,"Sockeye"
1959,11.9623036384583,0.000405811516978335,18,"Sockeye"
1960,11.8328381947109,-0.129059632230399,18,"Sockeye"
1961,12.305883373533,0.343985546591695,18,"Sockeye"
1962,11.8123912811279,-0.149506545813355,18,"Sockeye"
1963,12.5906221185412,0.62872429159989,18,"Sockeye"
1964,11.2862903390612,-0.675607487880084,18,"Sockeye"
1965,10.9103071689606,-1.05159065798071,18,"Sockeye"
1966,11.7131859234401,-0.248711903501167,18,"Sockeye"
1967,11.7375418458666,-0.224355981074658,18,"Sockeye"
1968,11.540483048984,-0.421414777957299,18,"Sockeye"
1969,11.3890583515167,-0.572839475424555,18,"Sockeye"
1970,11.3427294322423,-0.619168394699027,18,"Sockeye"
1971,10.7318995850427,-1.22999824189861,18,"Sockeye"
1972,11.3774076529912,-0.584490173950117,18,"Sockeye"
1973,11.5920849187034,-0.369812908237926,18,"Sockeye"
1974,11.3970979281834,-0.564799898757867,18,"Sockeye"
1975,11.243363073894,-0.71853475304732,18,"Sockeye"
1976,11.1267367090498,-0.835161117891516,18,"Sockeye"
1977,11.6366580554417,-0.325239771499567,18,"Sockeye"
1978,12.2922778470176,0.330380020076278,18,"Sockeye"
1979,11.8755671977997,-0.0863306291416018,18,"Sockeye"
1980,12.0313435622624,0.0694457353211179,18,"Sockeye"
1981,11.8230538708823,-0.138843956058968,18,"Sockeye"
1982,11.316054889134,-0.645842937807279,18,"Sockeye"
1983,12.8505603585924,0.88866253165116,18,"Sockeye"
1984,11.4281222139086,-0.533775613032677,18,"Sockeye"
1985,11.7059590135302,-0.255938813411089,18,"Sockeye"
1986,11.8420831475939,-0.119814679347369,18,"Sockeye"
1987,12.0379387991769,0.0760409722356167,18,"Sockeye"
1988,11.8831453323364,-0.0787524946048481,18,"Sockeye"
1989,12.4161183834076,0.454220556466312,18,"Sockeye"
1990,12.346659387861,0.384761560919704,18,"Sockeye"
1991,11.7161757264818,-0.245722100459438,18,"Sockeye"
1992,13.0729782581329,1.11108043119166,18,"Sockeye"
1993,12.8549053668976,0.893007539956306,18,"Sockeye"
1994,12.503628219877,0.541730392935693,18,"Sockeye"
1995,12.9392278535026,0.977330026561271,18,"Sockeye"
1996,11.9836242539542,0.021726427012932,18,"Sockeye"
1997,12.9424164295197,0.980518602578381,18,"Sockeye"
1998,12.9769259861537,1.01502815921246,18,"Sockeye"
1999,11.250898872103,-0.710998954838269,18,"Sockeye"
2000,12.3161041736603,0.354206346719001,18,"Sockeye"
2001,11.5436230387007,-0.418274788240626,18,"Sockeye"
2002,11.5603755882808,-0.401522238660462,18,"Sockeye"
2003,12.6575793879373,0.695681560995998,18,"Sockeye"
2004,13.1624470778874,1.20054925094612,18,"Sockeye"
2005,12.980352810451,1.01845498350969,18,"Sockeye"
2006,12.0542481967381,0.0923503697968294,18,"Sockeye"
2007,11.8347712584904,-0.127126568450855,18,"Sockeye"
2008,10.64023906844,-1.32165875850126,18,"Sockeye"
2009,11.2573212725776,-0.704576554363727,18,"Sockeye"
2010,11.9152426719666,-0.0466551549747182,18,"Sockeye"
2011,11.8752462182726,-0.0866516086686679,18,"Sockeye"
2012,11.8035734721592,-0.158324354782035,18,"Sockeye"
2013,12.2663142340524,0.304416407111107,18,"Sockeye"
2014,12.4263485499791,0.464450723037802,18,"Sockeye"
2015,13.337228843144,1.37533101620273,18,"Sockeye"
2016,13.3842803069523,1.42238248001106,18,"Sockeye"
2017,12.4948841503688,0.532986323427544,18,"Sockeye"
2018,12.817697252546,0.85579942560476,18,"Sockeye"
2019,12.7330683299473,0.771170503006045,18,"Sockeye"
2020,12.4238950525011,0.461997225559856,18,"Sockeye"
2021,12.1238240173885,0.161926190447201,18,"Sockeye"
2022,11.8201523848942,-0.141745442047047,18,"Sockeye"
2023,12.1330858639308,0.171188036989567,18,"Sockeye"
2024,12.4294668265751,0.46756899963386,18,"Sockeye"
2025,12.2019951343536,0.24009730741236,18,"Sockeye"
1950,10.4996659415109,-1.46223188543039,13,"Sockeye"
1951,11.1057878562382,-0.856109970703053,13,"Sockeye"
1952,11.2297064917428,-0.732191335198469,13,"Sockeye"
1953,11.7735470363072,-0.188350790634076,13,"Sockeye"
1954,11.2220627239772,-0.739835102964053,13,"Sockeye"
1955,10.8908667564392,-1.07103107050207,13,"Sockeye"
1956,11.8710631643023,-0.090834662639003,13,"Sockeye"
1957,12.3478749820164,0.385977155075146,13,"Sockeye"
1958,13.2306014469692,1.26870362002788,13,"Sockeye"
1959,11.9623036384583,0.000405811516978335,13,"Sockeye"
1960,11.8328381947109,-0.129059632230399,13,"Sockeye"
1961,12.305883373533,0.343985546591695,13,"Sockeye"
1962,11.8123912811279,-0.149506545813355,13,"Sockeye"
1963,12.5906221185412,0.62872429159989,13,"Sockeye"
1964,11.2862903390612,-0.675607487880084,13,"Sockeye"
1965,10.9103071689606,-1.05159065798071,13,"Sockeye"
1966,11.7131859234401,-0.248711903501167,13,"Sockeye"
1967,11.7375418458666,-0.224355981074658,13,"Sockeye"
1968,11.540483048984,-0.421414777957299,13,"Sockeye"
1969,11.3890583515167,-0.572839475424555,13,"Sockeye"
1970,11.3427294322423,-0.619168394699027,13,"Sockeye"
1971,10.7318995850427,-1.22999824189861,13,"Sockeye"
1972,11.3774076529912,-0.584490173950117,13,"Sockeye"
1973,11.5920849187034,-0.369812908237926,13,"Sockeye"
1974,11.3970979281834,-0.564799898757867,13,"Sockeye"
1975,11.243363073894,-0.71853475304732,13,"Sockeye"
1976,11.1267367090498,-0.835161117891516,13,"Sockeye"
1977,11.6366580554417,-0.325239771499567,13,"Sockeye"
1978,12.2922778470176,0.330380020076278,13,"Sockeye"
1979,11.8755671977997,-0.0863306291416018,13,"Sockeye"
1980,12.0313435622624,0.0694457353211179,13,"Sockeye"
1981,11.8230538708823,-0.138843956058968,13,"Sockeye"
1982,11.316054889134,-0.645842937807279,13,"Sockeye"
1983,12.8505603585924,0.88866253165116,13,"Sockeye"
1984,11.4281222139086,-0.533775613032677,13,"Sockeye"
1985,11.7059590135302,-0.255938813411089,13,"Sockeye"
1986,11.8420831475939,-0.119814679347369,13,"Sockeye"
1987,12.0379387991769,0.0760409722356167,13,"Sockeye"
1988,11.8831453323364,-0.0787524946048481,13,"Sockeye"
1989,12.4161183834076,0.454220556466312,13,"Sockeye"
1990,12.346659387861,0.384761560919704,13,"Sockeye"
1991,11.7161757264818,-0.245722100459438,13,"Sockeye"
1992,13.0729782581329,1.11108043119166,13,"Sockeye"
1993,12.8549053668976,0.893007539956306,13,"Sockeye"
1994,12.503628219877,0.541730392935693,13,"Sockeye"
1995,12.9392278535026,0.977330026561271,13,"Sockeye"
1996,11.9836242539542,0.021726427012932,13,"Sockeye"
1997,12.9424164295197,0.980518602578381,13,"Sockeye"
1998,12.9769259861537,1.01502815921246,13,"Sockeye"
1999,11.250898872103,-0.710998954838269,13,"Sockeye"
2000,12.3161041736603,0.354206346719001,13,"Sockeye"
2001,11.5436230387007,-0.418274788240626,13,"Sockeye"
2002,11.5603755882808,-0.401522238660462,13,"Sockeye"
2003,12.6575793879373,0.695681560995998,13,"Sockeye"
2004,13.1624470778874,1.20054925094612,13,"Sockeye"
2005,12.980352810451,1.01845498350969,13,"Sockeye"
2006,12.0542481967381,0.0923503697968294,13,"Sockeye"
2007,11.8347712584904,-0.127126568450855,13,"Sockeye"
2008,10.64023906844,-1.32165875850126,13,"Sockeye"
2009,11.2573212725776,-0.704576554363727,13,"Sockeye"
2010,11.9152426719666,-0.0466551549747182,13,"Sockeye"
2011,11.8752462182726,-0.0866516086686679,13,"Sockeye"
2012,11.8035734721592,-0.158324354782035,13,"Sockeye"
2013,12.2663142340524,0.304416407111107,13,"Sockeye"
2014,12.4263485499791,0.464450723037802,13,"Sockeye"
2015,13.337228843144,1.37533101620273,13,"Sockeye"
2016,13.3842803069523,1.42238248001106,13,"Sockeye"
2017,12.4948841503688,0.532986323427544,13,"Sockeye"
2018,12.817697252546,0.85579942560476,13,"Sockeye"
2019,12.7330683299473,0.771170503006045,13,"Sockeye"
2020,12.4238950525011,0.461997225559856,13,"Sockeye"
2021,12.1238240173885,0.161926190447201,13,"Sockeye"
2022,11.8201523848942,-0.141745442047047,13,"Sockeye"
2023,12.1330858639308,0.171188036989567,13,"Sockeye"
2024,12.4294668265751,0.46756899963386,13,"Sockeye"
2025,12.2019951343536,0.24009730741236,13,"Sockeye"
1950,10.4996659415109,-1.46223188543039,23,"Sockeye"
1951,11.1057878562382,-0.856109970703053,23,"Sockeye"
1952,11.2297064917428,-0.732191335198469,23,"Sockeye"
1953,11.7735470363072,-0.188350790634076,23,"Sockeye"
1954,11.2220627239772,-0.739835102964053,23,"Sockeye"
1955,10.8908667564392,-1.07103107050207,23,"Sockeye"
1956,11.8710631643023,-0.090834662639003,23,"Sockeye"
1957,12.3478749820164,0.385977155075146,23,"Sockeye"
1958,13.2306014469692,1.26870362002788,23,"Sockeye"
1959,11.9623036384583,0.000405811516978335,23,"Sockeye"
1960,11.8328381947109,-0.129059632230399,23,"Sockeye"
1961,12.305883373533,0.343985546591695,23,"Sockeye"
1962,11.8123912811279,-0.149506545813355,23,"Sockeye"
1963,12.5906221185412,0.62872429159989,23,"Sockeye"
1964,11.2862903390612,-0.675607487880084,23,"Sockeye"
1965,10.9103071689606,-1.05159065798071,23,"Sockeye"
1966,11.7131859234401,-0.248711903501167,23,"Sockeye"
1967,11.7375418458666,-0.224355981074658,23,"Sockeye"
1968,11.540483048984,-0.421414777957299,23,"Sockeye"
1969,11.3890583515167,-0.572839475424555,23,"Sockeye"
1970,11.3427294322423,-0.619168394699027,23,"Sockeye"
1971,10.7318995850427,-1.22999824189861,23,"Sockeye"
1972,11.3774076529912,-0.584490173950117,23,"Sockeye"
1973,11.5920849187034,-0.369812908237926,23,"Sockeye"
1974,11.3970979281834,-0.564799898757867,23,"Sockeye"
1975,11.243363073894,-0.71853475304732,23,"Sockeye"
1976,11.1267367090498,-0.835161117891516,23,"Sockeye"
1977,11.6366580554417,-0.325239771499567,23,"Sockeye"
1978,12.2922778470176,0.330380020076278,23,"Sockeye"
1979,11.8755671977997,-0.0863306291416018,23,"Sockeye"
1980,12.0313435622624,0.0694457353211179,23,"Sockeye"
1981,11.8230538708823,-0.138843956058968,23,"Sockeye"
1982,11.316054889134,-0.645842937807279,23,"Sockeye"
1983,12.8505603585924,0.88866253165116,23,"Sockeye"
1984,11.4281222139086,-0.533775613032677,23,"Sockeye"
1985,11.7059590135302,-0.255938813411089,23,"Sockeye"
1986,11.8420831475939,-0.119814679347369,23,"Sockeye"
1987,12.0379387991769,0.0760409722356167,23,"Sockeye"
1988,11.8831453323364,-0.0787524946048481,23,"Sockeye"
1989,12.4161183834076,0.454220556466312,23,"Sockeye"
1990,12.346659387861,0.384761560919704,23,"Sockeye"
1991,11.7161757264818,-0.245722100459438,23,"Sockeye"
1992,13.0729782581329,1.11108043119166,23,"Sockeye"
1993,12.8549053668976,0.893007539956306,23,"Sockeye"
1994,12.503628219877,0.541730392935693,23,"Sockeye"
1995,12.9392278535026,0.977330026561271,23,"Sockeye"
1996,11.9836242539542,0.021726427012932,23,"Sockeye"
1997,12.9424164295197,0.980518602578381,23,"Sockeye"
1998,12.9769259861537,1.01502815921246,23,"Sockeye"
1999,11.250898872103,-0.710998954838269,23,"Sockeye"
2000,12.3161041736603,0.354206346719001,23,"Sockeye"
2001,11.5436230387007,-0.418274788240626,23,"Sockeye"
2002,11.5603755882808,-0.401522238660462,23,"Sockeye"
2003,12.6575793879373,0.695681560995998,23,"Sockeye"
2004,13.1624470778874,1.20054925094612,23,"Sockeye"
2005,12.980352810451,1.01845498350969,23,"Sockeye"
2006,12.0542481967381,0.0923503697968294,23,"Sockeye"
2007,11.8347712584904,-0.127126568450855,23,"Sockeye"
2008,10.64023906844,-1.32165875850126,23,"Sockeye"
2009,11.2573212725776,-0.704576554363727,23,"Sockeye"
2010,11.9152426719666,-0.0466551549747182,23,"Sockeye"
2011,11.8752462182726,-0.0866516086686679,23,"Sockeye"
2012,11.8035734721592,-0.158324354782035,23,"Sockeye"
2013,12.2663142340524,0.304416407111107,23,"Sockeye"
2014,12.4263485499791,0.464450723037802,23,"Sockeye"
2015,13.337228843144,1.37533101620273,23,"Sockeye"
2016,13.3842803069523,1.42238248001106,23,"Sockeye"
2017,12.4948841503688,0.532986323427544,23,"Sockeye"
2018,12.817697252546,0.85579942560476,23,"Sockeye"
2019,12.7330683299473,0.771170503006045,23,"Sockeye"
2020,12.4238950525011,0.461997225559856,23,"Sockeye"
2021,12.1238240173885,0.161926190447201,23,"Sockeye"
2022,11.8201523848942,-0.141745442047047,23,"Sockeye"
2023,12.1330858639308,0.171188036989567,23,"Sockeye"
2024,12.4294668265751,0.46756899963386,23,"Sockeye"
2025,12.2019951343536,0.24009730741236,23,"Sockeye"
1950,10.3439142823219,-1.44833112024281,100,"Sockeye"
1951,10.963323533535,-0.828921869029737,100,"Sockeye"
1952,11.051415336132,-0.740830066432695,100,"Sockeye"
1953,11.5765311002731,-0.215714302291603,100,"Sockeye"
1954,11.0636145353317,-0.728630867233014,100,"Sockeye"
1955,10.7042181611061,-1.08802724145863,100,"Sockeye"
1956,11.7172028422356,-0.075042560329181,100,"Sockeye"
1957,12.208773624897,0.416528222332262,100,"Sockeye"
1958,13.0822411298752,1.28999572731044,100,"Sockeye"
1959,11.8263957738876,0.034150371322893,100,"Sockeye"
1960,11.6522100925446,-0.140035310020176,100,"Sockeye"
1961,12.1396283388138,0.347382936249038,100,"Sockeye"
1962,11.6617693424225,-0.130476060142263,100,"Sockeye"
1963,12.4344488620758,0.642203459511061,100,"Sockeye"
1964,11.1208798646927,-0.67136553787205,100,"Sockeye"
1965,10.7652062416077,-1.02703916095708,100,"Sockeye"
1966,11.5413547754288,-0.250890627135974,100,"Sockeye"
1967,11.5821694493294,-0.210075953235356,100,"Sockeye"
1968,11.4001620531082,-0.392083349456526,100,"Sockeye"
1969,11.2266123056412,-0.565633096923567,100,"Sockeye"
1970,11.1983474731445,-0.593897929420214,100,"Sockeye"
1971,10.5670654177666,-1.22517998479818,100,"Sockeye"
1972,11.2252514839172,-0.5669939186475,100,"Sockeye"
1973,11.4131577014923,-0.379087701072434,100,"Sockeye"
1974,11.2213625788689,-0.570882823695882,100,"Sockeye"
1975,11.0309417963028,-0.761303606261943,100,"Sockeye"
1976,10.9163425922394,-0.875902810325368,100,"Sockeye"
1977,11.4370845317841,-0.355160870780691,100,"Sockeye"
1978,12.1026064157486,0.310361013183852,100,"Sockeye"
1979,11.7141946554184,-0.0780507471463473,100,"Sockeye"
1980,11.8316741228104,0.0394287202456222,100,"Sockeye"
1981,11.6856795072556,-0.106565895309183,100,"Sockeye"
1982,11.1472546458244,-0.644990756740307,100,"Sockeye"
1983,12.6613796472549,0.869134244690199,100,"Sockeye"
1984,11.2663004636764,-0.525944938888292,100,"Sockeye"
1985,11.5020379781723,-0.290207424392437,100,"Sockeye"
1986,11.6753410577774,-0.116904344787332,100,"Sockeye"
1987,11.8489182472229,0.0566728446581596,100,"Sockeye"
1988,11.6962819337845,-0.0959634687802514,100,"Sockeye"
1989,12.2162224531174,0.423977050552625,100,"Sockeye"
1990,12.1898430109024,0.397597608337667,100,"Sockeye"
1991,11.5689862966537,-0.223259105910997,100,"Sockeye"
1992,12.8902551174164,1.09800971485165,100,"Sockeye"
1993,12.651712346077,0.859466943512224,100,"Sockeye"
1994,12.3503035783768,0.558058175812026,100,"Sockeye"
1995,12.7312612533569,0.939015850792198,100,"Sockeye"
1996,11.8112361192703,0.0189907167055875,100,"Sockeye"
1997,12.7530309200287,0.960785517463952,100,"Sockeye"
1998,12.7741493463516,0.981903943786881,100,"Sockeye"
1999,11.0311819553375,-0.761063447227214,100,"Sockeye"
2000,12.1028990030289,0.310653600464125,100,"Sockeye"
2001,11.3416466474533,-0.450598755111428,100,"Sockeye"
2002,11.4124662876129,-0.379779114951823,100,"Sockeye"
2003,12.4878076791763,0.695562276611589,100,"Sockeye"
2004,13.0026208162308,1.21037541366603,100,"Sockeye"
2005,12.8213785648346,1.02913316226986,100,"Sockeye"
2006,11.9115501403809,0.119304737816117,100,"Sockeye"
2007,11.6474853754044,-0.144760027160385,100,"Sockeye"
2008,10.4848044276237,-1.307440974941,100,"Sockeye"
2009,11.1180596470833,-0.674185755481466,100,"Sockeye"
2010,11.7156088829041,-0.0766365196606826,100,"Sockeye"
2011,11.6815694451332,-0.11067595743154,100,"Sockeye"
2012,11.561440038681,-0.230805363883714,100,"Sockeye"
2013,12.106288766861,0.314043364296221,100,"Sockeye"
2014,12.3171616792679,0.52491627670315,100,"Sockeye"
2015,13.227760219574,1.43551481700924,100,"Sockeye"
2016,13.2274536132813,1.43520821071651,100,"Sockeye"
2017,12.3131237506866,0.520878348121906,100,"Sockeye"
2018,12.6422736883163,0.850028285751607,100,"Sockeye"
2019,12.6070917606354,0.814846358070629,100,"Sockeye"
2020,12.2746874094009,0.4824420068362,100,"Sockeye"
2021,11.9850149393082,0.192769536743424,100,"Sockeye"
2022,11.6722453117371,-0.120000090827681,100,"Sockeye"
2023,11.9940901875496,0.201844784984854,100,"Sockeye"
2024,12.2789705038071,0.486725101242327,100,"Sockeye"
2025,12.0997115850449,0.307466182480125,100,"Sockeye"
1950,10.3439142823219,-1.44833112024281,101,"Sockeye"
1951,10.963323533535,-0.828921869029737,101,"Sockeye"
1952,11.051415336132,-0.740830066432695,101,"Sockeye"
1953,11.5765311002731,-0.215714302291603,101,"Sockeye"
1954,11.0636145353317,-0.728630867233014,101,"Sockeye"
1955,10.7042181611061,-1.08802724145863,101,"Sockeye"
1956,11.7172028422356,-0.075042560329181,101,"Sockeye"
1957,12.208773624897,0.416528222332262,101,"Sockeye"
1958,13.0822411298752,1.28999572731044,101,"Sockeye"
1959,11.8263957738876,0.034150371322893,101,"Sockeye"
1960,11.6522100925446,-0.140035310020176,101,"Sockeye"
1961,12.1396283388138,0.347382936249038,101,"Sockeye"
1962,11.6617693424225,-0.130476060142263,101,"Sockeye"
1963,12.4344488620758,0.642203459511061,101,"Sockeye"
1964,11.1208798646927,-0.67136553787205,101,"Sockeye"
1965,10.7652062416077,-1.02703916095708,101,"Sockeye"
1966,11.5413547754288,-0.250890627135974,101,"Sockeye"
1967,11.5821694493294,-0.210075953235356,101,"Sockeye"
1968,11.4001620531082,-0.392083349456526,101,"Sockeye"
1969,11.2266123056412,-0.565633096923567,101,"Sockeye"
1970,11.1983474731445,-0.593897929420214,101,"Sockeye"
1971,10.5670654177666,-1.22517998479818,101,"Sockeye"
1972,11.2252514839172,-0.5669939186475,101,"Sockeye"
1973,11.4131577014923,-0.379087701072434,101,"Sockeye"
1974,11.2213625788689,-0.570882823695882,101,"Sockeye"
1975,11.0309417963028,-0.761303606261943,101,"Sockeye"
1976,10.9163425922394,-0.875902810325368,101,"Sockeye"
1977,11.4370845317841,-0.355160870780691,101,"Sockeye"
1978,12.1026064157486,0.310361013183852,101,"Sockeye"
1979,11.7141946554184,-0.0780507471463473,101,"Sockeye"
1980,11.8316741228104,0.0394287202456222,101,"Sockeye"
1981,11.6856795072556,-0.106565895309183,101,"Sockeye"
1982,11.1472546458244,-0.644990756740307,101,"Sockeye"
1983,12.6613796472549,0.869134244690199,101,"Sockeye"
1984,11.2663004636764,-0.525944938888292,101,"Sockeye"
1985,11.5020379781723,-0.290207424392437,101,"Sockeye"
1986,11.6753410577774,-0.116904344787332,101,"Sockeye"
1987,11.8489182472229,0.0566728446581596,101,"Sockeye"
1988,11.6962819337845,-0.0959634687802514,101,"Sockeye"
1989,12.2162224531174,0.423977050552625,101,"Sockeye"
1990,12.1898430109024,0.397597608337667,101,"Sockeye"
1991,11.5689862966537,-0.223259105910997,101,"Sockeye"
1992,12.8902551174164,1.09800971485165,101,"Sockeye"
1993,12.651712346077,0.859466943512224,101,"Sockeye"
1994,12.3503035783768,0.558058175812026,101,"Sockeye"
1995,12.7312612533569,0.939015850792198,101,"Sockeye"
1996,11.8112361192703,0.0189907167055875,101,"Sockeye"
1997,12.7530309200287,0.960785517463952,101,"Sockeye"
1998,12.7741493463516,0.981903943786881,101,"Sockeye"
1999,11.0311819553375,-0.761063447227214,101,"Sockeye"
2000,12.1028990030289,0.310653600464125,101,"Sockeye"
2001,11.3416466474533,-0.450598755111428,101,"Sockeye"
2002,11.4124662876129,-0.379779114951823,101,"Sockeye"
2003,12.4878076791763,0.695562276611589,101,"Sockeye"
2004,13.0026208162308,1.21037541366603,101,"Sockeye"
2005,12.8213785648346,1.02913316226986,101,"Sockeye"
2006,11.9115501403809,0.119304737816117,101,"Sockeye"
2007,11.6474853754044,-0.144760027160385,101,"Sockeye"
2008,10.4848044276237,-1.307440974941,101,"Sockeye"
2009,11.1180596470833,-0.674185755481466,101,"Sockeye"
2010,11.7156088829041,-0.0766365196606826,101,"Sockeye"
2011,11.6815694451332,-0.11067595743154,101,"Sockeye"
2012,11.561440038681,-0.230805363883714,101,"Sockeye"
2013,12.106288766861,0.314043364296221,101,"Sockeye"
2014,12.3171616792679,0.52491627670315,101,"Sockeye"
2015,13.227760219574,1.43551481700924,101,"Sockeye"
2016,13.2274536132813,1.43520821071651,101,"Sockeye"
2017,12.3131237506866,0.520878348121906,101,"Sockeye"
2018,12.6422736883163,0.850028285751607,101,"Sockeye"
2019,12.6070917606354,0.814846358070629,101,"Sockeye"
2020,12.2746874094009,0.4824420068362,101,"Sockeye"
2021,11.9850149393082,0.192769536743424,101,"Sockeye"
2022,11.6722453117371,-0.120000090827681,101,"Sockeye"
2023,11.9940901875496,0.201844784984854,101,"Sockeye"
2024,12.2789705038071,0.486725101242327,101,"Sockeye"
2025,12.0997115850449,0.307466182480125,101,"Sockeye"
1950,8.89075551249765,-1.54771343307803,60,"Sockeye"
1951,9.66711093078961,-0.771358014786076,60,"Sockeye"
1952,9.69544743407856,-0.74302151149712,60,"Sockeye"
1953,10.0875788710334,-0.350890074542272,60,"Sockeye"
1954,9.72882822426882,-0.709640721306858,60,"Sockeye"
1955,9.44354153763164,-0.994927407944042,60,"Sockeye"
1956,10.511798414317,0.0733294687413597,60,"Sockeye"
1957,10.8914139595899,0.452945014014189,60,"Sockeye"
1958,11.9200919541446,1.48162300856888,60,"Sockeye"
1959,10.5958003889431,0.157331443367386,60,"Sockeye"
1960,10.3592791774056,-0.0791897681700574,60,"Sockeye"
1961,10.8385116403753,0.400042694799626,60,"Sockeye"
1962,10.4734745784239,0.0350056328482562,60,"Sockeye"
1963,11.2088764255697,0.770407479994029,60,"Sockeye"
1964,9.72940996560184,-0.709058979973841,60,"Sockeye"
1965,9.30305317315188,-1.1354157724238,60,"Sockeye"
1966,10.0656714222648,-0.372797523310888,60,"Sockeye"
1967,10.3063868067481,-0.132082138827545,60,"Sockeye"
1968,10.2238333441994,-0.214635601376246,60,"Sockeye"
1969,9.79262624003671,-0.645842705538971,60,"Sockeye"
1970,9.98055262999101,-0.457916315584669,60,"Sockeye"
1971,9.17279783162203,-1.26567111395365,60,"Sockeye"
1972,9.84827563979409,-0.590193305781594,60,"Sockeye"
1973,9.93124418908899,-0.507224756486689,60,"Sockeye"
1974,9.84555049376054,-0.592918451815139,60,"Sockeye"
1975,9.44508801807057,-0.993380927505113,60,"Sockeye"
1976,9.41399151628667,-1.02447742928901,60,"Sockeye"
1977,10.0872038277713,-0.35126511780441,60,"Sockeye"
1978,10.5935528495095,0.155083903933816,60,"Sockeye"
1979,10.38292704929,-0.0555418962856337,60,"Sockeye"
1980,10.3002132394097,-0.138255706165974,60,"Sockeye"
1981,10.5537391792644,0.115270233688741,60,"Sockeye"
1982,9.71203274076635,-0.726436204809331,60,"Sockeye"
1983,11.301157376983,0.862688431407269,60,"Sockeye"
1984,10.0990894816139,-0.339379463961827,60,"Sockeye"
1985,9.9009980396791,-0.537470905896584,60,"Sockeye"
1986,10.2734605399045,-0.165008405671175,60,"Sockeye"
1987,10.3199648748745,-0.11850407070122,60,"Sockeye"
1988,10.3179259300232,-0.120543015552479,60,"Sockeye"
1989,10.6809173063798,0.242448360804153,60,"Sockeye"
1990,10.8492562012239,0.410787255648217,60,"Sockeye"
1991,10.2996104738929,-0.138858471682775,60,"Sockeye"
1992,11.223222526637,0.784753581061317,60,"Sockeye"
1993,11.2116492228074,0.773180277231767,60,"Sockeye"
1994,11.102962623943,0.664493678367295,60,"Sockeye"
1995,11.1643740047108,0.725905059135124,60,"Sockeye"
1996,10.3857518109408,-0.0527171346348513,60,"Sockeye"
1997,11.1757765900005,0.73730764442482,60,"Sockeye"
1998,11.2495899092067,0.811120963631055,60,"Sockeye"
1999,9.54054355621339,-0.897925389362296,60,"Sockeye"
2000,10.5413900830529,0.102921137477209,60,"Sockeye"
2001,9.89922851865942,-0.539240426916259,60,"Sockeye"
2002,10.138571023941,-0.299897921634643,60,"Sockeye"
2003,11.2345056533813,0.796036707805665,60,"Sockeye"
2004,11.6564427289096,1.21797378333389,60,"Sockeye"
2005,11.7092669010162,1.27079795544055,60,"Sockeye"
2006,10.7003847143867,0.261915768811004,60,"Sockeye"
2007,10.1283077651804,-0.310161180395265,60,"Sockeye"
2008,9.30011524937369,-1.13835369620199,60,"Sockeye"
2009,9.95992811159654,-0.478540833979141,60,"Sockeye"
2010,10.339975530451,-0.098493415124687,60,"Sockeye"
2011,10.4314623420889,-0.00700660348681364,60,"Sockeye"
2012,9.89789004759355,-0.540578897982133,60,"Sockeye"
2013,10.7761822830547,0.337713337479016,60,"Sockeye"
2014,11.159541758624,0.721072813048314,60,"Sockeye"
2015,12.0308493050662,1.59238035949052,60,"Sockeye"
2016,11.9427179206501,1.50424897507446,60,"Sockeye"
2017,10.9744273749265,0.535958429350798,60,"Sockeye"
2018,11.3009725809097,0.862503635334046,60,"Sockeye"
2019,11.6050875512036,1.16661860562796,60,"Sockeye"
2020,10.987713672898,0.549244727322348,60,"Sockeye"
2021,10.6542818437923,0.215812898216625,60,"Sockeye"
2022,10.5420803915371,0.103611445961377,60,"Sockeye"
2023,10.7778383601796,0.339369414603872,60,"Sockeye"
2024,11.036398042332,0.597929096756361,60,"Sockeye"
2025,11.0585081035441,0.620039157968376,60,"Sockeye"
1950,8.4984040090016,-1.50283483084867,73,"Sockeye"
1951,9.34654828480313,-0.654690555047143,73,"Sockeye"
1952,9.25264556918825,-0.748593270662014,73,"Sockeye"
1953,9.63026031426021,-0.370978525590056,73,"Sockeye"
1954,9.33716647965567,-0.664072360194594,73,"Sockeye"
1955,9.05462464264461,-0.946614197205656,73,"Sockeye"
1956,10.0840229051454,0.0827840652950988,73,"Sockeye"
1957,10.5002860767501,0.499047236899806,73,"Sockeye"
1958,11.538951422487,1.53771258263672,73,"Sockeye"
1959,10.224700655256,0.22346181540573,73,"Sockeye"
1960,9.88898703030178,-0.11225180954849,73,"Sockeye"
1961,10.4076035448483,0.406364704998036,73,"Sockeye"
1962,10.0993641189167,0.0981252790663841,73,"Sockeye"
1963,10.7669659001487,0.765727060298399,73,"Sockeye"
1964,9.31019203151976,-0.691046808330507,73,"Sockeye"
1965,8.9228378874915,-1.07840095235877,73,"Sockeye"
1966,9.62779599428177,-0.373442845568497,73,"Sockeye"
1967,9.92832154035569,-0.0729172994945811,73,"Sockeye"
1968,9.86124801635742,-0.139990823492848,73,"Sockeye"
1969,9.340565936906,-0.660672902944269,73,"Sockeye"
1970,9.60563770362309,-0.395601136227176,73,"Sockeye"
1971,8.73994745526995,-1.26129138458032,73,"Sockeye"
1972,9.43855687550136,-0.56268196434891,73,"Sockeye"
1973,9.43687589679445,-0.564362943055817,73,"Sockeye"
1974,9.38214537075588,-0.619093469094393,73,"Sockeye"
1975,8.93221171413149,-1.06902712571877,73,"Sockeye"
1976,8.91384165627616,-1.08739718357411,73,"Sockeye"
1977,9.67204384292875,-0.329194996921517,73,"Sockeye"
1978,10.1024844731603,0.101245633310068,73,"Sockeye"
1979,10.0110272169113,0.00978837706104947,73,"Sockeye"
1980,9.81489201954433,-0.186346820305935,73,"Sockeye"
1981,10.2030293345451,0.201790494694872,73,"Sockeye"
1982,9.2336408666202,-0.76759797323007,73,"Sockeye"
1983,10.8233959078789,0.82215706802861,73,"Sockeye"
1984,9.73040318489075,-0.270835654959516,73,"Sockeye"
1985,9.3794042468071,-0.621834593043167,73,"Sockeye"
1986,9.82642085211617,-0.174817987734094,73,"Sockeye"
1987,9.79300775698253,-0.208231082867735,73,"Sockeye"
1988,9.80936825275421,-0.191870587096052,73,"Sockeye"
1989,10.1135630777904,0.112324237940129,73,"Sockeye"
1990,10.3949210728918,0.393682233041514,73,"Sockeye"
1991,9.89954882008689,-0.101690019763381,73,"Sockeye"
1992,10.7038539477757,0.702615107925438,73,"Sockeye"
1993,10.7048084650721,0.703569625221817,73,"Sockeye"
1994,10.6675773773875,0.666338537537184,73,"Sockeye"
1995,10.5876093166215,0.586370476771238,73,"Sockeye"
1996,9.95712482077735,-0.0441140190729188,73,"Sockeye"
1997,10.6945608598845,0.693322020034265,73,"Sockeye"
1998,10.7070383429527,0.705799503102464,73,"Sockeye"
1999,9.00661725657327,-0.994621583276993,73,"Sockeye"
2000,10.0153514487403,0.0141126088900031,73,"Sockeye"
2001,9.4450015936579,-0.556237246192363,73,"Sockeye"
2002,9.77114999294281,-0.230088846907457,73,"Sockeye"
2003,10.7723732760974,0.771134436247167,73,"Sockeye"
2004,11.1962936946324,1.19505485478213,73,"Sockeye"
2005,11.3089323895318,1.30769354968155,73,"Sockeye"
2006,10.2555956329618,0.254356793111552,73,"Sockeye"
2007,9.63515761068889,-0.366081229161377,73,"Sockeye"
2008,8.89144436802183,-1.10979447182844,73,"Sockeye"
2009,9.6159559062549,-0.385282933595365,73,"Sockeye"
2010,9.86126359871456,-0.139975241135712,73,"Sockeye"
2011,9.93177978481565,-0.069459055034618,73,"Sockeye"
2012,9.31208047696522,-0.689158362885044,73,"Sockeye"
2013,10.3592703512737,0.358031511423407,73,"Sockeye"
2014,10.9008347306933,0.899595890843008,73,"Sockeye"
2015,11.6952942950385,1.69405545518823,73,"Sockeye"
2016,11.5009935242789,1.49975468442865,73,"Sockeye"
2017,10.458340040275,0.457101200424761,73,"Sockeye"
2018,10.8442977326257,0.843058892775423,73,"Sockeye"
2019,11.303614284311,1.30237544446076,73,"Sockeye"
2020,10.6420082194465,0.640769379596183,73,"Sockeye"
2021,10.2824351702418,0.281196330391495,73,"Sockeye"
2022,10.1839168412345,0.182678001384212,73,"Sockeye"
2023,10.4130019119808,0.411763072130496,73,"Sockeye"
2024,10.6039348414966,0.602696001646337,73,"Sockeye"
2025,10.7441630193165,0.742924179466263,73,"Sockeye"
1950,8.54788509011269,-1.56805516901898,61,"Sockeye"
1951,9.36864641308785,-0.747293846043817,61,"Sockeye"
1952,9.38789285719395,-0.728047401937723,61,"Sockeye"
1953,9.74167071282864,-0.374269546303032,61,"Sockeye"
1954,9.43994741141796,-0.675992847713708,61,"Sockeye"
1955,9.17719629406929,-0.938743965062379,61,"Sockeye"
1956,10.2386215031147,0.122681243983025,61,"Sockeye"
1957,10.5813519060612,0.465411646929504,61,"Sockeye"
1958,11.6349245905876,1.51898433145595,61,"Sockeye"
1959,10.325750336051,0.209810076919321,61,"Sockeye"
1960,10.0730522871017,-0.042887972029919,61,"Sockeye"
1961,10.554960668087,0.439020408955337,61,"Sockeye"
1962,10.1995845884085,0.0836443292768077,61,"Sockeye"
1963,10.9032584577799,0.787318198648222,61,"Sockeye"
1964,9.39562703669072,-0.720313222440949,61,"Sockeye"
1965,8.9416386783123,-1.17430158081937,61,"Sockeye"
1966,9.69836708903313,-0.417573170098537,61,"Sockeye"
1967,10.0035584270954,-0.112381832036248,61,"Sockeye"
1968,9.96344624459743,-0.152494014534238,61,"Sockeye"
1969,9.44409407675267,-0.671846182378998,61,"Sockeye"
1970,9.69051122665405,-0.425429032477614,61,"Sockeye"
1971,8.84469793736934,-1.27124232176232,61,"Sockeye"
1972,9.52208161354065,-0.593858645591019,61,"Sockeye"
1973,9.56570570170879,-0.550234557422875,61,"Sockeye"
1974,9.52373312413692,-0.592207134994744,61,"Sockeye"
1975,9.05559849739075,-1.06034176174092,61,"Sockeye"
1976,9.07417108118534,-1.04176917794633,61,"Sockeye"
1977,9.77876508235931,-0.337175176772353,61,"Sockeye"
1978,10.2216737568378,0.105733497706175,61,"Sockeye"
1979,10.0561121702194,-0.0598280889122505,61,"Sockeye"
1980,9.93709079921246,-0.17884945991921,61,"Sockeye"
1981,10.2923363447189,0.176396085587275,61,"Sockeye"
1982,9.36761304736137,-0.748327211770299,61,"Sockeye"
1983,10.9752622395754,0.85932198044372,61,"Sockeye"
1984,9.85632880032063,-0.259611458811039,61,"Sockeye"
1985,9.50424449145794,-0.611695767673727,61,"Sockeye"
1986,9.93740957975387,-0.178530679377793,61,"Sockeye"
1987,9.95120404660702,-0.164736212524647,61,"Sockeye"
1988,10.0066415667534,-0.109298692378273,61,"Sockeye"
1989,10.3018560409546,0.185915781822922,61,"Sockeye"
1990,10.5059690028429,0.39002874371124,61,"Sockeye"
1991,9.95717556774616,-0.158764691385505,61,"Sockeye"
1992,10.8001006990671,0.684160439935454,61,"Sockeye"
1993,10.8616465032101,0.745706244078397,61,"Sockeye"
1994,10.7755944132805,0.659654154148815,61,"Sockeye"
1995,10.767814964056,0.651874704924347,61,"Sockeye"
1996,10.0514990091324,-0.0644412499992797,61,"Sockeye"
1997,10.7998427450657,0.68390248593402,61,"Sockeye"
1998,10.8604979664087,0.744557707277064,61,"Sockeye"
1999,9.20009484887124,-0.915845410260429,61,"Sockeye"
2000,10.1655620187521,0.0496217596204247,61,"Sockeye"
2001,9.55706734955311,-0.558872909578557,61,"Sockeye"
2002,9.81228385865689,-0.303656400474783,61,"Sockeye"
2003,10.9253844916821,0.809444232550387,61,"Sockeye"
2004,11.3116667866707,1.19572652753901,61,"Sockeye"
2005,11.4456951320171,1.32975487288546,61,"Sockeye"
2006,10.4072776287794,0.29133736964775,61,"Sockeye"
2007,9.78750632703304,-0.328433932098624,61,"Sockeye"
2008,9.04019020497799,-1.07575005415368,61,"Sockeye"
2009,9.69797909259796,-0.417961166533705,61,"Sockeye"
2010,10.0240062177181,-0.0919340414135451,61,"Sockeye"
2011,10.157282024622,0.0413417654902955,61,"Sockeye"
2012,9.51353904604912,-0.602401213082549,61,"Sockeye"
2013,10.4346251189709,0.318684859839202,61,"Sockeye"
2014,10.8949499428272,0.779009683695562,61,"Sockeye"
2015,11.7015862166882,1.58564595755649,61,"Sockeye"
2016,11.6200541257858,1.50411386665416,61,"Sockeye"
2017,10.6660841405392,0.550143881407502,61,"Sockeye"
2018,10.9775459617376,0.861605702605965,61,"Sockeye"
2019,11.3636877089739,1.24774744984223,61,"Sockeye"
2020,10.6750575453043,0.559117286172626,61,"Sockeye"
2021,10.3130995482206,0.197159289088966,61,"Sockeye"
2022,10.306760892272,0.190820633140326,61,"Sockeye"
2023,10.4759536236525,0.360013364520786,61,"Sockeye"
2024,10.7290387451649,0.613098486033201,61,"Sockeye"
2025,10.8038234263658,0.687883167234179,61,"Sockeye"
1950,8.21719460303967,-1.54621055467865,71,"Sockeye"
1951,9.08272617596847,-0.680678981749851,71,"Sockeye"
1952,9.06097880693582,-0.702426350782496,71,"Sockeye"
1953,9.4437243113151,-0.31968084640322,71,"Sockeye"
1954,9.15009483007284,-0.613310327645474,71,"Sockeye"
1955,8.87386859380282,-0.889536563915497,71,"Sockeye"
1956,9.88879088255075,0.125385724832429,71,"Sockeye"
1957,10.2543368614637,0.490931703745376,71,"Sockeye"
1958,11.2785649758119,1.51515981809357,71,"Sockeye"
1959,10.0490013911174,0.285596233399071,71,"Sockeye"
1960,9.69506203211271,-0.0683431256056031,71,"Sockeye"
1961,10.2211002478233,0.457695090104958,71,"Sockeye"
1962,9.88411715397468,0.120711996256363,71,"Sockeye"
1963,10.5157748093972,0.752369651678869,71,"Sockeye"
1964,9.0507844228011,-0.712620734917221,71,"Sockeye"
1965,8.56792898361499,-1.19547617410332,71,"Sockeye"
1966,9.32847024844243,-0.434934909275886,71,"Sockeye"
1967,9.72710977150844,-0.0362953862098752,71,"Sockeye"
1968,9.68558730528905,-0.0778178524292712,71,"Sockeye"
1969,9.05015664834243,-0.713248509375887,71,"Sockeye"
1970,9.35258206037375,-0.41082309734457,71,"Sockeye"
1971,8.45040537760808,-1.31299978011024,71,"Sockeye"
1972,9.11824604181143,-0.64515911590689,71,"Sockeye"
1973,9.13892914698674,-0.624476010731578,71,"Sockeye"
1974,9.17677712440491,-0.586628033313412,71,"Sockeye"
1975,8.61841071569003,-1.14499444202829,71,"Sockeye"
1976,8.71211357300098,-1.05129158471734,71,"Sockeye"
1977,9.49857760392703,-0.26482755379129,71,"Sockeye"
1978,9.83208195979778,0.0686768020794684,71,"Sockeye"
1979,9.75496938595405,-0.00843577176426856,71,"Sockeye"
1980,9.57659245454348,-0.186812703174833,71,"Sockeye"
1981,10.0282931969716,0.264888039253288,71,"Sockeye"
1982,8.96532043126913,-0.798084726449189,71,"Sockeye"
1983,10.6206875947806,0.857282437062237,71,"Sockeye"
1984,9.60069613273328,-0.162709024985041,71,"Sockeye"
1985,9.07471423882705,-0.68869091889127,71,"Sockeye"
1986,9.53460059716151,-0.228804560556807,71,"Sockeye"
1987,9.51334503980783,-0.250060117910482,71,"Sockeye"
1988,9.61230498093825,-0.151100176780064,71,"Sockeye"
1989,9.87476796370287,0.111362805984547,71,"Sockeye"
1990,10.1127051115036,0.349299953785285,71,"Sockeye"
1991,9.59014876072223,-0.173256396996085,71,"Sockeye"
1992,10.3356809707788,0.57227581306052,71,"Sockeye"
1993,10.4675488747083,0.704143716990003,71,"Sockeye"
1994,10.3751686994846,0.611763541766285,71,"Sockeye"
1995,10.2803451189628,0.516939961244482,71,"Sockeye"
1996,9.71566700018369,-0.0477381575346249,71,"Sockeye"
1997,10.4369420455052,0.673536887786912,71,"Sockeye"
1998,10.4378615067555,0.674456349037222,71,"Sockeye"
1999,8.79255071053139,-0.97085444718693,71,"Sockeye"
2000,9.77543862049396,0.01203346277564,71,"Sockeye"
2001,9.22741647867056,-0.535988679047757,71,"Sockeye"
2002,9.49289344824277,-0.270511709475542,71,"Sockeye"
2003,10.5462204768108,0.782815319092433,71,"Sockeye"
2004,10.9347426799627,1.17133752224442,71,"Sockeye"
2005,11.1490329504013,1.38562779268299,71,"Sockeye"
2006,10.0271113835848,0.263706225866512,71,"Sockeye"
2007,9.38788641416109,-0.375518743557222,71,"Sockeye"
2008,8.71092301148635,-1.05248214623197,71,"Sockeye"
2009,9.41353148680467,-0.349873670913647,71,"Sockeye"
2010,9.68461371385134,-0.0787914438669768,71,"Sockeye"
2011,9.82773258135869,0.0643274236403708,71,"Sockeye"
2012,9.07517316708198,-0.688231990636337,71,"Sockeye"
2013,10.0907393052028,0.32733414748446,71,"Sockeye"
2014,10.6652340980677,0.901828940349338,71,"Sockeye"
2015,11.3755141863456,1.6121090286273,71,"Sockeye"
2016,11.292209487695,1.52880432997665,71,"Sockeye"
2017,10.2619442756359,0.498539117917623,71,"Sockeye"
2018,10.627763738999,0.864358581280684,71,"Sockeye"
2019,11.1311795069621,1.3677743492438,71,"Sockeye"
2020,10.3922877128308,0.628882555112444,71,"Sockeye"
2021,9.96659182585203,0.203186668133708,71,"Sockeye"
2022,10.047988488124,0.284583330405647,71,"Sockeye"
2023,10.1242620027982,0.360856845079907,71,"Sockeye"
2024,10.3232158880967,0.559810730378417,71,"Sockeye"
2025,10.4976894855499,0.734284327831602,71,"Sockeye"
1950,8.21719460303967,-1.54621055467865,74,"Sockeye"
1951,9.08272617596847,-0.680678981749851,74,"Sockeye"
1952,9.06097880693582,-0.702426350782496,74,"Sockeye"
1953,9.4437243113151,-0.31968084640322,74,"Sockeye"
1954,9.15009483007284,-0.613310327645474,74,"Sockeye"
1955,8.87386859380282,-0.889536563915497,74,"Sockeye"
1956,9.88879088255075,0.125385724832429,74,"Sockeye"
1957,10.2543368614637,0.490931703745376,74,"Sockeye"
1958,11.2785649758119,1.51515981809357,74,"Sockeye"
1959,10.0490013911174,0.285596233399071,74,"Sockeye"
1960,9.69506203211271,-0.0683431256056031,74,"Sockeye"
1961,10.2211002478233,0.457695090104958,74,"Sockeye"
1962,9.88411715397468,0.120711996256363,74,"Sockeye"
1963,10.5157748093972,0.752369651678869,74,"Sockeye"
1964,9.0507844228011,-0.712620734917221,74,"Sockeye"
1965,8.56792898361499,-1.19547617410332,74,"Sockeye"
1966,9.32847024844243,-0.434934909275886,74,"Sockeye"
1967,9.72710977150844,-0.0362953862098752,74,"Sockeye"
1968,9.68558730528905,-0.0778178524292712,74,"Sockeye"
1969,9.05015664834243,-0.713248509375887,74,"Sockeye"
1970,9.35258206037375,-0.41082309734457,74,"Sockeye"
1971,8.45040537760808,-1.31299978011024,74,"Sockeye"
1972,9.11824604181143,-0.64515911590689,74,"Sockeye"
1973,9.13892914698674,-0.624476010731578,74,"Sockeye"
1974,9.17677712440491,-0.586628033313412,74,"Sockeye"
1975,8.61841071569003,-1.14499444202829,74,"Sockeye"
1976,8.71211357300098,-1.05129158471734,74,"Sockeye"
1977,9.49857760392703,-0.26482755379129,74,"Sockeye"
1978,9.83208195979778,0.0686768020794684,74,"Sockeye"
1979,9.75496938595405,-0.00843577176426856,74,"Sockeye"
1980,9.57659245454348,-0.186812703174833,74,"Sockeye"
1981,10.0282931969716,0.264888039253288,74,"Sockeye"
1982,8.96532043126913,-0.798084726449189,74,"Sockeye"
1983,10.6206875947806,0.857282437062237,74,"Sockeye"
1984,9.60069613273328,-0.162709024985041,74,"Sockeye"
1985,9.07471423882705,-0.68869091889127,74,"Sockeye"
1986,9.53460059716151,-0.228804560556807,74,"Sockeye"
1987,9.51334503980783,-0.250060117910482,74,"Sockeye"
1988,9.61230498093825,-0.151100176780064,74,"Sockeye"
1989,9.87476796370287,0.111362805984547,74,"Sockeye"
1990,10.1127051115036,0.349299953785285,74,"Sockeye"
1991,9.59014876072223,-0.173256396996085,74,"Sockeye"
1992,10.3356809707788,0.57227581306052,74,"Sockeye"
1993,10.4675488747083,0.704143716990003,74,"Sockeye"
1994,10.3751686994846,0.611763541766285,74,"Sockeye"
1995,10.2803451189628,0.516939961244482,74,"Sockeye"
1996,9.71566700018369,-0.0477381575346249,74,"Sockeye"
1997,10.4369420455052,0.673536887786912,74,"Sockeye"
1998,10.4378615067555,0.674456349037222,74,"Sockeye"
1999,8.79255071053139,-0.97085444718693,74,"Sockeye"
2000,9.77543862049396,0.01203346277564,74,"Sockeye"
2001,9.22741647867056,-0.535988679047757,74,"Sockeye"
2002,9.49289344824277,-0.270511709475542,74,"Sockeye"
2003,10.5462204768108,0.782815319092433,74,"Sockeye"
2004,10.9347426799627,1.17133752224442,74,"Sockeye"
2005,11.1490329504013,1.38562779268299,74,"Sockeye"
2006,10.0271113835848,0.263706225866512,74,"Sockeye"
2007,9.38788641416109,-0.375518743557222,74,"Sockeye"
2008,8.71092301148635,-1.05248214623197,74,"Sockeye"
2009,9.41353148680467,-0.349873670913647,74,"Sockeye"
2010,9.68461371385134,-0.0787914438669768,74,"Sockeye"
2011,9.82773258135869,0.0643274236403708,74,"Sockeye"
2012,9.07517316708198,-0.688231990636337,74,"Sockeye"
2013,10.0907393052028,0.32733414748446,74,"Sockeye"
2014,10.6652340980677,0.901828940349338,74,"Sockeye"
2015,11.3755141863456,1.6121090286273,74,"Sockeye"
2016,11.292209487695,1.52880432997665,74,"Sockeye"
2017,10.2619442756359,0.498539117917623,74,"Sockeye"
2018,10.627763738999,0.864358581280684,74,"Sockeye"
2019,11.1311795069621,1.3677743492438,74,"Sockeye"
2020,10.3922877128308,0.628882555112444,74,"Sockeye"
2021,9.96659182585203,0.203186668133708,74,"Sockeye"
2022,10.047988488124,0.284583330405647,74,"Sockeye"
2023,10.1242620027982,0.360856845079907,74,"Sockeye"
2024,10.3232158880967,0.559810730378417,74,"Sockeye"
2025,10.4976894855499,0.734284327831602,74,"Sockeye"
1950,8.46358246273465,-1.5632215311901,38,"Sockeye"
1951,9.28400588035584,-0.742798113568911,38,"Sockeye"
1952,9.31242350737254,-0.714380486552214,38,"Sockeye"
1953,9.66605177190569,-0.360752222019064,38,"Sockeye"
1954,9.36594125959608,-0.660862734328669,38,"Sockeye"
1955,9.10697763495975,-0.919826358965,38,"Sockeye"
1956,10.1656429502699,0.138838956345154,38,"Sockeye"
1957,10.4865947564443,0.459790762519545,38,"Sockeye"
1958,11.5344352722168,1.50763127829205,38,"Sockeye"
1959,10.2641420894199,0.237338095495145,38,"Sockeye"
1960,9.99057445261214,-0.0362295413126104,38,"Sockeye"
1961,10.4814562002818,0.45465220635703,38,"Sockeye"
1962,10.109657380316,0.0828533863912473,38,"Sockeye"
1963,10.7986033492618,0.771799355337067,38,"Sockeye"
1964,9.30046388838027,-0.726340105544479,38,"Sockeye"
1965,8.81928569740719,-1.20751829651756,38,"Sockeye"
1966,9.58672165870667,-0.440082335218082,38,"Sockeye"
1967,9.92033359739516,-0.106470396529588,38,"Sockeye"
1968,9.89526759253607,-0.131536401388675,38,"Sockeye"
1969,9.33844815360176,-0.68835584032299,38,"Sockeye"
1970,9.60230195522309,-0.424502038701665,38,"Sockeye"
1971,8.74579034911261,-1.28101364481214,38,"Sockeye"
1972,9.41450149483151,-0.612302499093243,38,"Sockeye"
1973,9.46201821168264,-0.564785782242114,38,"Sockeye"
1974,9.44107242425283,-0.585731569671923,38,"Sockeye"
1975,8.94548608197107,-1.08131791195368,38,"Sockeye"
1976,8.99857862790426,-1.02822536602049,38,"Sockeye"
1977,9.70942840311262,-0.317375590812126,38,"Sockeye"
1978,10.1157547897763,0.0889507958515204,38,"Sockeye"
1979,9.96058826976352,-0.06621572416123,38,"Sockeye"
1980,9.83826433287727,-0.188539661047481,38,"Sockeye"
1981,10.2274632851283,0.200659291203535,38,"Sockeye"
1982,9.26540811856587,-0.761395875358876,38,"Sockeye"
1983,10.8973920477761,0.870588053851367,38,"Sockeye"
1984,9.81248727109697,-0.214316722827776,38,"Sockeye"
1985,9.391799820794,-0.635004173130748,38,"Sockeye"
1986,9.82840232054392,-0.198401673380827,38,"Sockeye"
1987,9.84925425052643,-0.177549743398319,38,"Sockeye"
1988,9.94088249736363,-0.0859214965611246,38,"Sockeye"
1989,10.2072328726451,0.18042887872031,38,"Sockeye"
1990,10.4061322477129,0.37932825378813,38,"Sockeye"
1991,9.84551741017236,-0.181286583752394,38,"Sockeye"
1992,10.6685152848562,0.641711290931416,38,"Sockeye"
1993,10.759778102239,0.73297410831422,38,"Sockeye"
1994,10.6669884257846,0.640184431859887,38,"Sockeye"
1995,10.6538612312741,0.627057237349326,38,"Sockeye"
1996,9.95418047904969,-0.0726235148750641,38,"Sockeye"
1997,10.701797803243,0.67499380931825,38,"Sockeye"
1998,10.7561438878377,0.72933989391298,38,"Sockeye"
1999,9.11753531297049,-0.909268680954263,38,"Sockeye"
2000,10.0723297860887,0.0455257921639751,38,"Sockeye"
2001,9.47777117623223,-0.549032817692517,38,"Sockeye"
2002,9.71463455094232,-0.312169442982433,38,"Sockeye"
2003,10.8390587568283,0.812254762903559,38,"Sockeye"
2004,11.2136215368907,1.18681754296591,38,"Sockeye"
2005,11.3720507356856,1.34524674176081,38,"Sockeye"
2006,10.3157875935237,0.288983599598917,38,"Sockeye"
2007,9.70267833603753,-0.32412565788722,38,"Sockeye"
2008,8.97445363468594,-1.05235035923881,38,"Sockeye"
2009,9.62358918454912,-0.403214809375629,38,"Sockeye"
2010,9.9515176349216,-0.0752863590031494,38,"Sockeye"
2011,10.0988614824083,0.0720574884835611,38,"Sockeye"
2012,9.425840444035,-0.600963549889749,38,"Sockeye"
2013,10.3347285058763,0.30792451195158,38,"Sockeye"
2014,10.8105786508984,0.783774656973659,38,"Sockeye"
2015,11.5980515215132,1.57124752758845,38,"Sockeye"
2016,11.5378647910224,1.51106079709766,38,"Sockeye"
2017,10.5832943254047,0.556490331479946,38,"Sockeye"
2018,10.8900925715764,0.863288577651686,38,"Sockeye"
2019,11.2961475716697,1.26934357774494,38,"Sockeye"
2020,10.5909218655692,0.564117871644467,38,"Sockeye"
2021,10.2045530080795,0.177749014154778,38,"Sockeye"
2022,10.2530967262056,0.226292732280861,38,"Sockeye"
2023,10.3685756524404,0.341771658515636,38,"Sockeye"
2024,10.6247361501058,0.597932156181044,38,"Sockeye"
2025,10.7190663549635,0.692262361038757,38,"Sockeye"
1950,8.46358246273465,-1.5632215311901,40,"Sockeye"
1951,9.28400588035584,-0.742798113568911,40,"Sockeye"
1952,9.31242350737254,-0.714380486552214,40,"Sockeye"
1953,9.66605177190569,-0.360752222019064,40,"Sockeye"
1954,9.36594125959608,-0.660862734328669,40,"Sockeye"
1955,9.10697763495975,-0.919826358965,40,"Sockeye"
1956,10.1656429502699,0.138838956345154,40,"Sockeye"
1957,10.4865947564443,0.459790762519545,40,"Sockeye"
1958,11.5344352722168,1.50763127829205,40,"Sockeye"
1959,10.2641420894199,0.237338095495145,40,"Sockeye"
1960,9.99057445261214,-0.0362295413126104,40,"Sockeye"
1961,10.4814562002818,0.45465220635703,40,"Sockeye"
1962,10.109657380316,0.0828533863912473,40,"Sockeye"
1963,10.7986033492618,0.771799355337067,40,"Sockeye"
1964,9.30046388838027,-0.726340105544479,40,"Sockeye"
1965,8.81928569740719,-1.20751829651756,40,"Sockeye"
1966,9.58672165870667,-0.440082335218082,40,"Sockeye"
1967,9.92033359739516,-0.106470396529588,40,"Sockeye"
1968,9.89526759253607,-0.131536401388675,40,"Sockeye"
1969,9.33844815360176,-0.68835584032299,40,"Sockeye"
1970,9.60230195522309,-0.424502038701665,40,"Sockeye"
1971,8.74579034911261,-1.28101364481214,40,"Sockeye"
1972,9.41450149483151,-0.612302499093243,40,"Sockeye"
1973,9.46201821168264,-0.564785782242114,40,"Sockeye"
1974,9.44107242425283,-0.585731569671923,40,"Sockeye"
1975,8.94548608197107,-1.08131791195368,40,"Sockeye"
1976,8.99857862790426,-1.02822536602049,40,"Sockeye"
1977,9.70942840311262,-0.317375590812126,40,"Sockeye"
1978,10.1157547897763,0.0889507958515204,40,"Sockeye"
1979,9.96058826976352,-0.06621572416123,40,"Sockeye"
1980,9.83826433287727,-0.188539661047481,40,"Sockeye"
1981,10.2274632851283,0.200659291203535,40,"Sockeye"
1982,9.26540811856587,-0.761395875358876,40,"Sockeye"
1983,10.8973920477761,0.870588053851367,40,"Sockeye"
1984,9.81248727109697,-0.214316722827776,40,"Sockeye"
1985,9.391799820794,-0.635004173130748,40,"Sockeye"
1986,9.82840232054392,-0.198401673380827,40,"Sockeye"
1987,9.84925425052643,-0.177549743398319,40,"Sockeye"
1988,9.94088249736363,-0.0859214965611246,40,"Sockeye"
1989,10.2072328726451,0.18042887872031,40,"Sockeye"
1990,10.4061322477129,0.37932825378813,40,"Sockeye"
1991,9.84551741017236,-0.181286583752394,40,"Sockeye"
1992,10.6685152848562,0.641711290931416,40,"Sockeye"
1993,10.759778102239,0.73297410831422,40,"Sockeye"
1994,10.6669884257846,0.640184431859887,40,"Sockeye"
1995,10.6538612312741,0.627057237349326,40,"Sockeye"
1996,9.95418047904969,-0.0726235148750641,40,"Sockeye"
1997,10.701797803243,0.67499380931825,40,"Sockeye"
1998,10.7561438878377,0.72933989391298,40,"Sockeye"
1999,9.11753531297049,-0.909268680954263,40,"Sockeye"
2000,10.0723297860887,0.0455257921639751,40,"Sockeye"
2001,9.47777117623223,-0.549032817692517,40,"Sockeye"
2002,9.71463455094232,-0.312169442982433,40,"Sockeye"
2003,10.8390587568283,0.812254762903559,40,"Sockeye"
2004,11.2136215368907,1.18681754296591,40,"Sockeye"
2005,11.3720507356856,1.34524674176081,40,"Sockeye"
2006,10.3157875935237,0.288983599598917,40,"Sockeye"
2007,9.70267833603753,-0.32412565788722,40,"Sockeye"
2008,8.97445363468594,-1.05235035923881,40,"Sockeye"
2009,9.62358918454912,-0.403214809375629,40,"Sockeye"
2010,9.9515176349216,-0.0752863590031494,40,"Sockeye"
2011,10.0988614824083,0.0720574884835611,40,"Sockeye"
2012,9.425840444035,-0.600963549889749,40,"Sockeye"
2013,10.3347285058763,0.30792451195158,40,"Sockeye"
2014,10.8105786508984,0.783774656973659,40,"Sockeye"
2015,11.5980515215132,1.57124752758845,40,"Sockeye"
2016,11.5378647910224,1.51106079709766,40,"Sockeye"
2017,10.5832943254047,0.556490331479946,40,"Sockeye"
2018,10.8900925715764,0.863288577651686,40,"Sockeye"
2019,11.2961475716697,1.26934357774494,40,"Sockeye"
2020,10.5909218655692,0.564117871644467,40,"Sockeye"
2021,10.2045530080795,0.177749014154778,40,"Sockeye"
2022,10.2530967262056,0.226292732280861,40,"Sockeye"
2023,10.3685756524404,0.341771658515636,40,"Sockeye"
2024,10.6247361501058,0.597932156181044,40,"Sockeye"
2025,10.7190663549635,0.692262361038757,40,"Sockeye"
1950,8.46358246273465,-1.5632215311901,41,"Sockeye"
1951,9.28400588035584,-0.742798113568911,41,"Sockeye"
1952,9.31242350737254,-0.714380486552214,41,"Sockeye"
1953,9.66605177190569,-0.360752222019064,41,"Sockeye"
1954,9.36594125959608,-0.660862734328669,41,"Sockeye"
1955,9.10697763495975,-0.919826358965,41,"Sockeye"
1956,10.1656429502699,0.138838956345154,41,"Sockeye"
1957,10.4865947564443,0.459790762519545,41,"Sockeye"
1958,11.5344352722168,1.50763127829205,41,"Sockeye"
1959,10.2641420894199,0.237338095495145,41,"Sockeye"
1960,9.99057445261214,-0.0362295413126104,41,"Sockeye"
1961,10.4814562002818,0.45465220635703,41,"Sockeye"
1962,10.109657380316,0.0828533863912473,41,"Sockeye"
1963,10.7986033492618,0.771799355337067,41,"Sockeye"
1964,9.30046388838027,-0.726340105544479,41,"Sockeye"
1965,8.81928569740719,-1.20751829651756,41,"Sockeye"
1966,9.58672165870667,-0.440082335218082,41,"Sockeye"
1967,9.92033359739516,-0.106470396529588,41,"Sockeye"
1968,9.89526759253607,-0.131536401388675,41,"Sockeye"
1969,9.33844815360176,-0.68835584032299,41,"Sockeye"
1970,9.60230195522309,-0.424502038701665,41,"Sockeye"
1971,8.74579034911261,-1.28101364481214,41,"Sockeye"
1972,9.41450149483151,-0.612302499093243,41,"Sockeye"
1973,9.46201821168264,-0.564785782242114,41,"Sockeye"
1974,9.44107242425283,-0.585731569671923,41,"Sockeye"
1975,8.94548608197107,-1.08131791195368,41,"Sockeye"
1976,8.99857862790426,-1.02822536602049,41,"Sockeye"
1977,9.70942840311262,-0.317375590812126,41,"Sockeye"
1978,10.1157547897763,0.0889507958515204,41,"Sockeye"
1979,9.96058826976352,-0.06621572416123,41,"Sockeye"
1980,9.83826433287727,-0.188539661047481,41,"Sockeye"
1981,10.2274632851283,0.200659291203535,41,"Sockeye"
1982,9.26540811856587,-0.761395875358876,41,"Sockeye"
1983,10.8973920477761,0.870588053851367,41,"Sockeye"
1984,9.81248727109697,-0.214316722827776,41,"Sockeye"
1985,9.391799820794,-0.635004173130748,41,"Sockeye"
1986,9.82840232054392,-0.198401673380827,41,"Sockeye"
1987,9.84925425052643,-0.177549743398319,41,"Sockeye"
1988,9.94088249736363,-0.0859214965611246,41,"Sockeye"
1989,10.2072328726451,0.18042887872031,41,"Sockeye"
1990,10.4061322477129,0.37932825378813,41,"Sockeye"
1991,9.84551741017236,-0.181286583752394,41,"Sockeye"
1992,10.6685152848562,0.641711290931416,41,"Sockeye"
1993,10.759778102239,0.73297410831422,41,"Sockeye"
1994,10.6669884257846,0.640184431859887,41,"Sockeye"
1995,10.6538612312741,0.627057237349326,41,"Sockeye"
1996,9.95418047904969,-0.0726235148750641,41,"Sockeye"
1997,10.701797803243,0.67499380931825,41,"Sockeye"
1998,10.7561438878377,0.72933989391298,41,"Sockeye"
1999,9.11753531297049,-0.909268680954263,41,"Sockeye"
2000,10.0723297860887,0.0455257921639751,41,"Sockeye"
2001,9.47777117623223,-0.549032817692517,41,"Sockeye"
2002,9.71463455094232,-0.312169442982433,41,"Sockeye"
2003,10.8390587568283,0.812254762903559,41,"Sockeye"
2004,11.2136215368907,1.18681754296591,41,"Sockeye"
2005,11.3720507356856,1.34524674176081,41,"Sockeye"
2006,10.3157875935237,0.288983599598917,41,"Sockeye"
2007,9.70267833603753,-0.32412565788722,41,"Sockeye"
2008,8.97445363468594,-1.05235035923881,41,"Sockeye"
2009,9.62358918454912,-0.403214809375629,41,"Sockeye"
2010,9.9515176349216,-0.0752863590031494,41,"Sockeye"
2011,10.0988614824083,0.0720574884835611,41,"Sockeye"
2012,9.425840444035,-0.600963549889749,41,"Sockeye"
2013,10.3347285058763,0.30792451195158,41,"Sockeye"
2014,10.8105786508984,0.783774656973659,41,"Sockeye"
2015,11.5980515215132,1.57124752758845,41,"Sockeye"
2016,11.5378647910224,1.51106079709766,41,"Sockeye"
2017,10.5832943254047,0.556490331479946,41,"Sockeye"
2018,10.8900925715764,0.863288577651686,41,"Sockeye"
2019,11.2961475716697,1.26934357774494,41,"Sockeye"
2020,10.5909218655692,0.564117871644467,41,"Sockeye"
2021,10.2045530080795,0.177749014154778,41,"Sockeye"
2022,10.2530967262056,0.226292732280861,41,"Sockeye"
2023,10.3685756524404,0.341771658515636,41,"Sockeye"
2024,10.6247361501058,0.597932156181044,41,"Sockeye"
2025,10.7190663549635,0.692262361038757,41,"Sockeye"
1950,8.46358246273465,-1.5632215311901,42,"Sockeye"
1951,9.28400588035584,-0.742798113568911,42,"Sockeye"
1952,9.31242350737254,-0.714380486552214,42,"Sockeye"
1953,9.66605177190569,-0.360752222019064,42,"Sockeye"
1954,9.36594125959608,-0.660862734328669,42,"Sockeye"
1955,9.10697763495975,-0.919826358965,42,"Sockeye"
1956,10.1656429502699,0.138838956345154,42,"Sockeye"
1957,10.4865947564443,0.459790762519545,42,"Sockeye"
1958,11.5344352722168,1.50763127829205,42,"Sockeye"
1959,10.2641420894199,0.237338095495145,42,"Sockeye"
1960,9.99057445261214,-0.0362295413126104,42,"Sockeye"
1961,10.4814562002818,0.45465220635703,42,"Sockeye"
1962,10.109657380316,0.0828533863912473,42,"Sockeye"
1963,10.7986033492618,0.771799355337067,42,"Sockeye"
1964,9.30046388838027,-0.726340105544479,42,"Sockeye"
1965,8.81928569740719,-1.20751829651756,42,"Sockeye"
1966,9.58672165870667,-0.440082335218082,42,"Sockeye"
1967,9.92033359739516,-0.106470396529588,42,"Sockeye"
1968,9.89526759253607,-0.131536401388675,42,"Sockeye"
1969,9.33844815360176,-0.68835584032299,42,"Sockeye"
1970,9.60230195522309,-0.424502038701665,42,"Sockeye"
1971,8.74579034911261,-1.28101364481214,42,"Sockeye"
1972,9.41450149483151,-0.612302499093243,42,"Sockeye"
1973,9.46201821168264,-0.564785782242114,42,"Sockeye"
1974,9.44107242425283,-0.585731569671923,42,"Sockeye"
1975,8.94548608197107,-1.08131791195368,42,"Sockeye"
1976,8.99857862790426,-1.02822536602049,42,"Sockeye"
1977,9.70942840311262,-0.317375590812126,42,"Sockeye"
1978,10.1157547897763,0.0889507958515204,42,"Sockeye"
1979,9.96058826976352,-0.06621572416123,42,"Sockeye"
1980,9.83826433287727,-0.188539661047481,42,"Sockeye"
1981,10.2274632851283,0.200659291203535,42,"Sockeye"
1982,9.26540811856587,-0.761395875358876,42,"Sockeye"
1983,10.8973920477761,0.870588053851367,42,"Sockeye"
1984,9.81248727109697,-0.214316722827776,42,"Sockeye"
1985,9.391799820794,-0.635004173130748,42,"Sockeye"
1986,9.82840232054392,-0.198401673380827,42,"Sockeye"
1987,9.84925425052643,-0.177549743398319,42,"Sockeye"
1988,9.94088249736363,-0.0859214965611246,42,"Sockeye"
1989,10.2072328726451,0.18042887872031,42,"Sockeye"
1990,10.4061322477129,0.37932825378813,42,"Sockeye"
1991,9.84551741017236,-0.181286583752394,42,"Sockeye"
1992,10.6685152848562,0.641711290931416,42,"Sockeye"
1993,10.759778102239,0.73297410831422,42,"Sockeye"
1994,10.6669884257846,0.640184431859887,42,"Sockeye"
1995,10.6538612312741,0.627057237349326,42,"Sockeye"
1996,9.95418047904969,-0.0726235148750641,42,"Sockeye"
1997,10.701797803243,0.67499380931825,42,"Sockeye"
1998,10.7561438878377,0.72933989391298,42,"Sockeye"
1999,9.11753531297049,-0.909268680954263,42,"Sockeye"
2000,10.0723297860887,0.0455257921639751,42,"Sockeye"
2001,9.47777117623223,-0.549032817692517,42,"Sockeye"
2002,9.71463455094232,-0.312169442982433,42,"Sockeye"
2003,10.8390587568283,0.812254762903559,42,"Sockeye"
2004,11.2136215368907,1.18681754296591,42,"Sockeye"
2005,11.3720507356856,1.34524674176081,42,"Sockeye"
2006,10.3157875935237,0.288983599598917,42,"Sockeye"
2007,9.70267833603753,-0.32412565788722,42,"Sockeye"
2008,8.97445363468594,-1.05235035923881,42,"Sockeye"
2009,9.62358918454912,-0.403214809375629,42,"Sockeye"
2010,9.9515176349216,-0.0752863590031494,42,"Sockeye"
2011,10.0988614824083,0.0720574884835611,42,"Sockeye"
2012,9.425840444035,-0.600963549889749,42,"Sockeye"
2013,10.3347285058763,0.30792451195158,42,"Sockeye"
2014,10.8105786508984,0.783774656973659,42,"Sockeye"
2015,11.5980515215132,1.57124752758845,42,"Sockeye"
2016,11.5378647910224,1.51106079709766,42,"Sockeye"
2017,10.5832943254047,0.556490331479946,42,"Sockeye"
2018,10.8900925715764,0.863288577651686,42,"Sockeye"
2019,11.2961475716697,1.26934357774494,42,"Sockeye"
2020,10.5909218655692,0.564117871644467,42,"Sockeye"
2021,10.2045530080795,0.177749014154778,42,"Sockeye"
2022,10.2530967262056,0.226292732280861,42,"Sockeye"
2023,10.3685756524404,0.341771658515636,42,"Sockeye"
2024,10.6247361501058,0.597932156181044,42,"Sockeye"
2025,10.7190663549635,0.692262361038757,42,"Sockeye"
1950,8.46358246273465,-1.5632215311901,43,"Sockeye"
1951,9.28400588035584,-0.742798113568911,43,"Sockeye"
1952,9.31242350737254,-0.714380486552214,43,"Sockeye"
1953,9.66605177190569,-0.360752222019064,43,"Sockeye"
1954,9.36594125959608,-0.660862734328669,43,"Sockeye"
1955,9.10697763495975,-0.919826358965,43,"Sockeye"
1956,10.1656429502699,0.138838956345154,43,"Sockeye"
1957,10.4865947564443,0.459790762519545,43,"Sockeye"
1958,11.5344352722168,1.50763127829205,43,"Sockeye"
1959,10.2641420894199,0.237338095495145,43,"Sockeye"
1960,9.99057445261214,-0.0362295413126104,43,"Sockeye"
1961,10.4814562002818,0.45465220635703,43,"Sockeye"
1962,10.109657380316,0.0828533863912473,43,"Sockeye"
1963,10.7986033492618,0.771799355337067,43,"Sockeye"
1964,9.30046388838027,-0.726340105544479,43,"Sockeye"
1965,8.81928569740719,-1.20751829651756,43,"Sockeye"
1966,9.58672165870667,-0.440082335218082,43,"Sockeye"
1967,9.92033359739516,-0.106470396529588,43,"Sockeye"
1968,9.89526759253607,-0.131536401388675,43,"Sockeye"
1969,9.33844815360176,-0.68835584032299,43,"Sockeye"
1970,9.60230195522309,-0.424502038701665,43,"Sockeye"
1971,8.74579034911261,-1.28101364481214,43,"Sockeye"
1972,9.41450149483151,-0.612302499093243,43,"Sockeye"
1973,9.46201821168264,-0.564785782242114,43,"Sockeye"
1974,9.44107242425283,-0.585731569671923,43,"Sockeye"
1975,8.94548608197107,-1.08131791195368,43,"Sockeye"
1976,8.99857862790426,-1.02822536602049,43,"Sockeye"
1977,9.70942840311262,-0.317375590812126,43,"Sockeye"
1978,10.1157547897763,0.0889507958515204,43,"Sockeye"
1979,9.96058826976352,-0.06621572416123,43,"Sockeye"
1980,9.83826433287727,-0.188539661047481,43,"Sockeye"
1981,10.2274632851283,0.200659291203535,43,"Sockeye"
1982,9.26540811856587,-0.761395875358876,43,"Sockeye"
1983,10.8973920477761,0.870588053851367,43,"Sockeye"
1984,9.81248727109697,-0.214316722827776,43,"Sockeye"
1985,9.391799820794,-0.635004173130748,43,"Sockeye"
1986,9.82840232054392,-0.198401673380827,43,"Sockeye"
1987,9.84925425052643,-0.177549743398319,43,"Sockeye"
1988,9.94088249736363,-0.0859214965611246,43,"Sockeye"
1989,10.2072328726451,0.18042887872031,43,"Sockeye"
1990,10.4061322477129,0.37932825378813,43,"Sockeye"
1991,9.84551741017236,-0.181286583752394,43,"Sockeye"
1992,10.6685152848562,0.641711290931416,43,"Sockeye"
1993,10.759778102239,0.73297410831422,43,"Sockeye"
1994,10.6669884257846,0.640184431859887,43,"Sockeye"
1995,10.6538612312741,0.627057237349326,43,"Sockeye"
1996,9.95418047904969,-0.0726235148750641,43,"Sockeye"
1997,10.701797803243,0.67499380931825,43,"Sockeye"
1998,10.7561438878377,0.72933989391298,43,"Sockeye"
1999,9.11753531297049,-0.909268680954263,43,"Sockeye"
2000,10.0723297860887,0.0455257921639751,43,"Sockeye"
2001,9.47777117623223,-0.549032817692517,43,"Sockeye"
2002,9.71463455094232,-0.312169442982433,43,"Sockeye"
2003,10.8390587568283,0.812254762903559,43,"Sockeye"
2004,11.2136215368907,1.18681754296591,43,"Sockeye"
2005,11.3720507356856,1.34524674176081,43,"Sockeye"
2006,10.3157875935237,0.288983599598917,43,"Sockeye"
2007,9.70267833603753,-0.32412565788722,43,"Sockeye"
2008,8.97445363468594,-1.05235035923881,43,"Sockeye"
2009,9.62358918454912,-0.403214809375629,43,"Sockeye"
2010,9.9515176349216,-0.0752863590031494,43,"Sockeye"
2011,10.0988614824083,0.0720574884835611,43,"Sockeye"
2012,9.425840444035,-0.600963549889749,43,"Sockeye"
2013,10.3347285058763,0.30792451195158,43,"Sockeye"
2014,10.8105786508984,0.783774656973659,43,"Sockeye"
2015,11.5980515215132,1.57124752758845,43,"Sockeye"
2016,11.5378647910224,1.51106079709766,43,"Sockeye"
2017,10.5832943254047,0.556490331479946,43,"Sockeye"
2018,10.8900925715764,0.863288577651686,43,"Sockeye"
2019,11.2961475716697,1.26934357774494,43,"Sockeye"
2020,10.5909218655692,0.564117871644467,43,"Sockeye"
2021,10.2045530080795,0.177749014154778,43,"Sockeye"
2022,10.2530967262056,0.226292732280861,43,"Sockeye"
2023,10.3685756524404,0.341771658515636,43,"Sockeye"
2024,10.6247361501058,0.597932156181044,43,"Sockeye"
2025,10.7190663549635,0.692262361038757,43,"Sockeye"
1950,8.46358246273465,-1.5632215311901,46,"Sockeye"
1951,9.28400588035584,-0.742798113568911,46,"Sockeye"
1952,9.31242350737254,-0.714380486552214,46,"Sockeye"
1953,9.66605177190569,-0.360752222019064,46,"Sockeye"
1954,9.36594125959608,-0.660862734328669,46,"Sockeye"
1955,9.10697763495975,-0.919826358965,46,"Sockeye"
1956,10.1656429502699,0.138838956345154,46,"Sockeye"
1957,10.4865947564443,0.459790762519545,46,"Sockeye"
1958,11.5344352722168,1.50763127829205,46,"Sockeye"
1959,10.2641420894199,0.237338095495145,46,"Sockeye"
1960,9.99057445261214,-0.0362295413126104,46,"Sockeye"
1961,10.4814562002818,0.45465220635703,46,"Sockeye"
1962,10.109657380316,0.0828533863912473,46,"Sockeye"
1963,10.7986033492618,0.771799355337067,46,"Sockeye"
1964,9.30046388838027,-0.726340105544479,46,"Sockeye"
1965,8.81928569740719,-1.20751829651756,46,"Sockeye"
1966,9.58672165870667,-0.440082335218082,46,"Sockeye"
1967,9.92033359739516,-0.106470396529588,46,"Sockeye"
1968,9.89526759253607,-0.131536401388675,46,"Sockeye"
1969,9.33844815360176,-0.68835584032299,46,"Sockeye"
1970,9.60230195522309,-0.424502038701665,46,"Sockeye"
1971,8.74579034911261,-1.28101364481214,46,"Sockeye"
1972,9.41450149483151,-0.612302499093243,46,"Sockeye"
1973,9.46201821168264,-0.564785782242114,46,"Sockeye"
1974,9.44107242425283,-0.585731569671923,46,"Sockeye"
1975,8.94548608197107,-1.08131791195368,46,"Sockeye"
1976,8.99857862790426,-1.02822536602049,46,"Sockeye"
1977,9.70942840311262,-0.317375590812126,46,"Sockeye"
1978,10.1157547897763,0.0889507958515204,46,"Sockeye"
1979,9.96058826976352,-0.06621572416123,46,"Sockeye"
1980,9.83826433287727,-0.188539661047481,46,"Sockeye"
1981,10.2274632851283,0.200659291203535,46,"Sockeye"
1982,9.26540811856587,-0.761395875358876,46,"Sockeye"
1983,10.8973920477761,0.870588053851367,46,"Sockeye"
1984,9.81248727109697,-0.214316722827776,46,"Sockeye"
1985,9.391799820794,-0.635004173130748,46,"Sockeye"
1986,9.82840232054392,-0.198401673380827,46,"Sockeye"
1987,9.84925425052643,-0.177549743398319,46,"Sockeye"
1988,9.94088249736363,-0.0859214965611246,46,"Sockeye"
1989,10.2072328726451,0.18042887872031,46,"Sockeye"
1990,10.4061322477129,0.37932825378813,46,"Sockeye"
1991,9.84551741017236,-0.181286583752394,46,"Sockeye"
1992,10.6685152848562,0.641711290931416,46,"Sockeye"
1993,10.759778102239,0.73297410831422,46,"Sockeye"
1994,10.6669884257846,0.640184431859887,46,"Sockeye"
1995,10.6538612312741,0.627057237349326,46,"Sockeye"
1996,9.95418047904969,-0.0726235148750641,46,"Sockeye"
1997,10.701797803243,0.67499380931825,46,"Sockeye"
1998,10.7561438878377,0.72933989391298,46,"Sockeye"
1999,9.11753531297049,-0.909268680954263,46,"Sockeye"
2000,10.0723297860887,0.0455257921639751,46,"Sockeye"
2001,9.47777117623223,-0.549032817692517,46,"Sockeye"
2002,9.71463455094232,-0.312169442982433,46,"Sockeye"
2003,10.8390587568283,0.812254762903559,46,"Sockeye"
2004,11.2136215368907,1.18681754296591,46,"Sockeye"
2005,11.3720507356856,1.34524674176081,46,"Sockeye"
2006,10.3157875935237,0.288983599598917,46,"Sockeye"
2007,9.70267833603753,-0.32412565788722,46,"Sockeye"
2008,8.97445363468594,-1.05235035923881,46,"Sockeye"
2009,9.62358918454912,-0.403214809375629,46,"Sockeye"
2010,9.9515176349216,-0.0752863590031494,46,"Sockeye"
2011,10.0988614824083,0.0720574884835611,46,"Sockeye"
2012,9.425840444035,-0.600963549889749,46,"Sockeye"
2013,10.3347285058763,0.30792451195158,46,"Sockeye"
2014,10.8105786508984,0.783774656973659,46,"Sockeye"
2015,11.5980515215132,1.57124752758845,46,"Sockeye"
2016,11.5378647910224,1.51106079709766,46,"Sockeye"
2017,10.5832943254047,0.556490331479946,46,"Sockeye"
2018,10.8900925715764,0.863288577651686,46,"Sockeye"
2019,11.2961475716697,1.26934357774494,46,"Sockeye"
2020,10.5909218655692,0.564117871644467,46,"Sockeye"
2021,10.2045530080795,0.177749014154778,46,"Sockeye"
2022,10.2530967262056,0.226292732280861,46,"Sockeye"
2023,10.3685756524404,0.341771658515636,46,"Sockeye"
2024,10.6247361501058,0.597932156181044,46,"Sockeye"
2025,10.7190663549635,0.692262361038757,46,"Sockeye"
1950,8.46358246273465,-1.5632215311901,49,"Sockeye"
1951,9.28400588035584,-0.742798113568911,49,"Sockeye"
1952,9.31242350737254,-0.714380486552214,49,"Sockeye"
1953,9.66605177190569,-0.360752222019064,49,"Sockeye"
1954,9.36594125959608,-0.660862734328669,49,"Sockeye"
1955,9.10697763495975,-0.919826358965,49,"Sockeye"
1956,10.1656429502699,0.138838956345154,49,"Sockeye"
1957,10.4865947564443,0.459790762519545,49,"Sockeye"
1958,11.5344352722168,1.50763127829205,49,"Sockeye"
1959,10.2641420894199,0.237338095495145,49,"Sockeye"
1960,9.99057445261214,-0.0362295413126104,49,"Sockeye"
1961,10.4814562002818,0.45465220635703,49,"Sockeye"
1962,10.109657380316,0.0828533863912473,49,"Sockeye"
1963,10.7986033492618,0.771799355337067,49,"Sockeye"
1964,9.30046388838027,-0.726340105544479,49,"Sockeye"
1965,8.81928569740719,-1.20751829651756,49,"Sockeye"
1966,9.58672165870667,-0.440082335218082,49,"Sockeye"
1967,9.92033359739516,-0.106470396529588,49,"Sockeye"
1968,9.89526759253607,-0.131536401388675,49,"Sockeye"
1969,9.33844815360176,-0.68835584032299,49,"Sockeye"
1970,9.60230195522309,-0.424502038701665,49,"Sockeye"
1971,8.74579034911261,-1.28101364481214,49,"Sockeye"
1972,9.41450149483151,-0.612302499093243,49,"Sockeye"
1973,9.46201821168264,-0.564785782242114,49,"Sockeye"
1974,9.44107242425283,-0.585731569671923,49,"Sockeye"
1975,8.94548608197107,-1.08131791195368,49,"Sockeye"
1976,8.99857862790426,-1.02822536602049,49,"Sockeye"
1977,9.70942840311262,-0.317375590812126,49,"Sockeye"
1978,10.1157547897763,0.0889507958515204,49,"Sockeye"
1979,9.96058826976352,-0.06621572416123,49,"Sockeye"
1980,9.83826433287727,-0.188539661047481,49,"Sockeye"
1981,10.2274632851283,0.200659291203535,49,"Sockeye"
1982,9.26540811856587,-0.761395875358876,49,"Sockeye"
1983,10.8973920477761,0.870588053851367,49,"Sockeye"
1984,9.81248727109697,-0.214316722827776,49,"Sockeye"
1985,9.391799820794,-0.635004173130748,49,"Sockeye"
1986,9.82840232054392,-0.198401673380827,49,"Sockeye"
1987,9.84925425052643,-0.177549743398319,49,"Sockeye"
1988,9.94088249736363,-0.0859214965611246,49,"Sockeye"
1989,10.2072328726451,0.18042887872031,49,"Sockeye"
1990,10.4061322477129,0.37932825378813,49,"Sockeye"
1991,9.84551741017236,-0.181286583752394,49,"Sockeye"
1992,10.6685152848562,0.641711290931416,49,"Sockeye"
1993,10.759778102239,0.73297410831422,49,"Sockeye"
1994,10.6669884257846,0.640184431859887,49,"Sockeye"
1995,10.6538612312741,0.627057237349326,49,"Sockeye"
1996,9.95418047904969,-0.0726235148750641,49,"Sockeye"
1997,10.701797803243,0.67499380931825,49,"Sockeye"
1998,10.7561438878377,0.72933989391298,49,"Sockeye"
1999,9.11753531297049,-0.909268680954263,49,"Sockeye"
2000,10.0723297860887,0.0455257921639751,49,"Sockeye"
2001,9.47777117623223,-0.549032817692517,49,"Sockeye"
2002,9.71463455094232,-0.312169442982433,49,"Sockeye"
2003,10.8390587568283,0.812254762903559,49,"Sockeye"
2004,11.2136215368907,1.18681754296591,49,"Sockeye"
2005,11.3720507356856,1.34524674176081,49,"Sockeye"
2006,10.3157875935237,0.288983599598917,49,"Sockeye"
2007,9.70267833603753,-0.32412565788722,49,"Sockeye"
2008,8.97445363468594,-1.05235035923881,49,"Sockeye"
2009,9.62358918454912,-0.403214809375629,49,"Sockeye"
2010,9.9515176349216,-0.0752863590031494,49,"Sockeye"
2011,10.0988614824083,0.0720574884835611,49,"Sockeye"
2012,9.425840444035,-0.600963549889749,49,"Sockeye"
2013,10.3347285058763,0.30792451195158,49,"Sockeye"
2014,10.8105786508984,0.783774656973659,49,"Sockeye"
2015,11.5980515215132,1.57124752758845,49,"Sockeye"
2016,11.5378647910224,1.51106079709766,49,"Sockeye"
2017,10.5832943254047,0.556490331479946,49,"Sockeye"
2018,10.8900925715764,0.863288577651686,49,"Sockeye"
2019,11.2961475716697,1.26934357774494,49,"Sockeye"
2020,10.5909218655692,0.564117871644467,49,"Sockeye"
2021,10.2045530080795,0.177749014154778,49,"Sockeye"
2022,10.2530967262056,0.226292732280861,49,"Sockeye"
2023,10.3685756524404,0.341771658515636,49,"Sockeye"
2024,10.6247361501058,0.597932156181044,49,"Sockeye"
2025,10.7190663549635,0.692262361038757,49,"Sockeye"
1950,8.46358246273465,-1.5632215311901,53,"Sockeye"
1951,9.28400588035584,-0.742798113568911,53,"Sockeye"
1952,9.31242350737254,-0.714380486552214,53,"Sockeye"
1953,9.66605177190569,-0.360752222019064,53,"Sockeye"
1954,9.36594125959608,-0.660862734328669,53,"Sockeye"
1955,9.10697763495975,-0.919826358965,53,"Sockeye"
1956,10.1656429502699,0.138838956345154,53,"Sockeye"
1957,10.4865947564443,0.459790762519545,53,"Sockeye"
1958,11.5344352722168,1.50763127829205,53,"Sockeye"
1959,10.2641420894199,0.237338095495145,53,"Sockeye"
1960,9.99057445261214,-0.0362295413126104,53,"Sockeye"
1961,10.4814562002818,0.45465220635703,53,"Sockeye"
1962,10.109657380316,0.0828533863912473,53,"Sockeye"
1963,10.7986033492618,0.771799355337067,53,"Sockeye"
1964,9.30046388838027,-0.726340105544479,53,"Sockeye"
1965,8.81928569740719,-1.20751829651756,53,"Sockeye"
1966,9.58672165870667,-0.440082335218082,53,"Sockeye"
1967,9.92033359739516,-0.106470396529588,53,"Sockeye"
1968,9.89526759253607,-0.131536401388675,53,"Sockeye"
1969,9.33844815360176,-0.68835584032299,53,"Sockeye"
1970,9.60230195522309,-0.424502038701665,53,"Sockeye"
1971,8.74579034911261,-1.28101364481214,53,"Sockeye"
1972,9.41450149483151,-0.612302499093243,53,"Sockeye"
1973,9.46201821168264,-0.564785782242114,53,"Sockeye"
1974,9.44107242425283,-0.585731569671923,53,"Sockeye"
1975,8.94548608197107,-1.08131791195368,53,"Sockeye"
1976,8.99857862790426,-1.02822536602049,53,"Sockeye"
1977,9.70942840311262,-0.317375590812126,53,"Sockeye"
1978,10.1157547897763,0.0889507958515204,53,"Sockeye"
1979,9.96058826976352,-0.06621572416123,53,"Sockeye"
1980,9.83826433287727,-0.188539661047481,53,"Sockeye"
1981,10.2274632851283,0.200659291203535,53,"Sockeye"
1982,9.26540811856587,-0.761395875358876,53,"Sockeye"
1983,10.8973920477761,0.870588053851367,53,"Sockeye"
1984,9.81248727109697,-0.214316722827776,53,"Sockeye"
1985,9.391799820794,-0.635004173130748,53,"Sockeye"
1986,9.82840232054392,-0.198401673380827,53,"Sockeye"
1987,9.84925425052643,-0.177549743398319,53,"Sockeye"
1988,9.94088249736363,-0.0859214965611246,53,"Sockeye"
1989,10.2072328726451,0.18042887872031,53,"Sockeye"
1990,10.4061322477129,0.37932825378813,53,"Sockeye"
1991,9.84551741017236,-0.181286583752394,53,"Sockeye"
1992,10.6685152848562,0.641711290931416,53,"Sockeye"
1993,10.759778102239,0.73297410831422,53,"Sockeye"
1994,10.6669884257846,0.640184431859887,53,"Sockeye"
1995,10.6538612312741,0.627057237349326,53,"Sockeye"
1996,9.95418047904969,-0.0726235148750641,53,"Sockeye"
1997,10.701797803243,0.67499380931825,53,"Sockeye"
1998,10.7561438878377,0.72933989391298,53,"Sockeye"
1999,9.11753531297049,-0.909268680954263,53,"Sockeye"
2000,10.0723297860887,0.0455257921639751,53,"Sockeye"
2001,9.47777117623223,-0.549032817692517,53,"Sockeye"
2002,9.71463455094232,-0.312169442982433,53,"Sockeye"
2003,10.8390587568283,0.812254762903559,53,"Sockeye"
2004,11.2136215368907,1.18681754296591,53,"Sockeye"
2005,11.3720507356856,1.34524674176081,53,"Sockeye"
2006,10.3157875935237,0.288983599598917,53,"Sockeye"
2007,9.70267833603753,-0.32412565788722,53,"Sockeye"
2008,8.97445363468594,-1.05235035923881,53,"Sockeye"
2009,9.62358918454912,-0.403214809375629,53,"Sockeye"
2010,9.9515176349216,-0.0752863590031494,53,"Sockeye"
2011,10.0988614824083,0.0720574884835611,53,"Sockeye"
2012,9.425840444035,-0.600963549889749,53,"Sockeye"
2013,10.3347285058763,0.30792451195158,53,"Sockeye"
2014,10.8105786508984,0.783774656973659,53,"Sockeye"
2015,11.5980515215132,1.57124752758845,53,"Sockeye"
2016,11.5378647910224,1.51106079709766,53,"Sockeye"
2017,10.5832943254047,0.556490331479946,53,"Sockeye"
2018,10.8900925715764,0.863288577651686,53,"Sockeye"
2019,11.2961475716697,1.26934357774494,53,"Sockeye"
2020,10.5909218655692,0.564117871644467,53,"Sockeye"
2021,10.2045530080795,0.177749014154778,53,"Sockeye"
2022,10.2530967262056,0.226292732280861,53,"Sockeye"
2023,10.3685756524404,0.341771658515636,53,"Sockeye"
2024,10.6247361501058,0.597932156181044,53,"Sockeye"
2025,10.7190663549635,0.692262361038757,53,"Sockeye"
1950,8.46358246273465,-1.5632215311901,56,"Sockeye"
1951,9.28400588035584,-0.742798113568911,56,"Sockeye"
1952,9.31242350737254,-0.714380486552214,56,"Sockeye"
1953,9.66605177190569,-0.360752222019064,56,"Sockeye"
1954,9.36594125959608,-0.660862734328669,56,"Sockeye"
1955,9.10697763495975,-0.919826358965,56,"Sockeye"
1956,10.1656429502699,0.138838956345154,56,"Sockeye"
1957,10.4865947564443,0.459790762519545,56,"Sockeye"
1958,11.5344352722168,1.50763127829205,56,"Sockeye"
1959,10.2641420894199,0.237338095495145,56,"Sockeye"
1960,9.99057445261214,-0.0362295413126104,56,"Sockeye"
1961,10.4814562002818,0.45465220635703,56,"Sockeye"
1962,10.109657380316,0.0828533863912473,56,"Sockeye"
1963,10.7986033492618,0.771799355337067,56,"Sockeye"
1964,9.30046388838027,-0.726340105544479,56,"Sockeye"
1965,8.81928569740719,-1.20751829651756,56,"Sockeye"
1966,9.58672165870667,-0.440082335218082,56,"Sockeye"
1967,9.92033359739516,-0.106470396529588,56,"Sockeye"
1968,9.89526759253607,-0.131536401388675,56,"Sockeye"
1969,9.33844815360176,-0.68835584032299,56,"Sockeye"
1970,9.60230195522309,-0.424502038701665,56,"Sockeye"
1971,8.74579034911261,-1.28101364481214,56,"Sockeye"
1972,9.41450149483151,-0.612302499093243,56,"Sockeye"
1973,9.46201821168264,-0.564785782242114,56,"Sockeye"
1974,9.44107242425283,-0.585731569671923,56,"Sockeye"
1975,8.94548608197107,-1.08131791195368,56,"Sockeye"
1976,8.99857862790426,-1.02822536602049,56,"Sockeye"
1977,9.70942840311262,-0.317375590812126,56,"Sockeye"
1978,10.1157547897763,0.0889507958515204,56,"Sockeye"
1979,9.96058826976352,-0.06621572416123,56,"Sockeye"
1980,9.83826433287727,-0.188539661047481,56,"Sockeye"
1981,10.2274632851283,0.200659291203535,56,"Sockeye"
1982,9.26540811856587,-0.761395875358876,56,"Sockeye"
1983,10.8973920477761,0.870588053851367,56,"Sockeye"
1984,9.81248727109697,-0.214316722827776,56,"Sockeye"
1985,9.391799820794,-0.635004173130748,56,"Sockeye"
1986,9.82840232054392,-0.198401673380827,56,"Sockeye"
1987,9.84925425052643,-0.177549743398319,56,"Sockeye"
1988,9.94088249736363,-0.0859214965611246,56,"Sockeye"
1989,10.2072328726451,0.18042887872031,56,"Sockeye"
1990,10.4061322477129,0.37932825378813,56,"Sockeye"
1991,9.84551741017236,-0.181286583752394,56,"Sockeye"
1992,10.6685152848562,0.641711290931416,56,"Sockeye"
1993,10.759778102239,0.73297410831422,56,"Sockeye"
1994,10.6669884257846,0.640184431859887,56,"Sockeye"
1995,10.6538612312741,0.627057237349326,56,"Sockeye"
1996,9.95418047904969,-0.0726235148750641,56,"Sockeye"
1997,10.701797803243,0.67499380931825,56,"Sockeye"
1998,10.7561438878377,0.72933989391298,56,"Sockeye"
1999,9.11753531297049,-0.909268680954263,56,"Sockeye"
2000,10.0723297860887,0.0455257921639751,56,"Sockeye"
2001,9.47777117623223,-0.549032817692517,56,"Sockeye"
2002,9.71463455094232,-0.312169442982433,56,"Sockeye"
2003,10.8390587568283,0.812254762903559,56,"Sockeye"
2004,11.2136215368907,1.18681754296591,56,"Sockeye"
2005,11.3720507356856,1.34524674176081,56,"Sockeye"
2006,10.3157875935237,0.288983599598917,56,"Sockeye"
2007,9.70267833603753,-0.32412565788722,56,"Sockeye"
2008,8.97445363468594,-1.05235035923881,56,"Sockeye"
2009,9.62358918454912,-0.403214809375629,56,"Sockeye"
2010,9.9515176349216,-0.0752863590031494,56,"Sockeye"
2011,10.0988614824083,0.0720574884835611,56,"Sockeye"
2012,9.425840444035,-0.600963549889749,56,"Sockeye"
2013,10.3347285058763,0.30792451195158,56,"Sockeye"
2014,10.8105786508984,0.783774656973659,56,"Sockeye"
2015,11.5980515215132,1.57124752758845,56,"Sockeye"
2016,11.5378647910224,1.51106079709766,56,"Sockeye"
2017,10.5832943254047,0.556490331479946,56,"Sockeye"
2018,10.8900925715764,0.863288577651686,56,"Sockeye"
2019,11.2961475716697,1.26934357774494,56,"Sockeye"
2020,10.5909218655692,0.564117871644467,56,"Sockeye"
2021,10.2045530080795,0.177749014154778,56,"Sockeye"
2022,10.2530967262056,0.226292732280861,56,"Sockeye"
2023,10.3685756524404,0.341771658515636,56,"Sockeye"
2024,10.6247361501058,0.597932156181044,56,"Sockeye"
2025,10.7190663549635,0.692262361038757,56,"Sockeye"
1950,8.46358246273465,-1.5632215311901,57,"Sockeye"
1951,9.28400588035584,-0.742798113568911,57,"Sockeye"
1952,9.31242350737254,-0.714380486552214,57,"Sockeye"
1953,9.66605177190569,-0.360752222019064,57,"Sockeye"
1954,9.36594125959608,-0.660862734328669,57,"Sockeye"
1955,9.10697763495975,-0.919826358965,57,"Sockeye"
1956,10.1656429502699,0.138838956345154,57,"Sockeye"
1957,10.4865947564443,0.459790762519545,57,"Sockeye"
1958,11.5344352722168,1.50763127829205,57,"Sockeye"
1959,10.2641420894199,0.237338095495145,57,"Sockeye"
1960,9.99057445261214,-0.0362295413126104,57,"Sockeye"
1961,10.4814562002818,0.45465220635703,57,"Sockeye"
1962,10.109657380316,0.0828533863912473,57,"Sockeye"
1963,10.7986033492618,0.771799355337067,57,"Sockeye"
1964,9.30046388838027,-0.726340105544479,57,"Sockeye"
1965,8.81928569740719,-1.20751829651756,57,"Sockeye"
1966,9.58672165870667,-0.440082335218082,57,"Sockeye"
1967,9.92033359739516,-0.106470396529588,57,"Sockeye"
1968,9.89526759253607,-0.131536401388675,57,"Sockeye"
1969,9.33844815360176,-0.68835584032299,57,"Sockeye"
1970,9.60230195522309,-0.424502038701665,57,"Sockeye"
1971,8.74579034911261,-1.28101364481214,57,"Sockeye"
1972,9.41450149483151,-0.612302499093243,57,"Sockeye"
1973,9.46201821168264,-0.564785782242114,57,"Sockeye"
1974,9.44107242425283,-0.585731569671923,57,"Sockeye"
1975,8.94548608197107,-1.08131791195368,57,"Sockeye"
1976,8.99857862790426,-1.02822536602049,57,"Sockeye"
1977,9.70942840311262,-0.317375590812126,57,"Sockeye"
1978,10.1157547897763,0.0889507958515204,57,"Sockeye"
1979,9.96058826976352,-0.06621572416123,57,"Sockeye"
1980,9.83826433287727,-0.188539661047481,57,"Sockeye"
1981,10.2274632851283,0.200659291203535,57,"Sockeye"
1982,9.26540811856587,-0.761395875358876,57,"Sockeye"
1983,10.8973920477761,0.870588053851367,57,"Sockeye"
1984,9.81248727109697,-0.214316722827776,57,"Sockeye"
1985,9.391799820794,-0.635004173130748,57,"Sockeye"
1986,9.82840232054392,-0.198401673380827,57,"Sockeye"
1987,9.84925425052643,-0.177549743398319,57,"Sockeye"
1988,9.94088249736363,-0.0859214965611246,57,"Sockeye"
1989,10.2072328726451,0.18042887872031,57,"Sockeye"
1990,10.4061322477129,0.37932825378813,57,"Sockeye"
1991,9.84551741017236,-0.181286583752394,57,"Sockeye"
1992,10.6685152848562,0.641711290931416,57,"Sockeye"
1993,10.759778102239,0.73297410831422,57,"Sockeye"
1994,10.6669884257846,0.640184431859887,57,"Sockeye"
1995,10.6538612312741,0.627057237349326,57,"Sockeye"
1996,9.95418047904969,-0.0726235148750641,57,"Sockeye"
1997,10.701797803243,0.67499380931825,57,"Sockeye"
1998,10.7561438878377,0.72933989391298,57,"Sockeye"
1999,9.11753531297049,-0.909268680954263,57,"Sockeye"
2000,10.0723297860887,0.0455257921639751,57,"Sockeye"
2001,9.47777117623223,-0.549032817692517,57,"Sockeye"
2002,9.71463455094232,-0.312169442982433,57,"Sockeye"
2003,10.8390587568283,0.812254762903559,57,"Sockeye"
2004,11.2136215368907,1.18681754296591,57,"Sockeye"
2005,11.3720507356856,1.34524674176081,57,"Sockeye"
2006,10.3157875935237,0.288983599598917,57,"Sockeye"
2007,9.70267833603753,-0.32412565788722,57,"Sockeye"
2008,8.97445363468594,-1.05235035923881,57,"Sockeye"
2009,9.62358918454912,-0.403214809375629,57,"Sockeye"
2010,9.9515176349216,-0.0752863590031494,57,"Sockeye"
2011,10.0988614824083,0.0720574884835611,57,"Sockeye"
2012,9.425840444035,-0.600963549889749,57,"Sockeye"
2013,10.3347285058763,0.30792451195158,57,"Sockeye"
2014,10.8105786508984,0.783774656973659,57,"Sockeye"
2015,11.5980515215132,1.57124752758845,57,"Sockeye"
2016,11.5378647910224,1.51106079709766,57,"Sockeye"
2017,10.5832943254047,0.556490331479946,57,"Sockeye"
2018,10.8900925715764,0.863288577651686,57,"Sockeye"
2019,11.2961475716697,1.26934357774494,57,"Sockeye"
2020,10.5909218655692,0.564117871644467,57,"Sockeye"
2021,10.2045530080795,0.177749014154778,57,"Sockeye"
2022,10.2530967262056,0.226292732280861,57,"Sockeye"
2023,10.3685756524404,0.341771658515636,57,"Sockeye"
2024,10.6247361501058,0.597932156181044,57,"Sockeye"
2025,10.7190663549635,0.692262361038757,57,"Sockeye"
1950,8.39075311024984,-1.56831758570272,44,"Sockeye"
1951,9.20069702466329,-0.758373671289265,44,"Sockeye"
1952,9.26858642366197,-0.690484272290584,44,"Sockeye"
1953,9.62402669588725,-0.33504400006531,44,"Sockeye"
1954,9.31769204139709,-0.641378654555466,44,"Sockeye"
1955,9.06035485532549,-0.898715840627071,44,"Sockeye"
1956,10.1219551033444,0.162884407391823,44,"Sockeye"
1957,10.4113723436991,0.452301647746579,44,"Sockeye"
1958,11.4412601391474,1.48218944319488,44,"Sockeye"
1959,10.2269928720262,0.267922176073673,44,"Sockeye"
1960,9.936689125167,-0.0223815707855538,44,"Sockeye"
1961,10.433036380344,0.473965684391413,44,"Sockeye"
1962,10.0387146075567,0.0796439116041052,44,"Sockeye"
1963,10.715894209014,0.756823513061488,44,"Sockeye"
1964,9.22130938371023,-0.737761312242327,44,"Sockeye"
1965,8.69173863199022,-1.26733206396234,44,"Sockeye"
1966,9.48373418384128,-0.475336512111274,44,"Sockeye"
1967,9.86012513107724,-0.0989455648753133,44,"Sockeye"
1968,9.85196483135223,-0.107105864600326,44,"Sockeye"
1969,9.24843270248838,-0.710637993464181,44,"Sockeye"
1970,9.5227062702179,-0.436364425734659,44,"Sockeye"
1971,8.6572572655148,-1.30181343043776,44,"Sockeye"
1972,9.30562535921733,-0.653445336735231,44,"Sockeye"
1973,9.37488092316521,-0.584189772787343,44,"Sockeye"
1974,9.39009192254808,-0.568978773404475,44,"Sockeye"
1975,8.84669456217024,-1.11237613378231,44,"Sockeye"
1976,8.95677643352085,-1.00229426243171,44,"Sockeye"
1977,9.66946607165866,-0.289604624293894,44,"Sockeye"
1978,10.0311250156826,0.072054319730087,44,"Sockeye"
1979,9.87119772699144,-0.0878729689611167,44,"Sockeye"
1980,9.76551293002235,-0.193557765930208,44,"Sockeye"
1981,10.1835734711753,0.22450277522275,44,"Sockeye"
1982,9.18044098218282,-0.77862971376974,44,"Sockeye"
1983,10.8528752062056,0.893804510253023,44,"Sockeye"
1984,9.80108344554901,-0.157987250403543,44,"Sockeye"
1985,9.29743630356259,-0.661634392389969,44,"Sockeye"
1986,9.73619068993462,-0.222880006017933,44,"Sockeye"
1987,9.77631648381552,-0.182754212137043,44,"Sockeye"
1988,9.91036554177602,-0.048705154176533,44,"Sockeye"
1989,10.1519232458538,0.192852549901293,44,"Sockeye"
1990,10.3315148353577,0.372444139405109,44,"Sockeye"
1991,9.74287356270684,-0.216197133245716,44,"Sockeye"
1992,10.5445090532303,0.585438357277733,44,"Sockeye"
1993,10.6856415669123,0.726570870959774,44,"Sockeye"
1994,10.5694308678309,0.610360171878352,44,"Sockeye"
1995,10.5656202501721,0.60654955421953,44,"Sockeye"
1996,9.8809523847368,-0.0781183112157522,44,"Sockeye"
1997,10.631355603536,0.672284907583415,44,"Sockeye"
1998,10.6770483652751,0.717977669322511,44,"Sockeye"
1999,9.06372743182713,-0.89534326412543,44,"Sockeye"
2000,10.0134172969394,0.0543466009868634,44,"Sockeye"
2001,9.42046201229095,-0.538608683661602,44,"Sockeye"
2002,9.62251765198178,-0.33655304397078,44,"Sockeye"
2003,10.7783299816979,0.819259285745373,44,"Sockeye"
2004,11.1366908815172,1.17762018556464,44,"Sockeye"
2005,11.3309096097946,1.37183891384206,44,"Sockeye"
2006,10.2519864241282,0.292915728175662,44,"Sockeye"
2007,9.64348389042748,-0.315586805525072,44,"Sockeye"
2008,8.94079105059306,-1.0182796453595,44,"Sockeye"
2009,9.56913937462701,-0.389931321325549,44,"Sockeye"
2010,9.91673268212212,-0.0423380138304339,44,"Sockeye"
2011,10.0942856868108,0.135214990858253,44,"Sockeye"
2012,9.37282533115811,-0.586245364794449,44,"Sockeye"
2013,10.2485618193944,0.289491123441874,44,"Sockeye"
2014,10.7235251002842,0.764454404331603,44,"Sockeye"
2015,11.4946487082375,1.53557801228499,44,"Sockeye"
2016,11.4854842821757,1.52641358622315,44,"Sockeye"
2017,10.5342936515808,0.575222955628252,44,"Sockeye"
2018,10.8260013659795,0.866930670026956,44,"Sockeye"
2019,11.2460687822766,1.28699808632402,44,"Sockeye"
2020,10.5147025055355,0.555631809582991,44,"Sockeye"
2021,10.0968178113302,0.137747115377603,44,"Sockeye"
2022,10.2309413353602,0.27187063940765,44,"Sockeye"
2023,10.266932355033,0.307861659080468,44,"Sockeye"
2024,10.5339191092385,0.574848413285958,44,"Sockeye"
2025,10.6415501568052,0.682479460852687,44,"Sockeye"
1950,8.39075311024984,-1.56831758570272,45,"Sockeye"
1951,9.20069702466329,-0.758373671289265,45,"Sockeye"
1952,9.26858642366197,-0.690484272290584,45,"Sockeye"
1953,9.62402669588725,-0.33504400006531,45,"Sockeye"
1954,9.31769204139709,-0.641378654555466,45,"Sockeye"
1955,9.06035485532549,-0.898715840627071,45,"Sockeye"
1956,10.1219551033444,0.162884407391823,45,"Sockeye"
1957,10.4113723436991,0.452301647746579,45,"Sockeye"
1958,11.4412601391474,1.48218944319488,45,"Sockeye"
1959,10.2269928720262,0.267922176073673,45,"Sockeye"
1960,9.936689125167,-0.0223815707855538,45,"Sockeye"
1961,10.433036380344,0.473965684391413,45,"Sockeye"
1962,10.0387146075567,0.0796439116041052,45,"Sockeye"
1963,10.715894209014,0.756823513061488,45,"Sockeye"
1964,9.22130938371023,-0.737761312242327,45,"Sockeye"
1965,8.69173863199022,-1.26733206396234,45,"Sockeye"
1966,9.48373418384128,-0.475336512111274,45,"Sockeye"
1967,9.86012513107724,-0.0989455648753133,45,"Sockeye"
1968,9.85196483135223,-0.107105864600326,45,"Sockeye"
1969,9.24843270248838,-0.710637993464181,45,"Sockeye"
1970,9.5227062702179,-0.436364425734659,45,"Sockeye"
1971,8.6572572655148,-1.30181343043776,45,"Sockeye"
1972,9.30562535921733,-0.653445336735231,45,"Sockeye"
1973,9.37488092316521,-0.584189772787343,45,"Sockeye"
1974,9.39009192254808,-0.568978773404475,45,"Sockeye"
1975,8.84669456217024,-1.11237613378231,45,"Sockeye"
1976,8.95677643352085,-1.00229426243171,45,"Sockeye"
1977,9.66946607165866,-0.289604624293894,45,"Sockeye"
1978,10.0311250156826,0.072054319730087,45,"Sockeye"
1979,9.87119772699144,-0.0878729689611167,45,"Sockeye"
1980,9.76551293002235,-0.193557765930208,45,"Sockeye"
1981,10.1835734711753,0.22450277522275,45,"Sockeye"
1982,9.18044098218282,-0.77862971376974,45,"Sockeye"
1983,10.8528752062056,0.893804510253023,45,"Sockeye"
1984,9.80108344554901,-0.157987250403543,45,"Sockeye"
1985,9.29743630356259,-0.661634392389969,45,"Sockeye"
1986,9.73619068993462,-0.222880006017933,45,"Sockeye"
1987,9.77631648381552,-0.182754212137043,45,"Sockeye"
1988,9.91036554177602,-0.048705154176533,45,"Sockeye"
1989,10.1519232458538,0.192852549901293,45,"Sockeye"
1990,10.3315148353577,0.372444139405109,45,"Sockeye"
1991,9.74287356270684,-0.216197133245716,45,"Sockeye"
1992,10.5445090532303,0.585438357277733,45,"Sockeye"
1993,10.6856415669123,0.726570870959774,45,"Sockeye"
1994,10.5694308678309,0.610360171878352,45,"Sockeye"
1995,10.5656202501721,0.60654955421953,45,"Sockeye"
1996,9.8809523847368,-0.0781183112157522,45,"Sockeye"
1997,10.631355603536,0.672284907583415,45,"Sockeye"
1998,10.6770483652751,0.717977669322511,45,"Sockeye"
1999,9.06372743182713,-0.89534326412543,45,"Sockeye"
2000,10.0134172969394,0.0543466009868634,45,"Sockeye"
2001,9.42046201229095,-0.538608683661602,45,"Sockeye"
2002,9.62251765198178,-0.33655304397078,45,"Sockeye"
2003,10.7783299816979,0.819259285745373,45,"Sockeye"
2004,11.1366908815172,1.17762018556464,45,"Sockeye"
2005,11.3309096097946,1.37183891384206,45,"Sockeye"
2006,10.2519864241282,0.292915728175662,45,"Sockeye"
2007,9.64348389042748,-0.315586805525072,45,"Sockeye"
2008,8.94079105059306,-1.0182796453595,45,"Sockeye"
2009,9.56913937462701,-0.389931321325549,45,"Sockeye"
2010,9.91673268212212,-0.0423380138304339,45,"Sockeye"
2011,10.0942856868108,0.135214990858253,45,"Sockeye"
2012,9.37282533115811,-0.586245364794449,45,"Sockeye"
2013,10.2485618193944,0.289491123441874,45,"Sockeye"
2014,10.7235251002842,0.764454404331603,45,"Sockeye"
2015,11.4946487082375,1.53557801228499,45,"Sockeye"
2016,11.4854842821757,1.52641358622315,45,"Sockeye"
2017,10.5342936515808,0.575222955628252,45,"Sockeye"
2018,10.8260013659795,0.866930670026956,45,"Sockeye"
2019,11.2460687822766,1.28699808632402,45,"Sockeye"
2020,10.5147025055355,0.555631809582991,45,"Sockeye"
2021,10.0968178113302,0.137747115377603,45,"Sockeye"
2022,10.2309413353602,0.27187063940765,45,"Sockeye"
2023,10.266932355033,0.307861659080468,45,"Sockeye"
2024,10.5339191092385,0.574848413285958,45,"Sockeye"
2025,10.6415501568052,0.682479460852687,45,"Sockeye"
1950,8.39075311024984,-1.56831758570272,48,"Sockeye"
1951,9.20069702466329,-0.758373671289265,48,"Sockeye"
1952,9.26858642366197,-0.690484272290584,48,"Sockeye"
1953,9.62402669588725,-0.33504400006531,48,"Sockeye"
1954,9.31769204139709,-0.641378654555466,48,"Sockeye"
1955,9.06035485532549,-0.898715840627071,48,"Sockeye"
1956,10.1219551033444,0.162884407391823,48,"Sockeye"
1957,10.4113723436991,0.452301647746579,48,"Sockeye"
1958,11.4412601391474,1.48218944319488,48,"Sockeye"
1959,10.2269928720262,0.267922176073673,48,"Sockeye"
1960,9.936689125167,-0.0223815707855538,48,"Sockeye"
1961,10.433036380344,0.473965684391413,48,"Sockeye"
1962,10.0387146075567,0.0796439116041052,48,"Sockeye"
1963,10.715894209014,0.756823513061488,48,"Sockeye"
1964,9.22130938371023,-0.737761312242327,48,"Sockeye"
1965,8.69173863199022,-1.26733206396234,48,"Sockeye"
1966,9.48373418384128,-0.475336512111274,48,"Sockeye"
1967,9.86012513107724,-0.0989455648753133,48,"Sockeye"
1968,9.85196483135223,-0.107105864600326,48,"Sockeye"
1969,9.24843270248838,-0.710637993464181,48,"Sockeye"
1970,9.5227062702179,-0.436364425734659,48,"Sockeye"
1971,8.6572572655148,-1.30181343043776,48,"Sockeye"
1972,9.30562535921733,-0.653445336735231,48,"Sockeye"
1973,9.37488092316521,-0.584189772787343,48,"Sockeye"
1974,9.39009192254808,-0.568978773404475,48,"Sockeye"
1975,8.84669456217024,-1.11237613378231,48,"Sockeye"
1976,8.95677643352085,-1.00229426243171,48,"Sockeye"
1977,9.66946607165866,-0.289604624293894,48,"Sockeye"
1978,10.0311250156826,0.072054319730087,48,"Sockeye"
1979,9.87119772699144,-0.0878729689611167,48,"Sockeye"
1980,9.76551293002235,-0.193557765930208,48,"Sockeye"
1981,10.1835734711753,0.22450277522275,48,"Sockeye"
1982,9.18044098218282,-0.77862971376974,48,"Sockeye"
1983,10.8528752062056,0.893804510253023,48,"Sockeye"
1984,9.80108344554901,-0.157987250403543,48,"Sockeye"
1985,9.29743630356259,-0.661634392389969,48,"Sockeye"
1986,9.73619068993462,-0.222880006017933,48,"Sockeye"
1987,9.77631648381552,-0.182754212137043,48,"Sockeye"
1988,9.91036554177602,-0.048705154176533,48,"Sockeye"
1989,10.1519232458538,0.192852549901293,48,"Sockeye"
1990,10.3315148353577,0.372444139405109,48,"Sockeye"
1991,9.74287356270684,-0.216197133245716,48,"Sockeye"
1992,10.5445090532303,0.585438357277733,48,"Sockeye"
1993,10.6856415669123,0.726570870959774,48,"Sockeye"
1994,10.5694308678309,0.610360171878352,48,"Sockeye"
1995,10.5656202501721,0.60654955421953,48,"Sockeye"
1996,9.8809523847368,-0.0781183112157522,48,"Sockeye"
1997,10.631355603536,0.672284907583415,48,"Sockeye"
1998,10.6770483652751,0.717977669322511,48,"Sockeye"
1999,9.06372743182713,-0.89534326412543,48,"Sockeye"
2000,10.0134172969394,0.0543466009868634,48,"Sockeye"
2001,9.42046201229095,-0.538608683661602,48,"Sockeye"
2002,9.62251765198178,-0.33655304397078,48,"Sockeye"
2003,10.7783299816979,0.819259285745373,48,"Sockeye"
2004,11.1366908815172,1.17762018556464,48,"Sockeye"
2005,11.3309096097946,1.37183891384206,48,"Sockeye"
2006,10.2519864241282,0.292915728175662,48,"Sockeye"
2007,9.64348389042748,-0.315586805525072,48,"Sockeye"
2008,8.94079105059306,-1.0182796453595,48,"Sockeye"
2009,9.56913937462701,-0.389931321325549,48,"Sockeye"
2010,9.91673268212212,-0.0423380138304339,48,"Sockeye"
2011,10.0942856868108,0.135214990858253,48,"Sockeye"
2012,9.37282533115811,-0.586245364794449,48,"Sockeye"
2013,10.2485618193944,0.289491123441874,48,"Sockeye"
2014,10.7235251002842,0.764454404331603,48,"Sockeye"
2015,11.4946487082375,1.53557801228499,48,"Sockeye"
2016,11.4854842821757,1.52641358622315,48,"Sockeye"
2017,10.5342936515808,0.575222955628252,48,"Sockeye"
2018,10.8260013659795,0.866930670026956,48,"Sockeye"
2019,11.2460687822766,1.28699808632402,48,"Sockeye"
2020,10.5147025055355,0.555631809582991,48,"Sockeye"
2021,10.0968178113302,0.137747115377603,48,"Sockeye"
2022,10.2309413353602,0.27187063940765,48,"Sockeye"
2023,10.266932355033,0.307861659080468,48,"Sockeye"
2024,10.5339191092385,0.574848413285958,48,"Sockeye"
2025,10.6415501568052,0.682479460852687,48,"Sockeye"
1950,8.39075311024984,-1.56831758570272,50,"Sockeye"
1951,9.20069702466329,-0.758373671289265,50,"Sockeye"
1952,9.26858642366197,-0.690484272290584,50,"Sockeye"
1953,9.62402669588725,-0.33504400006531,50,"Sockeye"
1954,9.31769204139709,-0.641378654555466,50,"Sockeye"
1955,9.06035485532549,-0.898715840627071,50,"Sockeye"
1956,10.1219551033444,0.162884407391823,50,"Sockeye"
1957,10.4113723436991,0.452301647746579,50,"Sockeye"
1958,11.4412601391474,1.48218944319488,50,"Sockeye"
1959,10.2269928720262,0.267922176073673,50,"Sockeye"
1960,9.936689125167,-0.0223815707855538,50,"Sockeye"
1961,10.433036380344,0.473965684391413,50,"Sockeye"
1962,10.0387146075567,0.0796439116041052,50,"Sockeye"
1963,10.715894209014,0.756823513061488,50,"Sockeye"
1964,9.22130938371023,-0.737761312242327,50,"Sockeye"
1965,8.69173863199022,-1.26733206396234,50,"Sockeye"
1966,9.48373418384128,-0.475336512111274,50,"Sockeye"
1967,9.86012513107724,-0.0989455648753133,50,"Sockeye"
1968,9.85196483135223,-0.107105864600326,50,"Sockeye"
1969,9.24843270248838,-0.710637993464181,50,"Sockeye"
1970,9.5227062702179,-0.436364425734659,50,"Sockeye"
1971,8.6572572655148,-1.30181343043776,50,"Sockeye"
1972,9.30562535921733,-0.653445336735231,50,"Sockeye"
1973,9.37488092316521,-0.584189772787343,50,"Sockeye"
1974,9.39009192254808,-0.568978773404475,50,"Sockeye"
1975,8.84669456217024,-1.11237613378231,50,"Sockeye"
1976,8.95677643352085,-1.00229426243171,50,"Sockeye"
1977,9.66946607165866,-0.289604624293894,50,"Sockeye"
1978,10.0311250156826,0.072054319730087,50,"Sockeye"
1979,9.87119772699144,-0.0878729689611167,50,"Sockeye"
1980,9.76551293002235,-0.193557765930208,50,"Sockeye"
1981,10.1835734711753,0.22450277522275,50,"Sockeye"
1982,9.18044098218282,-0.77862971376974,50,"Sockeye"
1983,10.8528752062056,0.893804510253023,50,"Sockeye"
1984,9.80108344554901,-0.157987250403543,50,"Sockeye"
1985,9.29743630356259,-0.661634392389969,50,"Sockeye"
1986,9.73619068993462,-0.222880006017933,50,"Sockeye"
1987,9.77631648381552,-0.182754212137043,50,"Sockeye"
1988,9.91036554177602,-0.048705154176533,50,"Sockeye"
1989,10.1519232458538,0.192852549901293,50,"Sockeye"
1990,10.3315148353577,0.372444139405109,50,"Sockeye"
1991,9.74287356270684,-0.216197133245716,50,"Sockeye"
1992,10.5445090532303,0.585438357277733,50,"Sockeye"
1993,10.6856415669123,0.726570870959774,50,"Sockeye"
1994,10.5694308678309,0.610360171878352,50,"Sockeye"
1995,10.5656202501721,0.60654955421953,50,"Sockeye"
1996,9.8809523847368,-0.0781183112157522,50,"Sockeye"
1997,10.631355603536,0.672284907583415,50,"Sockeye"
1998,10.6770483652751,0.717977669322511,50,"Sockeye"
1999,9.06372743182713,-0.89534326412543,50,"Sockeye"
2000,10.0134172969394,0.0543466009868634,50,"Sockeye"
2001,9.42046201229095,-0.538608683661602,50,"Sockeye"
2002,9.62251765198178,-0.33655304397078,50,"Sockeye"
2003,10.7783299816979,0.819259285745373,50,"Sockeye"
2004,11.1366908815172,1.17762018556464,50,"Sockeye"
2005,11.3309096097946,1.37183891384206,50,"Sockeye"
2006,10.2519864241282,0.292915728175662,50,"Sockeye"
2007,9.64348389042748,-0.315586805525072,50,"Sockeye"
2008,8.94079105059306,-1.0182796453595,50,"Sockeye"
2009,9.56913937462701,-0.389931321325549,50,"Sockeye"
2010,9.91673268212212,-0.0423380138304339,50,"Sockeye"
2011,10.0942856868108,0.135214990858253,50,"Sockeye"
2012,9.37282533115811,-0.586245364794449,50,"Sockeye"
2013,10.2485618193944,0.289491123441874,50,"Sockeye"
2014,10.7235251002842,0.764454404331603,50,"Sockeye"
2015,11.4946487082375,1.53557801228499,50,"Sockeye"
2016,11.4854842821757,1.52641358622315,50,"Sockeye"
2017,10.5342936515808,0.575222955628252,50,"Sockeye"
2018,10.8260013659795,0.866930670026956,50,"Sockeye"
2019,11.2460687822766,1.28699808632402,50,"Sockeye"
2020,10.5147025055355,0.555631809582991,50,"Sockeye"
2021,10.0968178113302,0.137747115377603,50,"Sockeye"
2022,10.2309413353602,0.27187063940765,50,"Sockeye"
2023,10.266932355033,0.307861659080468,50,"Sockeye"
2024,10.5339191092385,0.574848413285958,50,"Sockeye"
2025,10.6415501568052,0.682479460852687,50,"Sockeye"
1950,8.39075311024984,-1.56831758570272,52,"Sockeye"
1951,9.20069702466329,-0.758373671289265,52,"Sockeye"
1952,9.26858642366197,-0.690484272290584,52,"Sockeye"
1953,9.62402669588725,-0.33504400006531,52,"Sockeye"
1954,9.31769204139709,-0.641378654555466,52,"Sockeye"
1955,9.06035485532549,-0.898715840627071,52,"Sockeye"
1956,10.1219551033444,0.162884407391823,52,"Sockeye"
1957,10.4113723436991,0.452301647746579,52,"Sockeye"
1958,11.4412601391474,1.48218944319488,52,"Sockeye"
1959,10.2269928720262,0.267922176073673,52,"Sockeye"
1960,9.936689125167,-0.0223815707855538,52,"Sockeye"
1961,10.433036380344,0.473965684391413,52,"Sockeye"
1962,10.0387146075567,0.0796439116041052,52,"Sockeye"
1963,10.715894209014,0.756823513061488,52,"Sockeye"
1964,9.22130938371023,-0.737761312242327,52,"Sockeye"
1965,8.69173863199022,-1.26733206396234,52,"Sockeye"
1966,9.48373418384128,-0.475336512111274,52,"Sockeye"
1967,9.86012513107724,-0.0989455648753133,52,"Sockeye"
1968,9.85196483135223,-0.107105864600326,52,"Sockeye"
1969,9.24843270248838,-0.710637993464181,52,"Sockeye"
1970,9.5227062702179,-0.436364425734659,52,"Sockeye"
1971,8.6572572655148,-1.30181343043776,52,"Sockeye"
1972,9.30562535921733,-0.653445336735231,52,"Sockeye"
1973,9.37488092316521,-0.584189772787343,52,"Sockeye"
1974,9.39009192254808,-0.568978773404475,52,"Sockeye"
1975,8.84669456217024,-1.11237613378231,52,"Sockeye"
1976,8.95677643352085,-1.00229426243171,52,"Sockeye"
1977,9.66946607165866,-0.289604624293894,52,"Sockeye"
1978,10.0311250156826,0.072054319730087,52,"Sockeye"
1979,9.87119772699144,-0.0878729689611167,52,"Sockeye"
1980,9.76551293002235,-0.193557765930208,52,"Sockeye"
1981,10.1835734711753,0.22450277522275,52,"Sockeye"
1982,9.18044098218282,-0.77862971376974,52,"Sockeye"
1983,10.8528752062056,0.893804510253023,52,"Sockeye"
1984,9.80108344554901,-0.157987250403543,52,"Sockeye"
1985,9.29743630356259,-0.661634392389969,52,"Sockeye"
1986,9.73619068993462,-0.222880006017933,52,"Sockeye"
1987,9.77631648381552,-0.182754212137043,52,"Sockeye"
1988,9.91036554177602,-0.048705154176533,52,"Sockeye"
1989,10.1519232458538,0.192852549901293,52,"Sockeye"
1990,10.3315148353577,0.372444139405109,52,"Sockeye"
1991,9.74287356270684,-0.216197133245716,52,"Sockeye"
1992,10.5445090532303,0.585438357277733,52,"Sockeye"
1993,10.6856415669123,0.726570870959774,52,"Sockeye"
1994,10.5694308678309,0.610360171878352,52,"Sockeye"
1995,10.5656202501721,0.60654955421953,52,"Sockeye"
1996,9.8809523847368,-0.0781183112157522,52,"Sockeye"
1997,10.631355603536,0.672284907583415,52,"Sockeye"
1998,10.6770483652751,0.717977669322511,52,"Sockeye"
1999,9.06372743182713,-0.89534326412543,52,"Sockeye"
2000,10.0134172969394,0.0543466009868634,52,"Sockeye"
2001,9.42046201229095,-0.538608683661602,52,"Sockeye"
2002,9.62251765198178,-0.33655304397078,52,"Sockeye"
2003,10.7783299816979,0.819259285745373,52,"Sockeye"
2004,11.1366908815172,1.17762018556464,52,"Sockeye"
2005,11.3309096097946,1.37183891384206,52,"Sockeye"
2006,10.2519864241282,0.292915728175662,52,"Sockeye"
2007,9.64348389042748,-0.315586805525072,52,"Sockeye"
2008,8.94079105059306,-1.0182796453595,52,"Sockeye"
2009,9.56913937462701,-0.389931321325549,52,"Sockeye"
2010,9.91673268212212,-0.0423380138304339,52,"Sockeye"
2011,10.0942856868108,0.135214990858253,52,"Sockeye"
2012,9.37282533115811,-0.586245364794449,52,"Sockeye"
2013,10.2485618193944,0.289491123441874,52,"Sockeye"
2014,10.7235251002842,0.764454404331603,52,"Sockeye"
2015,11.4946487082375,1.53557801228499,52,"Sockeye"
2016,11.4854842821757,1.52641358622315,52,"Sockeye"
2017,10.5342936515808,0.575222955628252,52,"Sockeye"
2018,10.8260013659795,0.866930670026956,52,"Sockeye"
2019,11.2460687822766,1.28699808632402,52,"Sockeye"
2020,10.5147025055355,0.555631809582991,52,"Sockeye"
2021,10.0968178113302,0.137747115377603,52,"Sockeye"
2022,10.2309413353602,0.27187063940765,52,"Sockeye"
2023,10.266932355033,0.307861659080468,52,"Sockeye"
2024,10.5339191092385,0.574848413285958,52,"Sockeye"
2025,10.6415501568052,0.682479460852687,52,"Sockeye"
1950,8.39075311024984,-1.56831758570272,58,"Sockeye"
1951,9.20069702466329,-0.758373671289265,58,"Sockeye"
1952,9.26858642366197,-0.690484272290584,58,"Sockeye"
1953,9.62402669588725,-0.33504400006531,58,"Sockeye"
1954,9.31769204139709,-0.641378654555466,58,"Sockeye"
1955,9.06035485532549,-0.898715840627071,58,"Sockeye"
1956,10.1219551033444,0.162884407391823,58,"Sockeye"
1957,10.4113723436991,0.452301647746579,58,"Sockeye"
1958,11.4412601391474,1.48218944319488,58,"Sockeye"
1959,10.2269928720262,0.267922176073673,58,"Sockeye"
1960,9.936689125167,-0.0223815707855538,58,"Sockeye"
1961,10.433036380344,0.473965684391413,58,"Sockeye"
1962,10.0387146075567,0.0796439116041052,58,"Sockeye"
1963,10.715894209014,0.756823513061488,58,"Sockeye"
1964,9.22130938371023,-0.737761312242327,58,"Sockeye"
1965,8.69173863199022,-1.26733206396234,58,"Sockeye"
1966,9.48373418384128,-0.475336512111274,58,"Sockeye"
1967,9.86012513107724,-0.0989455648753133,58,"Sockeye"
1968,9.85196483135223,-0.107105864600326,58,"Sockeye"
1969,9.24843270248838,-0.710637993464181,58,"Sockeye"
1970,9.5227062702179,-0.436364425734659,58,"Sockeye"
1971,8.6572572655148,-1.30181343043776,58,"Sockeye"
1972,9.30562535921733,-0.653445336735231,58,"Sockeye"
1973,9.37488092316521,-0.584189772787343,58,"Sockeye"
1974,9.39009192254808,-0.568978773404475,58,"Sockeye"
1975,8.84669456217024,-1.11237613378231,58,"Sockeye"
1976,8.95677643352085,-1.00229426243171,58,"Sockeye"
1977,9.66946607165866,-0.289604624293894,58,"Sockeye"
1978,10.0311250156826,0.072054319730087,58,"Sockeye"
1979,9.87119772699144,-0.0878729689611167,58,"Sockeye"
1980,9.76551293002235,-0.193557765930208,58,"Sockeye"
1981,10.1835734711753,0.22450277522275,58,"Sockeye"
1982,9.18044098218282,-0.77862971376974,58,"Sockeye"
1983,10.8528752062056,0.893804510253023,58,"Sockeye"
1984,9.80108344554901,-0.157987250403543,58,"Sockeye"
1985,9.29743630356259,-0.661634392389969,58,"Sockeye"
1986,9.73619068993462,-0.222880006017933,58,"Sockeye"
1987,9.77631648381552,-0.182754212137043,58,"Sockeye"
1988,9.91036554177602,-0.048705154176533,58,"Sockeye"
1989,10.1519232458538,0.192852549901293,58,"Sockeye"
1990,10.3315148353577,0.372444139405109,58,"Sockeye"
1991,9.74287356270684,-0.216197133245716,58,"Sockeye"
1992,10.5445090532303,0.585438357277733,58,"Sockeye"
1993,10.6856415669123,0.726570870959774,58,"Sockeye"
1994,10.5694308678309,0.610360171878352,58,"Sockeye"
1995,10.5656202501721,0.60654955421953,58,"Sockeye"
1996,9.8809523847368,-0.0781183112157522,58,"Sockeye"
1997,10.631355603536,0.672284907583415,58,"Sockeye"
1998,10.6770483652751,0.717977669322511,58,"Sockeye"
1999,9.06372743182713,-0.89534326412543,58,"Sockeye"
2000,10.0134172969394,0.0543466009868634,58,"Sockeye"
2001,9.42046201229095,-0.538608683661602,58,"Sockeye"
2002,9.62251765198178,-0.33655304397078,58,"Sockeye"
2003,10.7783299816979,0.819259285745373,58,"Sockeye"
2004,11.1366908815172,1.17762018556464,58,"Sockeye"
2005,11.3309096097946,1.37183891384206,58,"Sockeye"
2006,10.2519864241282,0.292915728175662,58,"Sockeye"
2007,9.64348389042748,-0.315586805525072,58,"Sockeye"
2008,8.94079105059306,-1.0182796453595,58,"Sockeye"
2009,9.56913937462701,-0.389931321325549,58,"Sockeye"
2010,9.91673268212212,-0.0423380138304339,58,"Sockeye"
2011,10.0942856868108,0.135214990858253,58,"Sockeye"
2012,9.37282533115811,-0.586245364794449,58,"Sockeye"
2013,10.2485618193944,0.289491123441874,58,"Sockeye"
2014,10.7235251002842,0.764454404331603,58,"Sockeye"
2015,11.4946487082375,1.53557801228499,58,"Sockeye"
2016,11.4854842821757,1.52641358622315,58,"Sockeye"
2017,10.5342936515808,0.575222955628252,58,"Sockeye"
2018,10.8260013659795,0.866930670026956,58,"Sockeye"
2019,11.2460687822766,1.28699808632402,58,"Sockeye"
2020,10.5147025055355,0.555631809582991,58,"Sockeye"
2021,10.0968178113302,0.137747115377603,58,"Sockeye"
2022,10.2309413353602,0.27187063940765,58,"Sockeye"
2023,10.266932355033,0.307861659080468,58,"Sockeye"
2024,10.5339191092385,0.574848413285958,58,"Sockeye"
2025,10.6415501568052,0.682479460852687,58,"Sockeye"
1950,7.67582556834588,-1.54109170439371,89,"Sockeye"
1951,8.53045531419607,-0.686461958543517,89,"Sockeye"
1952,8.59726802202371,-0.619649250715878,89,"Sockeye"
1953,9.00949097596682,-0.207426296772772,89,"Sockeye"
1954,8.73566876924955,-0.481248503490041,89,"Sockeye"
1955,8.46711399922004,-0.749803273519549,89,"Sockeye"
1956,9.41569325557121,0.198775982831622,89,"Sockeye"
1957,9.70500630598802,0.488089033248425,89,"Sockeye"
1958,10.6329637123988,1.41604643965923,89,"Sockeye"
1959,9.69991075992584,0.482993487186245,89,"Sockeye"
1960,9.18211100651668,-0.0348062662229098,89,"Sockeye"
1961,9.77160817843218,0.554690905692585,89,"Sockeye"
1962,9.38248281295482,0.165565540215233,89,"Sockeye"
1963,9.89173548955184,0.674818216812249,89,"Sockeye"
1964,8.46278267640334,-0.754134596336251,89,"Sockeye"
1965,7.80347885535313,-1.41343841738646,89,"Sockeye"
1966,8.62932716883146,-0.587590103908133,89,"Sockeye"
1967,9.25985008936662,0.04293281662703,89,"Sockeye"
1968,9.31454907930814,0.0976318065685503,89,"Sockeye"
1969,8.39146577394926,-0.825451498790334,89,"Sockeye"
1970,8.78339555630317,-0.433521716436421,89,"Sockeye"
1971,7.78387839977558,-1.43303887296401,89,"Sockeye"
1972,8.3498936524758,-0.867023620263792,89,"Sockeye"
1973,8.45116316355192,-0.765754109187674,89,"Sockeye"
1974,8.69754867370312,-0.51936859903647,89,"Sockeye"
1975,7.87941545706529,-1.3375018156743,89,"Sockeye"
1976,8.26313782655276,-0.953779446186836,89,"Sockeye"
1977,9.15694702588594,-0.0599702468536466,89,"Sockeye"
1978,9.17343474351443,-0.0434825292251581,89,"Sockeye"
1979,9.18517710612371,-0.0317401666158839,89,"Sockeye"
1980,9.01151671776405,-0.205400554975541,89,"Sockeye"
1981,9.68129628438217,0.464379011642574,89,"Sockeye"
1982,8.31008426959698,-0.906833003142612,89,"Sockeye"
1983,10.1626481184593,0.945730845719669,89,"Sockeye"
1984,9.38359559499301,0.166678322253418,89,"Sockeye"
1985,8.37962572391217,-0.837291548827424,89,"Sockeye"
1986,8.8436428125088,-0.373274460230791,89,"Sockeye"
1987,8.87708576825949,-0.339831504480103,89,"Sockeye"
1988,9.15980976361495,-0.0571075091246456,89,"Sockeye"
1989,9.31350355881911,0.0965862860795207,89,"Sockeye"
1990,9.5119952238523,0.295077951112714,89,"Sockeye"
1991,8.91122927115514,-0.305688001584455,89,"Sockeye"
1992,9.45622269006876,0.23930541732917,89,"Sockeye"
1993,9.84387715963217,0.626959886892578,89,"Sockeye"
1994,9.67140508615054,0.454487813410946,89,"Sockeye"
1995,9.47991830569048,0.263001032950883,89,"Sockeye"
1996,9.16233767912938,-0.0545795936102122,89,"Sockeye"
1997,9.87706976670485,0.660152493965261,89,"Sockeye"
1998,9.78081505115216,0.563897778412569,89,"Sockeye"
1999,8.24564240528987,-0.971274867449718,89,"Sockeye"
2000,9.1826764528568,-0.0342408198827948,89,"Sockeye"
2001,8.75676400844867,-0.46015326429092,89,"Sockeye"
2002,8.89840410305903,-0.318513169680558,89,"Sockeye"
2003,10.005798633282,0.788881360542406,89,"Sockeye"
2004,10.3092612486619,1.09234397592233,89,"Sockeye"
2005,10.7533111022069,1.5363938294673,89,"Sockeye"
2006,9.4561787201808,0.239261447441211,89,"Sockeye"
2007,8.80746299486894,-0.409454277870652,89,"Sockeye"
2008,8.35007291573744,-0.866844357002148,89,"Sockeye"
2009,8.99699082741371,-0.219926445325885,89,"Sockeye"
2010,9.26632518034715,0.0494079076075579,89,"Sockeye"
2011,9.53123383338634,0.314316560646749,89,"Sockeye"
2012,8.50669393172631,-0.710223341013286,89,"Sockeye"
2013,9.47956112714914,0.262643854409552,89,"Sockeye"
2014,10.2039258204974,0.987008547757779,89,"Sockeye"
2015,10.7325047896459,1.51558751690626,89,"Sockeye"
2016,10.8266478501833,1.60973057744375,89,"Sockeye"
2017,9.72311330758608,0.50619603484649,89,"Sockeye"
2018,10.0633293298575,0.846412057117868,89,"Sockeye"
2019,10.7510162041737,1.53409893143416,89,"Sockeye"
2020,9.85861267493321,0.641695402193623,89,"Sockeye"
2021,9.28752827644348,0.0706110037038869,89,"Sockeye"
2022,9.74144690770369,0.5245296349641,89,"Sockeye"
2023,9.45864521540128,0.241727942661689,89,"Sockeye"
2024,9.64903994706961,0.432122674330013,89,"Sockeye"
2025,9.95680126777062,0.739883995031025,89,"Sockeye"
1950,7.63636693689558,-1.55293772354881,88,"Sockeye"
1951,8.44937649038103,-0.739928170063359,88,"Sockeye"
1952,8.59914245870378,-0.590162201740613,88,"Sockeye"
1953,8.99753533469306,-0.191769325751329,88,"Sockeye"
1954,8.7552139626609,-0.434090697783493,88,"Sockeye"
1955,8.50714054372576,-0.682164116718633,88,"Sockeye"
1956,9.43461431397332,0.245309653528928,88,"Sockeye"
1957,9.65636193752288,0.467057277078493,88,"Sockeye"
1958,10.539987511105,1.35068285066062,88,"Sockeye"
1959,9.76071672969394,0.571412069249545,88,"Sockeye"
1960,9.18903681966994,-0.000267840774450523,88,"Sockeye"
1961,9.79550237125821,0.606197710813819,88,"Sockeye"
1962,9.36605850855509,0.176753848110699,88,"Sockeye"
1963,9.83778568108877,0.648481020644375,88,"Sockeye"
1964,8.40534791681501,-0.783956743629376,88,"Sockeye"
1965,7.64856113327874,-1.54074352716565,88,"Sockeye"
1966,8.51997133096059,-0.669333329483799,88,"Sockeye"
1967,9.22531821992662,0.0360135594822335,88,"Sockeye"
1968,9.3591562906901,0.169851630245711,88,"Sockeye"
1969,8.31628370285034,-0.873020957594046,88,"Sockeye"
1970,8.7190127770106,-0.470291883433791,88,"Sockeye"
1971,7.70902174048954,-1.48028291995485,88,"Sockeye"
1972,8.21805237399207,-0.971252286452319,88,"Sockeye"
1973,8.40406803290049,-0.785236627543898,88,"Sockeye"
1974,8.70365852779812,-0.485646132646267,88,"Sockeye"
1975,7.79161375098758,-1.39769090945681,88,"Sockeye"
1976,8.31063520908356,-0.878669451360836,88,"Sockeye"
1977,9.21635128392113,0.0270466234767412,88,"Sockeye"
1978,9.09591036372715,-0.0933942967172393,88,"Sockeye"
1979,9.09363872475095,-0.0956659356934429,88,"Sockeye"
1980,8.97213097413381,-0.217173686310577,88,"Sockeye"
1981,9.71252355310653,0.523218892662135,88,"Sockeye"
1982,8.24803535143534,-0.941269309009048,88,"Sockeye"
1983,10.2024426725176,1.01313801207317,88,"Sockeye"
1984,9.49413526058198,0.304830600137585,88,"Sockeye"
1985,8.31893326176538,-0.870371398679014,88,"Sockeye"
1986,8.75791219870249,-0.431392461741898,88,"Sockeye"
1987,8.84362122747633,-0.345683432968061,88,"Sockeye"
1988,9.22908022668627,0.0397755662418758,88,"Sockeye"
1989,9.33993248144786,0.150627821003469,88,"Sockeye"
1990,9.49408034483592,0.304775684391526,88,"Sockeye"
1991,8.81566825177934,-0.373636408665046,88,"Sockeye"
1992,9.28803937964969,0.0987347192053044,88,"Sockeye"
1993,9.78183046976725,0.592525809322864,88,"Sockeye"
1994,9.5785532395045,0.389248579060106,88,"Sockeye"
1995,9.38844690057967,0.19914224013528,88,"Sockeye"
1996,9.09847349590726,-0.0908311645371346,88,"Sockeye"
1997,9.83696375952827,0.647659099083877,88,"Sockeye"
1998,9.70739886495802,0.518094204513634,88,"Sockeye"
1999,8.23860222763486,-0.950702432809536,88,"Sockeye"
2000,9.16149653328789,-0.0278081271564979,88,"Sockeye"
2001,8.75135593944125,-0.437948721003136,88,"Sockeye"
2002,8.81068015098572,-0.378624509458674,88,"Sockeye"
2003,10.0093437963062,0.820039135861794,88,"Sockeye"
2004,10.2469938993454,1.05768923890101,88,"Sockeye"
2005,10.7682060665554,1.57890140611106,88,"Sockeye"
2006,9.4203485780292,0.231043917584813,88,"Sockeye"
2007,8.80149902237786,-0.38780563806653,88,"Sockeye"
2008,8.44427253140344,-0.745032129040954,88,"Sockeye"
2009,9.01226545704736,-0.177039203397034,88,"Sockeye"
2010,9.34493758943346,0.155632928989069,88,"Sockeye"
2011,9.65267932415008,0.46337466370569,88,"Sockeye"
2012,8.55506506231096,-0.63423959813343,88,"Sockeye"
2013,9.41229459974501,0.222989939300619,88,"Sockeye"
2014,10.1612269481023,0.97192228765793,88,"Sockeye"
2015,10.6302803887261,1.44097572828174,88,"Sockeye"
2016,10.827104224099,1.63779956365466,88,"Sockeye"
2017,9.71883090337117,0.52952624292678,88,"Sockeye"
2018,10.016747408443,0.827442747998641,88,"Sockeye"
2019,10.7343849870894,1.54508032664498,88,"Sockeye"
2020,9.77798063225217,0.588675971807775,88,"Sockeye"
2021,9.16206502914429,-0.0272396313001044,88,"Sockeye"
2022,9.79093601968553,0.601631359241142,88,"Sockeye"
2023,9.35687585671743,0.167571196273036,88,"Sockeye"
2024,9.59509995248582,0.405795292041431,88,"Sockeye"
2025,9.89555895328522,0.706254292840825,88,"Sockeye"
1950,8.80803386064676,-1.73370292666589,3,"Sockeye"
1951,10.2352875379416,-0.306449249371087,3,"Sockeye"
1952,10.2015020847321,-0.3402347025806,3,"Sockeye"
1953,10.6570546902143,0.115317902901653,3,"Sockeye"
1954,10.5707863110762,0.0290495237635842,3,"Sockeye"
1955,9.97522030426905,-0.566516483043599,3,"Sockeye"
1956,10.7619145191633,0.220177731850632,3,"Sockeye"
1957,11.5566270076312,1.0148902203185,3,"Sockeye"
1958,11.408937059916,0.867200272603334,3,"Sockeye"
1959,11.1610685770328,0.619331789720167,3,"Sockeye"
1960,10.6280000576606,0.0862632703479636,3,"Sockeye"
1961,11.2938351539465,0.752098366633864,3,"Sockeye"
1962,10.8128711076883,0.271134320375664,3,"Sockeye"
1963,10.9065099862906,0.364773198977914,3,"Sockeye"
1964,9.75529603774731,-0.786440749565336,3,"Sockeye"
1965,8.8596640916971,-1.68207269561555,3,"Sockeye"
1966,9.55653141095088,-0.985205376361768,3,"Sockeye"
1967,10.6733055848342,0.131568797521524,3,"Sockeye"
1968,11.2686646534846,0.726927866171986,3,"Sockeye"
1969,9.59373279718252,-0.94800399013013,3,"Sockeye"
1970,9.65915199426504,-0.882584793047608,3,"Sockeye"
1971,8.66817652262174,-1.87356026469091,3,"Sockeye"
1972,9.13159494216626,-1.4101418451464,3,"Sockeye"
1973,9.36933588064634,-1.17240090666631,3,"Sockeye"
1974,10.2830963868361,-0.258640400476523,3,"Sockeye"
1975,8.86106062852419,-1.68067615878846,3,"Sockeye"
1976,9.91405566839071,-0.627681118921936,3,"Sockeye"
1977,11.1615307147686,0.619793927455975,3,"Sockeye"
1978,10.0124489527482,-0.529287834564423,3,"Sockeye"
1979,10.6054344177246,0.06369763041196,3,"Sockeye"
1980,10.1186032295227,-0.423133557789945,3,"Sockeye"
1981,11.4830103745827,0.941273587270084,3,"Sockeye"
1982,9.45326149463653,-1.08847529267612,3,"Sockeye"
1983,11.4491046667099,0.907367879397246,3,"Sockeye"
1984,11.4650717331813,0.923334945868644,3,"Sockeye"
1985,9.46445419238164,-1.07728259493101,3,"Sockeye"
1986,9.78749813483312,-0.754238652479535,3,"Sockeye"
1987,9.97725388636956,-0.564482900943094,3,"Sockeye"
1988,10.3259038741772,-0.215832913135457,3,"Sockeye"
1989,10.7995786941968,0.257841906884194,3,"Sockeye"
1990,10.9216023775247,0.379865590212098,3,"Sockeye"
1991,9.725936963008,-0.815799824304654,3,"Sockeye"
1992,10.0432971532528,-0.498439634059828,3,"Sockeye"
1993,11.1696472626466,0.627910475333949,3,"Sockeye"
1994,10.9584213403555,0.416684553042852,3,"Sockeye"
1995,9.97461136487814,-0.567125422434508,3,"Sockeye"
1996,10.6666429409614,0.124906153648742,3,"Sockeye"
1997,11.859230857629,1.31749407031639,3,"Sockeye"
1998,10.5348723301521,-0.00686445716058014,3,"Sockeye"
1999,9.49932076380804,-1.04241602350461,3,"Sockeye"
2000,10.3944650888443,-0.147271698468348,3,"Sockeye"
2001,10.5175106158623,-0.024226171450317,3,"Sockeye"
2002,10.3506680543606,-0.191068732952041,3,"Sockeye"
2003,11.2836754046954,0.741938617382715,3,"Sockeye"
2004,11.7809447416893,1.2392079543766,3,"Sockeye"
2005,12.4650263236119,1.92328953629927,3,"Sockeye"
2006,10.4150168804022,-0.126719906910456,3,"Sockeye"
2007,10.2637281876344,-0.278008599678258,3,"Sockeye"
2008,9.95919293623704,-0.582543851075608,3,"Sockeye"
2009,10.49106998627,-0.0506668010426328,3,"Sockeye"
2010,10.5893428600751,0.0476060727624886,3,"Sockeye"
2011,10.8428865946256,0.301149807312966,3,"Sockeye"
2012,9.79253031657292,-0.749206470739729,3,"Sockeye"
2013,10.7998662911929,0.258129503880208,3,"Sockeye"
2014,12.0208879709244,1.47915118361173,3,"Sockeye"
2015,11.6263103760206,1.08457358870793,3,"Sockeye"
2016,12.1590010202848,1.61726423297214,3,"Sockeye"
2017,11.0834511976976,0.541714410384909,3,"Sockeye"
2018,11.0513053307167,0.509568543404002,3,"Sockeye"
2019,12.2307019233704,1.68896513605772,3,"Sockeye"
2020,11.385442174398,0.843705387085334,3,"Sockeye"
2021,10.5176699711726,-0.0240668161400257,3,"Sockeye"
2022,11.498038649559,0.956301862246367,3,"Sockeye"
2023,10.6716715555925,0.129934768279814,3,"Sockeye"
2024,10.6437813593791,0.102044572066459,3,"Sockeye"
2025,11.2555891367105,0.713852349397889,3,"Sockeye"
1950,8.40973765320248,-1.4021738553519,6,"Sockeye"
1951,9.40138404899173,-0.410527459562645,6,"Sockeye"
1952,9.20862170060475,-0.603289807949622,6,"Sockeye"
1953,9.90988812181685,0.0979766132624751,6,"Sockeye"
1954,9.80079224374559,-0.0111192648087808,6,"Sockeye"
1955,9.23051851325565,-0.581392995298728,6,"Sockeye"
1956,10.0401514371236,0.228239928569242,6,"Sockeye"
1957,10.641554541058,0.829643032503639,6,"Sockeye"
1958,10.3695391019185,0.557627593364162,6,"Sockeye"
1959,10.3095052242279,0.497593715673526,6,"Sockeye"
1960,9.89855019251505,0.0866386839606803,6,"Sockeye"
1961,10.321037530899,0.509126022344676,6,"Sockeye"
1962,9.75344069798788,-0.0584708105664985,6,"Sockeye"
1963,9.82266934712728,0.0107578385729048,6,"Sockeye"
1964,9.02849108643002,-0.783420422124353,6,"Sockeye"
1965,8.12931036949157,-1.6826011390628,6,"Sockeye"
1966,8.80947640207079,-1.00243510648358,6,"Sockeye"
1967,9.91783728864458,0.105925780090203,6,"Sockeye"
1968,10.5273030334049,0.715391524850506,6,"Sockeye"
1969,9.00843644142151,-0.803475067132868,6,"Sockeye"
1970,9.05165667004056,-0.760254838513819,6,"Sockeye"
1971,7.87150057156881,-1.94041093698556,6,"Sockeye"
1972,8.2347607281473,-1.57715078040708,6,"Sockeye"
1973,8.76677793926663,-1.04513356928774,6,"Sockeye"
1974,9.64607175191244,-0.165839756641934,6,"Sockeye"
1975,8.27609403265847,-1.53581747589591,6,"Sockeye"
1976,9.16664010948605,-0.645271399068322,6,"Sockeye"
1977,10.5557744238112,0.743862915256795,6,"Sockeye"
1978,9.13780653476715,-0.674104973787222,6,"Sockeye"
1979,9.88327337635888,0.0713618678045068,6,"Sockeye"
1980,9.21244475576613,-0.599466752788247,6,"Sockeye"
1981,10.8774627447128,1.06555123615846,6,"Sockeye"
1982,8.60961061053806,-1.20230089801632,6,"Sockeye"
1983,10.7067145506541,0.894803042099715,6,"Sockeye"
1984,10.8968151542875,1.08490364573317,6,"Sockeye"
1985,8.77039783530765,-1.04151367324673,6,"Sockeye"
1986,9.00910437107086,-0.802807137483512,6,"Sockeye"
1987,9.48912020524343,-0.322791303310949,6,"Sockeye"
1988,9.88417389657762,0.0722623880232422,6,"Sockeye"
1989,9.92835533618927,0.116443827634892,6,"Sockeye"
1990,10.1362841659122,0.324372657357828,6,"Sockeye"
1991,9.13568352328406,-0.676227985270312,6,"Sockeye"
1992,9.37903951274024,-0.432871995814133,6,"Sockeye"
1993,10.3888502253426,0.576938716788271,6,"Sockeye"
1994,10.1192853053411,0.307373796786712,6,"Sockeye"
1995,9.25920915603638,-0.552702352517995,6,"Sockeye"
1996,10.0661820703083,0.254270561753886,6,"Sockeye"
1997,11.2200510899226,1.40813958136822,6,"Sockeye"
1998,9.88106075922648,0.0691492506721082,6,"Sockeye"
1999,8.81801248921289,-0.993899019341487,6,"Sockeye"
2000,9.70533385541704,-0.106577653137333,6,"Sockeye"
2001,10.0480827622943,0.236171253739969,6,"Sockeye"
2002,9.89216922389136,0.0802577153369849,6,"Sockeye"
2003,10.5524863799413,0.740574871386933,6,"Sockeye"
2004,10.909124771754,1.09721326319958,6,"Sockeye"
2005,11.6478077835507,1.83589627499632,6,"Sockeye"
2006,9.70959834257762,-0.102313165976758,6,"Sockeye"
2007,9.60470137331221,-0.207210135242166,6,"Sockeye"
2008,9.31809757815467,-0.493813930399707,6,"Sockeye"
2009,9.7500572072135,-0.0618543013408712,6,"Sockeye"
2010,9.69746050569746,-0.11445100285691,6,"Sockeye"
2011,9.88306301169925,0.0711515031448775,6,"Sockeye"
2012,9.02256136470371,-0.789350143850669,6,"Sockeye"
2013,9.92641329765319,0.114501789098821,6,"Sockeye"
2014,11.282032834159,1.47012132560463,6,"Sockeye"
2015,10.8487577438355,1.03684623528108,6,"Sockeye"
2016,11.6092620425754,1.79735053402104,6,"Sockeye"
2017,10.597577214241,0.785665705686646,6,"Sockeye"
2018,10.2807457579507,0.468834249396302,6,"Sockeye"
2019,11.6680690447489,1.85615753619457,6,"Sockeye"
2020,10.8424497180515,1.03053820949712,6,"Sockeye"
2021,9.89675675498115,0.0848452464267712,6,"Sockeye"
2022,10.6604726844364,0.848561175881997,6,"Sockeye"
2023,9.73753095997705,-0.0743805485773244,6,"Sockeye"
2024,9.88185238838196,0.0699408798275848,6,"Sockeye"
2025,10.6418504450056,0.829938936451258,6,"Sockeye"
1950,8.40973765320248,-1.4021738553519,86,"Sockeye"
1951,9.40138404899173,-0.410527459562645,86,"Sockeye"
1952,9.20862170060475,-0.603289807949622,86,"Sockeye"
1953,9.90988812181685,0.0979766132624751,86,"Sockeye"
1954,9.80079224374559,-0.0111192648087808,86,"Sockeye"
1955,9.23051851325565,-0.581392995298728,86,"Sockeye"
1956,10.0401514371236,0.228239928569242,86,"Sockeye"
1957,10.641554541058,0.829643032503639,86,"Sockeye"
1958,10.3695391019185,0.557627593364162,86,"Sockeye"
1959,10.3095052242279,0.497593715673526,86,"Sockeye"
1960,9.89855019251505,0.0866386839606803,86,"Sockeye"
1961,10.321037530899,0.509126022344676,86,"Sockeye"
1962,9.75344069798788,-0.0584708105664985,86,"Sockeye"
1963,9.82266934712728,0.0107578385729048,86,"Sockeye"
1964,9.02849108643002,-0.783420422124353,86,"Sockeye"
1965,8.12931036949157,-1.6826011390628,86,"Sockeye"
1966,8.80947640207079,-1.00243510648358,86,"Sockeye"
1967,9.91783728864458,0.105925780090203,86,"Sockeye"
1968,10.5273030334049,0.715391524850506,86,"Sockeye"
1969,9.00843644142151,-0.803475067132868,86,"Sockeye"
1970,9.05165667004056,-0.760254838513819,86,"Sockeye"
1971,7.87150057156881,-1.94041093698556,86,"Sockeye"
1972,8.2347607281473,-1.57715078040708,86,"Sockeye"
1973,8.76677793926663,-1.04513356928774,86,"Sockeye"
1974,9.64607175191244,-0.165839756641934,86,"Sockeye"
1975,8.27609403265847,-1.53581747589591,86,"Sockeye"
1976,9.16664010948605,-0.645271399068322,86,"Sockeye"
1977,10.5557744238112,0.743862915256795,86,"Sockeye"
1978,9.13780653476715,-0.674104973787222,86,"Sockeye"
1979,9.88327337635888,0.0713618678045068,86,"Sockeye"
1980,9.21244475576613,-0.599466752788247,86,"Sockeye"
1981,10.8774627447128,1.06555123615846,86,"Sockeye"
1982,8.60961061053806,-1.20230089801632,86,"Sockeye"
1983,10.7067145506541,0.894803042099715,86,"Sockeye"
1984,10.8968151542875,1.08490364573317,86,"Sockeye"
1985,8.77039783530765,-1.04151367324673,86,"Sockeye"
1986,9.00910437107086,-0.802807137483512,86,"Sockeye"
1987,9.48912020524343,-0.322791303310949,86,"Sockeye"
1988,9.88417389657762,0.0722623880232422,86,"Sockeye"
1989,9.92835533618927,0.116443827634892,86,"Sockeye"
1990,10.1362841659122,0.324372657357828,86,"Sockeye"
1991,9.13568352328406,-0.676227985270312,86,"Sockeye"
1992,9.37903951274024,-0.432871995814133,86,"Sockeye"
1993,10.3888502253426,0.576938716788271,86,"Sockeye"
1994,10.1192853053411,0.307373796786712,86,"Sockeye"
1995,9.25920915603638,-0.552702352517995,86,"Sockeye"
1996,10.0661820703083,0.254270561753886,86,"Sockeye"
1997,11.2200510899226,1.40813958136822,86,"Sockeye"
1998,9.88106075922648,0.0691492506721082,86,"Sockeye"
1999,8.81801248921289,-0.993899019341487,86,"Sockeye"
2000,9.70533385541704,-0.106577653137333,86,"Sockeye"
2001,10.0480827622943,0.236171253739969,86,"Sockeye"
2002,9.89216922389136,0.0802577153369849,86,"Sockeye"
2003,10.5524863799413,0.740574871386933,86,"Sockeye"
2004,10.909124771754,1.09721326319958,86,"Sockeye"
2005,11.6478077835507,1.83589627499632,86,"Sockeye"
2006,9.70959834257762,-0.102313165976758,86,"Sockeye"
2007,9.60470137331221,-0.207210135242166,86,"Sockeye"
2008,9.31809757815467,-0.493813930399707,86,"Sockeye"
2009,9.7500572072135,-0.0618543013408712,86,"Sockeye"
2010,9.69746050569746,-0.11445100285691,86,"Sockeye"
2011,9.88306301169925,0.0711515031448775,86,"Sockeye"
2012,9.02256136470371,-0.789350143850669,86,"Sockeye"
2013,9.92641329765319,0.114501789098821,86,"Sockeye"
2014,11.282032834159,1.47012132560463,86,"Sockeye"
2015,10.8487577438355,1.03684623528108,86,"Sockeye"
2016,11.6092620425754,1.79735053402104,86,"Sockeye"
2017,10.597577214241,0.785665705686646,86,"Sockeye"
2018,10.2807457579507,0.468834249396302,86,"Sockeye"
2019,11.6680690447489,1.85615753619457,86,"Sockeye"
2020,10.8424497180515,1.03053820949712,86,"Sockeye"
2021,9.89675675498115,0.0848452464267712,86,"Sockeye"
2022,10.6604726844364,0.848561175881997,86,"Sockeye"
2023,9.73753095997705,-0.0743805485773244,86,"Sockeye"
2024,9.88185238838196,0.0699408798275848,86,"Sockeye"
2025,10.6418504450056,0.829938936451258,86,"Sockeye"
1950,8.40973765320248,-1.4021738553519,85,"Sockeye"
1951,9.40138404899173,-0.410527459562645,85,"Sockeye"
1952,9.20862170060475,-0.603289807949622,85,"Sockeye"
1953,9.90988812181685,0.0979766132624751,85,"Sockeye"
1954,9.80079224374559,-0.0111192648087808,85,"Sockeye"
1955,9.23051851325565,-0.581392995298728,85,"Sockeye"
1956,10.0401514371236,0.228239928569242,85,"Sockeye"
1957,10.641554541058,0.829643032503639,85,"Sockeye"
1958,10.3695391019185,0.557627593364162,85,"Sockeye"
1959,10.3095052242279,0.497593715673526,85,"Sockeye"
1960,9.89855019251505,0.0866386839606803,85,"Sockeye"
1961,10.321037530899,0.509126022344676,85,"Sockeye"
1962,9.75344069798788,-0.0584708105664985,85,"Sockeye"
1963,9.82266934712728,0.0107578385729048,85,"Sockeye"
1964,9.02849108643002,-0.783420422124353,85,"Sockeye"
1965,8.12931036949157,-1.6826011390628,85,"Sockeye"
1966,8.80947640207079,-1.00243510648358,85,"Sockeye"
1967,9.91783728864458,0.105925780090203,85,"Sockeye"
1968,10.5273030334049,0.715391524850506,85,"Sockeye"
1969,9.00843644142151,-0.803475067132868,85,"Sockeye"
1970,9.05165667004056,-0.760254838513819,85,"Sockeye"
1971,7.87150057156881,-1.94041093698556,85,"Sockeye"
1972,8.2347607281473,-1.57715078040708,85,"Sockeye"
1973,8.76677793926663,-1.04513356928774,85,"Sockeye"
1974,9.64607175191244,-0.165839756641934,85,"Sockeye"
1975,8.27609403265847,-1.53581747589591,85,"Sockeye"
1976,9.16664010948605,-0.645271399068322,85,"Sockeye"
1977,10.5557744238112,0.743862915256795,85,"Sockeye"
1978,9.13780653476715,-0.674104973787222,85,"Sockeye"
1979,9.88327337635888,0.0713618678045068,85,"Sockeye"
1980,9.21244475576613,-0.599466752788247,85,"Sockeye"
1981,10.8774627447128,1.06555123615846,85,"Sockeye"
1982,8.60961061053806,-1.20230089801632,85,"Sockeye"
1983,10.7067145506541,0.894803042099715,85,"Sockeye"
1984,10.8968151542875,1.08490364573317,85,"Sockeye"
1985,8.77039783530765,-1.04151367324673,85,"Sockeye"
1986,9.00910437107086,-0.802807137483512,85,"Sockeye"
1987,9.48912020524343,-0.322791303310949,85,"Sockeye"
1988,9.88417389657762,0.0722623880232422,85,"Sockeye"
1989,9.92835533618927,0.116443827634892,85,"Sockeye"
1990,10.1362841659122,0.324372657357828,85,"Sockeye"
1991,9.13568352328406,-0.676227985270312,85,"Sockeye"
1992,9.37903951274024,-0.432871995814133,85,"Sockeye"
1993,10.3888502253426,0.576938716788271,85,"Sockeye"
1994,10.1192853053411,0.307373796786712,85,"Sockeye"
1995,9.25920915603638,-0.552702352517995,85,"Sockeye"
1996,10.0661820703083,0.254270561753886,85,"Sockeye"
1997,11.2200510899226,1.40813958136822,85,"Sockeye"
1998,9.88106075922648,0.0691492506721082,85,"Sockeye"
1999,8.81801248921289,-0.993899019341487,85,"Sockeye"
2000,9.70533385541704,-0.106577653137333,85,"Sockeye"
2001,10.0480827622943,0.236171253739969,85,"Sockeye"
2002,9.89216922389136,0.0802577153369849,85,"Sockeye"
2003,10.5524863799413,0.740574871386933,85,"Sockeye"
2004,10.909124771754,1.09721326319958,85,"Sockeye"
2005,11.6478077835507,1.83589627499632,85,"Sockeye"
2006,9.70959834257762,-0.102313165976758,85,"Sockeye"
2007,9.60470137331221,-0.207210135242166,85,"Sockeye"
2008,9.31809757815467,-0.493813930399707,85,"Sockeye"
2009,9.7500572072135,-0.0618543013408712,85,"Sockeye"
2010,9.69746050569746,-0.11445100285691,85,"Sockeye"
2011,9.88306301169925,0.0711515031448775,85,"Sockeye"
2012,9.02256136470371,-0.789350143850669,85,"Sockeye"
2013,9.92641329765319,0.114501789098821,85,"Sockeye"
2014,11.282032834159,1.47012132560463,85,"Sockeye"
2015,10.8487577438355,1.03684623528108,85,"Sockeye"
2016,11.6092620425754,1.79735053402104,85,"Sockeye"
2017,10.597577214241,0.785665705686646,85,"Sockeye"
2018,10.2807457579507,0.468834249396302,85,"Sockeye"
2019,11.6680690447489,1.85615753619457,85,"Sockeye"
2020,10.8424497180515,1.03053820949712,85,"Sockeye"
2021,9.89675675498115,0.0848452464267712,85,"Sockeye"
2022,10.6604726844364,0.848561175881997,85,"Sockeye"
2023,9.73753095997705,-0.0743805485773244,85,"Sockeye"
2024,9.88185238838196,0.0699408798275848,85,"Sockeye"
2025,10.6418504450056,0.829938936451258,85,"Sockeye"
1950,8.00296042467418,-1.10669173030606,93,"Sockeye"
1951,8.65236967958902,-0.457282475391225,93,"Sockeye"
1952,8.20864021464398,-0.901011940336261,93,"Sockeye"
1953,9.33563572795768,0.225983572977435,93,"Sockeye"
1954,8.92172815925197,-0.187923995728275,93,"Sockeye"
1955,8.32343935966492,-0.786212795315326,93,"Sockeye"
1956,9.17260695131202,0.0629547963317747,93,"Sockeye"
1957,9.87132499406212,0.76167283908188,93,"Sockeye"
1958,9.49842017261605,0.38876801763581,93,"Sockeye"
1959,9.28996922781593,0.180317072835686,93,"Sockeye"
1960,9.01828990955102,-0.0913622454292248,93,"Sockeye"
1961,9.27306485176087,0.163412696780624,93,"Sockeye"
1962,8.7884160656678,-0.321236089312439,93,"Sockeye"
1963,8.92961023669494,-0.180041918285303,93,"Sockeye"
1964,8.33912161933748,-0.770530535642761,93,"Sockeye"
1965,7.64387560988727,-1.46577654509297,93,"Sockeye"
1966,8.23255292679134,-0.877099228188899,93,"Sockeye"
1967,9.37780029522746,0.268148140247215,93,"Sockeye"
1968,9.66210921814567,0.552457063165427,93,"Sockeye"
1969,8.52276499334135,-0.586887161638896,93,"Sockeye"
1970,8.39540873703204,-0.714243417948205,93,"Sockeye"
1971,7.09753899589965,-2.01211315908059,93,"Sockeye"
1972,7.56015327180687,-1.54949888317337,93,"Sockeye"
1973,8.07889700249622,-1.03075515248403,93,"Sockeye"
1974,8.98884775764064,-0.120804397339601,93,"Sockeye"
1975,7.6656999274304,-1.44395222754984,93,"Sockeye"
1976,8.26616674504782,-0.843485409932422,93,"Sockeye"
1977,9.70548760577252,0.595835450792279,93,"Sockeye"
1978,8.40506788617686,-0.704584268803378,93,"Sockeye"
1979,9.34166755488044,0.232015399900203,93,"Sockeye"
1980,8.43776663353569,-0.671885521444555,93,"Sockeye"
1981,10.0843129597212,0.974660804740973,93,"Sockeye"
1982,7.79712382429524,-1.312528330685,93,"Sockeye"
1983,9.99801828673011,0.888366131749869,93,"Sockeye"
1984,10.0941745795702,0.984522424589926,93,"Sockeye"
1985,8.05328306085185,-1.05636909412839,93,"Sockeye"
1986,8.21117780867376,-0.898474346306484,93,"Sockeye"
1987,8.99656618896283,-0.113085966017407,93,"Sockeye"
1988,9.16917306184768,0.0595209068674434,93,"Sockeye"
1989,9.17615778822647,0.0665056332462329,93,"Sockeye"
1990,9.3482364510235,0.238584296043263,93,"Sockeye"
1991,8.73434904060866,-0.375303114371586,93,"Sockeye"
1992,8.92331699948562,-0.186335155494626,93,"Sockeye"
1993,9.75832718297055,0.64867502799031,93,"Sockeye"
1994,9.3342644352662,0.224612280285957,93,"Sockeye"
1995,8.74896283212461,-0.36068932285563,93,"Sockeye"
1996,9.43916779442837,0.329515639448133,93,"Sockeye"
1997,10.6131332046107,1.50348104963048,93,"Sockeye"
1998,9.3876685029582,0.278016347977958,93,"Sockeye"
1999,8.08448184948219,-1.02517030549806,93,"Sockeye"
2000,9.05590785490839,-0.05374430007185,93,"Sockeye"
2001,9.43044122896696,0.320789073986722,93,"Sockeye"
2002,9.56211794677533,0.452465791795089,93,"Sockeye"
2003,9.77848981242431,0.668837657444066,93,"Sockeye"
2004,10.1709583495793,1.06130619459902,93,"Sockeye"
2005,10.8829605642118,1.77330840923156,93,"Sockeye"
2006,9.07623158003155,-0.0334205749486959,93,"Sockeye"
2007,8.98601094045137,-0.12364121452887,93,"Sockeye"
2008,8.52083055596602,-0.588821599014218,93,"Sockeye"
2009,8.92298353032062,-0.186668624659624,93,"Sockeye"
2010,8.62754255846927,-0.482109596510972,93,"Sockeye"
2011,8.91167144085232,-0.197980714127926,93,"Sockeye"
2012,8.09307324258905,-1.0165789123912,93,"Sockeye"
2013,9.27063688165263,0.160984726672389,93,"Sockeye"
2014,10.6794148683548,1.56976271337456,93,"Sockeye"
2015,10.3211833113118,1.21153115633158,93,"Sockeye"
2016,11.1790974453876,2.06944529040735,93,"Sockeye"
2017,10.0774966948911,0.967844539910833,93,"Sockeye"
2018,9.65916993116077,0.549517776180532,93,"Sockeye"
2019,11.2097060429422,2.10005388796201,93,"Sockeye"
2020,10.3758298221387,1.2661776671585,93,"Sockeye"
2021,9.45167218070281,0.34202002572257,93,"Sockeye"
2022,9.80188192191877,0.692229766938523,93,"Sockeye"
2023,9.0382872004258,-0.0713649545544377,93,"Sockeye"
2024,9.09232103510907,-0.0173311198711684,93,"Sockeye"
2025,10.0715531581327,0.961901003152411,93,"Sockeye"
1950,7.95441461310667,-1.06670739610382,92,"Sockeye"
1951,8.53953043678227,-0.481591572428214,92,"Sockeye"
1952,8.07033213797738,-0.950789871233111,92,"Sockeye"
1953,9.2605521643863,0.239430155175815,92,"Sockeye"
1954,8.80714680166806,-0.213975207542431,92,"Sockeye"
1955,8.21291685805601,-0.808205151154475,92,"Sockeye"
1956,9.0709956744138,0.0498736652033099,92,"Sockeye"
1957,9.76094563918955,0.739823629979064,92,"Sockeye"
1958,9.37625100682763,0.355128997617145,92,"Sockeye"
1959,9.16016372161753,0.139041712407043,92,"Sockeye"
1960,8.91424515492776,-0.106876854282729,92,"Sockeye"
1961,9.13021701924941,0.109095010038925,92,"Sockeye"
1962,8.6480850612416,-0.37303694796889,92,"Sockeye"
1963,8.79224059511634,-0.22888141409415,92,"Sockeye"
1964,8.24788198926869,-0.773240019941793,92,"Sockeye"
1965,7.56050342496704,-1.46061858424345,92,"Sockeye"
1966,8.15788490281386,-0.86323710639663,92,"Sockeye"
1967,9.30796400939717,0.286842000186688,92,"Sockeye"
1968,9.55609066346112,0.534968654250636,92,"Sockeye"
1969,8.46447669407901,-0.55664531513148,92,"Sockeye"
1970,8.31131032635184,-0.709811682858648,92,"Sockeye"
1971,6.99326197978328,-2.0278600294272,92,"Sockeye"
1972,7.46020430764731,-1.56091770156317,92,"Sockeye"
1973,7.99667917630252,-1.02444283290797,92,"Sockeye"
1974,8.9071120374343,-0.114009971776186,92,"Sockeye"
1975,7.58932709693909,-1.4317949122714,92,"Sockeye"
1976,8.15714119637714,-0.86398081283335,92,"Sockeye"
1977,9.61241484740201,0.591292838191525,92,"Sockeye"
1978,8.31526521724813,-0.705856791962354,92,"Sockeye"
1979,9.26139349446577,0.240271485255288,92,"Sockeye"
1980,8.32726946297814,-0.693852546232346,92,"Sockeye"
1981,9.99240253252142,0.971280523310931,92,"Sockeye"
1982,7.69327019593294,-1.32785181327754,92,"Sockeye"
1983,9.91410527159186,0.892983262381372,92,"Sockeye"
1984,9.99779364641975,0.976671637209263,92,"Sockeye"
1985,7.96297377347946,-1.05814823573103,92,"Sockeye"
1986,8.11364452453221,-0.90747748467828,92,"Sockeye"
1987,8.94550653766183,-0.0756154715486546,92,"Sockeye"
1988,9.10494020055322,0.083818191342733,92,"Sockeye"
1989,9.0821917477776,0.0610697385671123,92,"Sockeye"
1990,9.25639561695211,0.235273607741628,92,"Sockeye"
1991,8.682445908294,-0.338676100916484,92,"Sockeye"
1992,8.85716837293961,-0.163953636270875,92,"Sockeye"
1993,9.67583553230062,0.654713523090129,92,"Sockeye"
1994,9.2317531599718,0.210631150761317,92,"Sockeye"
1995,8.68845638457467,-0.332665624635819,92,"Sockeye"
1996,9.35820323579452,0.337081226584032,92,"Sockeye"
1997,10.5331870738198,1.51206506460929,92,"Sockeye"
1998,9.32689419213463,0.305772182924149,92,"Sockeye"
1999,7.99056037909844,-1.03056163011204,92,"Sockeye"
2000,8.97881067851011,-0.042311330700381,92,"Sockeye"
2001,9.36480034098906,0.34367833177857,92,"Sockeye"
2002,9.52557589026058,0.504453881050092,92,"Sockeye"
2003,9.69409567818922,0.672973668978735,92,"Sockeye"
2004,10.0696413166383,1.04851930742779,92,"Sockeye"
2005,10.7886935893227,1.76757158011222,92,"Sockeye"
2006,8.9989358326968,-0.0221861765136832,92,"Sockeye"
2007,8.91661153120153,-0.104510478008954,92,"Sockeye"
2008,8.43240354341619,-0.588718465794298,92,"Sockeye"
2009,8.82386599218144,-0.197256017029046,92,"Sockeye"
2010,8.5069758050582,-0.514146204152286,92,"Sockeye"
2011,8.79687643401763,-0.224245575192858,92,"Sockeye"
2012,7.99084036490496,-1.03028164430552,92,"Sockeye"
2013,9.17935777061126,0.158235761400773,92,"Sockeye"
2014,10.6028126828811,1.58169067367059,92,"Sockeye"
2015,10.2449293907951,1.2238073815846,92,"Sockeye"
2016,11.1328793904361,2.11175738122557,92,"Sockeye"
2017,10.0236557266291,1.00253371741866,92,"Sockeye"
2018,9.58480618280523,0.56368417359474,92,"Sockeye"
2019,11.1553872122484,2.13426520303793,92,"Sockeye"
2020,10.3173923772924,1.29627036808192,92,"Sockeye"
2021,9.39186765516505,0.370745645954568,92,"Sockeye"
2022,9.68874528828789,0.667623279077402,92,"Sockeye"
2023,8.93383569577161,-0.0872863134388721,92,"Sockeye"
2024,8.99278908967972,-0.0283329195307646,92,"Sockeye"
2025,9.99826192505219,0.977139915841706,92,"Sockeye"
1950,7.95441461310667,-1.06670739610382,91,"Sockeye"
1951,8.53953043678227,-0.481591572428214,91,"Sockeye"
1952,8.07033213797738,-0.950789871233111,91,"Sockeye"
1953,9.2605521643863,0.239430155175815,91,"Sockeye"
1954,8.80714680166806,-0.213975207542431,91,"Sockeye"
1955,8.21291685805601,-0.808205151154475,91,"Sockeye"
1956,9.0709956744138,0.0498736652033099,91,"Sockeye"
1957,9.76094563918955,0.739823629979064,91,"Sockeye"
1958,9.37625100682763,0.355128997617145,91,"Sockeye"
1959,9.16016372161753,0.139041712407043,91,"Sockeye"
1960,8.91424515492776,-0.106876854282729,91,"Sockeye"
1961,9.13021701924941,0.109095010038925,91,"Sockeye"
1962,8.6480850612416,-0.37303694796889,91,"Sockeye"
1963,8.79224059511634,-0.22888141409415,91,"Sockeye"
1964,8.24788198926869,-0.773240019941793,91,"Sockeye"
1965,7.56050342496704,-1.46061858424345,91,"Sockeye"
1966,8.15788490281386,-0.86323710639663,91,"Sockeye"
1967,9.30796400939717,0.286842000186688,91,"Sockeye"
1968,9.55609066346112,0.534968654250636,91,"Sockeye"
1969,8.46447669407901,-0.55664531513148,91,"Sockeye"
1970,8.31131032635184,-0.709811682858648,91,"Sockeye"
1971,6.99326197978328,-2.0278600294272,91,"Sockeye"
1972,7.46020430764731,-1.56091770156317,91,"Sockeye"
1973,7.99667917630252,-1.02444283290797,91,"Sockeye"
1974,8.9071120374343,-0.114009971776186,91,"Sockeye"
1975,7.58932709693909,-1.4317949122714,91,"Sockeye"
1976,8.15714119637714,-0.86398081283335,91,"Sockeye"
1977,9.61241484740201,0.591292838191525,91,"Sockeye"
1978,8.31526521724813,-0.705856791962354,91,"Sockeye"
1979,9.26139349446577,0.240271485255288,91,"Sockeye"
1980,8.32726946297814,-0.693852546232346,91,"Sockeye"
1981,9.99240253252142,0.971280523310931,91,"Sockeye"
1982,7.69327019593294,-1.32785181327754,91,"Sockeye"
1983,9.91410527159186,0.892983262381372,91,"Sockeye"
1984,9.99779364641975,0.976671637209263,91,"Sockeye"
1985,7.96297377347946,-1.05814823573103,91,"Sockeye"
1986,8.11364452453221,-0.90747748467828,91,"Sockeye"
1987,8.94550653766183,-0.0756154715486546,91,"Sockeye"
1988,9.10494020055322,0.083818191342733,91,"Sockeye"
1989,9.0821917477776,0.0610697385671123,91,"Sockeye"
1990,9.25639561695211,0.235273607741628,91,"Sockeye"
1991,8.682445908294,-0.338676100916484,91,"Sockeye"
1992,8.85716837293961,-0.163953636270875,91,"Sockeye"
1993,9.67583553230062,0.654713523090129,91,"Sockeye"
1994,9.2317531599718,0.210631150761317,91,"Sockeye"
1995,8.68845638457467,-0.332665624635819,91,"Sockeye"
1996,9.35820323579452,0.337081226584032,91,"Sockeye"
1997,10.5331870738198,1.51206506460929,91,"Sockeye"
1998,9.32689419213463,0.305772182924149,91,"Sockeye"
1999,7.99056037909844,-1.03056163011204,91,"Sockeye"
2000,8.97881067851011,-0.042311330700381,91,"Sockeye"
2001,9.36480034098906,0.34367833177857,91,"Sockeye"
2002,9.52557589026058,0.504453881050092,91,"Sockeye"
2003,9.69409567818922,0.672973668978735,91,"Sockeye"
2004,10.0696413166383,1.04851930742779,91,"Sockeye"
2005,10.7886935893227,1.76757158011222,91,"Sockeye"
2006,8.9989358326968,-0.0221861765136832,91,"Sockeye"
2007,8.91661153120153,-0.104510478008954,91,"Sockeye"
2008,8.43240354341619,-0.588718465794298,91,"Sockeye"
2009,8.82386599218144,-0.197256017029046,91,"Sockeye"
2010,8.5069758050582,-0.514146204152286,91,"Sockeye"
2011,8.79687643401763,-0.224245575192858,91,"Sockeye"
2012,7.99084036490496,-1.03028164430552,91,"Sockeye"
2013,9.17935777061126,0.158235761400773,91,"Sockeye"
2014,10.6028126828811,1.58169067367059,91,"Sockeye"
2015,10.2449293907951,1.2238073815846,91,"Sockeye"
2016,11.1328793904361,2.11175738122557,91,"Sockeye"
2017,10.0236557266291,1.00253371741866,91,"Sockeye"
2018,9.58480618280523,0.56368417359474,91,"Sockeye"
2019,11.1553872122484,2.13426520303793,91,"Sockeye"
2020,10.3173923772924,1.29627036808192,91,"Sockeye"
2021,9.39186765516505,0.370745645954568,91,"Sockeye"
2022,9.68874528828789,0.667623279077402,91,"Sockeye"
2023,8.93383569577161,-0.0872863134388721,91,"Sockeye"
2024,8.99278908967972,-0.0283329195307646,91,"Sockeye"
2025,9.99826192505219,0.977139915841706,91,"Sockeye"
1950,7.96474856883287,-1.10673495627021,95,"Sockeye"
1951,8.55273584835231,-0.518747676750775,95,"Sockeye"
1952,8.12551491335034,-0.945968611752743,95,"Sockeye"
1953,9.28614867851138,0.214665153408298,95,"Sockeye"
1954,8.87533193826676,-0.19615158683633,95,"Sockeye"
1955,8.29304042458534,-0.778443100517744,95,"Sockeye"
1956,9.19055913388729,0.119075608784206,95,"Sockeye"
1957,9.79354625567794,0.722062730574854,95,"Sockeye"
1958,9.42766738310456,0.356183858001472,95,"Sockeye"
1959,9.24887287989259,0.1773893547895,95,"Sockeye"
1960,8.98552577756345,-0.0859577475396315,95,"Sockeye"
1961,9.20485281944275,0.133369294339665,95,"Sockeye"
1962,8.68972907215357,-0.381754452949519,95,"Sockeye"
1963,8.82252466306091,-0.24895886204218,95,"Sockeye"
1964,8.28336145170033,-0.788122073402758,95,"Sockeye"
1965,7.53165989927947,-1.53982362582361,95,"Sockeye"
1966,8.18642307445407,-0.885060450649015,95,"Sockeye"
1967,9.33493601530791,0.263452490204821,95,"Sockeye"
1968,9.62188424170017,0.550400716597084,95,"Sockeye"
1969,8.47742118313908,-0.594062341964002,95,"Sockeye"
1970,8.34736351668835,-0.724120008414739,95,"Sockeye"
1971,7.0177057357505,-2.05377778935259,95,"Sockeye"
1972,7.46400556806475,-1.60747795703834,95,"Sockeye"
1973,8.06381509825587,-1.00766842684721,95,"Sockeye"
1974,8.95505817979575,-0.116425345307339,95,"Sockeye"
1975,7.62699144333601,-1.44449208176708,95,"Sockeye"
1976,8.2353779990226,-0.836105526080483,95,"Sockeye"
1977,9.69480599835515,0.623322473252065,95,"Sockeye"
1978,8.36863356456161,-0.702849960541479,95,"Sockeye"
1979,9.27269485220313,0.201211327100048,95,"Sockeye"
1980,8.36279920488596,-0.708684320217125,95,"Sockeye"
1981,10.0785534605384,1.0070699354353,95,"Sockeye"
1982,7.74315449222922,-1.32832903287387,95,"Sockeye"
1983,10.0068288631737,0.935345338070635,95,"Sockeye"
1984,10.0708664953709,0.999382970267778,95,"Sockeye"
1985,8.00301172211766,-1.06847180298542,95,"Sockeye"
1986,8.15839481540024,-0.913088709702844,95,"Sockeye"
1987,8.99293760955334,-0.0785459155497491,95,"Sockeye"
1988,9.20959640666842,0.138112881565337,95,"Sockeye"
1989,9.13801152259111,0.0665279974880248,95,"Sockeye"
1990,9.33781345561147,0.266329930508386,95,"Sockeye"
1991,8.71294474974274,-0.358538775360342,95,"Sockeye"
1992,8.85933893918991,-0.212144585913177,95,"Sockeye"
1993,9.70787107944489,0.636387554341804,95,"Sockeye"
1994,9.29414693266154,0.222663407558452,95,"Sockeye"
1995,8.72168107703328,-0.349802448069803,95,"Sockeye"
1996,9.38791388273239,0.316430357629306,95,"Sockeye"
1997,10.5658814385533,1.49439791345025,95,"Sockeye"
1998,9.3759445399046,0.304461014801511,95,"Sockeye"
1999,8.02672445215285,-1.04475907295024,95,"Sockeye"
2000,9.0216284878552,-0.0498550372478888,95,"Sockeye"
2001,9.42254786193371,0.351064336830624,95,"Sockeye"
2002,9.56131207197904,0.489828546875953,95,"Sockeye"
2003,9.78320877626538,0.711725251162297,95,"Sockeye"
2004,10.1259462460876,1.05446272098447,95,"Sockeye"
2005,10.8638284429908,1.7923449178877,95,"Sockeye"
2006,9.05392276495695,-0.0175607601461347,95,"Sockeye"
2007,8.968745931983,-0.10273759312009,95,"Sockeye"
2008,8.50741112232208,-0.564072402781005,95,"Sockeye"
2009,8.90178128704428,-0.1697022380588,95,"Sockeye"
2010,8.62746749073267,-0.444016034370416,95,"Sockeye"
2011,8.89407622441649,-0.177407300686592,95,"Sockeye"
2012,8.08291037380695,-0.988573151296133,95,"Sockeye"
2013,9.21290134266019,0.141417817557102,95,"Sockeye"
2014,10.6265127286315,1.55502920352841,95,"Sockeye"
2015,10.2698877230287,1.19840419792558,95,"Sockeye"
2016,11.1882269158959,2.11674339079285,95,"Sockeye"
2017,10.0768466331065,1.00536310800338,95,"Sockeye"
2018,9.64967918395996,0.578195658856873,95,"Sockeye"
2019,11.1921188086271,2.12063528352405,95,"Sockeye"
2020,10.3442494347692,1.27276590966607,95,"Sockeye"
2021,9.41210246458649,0.34061893948341,95,"Sockeye"
2022,9.73363369703293,0.662150171929841,95,"Sockeye"
2023,8.94167052954436,-0.129812995558727,95,"Sockeye"
2024,9.04300893470645,-0.028474590396631,95,"Sockeye"
2025,10.0434105433524,0.97192701824928,95,"Sockeye"
1950,7.96474856883287,-1.10673495627021,90,"Sockeye"
1951,8.55273584835231,-0.518747676750775,90,"Sockeye"
1952,8.12551491335034,-0.945968611752743,90,"Sockeye"
1953,9.28614867851138,0.214665153408298,90,"Sockeye"
1954,8.87533193826676,-0.19615158683633,90,"Sockeye"
1955,8.29304042458534,-0.778443100517744,90,"Sockeye"
1956,9.19055913388729,0.119075608784206,90,"Sockeye"
1957,9.79354625567794,0.722062730574854,90,"Sockeye"
1958,9.42766738310456,0.356183858001472,90,"Sockeye"
1959,9.24887287989259,0.1773893547895,90,"Sockeye"
1960,8.98552577756345,-0.0859577475396315,90,"Sockeye"
1961,9.20485281944275,0.133369294339665,90,"Sockeye"
1962,8.68972907215357,-0.381754452949519,90,"Sockeye"
1963,8.82252466306091,-0.24895886204218,90,"Sockeye"
1964,8.28336145170033,-0.788122073402758,90,"Sockeye"
1965,7.53165989927947,-1.53982362582361,90,"Sockeye"
1966,8.18642307445407,-0.885060450649015,90,"Sockeye"
1967,9.33493601530791,0.263452490204821,90,"Sockeye"
1968,9.62188424170017,0.550400716597084,90,"Sockeye"
1969,8.47742118313908,-0.594062341964002,90,"Sockeye"
1970,8.34736351668835,-0.724120008414739,90,"Sockeye"
1971,7.0177057357505,-2.05377778935259,90,"Sockeye"
1972,7.46400556806475,-1.60747795703834,90,"Sockeye"
1973,8.06381509825587,-1.00766842684721,90,"Sockeye"
1974,8.95505817979575,-0.116425345307339,90,"Sockeye"
1975,7.62699144333601,-1.44449208176708,90,"Sockeye"
1976,8.2353779990226,-0.836105526080483,90,"Sockeye"
1977,9.69480599835515,0.623322473252065,90,"Sockeye"
1978,8.36863356456161,-0.702849960541479,90,"Sockeye"
1979,9.27269485220313,0.201211327100048,90,"Sockeye"
1980,8.36279920488596,-0.708684320217125,90,"Sockeye"
1981,10.0785534605384,1.0070699354353,90,"Sockeye"
1982,7.74315449222922,-1.32832903287387,90,"Sockeye"
1983,10.0068288631737,0.935345338070635,90,"Sockeye"
1984,10.0708664953709,0.999382970267778,90,"Sockeye"
1985,8.00301172211766,-1.06847180298542,90,"Sockeye"
1986,8.15839481540024,-0.913088709702844,90,"Sockeye"
1987,8.99293760955334,-0.0785459155497491,90,"Sockeye"
1988,9.20959640666842,0.138112881565337,90,"Sockeye"
1989,9.13801152259111,0.0665279974880248,90,"Sockeye"
1990,9.33781345561147,0.266329930508386,90,"Sockeye"
1991,8.71294474974274,-0.358538775360342,90,"Sockeye"
1992,8.85933893918991,-0.212144585913177,90,"Sockeye"
1993,9.70787107944489,0.636387554341804,90,"Sockeye"
1994,9.29414693266154,0.222663407558452,90,"Sockeye"
1995,8.72168107703328,-0.349802448069803,90,"Sockeye"
1996,9.38791388273239,0.316430357629306,90,"Sockeye"
1997,10.5658814385533,1.49439791345025,90,"Sockeye"
1998,9.3759445399046,0.304461014801511,90,"Sockeye"
1999,8.02672445215285,-1.04475907295024,90,"Sockeye"
2000,9.0216284878552,-0.0498550372478888,90,"Sockeye"
2001,9.42254786193371,0.351064336830624,90,"Sockeye"
2002,9.56131207197904,0.489828546875953,90,"Sockeye"
2003,9.78320877626538,0.711725251162297,90,"Sockeye"
2004,10.1259462460876,1.05446272098447,90,"Sockeye"
2005,10.8638284429908,1.7923449178877,90,"Sockeye"
2006,9.05392276495695,-0.0175607601461347,90,"Sockeye"
2007,8.968745931983,-0.10273759312009,90,"Sockeye"
2008,8.50741112232208,-0.564072402781005,90,"Sockeye"
2009,8.90178128704428,-0.1697022380588,90,"Sockeye"
2010,8.62746749073267,-0.444016034370416,90,"Sockeye"
2011,8.89407622441649,-0.177407300686592,90,"Sockeye"
2012,8.08291037380695,-0.988573151296133,90,"Sockeye"
2013,9.21290134266019,0.141417817557102,90,"Sockeye"
2014,10.6265127286315,1.55502920352841,90,"Sockeye"
2015,10.2698877230287,1.19840419792558,90,"Sockeye"
2016,11.1882269158959,2.11674339079285,90,"Sockeye"
2017,10.0768466331065,1.00536310800338,90,"Sockeye"
2018,9.64967918395996,0.578195658856873,90,"Sockeye"
2019,11.1921188086271,2.12063528352405,90,"Sockeye"
2020,10.3442494347692,1.27276590966607,90,"Sockeye"
2021,9.41210246458649,0.34061893948341,90,"Sockeye"
2022,9.73363369703293,0.662150171929841,90,"Sockeye"
2023,8.94167052954436,-0.129812995558727,90,"Sockeye"
2024,9.04300893470645,-0.028474590396631,90,"Sockeye"
2025,10.0434105433524,0.97192701824928,90,"Sockeye"
1950,7.95441461310667,-1.06670739610382,94,"Sockeye"
1951,8.53953043678227,-0.481591572428214,94,"Sockeye"
1952,8.07033213797738,-0.950789871233111,94,"Sockeye"
1953,9.2605521643863,0.239430155175815,94,"Sockeye"
1954,8.80714680166806,-0.213975207542431,94,"Sockeye"
1955,8.21291685805601,-0.808205151154475,94,"Sockeye"
1956,9.0709956744138,0.0498736652033099,94,"Sockeye"
1957,9.76094563918955,0.739823629979064,94,"Sockeye"
1958,9.37625100682763,0.355128997617145,94,"Sockeye"
1959,9.16016372161753,0.139041712407043,94,"Sockeye"
1960,8.91424515492776,-0.106876854282729,94,"Sockeye"
1961,9.13021701924941,0.109095010038925,94,"Sockeye"
1962,8.6480850612416,-0.37303694796889,94,"Sockeye"
1963,8.79224059511634,-0.22888141409415,94,"Sockeye"
1964,8.24788198926869,-0.773240019941793,94,"Sockeye"
1965,7.56050342496704,-1.46061858424345,94,"Sockeye"
1966,8.15788490281386,-0.86323710639663,94,"Sockeye"
1967,9.30796400939717,0.286842000186688,94,"Sockeye"
1968,9.55609066346112,0.534968654250636,94,"Sockeye"
1969,8.46447669407901,-0.55664531513148,94,"Sockeye"
1970,8.31131032635184,-0.709811682858648,94,"Sockeye"
1971,6.99326197978328,-2.0278600294272,94,"Sockeye"
1972,7.46020430764731,-1.56091770156317,94,"Sockeye"
1973,7.99667917630252,-1.02444283290797,94,"Sockeye"
1974,8.9071120374343,-0.114009971776186,94,"Sockeye"
1975,7.58932709693909,-1.4317949122714,94,"Sockeye"
1976,8.15714119637714,-0.86398081283335,94,"Sockeye"
1977,9.61241484740201,0.591292838191525,94,"Sockeye"
1978,8.31526521724813,-0.705856791962354,94,"Sockeye"
1979,9.26139349446577,0.240271485255288,94,"Sockeye"
1980,8.32726946297814,-0.693852546232346,94,"Sockeye"
1981,9.99240253252142,0.971280523310931,94,"Sockeye"
1982,7.69327019593294,-1.32785181327754,94,"Sockeye"
1983,9.91410527159186,0.892983262381372,94,"Sockeye"
1984,9.99779364641975,0.976671637209263,94,"Sockeye"
1985,7.96297377347946,-1.05814823573103,94,"Sockeye"
1986,8.11364452453221,-0.90747748467828,94,"Sockeye"
1987,8.94550653766183,-0.0756154715486546,94,"Sockeye"
1988,9.10494020055322,0.083818191342733,94,"Sockeye"
1989,9.0821917477776,0.0610697385671123,94,"Sockeye"
1990,9.25639561695211,0.235273607741628,94,"Sockeye"
1991,8.682445908294,-0.338676100916484,94,"Sockeye"
1992,8.85716837293961,-0.163953636270875,94,"Sockeye"
1993,9.67583553230062,0.654713523090129,94,"Sockeye"
1994,9.2317531599718,0.210631150761317,94,"Sockeye"
1995,8.68845638457467,-0.332665624635819,94,"Sockeye"
1996,9.35820323579452,0.337081226584032,94,"Sockeye"
1997,10.5331870738198,1.51206506460929,94,"Sockeye"
1998,9.32689419213463,0.305772182924149,94,"Sockeye"
1999,7.99056037909844,-1.03056163011204,94,"Sockeye"
2000,8.97881067851011,-0.042311330700381,94,"Sockeye"
2001,9.36480034098906,0.34367833177857,94,"Sockeye"
2002,9.52557589026058,0.504453881050092,94,"Sockeye"
2003,9.69409567818922,0.672973668978735,94,"Sockeye"
2004,10.0696413166383,1.04851930742779,94,"Sockeye"
2005,10.7886935893227,1.76757158011222,94,"Sockeye"
2006,8.9989358326968,-0.0221861765136832,94,"Sockeye"
2007,8.91661153120153,-0.104510478008954,94,"Sockeye"
2008,8.43240354341619,-0.588718465794298,94,"Sockeye"
2009,8.82386599218144,-0.197256017029046,94,"Sockeye"
2010,8.5069758050582,-0.514146204152286,94,"Sockeye"
2011,8.79687643401763,-0.224245575192858,94,"Sockeye"
2012,7.99084036490496,-1.03028164430552,94,"Sockeye"
2013,9.17935777061126,0.158235761400773,94,"Sockeye"
2014,10.6028126828811,1.58169067367059,94,"Sockeye"
2015,10.2449293907951,1.2238073815846,94,"Sockeye"
2016,11.1328793904361,2.11175738122557,94,"Sockeye"
2017,10.0236557266291,1.00253371741866,94,"Sockeye"
2018,9.58480618280523,0.56368417359474,94,"Sockeye"
2019,11.1553872122484,2.13426520303793,94,"Sockeye"
2020,10.3173923772924,1.29627036808192,94,"Sockeye"
2021,9.39186765516505,0.370745645954568,94,"Sockeye"
2022,9.68874528828789,0.667623279077402,94,"Sockeye"
2023,8.93383569577161,-0.0872863134388721,94,"Sockeye"
2024,8.99278908967972,-0.0283329195307646,94,"Sockeye"
2025,9.99826192505219,0.977139915841706,94,"Sockeye"
1950,7.49638595651178,-0.776872131015919,96,"Sockeye"
1951,7.58862628831583,-0.684631799211867,96,"Sockeye"
1952,6.90177202049424,-1.37148606703346,96,"Sockeye"
1953,8.6736302095301,0.400372122002409,96,"Sockeye"
1954,7.86677427151624,-0.406483816011457,96,"Sockeye"
1955,7.26051011681557,-1.01274797071213,96,"Sockeye"
1956,8.26556518498589,-0.00769290254180229,96,"Sockeye"
1957,8.86441455869114,0.591156471163443,96,"Sockeye"
1958,8.38883985140744,0.115581763879749,96,"Sockeye"
1959,8.04310866313822,-0.230149424389473,96,"Sockeye"
1960,8.05445454751744,-0.218803540010255,96,"Sockeye"
1961,7.98561026068295,-0.287647826844746,96,"Sockeye"
1962,7.49339856470332,-0.779859522824372,96,"Sockeye"
1963,7.67881203749601,-0.594446050031685,96,"Sockeye"
1964,7.52096674021552,-0.752291347312171,96,"Sockeye"
1965,6.83326147759662,-1.43999660993107,96,"Sockeye"
1966,7.55088617521174,-0.722371912315956,96,"Sockeye"
1967,8.78634450716131,0.513086419633617,96,"Sockeye"
1968,8.55301017270369,0.279752085175993,96,"Sockeye"
1969,7.96463515828638,-0.308622929241318,96,"Sockeye"
1970,7.52674552622963,-0.74651256129806,96,"Sockeye"
1971,6.038491773693,-2.2347663138347,96,"Sockeye"
1972,6.59403715940083,-1.67922092812687,96,"Sockeye"
1973,7.29272504413829,-0.980533043389403,96,"Sockeye"
1974,8.15909733491786,-0.114160752609837,96,"Sockeye"
1975,6.95621986424222,-1.31703822328548,96,"Sockeye"
1976,7.22117274649003,-1.05208534103767,96,"Sockeye"
1977,8.77097735159538,0.497719264067682,96,"Sockeye"
1978,7.62888862455593,-0.644369462971768,96,"Sockeye"
1979,8.63987274029676,0.366614652769062,96,"Sockeye"
1980,7.50827318429947,-0.764984903228227,96,"Sockeye"
1981,9.25071752772612,0.977459440198424,96,"Sockeye"
1982,6.87493039229336,-1.39832769523433,96,"Sockeye"
1983,9.25775432937285,0.984496241845158,96,"Sockeye"
1984,9.03653750700109,0.763279419473398,96,"Sockeye"
1985,7.16234624210526,-1.11091184542243,96,"Sockeye"
1986,7.26220351632903,-1.01105457119866,96,"Sockeye"
1987,8.46354087661294,0.190282789085249,96,"Sockeye"
1988,8.46686188613667,0.193603798608976,96,"Sockeye"
1989,8.29957530778997,0.0263172202622718,96,"Sockeye"
1990,8.46351244519739,0.190254357669694,96,"Sockeye"
1991,8.25044223841499,-0.0228158491127074,96,"Sockeye"
1992,8.21563150251613,-0.0576265850115684,96,"Sockeye"
1993,8.96738196471158,0.694123877183886,96,"Sockeye"
1994,8.39003140786115,0.116773320333458,96,"Sockeye"
1995,8.1869842936011,-0.0862737939265975,96,"Sockeye"
1996,8.56140838651096,0.288150298983268,96,"Sockeye"
1997,9.77891892194748,1.50566083441979,96,"Sockeye"
1998,8.77460286547156,0.501344777943868,96,"Sockeye"
1999,7.21471194134039,-1.0585461461873,96,"Sockeye"
2000,8.34998442846186,0.0767263409341672,96,"Sockeye"
2001,8.79319541594561,0.519937328417919,96,"Sockeye"
2002,9.25591235301074,0.982654265483043,96,"Sockeye"
2003,9.08832637352102,0.815068285993326,96,"Sockeye"
2004,9.3113123108359,1.0380542233082,96,"Sockeye"
2005,9.99546870063333,1.72221061310564,96,"Sockeye"
2006,8.35837763547897,0.0851195479512797,96,"Sockeye"
2007,8.33803575003848,0.0647776625107895,96,"Sockeye"
2008,7.64432746697874,-0.62893062054895,96,"Sockeye"
2009,7.92134555122431,-0.35191253630338,96,"Sockeye"
2010,7.57639345351388,-0.696864634013819,96,"Sockeye"
2011,7.87987617184134,-0.393381915686355,96,"Sockeye"
2012,7.16530899791157,-1.10794908961613,96,"Sockeye"
2013,8.41217873727574,0.138920649748046,96,"Sockeye"
2014,9.98083608290728,1.70757799537959,96,"Sockeye"
2015,9.58207276989432,1.30881468236663,96,"Sockeye"
2016,10.7708698160508,2.49761172852312,96,"Sockeye"
2017,9.46398723476073,1.19072914723304,96,"Sockeye"
2018,8.99658414195565,0.723326054427961,96,"Sockeye"
2019,10.6372077044319,2.36394961690417,96,"Sockeye"
2020,9.82442245763891,1.55116437011122,96,"Sockeye"
2021,8.90848542662228,0.635227339094584,96,"Sockeye"
2022,8.7077297428075,0.434471655279804,96,"Sockeye"
2023,8.06737979194697,-0.205878295580723,96,"Sockeye"
2024,8.05773925080019,-0.215518836727503,96,"Sockeye"
2025,9.32657722515218,1.05331913762449,96,"Sockeye"
1950,7.49638595651178,-0.776872131015919,97,"Sockeye"
1951,7.58862628831583,-0.684631799211867,97,"Sockeye"
1952,6.90177202049424,-1.37148606703346,97,"Sockeye"
1953,8.6736302095301,0.400372122002409,97,"Sockeye"
1954,7.86677427151624,-0.406483816011457,97,"Sockeye"
1955,7.26051011681557,-1.01274797071213,97,"Sockeye"
1956,8.26556518498589,-0.00769290254180229,97,"Sockeye"
1957,8.86441455869114,0.591156471163443,97,"Sockeye"
1958,8.38883985140744,0.115581763879749,97,"Sockeye"
1959,8.04310866313822,-0.230149424389473,97,"Sockeye"
1960,8.05445454751744,-0.218803540010255,97,"Sockeye"
1961,7.98561026068295,-0.287647826844746,97,"Sockeye"
1962,7.49339856470332,-0.779859522824372,97,"Sockeye"
1963,7.67881203749601,-0.594446050031685,97,"Sockeye"
1964,7.52096674021552,-0.752291347312171,97,"Sockeye"
1965,6.83326147759662,-1.43999660993107,97,"Sockeye"
1966,7.55088617521174,-0.722371912315956,97,"Sockeye"
1967,8.78634450716131,0.513086419633617,97,"Sockeye"
1968,8.55301017270369,0.279752085175993,97,"Sockeye"
1969,7.96463515828638,-0.308622929241318,97,"Sockeye"
1970,7.52674552622963,-0.74651256129806,97,"Sockeye"
1971,6.038491773693,-2.2347663138347,97,"Sockeye"
1972,6.59403715940083,-1.67922092812687,97,"Sockeye"
1973,7.29272504413829,-0.980533043389403,97,"Sockeye"
1974,8.15909733491786,-0.114160752609837,97,"Sockeye"
1975,6.95621986424222,-1.31703822328548,97,"Sockeye"
1976,7.22117274649003,-1.05208534103767,97,"Sockeye"
1977,8.77097735159538,0.497719264067682,97,"Sockeye"
1978,7.62888862455593,-0.644369462971768,97,"Sockeye"
1979,8.63987274029676,0.366614652769062,97,"Sockeye"
1980,7.50827318429947,-0.764984903228227,97,"Sockeye"
1981,9.25071752772612,0.977459440198424,97,"Sockeye"
1982,6.87493039229336,-1.39832769523433,97,"Sockeye"
1983,9.25775432937285,0.984496241845158,97,"Sockeye"
1984,9.03653750700109,0.763279419473398,97,"Sockeye"
1985,7.16234624210526,-1.11091184542243,97,"Sockeye"
1986,7.26220351632903,-1.01105457119866,97,"Sockeye"
1987,8.46354087661294,0.190282789085249,97,"Sockeye"
1988,8.46686188613667,0.193603798608976,97,"Sockeye"
1989,8.29957530778997,0.0263172202622718,97,"Sockeye"
1990,8.46351244519739,0.190254357669694,97,"Sockeye"
1991,8.25044223841499,-0.0228158491127074,97,"Sockeye"
1992,8.21563150251613,-0.0576265850115684,97,"Sockeye"
1993,8.96738196471158,0.694123877183886,97,"Sockeye"
1994,8.39003140786115,0.116773320333458,97,"Sockeye"
1995,8.1869842936011,-0.0862737939265975,97,"Sockeye"
1996,8.56140838651096,0.288150298983268,97,"Sockeye"
1997,9.77891892194748,1.50566083441979,97,"Sockeye"
1998,8.77460286547156,0.501344777943868,97,"Sockeye"
1999,7.21471194134039,-1.0585461461873,97,"Sockeye"
2000,8.34998442846186,0.0767263409341672,97,"Sockeye"
2001,8.79319541594561,0.519937328417919,97,"Sockeye"
2002,9.25591235301074,0.982654265483043,97,"Sockeye"
2003,9.08832637352102,0.815068285993326,97,"Sockeye"
2004,9.3113123108359,1.0380542233082,97,"Sockeye"
2005,9.99546870063333,1.72221061310564,97,"Sockeye"
2006,8.35837763547897,0.0851195479512797,97,"Sockeye"
2007,8.33803575003848,0.0647776625107895,97,"Sockeye"
2008,7.64432746697874,-0.62893062054895,97,"Sockeye"
2009,7.92134555122431,-0.35191253630338,97,"Sockeye"
2010,7.57639345351388,-0.696864634013819,97,"Sockeye"
2011,7.87987617184134,-0.393381915686355,97,"Sockeye"
2012,7.16530899791157,-1.10794908961613,97,"Sockeye"
2013,8.41217873727574,0.138920649748046,97,"Sockeye"
2014,9.98083608290728,1.70757799537959,97,"Sockeye"
2015,9.58207276989432,1.30881468236663,97,"Sockeye"
2016,10.7708698160508,2.49761172852312,97,"Sockeye"
2017,9.46398723476073,1.19072914723304,97,"Sockeye"
2018,8.99658414195565,0.723326054427961,97,"Sockeye"
2019,10.6372077044319,2.36394961690417,97,"Sockeye"
2020,9.82442245763891,1.55116437011122,97,"Sockeye"
2021,8.90848542662228,0.635227339094584,97,"Sockeye"
2022,8.7077297428075,0.434471655279804,97,"Sockeye"
2023,8.06737979194697,-0.205878295580723,97,"Sockeye"
2024,8.05773925080019,-0.215518836727503,97,"Sockeye"
2025,9.32657722515218,1.05331913762449,97,"Sockeye"
1950,8.86894525499905,-0.496433210411349,99,"Sockeye"
1951,8.84946599778007,-0.515912467630325,99,"Sockeye"
1952,7.89541556554682,-1.46996289986357,99,"Sockeye"
1953,9.86027568929336,0.494897223882963,99,"Sockeye"
1954,8.84884502607233,-0.516533439338066,99,"Sockeye"
1955,8.26728528387406,-1.09809318153633,99,"Sockeye"
1956,9.25560569763184,-0.109772767778561,99,"Sockeye"
1957,9.93246494321262,0.567086477802223,99,"Sockeye"
1958,9.2807608983096,-0.0846175671008004,99,"Sockeye"
1959,8.8645313206841,-0.500847144726301,99,"Sockeye"
1960,9.19473225930158,-0.170646206108818,99,"Sockeye"
1961,8.66796238983379,-0.697416075576607,99,"Sockeye"
1962,8.64263363796121,-0.722744827449182,99,"Sockeye"
1963,8.84896755218506,-0.516410913225336,99,"Sockeye"
1964,8.52760997940512,-0.837768486005274,99,"Sockeye"
1965,8.25804874476264,-1.10732972064775,99,"Sockeye"
1966,8.70970805953531,-0.655670405875092,99,"Sockeye"
1967,9.89743405931136,0.532055593900967,99,"Sockeye"
1968,9.49321563804851,0.127837172638111,99,"Sockeye"
1969,9.35374110586503,-0.0116373595453681,99,"Sockeye"
1970,8.54398459546706,-0.821393869943336,99,"Sockeye"
1971,7.05642099941478,-2.30895746599562,99,"Sockeye"
1972,7.67453895246281,-1.69083951294758,99,"Sockeye"
1973,8.31927249010871,-1.04610597530168,99,"Sockeye"
1974,9.41954388337977,0.0541654179693704,99,"Sockeye"
1975,8.12011941390879,-1.24525905150161,99,"Sockeye"
1976,8.27005744331023,-1.09532102210017,99,"Sockeye"
1977,10.1487500948064,0.783371629396052,99,"Sockeye"
1978,8.68691658973694,-0.678461875673457,99,"Sockeye"
1979,9.85123322290532,0.485854757494929,99,"Sockeye"
1980,8.42350604954888,-0.941872415861518,99,"Sockeye"
1981,10.1897171455271,0.824338680116714,99,"Sockeye"
1982,7.85064388723934,-1.51473457817105,99,"Sockeye"
1983,10.2883428685805,0.922964403170136,99,"Sockeye"
1984,9.97051305630628,0.60513459089588,99,"Sockeye"
1985,8.28632551081041,-1.07905295459999,99,"Sockeye"
1986,8.41206420870388,-0.953314256706514,99,"Sockeye"
1987,9.70857630757724,0.343197842166848,99,"Sockeye"
1988,9.52571970574996,0.160341240339563,99,"Sockeye"
1989,9.5153363382115,0.149957872801108,99,"Sockeye"
1990,9.45901625296649,0.0936377875560953,99,"Sockeye"
1991,9.58508280445548,0.219704339045079,99,"Sockeye"
1992,9.21007266465355,-0.155305800756847,99,"Sockeye"
1993,9.94819207752452,0.582813612114122,99,"Sockeye"
1994,9.28769033095416,-0.077688134456235,99,"Sockeye"
1995,9.59761008795571,0.23223162254531,99,"Sockeye"
1996,9.34088838801664,-0.0244900773937555,99,"Sockeye"
1997,10.8708068903755,1.50542842496508,99,"Sockeye"
1998,9.77967361842885,0.414295153018452,99,"Sockeye"
1999,8.58920557358686,-0.776172891823541,99,"Sockeye"
2000,9.36989195206586,0.0045134866554661,99,"Sockeye"
2001,9.79465709714328,0.429278631732883,99,"Sockeye"
2002,10.4065468732048,1.04116840779445,99,"Sockeye"
2003,10.370414740899,1.00503627548863,99,"Sockeye"
2004,10.2959168307921,0.93053836538175,99,"Sockeye"
2005,10.9167654023451,1.55138693693471,99,"Sockeye"
2006,9.50423760975108,0.138859144340687,99,"Sockeye"
2007,9.60608235527487,0.240703889864476,99,"Sockeye"
2008,8.7986165004618,-0.566761964948593,99,"Sockeye"
2009,8.99014371984145,-0.375234745568946,99,"Sockeye"
2010,8.6914948260083,-0.673883639402101,99,"Sockeye"
2011,8.72255681542789,-0.642821649982504,99,"Sockeye"
2012,8.16879306120031,-1.19658540421009,99,"Sockeye"
2013,9.57066981932696,0.205291353916563,99,"Sockeye"
2014,11.257605433464,1.89222696805365,99,"Sockeye"
2015,10.4944433955585,1.12906493014813,99,"Sockeye"
2016,12.0777717337889,2.71239326837849,99,"Sockeye"
2017,10.3764317386291,1.01105327321866,99,"Sockeye"
2018,10.2134916852502,0.848113219839827,99,"Sockeye"
2019,11.8252114408156,2.45983297540525,99,"Sockeye"
2020,10.8366166633718,1.47123819796142,99,"Sockeye"
2021,10.2047856765635,0.83940721115309,99,"Sockeye"
2022,9.73201204748715,0.366633582076749,99,"Sockeye"
2023,9.30743673969718,-0.0579417257132206,99,"Sockeye"
2024,9.07533625995412,-0.290042205456277,99,"Sockeye"
2025,10.5023672300227,1.13698876461226,99,"Sockeye"
1950,8.93766719453475,-0.519620841880848,98,"Sockeye"
1951,8.95626264109331,-0.501025395322287,98,"Sockeye"
1952,7.99300716905033,-1.46428086736527,98,"Sockeye"
1953,9.93116313569686,0.473875099281265,98,"Sockeye"
1954,8.97456908226013,-0.482718954155471,98,"Sockeye"
1955,8.35979929391075,-1.09748874250484,98,"Sockeye"
1956,9.3432339850594,-0.114054051356196,98,"Sockeye"
1957,10.0384268760681,0.581138839652515,98,"Sockeye"
1958,9.36193996317246,-0.0953480732431339,98,"Sockeye"
1959,8.9458837368909,-0.511404299524693,98,"Sockeye"
1960,9.24313979990342,-0.214148236512177,98,"Sockeye"
1961,8.77408646134769,-0.683201575067902,98,"Sockeye"
1962,8.75155062885845,-0.705737407557148,98,"Sockeye"
1963,8.96857546357548,-0.488712572840119,98,"Sockeye"
1964,8.63069506252513,-0.826592973890465,98,"Sockeye"
1965,8.35293674468994,-1.10435129172566,98,"Sockeye"
1966,8.79057523783515,-0.666712798580445,98,"Sockeye"
1967,9.97340907770045,0.516121041284852,98,"Sockeye"
1968,9.62324566700879,0.165957630593194,98,"Sockeye"
1969,9.41087609880111,-0.0464119376144897,98,"Sockeye"
1970,8.63087183587691,-0.826416200538685,98,"Sockeye"
1971,7.17896450267119,-2.27832353374441,98,"Sockeye"
1972,7.77387634796255,-1.68341168845305,98,"Sockeye"
1973,8.40775803257437,-1.04953000384122,98,"Sockeye"
1974,9.53225567761589,0.0749676412002959,98,"Sockeye"
1975,8.1963965086376,-1.260891527778,98,"Sockeye"
1976,8.36901139161166,-1.08827664480394,98,"Sockeye"
1977,10.2299787016476,0.772690665231994,98,"Sockeye"
1978,8.75660865447101,-0.700679381944592,98,"Sockeye"
1979,9.94393789768219,0.486649861266591,98,"Sockeye"
1980,8.49322492234847,-0.964063114067126,98,"Sockeye"
1981,10.2709168616463,0.813628825230719,98,"Sockeye"
1982,7.93322078620686,-1.52406725020874,98,"Sockeye"
1983,10.3894012605443,0.93211322412867,98,"Sockeye"
1984,10.0770168094074,0.619728772991804,98,"Sockeye"
1985,8.38309687726638,-1.07419115914922,98,"Sockeye"
1986,8.49217733916114,-0.965110697254454,98,"Sockeye"
1987,9.78811680569368,0.330828769278084,98,"Sockeye"
1988,9.63239703458898,0.175108998173383,98,"Sockeye"
1989,9.62115707116968,0.163869034754083,98,"Sockeye"
1990,9.55617496546578,0.0988869290501769,98,"Sockeye"
1991,9.65959704623503,0.202309009819431,98,"Sockeye"
1992,9.30319571495056,-0.15409232146504,98,"Sockeye"
1993,10.0308253835229,0.57353734710733,98,"Sockeye"
1994,9.38943402907428,-0.0678540073413186,98,"Sockeye"
1995,9.66177898294786,0.204490946532263,98,"Sockeye"
1996,9.42952067711774,-0.0277673592978599,98,"Sockeye"
1997,10.9999267003116,1.54263866389595,98,"Sockeye"
1998,9.86099952809951,0.403711491683913,98,"Sockeye"
1999,8.66762440344866,-0.789663632966933,98,"Sockeye"
2000,9.43849597958958,-0.0187920568260207,98,"Sockeye"
2001,9.873019583085,0.415731546669401,98,"Sockeye"
2002,10.4895588720546,1.032270835639,98,"Sockeye"
2003,10.4340460651061,0.976758028690513,98,"Sockeye"
2004,10.3989145545398,0.941626518124251,98,"Sockeye"
2005,11.0286212598576,1.57133322344203,98,"Sockeye"
2006,9.58702914855059,0.129741112134997,98,"Sockeye"
2007,9.71491911832024,0.257631081904641,98,"Sockeye"
2008,8.88789835396935,-0.569389682446247,98,"Sockeye"
2009,9.1170852394665,-0.340202796949101,98,"Sockeye"
2010,8.77744929580128,-0.679838740614319,98,"Sockeye"
2011,8.81335874866037,-0.64392928775523,98,"Sockeye"
2012,8.23970997333526,-1.21757806308033,98,"Sockeye"
2013,9.67226903578814,0.214980999372544,98,"Sockeye"
2014,11.3236871396794,1.8663991032638,98,"Sockeye"
2015,10.6029682720409,1.14568023562528,98,"Sockeye"
2016,12.1617113421945,2.70442330577891,98,"Sockeye"
2017,10.5010277102975,1.04373967388193,98,"Sockeye"
2018,10.3159318110522,0.85864377463661,98,"Sockeye"
2019,11.9408663721646,2.48357833574896,98,"Sockeye"
2020,10.927661580198,1.47037354378235,98,"Sockeye"
2021,10.2628005602781,0.805512523862453,98,"Sockeye"
2022,9.8524905723684,0.395202535952798,98,"Sockeye"
2023,9.39084619634292,-0.0664418400726815,98,"Sockeye"
2024,9.18921504301184,-0.268072993403761,98,"Sockeye"
2025,10.6140666078119,1.15677857139627,98,"Sockeye"
1950,9.25049895445506,-0.689837435228097,79,"Sockeye"
1951,9.52049575249354,-0.419840637189611,79,"Sockeye"
1952,8.51935466925303,-1.42098172043012,79,"Sockeye"
1953,10.2663739363352,0.326037546652095,79,"Sockeye"
1954,9.68197806676229,-0.258358322920867,79,"Sockeye"
1955,8.96629264354706,-0.974043746136095,79,"Sockeye"
1956,10.0280788898468,0.087742500163648,79,"Sockeye"
1957,10.5582325696945,0.617896180011367,79,"Sockeye"
1958,9.79923641681671,-0.141099972866446,79,"Sockeye"
1959,9.43951519330342,-0.500821196379728,79,"Sockeye"
1960,9.54572161833445,-0.3946147713487,79,"Sockeye"
1961,9.3209254582723,-0.619410931410853,79,"Sockeye"
1962,9.31739320755005,-0.622943182133107,79,"Sockeye"
1963,9.56471006075541,-0.375626328927741,79,"Sockeye"
1964,9.14186459382375,-0.798471795859402,79,"Sockeye"
1965,8.71246860822042,-1.22786778146274,79,"Sockeye"
1966,9.22800670464834,-0.712329685034816,79,"Sockeye"
1967,10.3306667168935,0.390330327210363,79,"Sockeye"
1968,10.3139052549998,0.373568865316641,79,"Sockeye"
1969,9.67851203282674,-0.261824356856411,79,"Sockeye"
1970,9.08447501659393,-0.855861373089221,79,"Sockeye"
1971,7.80007832845052,-2.14025806123263,79,"Sockeye"
1972,8.18349117040634,-1.75684521927681,79,"Sockeye"
1973,8.93206969896952,-1.00826669071363,79,"Sockeye"
1974,10.1124033371607,0.172066947477593,79,"Sockeye"
1975,8.59358915487926,-1.3467472348039,79,"Sockeye"
1976,8.95128070116043,-0.989055688522723,79,"Sockeye"
1977,10.7467526833216,0.806416293638486,79,"Sockeye"
1978,9.15893512566884,-0.781401264014309,79,"Sockeye"
1979,10.3390483379364,0.39871194825325,79,"Sockeye"
1980,8.78072636922201,-1.15961002046115,79,"Sockeye"
1981,10.7689496994019,0.828613309718702,79,"Sockeye"
1982,8.33976783752441,-1.60056855215874,79,"Sockeye"
1983,10.9778803269068,1.03754393722368,79,"Sockeye"
1984,10.6819981098175,0.741661720134351,79,"Sockeye"
1985,8.82870144844055,-1.1116349412426,79,"Sockeye"
1986,8.90664255619049,-1.03369383349266,79,"Sockeye"
1987,10.2053915818532,0.265055192170078,79,"Sockeye"
1988,10.2718842585882,0.331547868905002,79,"Sockeye"
1989,10.1688663800557,0.228529990372588,79,"Sockeye"
1990,10.1418499469757,0.201513557292557,79,"Sockeye"
1991,10.0288367350896,0.0885003454064674,79,"Sockeye"
1992,9.65723049640655,-0.283105893276602,79,"Sockeye"
1993,10.4273295084635,0.486993118780389,79,"Sockeye"
1994,9.91870477199555,-0.0216316176876038,79,"Sockeye"
1995,10.0072840690613,0.0669476793781289,79,"Sockeye"
1996,9.89838491280873,-0.041951476874419,79,"Sockeye"
1997,11.631135002772,1.69079861308886,79,"Sockeye"
1998,10.3247922976812,0.384455907998024,79,"Sockeye"
1999,9.04061948458354,-0.899716905099618,79,"Sockeye"
2000,9.73351520697276,-0.206821182710396,79,"Sockeye"
2001,10.31380610466,0.373469714976877,79,"Sockeye"
2002,10.8776403109233,0.937303921240102,79,"Sockeye"
2003,10.8082400163015,0.86790362661832,79,"Sockeye"
2004,10.8733797152837,0.933043325600562,79,"Sockeye"
2005,11.6481063445409,1.70776995485776,79,"Sockeye"
2006,10.0528044223785,0.112468032695388,79,"Sockeye"
2007,10.2169291814168,0.276592791733674,79,"Sockeye"
2008,9.43160780270894,-0.508728586974211,79,"Sockeye"
2009,9.86234424114227,-0.0779921485408826,79,"Sockeye"
2010,9.3517465432485,-0.588589846434655,79,"Sockeye"
2011,9.38056299686432,-0.559773392818833,79,"Sockeye"
2012,8.70523527463277,-1.23510111505038,79,"Sockeye"
2013,10.1953482786814,0.255011888998283,79,"Sockeye"
2014,11.5948233127594,1.65448692307624,79,"Sockeye"
2015,11.0779584089915,1.13762201930835,79,"Sockeye"
2016,12.5643968900045,2.62406050032133,79,"Sockeye"
2017,11.1449210087458,1.20458461906267,79,"Sockeye"
2018,10.8680939277013,0.927757538018162,79,"Sockeye"
2019,12.4708448410034,2.53050845132027,79,"Sockeye"
2020,11.3673871358236,1.42705074614041,79,"Sockeye"
2021,10.5545980612437,0.614261671560536,79,"Sockeye"
2022,10.4569357236226,0.516599333939486,79,"Sockeye"
2023,9.74209113121033,-0.198245258472823,79,"Sockeye"
2024,9.7837832848231,-0.156553104860049,79,"Sockeye"
2025,11.1727013985316,1.23236500884845,79,"Sockeye"
1950,9.21681691067559,-0.704393097740797,80,"Sockeye"
1951,9.47323357633182,-0.44797643208457,80,"Sockeye"
1952,8.45644434860775,-1.46476565980864,80,"Sockeye"
1953,10.2222783991269,0.301068390710484,80,"Sockeye"
1954,9.66831369059426,-0.252896317822127,80,"Sockeye"
1955,8.9774250132697,-0.943784995146694,80,"Sockeye"
1956,10.0743175319263,0.153107523509902,80,"Sockeye"
1957,10.5114115732057,0.590201564789285,80,"Sockeye"
1958,9.75755893332617,-0.163651075090217,80,"Sockeye"
1959,9.4111259494509,-0.510084058965491,80,"Sockeye"
1960,9.51952926601682,-0.401680742399565,80,"Sockeye"
1961,9.27686151436397,-0.64434849405242,80,"Sockeye"
1962,9.26458549499511,-0.656624513421276,80,"Sockeye"
1963,9.50715737683433,-0.414052631582064,80,"Sockeye"
1964,9.11979223149163,-0.801417776924758,80,"Sockeye"
1965,8.61992863246373,-1.30128137595267,80,"Sockeye"
1966,9.21944888148989,-0.701761126926502,80,"Sockeye"
1967,10.3084345885686,0.38722458015216,80,"Sockeye"
1968,10.2953447614397,0.374134753023339,80,"Sockeye"
1969,9.64379778930119,-0.277412219115202,80,"Sockeye"
1970,9.04780426195689,-0.873405746459498,80,"Sockeye"
1971,7.77416227545057,-2.14704773296582,80,"Sockeye"
1972,8.11121931672096,-1.80999069169543,80,"Sockeye"
1973,8.9368781873158,-0.984331821100586,80,"Sockeye"
1974,10.0909066029957,0.169696594579344,80,"Sockeye"
1975,8.5794353399958,-1.34177466842059,80,"Sockeye"
1976,8.95073567543711,-0.970474332979283,80,"Sockeye"
1977,10.7454272934369,0.824217285020481,80,"Sockeye"
1978,9.15451786347798,-0.76669214493841,80,"Sockeye"
1979,10.289218383176,0.368008374759598,80,"Sockeye"
1980,8.72034356423787,-1.20086644417852,80,"Sockeye"
1981,10.7890949419567,0.867884933540263,80,"Sockeye"
1982,8.30001728023801,-1.62119272817838,80,"Sockeye"
1983,10.9917730348451,1.07056302642869,80,"Sockeye"
1984,10.6608056851796,0.739595676763183,80,"Sockeye"
1985,8.78408756426403,-1.13712244415236,80,"Sockeye"
1986,8.86989791052682,-1.05131209788957,80,"Sockeye"
1987,10.1970241580691,0.275814149652674,80,"Sockeye"
1988,10.3159641708646,0.394754162448258,80,"Sockeye"
1989,10.1532032489777,0.231993240561266,80,"Sockeye"
1990,10.1545061724527,0.233296164036267,80,"Sockeye"
1991,10.02672206504,0.105512056623651,80,"Sockeye"
1992,9.59893344981329,-0.322276558603095,80,"Sockeye"
1993,10.3781373330525,0.45692732463611,80,"Sockeye"
1994,9.90434446505138,-0.0168655433650066,80,"Sockeye"
1995,9.99283408267158,0.0716240742551881,80,"Sockeye"
1996,9.86084138495582,-0.0603686234605752,80,"Sockeye"
1997,11.6061891998563,1.68497919143996,80,"Sockeye"
1998,10.3187772546496,0.397567246233185,80,"Sockeye"
1999,9.01157858542033,-0.909631422996057,80,"Sockeye"
2000,9.68450066873005,-0.236709339686335,80,"Sockeye"
2001,10.3170661415373,0.395856133120861,80,"Sockeye"
2002,10.8829507827759,0.961740774359486,80,"Sockeye"
2003,10.8148914660726,0.893681457656239,80,"Sockeye"
2004,10.8387258308274,0.917515822411053,80,"Sockeye"
2005,11.6563032780375,1.73509326962109,80,"Sockeye"
2006,10.0505705901555,0.129360581739075,80,"Sockeye"
2007,10.1977739589555,0.276563950539103,80,"Sockeye"
2008,9.4339594074658,-0.487250600950594,80,"Sockeye"
2009,9.89432994808469,-0.0268800603316979,80,"Sockeye"
2010,9.37318050861359,-0.548029499802803,80,"Sockeye"
2011,9.38462747846331,-0.536582529953078,80,"Sockeye"
2012,8.70554321152823,-1.21566679688816,80,"Sockeye"
2013,10.1788595148495,0.257649506433135,80,"Sockeye"
2014,11.5525977781841,1.63138776976768,80,"Sockeye"
2015,11.0395089387894,1.11829893037298,80,"Sockeye"
2016,12.577612553324,2.65640254490764,80,"Sockeye"
2017,11.1638020021575,1.24259199374109,80,"Sockeye"
2018,10.8806950279645,0.959485019548065,80,"Sockeye"
2019,12.4538105045046,2.53260049608823,80,"Sockeye"
2020,11.3543529851096,1.43314297669321,80,"Sockeye"
2021,10.5316127879279,0.610402779511508,80,"Sockeye"
2022,10.4218680347715,0.500658026355121,80,"Sockeye"
2023,9.67632544892175,-0.244884559494637,80,"Sockeye"
2024,9.75485911539623,-0.166350893020157,80,"Sockeye"
2025,11.1619997620583,1.24078975364187,80,"Sockeye"
1950,9.14743893345197,-0.552250144348298,82,"Sockeye"
1951,9.07553081214428,-0.624158265655983,82,"Sockeye"
1952,7.94384440779686,-1.75584467000341,82,"Sockeye"
1953,10.0593323508898,0.35964327308958,82,"Sockeye"
1954,9.27849977215131,-0.42118930564896,82,"Sockeye"
1955,8.72515322764715,-0.974535850153121,82,"Sockeye"
1956,9.85624508062998,0.156556002829717,82,"Sockeye"
1957,10.1822271347046,0.482538056904324,82,"Sockeye"
1958,9.39912060896556,-0.300568468834712,82,"Sockeye"
1959,8.92656617363294,-0.773122904167329,82,"Sockeye"
1960,9.20087575912476,-0.49881331867551,82,"Sockeye"
1961,8.79364089171092,-0.906048186089348,82,"Sockeye"
1962,8.85799508293469,-0.841693994865573,82,"Sockeye"
1963,9.12282635768255,-0.57686272011772,82,"Sockeye"
1964,8.8467085758845,-0.852980501915767,82,"Sockeye"
1965,8.33495589097341,-1.36473318682686,82,"Sockeye"
1966,9.04399761557579,-0.655691462224478,82,"Sockeye"
1967,10.2021641234557,0.502475045655416,82,"Sockeye"
1968,9.93715075651805,0.23746167871778,82,"Sockeye"
1969,9.53896301984787,-0.160726057952398,82,"Sockeye"
1970,8.81315608819325,-0.886532989607014,82,"Sockeye"
1971,7.52787957588832,-2.17180950191195,82,"Sockeye"
1972,7.78378641108672,-1.91590266671355,82,"Sockeye"
1973,8.77936351299286,-0.920325564807409,82,"Sockeye"
1974,9.87904602289199,0.179356945091727,82,"Sockeye"
1975,8.37405263384183,-1.32563644395843,82,"Sockeye"
1976,8.64485521614551,-1.05483386165476,82,"Sockeye"
1977,10.4115870495637,0.711897971763463,82,"Sockeye"
1978,8.92044294873874,-0.779246129061532,82,"Sockeye"
1979,10.0866327981154,0.386943720315146,82,"Sockeye"
1980,8.41433776418368,-1.28535131361659,82,"Sockeye"
1981,10.5443965395292,0.844707461728895,82,"Sockeye"
1982,7.93728569149971,-1.76240338630056,82,"Sockeye"
1983,10.9043838282426,1.20469475044235,82,"Sockeye"
1984,10.2848515113195,0.585162433519209,82,"Sockeye"
1985,8.4832715789477,-1.21641749885256,82,"Sockeye"
1986,8.52057314912478,-1.17911592867549,82,"Sockeye"
1987,10.1992323199908,0.499543242190528,82,"Sockeye"
1988,10.253183533748,0.553494455947719,82,"Sockeye"
1989,9.93340910474459,0.233720026944323,82,"Sockeye"
1990,9.88780242204667,0.188113344246399,82,"Sockeye"
1991,10.091977695624,0.392288617823765,82,"Sockeye"
1992,9.36632851759592,-0.333360560204344,82,"Sockeye"
1993,10.1371758580208,0.437486780220511,82,"Sockeye"
1994,9.62467450896899,-0.0750145688312744,82,"Sockeye"
1995,9.98927251497905,0.289583437178781,82,"Sockeye"
1996,9.56234614054362,-0.137342937256649,82,"Sockeye"
1997,11.3494455118974,1.64975643409714,82,"Sockeye"
1998,10.2329812149207,0.533292137120418,82,"Sockeye"
1999,8.80396044254303,-0.895728635257242,82,"Sockeye"
2000,9.45625824729602,-0.24343083050425,82,"Sockeye"
2001,10.1270276804765,0.427338602676233,82,"Sockeye"
2002,10.9423375924428,1.24264851464256,82,"Sockeye"
2003,10.6658872961998,0.96619821839953,82,"Sockeye"
2004,10.5685655375322,0.868876459731905,82,"Sockeye"
2005,11.4657321075598,1.76604302975958,82,"Sockeye"
2006,9.96281494696935,0.263125869169081,82,"Sockeye"
2007,10.0965732137362,0.396884135935948,82,"Sockeye"
2008,9.2058303753535,-0.49385870244677,82,"Sockeye"
2009,9.7357887327671,0.0360996549668359,82,"Sockeye"
2010,9.1171138783296,-0.582575199470671,82,"Sockeye"
2011,9.13311052322388,-0.566578554576389,82,"Sockeye"
2012,8.39492655793826,-1.30476251986201,82,"Sockeye"
2013,9.92654917637507,0.226860098574804,82,"Sockeye"
2014,11.3408878743648,1.64119879656458,82,"Sockeye"
2015,10.9616976777713,1.26200859997099,82,"Sockeye"
2016,12.6562407016754,2.95655162387516,82,"Sockeye"
2017,11.1412186324596,1.44152955465937,82,"Sockeye"
2018,10.7896293898424,1.08994031204209,82,"Sockeye"
2019,12.4040851990382,2.70439612123792,82,"Sockeye"
2020,11.2739484906197,1.57425941281939,82,"Sockeye"
2021,10.4605186482271,0.760829570426787,82,"Sockeye"
2022,10.0356315175692,0.335942439768959,82,"Sockeye"
2023,9.36080995202065,-0.338879125779621,82,"Sockeye"
2024,9.38389870524407,-0.315790372556196,82,"Sockeye"
2025,11.0035641988118,1.30387512101158,82,"Sockeye"
1950,9.30797950426737,-0.761689667015859,78,"Sockeye"
1951,9.69110360741615,-0.378565563867081,78,"Sockeye"
1952,8.70124007264773,-1.3684290986355,78,"Sockeye"
1953,10.3241837322712,0.254514560987965,78,"Sockeye"
1954,9.90678657094637,-0.162882600336859,78,"Sockeye"
1955,9.16460103789965,-0.905068133383582,78,"Sockeye"
1956,10.2524387339751,0.182769562691859,78,"Sockeye"
1957,10.6894296805064,0.619760509223156,78,"Sockeye"
1958,9.92248590787251,-0.147183263410719,78,"Sockeye"
1959,9.62364781896273,-0.446021352320504,78,"Sockeye"
1960,9.65054936210315,-0.419119809180088,78,"Sockeye"
1961,9.49783248702685,-0.571836684256383,78,"Sockeye"
1962,9.47725168367227,-0.592417487610967,78,"Sockeye"
1963,9.71542941530546,-0.354239755977778,78,"Sockeye"
1964,9.28955692052841,-0.780112250754823,78,"Sockeye"
1965,8.77163034677505,-1.29803882450818,78,"Sockeye"
1966,9.34631170829137,-0.723357462991865,78,"Sockeye"
1967,10.3993404110273,0.329671239744037,78,"Sockeye"
1968,10.5109802782536,0.441311106970318,78,"Sockeye"
1969,9.72730640570322,-0.34236276558001,78,"Sockeye"
1970,9.19522483150164,-0.874444339781595,78,"Sockeye"
1971,7.97188478211562,-2.09778438916762,78,"Sockeye"
1972,8.28672990202904,-1.7829392692542,78,"Sockeye"
1973,9.07705329855283,-0.992615872730405,78,"Sockeye"
1974,10.2529018123945,0.183232641111226,78,"Sockeye"
1975,8.71186770002048,-1.35780147126276,78,"Sockeye"
1976,9.13581189513206,-0.933857276151172,78,"Sockeye"
1977,10.9224710365136,0.852801865230414,78,"Sockeye"
1978,9.28700755039851,-0.782661620884724,78,"Sockeye"
1979,10.4117953379949,0.342126166711663,78,"Sockeye"
1980,8.85460385680199,-1.21506531448125,78,"Sockeye"
1981,10.931180357933,0.861511186649808,78,"Sockeye"
1982,8.47620079914728,-1.59346837213595,78,"Sockeye"
1983,11.1122853954633,1.04261622418007,78,"Sockeye"
1984,10.8701904217402,0.800521250456978,78,"Sockeye"
1985,8.95748121539752,-1.11218795588572,78,"Sockeye"
1986,9.04458578427633,-1.02508338700691,78,"Sockeye"
1987,10.275975972414,0.206306801130781,78,"Sockeye"
1988,10.450077265501,0.380408094217787,78,"Sockeye"
1989,10.3094546894232,0.239785518140003,78,"Sockeye"
1990,10.3304397662481,0.260770594964836,78,"Sockeye"
1991,10.0855893194675,0.0159201481843077,78,"Sockeye"
1992,9.73633140325546,-0.333337768027775,78,"Sockeye"
1993,10.508914689223,0.439245517939741,78,"Sockeye"
1994,10.0745565990607,0.00488742777746746,78,"Sockeye"
1995,10.056391308705,-0.0132778625782194,78,"Sockeye"
1996,10.031492014726,-0.0381771565572306,78,"Sockeye"
1997,11.7844753066699,1.71480613538664,78,"Sockeye"
1998,10.4290563364824,0.359387165199136,78,"Sockeye"
1999,9.13768656055132,-0.931982610731912,78,"Sockeye"
2000,9.80831071734428,-0.26135845393895,78,"Sockeye"
2001,10.443287362655,0.373618191371764,78,"Sockeye"
2002,10.9408690134684,0.871199842185187,78,"Sockeye"
2003,10.9111723999182,0.841503228635005,78,"Sockeye"
2004,10.9805107116699,0.910841540386692,78,"Sockeye"
2005,11.8073819875717,1.73771281628849,78,"Sockeye"
2006,10.1592945059141,0.0896253346308193,78,"Sockeye"
2007,10.3232538402081,0.253584668924821,78,"Sockeye"
2008,9.6070403556029,-0.462628815680337,78,"Sockeye"
2009,10.0884533325831,0.0187841612998721,78,"Sockeye"
2010,9.55445678035418,-0.515212390929051,78,"Sockeye"
2011,9.55811157822609,-0.511557593057142,78,"Sockeye"
2012,8.87700007359187,-1.19266909769136,78,"Sockeye"
2013,10.3406683107217,0.270999139438479,78,"Sockeye"
2014,11.6568795939287,1.58721042264542,78,"Sockeye"
2015,11.154422044754,1.0847528734708,78,"Sockeye"
2016,12.6175542672475,2.54788509596429,78,"Sockeye"
2017,11.2899826367696,1.22031346548637,78,"Sockeye"
2018,11.0045840541522,0.934914882868937,78,"Sockeye"
2019,12.5654106736183,2.49574150233509,78,"Sockeye"
2020,11.4597177704175,1.3900485991343,78,"Sockeye"
2021,10.6097559432189,0.540086771935631,78,"Sockeye"
2022,10.6479286551476,0.578259483864319,78,"Sockeye"
2023,9.82780036330224,-0.241868807980997,78,"Sockeye"
2024,9.9706842203935,-0.0989849508897283,78,"Sockeye"
2025,11.3085809449355,1.23891177365225,78,"Sockeye"
1950,9.1740408710071,-0.658564840452546,81,"Sockeye"
1951,9.29375292999404,-0.538852781465606,81,"Sockeye"
1952,8.22542785746711,-1.60717785399254,81,"Sockeye"
1953,10.134310398783,0.301704687323361,81,"Sockeye"
1954,9.51820944888251,-0.314396262577136,81,"Sockeye"
1955,8.90032018082482,-0.932285530634822,81,"Sockeye"
1956,10.015364084925,0.182758373465325,81,"Sockeye"
1957,10.3670473098755,0.534441598415841,81,"Sockeye"
1958,9.61242074625832,-0.220184965201321,81,"Sockeye"
1959,9.20095010314669,-0.631655608312961,81,"Sockeye"
1960,9.39404618740082,-0.438559524058826,81,"Sockeye"
1961,9.06981417110988,-0.762791540349766,81,"Sockeye"
1962,9.10183515719005,-0.730770554269599,81,"Sockeye"
1963,9.34865067686354,-0.483955034596111,81,"Sockeye"
1964,9.00525099890573,-0.827354712553921,81,"Sockeye"
1965,8.48133616788046,-1.35126954357918,81,"Sockeye"
1966,9.15728915589196,-0.675316555567685,81,"Sockeye"
1967,10.2688608765602,0.436255165100564,81,"Sockeye"
1968,10.1420943055834,0.309488594123762,81,"Sockeye"
1969,9.59591363157545,-0.236692079884202,81,"Sockeye"
1970,8.95124847548348,-0.881357235976165,81,"Sockeye"
1971,7.69559718881335,-2.1370085226463,81,"Sockeye"
1972,7.96695183430399,-1.86565387715565,81,"Sockeye"
1973,8.88289766652244,-0.949708044937212,81,"Sockeye"
1974,10.0129165990012,0.180310887541553,81,"Sockeye"
1975,8.50418821402959,-1.32841749743006,81,"Sockeye"
1976,8.84014218619891,-0.992463525260734,81,"Sockeye"
1977,10.6086285369737,0.776022825514037,81,"Sockeye"
1978,9.07758466686521,-0.755021044594433,81,"Sockeye"
1979,10.2023642999785,0.369758588518883,81,"Sockeye"
1980,8.59514446769442,-1.23746124376523,81,"Sockeye"
1981,10.7051760469164,0.872570335456765,81,"Sockeye"
1982,8.15403620685849,-1.67856950460115,81,"Sockeye"
1983,10.9621064237186,1.12950071225894,81,"Sockeye"
1984,10.4879489285605,0.65534321710088,81,"Sockeye"
1985,8.65531277656555,-1.1772929348941,81,"Sockeye"
1986,8.71814392294202,-1.11446178851762,81,"Sockeye"
1987,10.1906653642654,0.358059652805795,81,"Sockeye"
1988,10.3038737859045,0.471268074444825,81,"Sockeye"
1989,10.0681387611798,0.235533049720139,81,"Sockeye"
1990,10.0532821587154,0.220676447255741,81,"Sockeye"
1991,10.0582658052444,0.225660093784797,81,"Sockeye"
1992,9.46789555890219,-0.364710152557453,81,"Sockeye"
1993,10.2626421962466,0.430036484786908,81,"Sockeye"
1994,9.79391439471926,-0.0386913167403814,81,"Sockeye"
1995,9.99423524311611,0.161629531656463,81,"Sockeye"
1996,9.73089911256518,-0.101706598894471,81,"Sockeye"
1997,11.500157058239,1.66755134677933,81,"Sockeye"
1998,10.2688257779394,0.436220066479746,81,"Sockeye"
1999,8.93643859454563,-0.896167116914015,81,"Sockeye"
2000,9.57826668024063,-0.254339031219015,81,"Sockeye"
2001,10.2333931497165,0.400787438256861,81,"Sockeye"
2002,10.910304580416,1.07769886895635,81,"Sockeye"
2003,10.7647803340639,0.932174622604293,81,"Sockeye"
2004,10.7325181024415,0.89991239098187,81,"Sockeye"
2005,11.5877480762345,1.7551423647749,81,"Sockeye"
2006,10.033137185233,0.200531473773332,81,"Sockeye"
2007,10.1617986048971,0.329192893437444,81,"Sockeye"
2008,9.35223267759596,-0.480373033863691,81,"Sockeye"
2009,9.85923091854368,0.0266252070840297,81,"Sockeye"
2010,9.29658727134977,-0.536018440109874,81,"Sockeye"
2011,9.30308556556702,-0.529520145892628,81,"Sockeye"
2012,8.59237741572516,-1.24022829573448,81,"Sockeye"
2013,10.0801429578236,0.247537246363971,81,"Sockeye"
2014,11.4533551846232,1.62074947316352,81,"Sockeye"
2015,11.0013551712036,1.16874945974397,81,"Sockeye"
2016,12.6105928421021,2.77798713064241,81,"Sockeye"
2017,11.1744240266936,1.34181831523397,81,"Sockeye"
2018,10.8676769818578,1.0350712703982,81,"Sockeye"
2019,12.433592234339,2.60098652287939,81,"Sockeye"
2020,11.3330505064556,1.50044479499591,81,"Sockeye"
2021,10.4998528191021,0.667247107642502,81,"Sockeye"
2022,10.264156137194,0.431550425734308,81,"Sockeye"
2023,9.53471807922636,-0.297887632233285,81,"Sockeye"
2024,9.5908597282001,-0.241745983259544,81,"Sockeye"
2025,11.1024119513375,1.2698062398779,81,"Sockeye"
1950,9.1740408710071,-0.658564840452546,83,"Sockeye"
1951,9.29375292999404,-0.538852781465606,83,"Sockeye"
1952,8.22542785746711,-1.60717785399254,83,"Sockeye"
1953,10.134310398783,0.301704687323361,83,"Sockeye"
1954,9.51820944888251,-0.314396262577136,83,"Sockeye"
1955,8.90032018082482,-0.932285530634822,83,"Sockeye"
1956,10.015364084925,0.182758373465325,83,"Sockeye"
1957,10.3670473098755,0.534441598415841,83,"Sockeye"
1958,9.61242074625832,-0.220184965201321,83,"Sockeye"
1959,9.20095010314669,-0.631655608312961,83,"Sockeye"
1960,9.39404618740082,-0.438559524058826,83,"Sockeye"
1961,9.06981417110988,-0.762791540349766,83,"Sockeye"
1962,9.10183515719005,-0.730770554269599,83,"Sockeye"
1963,9.34865067686354,-0.483955034596111,83,"Sockeye"
1964,9.00525099890573,-0.827354712553921,83,"Sockeye"
1965,8.48133616788046,-1.35126954357918,83,"Sockeye"
1966,9.15728915589196,-0.675316555567685,83,"Sockeye"
1967,10.2688608765602,0.436255165100564,83,"Sockeye"
1968,10.1420943055834,0.309488594123762,83,"Sockeye"
1969,9.59591363157545,-0.236692079884202,83,"Sockeye"
1970,8.95124847548348,-0.881357235976165,83,"Sockeye"
1971,7.69559718881335,-2.1370085226463,83,"Sockeye"
1972,7.96695183430399,-1.86565387715565,83,"Sockeye"
1973,8.88289766652244,-0.949708044937212,83,"Sockeye"
1974,10.0129165990012,0.180310887541553,83,"Sockeye"
1975,8.50418821402959,-1.32841749743006,83,"Sockeye"
1976,8.84014218619891,-0.992463525260734,83,"Sockeye"
1977,10.6086285369737,0.776022825514037,83,"Sockeye"
1978,9.07758466686521,-0.755021044594433,83,"Sockeye"
1979,10.2023642999785,0.369758588518883,83,"Sockeye"
1980,8.59514446769442,-1.23746124376523,83,"Sockeye"
1981,10.7051760469164,0.872570335456765,83,"Sockeye"
1982,8.15403620685849,-1.67856950460115,83,"Sockeye"
1983,10.9621064237186,1.12950071225894,83,"Sockeye"
1984,10.4879489285605,0.65534321710088,83,"Sockeye"
1985,8.65531277656555,-1.1772929348941,83,"Sockeye"
1986,8.71814392294202,-1.11446178851762,83,"Sockeye"
1987,10.1906653642654,0.358059652805795,83,"Sockeye"
1988,10.3038737859045,0.471268074444825,83,"Sockeye"
1989,10.0681387611798,0.235533049720139,83,"Sockeye"
1990,10.0532821587154,0.220676447255741,83,"Sockeye"
1991,10.0582658052444,0.225660093784797,83,"Sockeye"
1992,9.46789555890219,-0.364710152557453,83,"Sockeye"
1993,10.2626421962466,0.430036484786908,83,"Sockeye"
1994,9.79391439471926,-0.0386913167403814,83,"Sockeye"
1995,9.99423524311611,0.161629531656463,83,"Sockeye"
1996,9.73089911256518,-0.101706598894471,83,"Sockeye"
1997,11.500157058239,1.66755134677933,83,"Sockeye"
1998,10.2688257779394,0.436220066479746,83,"Sockeye"
1999,8.93643859454563,-0.896167116914015,83,"Sockeye"
2000,9.57826668024063,-0.254339031219015,83,"Sockeye"
2001,10.2333931497165,0.400787438256861,83,"Sockeye"
2002,10.910304580416,1.07769886895635,83,"Sockeye"
2003,10.7647803340639,0.932174622604293,83,"Sockeye"
2004,10.7325181024415,0.89991239098187,83,"Sockeye"
2005,11.5877480762345,1.7551423647749,83,"Sockeye"
2006,10.033137185233,0.200531473773332,83,"Sockeye"
2007,10.1617986048971,0.329192893437444,83,"Sockeye"
2008,9.35223267759596,-0.480373033863691,83,"Sockeye"
2009,9.85923091854368,0.0266252070840297,83,"Sockeye"
2010,9.29658727134977,-0.536018440109874,83,"Sockeye"
2011,9.30308556556702,-0.529520145892628,83,"Sockeye"
2012,8.59237741572516,-1.24022829573448,83,"Sockeye"
2013,10.0801429578236,0.247537246363971,83,"Sockeye"
2014,11.4533551846232,1.62074947316352,83,"Sockeye"
2015,11.0013551712036,1.16874945974397,83,"Sockeye"
2016,12.6105928421021,2.77798713064241,83,"Sockeye"
2017,11.1744240266936,1.34181831523397,83,"Sockeye"
2018,10.8676769818578,1.0350712703982,83,"Sockeye"
2019,12.433592234339,2.60098652287939,83,"Sockeye"
2020,11.3330505064556,1.50044479499591,83,"Sockeye"
2021,10.4998528191021,0.667247107642502,83,"Sockeye"
2022,10.264156137194,0.431550425734308,83,"Sockeye"
2023,9.53471807922636,-0.297887632233285,83,"Sockeye"
2024,9.5908597282001,-0.241745983259544,83,"Sockeye"
2025,11.1024119513375,1.2698062398779,83,"Sockeye"
1950,9.1740408710071,-0.658564840452546,77,"Sockeye"
1951,9.29375292999404,-0.538852781465606,77,"Sockeye"
1952,8.22542785746711,-1.60717785399254,77,"Sockeye"
1953,10.134310398783,0.301704687323361,77,"Sockeye"
1954,9.51820944888251,-0.314396262577136,77,"Sockeye"
1955,8.90032018082482,-0.932285530634822,77,"Sockeye"
1956,10.015364084925,0.182758373465325,77,"Sockeye"
1957,10.3670473098755,0.534441598415841,77,"Sockeye"
1958,9.61242074625832,-0.220184965201321,77,"Sockeye"
1959,9.20095010314669,-0.631655608312961,77,"Sockeye"
1960,9.39404618740082,-0.438559524058826,77,"Sockeye"
1961,9.06981417110988,-0.762791540349766,77,"Sockeye"
1962,9.10183515719005,-0.730770554269599,77,"Sockeye"
1963,9.34865067686354,-0.483955034596111,77,"Sockeye"
1964,9.00525099890573,-0.827354712553921,77,"Sockeye"
1965,8.48133616788046,-1.35126954357918,77,"Sockeye"
1966,9.15728915589196,-0.675316555567685,77,"Sockeye"
1967,10.2688608765602,0.436255165100564,77,"Sockeye"
1968,10.1420943055834,0.309488594123762,77,"Sockeye"
1969,9.59591363157545,-0.236692079884202,77,"Sockeye"
1970,8.95124847548348,-0.881357235976165,77,"Sockeye"
1971,7.69559718881335,-2.1370085226463,77,"Sockeye"
1972,7.96695183430399,-1.86565387715565,77,"Sockeye"
1973,8.88289766652244,-0.949708044937212,77,"Sockeye"
1974,10.0129165990012,0.180310887541553,77,"Sockeye"
1975,8.50418821402959,-1.32841749743006,77,"Sockeye"
1976,8.84014218619891,-0.992463525260734,77,"Sockeye"
1977,10.6086285369737,0.776022825514037,77,"Sockeye"
1978,9.07758466686521,-0.755021044594433,77,"Sockeye"
1979,10.2023642999785,0.369758588518883,77,"Sockeye"
1980,8.59514446769442,-1.23746124376523,77,"Sockeye"
1981,10.7051760469164,0.872570335456765,77,"Sockeye"
1982,8.15403620685849,-1.67856950460115,77,"Sockeye"
1983,10.9621064237186,1.12950071225894,77,"Sockeye"
1984,10.4879489285605,0.65534321710088,77,"Sockeye"
1985,8.65531277656555,-1.1772929348941,77,"Sockeye"
1986,8.71814392294202,-1.11446178851762,77,"Sockeye"
1987,10.1906653642654,0.358059652805795,77,"Sockeye"
1988,10.3038737859045,0.471268074444825,77,"Sockeye"
1989,10.0681387611798,0.235533049720139,77,"Sockeye"
1990,10.0532821587154,0.220676447255741,77,"Sockeye"
1991,10.0582658052444,0.225660093784797,77,"Sockeye"
1992,9.46789555890219,-0.364710152557453,77,"Sockeye"
1993,10.2626421962466,0.430036484786908,77,"Sockeye"
1994,9.79391439471926,-0.0386913167403814,77,"Sockeye"
1995,9.99423524311611,0.161629531656463,77,"Sockeye"
1996,9.73089911256518,-0.101706598894471,77,"Sockeye"
1997,11.500157058239,1.66755134677933,77,"Sockeye"
1998,10.2688257779394,0.436220066479746,77,"Sockeye"
1999,8.93643859454563,-0.896167116914015,77,"Sockeye"
2000,9.57826668024063,-0.254339031219015,77,"Sockeye"
2001,10.2333931497165,0.400787438256861,77,"Sockeye"
2002,10.910304580416,1.07769886895635,77,"Sockeye"
2003,10.7647803340639,0.932174622604293,77,"Sockeye"
2004,10.7325181024415,0.89991239098187,77,"Sockeye"
2005,11.5877480762345,1.7551423647749,77,"Sockeye"
2006,10.033137185233,0.200531473773332,77,"Sockeye"
2007,10.1617986048971,0.329192893437444,77,"Sockeye"
2008,9.35223267759596,-0.480373033863691,77,"Sockeye"
2009,9.85923091854368,0.0266252070840297,77,"Sockeye"
2010,9.29658727134977,-0.536018440109874,77,"Sockeye"
2011,9.30308556556702,-0.529520145892628,77,"Sockeye"
2012,8.59237741572516,-1.24022829573448,77,"Sockeye"
2013,10.0801429578236,0.247537246363971,77,"Sockeye"
2014,11.4533551846232,1.62074947316352,77,"Sockeye"
2015,11.0013551712036,1.16874945974397,77,"Sockeye"
2016,12.6105928421021,2.77798713064241,77,"Sockeye"
2017,11.1744240266936,1.34181831523397,77,"Sockeye"
2018,10.8676769818578,1.0350712703982,77,"Sockeye"
2019,12.433592234339,2.60098652287939,77,"Sockeye"
2020,11.3330505064556,1.50044479499591,77,"Sockeye"
2021,10.4998528191021,0.667247107642502,77,"Sockeye"
2022,10.264156137194,0.431550425734308,77,"Sockeye"
2023,9.53471807922636,-0.297887632233285,77,"Sockeye"
2024,9.5908597282001,-0.241745983259544,77,"Sockeye"
2025,11.1024119513375,1.2698062398779,77,"Sockeye"
1950,9.30797950426737,-0.761689667015859,76,"Sockeye"
1951,9.69110360741615,-0.378565563867081,76,"Sockeye"
1952,8.70124007264773,-1.3684290986355,76,"Sockeye"
1953,10.3241837322712,0.254514560987965,76,"Sockeye"
1954,9.90678657094637,-0.162882600336859,76,"Sockeye"
1955,9.16460103789965,-0.905068133383582,76,"Sockeye"
1956,10.2524387339751,0.182769562691859,76,"Sockeye"
1957,10.6894296805064,0.619760509223156,76,"Sockeye"
1958,9.92248590787251,-0.147183263410719,76,"Sockeye"
1959,9.62364781896273,-0.446021352320504,76,"Sockeye"
1960,9.65054936210315,-0.419119809180088,76,"Sockeye"
1961,9.49783248702685,-0.571836684256383,76,"Sockeye"
1962,9.47725168367227,-0.592417487610967,76,"Sockeye"
1963,9.71542941530546,-0.354239755977778,76,"Sockeye"
1964,9.28955692052841,-0.780112250754823,76,"Sockeye"
1965,8.77163034677505,-1.29803882450818,76,"Sockeye"
1966,9.34631170829137,-0.723357462991865,76,"Sockeye"
1967,10.3993404110273,0.329671239744037,76,"Sockeye"
1968,10.5109802782536,0.441311106970318,76,"Sockeye"
1969,9.72730640570322,-0.34236276558001,76,"Sockeye"
1970,9.19522483150164,-0.874444339781595,76,"Sockeye"
1971,7.97188478211562,-2.09778438916762,76,"Sockeye"
1972,8.28672990202904,-1.7829392692542,76,"Sockeye"
1973,9.07705329855283,-0.992615872730405,76,"Sockeye"
1974,10.2529018123945,0.183232641111226,76,"Sockeye"
1975,8.71186770002048,-1.35780147126276,76,"Sockeye"
1976,9.13581189513206,-0.933857276151172,76,"Sockeye"
1977,10.9224710365136,0.852801865230414,76,"Sockeye"
1978,9.28700755039851,-0.782661620884724,76,"Sockeye"
1979,10.4117953379949,0.342126166711663,76,"Sockeye"
1980,8.85460385680199,-1.21506531448125,76,"Sockeye"
1981,10.931180357933,0.861511186649808,76,"Sockeye"
1982,8.47620079914728,-1.59346837213595,76,"Sockeye"
1983,11.1122853954633,1.04261622418007,76,"Sockeye"
1984,10.8701904217402,0.800521250456978,76,"Sockeye"
1985,8.95748121539752,-1.11218795588572,76,"Sockeye"
1986,9.04458578427633,-1.02508338700691,76,"Sockeye"
1987,10.275975972414,0.206306801130781,76,"Sockeye"
1988,10.450077265501,0.380408094217787,76,"Sockeye"
1989,10.3094546894232,0.239785518140003,76,"Sockeye"
1990,10.3304397662481,0.260770594964836,76,"Sockeye"
1991,10.0855893194675,0.0159201481843077,76,"Sockeye"
1992,9.73633140325546,-0.333337768027775,76,"Sockeye"
1993,10.508914689223,0.439245517939741,76,"Sockeye"
1994,10.0745565990607,0.00488742777746746,76,"Sockeye"
1995,10.056391308705,-0.0132778625782194,76,"Sockeye"
1996,10.031492014726,-0.0381771565572306,76,"Sockeye"
1997,11.7844753066699,1.71480613538664,76,"Sockeye"
1998,10.4290563364824,0.359387165199136,76,"Sockeye"
1999,9.13768656055132,-0.931982610731912,76,"Sockeye"
2000,9.80831071734428,-0.26135845393895,76,"Sockeye"
2001,10.443287362655,0.373618191371764,76,"Sockeye"
2002,10.9408690134684,0.871199842185187,76,"Sockeye"
2003,10.9111723999182,0.841503228635005,76,"Sockeye"
2004,10.9805107116699,0.910841540386692,76,"Sockeye"
2005,11.8073819875717,1.73771281628849,76,"Sockeye"
2006,10.1592945059141,0.0896253346308193,76,"Sockeye"
2007,10.3232538402081,0.253584668924821,76,"Sockeye"
2008,9.6070403556029,-0.462628815680337,76,"Sockeye"
2009,10.0884533325831,0.0187841612998721,76,"Sockeye"
2010,9.55445678035418,-0.515212390929051,76,"Sockeye"
2011,9.55811157822609,-0.511557593057142,76,"Sockeye"
2012,8.87700007359187,-1.19266909769136,76,"Sockeye"
2013,10.3406683107217,0.270999139438479,76,"Sockeye"
2014,11.6568795939287,1.58721042264542,76,"Sockeye"
2015,11.154422044754,1.0847528734708,76,"Sockeye"
2016,12.6175542672475,2.54788509596429,76,"Sockeye"
2017,11.2899826367696,1.22031346548637,76,"Sockeye"
2018,11.0045840541522,0.934914882868937,76,"Sockeye"
2019,12.5654106736183,2.49574150233509,76,"Sockeye"
2020,11.4597177704175,1.3900485991343,76,"Sockeye"
2021,10.6097559432189,0.540086771935631,76,"Sockeye"
2022,10.6479286551476,0.578259483864319,76,"Sockeye"
2023,9.82780036330224,-0.241868807980997,76,"Sockeye"
2024,9.9706842203935,-0.0989849508897283,76,"Sockeye"
2025,11.3085809449355,1.23891177365225,76,"Sockeye"
1950,8.80844571334975,-0.569492284303309,84,"Sockeye"
1951,8.58693124992507,-0.791006747727988,84,"Sockeye"
1952,7.43495419408594,-1.94298380356712,84,"Sockeye"
1953,9.75286508458002,0.374927086926955,84,"Sockeye"
1954,8.79852104187012,-0.579416955782945,84,"Sockeye"
1955,8.37267438002995,-1.00526361762311,84,"Sockeye"
1956,9.50723226581301,0.129294268159951,84,"Sockeye"
1957,9.7927006653377,0.41476266768464,84,"Sockeye"
1958,9.13309010437557,-0.244847893277494,84,"Sockeye"
1959,8.49772546121052,-0.880212536442538,84,"Sockeye"
1960,8.98418454613004,-0.393753451523016,84,"Sockeye"
1961,8.36361054011754,-1.01432745753552,84,"Sockeye"
1962,8.47059121302196,-0.907346784631102,84,"Sockeye"
1963,8.71883949211666,-0.659098505536404,84,"Sockeye"
1964,8.46787761790412,-0.910060379748942,84,"Sockeye"
1965,8.02423196179526,-1.3537060358578,84,"Sockeye"
1966,8.79118146215166,-0.586756535501397,84,"Sockeye"
1967,9.98150103432791,0.603563036674854,84,"Sockeye"
1968,9.47378890003477,0.0958509023817095,84,"Sockeye"
1969,9.32938256434032,-0.0485554333127416,84,"Sockeye"
1970,8.50978628226689,-0.868151715386174,84,"Sockeye"
1971,7.15345820784569,-2.22447978980737,84,"Sockeye"
1972,7.45057481527328,-1.92736318237977,84,"Sockeye"
1973,8.46056493691036,-0.917373060742703,84,"Sockeye"
1974,9.53691049133028,0.158972493677219,84,"Sockeye"
1975,8.10725442426546,-1.2706835733876,84,"Sockeye"
1976,8.29244518280029,-1.08549281485277,84,"Sockeye"
1977,10.048704794475,0.670766796821955,84,"Sockeye"
1978,8.70020311219352,-0.677734885459541,84,"Sockeye"
1979,9.8207961661475,0.442858168494445,84,"Sockeye"
1980,8.1723985842296,-1.20553941342345,84,"Sockeye"
1981,10.2443286435945,0.866390645941409,84,"Sockeye"
1982,7.63411840370723,-1.74381959394583,84,"Sockeye"
1983,10.5856322731291,1.20769427547599,84,"Sockeye"
1984,9.8254714182445,0.447533420591438,84,"Sockeye"
1985,8.14126041105815,-1.23667758659491,84,"Sockeye"
1986,8.18773070403508,-1.19020729361798,84,"Sockeye"
1987,9.94037726095744,0.562439263304385,84,"Sockeye"
1988,9.89630821772984,0.518370220076776,84,"Sockeye"
1989,9.59657171794346,0.218633720290402,84,"Sockeye"
1990,9.51107511350087,0.133137115847812,84,"Sockeye"
1991,9.89099090439933,0.513052906746268,84,"Sockeye"
1992,9.0068632704871,-0.37107472716596,84,"Sockeye"
1993,9.8395852446556,0.461647247002545,84,"Sockeye"
1994,9.26138850620815,-0.116549491444909,84,"Sockeye"
1995,9.78731627123697,0.409378273583908,84,"Sockeye"
1996,9.21348926850728,-0.164448729145783,84,"Sockeye"
1997,10.9440206374441,1.56608263979103,84,"Sockeye"
1998,9.92090427024024,0.542966272587186,84,"Sockeye"
1999,8.57449960708618,-0.803438390566881,84,"Sockeye"
2000,9.19262797491891,-0.185310022734148,84,"Sockeye"
2001,9.78944861888885,0.411510621235789,84,"Sockeye"
2002,10.7277924077851,1.34985441013208,84,"Sockeye"
2003,10.4423779334341,1.06443993578102,84,"Sockeye"
2004,10.2907829114369,0.912844913783842,84,"Sockeye"
2005,11.1248225314277,1.7468845337746,84,"Sockeye"
2006,9.70792000634329,0.329982008690234,84,"Sockeye"
2007,9.77340014491762,0.395462147264564,84,"Sockeye"
2008,8.84271545069558,-0.535222546957477,84,"Sockeye"
2009,9.3261815224375,-0.0517564752155567,84,"Sockeye"
2010,8.7755502973284,-0.602387700324656,84,"Sockeye"
2011,8.7962247644152,-0.581713233237863,84,"Sockeye"
2012,8.07994421039309,-1.29799378725997,84,"Sockeye"
2013,9.57889759540558,0.200959597752519,84,"Sockeye"
2014,11.1077122177396,1.72977422008658,84,"Sockeye"
2015,10.6644307034356,1.28649270578257,84,"Sockeye"
2016,12.4527338062014,3.07479580854833,84,"Sockeye"
2017,10.8285999383245,1.45066194067146,84,"Sockeye"
2018,10.5356218474252,1.15768384977213,84,"Sockeye"
2019,12.1139997243881,2.73606172673506,84,"Sockeye"
2020,11.0439779162407,1.66603991858764,84,"Sockeye"
2021,10.2614872796195,0.883549281966426,84,"Sockeye"
2022,9.58686539105007,0.208927393397008,84,"Sockeye"
2023,9.0633185505867,-0.31461944706636,84,"Sockeye"
2024,8.91872707435063,-0.459210923302425,84,"Sockeye"
2025,10.6613351106644,1.28339711301131,84,"Sockeye"
1950,8.44958323666028,-0.546718121245649,87,"Sockeye"
1951,8.04623670237405,-0.950064655531874,87,"Sockeye"
1952,6.8671697058848,-2.12913165202113,87,"Sockeye"
1953,9.38483789137432,0.38853653346839,87,"Sockeye"
1954,8.249367415905,-0.74693394200093,87,"Sockeye"
1955,7.95400782142367,-1.04229353648226,87,"Sockeye"
1956,9.09203969580787,0.0957383379019431,87,"Sockeye"
1957,9.34219424213682,0.345892884230894,87,"Sockeye"
1958,8.79615189347948,-0.200149464426443,87,"Sockeye"
1959,7.98888559852327,-1.00741575938265,87,"Sockeye"
1960,8.70142024755478,-0.294881110351146,87,"Sockeye"
1961,7.852315813303,-1.14398554460293,87,"Sockeye"
1962,8.02198575224195,-0.974315605663977,87,"Sockeye"
1963,8.24024294529642,-0.756058412609501,87,"Sockeye"
1964,8.04047232866287,-0.955829029243052,87,"Sockeye"
1965,7.67166543858392,-1.32463591932201,87,"Sockeye"
1966,8.47897702455521,-0.51732433335072,87,"Sockeye"
1967,9.71318420342037,0.71688284551444,87,"Sockeye"
1968,8.93699608530317,-0.0593052726027564,87,"Sockeye"
1969,9.06592965126037,0.0696282933544483,87,"Sockeye"
1970,8.14554377964565,-0.85075757826028,87,"Sockeye"
1971,6.72478373987334,-2.27151761803258,87,"Sockeye"
1972,7.07004969460624,-1.92625166329969,87,"Sockeye"
1973,8.0751354268619,-0.921165931044025,87,"Sockeye"
1974,9.13480555159705,0.138504193691121,87,"Sockeye"
1975,7.78145870992116,-1.21484264798477,87,"Sockeye"
1976,7.86865278652736,-1.12764857137857,87,"Sockeye"
1977,9.6073716878891,0.611070329983176,87,"Sockeye"
1978,8.43563896417618,-0.560662393729745,87,"Sockeye"
1979,9.49038127490452,0.494079916998599,87,"Sockeye"
1980,7.86550259590149,-1.13079876200443,87,"Sockeye"
1981,9.85855423552649,0.862252877620568,87,"Sockeye"
1982,7.27986118623189,-1.71644017167404,87,"Sockeye"
1983,10.2005473545619,1.20424599665601,87,"Sockeye"
1984,9.28147439445768,0.285173036551755,87,"Sockeye"
1985,7.73928895166942,-1.25701240623651,87,"Sockeye"
1986,7.79501189504351,-1.20128946286242,87,"Sockeye"
1987,9.6301674927984,0.633866134892471,87,"Sockeye"
1988,9.4638523033687,0.467550945462777,87,"Sockeye"
1989,9.20204952784947,0.205748169943544,87,"Sockeye"
1990,9.06634788853782,0.0700465306318954,87,"Sockeye"
1991,9.65995606354305,0.663654705637122,87,"Sockeye"
1992,8.59533547503607,-0.400965882869853,87,"Sockeye"
1993,9.46854998384203,0.472248625936101,87,"Sockeye"
1994,8.82304790190288,-0.173253456003044,87,"Sockeye"
1995,9.53082661117826,0.534525253272339,87,"Sockeye"
1996,8.80342853069305,-0.192872827212873,87,"Sockeye"
1997,10.4671100122588,1.47080865435288,87,"Sockeye"
1998,9.55165603331158,0.555354675405653,87,"Sockeye"
1999,8.27807993548257,-0.718221422423358,87,"Sockeye"
2000,8.87943887710572,-0.116862480800208,87,"Sockeye"
2001,9.37900704145431,0.382705683548384,87,"Sockeye"
2002,10.4719330413001,1.47563168339416,87,"Sockeye"
2003,10.1496416330338,1.15334027512783,87,"Sockeye"
2004,9.9583432674408,0.962041909534872,87,"Sockeye"
2005,10.721179332052,1.72487797414604,87,"Sockeye"
2006,9.38263399260384,0.38633263469792,87,"Sockeye"
2007,9.40648072957992,0.410179371673998,87,"Sockeye"
2008,8.41257807186672,-0.583723286039208,87,"Sockeye"
2009,8.85748018537249,-0.138821172533437,87,"Sockeye"
2010,8.38874053103583,-0.607560826870093,87,"Sockeye"
2011,8.39478471449443,-0.601516643411491,87,"Sockeye"
2012,7.69350844621659,-1.30279291168934,87,"Sockeye"
2013,9.15649553707668,0.160194179170753,87,"Sockeye"
2014,10.8073520575251,1.81105069961916,87,"Sockeye"
2015,10.3267256276948,1.33042426978889,87,"Sockeye"
2016,12.203488613878,3.20718725597206,87,"Sockeye"
2017,10.4657978074891,1.46949644958319,87,"Sockeye"
2018,10.2440067699977,1.24770541209181,87,"Sockeye"
2019,11.7802715301514,2.78397017224544,87,"Sockeye"
2020,10.7743974838938,1.77809612598788,87,"Sockeye"
2021,10.0185934901237,1.02229213221782,87,"Sockeye"
2022,9.06898666279657,0.0726853048906424,87,"Sockeye"
2023,8.71010202169418,-0.286199336211742,87,"Sockeye"
2024,8.3729710664068,-0.623330291499126,87,"Sockeye"
2025,10.2603418060711,1.26404044816522,87,"Sockeye"
1950,10.9216994047165,-1.3917390021015,163,"Pink"
1951,11.5475080013275,-0.765930405490476,163,"Pink"
1952,11.6353509823481,-0.678087424469867,163,"Pink"
1953,12.1855603059133,-0.127878100904696,163,"Pink"
1954,11.6949821710587,-0.618456235759332,163,"Pink"
1955,11.3088534275691,-1.00458497924892,163,"Pink"
1956,12.2039944330851,-0.109443973732874,163,"Pink"
1957,12.7542444864909,0.440806079672892,163,"Pink"
1958,13.5493469238281,1.23590851701013,163,"Pink"
1959,12.4143889745076,0.100950567689656,163,"Pink"
1960,12.247164050738,-0.0662743560799658,163,"Pink"
1961,12.7705923318863,0.457153925068302,163,"Pink"
1962,12.1647284825643,-0.148709924253702,163,"Pink"
1963,12.8683816989263,0.554943292108294,163,"Pink"
1964,11.6598021586736,-0.653636248144385,163,"Pink"
1965,11.2920535405477,-1.0213848662703,163,"Pink"
1966,12.0731655359268,-0.240272870891178,163,"Pink"
1967,12.0624985694885,-0.250939837329455,163,"Pink"
1968,11.9149852991104,-0.398453107707573,163,"Pink"
1969,11.7831502358119,-0.530288171006122,163,"Pink"
1970,11.6897964080175,-0.623641998800511,163,"Pink"
1971,11.1228460470835,-1.19059235973446,163,"Pink"
1972,11.7714772224426,-0.541961184375357,163,"Pink"
1973,11.9240743716558,-0.389364035162217,163,"Pink"
1974,11.7557787100474,-0.557659696770599,163,"Pink"
1975,11.6031068960826,-0.710331510735422,163,"Pink"
1976,11.535138686498,-0.77829972031999,163,"Pink"
1977,12.0012171268463,-0.312221279971681,163,"Pink"
1978,12.6400055090586,0.326567102240639,163,"Pink"
1979,12.2091901699702,-0.104248236847794,163,"Pink"
1980,12.4531836509705,0.139745244152467,163,"Pink"
1981,12.1558976173401,-0.157540789477896,163,"Pink"
1982,11.7076369126638,-0.60580149415421,163,"Pink"
1983,13.1806500752767,0.867211668458698,163,"Pink"
1984,11.8460661967595,-0.467372210058452,163,"Pink"
1985,12.082311630249,-0.231126776568966,163,"Pink"
1986,12.230163693428,-0.0832747133899507,163,"Pink"
1987,12.4118976593018,0.0984592524837816,163,"Pink"
1988,12.2657570441564,-0.0476813626615948,163,"Pink"
1989,12.7490382989248,0.435599892106773,163,"Pink"
1990,12.6095175743103,0.29607916749231,163,"Pink"
1991,11.8832871516546,-0.430151255163436,163,"Pink"
1992,13.4799647331238,1.16652632630579,163,"Pink"
1993,13.1843131780624,0.870874771244452,163,"Pink"
1994,12.7267109553019,0.413272548483932,163,"Pink"
1995,13.2656398614248,0.952201454606786,163,"Pink"
1996,12.4049975077311,0.0915591009131358,163,"Pink"
1997,13.3769478003184,1.06350939350041,163,"Pink"
1998,13.2548669179281,0.941428511110069,163,"Pink"
1999,11.6219393412272,-0.691499065590772,163,"Pink"
2000,12.6896610657374,0.376222658919411,163,"Pink"
2001,11.8908534049988,-0.422585001819208,163,"Pink"
2002,11.8111705382665,-0.502267868551482,163,"Pink"
2003,12.9054472843806,0.592008877562607,163,"Pink"
2004,13.4064484039942,1.09300999717625,163,"Pink"
2005,13.2303555409114,0.916917134093373,163,"Pink"
2006,12.3554545640945,0.0420161572765541,163,"Pink"
2007,12.2926810979843,-0.0207573088336788,163,"Pink"
2008,10.9832590421041,-1.33017936471391,163,"Pink"
2009,11.6028572718302,-0.710581134987753,163,"Pink"
2010,12.2522352139155,-0.0612031929024726,163,"Pink"
2011,12.1831931273142,-0.130245279503741,163,"Pink"
2012,12.2336014906565,-0.0798369161614496,163,"Pink"
2013,12.5151118834813,0.201673476663356,163,"Pink"
2014,12.8390357891719,0.525597382353871,163,"Pink"
2015,13.5416258573532,1.22818745053523,163,"Pink"
2016,13.6416697104772,1.3282313036592,163,"Pink"
2017,12.8445776700973,0.531139263279361,163,"Pink"
2018,13.1297036806742,0.816265273856249,163,"Pink"
2019,12.9597354332606,0.646297026442603,163,"Pink"
2020,12.7598340113958,0.446395604577789,163,"Pink"
2021,12.4142337242762,0.100795317458237,163,"Pink"
2022,12.2023879289627,-0.111050477855283,163,"Pink"
2023,12.4026866753896,0.0892482685716158,163,"Pink"
2024,12.7020350694656,0.38859666264764,163,"Pink"
2025,12.466121395429,0.152682988610994,163,"Pink"
1950,10.7600507736206,-1.40112481133578,164,"Pink"
1951,11.3735075294971,-0.787668055459247,164,"Pink"
1952,11.4560803771019,-0.705095207854497,164,"Pink"
1953,12.006587177515,-0.154588407441356,164,"Pink"
1954,11.5078879892826,-0.65328759567378,164,"Pink"
1955,11.1206699758768,-1.04050560907958,164,"Pink"
1956,12.0554136633873,-0.105761921569099,164,"Pink"
1957,12.5954511463642,0.434275561407818,164,"Pink"
1958,13.4060085117817,1.24483292682529,164,"Pink"
1959,12.2379509806633,0.0767753957069086,164,"Pink"
1960,12.0588191151619,-0.102356469794486,164,"Pink"
1961,12.5749742984772,0.413798713520781,164,"Pink"
1962,12.0088534355164,-0.15232214944004,164,"Pink"
1963,12.7355574071407,0.574381822184338,164,"Pink"
1964,11.5033093690872,-0.657866215869169,164,"Pink"
1965,11.1488363146782,-1.0123392702782,164,"Pink"
1966,11.9232601523399,-0.237915432616464,164,"Pink"
1967,11.9249574840069,-0.236218100949501,164,"Pink"
1968,11.7619813382626,-0.399194246693832,164,"Pink"
1969,11.6210632622242,-0.540112322732196,164,"Pink"
1970,11.5449758172035,-0.616199767752871,164,"Pink"
1971,10.9590446949005,-1.20213089005588,164,"Pink"
1972,11.6143099069595,-0.54686567799685,164,"Pink"
1973,11.7828481793404,-0.378327405616033,164,"Pink"
1974,11.5989210009575,-0.56225458399891,164,"Pink"
1975,11.440723657608,-0.720451927348357,164,"Pink"
1976,11.3544702529907,-0.806705331965676,164,"Pink"
1977,11.8323562145233,-0.328819370433083,164,"Pink"
1978,12.490875929594,0.329700344637643,164,"Pink"
1979,12.0707369148731,-0.0904386700832685,164,"Pink"
1980,12.268968462944,0.107792877987639,164,"Pink"
1981,12.019134670496,-0.142040914460396,164,"Pink"
1982,11.5431434810162,-0.618032103940229,164,"Pink"
1983,13.0263343155384,0.865158730582009,164,"Pink"
1984,11.667573839426,-0.493601745530353,164,"Pink"
1985,11.9165716469288,-0.244603938027603,164,"Pink"
1986,12.0660051107407,-0.0951704742157288,164,"Pink"
1987,12.2526344060898,0.0914588211333978,164,"Pink"
1988,12.0980773568153,-0.0630982281410498,164,"Pink"
1989,12.5900924801826,0.428916895226251,164,"Pink"
1990,12.4953028857708,0.334127300814406,164,"Pink"
1991,11.8049477934837,-0.356227791472663,164,"Pink"
1992,13.3135947287083,1.15241914375188,164,"Pink"
1993,13.0225847959518,0.861409210995456,164,"Pink"
1994,12.6190385818481,0.457862996891749,164,"Pink"
1995,13.1110734045506,0.949897819594169,164,"Pink"
1996,12.2267499864101,0.0655744014537559,164,"Pink"
1997,13.1965239346027,1.03534834964635,164,"Pink"
1998,13.1233178973198,0.962142312363403,164,"Pink"
1999,11.4471695423126,-0.714006042643769,164,"Pink"
2000,12.5151653587818,0.35398977382542,164,"Pink"
2001,11.731230288744,-0.429945296212416,164,"Pink"
2002,11.7017004191876,-0.459475165768839,164,"Pink"
2003,12.7876756191254,0.626500034168977,164,"Pink"
2004,13.2963645458221,1.13518896086575,164,"Pink"
2005,13.1043434143066,0.943167829350253,164,"Pink"
2006,12.2210455238819,0.0598699389255212,164,"Pink"
2007,12.102813065052,-0.0583625199043618,164,"Pink"
2008,10.8361941128969,-1.32498147205947,164,"Pink"
2009,11.4538539350033,-0.707321649953117,164,"Pink"
2010,12.0913799405098,-0.0697956444465878,164,"Pink"
2011,12.0284018516541,-0.132773733302341,164,"Pink"
2012,12.0366941690445,-0.124481415911897,164,"Pink"
2013,12.4071273207665,0.24595173581006,164,"Pink"
2014,12.6821024119854,0.520926827029012,164,"Pink"
2015,13.4696472585201,1.30847167356374,164,"Pink"
2016,13.5276555716991,1.36647998674275,164,"Pink"
2017,12.6825949251652,0.521419340208784,164,"Pink"
2018,12.9859167635441,0.824741178587695,164,"Pink"
2019,12.8573004603386,0.696124875382194,164,"Pink"
2020,12.625431984663,0.464256399706621,164,"Pink"
2021,12.3018760681152,0.140700483158846,164,"Pink"
2022,12.0399805009365,-0.121195084019885,164,"Pink"
2023,12.284916728735,0.123741143778579,164,"Pink"
2024,12.5779675841331,0.416791999176753,164,"Pink"
2025,12.3606377542019,0.199462169245505,164,"Pink"
1950,10.9216994047165,-1.3917390021015,156,"Pink"
1951,11.5475080013275,-0.765930405490476,156,"Pink"
1952,11.6353509823481,-0.678087424469867,156,"Pink"
1953,12.1855603059133,-0.127878100904696,156,"Pink"
1954,11.6949821710587,-0.618456235759332,156,"Pink"
1955,11.3088534275691,-1.00458497924892,156,"Pink"
1956,12.2039944330851,-0.109443973732874,156,"Pink"
1957,12.7542444864909,0.440806079672892,156,"Pink"
1958,13.5493469238281,1.23590851701013,156,"Pink"
1959,12.4143889745076,0.100950567689656,156,"Pink"
1960,12.247164050738,-0.0662743560799658,156,"Pink"
1961,12.7705923318863,0.457153925068302,156,"Pink"
1962,12.1647284825643,-0.148709924253702,156,"Pink"
1963,12.8683816989263,0.554943292108294,156,"Pink"
1964,11.6598021586736,-0.653636248144385,156,"Pink"
1965,11.2920535405477,-1.0213848662703,156,"Pink"
1966,12.0731655359268,-0.240272870891178,156,"Pink"
1967,12.0624985694885,-0.250939837329455,156,"Pink"
1968,11.9149852991104,-0.398453107707573,156,"Pink"
1969,11.7831502358119,-0.530288171006122,156,"Pink"
1970,11.6897964080175,-0.623641998800511,156,"Pink"
1971,11.1228460470835,-1.19059235973446,156,"Pink"
1972,11.7714772224426,-0.541961184375357,156,"Pink"
1973,11.9240743716558,-0.389364035162217,156,"Pink"
1974,11.7557787100474,-0.557659696770599,156,"Pink"
1975,11.6031068960826,-0.710331510735422,156,"Pink"
1976,11.535138686498,-0.77829972031999,156,"Pink"
1977,12.0012171268463,-0.312221279971681,156,"Pink"
1978,12.6400055090586,0.326567102240639,156,"Pink"
1979,12.2091901699702,-0.104248236847794,156,"Pink"
1980,12.4531836509705,0.139745244152467,156,"Pink"
1981,12.1558976173401,-0.157540789477896,156,"Pink"
1982,11.7076369126638,-0.60580149415421,156,"Pink"
1983,13.1806500752767,0.867211668458698,156,"Pink"
1984,11.8460661967595,-0.467372210058452,156,"Pink"
1985,12.082311630249,-0.231126776568966,156,"Pink"
1986,12.230163693428,-0.0832747133899507,156,"Pink"
1987,12.4118976593018,0.0984592524837816,156,"Pink"
1988,12.2657570441564,-0.0476813626615948,156,"Pink"
1989,12.7490382989248,0.435599892106773,156,"Pink"
1990,12.6095175743103,0.29607916749231,156,"Pink"
1991,11.8832871516546,-0.430151255163436,156,"Pink"
1992,13.4799647331238,1.16652632630579,156,"Pink"
1993,13.1843131780624,0.870874771244452,156,"Pink"
1994,12.7267109553019,0.413272548483932,156,"Pink"
1995,13.2656398614248,0.952201454606786,156,"Pink"
1996,12.4049975077311,0.0915591009131358,156,"Pink"
1997,13.3769478003184,1.06350939350041,156,"Pink"
1998,13.2548669179281,0.941428511110069,156,"Pink"
1999,11.6219393412272,-0.691499065590772,156,"Pink"
2000,12.6896610657374,0.376222658919411,156,"Pink"
2001,11.8908534049988,-0.422585001819208,156,"Pink"
2002,11.8111705382665,-0.502267868551482,156,"Pink"
2003,12.9054472843806,0.592008877562607,156,"Pink"
2004,13.4064484039942,1.09300999717625,156,"Pink"
2005,13.2303555409114,0.916917134093373,156,"Pink"
2006,12.3554545640945,0.0420161572765541,156,"Pink"
2007,12.2926810979843,-0.0207573088336788,156,"Pink"
2008,10.9832590421041,-1.33017936471391,156,"Pink"
2009,11.6028572718302,-0.710581134987753,156,"Pink"
2010,12.2522352139155,-0.0612031929024726,156,"Pink"
2011,12.1831931273142,-0.130245279503741,156,"Pink"
2012,12.2336014906565,-0.0798369161614496,156,"Pink"
2013,12.5151118834813,0.201673476663356,156,"Pink"
2014,12.8390357891719,0.525597382353871,156,"Pink"
2015,13.5416258573532,1.22818745053523,156,"Pink"
2016,13.6416697104772,1.3282313036592,156,"Pink"
2017,12.8445776700973,0.531139263279361,156,"Pink"
2018,13.1297036806742,0.816265273856249,156,"Pink"
2019,12.9597354332606,0.646297026442603,156,"Pink"
2020,12.7598340113958,0.446395604577789,156,"Pink"
2021,12.4142337242762,0.100795317458237,156,"Pink"
2022,12.2023879289627,-0.111050477855283,156,"Pink"
2023,12.4026866753896,0.0892482685716158,156,"Pink"
2024,12.7020350694656,0.38859666264764,156,"Pink"
2025,12.466121395429,0.152682988610994,156,"Pink"
1950,10.6965904576438,-1.4215269294037,157,"Pink"
1951,11.2880508218493,-0.830066565198213,157,"Pink"
1952,11.397140945707,-0.720976441340442,157,"Pink"
1953,11.9533204351153,-0.16479695193221,157,"Pink"
1954,11.418135029929,-0.699982357118455,157,"Pink"
1955,11.0588725805283,-1.05924480651922,157,"Pink"
1956,12.0187556743622,-0.0993617126853095,157,"Pink"
1957,12.5215945925031,0.403477205455654,157,"Pink"
1958,13.3551302296775,1.23701284262998,157,"Pink"
1959,12.1414239065988,0.023306519551289,157,"Pink"
1960,11.9889928272792,-0.129124559768248,157,"Pink"
1961,12.4804161957332,0.362298808685718,157,"Pink"
1962,11.955741746085,-0.162375640962464,157,"Pink"
1963,12.7064374514988,0.588320064451362,157,"Pink"
1964,11.4511053221566,-0.667012064890846,157,"Pink"
1965,11.0959493432726,-1.02216804377487,157,"Pink"
1966,11.8796458584922,-0.238471528555322,157,"Pink"
1967,11.8906851155417,-0.227432271505747,157,"Pink"
1968,11.7018674441746,-0.416249942872854,157,"Pink"
1969,11.5582394599915,-0.559877927056033,157,"Pink"
1970,11.4922501359667,-0.62586725108078,157,"Pink"
1971,10.9063493864877,-1.2117680005598,157,"Pink"
1972,11.5526133605412,-0.56550402650627,157,"Pink"
1973,11.7519425324031,-0.366174854644358,157,"Pink"
1974,11.5574064935957,-0.560710893451827,157,"Pink"
1975,11.4090891224997,-0.709028264547746,157,"Pink"
1976,11.3088447366442,-0.809272650403294,157,"Pink"
1977,11.7913628646306,-0.32675452241693,157,"Pink"
1978,12.4562704903739,0.338153103326392,157,"Pink"
1979,12.0293048109327,-0.0888125761147849,157,"Pink"
1980,12.2047363689968,0.0866189819492704,157,"Pink"
1981,11.9688183920724,-0.149298994975074,157,"Pink"
1982,11.4832988807133,-0.634818506334158,157,"Pink"
1983,12.9936484949929,0.875531107945447,157,"Pink"
1984,11.5957348006112,-0.522382586436264,157,"Pink"
1985,11.8726166657039,-0.245500721343575,157,"Pink"
1986,12.0046112196786,-0.113506167368875,157,"Pink"
1987,12.2091767447335,0.0910593576860552,157,"Pink"
1988,12.0460322925023,-0.0720850945452171,157,"Pink"
1989,12.5609565462385,0.442839159191002,157,"Pink"
1990,12.4806068965367,0.362489509489207,157,"Pink"
1991,11.8244182382311,-0.293699148816378,157,"Pink"
1992,13.253890650613,1.13577326356549,157,"Pink"
1993,12.9943550314222,0.876237644374721,157,"Pink"
1994,12.6135498455593,0.495432458511768,157,"Pink"
1995,13.083334514073,0.965217127025483,157,"Pink"
1996,12.1608693940299,0.0427520069824108,157,"Pink"
1997,13.1263436249324,1.00822623788494,157,"Pink"
1998,13.1130666051592,0.994949218111728,157,"Pink"
1999,11.4169475691659,-0.701169817881576,157,"Pink"
2000,12.4737072672163,0.355589880168788,157,"Pink"
2001,11.7028760228838,-0.415241364163657,157,"Pink"
2002,11.695175579616,-0.422941807431477,157,"Pink"
2003,12.7789231027876,0.660805715740082,157,"Pink"
2004,13.2947526318686,1.17663524482115,157,"Pink"
2005,13.0934829371316,0.975365550084129,157,"Pink"
2006,12.1863466671535,0.0682292801060069,157,"Pink"
2007,12.0348975658417,-0.083219821205813,157,"Pink"
2008,10.7951271363667,-1.32299025068078,157,"Pink"
2009,11.4085219928196,-0.709595394227846,157,"Pink"
2010,12.067200422287,-0.0509169647604926,157,"Pink"
2011,12.0136893136161,-0.104428073431421,157,"Pink"
2012,11.9866244792938,-0.131492907753664,157,"Pink"
2013,12.3990178448813,0.280900457833847,157,"Pink"
2014,12.6004411833627,0.48232379631521,157,"Pink"
2015,13.4600661141532,1.3419487271057,157,"Pink"
2016,13.516598701477,1.39848131442956,157,"Pink"
2017,12.6479941776821,0.529876790634575,157,"Pink"
2018,12.9600353240967,0.841917937049198,157,"Pink"
2019,12.8464434487479,0.728326061700415,157,"Pink"
2020,12.5824665682656,0.464349181218156,157,"Pink"
2021,12.2744194780077,0.156302090960242,157,"Pink"
2022,11.9832191467285,-0.134898240318971,157,"Pink"
2023,12.2669481209346,0.14883073388714,157,"Pink"
2024,12.5569685867854,0.438851199737964,157,"Pink"
2025,12.3315401758467,0.213422788799167,157,"Pink"
1950,10.7579686641693,-1.44480831601304,158,"Pink"
1951,11.3593883514404,-0.843388628741928,158,"Pink"
1952,11.5006865262985,-0.702090453883833,158,"Pink"
1953,12.0533221562704,-0.149454823912,158,"Pink"
1954,11.5016142129898,-0.70116276719254,158,"Pink"
1955,11.1720990737279,-1.03067790645442,158,"Pink"
1956,12.103286465009,-0.0994905151733026,158,"Pink"
1957,12.5890020529429,0.38622507276056,158,"Pink"
1958,13.4415339231491,1.23875694296675,158,"Pink"
1959,12.217031399409,0.0142544192266244,158,"Pink"
1960,12.1069246133169,-0.0958523668654866,158,"Pink"
1961,12.5813480218251,0.378571041642799,158,"Pink"
1962,12.0468501647313,-0.155926815451014,158,"Pink"
1963,12.7973593473434,0.594582367161092,158,"Pink"
1964,11.5310045083364,-0.67177247184596,158,"Pink"
1965,11.1456521749496,-1.05712480523271,158,"Pink"
1966,11.9558103481928,-0.246966631989507,158,"Pink"
1967,11.9623808860779,-0.240396094104463,158,"Pink"
1968,11.7783599297206,-0.42441705046179,158,"Pink"
1969,11.638171672821,-0.564605307361307,158,"Pink"
1970,11.5663098891576,-0.636467091024739,158,"Pink"
1971,10.9884994824727,-1.21427749770962,158,"Pink"
1972,11.6215970118841,-0.581179968298293,158,"Pink"
1973,11.8307273387909,-0.372049641391463,158,"Pink"
1974,11.6481247742971,-0.554652205885286,158,"Pink"
1975,11.5081800619761,-0.694596918206234,158,"Pink"
1976,11.4163659016291,-0.78641107855323,158,"Pink"
1977,11.9004380702972,-0.302338909885117,158,"Pink"
1978,12.539906779925,0.33712979974267,158,"Pink"
1979,12.0985187292099,-0.104258250972454,158,"Pink"
1980,12.3092483679454,0.106471387762999,158,"Pink"
1981,12.0381656885147,-0.164611291667638,158,"Pink"
1982,11.5666562716166,-0.636120708565734,158,"Pink"
1983,13.0934450229009,0.890668042718544,158,"Pink"
1984,11.6946057478587,-0.50817123232367,158,"Pink"
1985,11.9718673229218,-0.230909657260599,158,"Pink"
1986,12.0917661587397,-0.111010821442623,158,"Pink"
1987,12.2978515625,0.0950745823176549,158,"Pink"
1988,12.137734413147,-0.0650425670353777,158,"Pink"
1989,12.6631323496501,0.460355369467711,158,"Pink"
1990,12.5468460321426,0.344069051960288,158,"Pink"
1991,11.874424735705,-0.328352244477303,158,"Pink"
1992,13.3306065400442,1.1278295598618,158,"Pink"
1993,13.1073172489802,0.904540268797852,158,"Pink"
1994,12.6877340873082,0.484957107125894,158,"Pink"
1995,13.1870526075363,0.984275627353973,158,"Pink"
1996,12.254433631897,0.0516566517146283,158,"Pink"
1997,13.2148352861404,1.0120583059581,158,"Pink"
1998,13.2002125581106,0.997435577928198,158,"Pink"
1999,11.5312667687734,-0.671510211408952,158,"Pink"
2000,12.5825641552607,0.37978717507837,158,"Pink"
2001,11.7997841040293,-0.402992876153009,158,"Pink"
2002,11.7507197062175,-0.452057273964897,158,"Pink"
2003,12.8610566059748,0.658279625792486,158,"Pink"
2004,13.3639675378799,1.16119055769759,158,"Pink"
2005,13.1862010161082,0.983424035925852,158,"Pink"
2006,12.2671165466309,0.0643395664485057,158,"Pink"
2007,12.1290962696075,-0.0736807105748079,158,"Pink"
2008,10.8781929413478,-1.3245840388346,158,"Pink"
2009,11.4854460557302,-0.717330924452178,158,"Pink"
2010,12.1781110366186,-0.0246659435637938,158,"Pink"
2011,12.1283733447393,-0.0744036354430833,158,"Pink"
2012,12.1125862598419,-0.0901907203404312,158,"Pink"
2013,12.461522102356,0.25874512217361,158,"Pink"
2014,12.6539690494537,0.451192069271393,158,"Pink"
2015,13.4833151102066,1.28053813002426,158,"Pink"
2016,13.5869159301122,1.38413894992985,158,"Pink"
2017,12.753143787384,0.550366807201683,158,"Pink"
2018,13.0466420650482,0.84386508486587,158,"Pink"
2019,12.9058035214742,0.703026541291842,158,"Pink"
2020,12.6422004699707,0.439423489788353,158,"Pink"
2021,12.3187719583511,0.115994978168786,158,"Pink"
2022,12.0695550441742,-0.133221936008157,158,"Pink"
2023,12.3310865561167,0.12830957593439,158,"Pink"
2024,12.6334768533707,0.430699873188311,158,"Pink"
2025,12.3759752909343,0.173198310751899,158,"Pink"
1950,10.6965904576438,-1.4215269294037,159,"Pink"
1951,11.2880508218493,-0.830066565198213,159,"Pink"
1952,11.397140945707,-0.720976441340442,159,"Pink"
1953,11.9533204351153,-0.16479695193221,159,"Pink"
1954,11.418135029929,-0.699982357118455,159,"Pink"
1955,11.0588725805283,-1.05924480651922,159,"Pink"
1956,12.0187556743622,-0.0993617126853095,159,"Pink"
1957,12.5215945925031,0.403477205455654,159,"Pink"
1958,13.3551302296775,1.23701284262998,159,"Pink"
1959,12.1414239065988,0.023306519551289,159,"Pink"
1960,11.9889928272792,-0.129124559768248,159,"Pink"
1961,12.4804161957332,0.362298808685718,159,"Pink"
1962,11.955741746085,-0.162375640962464,159,"Pink"
1963,12.7064374514988,0.588320064451362,159,"Pink"
1964,11.4511053221566,-0.667012064890846,159,"Pink"
1965,11.0959493432726,-1.02216804377487,159,"Pink"
1966,11.8796458584922,-0.238471528555322,159,"Pink"
1967,11.8906851155417,-0.227432271505747,159,"Pink"
1968,11.7018674441746,-0.416249942872854,159,"Pink"
1969,11.5582394599915,-0.559877927056033,159,"Pink"
1970,11.4922501359667,-0.62586725108078,159,"Pink"
1971,10.9063493864877,-1.2117680005598,159,"Pink"
1972,11.5526133605412,-0.56550402650627,159,"Pink"
1973,11.7519425324031,-0.366174854644358,159,"Pink"
1974,11.5574064935957,-0.560710893451827,159,"Pink"
1975,11.4090891224997,-0.709028264547746,159,"Pink"
1976,11.3088447366442,-0.809272650403294,159,"Pink"
1977,11.7913628646306,-0.32675452241693,159,"Pink"
1978,12.4562704903739,0.338153103326392,159,"Pink"
1979,12.0293048109327,-0.0888125761147849,159,"Pink"
1980,12.2047363689968,0.0866189819492704,159,"Pink"
1981,11.9688183920724,-0.149298994975074,159,"Pink"
1982,11.4832988807133,-0.634818506334158,159,"Pink"
1983,12.9936484949929,0.875531107945447,159,"Pink"
1984,11.5957348006112,-0.522382586436264,159,"Pink"
1985,11.8726166657039,-0.245500721343575,159,"Pink"
1986,12.0046112196786,-0.113506167368875,159,"Pink"
1987,12.2091767447335,0.0910593576860552,159,"Pink"
1988,12.0460322925023,-0.0720850945452171,159,"Pink"
1989,12.5609565462385,0.442839159191002,159,"Pink"
1990,12.4806068965367,0.362489509489207,159,"Pink"
1991,11.8244182382311,-0.293699148816378,159,"Pink"
1992,13.253890650613,1.13577326356549,159,"Pink"
1993,12.9943550314222,0.876237644374721,159,"Pink"
1994,12.6135498455593,0.495432458511768,159,"Pink"
1995,13.083334514073,0.965217127025483,159,"Pink"
1996,12.1608693940299,0.0427520069824108,159,"Pink"
1997,13.1263436249324,1.00822623788494,159,"Pink"
1998,13.1130666051592,0.994949218111728,159,"Pink"
1999,11.4169475691659,-0.701169817881576,159,"Pink"
2000,12.4737072672163,0.355589880168788,159,"Pink"
2001,11.7028760228838,-0.415241364163657,159,"Pink"
2002,11.695175579616,-0.422941807431477,159,"Pink"
2003,12.7789231027876,0.660805715740082,159,"Pink"
2004,13.2947526318686,1.17663524482115,159,"Pink"
2005,13.0934829371316,0.975365550084129,159,"Pink"
2006,12.1863466671535,0.0682292801060069,159,"Pink"
2007,12.0348975658417,-0.083219821205813,159,"Pink"
2008,10.7951271363667,-1.32299025068078,159,"Pink"
2009,11.4085219928196,-0.709595394227846,159,"Pink"
2010,12.067200422287,-0.0509169647604926,159,"Pink"
2011,12.0136893136161,-0.104428073431421,159,"Pink"
2012,11.9866244792938,-0.131492907753664,159,"Pink"
2013,12.3990178448813,0.280900457833847,159,"Pink"
2014,12.6004411833627,0.48232379631521,159,"Pink"
2015,13.4600661141532,1.3419487271057,159,"Pink"
2016,13.516598701477,1.39848131442956,159,"Pink"
2017,12.6479941776821,0.529876790634575,159,"Pink"
2018,12.9600353240967,0.841917937049198,159,"Pink"
2019,12.8464434487479,0.728326061700415,159,"Pink"
2020,12.5824665682656,0.464349181218156,159,"Pink"
2021,12.2744194780077,0.156302090960242,159,"Pink"
2022,11.9832191467285,-0.134898240318971,159,"Pink"
2023,12.2669481209346,0.14883073388714,159,"Pink"
2024,12.5569685867854,0.438851199737964,159,"Pink"
2025,12.3315401758467,0.213422788799167,159,"Pink"
1950,10.7579686641693,-1.44480831601304,160,"Pink"
1951,11.3593883514404,-0.843388628741928,160,"Pink"
1952,11.5006865262985,-0.702090453883833,160,"Pink"
1953,12.0533221562704,-0.149454823912,160,"Pink"
1954,11.5016142129898,-0.70116276719254,160,"Pink"
1955,11.1720990737279,-1.03067790645442,160,"Pink"
1956,12.103286465009,-0.0994905151733026,160,"Pink"
1957,12.5890020529429,0.38622507276056,160,"Pink"
1958,13.4415339231491,1.23875694296675,160,"Pink"
1959,12.217031399409,0.0142544192266244,160,"Pink"
1960,12.1069246133169,-0.0958523668654866,160,"Pink"
1961,12.5813480218251,0.378571041642799,160,"Pink"
1962,12.0468501647313,-0.155926815451014,160,"Pink"
1963,12.7973593473434,0.594582367161092,160,"Pink"
1964,11.5310045083364,-0.67177247184596,160,"Pink"
1965,11.1456521749496,-1.05712480523271,160,"Pink"
1966,11.9558103481928,-0.246966631989507,160,"Pink"
1967,11.9623808860779,-0.240396094104463,160,"Pink"
1968,11.7783599297206,-0.42441705046179,160,"Pink"
1969,11.638171672821,-0.564605307361307,160,"Pink"
1970,11.5663098891576,-0.636467091024739,160,"Pink"
1971,10.9884994824727,-1.21427749770962,160,"Pink"
1972,11.6215970118841,-0.581179968298293,160,"Pink"
1973,11.8307273387909,-0.372049641391463,160,"Pink"
1974,11.6481247742971,-0.554652205885286,160,"Pink"
1975,11.5081800619761,-0.694596918206234,160,"Pink"
1976,11.4163659016291,-0.78641107855323,160,"Pink"
1977,11.9004380702972,-0.302338909885117,160,"Pink"
1978,12.539906779925,0.33712979974267,160,"Pink"
1979,12.0985187292099,-0.104258250972454,160,"Pink"
1980,12.3092483679454,0.106471387762999,160,"Pink"
1981,12.0381656885147,-0.164611291667638,160,"Pink"
1982,11.5666562716166,-0.636120708565734,160,"Pink"
1983,13.0934450229009,0.890668042718544,160,"Pink"
1984,11.6946057478587,-0.50817123232367,160,"Pink"
1985,11.9718673229218,-0.230909657260599,160,"Pink"
1986,12.0917661587397,-0.111010821442623,160,"Pink"
1987,12.2978515625,0.0950745823176549,160,"Pink"
1988,12.137734413147,-0.0650425670353777,160,"Pink"
1989,12.6631323496501,0.460355369467711,160,"Pink"
1990,12.5468460321426,0.344069051960288,160,"Pink"
1991,11.874424735705,-0.328352244477303,160,"Pink"
1992,13.3306065400442,1.1278295598618,160,"Pink"
1993,13.1073172489802,0.904540268797852,160,"Pink"
1994,12.6877340873082,0.484957107125894,160,"Pink"
1995,13.1870526075363,0.984275627353973,160,"Pink"
1996,12.254433631897,0.0516566517146283,160,"Pink"
1997,13.2148352861404,1.0120583059581,160,"Pink"
1998,13.2002125581106,0.997435577928198,160,"Pink"
1999,11.5312667687734,-0.671510211408952,160,"Pink"
2000,12.5825641552607,0.37978717507837,160,"Pink"
2001,11.7997841040293,-0.402992876153009,160,"Pink"
2002,11.7507197062175,-0.452057273964897,160,"Pink"
2003,12.8610566059748,0.658279625792486,160,"Pink"
2004,13.3639675378799,1.16119055769759,160,"Pink"
2005,13.1862010161082,0.983424035925852,160,"Pink"
2006,12.2671165466309,0.0643395664485057,160,"Pink"
2007,12.1290962696075,-0.0736807105748079,160,"Pink"
2008,10.8781929413478,-1.3245840388346,160,"Pink"
2009,11.4854460557302,-0.717330924452178,160,"Pink"
2010,12.1781110366186,-0.0246659435637938,160,"Pink"
2011,12.1283733447393,-0.0744036354430833,160,"Pink"
2012,12.1125862598419,-0.0901907203404312,160,"Pink"
2013,12.461522102356,0.25874512217361,160,"Pink"
2014,12.6539690494537,0.451192069271393,160,"Pink"
2015,13.4833151102066,1.28053813002426,160,"Pink"
2016,13.5869159301122,1.38413894992985,160,"Pink"
2017,12.753143787384,0.550366807201683,160,"Pink"
2018,13.0466420650482,0.84386508486587,160,"Pink"
2019,12.9058035214742,0.703026541291842,160,"Pink"
2020,12.6422004699707,0.439423489788353,160,"Pink"
2021,12.3187719583511,0.115994978168786,160,"Pink"
2022,12.0695550441742,-0.133221936008157,160,"Pink"
2023,12.3310865561167,0.12830957593439,160,"Pink"
2024,12.6334768533707,0.430699873188311,160,"Pink"
2025,12.3759752909343,0.173198310751899,160,"Pink"
1950,10.7579686641693,-1.44480831601304,161,"Pink"
1951,11.3593883514404,-0.843388628741928,161,"Pink"
1952,11.5006865262985,-0.702090453883833,161,"Pink"
1953,12.0533221562704,-0.149454823912,161,"Pink"
1954,11.5016142129898,-0.70116276719254,161,"Pink"
1955,11.1720990737279,-1.03067790645442,161,"Pink"
1956,12.103286465009,-0.0994905151733026,161,"Pink"
1957,12.5890020529429,0.38622507276056,161,"Pink"
1958,13.4415339231491,1.23875694296675,161,"Pink"
1959,12.217031399409,0.0142544192266244,161,"Pink"
1960,12.1069246133169,-0.0958523668654866,161,"Pink"
1961,12.5813480218251,0.378571041642799,161,"Pink"
1962,12.0468501647313,-0.155926815451014,161,"Pink"
1963,12.7973593473434,0.594582367161092,161,"Pink"
1964,11.5310045083364,-0.67177247184596,161,"Pink"
1965,11.1456521749496,-1.05712480523271,161,"Pink"
1966,11.9558103481928,-0.246966631989507,161,"Pink"
1967,11.9623808860779,-0.240396094104463,161,"Pink"
1968,11.7783599297206,-0.42441705046179,161,"Pink"
1969,11.638171672821,-0.564605307361307,161,"Pink"
1970,11.5663098891576,-0.636467091024739,161,"Pink"
1971,10.9884994824727,-1.21427749770962,161,"Pink"
1972,11.6215970118841,-0.581179968298293,161,"Pink"
1973,11.8307273387909,-0.372049641391463,161,"Pink"
1974,11.6481247742971,-0.554652205885286,161,"Pink"
1975,11.5081800619761,-0.694596918206234,161,"Pink"
1976,11.4163659016291,-0.78641107855323,161,"Pink"
1977,11.9004380702972,-0.302338909885117,161,"Pink"
1978,12.539906779925,0.33712979974267,161,"Pink"
1979,12.0985187292099,-0.104258250972454,161,"Pink"
1980,12.3092483679454,0.106471387762999,161,"Pink"
1981,12.0381656885147,-0.164611291667638,161,"Pink"
1982,11.5666562716166,-0.636120708565734,161,"Pink"
1983,13.0934450229009,0.890668042718544,161,"Pink"
1984,11.6946057478587,-0.50817123232367,161,"Pink"
1985,11.9718673229218,-0.230909657260599,161,"Pink"
1986,12.0917661587397,-0.111010821442623,161,"Pink"
1987,12.2978515625,0.0950745823176549,161,"Pink"
1988,12.137734413147,-0.0650425670353777,161,"Pink"
1989,12.6631323496501,0.460355369467711,161,"Pink"
1990,12.5468460321426,0.344069051960288,161,"Pink"
1991,11.874424735705,-0.328352244477303,161,"Pink"
1992,13.3306065400442,1.1278295598618,161,"Pink"
1993,13.1073172489802,0.904540268797852,161,"Pink"
1994,12.6877340873082,0.484957107125894,161,"Pink"
1995,13.1870526075363,0.984275627353973,161,"Pink"
1996,12.254433631897,0.0516566517146283,161,"Pink"
1997,13.2148352861404,1.0120583059581,161,"Pink"
1998,13.2002125581106,0.997435577928198,161,"Pink"
1999,11.5312667687734,-0.671510211408952,161,"Pink"
2000,12.5825641552607,0.37978717507837,161,"Pink"
2001,11.7997841040293,-0.402992876153009,161,"Pink"
2002,11.7507197062175,-0.452057273964897,161,"Pink"
2003,12.8610566059748,0.658279625792486,161,"Pink"
2004,13.3639675378799,1.16119055769759,161,"Pink"
2005,13.1862010161082,0.983424035925852,161,"Pink"
2006,12.2671165466309,0.0643395664485057,161,"Pink"
2007,12.1290962696075,-0.0736807105748079,161,"Pink"
2008,10.8781929413478,-1.3245840388346,161,"Pink"
2009,11.4854460557302,-0.717330924452178,161,"Pink"
2010,12.1781110366186,-0.0246659435637938,161,"Pink"
2011,12.1283733447393,-0.0744036354430833,161,"Pink"
2012,12.1125862598419,-0.0901907203404312,161,"Pink"
2013,12.461522102356,0.25874512217361,161,"Pink"
2014,12.6539690494537,0.451192069271393,161,"Pink"
2015,13.4833151102066,1.28053813002426,161,"Pink"
2016,13.5869159301122,1.38413894992985,161,"Pink"
2017,12.753143787384,0.550366807201683,161,"Pink"
2018,13.0466420650482,0.84386508486587,161,"Pink"
2019,12.9058035214742,0.703026541291842,161,"Pink"
2020,12.6422004699707,0.439423489788353,161,"Pink"
2021,12.3187719583511,0.115994978168786,161,"Pink"
2022,12.0695550441742,-0.133221936008157,161,"Pink"
2023,12.3310865561167,0.12830957593439,161,"Pink"
2024,12.6334768533707,0.430699873188311,161,"Pink"
2025,12.3759752909343,0.173198310751899,161,"Pink"
1950,10.6810839653015,-1.48745302043548,162,"Pink"
1951,11.2948279857635,-0.87370899997346,162,"Pink"
1952,11.4698890209198,-0.698647964817206,162,"Pink"
1953,12.0161890983582,-0.152347887378846,162,"Pink"
1954,11.42914686203,-0.739390123706973,162,"Pink"
1955,11.1498937129974,-1.01864327273957,162,"Pink"
1956,12.0720353126526,-0.0965016730844193,162,"Pink"
1957,12.523149394989,0.354612409252007,162,"Pink"
1958,13.4275108337402,1.25897384800322,162,"Pink"
1959,12.1465560913086,-0.0219808944284074,162,"Pink"
1960,12.0896712303162,-0.0788657554208307,162,"Pink"
1961,12.5362952232361,0.367758237499077,162,"Pink"
1962,12.0213764190674,-0.147160566669628,162,"Pink"
1963,12.7935502529144,0.625013267177423,162,"Pink"
1964,11.4867887020111,-0.681748283725888,162,"Pink"
1965,11.069652223587,-1.09888476214998,162,"Pink"
1966,11.9090961933136,-0.259440792423409,162,"Pink"
1967,11.9205096244812,-0.248027361255795,162,"Pink"
1968,11.7282702445984,-0.440266741138618,162,"Pink"
1969,11.5873989582062,-0.581138027530825,162,"Pink"
1970,11.5248473644257,-0.643689621311344,162,"Pink"
1971,10.9382422924042,-1.23029469333283,162,"Pink"
1972,11.5642496109009,-0.604287374836123,162,"Pink"
1973,11.7949763298035,-0.373560655933537,162,"Pink"
1974,11.6140748500824,-0.55446213565462,162,"Pink"
1975,11.4885727405548,-0.679964245182192,162,"Pink"
1976,11.3850476264954,-0.783489359241646,162,"Pink"
1977,11.889862203598,-0.278674782138988,162,"Pink"
1978,12.5053750514984,0.336838065761402,162,"Pink"
1979,12.0576687812805,-0.110868204456492,162,"Pink"
1980,12.2779029369354,0.109365951198418,162,"Pink"
1981,11.9942876815796,-0.174249304157412,162,"Pink"
1982,11.5220394134521,-0.646497572284858,162,"Pink"
1983,13.0803733348846,0.911836349147636,162,"Pink"
1984,11.6553834915161,-0.513153494220889,162,"Pink"
1985,11.9464373111725,-0.222099674564518,162,"Pink"
1986,12.0524895191193,-0.116047466617739,162,"Pink"
1987,12.2580582141876,0.0895212284506242,162,"Pink"
1988,12.1059006690979,-0.0626363166391001,162,"Pink"
1989,12.6531926631928,0.484655677455747,162,"Pink"
1990,12.5176969528198,0.349159967082824,162,"Pink"
1991,11.8600975990295,-0.308439386707472,162,"Pink"
1992,13.2755833148956,1.10704632915863,162,"Pink"
1993,13.1091510295868,0.940614043849791,162,"Pink"
1994,12.6793529510498,0.510815965312801,162,"Pink"
1995,13.1801720619202,1.01163507618317,162,"Pink"
1996,12.2084557533264,0.0399187675894222,162,"Pink"
1997,13.1633757591248,0.994838773387758,162,"Pink"
1998,13.1894389152527,1.02090192951568,162,"Pink"
1999,11.5180518627167,-0.650485123020326,162,"Pink"
2000,12.5694643497467,0.400927364009702,162,"Pink"
2001,11.7808197021484,-0.38771728358856,162,"Pink"
2002,11.7137022018433,-0.454834783893737,162,"Pink"
2003,12.8543130397797,0.685776054042666,162,"Pink"
2004,13.3364649772644,1.1679279915274,162,"Pink"
2005,13.1869087696075,1.01837178387055,162,"Pink"
2006,12.2394476413727,0.0709106556356767,162,"Pink"
2007,12.0702956199646,-0.0982413657724057,162,"Pink"
2008,10.8433406829834,-1.32519630275361,162,"Pink"
2009,11.4435764789581,-0.724960506778881,162,"Pink"
2010,12.1676364421845,-0.000900543552544164,162,"Pink"
2011,12.1274062633514,-0.0411307223855727,162,"Pink"
2012,12.0982347011566,-0.0703022845803892,162,"Pink"
2013,12.4330505847931,0.26451359905609,162,"Pink"
2014,12.5731621742249,0.40462518848786,162,"Pink"
2015,13.4297243118286,1.26118732609162,162,"Pink"
2016,13.5580549240112,1.38951793827422,162,"Pink"
2017,12.7301414966583,0.561604510921318,162,"Pink"
2018,13.0248155593872,0.856278573650207,162,"Pink"
2019,12.8824020862579,0.713865100520919,162,"Pink"
2020,12.5897170066834,0.421180020946347,162,"Pink"
2021,12.2625271320343,0.0939901462973018,162,"Pink"
2022,12.0247441768646,-0.143792808872382,162,"Pink"
2023,12.300795173645,0.132258187908023,162,"Pink"
2024,12.6155041217804,0.446967136043386,162,"Pink"
2025,12.325643825531,0.157106839794002,162,"Pink"
1950,10.4996659415109,-1.46223188543039,165,"Pink"
1951,11.1057878562382,-0.856109970703053,165,"Pink"
1952,11.2297064917428,-0.732191335198469,165,"Pink"
1953,11.7735470363072,-0.188350790634076,165,"Pink"
1954,11.2220627239772,-0.739835102964053,165,"Pink"
1955,10.8908667564392,-1.07103107050207,165,"Pink"
1956,11.8710631643023,-0.090834662639003,165,"Pink"
1957,12.3478749820164,0.385977155075146,165,"Pink"
1958,13.2306014469692,1.26870362002788,165,"Pink"
1959,11.9623036384583,0.000405811516978335,165,"Pink"
1960,11.8328381947109,-0.129059632230399,165,"Pink"
1961,12.305883373533,0.343985546591695,165,"Pink"
1962,11.8123912811279,-0.149506545813355,165,"Pink"
1963,12.5906221185412,0.62872429159989,165,"Pink"
1964,11.2862903390612,-0.675607487880084,165,"Pink"
1965,10.9103071689606,-1.05159065798071,165,"Pink"
1966,11.7131859234401,-0.248711903501167,165,"Pink"
1967,11.7375418458666,-0.224355981074658,165,"Pink"
1968,11.540483048984,-0.421414777957299,165,"Pink"
1969,11.3890583515167,-0.572839475424555,165,"Pink"
1970,11.3427294322423,-0.619168394699027,165,"Pink"
1971,10.7318995850427,-1.22999824189861,165,"Pink"
1972,11.3774076529912,-0.584490173950117,165,"Pink"
1973,11.5920849187034,-0.369812908237926,165,"Pink"
1974,11.3970979281834,-0.564799898757867,165,"Pink"
1975,11.243363073894,-0.71853475304732,165,"Pink"
1976,11.1267367090498,-0.835161117891516,165,"Pink"
1977,11.6366580554417,-0.325239771499567,165,"Pink"
1978,12.2922778470176,0.330380020076278,165,"Pink"
1979,11.8755671977997,-0.0863306291416018,165,"Pink"
1980,12.0313435622624,0.0694457353211179,165,"Pink"
1981,11.8230538708823,-0.138843956058968,165,"Pink"
1982,11.316054889134,-0.645842937807279,165,"Pink"
1983,12.8505603585924,0.88866253165116,165,"Pink"
1984,11.4281222139086,-0.533775613032677,165,"Pink"
1985,11.7059590135302,-0.255938813411089,165,"Pink"
1986,11.8420831475939,-0.119814679347369,165,"Pink"
1987,12.0379387991769,0.0760409722356167,165,"Pink"
1988,11.8831453323364,-0.0787524946048481,165,"Pink"
1989,12.4161183834076,0.454220556466312,165,"Pink"
1990,12.346659387861,0.384761560919704,165,"Pink"
1991,11.7161757264818,-0.245722100459438,165,"Pink"
1992,13.0729782581329,1.11108043119166,165,"Pink"
1993,12.8549053668976,0.893007539956306,165,"Pink"
1994,12.503628219877,0.541730392935693,165,"Pink"
1995,12.9392278535026,0.977330026561271,165,"Pink"
1996,11.9836242539542,0.021726427012932,165,"Pink"
1997,12.9424164295197,0.980518602578381,165,"Pink"
1998,12.9769259861537,1.01502815921246,165,"Pink"
1999,11.250898872103,-0.710998954838269,165,"Pink"
2000,12.3161041736603,0.354206346719001,165,"Pink"
2001,11.5436230387007,-0.418274788240626,165,"Pink"
2002,11.5603755882808,-0.401522238660462,165,"Pink"
2003,12.6575793879373,0.695681560995998,165,"Pink"
2004,13.1624470778874,1.20054925094612,165,"Pink"
2005,12.980352810451,1.01845498350969,165,"Pink"
2006,12.0542481967381,0.0923503697968294,165,"Pink"
2007,11.8347712584904,-0.127126568450855,165,"Pink"
2008,10.64023906844,-1.32165875850126,165,"Pink"
2009,11.2573212725776,-0.704576554363727,165,"Pink"
2010,11.9152426719666,-0.0466551549747182,165,"Pink"
2011,11.8752462182726,-0.0866516086686679,165,"Pink"
2012,11.8035734721592,-0.158324354782035,165,"Pink"
2013,12.2663142340524,0.304416407111107,165,"Pink"
2014,12.4263485499791,0.464450723037802,165,"Pink"
2015,13.337228843144,1.37533101620273,165,"Pink"
2016,13.3842803069523,1.42238248001106,165,"Pink"
2017,12.4948841503688,0.532986323427544,165,"Pink"
2018,12.817697252546,0.85579942560476,165,"Pink"
2019,12.7330683299473,0.771170503006045,165,"Pink"
2020,12.4238950525011,0.461997225559856,165,"Pink"
2021,12.1238240173885,0.161926190447201,165,"Pink"
2022,11.8201523848942,-0.141745442047047,165,"Pink"
2023,12.1330858639308,0.171188036989567,165,"Pink"
2024,12.4294668265751,0.46756899963386,165,"Pink"
2025,12.2019951343536,0.24009730741236,165,"Pink"
1950,8.98300776698373,-1.52750491531818,205,"Pink"
1951,9.76273049007763,-0.747782192224281,205,"Pink"
1952,9.74492165175351,-0.7655910305484,205,"Pink"
1953,10.1476737477563,-0.362838934545646,205,"Pink"
1954,9.7865145965056,-0.723998085796317,205,"Pink"
1955,9.48628757216713,-1.02422511013478,205,"Pink"
1956,10.5517858591947,0.0412731768927521,205,"Pink"
1957,10.9793109677055,0.468798285403554,205,"Pink"
1958,12.0064161907543,1.49590350845237,205,"Pink"
1959,10.6442790681666,0.133766385864647,205,"Pink"
1960,10.3965465263887,-0.113966155913218,205,"Pink"
1961,10.8799587488174,0.369446066515528,205,"Pink"
1962,10.5441356355494,0.0336229532474633,205,"Pink"
1963,11.2858126163483,0.775299934046358,205,"Pink"
1964,9.81542098522187,-0.695091697080041,205,"Pink"
1965,9.44184652241793,-1.06866615988398,205,"Pink"
1966,10.1748965545134,-0.335616127788499,205,"Pink"
1967,10.3827498826114,-0.127762799690542,205,"Pink"
1968,10.2770968675613,-0.233415814740576,205,"Pink"
1969,9.88650803132491,-0.624004650977001,205,"Pink"
1970,10.0593901330775,-0.451122549224463,205,"Pink"
1971,9.2581906968897,-1.25232198541221,205,"Pink"
1972,9.9491640437733,-0.561348638528611,205,"Pink"
1973,10.0162372155623,-0.494275466739616,205,"Pink"
1974,9.90313405340368,-0.607378628898232,205,"Pink"
1975,9.53590950098905,-0.974603181312863,205,"Pink"
1976,9.4549432776191,-1.05556940468281,205,"Pink"
1977,10.139318596233,-0.371194086068894,205,"Pink"
1978,10.6827239340002,0.172211251698274,205,"Pink"
1979,10.4818764708259,-0.0286362114760266,205,"Pink"
1980,10.3761708302931,-0.134341852008776,205,"Pink"
1981,10.6061469208111,0.0956342385091394,205,"Pink"
1982,9.79249345172535,-0.71801923057656,205,"Pink"
1983,11.354180671952,0.843667989650078,205,"Pink"
1984,10.120748444037,-0.389764238264906,205,"Pink"
1985,9.99589357592843,-0.514619106373483,205,"Pink"
1986,10.3657969453118,-0.144715736990106,205,"Pink"
1987,10.3949065100063,-0.115606172295613,205,"Pink"
1988,10.3417593132366,-0.168753369065322,205,"Pink"
1989,10.7381285970861,0.227615914784208,205,"Pink"
1990,10.9381952069022,0.427682524600335,205,"Pink"
1991,10.4126507585699,-0.0978619237320205,205,"Pink"
1992,11.3526591929522,0.842146510650336,205,"Pink"
1993,11.2821352806958,0.771622598393912,205,"Pink"
1994,11.1976688341661,0.687156151864174,205,"Pink"
1995,11.246404951269,0.735892268967064,205,"Pink"
1996,10.4739667285572,-0.0365459537446728,205,"Pink"
1997,11.2667862068523,0.756273524550395,205,"Pink"
1998,11.3287909572775,0.818278274975559,205,"Pink"
1999,9.5777269710194,-0.93278571128251,205,"Pink"
2000,10.6099581068212,0.0994454245193186,205,"Pink"
2001,9.96001044186679,-0.550502240435121,205,"Pink"
2002,10.2466212185946,-0.263891463707277,205,"Pink"
2003,11.2913944504478,0.78088176814586,205,"Pink"
2004,11.7435279000889,1.233015217787,205,"Pink"
2005,11.754961122166,1.24444843986411,205,"Pink"
2006,10.7630988684568,0.252586186154846,205,"Pink"
2007,10.1893921657042,-0.321120516597704,205,"Pink"
2008,9.33476621454412,-1.17574646775779,205,"Pink"
2009,10.0246757160534,-0.485836966248558,205,"Pink"
2010,10.3786140463569,-0.131898635945016,205,"Pink"
2011,10.4344050559131,-0.0761076263888586,205,"Pink"
2012,9.94215267354792,-0.568360008753997,205,"Pink"
2013,10.873517296531,0.363004614229071,205,"Pink"
2014,11.2639792398973,0.753466557595385,205,"Pink"
2015,12.1574323610826,1.64691967878069,205,"Pink"
2016,12.0101987448606,1.49968606255865,205,"Pink"
2017,11.0103232101961,0.499810527894148,205,"Pink"
2018,11.3656127019362,0.855100019634286,205,"Pink"
2019,11.6693568338047,1.15884415150283,205,"Pink"
2020,11.0810842514038,0.57057156910189,205,"Pink"
2021,10.7729067802429,0.262394097941003,205,"Pink"
2022,10.5674378546801,0.056925172378236,205,"Pink"
2023,10.8808022087271,0.370289526425142,205,"Pink"
2024,11.119165669788,0.608652987486104,205,"Pink"
2025,11.144043228843,0.633530546541076,205,"Pink"
1950,8.98300776698373,-1.52750491531818,206,"Pink"
1951,9.76273049007763,-0.747782192224281,206,"Pink"
1952,9.74492165175351,-0.7655910305484,206,"Pink"
1953,10.1476737477563,-0.362838934545646,206,"Pink"
1954,9.7865145965056,-0.723998085796317,206,"Pink"
1955,9.48628757216713,-1.02422511013478,206,"Pink"
1956,10.5517858591947,0.0412731768927521,206,"Pink"
1957,10.9793109677055,0.468798285403554,206,"Pink"
1958,12.0064161907543,1.49590350845237,206,"Pink"
1959,10.6442790681666,0.133766385864647,206,"Pink"
1960,10.3965465263887,-0.113966155913218,206,"Pink"
1961,10.8799587488174,0.369446066515528,206,"Pink"
1962,10.5441356355494,0.0336229532474633,206,"Pink"
1963,11.2858126163483,0.775299934046358,206,"Pink"
1964,9.81542098522187,-0.695091697080041,206,"Pink"
1965,9.44184652241793,-1.06866615988398,206,"Pink"
1966,10.1748965545134,-0.335616127788499,206,"Pink"
1967,10.3827498826114,-0.127762799690542,206,"Pink"
1968,10.2770968675613,-0.233415814740576,206,"Pink"
1969,9.88650803132491,-0.624004650977001,206,"Pink"
1970,10.0593901330775,-0.451122549224463,206,"Pink"
1971,9.2581906968897,-1.25232198541221,206,"Pink"
1972,9.9491640437733,-0.561348638528611,206,"Pink"
1973,10.0162372155623,-0.494275466739616,206,"Pink"
1974,9.90313405340368,-0.607378628898232,206,"Pink"
1975,9.53590950098905,-0.974603181312863,206,"Pink"
1976,9.4549432776191,-1.05556940468281,206,"Pink"
1977,10.139318596233,-0.371194086068894,206,"Pink"
1978,10.6827239340002,0.172211251698274,206,"Pink"
1979,10.4818764708259,-0.0286362114760266,206,"Pink"
1980,10.3761708302931,-0.134341852008776,206,"Pink"
1981,10.6061469208111,0.0956342385091394,206,"Pink"
1982,9.79249345172535,-0.71801923057656,206,"Pink"
1983,11.354180671952,0.843667989650078,206,"Pink"
1984,10.120748444037,-0.389764238264906,206,"Pink"
1985,9.99589357592843,-0.514619106373483,206,"Pink"
1986,10.3657969453118,-0.144715736990106,206,"Pink"
1987,10.3949065100063,-0.115606172295613,206,"Pink"
1988,10.3417593132366,-0.168753369065322,206,"Pink"
1989,10.7381285970861,0.227615914784208,206,"Pink"
1990,10.9381952069022,0.427682524600335,206,"Pink"
1991,10.4126507585699,-0.0978619237320205,206,"Pink"
1992,11.3526591929522,0.842146510650336,206,"Pink"
1993,11.2821352806958,0.771622598393912,206,"Pink"
1994,11.1976688341661,0.687156151864174,206,"Pink"
1995,11.246404951269,0.735892268967064,206,"Pink"
1996,10.4739667285572,-0.0365459537446728,206,"Pink"
1997,11.2667862068523,0.756273524550395,206,"Pink"
1998,11.3287909572775,0.818278274975559,206,"Pink"
1999,9.5777269710194,-0.93278571128251,206,"Pink"
2000,10.6099581068212,0.0994454245193186,206,"Pink"
2001,9.96001044186679,-0.550502240435121,206,"Pink"
2002,10.2466212185946,-0.263891463707277,206,"Pink"
2003,11.2913944504478,0.78088176814586,206,"Pink"
2004,11.7435279000889,1.233015217787,206,"Pink"
2005,11.754961122166,1.24444843986411,206,"Pink"
2006,10.7630988684568,0.252586186154846,206,"Pink"
2007,10.1893921657042,-0.321120516597704,206,"Pink"
2008,9.33476621454412,-1.17574646775779,206,"Pink"
2009,10.0246757160534,-0.485836966248558,206,"Pink"
2010,10.3786140463569,-0.131898635945016,206,"Pink"
2011,10.4344050559131,-0.0761076263888586,206,"Pink"
2012,9.94215267354792,-0.568360008753997,206,"Pink"
2013,10.873517296531,0.363004614229071,206,"Pink"
2014,11.2639792398973,0.753466557595385,206,"Pink"
2015,12.1574323610826,1.64691967878069,206,"Pink"
2016,12.0101987448606,1.49968606255865,206,"Pink"
2017,11.0103232101961,0.499810527894148,206,"Pink"
2018,11.3656127019362,0.855100019634286,206,"Pink"
2019,11.6693568338047,1.15884415150283,206,"Pink"
2020,11.0810842514038,0.57057156910189,206,"Pink"
2021,10.7729067802429,0.262394097941003,206,"Pink"
2022,10.5674378546801,0.056925172378236,206,"Pink"
2023,10.8808022087271,0.370289526425142,206,"Pink"
2024,11.119165669788,0.608652987486104,206,"Pink"
2025,11.144043228843,0.633530546541076,206,"Pink"
1950,8.21719460303967,-1.54621055467865,207,"Pink"
1951,9.08272617596847,-0.680678981749851,207,"Pink"
1952,9.06097880693582,-0.702426350782496,207,"Pink"
1953,9.4437243113151,-0.31968084640322,207,"Pink"
1954,9.15009483007284,-0.613310327645474,207,"Pink"
1955,8.87386859380282,-0.889536563915497,207,"Pink"
1956,9.88879088255075,0.125385724832429,207,"Pink"
1957,10.2543368614637,0.490931703745376,207,"Pink"
1958,11.2785649758119,1.51515981809357,207,"Pink"
1959,10.0490013911174,0.285596233399071,207,"Pink"
1960,9.69506203211271,-0.0683431256056031,207,"Pink"
1961,10.2211002478233,0.457695090104958,207,"Pink"
1962,9.88411715397468,0.120711996256363,207,"Pink"
1963,10.5157748093972,0.752369651678869,207,"Pink"
1964,9.0507844228011,-0.712620734917221,207,"Pink"
1965,8.56792898361499,-1.19547617410332,207,"Pink"
1966,9.32847024844243,-0.434934909275886,207,"Pink"
1967,9.72710977150844,-0.0362953862098752,207,"Pink"
1968,9.68558730528905,-0.0778178524292712,207,"Pink"
1969,9.05015664834243,-0.713248509375887,207,"Pink"
1970,9.35258206037375,-0.41082309734457,207,"Pink"
1971,8.45040537760808,-1.31299978011024,207,"Pink"
1972,9.11824604181143,-0.64515911590689,207,"Pink"
1973,9.13892914698674,-0.624476010731578,207,"Pink"
1974,9.17677712440491,-0.586628033313412,207,"Pink"
1975,8.61841071569003,-1.14499444202829,207,"Pink"
1976,8.71211357300098,-1.05129158471734,207,"Pink"
1977,9.49857760392703,-0.26482755379129,207,"Pink"
1978,9.83208195979778,0.0686768020794684,207,"Pink"
1979,9.75496938595405,-0.00843577176426856,207,"Pink"
1980,9.57659245454348,-0.186812703174833,207,"Pink"
1981,10.0282931969716,0.264888039253288,207,"Pink"
1982,8.96532043126913,-0.798084726449189,207,"Pink"
1983,10.6206875947806,0.857282437062237,207,"Pink"
1984,9.60069613273328,-0.162709024985041,207,"Pink"
1985,9.07471423882705,-0.68869091889127,207,"Pink"
1986,9.53460059716151,-0.228804560556807,207,"Pink"
1987,9.51334503980783,-0.250060117910482,207,"Pink"
1988,9.61230498093825,-0.151100176780064,207,"Pink"
1989,9.87476796370287,0.111362805984547,207,"Pink"
1990,10.1127051115036,0.349299953785285,207,"Pink"
1991,9.59014876072223,-0.173256396996085,207,"Pink"
1992,10.3356809707788,0.57227581306052,207,"Pink"
1993,10.4675488747083,0.704143716990003,207,"Pink"
1994,10.3751686994846,0.611763541766285,207,"Pink"
1995,10.2803451189628,0.516939961244482,207,"Pink"
1996,9.71566700018369,-0.0477381575346249,207,"Pink"
1997,10.4369420455052,0.673536887786912,207,"Pink"
1998,10.4378615067555,0.674456349037222,207,"Pink"
1999,8.79255071053139,-0.97085444718693,207,"Pink"
2000,9.77543862049396,0.01203346277564,207,"Pink"
2001,9.22741647867056,-0.535988679047757,207,"Pink"
2002,9.49289344824277,-0.270511709475542,207,"Pink"
2003,10.5462204768108,0.782815319092433,207,"Pink"
2004,10.9347426799627,1.17133752224442,207,"Pink"
2005,11.1490329504013,1.38562779268299,207,"Pink"
2006,10.0271113835848,0.263706225866512,207,"Pink"
2007,9.38788641416109,-0.375518743557222,207,"Pink"
2008,8.71092301148635,-1.05248214623197,207,"Pink"
2009,9.41353148680467,-0.349873670913647,207,"Pink"
2010,9.68461371385134,-0.0787914438669768,207,"Pink"
2011,9.82773258135869,0.0643274236403708,207,"Pink"
2012,9.07517316708198,-0.688231990636337,207,"Pink"
2013,10.0907393052028,0.32733414748446,207,"Pink"
2014,10.6652340980677,0.901828940349338,207,"Pink"
2015,11.3755141863456,1.6121090286273,207,"Pink"
2016,11.292209487695,1.52880432997665,207,"Pink"
2017,10.2619442756359,0.498539117917623,207,"Pink"
2018,10.627763738999,0.864358581280684,207,"Pink"
2019,11.1311795069621,1.3677743492438,207,"Pink"
2020,10.3922877128308,0.628882555112444,207,"Pink"
2021,9.96659182585203,0.203186668133708,207,"Pink"
2022,10.047988488124,0.284583330405647,207,"Pink"
2023,10.1242620027982,0.360856845079907,207,"Pink"
2024,10.3232158880967,0.559810730378417,207,"Pink"
2025,10.4976894855499,0.734284327831602,207,"Pink"
1950,7.88534024953842,-1.55422343570892,166,"Pink"
1951,8.71615207195282,-0.723411613294522,166,"Pink"
1952,8.79791700839996,-0.641646676847383,166,"Pink"
1953,9.16696990728378,-0.272593777963563,166,"Pink"
1954,8.91158792972565,-0.527975755521696,166,"Pink"
1955,8.66161103248596,-0.777952652761381,166,"Pink"
1956,9.66093952655791,0.221375841310571,166,"Pink"
1957,9.89241352081299,0.452849835565648,166,"Pink"
1958,10.8715728402138,1.43200915496643,166,"Pink"
1959,9.85048763751983,0.410923952272486,166,"Pink"
1960,9.42504831552506,-0.0145153697222819,166,"Pink"
1961,9.97797310352326,0.538409418275916,166,"Pink"
1962,9.55573003292083,0.11616634767349,166,"Pink"
1963,10.1324439287186,0.692880243471225,166,"Pink"
1964,8.6860656619072,-0.753498023340146,166,"Pink"
1965,8.04369090795517,-1.39587277729218,166,"Pink"
1966,8.87628720998764,-0.563276475259705,166,"Pink"
1967,9.41866927146912,-0.0208944137782226,166,"Pink"
1968,9.46052409410476,0.0209604088574197,166,"Pink"
1969,8.64490840435028,-0.79465528089706,166,"Pink"
1970,9.01095705032349,-0.428606634923858,166,"Pink"
1971,8.07322098016739,-1.36634270507995,166,"Pink"
1972,8.67248433828354,-0.767079346963806,166,"Pink"
1973,8.74462995529175,-0.694933729955595,166,"Pink"
1974,8.90219048261643,-0.537373202630916,166,"Pink"
1975,8.18626902103424,-1.2532946642131,166,"Pink"
1976,8.47890875339508,-0.960654931852265,166,"Pink"
1977,9.27609044313431,-0.163473242113037,166,"Pink"
1978,9.42759029865265,-0.0119733865946924,166,"Pink"
1979,9.35692638158799,-0.082637303659357,166,"Pink"
1980,9.20764516592026,-0.231918519327083,166,"Pink"
1981,9.80967165231706,0.370107967069713,166,"Pink"
1982,8.58016706705093,-0.85939661819641,166,"Pink"
1983,10.3812678098679,0.941704124620514,166,"Pink"
1984,9.50105065107346,0.0614869658261161,166,"Pink"
1985,8.65117158889771,-0.788392096349634,166,"Pink"
1986,9.11736867427826,-0.322195010969084,166,"Pink"
1987,9.16053687334061,-0.279026811906738,166,"Pink"
1988,9.43829997777939,-0.00126370746795437,166,"Pink"
1989,9.56327167749405,0.123707992246709,166,"Pink"
1990,9.74989912509918,0.310335439851837,166,"Pink"
1991,9.14892909526825,-0.290634589979093,166,"Pink"
1992,9.79048969745637,0.350926012209023,166,"Pink"
1993,10.0918286919594,0.652265006712042,166,"Pink"
1994,9.9455040216446,0.505940336397251,166,"Pink"
1995,9.85513020753861,0.415566522291264,166,"Pink"
1996,9.34697796106339,-0.0925857241839566,166,"Pink"
1997,10.0756526947021,0.636089009454802,166,"Pink"
1998,10.0508590817452,0.611295396497808,166,"Pink"
1999,8.51812323331833,-0.921440451929011,166,"Pink"
2000,9.44352049827575,0.00395681302840982,166,"Pink"
2001,8.94442708492279,-0.495136600324555,166,"Pink"
2002,9.09957709312439,-0.339986592122954,166,"Pink"
2003,10.2591275453567,0.819563860109406,166,"Pink"
2004,10.5574103713036,1.11784668605621,166,"Pink"
2005,10.9140431046486,1.47447941940125,166,"Pink"
2006,9.71037573814392,0.270812052896579,166,"Pink"
2007,9.09853909015655,-0.341024595090789,166,"Pink"
2008,8.54390122890472,-0.895662456342621,166,"Pink"
2009,9.15956048965454,-0.280003195592801,166,"Pink"
2010,9.47125407457352,0.0316903893261731,166,"Pink"
2011,9.71476824283599,0.275204557588648,166,"Pink"
2012,8.80293754339218,-0.636626141855166,166,"Pink"
2013,9.69651737213135,0.256953686884007,166,"Pink"
2014,10.3158974528313,0.876333767583932,166,"Pink"
2015,10.9430837512016,1.50352006595429,166,"Pink"
2016,11.0130035877228,1.57343990247544,166,"Pink"
2017,10.0014069318771,0.561843246629791,166,"Pink"
2018,10.3068763613701,0.867312676122743,166,"Pink"
2019,10.8851174473763,1.44555376212891,166,"Pink"
2020,10.0462985634804,0.606734878233036,166,"Pink"
2021,9.51252958774566,0.0729659024983193,166,"Pink"
2022,9.89853055477142,0.458966869524078,166,"Pink"
2023,9.69185719490051,0.252293509653168,166,"Pink"
2024,9.93484605550766,0.495282370260313,166,"Pink"
2025,10.1685570478439,0.728993362596585,166,"Pink"
1950,7.88534024953842,-1.55422343570892,167,"Pink"
1951,8.71615207195282,-0.723411613294522,167,"Pink"
1952,8.79791700839996,-0.641646676847383,167,"Pink"
1953,9.16696990728378,-0.272593777963563,167,"Pink"
1954,8.91158792972565,-0.527975755521696,167,"Pink"
1955,8.66161103248596,-0.777952652761381,167,"Pink"
1956,9.66093952655791,0.221375841310571,167,"Pink"
1957,9.89241352081299,0.452849835565648,167,"Pink"
1958,10.8715728402138,1.43200915496643,167,"Pink"
1959,9.85048763751983,0.410923952272486,167,"Pink"
1960,9.42504831552506,-0.0145153697222819,167,"Pink"
1961,9.97797310352326,0.538409418275916,167,"Pink"
1962,9.55573003292083,0.11616634767349,167,"Pink"
1963,10.1324439287186,0.692880243471225,167,"Pink"
1964,8.6860656619072,-0.753498023340146,167,"Pink"
1965,8.04369090795517,-1.39587277729218,167,"Pink"
1966,8.87628720998764,-0.563276475259705,167,"Pink"
1967,9.41866927146912,-0.0208944137782226,167,"Pink"
1968,9.46052409410476,0.0209604088574197,167,"Pink"
1969,8.64490840435028,-0.79465528089706,167,"Pink"
1970,9.01095705032349,-0.428606634923858,167,"Pink"
1971,8.07322098016739,-1.36634270507995,167,"Pink"
1972,8.67248433828354,-0.767079346963806,167,"Pink"
1973,8.74462995529175,-0.694933729955595,167,"Pink"
1974,8.90219048261643,-0.537373202630916,167,"Pink"
1975,8.18626902103424,-1.2532946642131,167,"Pink"
1976,8.47890875339508,-0.960654931852265,167,"Pink"
1977,9.27609044313431,-0.163473242113037,167,"Pink"
1978,9.42759029865265,-0.0119733865946924,167,"Pink"
1979,9.35692638158799,-0.082637303659357,167,"Pink"
1980,9.20764516592026,-0.231918519327083,167,"Pink"
1981,9.80967165231706,0.370107967069713,167,"Pink"
1982,8.58016706705093,-0.85939661819641,167,"Pink"
1983,10.3812678098679,0.941704124620514,167,"Pink"
1984,9.50105065107346,0.0614869658261161,167,"Pink"
1985,8.65117158889771,-0.788392096349634,167,"Pink"
1986,9.11736867427826,-0.322195010969084,167,"Pink"
1987,9.16053687334061,-0.279026811906738,167,"Pink"
1988,9.43829997777939,-0.00126370746795437,167,"Pink"
1989,9.56327167749405,0.123707992246709,167,"Pink"
1990,9.74989912509918,0.310335439851837,167,"Pink"
1991,9.14892909526825,-0.290634589979093,167,"Pink"
1992,9.79048969745637,0.350926012209023,167,"Pink"
1993,10.0918286919594,0.652265006712042,167,"Pink"
1994,9.9455040216446,0.505940336397251,167,"Pink"
1995,9.85513020753861,0.415566522291264,167,"Pink"
1996,9.34697796106339,-0.0925857241839566,167,"Pink"
1997,10.0756526947021,0.636089009454802,167,"Pink"
1998,10.0508590817452,0.611295396497808,167,"Pink"
1999,8.51812323331833,-0.921440451929011,167,"Pink"
2000,9.44352049827575,0.00395681302840982,167,"Pink"
2001,8.94442708492279,-0.495136600324555,167,"Pink"
2002,9.09957709312439,-0.339986592122954,167,"Pink"
2003,10.2591275453567,0.819563860109406,167,"Pink"
2004,10.5574103713036,1.11784668605621,167,"Pink"
2005,10.9140431046486,1.47447941940125,167,"Pink"
2006,9.71037573814392,0.270812052896579,167,"Pink"
2007,9.09853909015655,-0.341024595090789,167,"Pink"
2008,8.54390122890472,-0.895662456342621,167,"Pink"
2009,9.15956048965454,-0.280003195592801,167,"Pink"
2010,9.47125407457352,0.0316903893261731,167,"Pink"
2011,9.71476824283599,0.275204557588648,167,"Pink"
2012,8.80293754339218,-0.636626141855166,167,"Pink"
2013,9.69651737213135,0.256953686884007,167,"Pink"
2014,10.3158974528313,0.876333767583932,167,"Pink"
2015,10.9430837512016,1.50352006595429,167,"Pink"
2016,11.0130035877228,1.57343990247544,167,"Pink"
2017,10.0014069318771,0.561843246629791,167,"Pink"
2018,10.3068763613701,0.867312676122743,167,"Pink"
2019,10.8851174473763,1.44555376212891,167,"Pink"
2020,10.0462985634804,0.606734878233036,167,"Pink"
2021,9.51252958774566,0.0729659024983193,167,"Pink"
2022,9.89853055477142,0.458966869524078,167,"Pink"
2023,9.69185719490051,0.252293509653168,167,"Pink"
2024,9.93484605550766,0.495282370260313,167,"Pink"
2025,10.1685570478439,0.728993362596585,167,"Pink"
1950,7.59197100571224,-1.5407213345899,168,"Pink"
1951,8.44543153047562,-0.687260809826524,168,"Pink"
1952,8.52418947219848,-0.608502868103657,168,"Pink"
1953,8.95643895864487,-0.176253381657276,168,"Pink"
1954,8.68666369574411,-0.446028644558033,168,"Pink"
1955,8.41734568561827,-0.715346654683875,168,"Pink"
1956,9.32670336961746,0.194011029315319,168,"Pink"
1957,9.63382758413042,0.501135243828279,168,"Pink"
1958,10.5223975862776,1.38970524597541,168,"Pink"
1959,9.67347062485558,0.540778284553439,168,"Pink"
1960,9.105676480702,-0.0270158596001436,168,"Pink"
1961,9.72170857020787,0.589016229905731,168,"Pink"
1962,9.32966526065553,0.196972920353395,168,"Pink"
1963,9.79219150543213,0.659499165129989,168,"Pink"
1964,8.36810736145292,-0.764584978849219,168,"Pink"
1965,7.67934584617615,-1.453346494126,168,"Pink"
1966,8.51056687320982,-0.622125467092322,168,"Pink"
1967,9.19688328674861,0.0641909464464738,168,"Pink"
1968,9.28795214210238,0.155259801800236,168,"Pink"
1969,8.28274085691997,-0.84995148338217,168,"Pink"
1970,8.68634779964174,-0.446344540660396,168,"Pink"
1971,7.64945457662855,-1.48323776367359,168,"Pink"
1972,8.18045997619629,-0.952232364105852,168,"Pink"
1973,8.3390115414347,-0.793680798867444,168,"Pink"
1974,8.63110197441918,-0.501590365882956,168,"Pink"
1975,7.74732514790126,-1.38536719240088,168,"Pink"
1976,8.21195165600095,-0.920740684301188,168,"Pink"
1977,9.15548509359359,0.0227927532914533,168,"Pink"
1978,9.05679084573474,-0.0759014945674028,168,"Pink"
1979,9.11449051754816,-0.0182018227539838,168,"Pink"
1980,8.9458247423172,-0.186867597984937,168,"Pink"
1981,9.66385444572994,0.531162105427801,168,"Pink"
1982,8.19470633779253,-0.93798600250961,168,"Pink"
1983,10.0963703819684,0.963678041666221,168,"Pink"
1984,9.39235499926976,0.25966265896762,168,"Pink"
1985,8.27235272100994,-0.860339619292203,168,"Pink"
1986,8.72146941934313,-0.411222920959013,168,"Pink"
1987,8.77094945737294,-0.361742882929206,168,"Pink"
1988,9.07289298091616,-0.0597993593859824,168,"Pink"
1989,9.23623843703951,0.103546096737374,168,"Pink"
1990,9.42749526671001,0.29480292640787,168,"Pink"
1991,8.79964772292546,-0.333044617376684,168,"Pink"
1992,9.27925935813359,0.146567017831451,168,"Pink"
1993,9.741847549166,0.609155208863857,168,"Pink"
1994,9.54350670746395,0.410814367161806,168,"Pink"
1995,9.30486461094448,0.172172270642338,168,"Pink"
1996,9.08215215376445,-0.0505401865376889,168,"Pink"
1997,9.80373926673617,0.671046926434025,168,"Pink"
1998,9.65765535831452,0.524963018012376,168,"Pink"
1999,8.14791422230857,-0.984778117993571,168,"Pink"
2000,9.08315627915518,-0.0495360611469573,168,"Pink"
2001,8.69893119164875,-0.433761148653389,168,"Pink"
2002,8.80267592838832,-0.330016411913819,168,"Pink"
2003,9.91638875859124,0.7836964182891,168,"Pink"
2004,10.2000353932381,1.06734305293593,168,"Pink"
2005,10.7082901171276,1.57559777682542,168,"Pink"
2006,9.35354197025299,0.220849629950847,168,"Pink"
2007,8.69326000554221,-0.439432334759931,168,"Pink"
2008,8.31498261008944,-0.817709730212704,168,"Pink"
2009,8.94569429329464,-0.186998047007506,168,"Pink"
2010,9.2220361999103,0.0893438596081595,168,"Pink"
2011,9.50301427500588,0.370321934703738,168,"Pink"
2012,8.41805845499039,-0.714633885311755,168,"Pink"
2013,9.38092491456441,0.248232574262265,168,"Pink"
2014,10.1695878505707,1.03689551026854,168,"Pink"
2015,10.6252930419786,1.49260070167642,168,"Pink"
2016,10.7628800868988,1.63018774659666,168,"Pink"
2017,9.61502396208899,0.482331621786851,168,"Pink"
2018,9.95130116598947,0.818608825687329,168,"Pink"
2019,10.6958487118993,1.56315637159721,168,"Pink"
2020,9.76697407449995,0.634281734197807,168,"Pink"
2021,9.1750641805785,0.0423718402763616,168,"Pink"
2022,9.7027844105448,0.570092070242661,168,"Pink"
2023,9.34820233924048,0.21550999893834,168,"Pink"
2024,9.52853791202817,0.395845571726031,168,"Pink"
2025,9.85869188819613,0.725999547893985,168,"Pink"
1950,7.59197100571224,-1.5407213345899,169,"Pink"
1951,8.44543153047562,-0.687260809826524,169,"Pink"
1952,8.52418947219848,-0.608502868103657,169,"Pink"
1953,8.95643895864487,-0.176253381657276,169,"Pink"
1954,8.68666369574411,-0.446028644558033,169,"Pink"
1955,8.41734568561827,-0.715346654683875,169,"Pink"
1956,9.32670336961746,0.194011029315319,169,"Pink"
1957,9.63382758413042,0.501135243828279,169,"Pink"
1958,10.5223975862776,1.38970524597541,169,"Pink"
1959,9.67347062485558,0.540778284553439,169,"Pink"
1960,9.105676480702,-0.0270158596001436,169,"Pink"
1961,9.72170857020787,0.589016229905731,169,"Pink"
1962,9.32966526065553,0.196972920353395,169,"Pink"
1963,9.79219150543213,0.659499165129989,169,"Pink"
1964,8.36810736145292,-0.764584978849219,169,"Pink"
1965,7.67934584617615,-1.453346494126,169,"Pink"
1966,8.51056687320982,-0.622125467092322,169,"Pink"
1967,9.19688328674861,0.0641909464464738,169,"Pink"
1968,9.28795214210238,0.155259801800236,169,"Pink"
1969,8.28274085691997,-0.84995148338217,169,"Pink"
1970,8.68634779964174,-0.446344540660396,169,"Pink"
1971,7.64945457662855,-1.48323776367359,169,"Pink"
1972,8.18045997619629,-0.952232364105852,169,"Pink"
1973,8.3390115414347,-0.793680798867444,169,"Pink"
1974,8.63110197441918,-0.501590365882956,169,"Pink"
1975,7.74732514790126,-1.38536719240088,169,"Pink"
1976,8.21195165600095,-0.920740684301188,169,"Pink"
1977,9.15548509359359,0.0227927532914533,169,"Pink"
1978,9.05679084573474,-0.0759014945674028,169,"Pink"
1979,9.11449051754816,-0.0182018227539838,169,"Pink"
1980,8.9458247423172,-0.186867597984937,169,"Pink"
1981,9.66385444572994,0.531162105427801,169,"Pink"
1982,8.19470633779253,-0.93798600250961,169,"Pink"
1983,10.0963703819684,0.963678041666221,169,"Pink"
1984,9.39235499926976,0.25966265896762,169,"Pink"
1985,8.27235272100994,-0.860339619292203,169,"Pink"
1986,8.72146941934313,-0.411222920959013,169,"Pink"
1987,8.77094945737294,-0.361742882929206,169,"Pink"
1988,9.07289298091616,-0.0597993593859824,169,"Pink"
1989,9.23623843703951,0.103546096737374,169,"Pink"
1990,9.42749526671001,0.29480292640787,169,"Pink"
1991,8.79964772292546,-0.333044617376684,169,"Pink"
1992,9.27925935813359,0.146567017831451,169,"Pink"
1993,9.741847549166,0.609155208863857,169,"Pink"
1994,9.54350670746395,0.410814367161806,169,"Pink"
1995,9.30486461094448,0.172172270642338,169,"Pink"
1996,9.08215215376445,-0.0505401865376889,169,"Pink"
1997,9.80373926673617,0.671046926434025,169,"Pink"
1998,9.65765535831452,0.524963018012376,169,"Pink"
1999,8.14791422230857,-0.984778117993571,169,"Pink"
2000,9.08315627915518,-0.0495360611469573,169,"Pink"
2001,8.69893119164875,-0.433761148653389,169,"Pink"
2002,8.80267592838832,-0.330016411913819,169,"Pink"
2003,9.91638875859124,0.7836964182891,169,"Pink"
2004,10.2000353932381,1.06734305293593,169,"Pink"
2005,10.7082901171276,1.57559777682542,169,"Pink"
2006,9.35354197025299,0.220849629950847,169,"Pink"
2007,8.69326000554221,-0.439432334759931,169,"Pink"
2008,8.31498261008944,-0.817709730212704,169,"Pink"
2009,8.94569429329464,-0.186998047007506,169,"Pink"
2010,9.2220361999103,0.0893438596081595,169,"Pink"
2011,9.50301427500588,0.370321934703738,169,"Pink"
2012,8.41805845499039,-0.714633885311755,169,"Pink"
2013,9.38092491456441,0.248232574262265,169,"Pink"
2014,10.1695878505707,1.03689551026854,169,"Pink"
2015,10.6252930419786,1.49260070167642,169,"Pink"
2016,10.7628800868988,1.63018774659666,169,"Pink"
2017,9.61502396208899,0.482331621786851,169,"Pink"
2018,9.95130116598947,0.818608825687329,169,"Pink"
2019,10.6958487118993,1.56315637159721,169,"Pink"
2020,9.76697407449995,0.634281734197807,169,"Pink"
2021,9.1750641805785,0.0423718402763616,169,"Pink"
2022,9.7027844105448,0.570092070242661,169,"Pink"
2023,9.34820233924048,0.21550999893834,169,"Pink"
2024,9.52853791202817,0.395845571726031,169,"Pink"
2025,9.85869188819613,0.725999547893985,169,"Pink"
1950,7.59075187312232,-1.54193984137641,170,"Pink"
1951,8.41535298029582,-0.717338734202913,170,"Pink"
1952,8.53952719105614,-0.593164523442591,170,"Pink"
1953,8.94901066356235,-0.183681050936381,170,"Pink"
1954,8.68103019396464,-0.451661520534089,170,"Pink"
1955,8.42604282167223,-0.706648892826501,170,"Pink"
1956,9.36354695426093,0.230855239762198,170,"Pink"
1957,9.604971686999,0.472279972500267,170,"Pink"
1958,10.4977006514867,1.36500893698798,170,"Pink"
1959,9.68002759085761,0.547335876358874,170,"Pink"
1960,9.11782042185466,-0.0148712926440724,170,"Pink"
1961,9.71873002582127,0.586038311322536,170,"Pink"
1962,9.2976222038269,0.164930489328167,170,"Pink"
1963,9.78363521893819,0.650943504439461,170,"Pink"
1964,8.35868243376414,-0.774009280734594,170,"Pink"
1965,7.6285507414076,-1.50414097309113,170,"Pink"
1966,8.47966478930579,-0.653026925192938,170,"Pink"
1967,9.17691398991479,0.0442222754160552,170,"Pink"
1968,9.28162998623318,0.148938271734448,170,"Pink"
1969,8.27425485187107,-0.858436862627665,170,"Pink"
1970,8.67903690867954,-0.453654805819193,170,"Pink"
1971,7.66566585169898,-1.46702586279975,170,"Pink"
1972,8.18890574243334,-0.943785972065396,170,"Pink"
1973,8.34169464641147,-0.790997068087259,170,"Pink"
1974,8.64015632205539,-0.492535392443338,170,"Pink"
1975,7.74443762832218,-1.38825408617656,170,"Pink"
1976,8.22952699661255,-0.903164717886184,170,"Pink"
1977,9.13632326655917,0.00363155206043908,170,"Pink"
1978,9.04972698953417,-0.0829647249645595,170,"Pink"
1979,9.06219025452932,-0.0705014599694083,170,"Pink"
1980,8.9160360760159,-0.216655638482831,170,"Pink"
1981,9.64483998881446,0.512148274315733,170,"Pink"
1982,8.19544271628062,-0.937248998218112,170,"Pink"
1983,10.1252095301946,0.992517815695867,170,"Pink"
1984,9.4084742863973,0.27578257189857,170,"Pink"
1985,8.26386280854543,-0.868828905953301,170,"Pink"
1986,8.71148812770843,-0.421203586790299,170,"Pink"
1987,8.78738237751855,-0.345309336980186,170,"Pink"
1988,9.14283454418182,0.0101428296830905,170,"Pink"
1989,9.26345735126072,0.130765636761984,170,"Pink"
1990,9.43251880009969,0.299827085600958,170,"Pink"
1991,8.77630375491248,-0.356387959586251,170,"Pink"
1992,9.26661099327935,0.133919278780621,170,"Pink"
1993,9.73616392082638,0.603472206327651,170,"Pink"
1994,9.53948307037354,0.406791355874805,170,"Pink"
1995,9.34032436211904,0.207632647620313,170,"Pink"
1996,9.06213755077786,-0.0705541637208713,170,"Pink"
1997,9.79146434201135,0.658772627512616,170,"Pink"
1998,9.67387425899506,0.541182544496327,170,"Pink"
1999,8.18081576294369,-0.951875951555038,170,"Pink"
2000,9.0999782482783,-0.0327134662204354,170,"Pink"
2001,8.69847916232215,-0.434212552176585,170,"Pink"
2002,8.7787516646915,-0.353940049807234,170,"Pink"
2003,9.93677469094594,0.804082976447206,170,"Pink"
2004,10.2024398644765,1.06974814997779,170,"Pink"
2005,10.7053812212414,1.57268950674269,170,"Pink"
2006,9.3670705821779,0.23437886767917,170,"Pink"
2007,8.73301381535,-0.399677899148729,170,"Pink"
2008,8.34487885899014,-0.787812855508593,170,"Pink"
2009,8.94518019093408,-0.187511523564656,170,"Pink"
2010,9.24420519669851,0.111513482199775,170,"Pink"
2011,9.54862614472706,0.415934430228332,170,"Pink"
2012,8.45766463544633,-0.675027079052398,170,"Pink"
2013,9.36548805236817,0.232796337869436,170,"Pink"
2014,10.1043493350347,0.971657620535962,170,"Pink"
2015,10.5964108308156,1.4637191163169,170,"Pink"
2016,10.7693647676044,1.63667305310567,170,"Pink"
2017,9.66123467021518,0.528542955716448,170,"Pink"
2018,9.96973215209113,0.837040437592402,170,"Pink"
2019,10.6881365776062,1.55544486310747,170,"Pink"
2020,9.74848314126333,0.615791426764597,170,"Pink"
2021,9.13632623354594,0.00363451904720565,170,"Pink"
2022,9.72266862127516,0.589976906776426,170,"Pink"
2023,9.31822473473019,0.185533020231457,170,"Pink"
2024,9.53351353274451,0.400821818245778,170,"Pink"
2025,9.85457314385308,0.721881429354348,170,"Pink"
1950,7.59075187312232,-1.54193984137641,171,"Pink"
1951,8.41535298029582,-0.717338734202913,171,"Pink"
1952,8.53952719105614,-0.593164523442591,171,"Pink"
1953,8.94901066356235,-0.183681050936381,171,"Pink"
1954,8.68103019396464,-0.451661520534089,171,"Pink"
1955,8.42604282167223,-0.706648892826501,171,"Pink"
1956,9.36354695426093,0.230855239762198,171,"Pink"
1957,9.604971686999,0.472279972500267,171,"Pink"
1958,10.4977006514867,1.36500893698798,171,"Pink"
1959,9.68002759085761,0.547335876358874,171,"Pink"
1960,9.11782042185466,-0.0148712926440724,171,"Pink"
1961,9.71873002582127,0.586038311322536,171,"Pink"
1962,9.2976222038269,0.164930489328167,171,"Pink"
1963,9.78363521893819,0.650943504439461,171,"Pink"
1964,8.35868243376414,-0.774009280734594,171,"Pink"
1965,7.6285507414076,-1.50414097309113,171,"Pink"
1966,8.47966478930579,-0.653026925192938,171,"Pink"
1967,9.17691398991479,0.0442222754160552,171,"Pink"
1968,9.28162998623318,0.148938271734448,171,"Pink"
1969,8.27425485187107,-0.858436862627665,171,"Pink"
1970,8.67903690867954,-0.453654805819193,171,"Pink"
1971,7.66566585169898,-1.46702586279975,171,"Pink"
1972,8.18890574243334,-0.943785972065396,171,"Pink"
1973,8.34169464641147,-0.790997068087259,171,"Pink"
1974,8.64015632205539,-0.492535392443338,171,"Pink"
1975,7.74443762832218,-1.38825408617656,171,"Pink"
1976,8.22952699661255,-0.903164717886184,171,"Pink"
1977,9.13632326655917,0.00363155206043908,171,"Pink"
1978,9.04972698953417,-0.0829647249645595,171,"Pink"
1979,9.06219025452932,-0.0705014599694083,171,"Pink"
1980,8.9160360760159,-0.216655638482831,171,"Pink"
1981,9.64483998881446,0.512148274315733,171,"Pink"
1982,8.19544271628062,-0.937248998218112,171,"Pink"
1983,10.1252095301946,0.992517815695867,171,"Pink"
1984,9.4084742863973,0.27578257189857,171,"Pink"
1985,8.26386280854543,-0.868828905953301,171,"Pink"
1986,8.71148812770843,-0.421203586790299,171,"Pink"
1987,8.78738237751855,-0.345309336980186,171,"Pink"
1988,9.14283454418182,0.0101428296830905,171,"Pink"
1989,9.26345735126072,0.130765636761984,171,"Pink"
1990,9.43251880009969,0.299827085600958,171,"Pink"
1991,8.77630375491248,-0.356387959586251,171,"Pink"
1992,9.26661099327935,0.133919278780621,171,"Pink"
1993,9.73616392082638,0.603472206327651,171,"Pink"
1994,9.53948307037354,0.406791355874805,171,"Pink"
1995,9.34032436211904,0.207632647620313,171,"Pink"
1996,9.06213755077786,-0.0705541637208713,171,"Pink"
1997,9.79146434201135,0.658772627512616,171,"Pink"
1998,9.67387425899506,0.541182544496327,171,"Pink"
1999,8.18081576294369,-0.951875951555038,171,"Pink"
2000,9.0999782482783,-0.0327134662204354,171,"Pink"
2001,8.69847916232215,-0.434212552176585,171,"Pink"
2002,8.7787516646915,-0.353940049807234,171,"Pink"
2003,9.93677469094594,0.804082976447206,171,"Pink"
2004,10.2024398644765,1.06974814997779,171,"Pink"
2005,10.7053812212414,1.57268950674269,171,"Pink"
2006,9.3670705821779,0.23437886767917,171,"Pink"
2007,8.73301381535,-0.399677899148729,171,"Pink"
2008,8.34487885899014,-0.787812855508593,171,"Pink"
2009,8.94518019093408,-0.187511523564656,171,"Pink"
2010,9.24420519669851,0.111513482199775,171,"Pink"
2011,9.54862614472706,0.415934430228332,171,"Pink"
2012,8.45766463544633,-0.675027079052398,171,"Pink"
2013,9.36548805236817,0.232796337869436,171,"Pink"
2014,10.1043493350347,0.971657620535962,171,"Pink"
2015,10.5964108308156,1.4637191163169,171,"Pink"
2016,10.7693647676044,1.63667305310567,171,"Pink"
2017,9.66123467021518,0.528542955716448,171,"Pink"
2018,9.96973215209113,0.837040437592402,171,"Pink"
2019,10.6881365776062,1.55544486310747,171,"Pink"
2020,9.74848314126333,0.615791426764597,171,"Pink"
2021,9.13632623354594,0.00363451904720565,171,"Pink"
2022,9.72266862127516,0.589976906776426,171,"Pink"
2023,9.31822473473019,0.185533020231457,171,"Pink"
2024,9.53351353274451,0.400821818245778,171,"Pink"
2025,9.85457314385308,0.721881429354348,171,"Pink"
1950,7.63636693689558,-1.55293772354881,199,"Pink"
1951,8.44937649038103,-0.739928170063359,199,"Pink"
1952,8.59914245870378,-0.590162201740613,199,"Pink"
1953,8.99753533469306,-0.191769325751329,199,"Pink"
1954,8.7552139626609,-0.434090697783493,199,"Pink"
1955,8.50714054372576,-0.682164116718633,199,"Pink"
1956,9.43461431397332,0.245309653528928,199,"Pink"
1957,9.65636193752288,0.467057277078493,199,"Pink"
1958,10.539987511105,1.35068285066062,199,"Pink"
1959,9.76071672969394,0.571412069249545,199,"Pink"
1960,9.18903681966994,-0.000267840774450523,199,"Pink"
1961,9.79550237125821,0.606197710813819,199,"Pink"
1962,9.36605850855509,0.176753848110699,199,"Pink"
1963,9.83778568108877,0.648481020644375,199,"Pink"
1964,8.40534791681501,-0.783956743629376,199,"Pink"
1965,7.64856113327874,-1.54074352716565,199,"Pink"
1966,8.51997133096059,-0.669333329483799,199,"Pink"
1967,9.22531821992662,0.0360135594822335,199,"Pink"
1968,9.3591562906901,0.169851630245711,199,"Pink"
1969,8.31628370285034,-0.873020957594046,199,"Pink"
1970,8.7190127770106,-0.470291883433791,199,"Pink"
1971,7.70902174048954,-1.48028291995485,199,"Pink"
1972,8.21805237399207,-0.971252286452319,199,"Pink"
1973,8.40406803290049,-0.785236627543898,199,"Pink"
1974,8.70365852779812,-0.485646132646267,199,"Pink"
1975,7.79161375098758,-1.39769090945681,199,"Pink"
1976,8.31063520908356,-0.878669451360836,199,"Pink"
1977,9.21635128392113,0.0270466234767412,199,"Pink"
1978,9.09591036372715,-0.0933942967172393,199,"Pink"
1979,9.09363872475095,-0.0956659356934429,199,"Pink"
1980,8.97213097413381,-0.217173686310577,199,"Pink"
1981,9.71252355310653,0.523218892662135,199,"Pink"
1982,8.24803535143534,-0.941269309009048,199,"Pink"
1983,10.2024426725176,1.01313801207317,199,"Pink"
1984,9.49413526058198,0.304830600137585,199,"Pink"
1985,8.31893326176538,-0.870371398679014,199,"Pink"
1986,8.75791219870249,-0.431392461741898,199,"Pink"
1987,8.84362122747633,-0.345683432968061,199,"Pink"
1988,9.22908022668627,0.0397755662418758,199,"Pink"
1989,9.33993248144786,0.150627821003469,199,"Pink"
1990,9.49408034483592,0.304775684391526,199,"Pink"
1991,8.81566825177934,-0.373636408665046,199,"Pink"
1992,9.28803937964969,0.0987347192053044,199,"Pink"
1993,9.78183046976725,0.592525809322864,199,"Pink"
1994,9.5785532395045,0.389248579060106,199,"Pink"
1995,9.38844690057967,0.19914224013528,199,"Pink"
1996,9.09847349590726,-0.0908311645371346,199,"Pink"
1997,9.83696375952827,0.647659099083877,199,"Pink"
1998,9.70739886495802,0.518094204513634,199,"Pink"
1999,8.23860222763486,-0.950702432809536,199,"Pink"
2000,9.16149653328789,-0.0278081271564979,199,"Pink"
2001,8.75135593944125,-0.437948721003136,199,"Pink"
2002,8.81068015098572,-0.378624509458674,199,"Pink"
2003,10.0093437963062,0.820039135861794,199,"Pink"
2004,10.2469938993454,1.05768923890101,199,"Pink"
2005,10.7682060665554,1.57890140611106,199,"Pink"
2006,9.4203485780292,0.231043917584813,199,"Pink"
2007,8.80149902237786,-0.38780563806653,199,"Pink"
2008,8.44427253140344,-0.745032129040954,199,"Pink"
2009,9.01226545704736,-0.177039203397034,199,"Pink"
2010,9.34493758943346,0.155632928989069,199,"Pink"
2011,9.65267932415008,0.46337466370569,199,"Pink"
2012,8.55506506231096,-0.63423959813343,199,"Pink"
2013,9.41229459974501,0.222989939300619,199,"Pink"
2014,10.1612269481023,0.97192228765793,199,"Pink"
2015,10.6302803887261,1.44097572828174,199,"Pink"
2016,10.827104224099,1.63779956365466,199,"Pink"
2017,9.71883090337117,0.52952624292678,199,"Pink"
2018,10.016747408443,0.827442747998641,199,"Pink"
2019,10.7343849870894,1.54508032664498,199,"Pink"
2020,9.77798063225217,0.588675971807775,199,"Pink"
2021,9.16206502914429,-0.0272396313001044,199,"Pink"
2022,9.79093601968553,0.601631359241142,199,"Pink"
2023,9.35687585671743,0.167571196273036,199,"Pink"
2024,9.59509995248582,0.405795292041431,199,"Pink"
2025,9.89555895328522,0.706254292840825,199,"Pink"
1950,7.63636693689558,-1.55293772354881,200,"Pink"
1951,8.44937649038103,-0.739928170063359,200,"Pink"
1952,8.59914245870378,-0.590162201740613,200,"Pink"
1953,8.99753533469306,-0.191769325751329,200,"Pink"
1954,8.7552139626609,-0.434090697783493,200,"Pink"
1955,8.50714054372576,-0.682164116718633,200,"Pink"
1956,9.43461431397332,0.245309653528928,200,"Pink"
1957,9.65636193752288,0.467057277078493,200,"Pink"
1958,10.539987511105,1.35068285066062,200,"Pink"
1959,9.76071672969394,0.571412069249545,200,"Pink"
1960,9.18903681966994,-0.000267840774450523,200,"Pink"
1961,9.79550237125821,0.606197710813819,200,"Pink"
1962,9.36605850855509,0.176753848110699,200,"Pink"
1963,9.83778568108877,0.648481020644375,200,"Pink"
1964,8.40534791681501,-0.783956743629376,200,"Pink"
1965,7.64856113327874,-1.54074352716565,200,"Pink"
1966,8.51997133096059,-0.669333329483799,200,"Pink"
1967,9.22531821992662,0.0360135594822335,200,"Pink"
1968,9.3591562906901,0.169851630245711,200,"Pink"
1969,8.31628370285034,-0.873020957594046,200,"Pink"
1970,8.7190127770106,-0.470291883433791,200,"Pink"
1971,7.70902174048954,-1.48028291995485,200,"Pink"
1972,8.21805237399207,-0.971252286452319,200,"Pink"
1973,8.40406803290049,-0.785236627543898,200,"Pink"
1974,8.70365852779812,-0.485646132646267,200,"Pink"
1975,7.79161375098758,-1.39769090945681,200,"Pink"
1976,8.31063520908356,-0.878669451360836,200,"Pink"
1977,9.21635128392113,0.0270466234767412,200,"Pink"
1978,9.09591036372715,-0.0933942967172393,200,"Pink"
1979,9.09363872475095,-0.0956659356934429,200,"Pink"
1980,8.97213097413381,-0.217173686310577,200,"Pink"
1981,9.71252355310653,0.523218892662135,200,"Pink"
1982,8.24803535143534,-0.941269309009048,200,"Pink"
1983,10.2024426725176,1.01313801207317,200,"Pink"
1984,9.49413526058198,0.304830600137585,200,"Pink"
1985,8.31893326176538,-0.870371398679014,200,"Pink"
1986,8.75791219870249,-0.431392461741898,200,"Pink"
1987,8.84362122747633,-0.345683432968061,200,"Pink"
1988,9.22908022668627,0.0397755662418758,200,"Pink"
1989,9.33993248144786,0.150627821003469,200,"Pink"
1990,9.49408034483592,0.304775684391526,200,"Pink"
1991,8.81566825177934,-0.373636408665046,200,"Pink"
1992,9.28803937964969,0.0987347192053044,200,"Pink"
1993,9.78183046976725,0.592525809322864,200,"Pink"
1994,9.5785532395045,0.389248579060106,200,"Pink"
1995,9.38844690057967,0.19914224013528,200,"Pink"
1996,9.09847349590726,-0.0908311645371346,200,"Pink"
1997,9.83696375952827,0.647659099083877,200,"Pink"
1998,9.70739886495802,0.518094204513634,200,"Pink"
1999,8.23860222763486,-0.950702432809536,200,"Pink"
2000,9.16149653328789,-0.0278081271564979,200,"Pink"
2001,8.75135593944125,-0.437948721003136,200,"Pink"
2002,8.81068015098572,-0.378624509458674,200,"Pink"
2003,10.0093437963062,0.820039135861794,200,"Pink"
2004,10.2469938993454,1.05768923890101,200,"Pink"
2005,10.7682060665554,1.57890140611106,200,"Pink"
2006,9.4203485780292,0.231043917584813,200,"Pink"
2007,8.80149902237786,-0.38780563806653,200,"Pink"
2008,8.44427253140344,-0.745032129040954,200,"Pink"
2009,9.01226545704736,-0.177039203397034,200,"Pink"
2010,9.34493758943346,0.155632928989069,200,"Pink"
2011,9.65267932415008,0.46337466370569,200,"Pink"
2012,8.55506506231096,-0.63423959813343,200,"Pink"
2013,9.41229459974501,0.222989939300619,200,"Pink"
2014,10.1612269481023,0.97192228765793,200,"Pink"
2015,10.6302803887261,1.44097572828174,200,"Pink"
2016,10.827104224099,1.63779956365466,200,"Pink"
2017,9.71883090337117,0.52952624292678,200,"Pink"
2018,10.016747408443,0.827442747998641,200,"Pink"
2019,10.7343849870894,1.54508032664498,200,"Pink"
2020,9.77798063225217,0.588675971807775,200,"Pink"
2021,9.16206502914429,-0.0272396313001044,200,"Pink"
2022,9.79093601968553,0.601631359241142,200,"Pink"
2023,9.35687585671743,0.167571196273036,200,"Pink"
2024,9.59509995248582,0.405795292041431,200,"Pink"
2025,9.89555895328522,0.706254292840825,200,"Pink"
1950,8.74438693890204,-1.68131469524573,176,"Pink"
1951,10.1072703233132,-0.318431310834576,176,"Pink"
1952,10.049057502013,-0.376644132134789,176,"Pink"
1953,10.5426378158423,0.116936181694488,176,"Pink"
1954,10.4578756552476,0.0321740210998402,176,"Pink"
1955,9.86126241317161,-0.564439220976159,176,"Pink"
1956,10.6410056902812,0.215304056133441,176,"Pink"
1957,11.4173291371419,0.991627502994113,176,"Pink"
1958,11.239520403055,0.813818768907273,176,"Pink"
1959,11.0390310012377,0.613329367089944,176,"Pink"
1960,10.5223195552826,0.0966179211348208,176,"Pink"
1961,11.1567446451921,0.731043011044306,176,"Pink"
1962,10.6543053205197,0.228603686371896,176,"Pink"
1963,10.7361867427826,0.31048510863482,176,"Pink"
1964,9.63930458288927,-0.786397051258506,176,"Pink"
1965,8.74218430885901,-1.68351732528876,176,"Pink"
1966,9.42910169638121,-0.996599937766567,176,"Pink"
1967,10.5452762750479,0.119574640900119,176,"Pink"
1968,11.1616090811216,0.735907446973817,176,"Pink"
1969,9.49696557338421,-0.928736060763565,176,"Pink"
1970,9.56631567844978,-0.859385955697994,176,"Pink"
1971,8.53532615074745,-1.89037548340032,176,"Pink"
1972,8.98176648983589,-1.44393514431189,176,"Pink"
1973,9.27297908526201,-1.15272254888577,176,"Pink"
1974,10.1868050556916,-0.238896578456124,176,"Pink"
1975,8.76887967036321,-1.65682196378457,176,"Pink"
1976,9.8056930578672,-0.620008576280573,176,"Pink"
1977,11.0823314648408,0.656629830693039,176,"Pink"
1978,9.86609111382411,-0.55961052032366,176,"Pink"
1979,10.4951708133404,0.0694691791926347,176,"Pink"
1980,9.98023241299849,-0.445469221149278,176,"Pink"
1981,11.3989129066467,0.973211272498958,176,"Pink"
1982,9.31918632984161,-1.10651530430616,176,"Pink"
1983,11.3268881210914,0.901186486943627,176,"Pink"
1984,11.3919862783872,0.966284644239442,176,"Pink"
1985,9.35454971056718,-1.07115192358059,176,"Pink"
1986,9.6645643894489,-0.761137244698872,176,"Pink"
1987,9.89646772237924,-0.52923391176853,176,"Pink"
1988,10.2540157024677,-0.171685931680078,176,"Pink"
1989,10.6583847541075,0.232683119959774,176,"Pink"
1990,10.7959599953431,0.370258361195368,176,"Pink"
1991,9.61847313550802,-0.807228498639752,176,"Pink"
1992,9.93066411751967,-0.495037516628099,176,"Pink"
1993,11.0452946149386,0.619592980790817,176,"Pink"
1994,10.81899866691,0.393297032762251,176,"Pink"
1995,9.84594561503484,-0.579756019112935,176,"Pink"
1996,10.5721569244678,0.146455290320044,176,"Pink"
1997,11.7656290622858,1.33992742813801,176,"Pink"
1998,10.4175568727347,-0.0081447614131172,176,"Pink"
1999,9.39904754895431,-1.02665408519346,176,"Pink"
2000,10.28505222614,-0.140649408007821,176,"Pink"
2001,10.4514286609796,0.0257270268318665,176,"Pink"
2002,10.2667506199617,-0.158951014186106,176,"Pink"
2003,11.1667210138761,0.741019379728338,176,"Pink"
2004,11.6424522216504,1.21675058750258,176,"Pink"
2005,12.3378198421918,1.91211820804407,176,"Pink"
2006,10.2974403729806,-0.128261261167217,176,"Pink"
2007,10.1527810830336,-0.272920551114139,176,"Pink"
2008,9.86016920896677,-0.565532425181004,176,"Pink"
2009,10.3715079197517,-0.054193714396097,176,"Pink"
2010,10.4494855862397,0.0237839520919683,176,"Pink"
2011,10.6871160452182,0.261414411070475,176,"Pink"
2012,9.67347564147069,-0.752225992677086,176,"Pink"
2013,10.6531962614793,0.227494627331528,176,"Pink"
2014,11.9072793538754,1.48157771972761,176,"Pink"
2015,11.4901725237186,1.06447088957084,176,"Pink"
2016,12.0632483775799,1.63754674343213,176,"Pink"
2017,10.9976413891866,0.57193975503879,176,"Pink"
2018,10.9110289261891,0.485327292041362,176,"Pink"
2019,12.1317242475656,1.70602261341787,176,"Pink"
2020,11.2958318086771,0.870130174529315,176,"Pink"
2021,10.4109405095761,-0.0147611245717116,176,"Pink"
2022,11.3733073289578,0.947605694810003,176,"Pink"
2023,10.5240251009281,0.0983234667803163,176,"Pink"
2024,10.523831138244,0.0981295040962706,176,"Pink"
2025,11.153153694593,0.727452060445221,176,"Pink"
1950,8.74438693890204,-1.68131469524573,177,"Pink"
1951,10.1072703233132,-0.318431310834576,177,"Pink"
1952,10.049057502013,-0.376644132134789,177,"Pink"
1953,10.5426378158423,0.116936181694488,177,"Pink"
1954,10.4578756552476,0.0321740210998402,177,"Pink"
1955,9.86126241317161,-0.564439220976159,177,"Pink"
1956,10.6410056902812,0.215304056133441,177,"Pink"
1957,11.4173291371419,0.991627502994113,177,"Pink"
1958,11.239520403055,0.813818768907273,177,"Pink"
1959,11.0390310012377,0.613329367089944,177,"Pink"
1960,10.5223195552826,0.0966179211348208,177,"Pink"
1961,11.1567446451921,0.731043011044306,177,"Pink"
1962,10.6543053205197,0.228603686371896,177,"Pink"
1963,10.7361867427826,0.31048510863482,177,"Pink"
1964,9.63930458288927,-0.786397051258506,177,"Pink"
1965,8.74218430885901,-1.68351732528876,177,"Pink"
1966,9.42910169638121,-0.996599937766567,177,"Pink"
1967,10.5452762750479,0.119574640900119,177,"Pink"
1968,11.1616090811216,0.735907446973817,177,"Pink"
1969,9.49696557338421,-0.928736060763565,177,"Pink"
1970,9.56631567844978,-0.859385955697994,177,"Pink"
1971,8.53532615074745,-1.89037548340032,177,"Pink"
1972,8.98176648983589,-1.44393514431189,177,"Pink"
1973,9.27297908526201,-1.15272254888577,177,"Pink"
1974,10.1868050556916,-0.238896578456124,177,"Pink"
1975,8.76887967036321,-1.65682196378457,177,"Pink"
1976,9.8056930578672,-0.620008576280573,177,"Pink"
1977,11.0823314648408,0.656629830693039,177,"Pink"
1978,9.86609111382411,-0.55961052032366,177,"Pink"
1979,10.4951708133404,0.0694691791926347,177,"Pink"
1980,9.98023241299849,-0.445469221149278,177,"Pink"
1981,11.3989129066467,0.973211272498958,177,"Pink"
1982,9.31918632984161,-1.10651530430616,177,"Pink"
1983,11.3268881210914,0.901186486943627,177,"Pink"
1984,11.3919862783872,0.966284644239442,177,"Pink"
1985,9.35454971056718,-1.07115192358059,177,"Pink"
1986,9.6645643894489,-0.761137244698872,177,"Pink"
1987,9.89646772237924,-0.52923391176853,177,"Pink"
1988,10.2540157024677,-0.171685931680078,177,"Pink"
1989,10.6583847541075,0.232683119959774,177,"Pink"
1990,10.7959599953431,0.370258361195368,177,"Pink"
1991,9.61847313550802,-0.807228498639752,177,"Pink"
1992,9.93066411751967,-0.495037516628099,177,"Pink"
1993,11.0452946149386,0.619592980790817,177,"Pink"
1994,10.81899866691,0.393297032762251,177,"Pink"
1995,9.84594561503484,-0.579756019112935,177,"Pink"
1996,10.5721569244678,0.146455290320044,177,"Pink"
1997,11.7656290622858,1.33992742813801,177,"Pink"
1998,10.4175568727347,-0.0081447614131172,177,"Pink"
1999,9.39904754895431,-1.02665408519346,177,"Pink"
2000,10.28505222614,-0.140649408007821,177,"Pink"
2001,10.4514286609796,0.0257270268318665,177,"Pink"
2002,10.2667506199617,-0.158951014186106,177,"Pink"
2003,11.1667210138761,0.741019379728338,177,"Pink"
2004,11.6424522216504,1.21675058750258,177,"Pink"
2005,12.3378198421918,1.91211820804407,177,"Pink"
2006,10.2974403729806,-0.128261261167217,177,"Pink"
2007,10.1527810830336,-0.272920551114139,177,"Pink"
2008,9.86016920896677,-0.565532425181004,177,"Pink"
2009,10.3715079197517,-0.054193714396097,177,"Pink"
2010,10.4494855862397,0.0237839520919683,177,"Pink"
2011,10.6871160452182,0.261414411070475,177,"Pink"
2012,9.67347564147069,-0.752225992677086,177,"Pink"
2013,10.6531962614793,0.227494627331528,177,"Pink"
2014,11.9072793538754,1.48157771972761,177,"Pink"
2015,11.4901725237186,1.06447088957084,177,"Pink"
2016,12.0632483775799,1.63754674343213,177,"Pink"
2017,10.9976413891866,0.57193975503879,177,"Pink"
2018,10.9110289261891,0.485327292041362,177,"Pink"
2019,12.1317242475656,1.70602261341787,177,"Pink"
2020,11.2958318086771,0.870130174529315,177,"Pink"
2021,10.4109405095761,-0.0147611245717116,177,"Pink"
2022,11.3733073289578,0.947605694810003,177,"Pink"
2023,10.5240251009281,0.0983234667803163,177,"Pink"
2024,10.523831138244,0.0981295040962706,177,"Pink"
2025,11.153153694593,0.727452060445221,177,"Pink"
1950,7.95620911916097,-1.1156599106854,184,"Pink"
1951,8.52984762787819,-0.542021401968179,184,"Pink"
1952,8.11619308392207,-0.955675945924298,184,"Pink"
1953,9.27820752064387,0.206338490797507,184,"Pink"
1954,8.87607114315033,-0.195797886696034,184,"Pink"
1955,8.29772700468699,-0.774142025159375,184,"Pink"
1956,9.2220445394516,0.150175509605234,184,"Pink"
1957,9.77844579617182,0.70657676632546,184,"Pink"
1958,9.42116286357243,0.349293833726068,184,"Pink"
1959,9.25454837878545,0.182679348939083,184,"Pink"
1960,8.98773027062416,-0.084138759222204,184,"Pink"
1961,9.20212010542552,0.130251075579153,184,"Pink"
1962,8.67112007141113,-0.400748958435234,184,"Pink"
1963,8.80132522980372,-0.270543800042643,184,"Pink"
1964,8.27378603021304,-0.79808299963333,184,"Pink"
1965,7.49431960384051,-1.57754942600586,184,"Pink"
1966,8.18085941076279,-0.891009619083577,184,"Pink"
1967,9.32896177768708,0.25709274784071,184,"Pink"
1968,9.6229651927948,0.551096162948432,184,"Pink"
1969,8.46611938873927,-0.6057496411071,184,"Pink"
1970,8.34059141476949,-0.731277615076874,184,"Pink"
1971,6.99845565656821,-2.07341337327816,184,"Pink"
1972,7.43759442269802,-1.63427460714834,184,"Pink"
1973,8.07535245815913,-0.996516571687238,184,"Pink"
1974,8.95478024482727,-0.117088785019091,184,"Pink"
1975,7.62255678971608,-1.44931224013028,184,"Pink"
1976,8.2428858935833,-0.828983136263069,184,"Pink"
1977,9.70443044900894,0.632561419162576,184,"Pink"
1978,8.36931439638138,-0.702554633464986,184,"Pink"
1979,9.25944266716639,0.18757363732003,184,"Pink"
1980,8.35209027131399,-0.71977875853238,184,"Pink"
1981,10.0965767065684,1.02470767672204,184,"Pink"
1982,7.73625240723292,-1.33561662261345,184,"Pink"
1983,10.0350020607312,0.963133030884883,184,"Pink"
1984,10.0800932725271,1.00822424268069,184,"Pink"
1985,7.99715234041214,-1.07471668943423,184,"Pink"
1986,8.1501200457414,-0.921748984104967,184,"Pink"
1987,9.00515424410502,-0.0667147857413453,184,"Pink"
1988,9.24252353111903,0.170654501272661,184,"Pink"
1989,9.13916183312734,0.0672928032809708,184,"Pink"
1990,9.35392315785091,0.282054128004539,184,"Pink"
1991,8.71650832891464,-0.355360700931725,184,"Pink"
1992,8.84115619659424,-0.230712833252129,184,"Pink"
1993,9.70204898516337,0.63017995531701,184,"Pink"
1994,9.29696458180746,0.225095551961094,184,"Pink"
1995,8.72274202108383,-0.349127008762533,184,"Pink"
1996,9.37843009630839,0.306561066462024,184,"Pink"
1997,10.561123919487,1.48925488964063,184,"Pink"
1998,9.38844647407532,0.316577444228953,184,"Pink"
1999,8.01652927597364,-1.05533975387273,184,"Pink"
2000,9.02145148515701,-0.0504175446893525,184,"Pink"
2001,9.42953338623047,0.357664356384106,184,"Pink"
2002,9.57272355556487,0.500854525718508,184,"Pink"
2003,9.80390155712764,0.73203252728127,184,"Pink"
2004,10.128683368365,1.05681433851861,184,"Pink"
2005,10.8754429419835,1.80357391213718,184,"Pink"
2006,9.06161684989929,-0.0102521799470726,184,"Pink"
2007,8.97410363356273,-0.0977653962836403,184,"Pink"
2008,8.51676347255706,-0.555105557289301,184,"Pink"
2009,8.91287442445755,-0.158994605388817,184,"Pink"
2010,8.65266962051392,-0.419199409332449,184,"Pink"
2011,8.90902016560237,-0.162848864244,184,"Pink"
2012,8.09587216377258,-0.975996866073784,184,"Pink"
2013,9.20561049381892,0.133741463972552,184,"Pink"
2014,10.6171972354253,1.54532820557895,184,"Pink"
2015,10.2646615584691,1.19279252862277,184,"Pink"
2016,11.206414826711,2.13454579686465,184,"Pink"
2017,10.0853940526644,1.01352502281807,184,"Pink"
2018,9.66265172958374,0.590782699737373,184,"Pink"
2019,11.1971430142721,2.12527398442569,184,"Pink"
2020,10.3430178244909,1.2711487946445,184,"Pink"
2021,9.40949256022771,0.337623530381346,184,"Pink"
2022,9.7230309565862,0.651161926739835,184,"Pink"
2023,8.91668527921041,-0.155183750635951,184,"Pink"
2024,9.03719600439072,-0.0346730254556448,184,"Pink"
2025,10.0461568077405,0.974287777894163,184,"Pink"
1950,7.95620911916097,-1.1156599106854,185,"Pink"
1951,8.52984762787819,-0.542021401968179,185,"Pink"
1952,8.11619308392207,-0.955675945924298,185,"Pink"
1953,9.27820752064387,0.206338490797507,185,"Pink"
1954,8.87607114315033,-0.195797886696034,185,"Pink"
1955,8.29772700468699,-0.774142025159375,185,"Pink"
1956,9.2220445394516,0.150175509605234,185,"Pink"
1957,9.77844579617182,0.70657676632546,185,"Pink"
1958,9.42116286357243,0.349293833726068,185,"Pink"
1959,9.25454837878545,0.182679348939083,185,"Pink"
1960,8.98773027062416,-0.084138759222204,185,"Pink"
1961,9.20212010542552,0.130251075579153,185,"Pink"
1962,8.67112007141113,-0.400748958435234,185,"Pink"
1963,8.80132522980372,-0.270543800042643,185,"Pink"
1964,8.27378603021304,-0.79808299963333,185,"Pink"
1965,7.49431960384051,-1.57754942600586,185,"Pink"
1966,8.18085941076279,-0.891009619083577,185,"Pink"
1967,9.32896177768708,0.25709274784071,185,"Pink"
1968,9.6229651927948,0.551096162948432,185,"Pink"
1969,8.46611938873927,-0.6057496411071,185,"Pink"
1970,8.34059141476949,-0.731277615076874,185,"Pink"
1971,6.99845565656821,-2.07341337327816,185,"Pink"
1972,7.43759442269802,-1.63427460714834,185,"Pink"
1973,8.07535245815913,-0.996516571687238,185,"Pink"
1974,8.95478024482727,-0.117088785019091,185,"Pink"
1975,7.62255678971608,-1.44931224013028,185,"Pink"
1976,8.2428858935833,-0.828983136263069,185,"Pink"
1977,9.70443044900894,0.632561419162576,185,"Pink"
1978,8.36931439638138,-0.702554633464986,185,"Pink"
1979,9.25944266716639,0.18757363732003,185,"Pink"
1980,8.35209027131399,-0.71977875853238,185,"Pink"
1981,10.0965767065684,1.02470767672204,185,"Pink"
1982,7.73625240723292,-1.33561662261345,185,"Pink"
1983,10.0350020607312,0.963133030884883,185,"Pink"
1984,10.0800932725271,1.00822424268069,185,"Pink"
1985,7.99715234041214,-1.07471668943423,185,"Pink"
1986,8.1501200457414,-0.921748984104967,185,"Pink"
1987,9.00515424410502,-0.0667147857413453,185,"Pink"
1988,9.24252353111903,0.170654501272661,185,"Pink"
1989,9.13916183312734,0.0672928032809708,185,"Pink"
1990,9.35392315785091,0.282054128004539,185,"Pink"
1991,8.71650832891464,-0.355360700931725,185,"Pink"
1992,8.84115619659424,-0.230712833252129,185,"Pink"
1993,9.70204898516337,0.63017995531701,185,"Pink"
1994,9.29696458180746,0.225095551961094,185,"Pink"
1995,8.72274202108383,-0.349127008762533,185,"Pink"
1996,9.37843009630839,0.306561066462024,185,"Pink"
1997,10.561123919487,1.48925488964063,185,"Pink"
1998,9.38844647407532,0.316577444228953,185,"Pink"
1999,8.01652927597364,-1.05533975387273,185,"Pink"
2000,9.02145148515701,-0.0504175446893525,185,"Pink"
2001,9.42953338623047,0.357664356384106,185,"Pink"
2002,9.57272355556487,0.500854525718508,185,"Pink"
2003,9.80390155712764,0.73203252728127,185,"Pink"
2004,10.128683368365,1.05681433851861,185,"Pink"
2005,10.8754429419835,1.80357391213718,185,"Pink"
2006,9.06161684989929,-0.0102521799470726,185,"Pink"
2007,8.97410363356273,-0.0977653962836403,185,"Pink"
2008,8.51676347255706,-0.555105557289301,185,"Pink"
2009,8.91287442445755,-0.158994605388817,185,"Pink"
2010,8.65266962051392,-0.419199409332449,185,"Pink"
2011,8.90902016560237,-0.162848864244,185,"Pink"
2012,8.09587216377258,-0.975996866073784,185,"Pink"
2013,9.20561049381892,0.133741463972552,185,"Pink"
2014,10.6171972354253,1.54532820557895,185,"Pink"
2015,10.2646615584691,1.19279252862277,185,"Pink"
2016,11.206414826711,2.13454579686465,185,"Pink"
2017,10.0853940526644,1.01352502281807,185,"Pink"
2018,9.66265172958374,0.590782699737373,185,"Pink"
2019,11.1971430142721,2.12527398442569,185,"Pink"
2020,10.3430178244909,1.2711487946445,185,"Pink"
2021,9.40949256022771,0.337623530381346,185,"Pink"
2022,9.7230309565862,0.651161926739835,185,"Pink"
2023,8.91668527921041,-0.155183750635951,185,"Pink"
2024,9.03719600439072,-0.0346730254556448,185,"Pink"
2025,10.0461568077405,0.974287777894163,185,"Pink"
1950,7.53618490364816,-0.801282125753403,186,"Pink"
1951,7.67367959850364,-0.663787430897924,186,"Pink"
1952,7.00108073651791,-1.33638629288366,186,"Pink"
1953,8.72890532679028,0.391438297388717,186,"Pink"
1954,7.94584562381108,-0.39162140559048,186,"Pink"
1955,7.33937941160467,-0.998087617796896,186,"Pink"
1956,8.32746224270927,-0.0100047866922967,186,"Pink"
1957,8.94551473855972,0.608047709158159,186,"Pink"
1958,8.47971751623683,0.142250486835268,186,"Pink"
1959,8.14009497894181,-0.197372050459753,186,"Pink"
1960,8.13418413201968,-0.203282897381885,186,"Pink"
1961,8.08710774448183,-0.250359284919735,186,"Pink"
1962,7.59903635912471,-0.738430670276853,186,"Pink"
1963,7.78141448564,-0.556052543761567,186,"Pink"
1964,7.58467223246892,-0.752794796932643,186,"Pink"
1965,6.90673252112336,-1.43073450827821,186,"Pink"
1966,7.60354234112634,-0.733924688275228,186,"Pink"
1967,8.83178160587947,0.494314576477904,186,"Pink"
1968,8.63723320100042,0.29976617159886,186,"Pink"
1969,8.01033144195875,-0.327135587442817,186,"Pink"
1970,7.59760701325205,-0.739860016149517,186,"Pink"
1971,6.11951542438732,-2.21795160501424,186,"Pink"
1972,6.67006475892332,-1.66740227047825,186,"Pink"
1973,7.34927818510267,-0.98818884429889,186,"Pink"
1974,8.22383994526334,-0.113627084138229,186,"Pink"
1975,7.01204237838586,-1.3254246510157,186,"Pink"
1976,7.30046960380342,-1.03699742559814,186,"Pink"
1977,8.84356646570895,0.506099436307383,186,"Pink"
1978,7.69042605492804,-0.647040974473526,186,"Pink"
1979,8.70023437341054,0.362767344008979,186,"Pink"
1980,7.58202935920821,-0.755437670193353,186,"Pink"
1981,9.31182267268499,0.974355643283424,186,"Pink"
1982,6.94518926077418,-1.39227776862738,186,"Pink"
1983,9.31132857998212,0.973861550580555,186,"Pink"
1984,9.12061142259174,0.783144393190176,186,"Pink"
1985,7.23150991565652,-1.10595711374505,186,"Pink"
1986,7.33554712765747,-1.0019199017441,186,"Pink"
1987,8.50306380457348,0.165596775171918,186,"Pink"
1988,8.51064019070731,0.173173161305747,186,"Pink"
1989,8.36451956298616,0.0270525335845926,186,"Pink"
1990,8.52701054347886,0.189543514077299,186,"Pink"
1991,8.28452860646778,-0.0529384229337894,186,"Pink"
1992,8.27296479211913,-0.0645022372824362,186,"Pink"
1993,9.03309374716547,0.695626717763902,186,"Pink"
1994,8.46112966537476,0.123662635973195,186,"Pink"
1995,8.23114745484459,-0.10631957455698,186,"Pink"
1996,8.63387458191978,0.296407552518212,186,"Pink"
1997,9.84537354111672,1.50790651171515,186,"Pink"
1998,8.81906982594066,0.4816027965391,186,"Pink"
1999,7.28621553215716,-1.05125149724441,186,"Pink"
2000,8.40573191642761,0.0682648870260482,186,"Pink"
2001,8.84153060780631,0.504063578404746,186,"Pink"
2002,9.2769583662351,0.93949133683353,186,"Pink"
2003,9.13880713449584,0.801340105094276,186,"Pink"
2004,9.3798973162969,1.04243028689533,186,"Pink"
2005,10.0623203979598,1.72485336855825,186,"Pink"
2006,8.41355862551265,0.0760915961110893,186,"Pink"
2007,8.38404263224866,0.0465756028471011,186,"Pink"
2008,7.7070022109482,-0.630464818453364,186,"Pink"
2009,7.99078927603033,-0.346677753371238,186,"Pink"
2010,7.64645018511348,-0.691016844288081,186,"Pink"
2011,7.95322180456585,-0.384245224835713,186,"Pink"
2012,7.23162459333738,-1.10584243606419,186,"Pink"
2013,8.47692077358564,0.139453744184073,186,"Pink"
2014,10.0362070997556,1.69874007035404,186,"Pink"
2015,9.63861407836279,1.30114704896122,186,"Pink"
2016,10.7990692986382,2.46160226923667,186,"Pink"
2017,9.50675008363194,1.16928305423037,186,"Pink"
2018,9.0442690120803,0.706801982678732,186,"Pink"
2019,10.6798472801844,2.34238025078286,186,"Pink"
2020,9.8663628631168,1.52889583371523,186,"Pink"
2021,8.95254176855087,0.615074739149308,186,"Pink"
2022,8.79096028871006,0.453493259308497,186,"Pink"
2023,8.14880470600393,-0.188662323397634,186,"Pink"
2024,8.13811118072934,-0.199355848672227,186,"Pink"
2025,9.38281092047691,1.04534389107535,186,"Pink"
1950,7.53618490364816,-0.801282125753403,187,"Pink"
1951,7.67367959850364,-0.663787430897924,187,"Pink"
1952,7.00108073651791,-1.33638629288366,187,"Pink"
1953,8.72890532679028,0.391438297388717,187,"Pink"
1954,7.94584562381108,-0.39162140559048,187,"Pink"
1955,7.33937941160467,-0.998087617796896,187,"Pink"
1956,8.32746224270927,-0.0100047866922967,187,"Pink"
1957,8.94551473855972,0.608047709158159,187,"Pink"
1958,8.47971751623683,0.142250486835268,187,"Pink"
1959,8.14009497894181,-0.197372050459753,187,"Pink"
1960,8.13418413201968,-0.203282897381885,187,"Pink"
1961,8.08710774448183,-0.250359284919735,187,"Pink"
1962,7.59903635912471,-0.738430670276853,187,"Pink"
1963,7.78141448564,-0.556052543761567,187,"Pink"
1964,7.58467223246892,-0.752794796932643,187,"Pink"
1965,6.90673252112336,-1.43073450827821,187,"Pink"
1966,7.60354234112634,-0.733924688275228,187,"Pink"
1967,8.83178160587947,0.494314576477904,187,"Pink"
1968,8.63723320100042,0.29976617159886,187,"Pink"
1969,8.01033144195875,-0.327135587442817,187,"Pink"
1970,7.59760701325205,-0.739860016149517,187,"Pink"
1971,6.11951542438732,-2.21795160501424,187,"Pink"
1972,6.67006475892332,-1.66740227047825,187,"Pink"
1973,7.34927818510267,-0.98818884429889,187,"Pink"
1974,8.22383994526334,-0.113627084138229,187,"Pink"
1975,7.01204237838586,-1.3254246510157,187,"Pink"
1976,7.30046960380342,-1.03699742559814,187,"Pink"
1977,8.84356646570895,0.506099436307383,187,"Pink"
1978,7.69042605492804,-0.647040974473526,187,"Pink"
1979,8.70023437341054,0.362767344008979,187,"Pink"
1980,7.58202935920821,-0.755437670193353,187,"Pink"
1981,9.31182267268499,0.974355643283424,187,"Pink"
1982,6.94518926077418,-1.39227776862738,187,"Pink"
1983,9.31132857998212,0.973861550580555,187,"Pink"
1984,9.12061142259174,0.783144393190176,187,"Pink"
1985,7.23150991565652,-1.10595711374505,187,"Pink"
1986,7.33554712765747,-1.0019199017441,187,"Pink"
1987,8.50306380457348,0.165596775171918,187,"Pink"
1988,8.51064019070731,0.173173161305747,187,"Pink"
1989,8.36451956298616,0.0270525335845926,187,"Pink"
1990,8.52701054347886,0.189543514077299,187,"Pink"
1991,8.28452860646778,-0.0529384229337894,187,"Pink"
1992,8.27296479211913,-0.0645022372824362,187,"Pink"
1993,9.03309374716547,0.695626717763902,187,"Pink"
1994,8.46112966537476,0.123662635973195,187,"Pink"
1995,8.23114745484459,-0.10631957455698,187,"Pink"
1996,8.63387458191978,0.296407552518212,187,"Pink"
1997,9.84537354111672,1.50790651171515,187,"Pink"
1998,8.81906982594066,0.4816027965391,187,"Pink"
1999,7.28621553215716,-1.05125149724441,187,"Pink"
2000,8.40573191642761,0.0682648870260482,187,"Pink"
2001,8.84153060780631,0.504063578404746,187,"Pink"
2002,9.2769583662351,0.93949133683353,187,"Pink"
2003,9.13880713449584,0.801340105094276,187,"Pink"
2004,9.3798973162969,1.04243028689533,187,"Pink"
2005,10.0623203979598,1.72485336855825,187,"Pink"
2006,8.41355862551265,0.0760915961110893,187,"Pink"
2007,8.38404263224866,0.0465756028471011,187,"Pink"
2008,7.7070022109482,-0.630464818453364,187,"Pink"
2009,7.99078927603033,-0.346677753371238,187,"Pink"
2010,7.64645018511348,-0.691016844288081,187,"Pink"
2011,7.95322180456585,-0.384245224835713,187,"Pink"
2012,7.23162459333738,-1.10584243606419,187,"Pink"
2013,8.47692077358564,0.139453744184073,187,"Pink"
2014,10.0362070997556,1.69874007035404,187,"Pink"
2015,9.63861407836279,1.30114704896122,187,"Pink"
2016,10.7990692986382,2.46160226923667,187,"Pink"
2017,9.50675008363194,1.16928305423037,187,"Pink"
2018,9.0442690120803,0.706801982678732,187,"Pink"
2019,10.6798472801844,2.34238025078286,187,"Pink"
2020,9.8663628631168,1.52889583371523,187,"Pink"
2021,8.95254176855087,0.615074739149308,187,"Pink"
2022,8.79096028871006,0.453493259308497,187,"Pink"
2023,8.14880470600393,-0.188662323397634,187,"Pink"
2024,8.13811118072934,-0.199355848672227,187,"Pink"
2025,9.38281092047691,1.04534389107535,187,"Pink"
1950,7.3622047483921,-0.637937150063784,188,"Pink"
1951,7.41036170870066,-0.589780189755234,188,"Pink"
1952,6.65658932328224,-1.34355257517365,188,"Pink"
1953,8.49464430212975,0.494502403673858,188,"Pink"
1954,7.56866413652897,-0.431477761926922,188,"Pink"
1955,6.99486200660467,-1.00527989185122,188,"Pink"
1956,7.83563502430916,-0.164506874146729,188,"Pink"
1957,8.65071793198585,0.650576033529963,188,"Pink"
1958,8.06179436147213,0.0616524630162405,188,"Pink"
1959,7.73789658546448,-0.262245312991411,188,"Pink"
1960,7.84465545415878,-0.155486444297106,188,"Pink"
1961,7.69912575483322,-0.301016143622666,188,"Pink"
1962,7.30386876761913,-0.696273130836758,188,"Pink"
1963,7.46159067153931,-0.53855122691658,188,"Pink"
1964,7.36734789907932,-0.632793999376568,188,"Pink"
1965,6.77383910566569,-1.2263027927902,188,"Pink"
1966,7.35438950955868,-0.645752388897212,188,"Pink"
1967,8.60918425917626,0.609042360720369,188,"Pink"
1968,8.14584772586823,0.145705827412337,188,"Pink"
1969,7.8676724255085,-0.132469472947388,188,"Pink"
1970,7.27774314582348,-0.722398752632409,188,"Pink"
1971,5.83920395262539,-2.1609379458305,188,"Pink"
1972,6.46107232570648,-1.53906957274941,188,"Pink"
1973,6.96857309341431,-1.03156880504158,188,"Pink"
1974,7.85303649306297,-0.147105405392914,188,"Pink"
1975,6.7760076597333,-1.22413423872259,188,"Pink"
1976,6.9099755525589,-1.09016634589699,188,"Pink"
1977,8.45197984725237,0.45183794879648,188,"Pink"
1978,7.43581598699093,-0.56432591146496,188,"Pink"
1979,8.44014931917191,0.440007420716016,188,"Pink"
1980,7.36689933240413,-0.633242566051755,188,"Pink"
1981,8.88092688918114,0.880784990725248,188,"Pink"
1982,6.72401159405708,-1.27613030439881,188,"Pink"
1983,8.76805209219456,0.767910193738667,188,"Pink"
1984,8.61710346341133,0.616961564955441,188,"Pink"
1985,6.95858121663332,-1.04156068182257,188,"Pink"
1986,7.08068013936281,-0.919461759093077,188,"Pink"
1987,8.14780759811401,0.147665699658123,188,"Pink"
1988,7.97715666294098,-0.0229852355149092,188,"Pink"
1989,7.99660994410514,-0.00353195435074438,188,"Pink"
1990,8.08881444633007,0.0886725478741842,188,"Pink"
1991,7.97721752822399,-0.0229243702318979,188,"Pink"
1992,8.01411734521389,0.0139754467579985,188,"Pink"
1993,8.70446872413159,0.704326825675696,188,"Pink"
1994,8.06556886732579,0.0654269688698963,188,"Pink"
1995,7.96208018362523,-0.038061714830664,188,"Pink"
1996,8.30672722458839,0.306585326132503,188,"Pink"
1997,9.42057831287384,1.42043641441795,188,"Pink"
1998,8.4046983987093,0.404556500253407,188,"Pink"
1999,7.06477884203195,-0.935363056423935,188,"Pink"
2000,8.18789257407188,0.187750675615996,188,"Pink"
2001,8.53517409563065,0.535032197174758,188,"Pink"
2002,8.9579857468605,0.957843848404613,188,"Pink"
2003,8.80025640428066,0.800114505824773,188,"Pink"
2004,8.98144586086273,0.981303962406844,188,"Pink"
2005,9.52804237008095,1.52790047162506,188,"Pink"
2006,8.07340717017651,0.0732652717206171,188,"Pink"
2007,8.0517138287425,0.0515719302866136,188,"Pink"
2008,7.35428714305162,-0.645854755404266,188,"Pink"
2009,7.55637932568788,-0.443762572768005,188,"Pink"
2010,7.25846182405949,-0.741680074396402,188,"Pink"
2011,7.57265003919601,-0.427491859259875,188,"Pink"
2012,6.93963019251823,-1.06051170593766,188,"Pink"
2013,8.1501058101654,0.149963911709516,188,"Pink"
2014,9.76363818645477,1.76349628799888,188,"Pink"
2015,9.20974581241608,1.20960391396019,188,"Pink"
2016,10.3278173208237,2.32767542236778,188,"Pink"
2017,9.01470228731632,1.01456038886043,188,"Pink"
2018,8.63649057149887,0.636348673042981,188,"Pink"
2019,10.2440864622593,2.2439445638034,188,"Pink"
2020,9.54804471731186,1.54790281885597,188,"Pink"
2021,8.69780618548393,0.697664287028045,188,"Pink"
2022,8.47926677465439,0.479124876198499,188,"Pink"
2023,7.93779952675104,-0.0623423717048494,188,"Pink"
2024,7.79688372612,-0.203258172335893,188,"Pink"
2025,8.9939760684967,0.993834170040812,188,"Pink"
1950,7.3622047483921,-0.637937150063784,189,"Pink"
1951,7.41036170870066,-0.589780189755234,189,"Pink"
1952,6.65658932328224,-1.34355257517365,189,"Pink"
1953,8.49464430212975,0.494502403673858,189,"Pink"
1954,7.56866413652897,-0.431477761926922,189,"Pink"
1955,6.99486200660467,-1.00527989185122,189,"Pink"
1956,7.83563502430916,-0.164506874146729,189,"Pink"
1957,8.65071793198585,0.650576033529963,189,"Pink"
1958,8.06179436147213,0.0616524630162405,189,"Pink"
1959,7.73789658546448,-0.262245312991411,189,"Pink"
1960,7.84465545415878,-0.155486444297106,189,"Pink"
1961,7.69912575483322,-0.301016143622666,189,"Pink"
1962,7.30386876761913,-0.696273130836758,189,"Pink"
1963,7.46159067153931,-0.53855122691658,189,"Pink"
1964,7.36734789907932,-0.632793999376568,189,"Pink"
1965,6.77383910566569,-1.2263027927902,189,"Pink"
1966,7.35438950955868,-0.645752388897212,189,"Pink"
1967,8.60918425917626,0.609042360720369,189,"Pink"
1968,8.14584772586823,0.145705827412337,189,"Pink"
1969,7.8676724255085,-0.132469472947388,189,"Pink"
1970,7.27774314582348,-0.722398752632409,189,"Pink"
1971,5.83920395262539,-2.1609379458305,189,"Pink"
1972,6.46107232570648,-1.53906957274941,189,"Pink"
1973,6.96857309341431,-1.03156880504158,189,"Pink"
1974,7.85303649306297,-0.147105405392914,189,"Pink"
1975,6.7760076597333,-1.22413423872259,189,"Pink"
1976,6.9099755525589,-1.09016634589699,189,"Pink"
1977,8.45197984725237,0.45183794879648,189,"Pink"
1978,7.43581598699093,-0.56432591146496,189,"Pink"
1979,8.44014931917191,0.440007420716016,189,"Pink"
1980,7.36689933240413,-0.633242566051755,189,"Pink"
1981,8.88092688918114,0.880784990725248,189,"Pink"
1982,6.72401159405708,-1.27613030439881,189,"Pink"
1983,8.76805209219456,0.767910193738667,189,"Pink"
1984,8.61710346341133,0.616961564955441,189,"Pink"
1985,6.95858121663332,-1.04156068182257,189,"Pink"
1986,7.08068013936281,-0.919461759093077,189,"Pink"
1987,8.14780759811401,0.147665699658123,189,"Pink"
1988,7.97715666294098,-0.0229852355149092,189,"Pink"
1989,7.99660994410514,-0.00353195435074438,189,"Pink"
1990,8.08881444633007,0.0886725478741842,189,"Pink"
1991,7.97721752822399,-0.0229243702318979,189,"Pink"
1992,8.01411734521389,0.0139754467579985,189,"Pink"
1993,8.70446872413159,0.704326825675696,189,"Pink"
1994,8.06556886732579,0.0654269688698963,189,"Pink"
1995,7.96208018362523,-0.038061714830664,189,"Pink"
1996,8.30672722458839,0.306585326132503,189,"Pink"
1997,9.42057831287384,1.42043641441795,189,"Pink"
1998,8.4046983987093,0.404556500253407,189,"Pink"
1999,7.06477884203195,-0.935363056423935,189,"Pink"
2000,8.18789257407188,0.187750675615996,189,"Pink"
2001,8.53517409563065,0.535032197174758,189,"Pink"
2002,8.9579857468605,0.957843848404613,189,"Pink"
2003,8.80025640428066,0.800114505824773,189,"Pink"
2004,8.98144586086273,0.981303962406844,189,"Pink"
2005,9.52804237008095,1.52790047162506,189,"Pink"
2006,8.07340717017651,0.0732652717206171,189,"Pink"
2007,8.0517138287425,0.0515719302866136,189,"Pink"
2008,7.35428714305162,-0.645854755404266,189,"Pink"
2009,7.55637932568788,-0.443762572768005,189,"Pink"
2010,7.25846182405949,-0.741680074396402,189,"Pink"
2011,7.57265003919601,-0.427491859259875,189,"Pink"
2012,6.93963019251823,-1.06051170593766,189,"Pink"
2013,8.1501058101654,0.149963911709516,189,"Pink"
2014,9.76363818645477,1.76349628799888,189,"Pink"
2015,9.20974581241608,1.20960391396019,189,"Pink"
2016,10.3278173208237,2.32767542236778,189,"Pink"
2017,9.01470228731632,1.01456038886043,189,"Pink"
2018,8.63649057149887,0.636348673042981,189,"Pink"
2019,10.2440864622593,2.2439445638034,189,"Pink"
2020,9.54804471731186,1.54790281885597,189,"Pink"
2021,8.69780618548393,0.697664287028045,189,"Pink"
2022,8.47926677465439,0.479124876198499,189,"Pink"
2023,7.93779952675104,-0.0623423717048494,189,"Pink"
2024,7.79688372612,-0.203258172335893,189,"Pink"
2025,8.9939760684967,0.993834170040812,189,"Pink"
1950,8.76268373727798,-0.421080710136728,190,"Pink"
1951,8.73785527646542,-0.445909170949295,190,"Pink"
1952,7.87786387503147,-1.30590057238324,190,"Pink"
1953,9.72261996269226,0.53885551527755,190,"Pink"
1954,8.66099796891212,-0.522766478502588,190,"Pink"
1955,8.1036374270916,-1.08012702032311,190,"Pink"
1956,8.93901577591896,-0.24474867149575,190,"Pink"
1957,9.78326789140701,0.599503443992301,190,"Pink"
1958,9.11772809624672,-0.0660363511679927,190,"Pink"
1959,8.77613959312439,-0.407624854290325,190,"Pink"
1960,9.13601141571999,-0.0477530316947242,190,"Pink"
1961,8.56749632358551,-0.616268123829199,190,"Pink"
1962,8.59146490991115,-0.59229953750356,190,"Pink"
1963,8.74414827227593,-0.439616175138786,190,"Pink"
1964,8.37818608283997,-0.805578364574746,190,"Pink"
1965,8.27330450415611,-0.910459943258599,190,"Pink"
1966,8.52067900896072,-0.663085438453989,190,"Pink"
1967,9.7684612929821,0.58469684556739,190,"Pink"
1968,9.190598487854,0.00683404043929192,190,"Pink"
1969,9.30889755487442,0.125133107459709,190,"Pink"
1970,8.41959508061409,-0.764169366800622,190,"Pink"
1971,6.961318603158,-2.22244584425672,190,"Pink"
1972,7.6894983202219,-1.49426612719281,190,"Pink"
1973,8.06905292272568,-1.11471152468903,190,"Pink"
1974,9.18921885490418,0.00545440748946382,190,"Pink"
1975,8.00758728086948,-1.17617716654523,190,"Pink"
1976,8.03256888091564,-1.15119556649907,190,"Pink"
1977,9.94355095624924,0.759786508834526,190,"Pink"
1978,8.56628546714783,-0.617478980266885,190,"Pink"
1979,9.71028962731361,0.526525179898902,190,"Pink"
1980,8.47861310839653,-0.705151339018181,190,"Pink"
1981,9.93337757587433,0.749613128459617,190,"Pink"
1982,7.83753848671913,-1.34622596069558,190,"Pink"
1983,9.873072463274,0.689308015859286,190,"Pink"
1984,9.71521873474121,0.531454287326499,190,"Pink"
1985,8.21510318517685,-0.96866126223786,190,"Pink"
1986,8.35152653455734,-0.832237912857371,190,"Pink"
1987,9.40221741199493,0.218452964580222,190,"Pink"
1988,9.07212617993355,-0.111638267481163,190,"Pink"
1989,9.2758236348629,0.0920591874481868,190,"Pink"
1990,9.18572414517403,0.00195969775931638,190,"Pink"
1991,9.31780771017075,0.134043262756035,190,"Pink"
1992,9.07373494505882,-0.110029502355892,190,"Pink"
1993,9.80212068557739,0.618356238162679,190,"Pink"
1994,9.0949027478695,-0.088861699545217,190,"Pink"
1995,9.41298075914383,0.229216311729122,190,"Pink"
1996,9.23977063298225,0.0560061855675397,190,"Pink"
1997,10.5874964296818,1.40373198226707,190,"Pink"
1998,9.47244193553925,0.288677488124535,190,"Pink"
1999,8.50707461237907,-0.676689835035639,190,"Pink"
2000,9.35993400812149,0.176169560706778,190,"Pink"
2001,9.57869287729263,0.39492842987792,190,"Pink"
2002,10.0683003127575,0.884535865342777,190,"Pink"
2003,10.1474801957607,0.963715748346015,190,"Pink"
2004,10.0948992013931,0.911134753978416,190,"Pink"
2005,10.5284509778023,1.34468653038757,190,"Pink"
2006,9.2982992708683,0.11453482345359,190,"Pink"
2007,9.3833077609539,0.199543313539191,190,"Pink"
2008,8.64861546754837,-0.53514897986634,190,"Pink"
2009,8.65102622509002,-0.532738222324687,190,"Pink"
2010,8.5176102489233,-0.666154198491411,190,"Pink"
2011,8.57493772506714,-0.608826722347573,190,"Pink"
2012,8.09070129990578,-1.09306314750893,190,"Pink"
2013,9.39419061541557,0.21042616800086,190,"Pink"
2014,11.1409781932831,1.95721374586836,190,"Pink"
2015,10.2471726715565,1.06340822414176,190,"Pink"
2016,11.6650629401207,2.48129849270599,190,"Pink"
2017,9.96892265081406,0.785158203399347,190,"Pink"
2018,9.90676814317703,0.72300369576232,190,"Pink"
2019,11.4726868927479,2.28892244533317,190,"Pink"
2020,10.5974811553955,1.4137167079808,190,"Pink"
2021,10.0457873821259,0.862022934711142,190,"Pink"
2022,9.63480307459831,0.451038627183599,190,"Pink"
2023,9.29856079220771,0.114796344793004,190,"Pink"
2024,8.92206761837006,-0.261696829044653,190,"Pink"
2025,10.2298400998116,1.04607565239684,190,"Pink"
1950,8.76268373727798,-0.421080710136728,191,"Pink"
1951,8.73785527646542,-0.445909170949295,191,"Pink"
1952,7.87786387503147,-1.30590057238324,191,"Pink"
1953,9.72261996269226,0.53885551527755,191,"Pink"
1954,8.66099796891212,-0.522766478502588,191,"Pink"
1955,8.1036374270916,-1.08012702032311,191,"Pink"
1956,8.93901577591896,-0.24474867149575,191,"Pink"
1957,9.78326789140701,0.599503443992301,191,"Pink"
1958,9.11772809624672,-0.0660363511679927,191,"Pink"
1959,8.77613959312439,-0.407624854290325,191,"Pink"
1960,9.13601141571999,-0.0477530316947242,191,"Pink"
1961,8.56749632358551,-0.616268123829199,191,"Pink"
1962,8.59146490991115,-0.59229953750356,191,"Pink"
1963,8.74414827227593,-0.439616175138786,191,"Pink"
1964,8.37818608283997,-0.805578364574746,191,"Pink"
1965,8.27330450415611,-0.910459943258599,191,"Pink"
1966,8.52067900896072,-0.663085438453989,191,"Pink"
1967,9.7684612929821,0.58469684556739,191,"Pink"
1968,9.190598487854,0.00683404043929192,191,"Pink"
1969,9.30889755487442,0.125133107459709,191,"Pink"
1970,8.41959508061409,-0.764169366800622,191,"Pink"
1971,6.961318603158,-2.22244584425672,191,"Pink"
1972,7.6894983202219,-1.49426612719281,191,"Pink"
1973,8.06905292272568,-1.11471152468903,191,"Pink"
1974,9.18921885490418,0.00545440748946382,191,"Pink"
1975,8.00758728086948,-1.17617716654523,191,"Pink"
1976,8.03256888091564,-1.15119556649907,191,"Pink"
1977,9.94355095624924,0.759786508834526,191,"Pink"
1978,8.56628546714783,-0.617478980266885,191,"Pink"
1979,9.71028962731361,0.526525179898902,191,"Pink"
1980,8.47861310839653,-0.705151339018181,191,"Pink"
1981,9.93337757587433,0.749613128459617,191,"Pink"
1982,7.83753848671913,-1.34622596069558,191,"Pink"
1983,9.873072463274,0.689308015859286,191,"Pink"
1984,9.71521873474121,0.531454287326499,191,"Pink"
1985,8.21510318517685,-0.96866126223786,191,"Pink"
1986,8.35152653455734,-0.832237912857371,191,"Pink"
1987,9.40221741199493,0.218452964580222,191,"Pink"
1988,9.07212617993355,-0.111638267481163,191,"Pink"
1989,9.2758236348629,0.0920591874481868,191,"Pink"
1990,9.18572414517403,0.00195969775931638,191,"Pink"
1991,9.31780771017075,0.134043262756035,191,"Pink"
1992,9.07373494505882,-0.110029502355892,191,"Pink"
1993,9.80212068557739,0.618356238162679,191,"Pink"
1994,9.0949027478695,-0.088861699545217,191,"Pink"
1995,9.41298075914383,0.229216311729122,191,"Pink"
1996,9.23977063298225,0.0560061855675397,191,"Pink"
1997,10.5874964296818,1.40373198226707,191,"Pink"
1998,9.47244193553925,0.288677488124535,191,"Pink"
1999,8.50707461237907,-0.676689835035639,191,"Pink"
2000,9.35993400812149,0.176169560706778,191,"Pink"
2001,9.57869287729263,0.39492842987792,191,"Pink"
2002,10.0683003127575,0.884535865342777,191,"Pink"
2003,10.1474801957607,0.963715748346015,191,"Pink"
2004,10.0948992013931,0.911134753978416,191,"Pink"
2005,10.5284509778023,1.34468653038757,191,"Pink"
2006,9.2982992708683,0.11453482345359,191,"Pink"
2007,9.3833077609539,0.199543313539191,191,"Pink"
2008,8.64861546754837,-0.53514897986634,191,"Pink"
2009,8.65102622509002,-0.532738222324687,191,"Pink"
2010,8.5176102489233,-0.666154198491411,191,"Pink"
2011,8.57493772506714,-0.608826722347573,191,"Pink"
2012,8.09070129990578,-1.09306314750893,191,"Pink"
2013,9.39419061541557,0.21042616800086,191,"Pink"
2014,11.1409781932831,1.95721374586836,191,"Pink"
2015,10.2471726715565,1.06340822414176,191,"Pink"
2016,11.6650629401207,2.48129849270599,191,"Pink"
2017,9.96892265081406,0.785158203399347,191,"Pink"
2018,9.90676814317703,0.72300369576232,191,"Pink"
2019,11.4726868927479,2.28892244533317,191,"Pink"
2020,10.5974811553955,1.4137167079808,191,"Pink"
2021,10.0457873821259,0.862022934711142,191,"Pink"
2022,9.63480307459831,0.451038627183599,191,"Pink"
2023,9.29856079220771,0.114796344793004,191,"Pink"
2024,8.92206761837006,-0.261696829044653,191,"Pink"
2025,10.2298400998116,1.04607565239684,191,"Pink"
1950,2.90982013940811,-4.33209182751617,201,"Pink"
1951,4.72821938991547,-2.51369257700881,201,"Pink"
1952,3.50273900140416,-3.73917296552012,201,"Pink"
1953,4.65574080835689,-2.58617115856739,201,"Pink"
1954,6.44059247862209,-0.801319488302186,201,"Pink"
1955,6.95134965127165,-0.290562315652632,201,"Pink"
1956,8.2971930178729,1.05528105094862,201,"Pink"
1957,6.44241898168217,-0.799492985242108,201,"Pink"
1958,9.00027760592374,1.75836563899946,201,"Pink"
1959,5.68948901783336,-1.55242294909091,201,"Pink"
1960,8.23277549852024,0.990863531595966,201,"Pink"
1961,5.5529067651792,-1.68900520174508,201,"Pink"
1962,7.26768269863996,0.0257707317156786,201,"Pink"
1963,7.17013842951168,-0.0717735374125996,201,"Pink"
1964,4.50085776841099,-2.74105419851329,201,"Pink"
1965,5.25999308174307,-1.98191888518121,201,"Pink"
1966,7.2643973691897,0.0224854022654175,201,"Pink"
1967,8.1946555592797,0.952743592355426,201,"Pink"
1968,6.84206772392446,-0.399844242999816,201,"Pink"
1969,7.15186411684209,-0.0900478500821846,201,"Pink"
1970,6.37606879255988,-0.865843174364396,201,"Pink"
1971,6.55687527223067,-0.68503669469361,201,"Pink"
1972,6.94284274903211,-0.299069217892171,201,"Pink"
1973,6.59228016029705,-0.649631806627232,201,"Pink"
1974,8.49241983348673,1.25050786656245,201,"Pink"
1975,6.63780483603477,-0.604107130889505,201,"Pink"
1976,7.42912871187384,0.187216744949558,201,"Pink"
1977,7.59009683132172,0.348184864397442,201,"Pink"
1978,8.61769554289904,1.37578357597477,201,"Pink"
1979,8.05018709870902,0.80827513178474,201,"Pink"
1980,7.48796453259208,0.246052565667801,201,"Pink"
1981,7.93098241090775,0.689070443983467,201,"Pink"
1982,7.44683662056923,0.20492465364495,201,"Pink"
1983,7.18262325633656,-0.0592887105877165,201,"Pink"
1984,6.86114052750847,-0.380771439415803,201,"Pink"
1985,6.88202131607316,-0.359890650851122,201,"Pink"
1986,7.23651974309575,-0.00539222382853175,201,"Pink"
1987,6.13710463859818,-1.10480732832609,201,"Pink"
1988,6.97005666385997,-0.271855303064305,201,"Pink"
1989,7.36353760957718,0.121625642652901,201,"Pink"
1990,7.34032717618075,0.0984152092564743,201,"Pink"
1991,7.29878691651605,0.0568749495917674,201,"Pink"
1992,4.4434118270874,-2.79850013983688,201,"Pink"
1993,7.32191704349084,0.0800050765665633,201,"Pink"
1994,7.1464204788208,-0.0954914881034768,201,"Pink"
1995,7.17923025651412,-0.0626817104101606,201,"Pink"
1996,7.69694399562749,0.455032028703212,201,"Pink"
1997,7.33404377644713,0.0921318095228469,201,"Pink"
1998,5.62486139752648,-1.6170505693978,201,"Pink"
1999,6.77696730331941,-0.464944663604869,201,"Pink"
2000,5.86676438288255,-1.37514758404173,201,"Pink"
2001,6.00454312833873,-1.23736883858555,201,"Pink"
2002,7.43068232319572,0.188770356271442,201,"Pink"
2003,8.18521371212872,0.943301745204444,201,"Pink"
2004,8.88674653118307,1.64483456425879,201,"Pink"
2005,8.99671514467759,1.75480317775331,201,"Pink"
2006,8.68734689192338,1.44543492499911,201,"Pink"
2007,7.43233932961117,0.190427362686891,201,"Pink"
2008,7.58447976003994,0.342567793115657,201,"Pink"
2009,7.85954257033088,0.617630603406603,201,"Pink"
2010,7.463244847276,0.221332880351718,201,"Pink"
2011,8.07438857988878,0.832476612964498,201,"Pink"
2012,6.92253046685999,-0.319381500064289,201,"Pink"
2013,8.66191306439313,1.42000109746885,201,"Pink"
2014,9.40877311338078,2.1668611464565,201,"Pink"
2015,8.36216277425939,1.12025080733512,201,"Pink"
2016,8.34820251031355,1.10629054338928,201,"Pink"
2017,9.83787048946727,2.59595852254299,201,"Pink"
2018,10.5577324953946,3.31582052847034,201,"Pink"
2019,10.3901951746507,3.14828320772643,201,"Pink"
2020,9.08932892300866,1.84741695608438,201,"Pink"
2021,7.73279477655888,0.490882809634598,201,"Pink"
2022,7.87378617308357,0.631874206159287,201,"Pink"
2023,7.66751371188597,0.425601744961693,201,"Pink"
2024,6.55857609618794,-0.683335870736338,201,"Pink"
2025,8.67077408595519,1.42886211903091,201,"Pink"
1950,2.90982013940811,-4.33209182751617,202,"Pink"
1951,4.72821938991547,-2.51369257700881,202,"Pink"
1952,3.50273900140416,-3.73917296552012,202,"Pink"
1953,4.65574080835689,-2.58617115856739,202,"Pink"
1954,6.44059247862209,-0.801319488302186,202,"Pink"
1955,6.95134965127165,-0.290562315652632,202,"Pink"
1956,8.2971930178729,1.05528105094862,202,"Pink"
1957,6.44241898168217,-0.799492985242108,202,"Pink"
1958,9.00027760592374,1.75836563899946,202,"Pink"
1959,5.68948901783336,-1.55242294909091,202,"Pink"
1960,8.23277549852024,0.990863531595966,202,"Pink"
1961,5.5529067651792,-1.68900520174508,202,"Pink"
1962,7.26768269863996,0.0257707317156786,202,"Pink"
1963,7.17013842951168,-0.0717735374125996,202,"Pink"
1964,4.50085776841099,-2.74105419851329,202,"Pink"
1965,5.25999308174307,-1.98191888518121,202,"Pink"
1966,7.2643973691897,0.0224854022654175,202,"Pink"
1967,8.1946555592797,0.952743592355426,202,"Pink"
1968,6.84206772392446,-0.399844242999816,202,"Pink"
1969,7.15186411684209,-0.0900478500821846,202,"Pink"
1970,6.37606879255988,-0.865843174364396,202,"Pink"
1971,6.55687527223067,-0.68503669469361,202,"Pink"
1972,6.94284274903211,-0.299069217892171,202,"Pink"
1973,6.59228016029705,-0.649631806627232,202,"Pink"
1974,8.49241983348673,1.25050786656245,202,"Pink"
1975,6.63780483603477,-0.604107130889505,202,"Pink"
1976,7.42912871187384,0.187216744949558,202,"Pink"
1977,7.59009683132172,0.348184864397442,202,"Pink"
1978,8.61769554289904,1.37578357597477,202,"Pink"
1979,8.05018709870902,0.80827513178474,202,"Pink"
1980,7.48796453259208,0.246052565667801,202,"Pink"
1981,7.93098241090775,0.689070443983467,202,"Pink"
1982,7.44683662056923,0.20492465364495,202,"Pink"
1983,7.18262325633656,-0.0592887105877165,202,"Pink"
1984,6.86114052750847,-0.380771439415803,202,"Pink"
1985,6.88202131607316,-0.359890650851122,202,"Pink"
1986,7.23651974309575,-0.00539222382853175,202,"Pink"
1987,6.13710463859818,-1.10480732832609,202,"Pink"
1988,6.97005666385997,-0.271855303064305,202,"Pink"
1989,7.36353760957718,0.121625642652901,202,"Pink"
1990,7.34032717618075,0.0984152092564743,202,"Pink"
1991,7.29878691651605,0.0568749495917674,202,"Pink"
1992,4.4434118270874,-2.79850013983688,202,"Pink"
1993,7.32191704349084,0.0800050765665633,202,"Pink"
1994,7.1464204788208,-0.0954914881034768,202,"Pink"
1995,7.17923025651412,-0.0626817104101606,202,"Pink"
1996,7.69694399562749,0.455032028703212,202,"Pink"
1997,7.33404377644713,0.0921318095228469,202,"Pink"
1998,5.62486139752648,-1.6170505693978,202,"Pink"
1999,6.77696730331941,-0.464944663604869,202,"Pink"
2000,5.86676438288255,-1.37514758404173,202,"Pink"
2001,6.00454312833873,-1.23736883858555,202,"Pink"
2002,7.43068232319572,0.188770356271442,202,"Pink"
2003,8.18521371212872,0.943301745204444,202,"Pink"
2004,8.88674653118307,1.64483456425879,202,"Pink"
2005,8.99671514467759,1.75480317775331,202,"Pink"
2006,8.68734689192338,1.44543492499911,202,"Pink"
2007,7.43233932961117,0.190427362686891,202,"Pink"
2008,7.58447976003994,0.342567793115657,202,"Pink"
2009,7.85954257033088,0.617630603406603,202,"Pink"
2010,7.463244847276,0.221332880351718,202,"Pink"
2011,8.07438857988878,0.832476612964498,202,"Pink"
2012,6.92253046685999,-0.319381500064289,202,"Pink"
2013,8.66191306439313,1.42000109746885,202,"Pink"
2014,9.40877311338078,2.1668611464565,202,"Pink"
2015,8.36216277425939,1.12025080733512,202,"Pink"
2016,8.34820251031355,1.10629054338928,202,"Pink"
2017,9.83787048946727,2.59595852254299,202,"Pink"
2018,10.5577324953946,3.31582052847034,202,"Pink"
2019,10.3901951746507,3.14828320772643,202,"Pink"
2020,9.08932892300866,1.84741695608438,202,"Pink"
2021,7.73279477655888,0.490882809634598,202,"Pink"
2022,7.87378617308357,0.631874206159287,202,"Pink"
2023,7.66751371188597,0.425601744961693,202,"Pink"
2024,6.55857609618794,-0.683335870736338,202,"Pink"
2025,8.67077408595519,1.42886211903091,202,"Pink"
1950,10.9785431623459,-1.26512129829354,102,"Chum"
1951,11.5598982870579,-0.683766173581554,102,"Chum"
1952,11.5294572412968,-0.714207219342662,102,"Chum"
1953,12.0881425738335,-0.155521886805961,102,"Chum"
1954,11.6937114596367,-0.549953001002739,102,"Chum"
1955,11.1745197027922,-1.06914475784726,102,"Chum"
1956,12.1249598860741,-0.11870457456537,102,"Chum"
1957,12.7737807929516,0.530116332312151,102,"Chum"
1958,13.4415724873543,1.19790802671484,102,"Chum"
1959,12.4290372133255,0.185372752686072,102,"Chum"
1960,12.0979823768139,-0.145682083825537,102,"Chum"
1961,12.6895056068897,0.445841146250291,102,"Chum"
1962,12.0749072432518,-0.168757217387636,102,"Chum"
1963,12.7380678653717,0.494403404732271,102,"Chum"
1964,11.6163927316666,-0.627271728972868,102,"Chum"
1965,11.3594689369202,-0.884195523719266,102,"Chum"
1966,12.0373370349407,-0.206327425698718,102,"Chum"
1967,12.0189462006092,-0.224718260030222,102,"Chum"
1968,11.893836826086,-0.349827634553386,102,"Chum"
1969,11.7576601207256,-0.486004339913804,102,"Chum"
1970,11.6599526107311,-0.583711849908309,102,"Chum"
1971,11.0930126309395,-1.15065182969995,102,"Chum"
1972,11.7703818678856,-0.47328259275383,102,"Chum"
1973,11.8707393705845,-0.372925090054949,102,"Chum"
1974,11.6708837747574,-0.572780685882057,102,"Chum"
1975,11.4804237186909,-0.763240741948557,102,"Chum"
1976,11.4185371696949,-0.825127290944536,102,"Chum"
1977,11.8511926531792,-0.392471807460266,102,"Chum"
1978,12.5635167956352,0.319852334995784,102,"Chum"
1979,12.1758657097816,-0.0677987508577874,102,"Chum"
1980,12.3398279249668,0.0961634643273823,102,"Chum"
1981,12.134751200676,-0.108913259963466,102,"Chum"
1982,11.6542274355888,-0.589437025050595,102,"Chum"
1983,13.0328250825405,0.789160621901076,102,"Chum"
1984,11.7681276202202,-0.475536840419251,102,"Chum"
1985,11.9833654761314,-0.26029898450799,102,"Chum"
1986,12.1719874143601,-0.0716770462793777,102,"Chum"
1987,12.3488248288631,0.105160368223716,102,"Chum"
1988,12.1781324744225,-0.0655319862169733,102,"Chum"
1989,12.602767854929,0.359103394289539,102,"Chum"
1990,12.5677108466625,0.324046386023088,102,"Chum"
1991,11.8421459197998,-0.401518540839627,102,"Chum"
1992,13.457086622715,1.21342216207557,102,"Chum"
1993,13.0040536224842,0.760389161844772,102,"Chum"
1994,12.620156288147,0.376491827507538,102,"Chum"
1995,13.0995392501354,0.855874789495995,102,"Chum"
1996,12.3496335148811,0.105969054241703,102,"Chum"
1997,13.3426671624184,1.09900270177894,102,"Chum"
1998,13.1250195801258,0.881355119486385,102,"Chum"
1999,11.4574152827263,-0.78624917791315,102,"Chum"
2000,12.5410156548023,0.297351194162889,102,"Chum"
2001,11.7718840241432,-0.471780436496212,102,"Chum"
2002,11.7864222824574,-0.457242178182073,102,"Chum"
2003,12.7897045314312,0.546040070791769,102,"Chum"
2004,13.3507980406284,1.107133579989,102,"Chum"
2005,13.0769304335117,0.833265972872308,102,"Chum"
2006,12.2774381637573,0.0337737031178937,102,"Chum"
2007,12.256811350584,0.0131468899445937,102,"Chum"
2008,10.9303228408098,-1.31334161982961,102,"Chum"
2009,11.5678727030754,-0.675791757564026,102,"Chum"
2010,12.0902389585972,-0.153425502042244,102,"Chum"
2011,11.9911879897118,-0.25247647092767,102,"Chum"
2012,12.0531125366688,-0.190551923970651,102,"Chum"
2013,12.4677603244782,0.224095863838721,102,"Chum"
2014,12.9099316596985,0.66626719905906,102,"Chum"
2015,13.6135095655918,1.36984510495239,102,"Chum"
2016,13.5804544687271,1.33679000808768,102,"Chum"
2017,12.7141148149967,0.470450354357292,102,"Chum"
2018,13.0220529735088,0.778388512869404,102,"Chum"
2019,12.9094381332397,0.665773672600315,102,"Chum"
2020,12.7658765614033,0.522212100763848,102,"Chum"
2021,12.4534492492676,0.20978478862815,102,"Chum"
2022,12.1546789109707,-0.0889855496687434,102,"Chum"
2023,12.3654229342937,0.121758473654313,102,"Chum"
2024,12.6255210042,0.381856543560544,102,"Chum"
2025,12.4977370798588,0.254072619219355,102,"Chum"
1950,10.8588940620422,-1.330717418945,103,"Chum"
1951,11.4483755350113,-0.741235945975947,103,"Chum"
1952,11.4742664337158,-0.715345047271416,103,"Chum"
1953,12.0265674829483,-0.163043998038929,103,"Chum"
1954,11.5807271718979,-0.608884309089343,103,"Chum"
1955,11.1308450341225,-1.05876644686477,103,"Chum"
1956,12.0748654842377,-0.114745996749569,103,"Chum"
1957,12.6712410926819,0.481629611694646,103,"Chum"
1958,13.4107892036438,1.22117772265656,103,"Chum"
1959,12.3148499011993,0.125238420212106,103,"Chum"
1960,12.0594381570816,-0.130173323905624,103,"Chum"
1961,12.6058220148087,0.416210533821417,103,"Chum"
1962,12.0289471626282,-0.160664318359066,103,"Chum"
1963,12.7286556720734,0.53904419108613,103,"Chum"
1964,11.5466733455658,-0.64293813542144,103,"Chum"
1965,11.2457116127014,-0.943899868285823,103,"Chum"
1966,11.967381811142,-0.222229669845275,103,"Chum"
1967,11.9594200134277,-0.230191467559496,103,"Chum"
1968,11.8175603151321,-0.372051165855093,103,"Chum"
1969,11.6744483947754,-0.515163086211849,103,"Chum"
1970,11.5917024374008,-0.597909043586419,103,"Chum"
1971,11.0125351190567,-1.17707636193054,103,"Chum"
1972,11.6797248125076,-0.509886668479599,103,"Chum"
1973,11.8195032119751,-0.370108269012142,103,"Chum"
1974,11.6200151205063,-0.569596360480957,103,"Chum"
1975,11.4455616235733,-0.74404985741393,103,"Chum"
1976,11.3695038795471,-0.820107601440121,103,"Chum"
1977,11.8276390790939,-0.361972401893306,103,"Chum"
1978,12.5124399423599,0.322828461372682,103,"Chum"
1979,12.1120505332947,-0.0775609476925605,103,"Chum"
1980,12.2832781791687,0.093666698181466,103,"Chum"
1981,12.0680058717728,-0.121605609214467,103,"Chum"
1982,11.581763958931,-0.607847522056265,103,"Chum"
1983,13.0100405931473,0.820429112160038,103,"Chum"
1984,11.7034552574158,-0.486156223571467,103,"Chum"
1985,11.9402288198471,-0.249382661140127,103,"Chum"
1986,12.1046892404556,-0.0849222405316027,103,"Chum"
1987,12.2881583690643,0.0985468880771012,103,"Chum"
1988,12.1179952383041,-0.0716162426830937,103,"Chum"
1989,12.5809780359268,0.391366554939581,103,"Chum"
1990,12.5305316925049,0.340920211517646,103,"Chum"
1991,11.8287227869034,-0.360888694083856,103,"Chum"
1992,13.3671099424362,1.17749846144899,103,"Chum"
1993,12.9994292497635,0.809817768776252,103,"Chum"
1994,12.6133075237274,0.423696042740175,103,"Chum"
1995,13.0878978729248,0.898286391937576,103,"Chum"
1996,12.2731127500534,0.083501269066175,103,"Chum"
1997,13.2510079860687,1.06139650508149,103,"Chum"
1998,13.1103286504745,0.920717169487315,103,"Chum"
1999,11.4359775781631,-0.753633902824092,103,"Chum"
2000,12.5061069726944,0.316495491707161,103,"Chum"
2001,11.734626698494,-0.454984782493276,103,"Chum"
2002,11.7379542827606,-0.451657198226611,103,"Chum"
2003,12.7820402383804,0.5924287573932,103,"Chum"
2004,13.3228738307953,1.13326234980805,103,"Chum"
2005,13.0827518701553,0.893140389168103,103,"Chum"
2006,12.240718960762,0.0511074797747898,103,"Chum"
2007,12.1648407459259,-0.0247707350613354,103,"Chum"
2008,10.8769217848778,-1.31268969610946,103,"Chum"
2009,11.503528547287,-0.686082933700253,103,"Chum"
2010,12.0760219573975,-0.113589523589769,103,"Chum"
2011,11.9932384252548,-0.196373055732417,103,"Chum"
2012,12.0241464614868,-0.165465019500416,103,"Chum"
2013,12.4324535131455,0.242842032158216,103,"Chum"
2014,12.7825380563736,0.592926575386367,103,"Chum"
2015,13.5470351457596,1.35742366477235,103,"Chum"
2016,13.5482286930084,1.35861721202118,103,"Chum"
2017,12.682587313652,0.492975832664804,103,"Chum"
2018,12.9886626005173,0.799051119530036,103,"Chum"
2019,12.8765825271606,0.686971046173405,103,"Chum"
2020,12.6865432024002,0.496931721412976,103,"Chum"
2021,12.3735991954803,0.183987714493114,103,"Chum"
2022,12.0854618310928,-0.104149649894401,103,"Chum"
2023,12.3233383178711,0.133726836883858,103,"Chum"
2024,12.600331902504,0.410720421516727,103,"Chum"
2025,12.426229262352,0.236617781364759,103,"Chum"
1950,10.9216994047165,-1.3917390021015,104,"Chum"
1951,11.5475080013275,-0.765930405490476,104,"Chum"
1952,11.6353509823481,-0.678087424469867,104,"Chum"
1953,12.1855603059133,-0.127878100904696,104,"Chum"
1954,11.6949821710587,-0.618456235759332,104,"Chum"
1955,11.3088534275691,-1.00458497924892,104,"Chum"
1956,12.2039944330851,-0.109443973732874,104,"Chum"
1957,12.7542444864909,0.440806079672892,104,"Chum"
1958,13.5493469238281,1.23590851701013,104,"Chum"
1959,12.4143889745076,0.100950567689656,104,"Chum"
1960,12.247164050738,-0.0662743560799658,104,"Chum"
1961,12.7705923318863,0.457153925068302,104,"Chum"
1962,12.1647284825643,-0.148709924253702,104,"Chum"
1963,12.8683816989263,0.554943292108294,104,"Chum"
1964,11.6598021586736,-0.653636248144385,104,"Chum"
1965,11.2920535405477,-1.0213848662703,104,"Chum"
1966,12.0731655359268,-0.240272870891178,104,"Chum"
1967,12.0624985694885,-0.250939837329455,104,"Chum"
1968,11.9149852991104,-0.398453107707573,104,"Chum"
1969,11.7831502358119,-0.530288171006122,104,"Chum"
1970,11.6897964080175,-0.623641998800511,104,"Chum"
1971,11.1228460470835,-1.19059235973446,104,"Chum"
1972,11.7714772224426,-0.541961184375357,104,"Chum"
1973,11.9240743716558,-0.389364035162217,104,"Chum"
1974,11.7557787100474,-0.557659696770599,104,"Chum"
1975,11.6031068960826,-0.710331510735422,104,"Chum"
1976,11.535138686498,-0.77829972031999,104,"Chum"
1977,12.0012171268463,-0.312221279971681,104,"Chum"
1978,12.6400055090586,0.326567102240639,104,"Chum"
1979,12.2091901699702,-0.104248236847794,104,"Chum"
1980,12.4531836509705,0.139745244152467,104,"Chum"
1981,12.1558976173401,-0.157540789477896,104,"Chum"
1982,11.7076369126638,-0.60580149415421,104,"Chum"
1983,13.1806500752767,0.867211668458698,104,"Chum"
1984,11.8460661967595,-0.467372210058452,104,"Chum"
1985,12.082311630249,-0.231126776568966,104,"Chum"
1986,12.230163693428,-0.0832747133899507,104,"Chum"
1987,12.4118976593018,0.0984592524837816,104,"Chum"
1988,12.2657570441564,-0.0476813626615948,104,"Chum"
1989,12.7490382989248,0.435599892106773,104,"Chum"
1990,12.6095175743103,0.29607916749231,104,"Chum"
1991,11.8832871516546,-0.430151255163436,104,"Chum"
1992,13.4799647331238,1.16652632630579,104,"Chum"
1993,13.1843131780624,0.870874771244452,104,"Chum"
1994,12.7267109553019,0.413272548483932,104,"Chum"
1995,13.2656398614248,0.952201454606786,104,"Chum"
1996,12.4049975077311,0.0915591009131358,104,"Chum"
1997,13.3769478003184,1.06350939350041,104,"Chum"
1998,13.2548669179281,0.941428511110069,104,"Chum"
1999,11.6219393412272,-0.691499065590772,104,"Chum"
2000,12.6896610657374,0.376222658919411,104,"Chum"
2001,11.8908534049988,-0.422585001819208,104,"Chum"
2002,11.8111705382665,-0.502267868551482,104,"Chum"
2003,12.9054472843806,0.592008877562607,104,"Chum"
2004,13.4064484039942,1.09300999717625,104,"Chum"
2005,13.2303555409114,0.916917134093373,104,"Chum"
2006,12.3554545640945,0.0420161572765541,104,"Chum"
2007,12.2926810979843,-0.0207573088336788,104,"Chum"
2008,10.9832590421041,-1.33017936471391,104,"Chum"
2009,11.6028572718302,-0.710581134987753,104,"Chum"
2010,12.2522352139155,-0.0612031929024726,104,"Chum"
2011,12.1831931273142,-0.130245279503741,104,"Chum"
2012,12.2336014906565,-0.0798369161614496,104,"Chum"
2013,12.5151118834813,0.201673476663356,104,"Chum"
2014,12.8390357891719,0.525597382353871,104,"Chum"
2015,13.5416258573532,1.22818745053523,104,"Chum"
2016,13.6416697104772,1.3282313036592,104,"Chum"
2017,12.8445776700973,0.531139263279361,104,"Chum"
2018,13.1297036806742,0.816265273856249,104,"Chum"
2019,12.9597354332606,0.646297026442603,104,"Chum"
2020,12.7598340113958,0.446395604577789,104,"Chum"
2021,12.4142337242762,0.100795317458237,104,"Chum"
2022,12.2023879289627,-0.111050477855283,104,"Chum"
2023,12.4026866753896,0.0892482685716158,104,"Chum"
2024,12.7020350694656,0.38859666264764,104,"Chum"
2025,12.466121395429,0.152682988610994,104,"Chum"
1950,10.9216994047165,-1.3917390021015,105,"Chum"
1951,11.5475080013275,-0.765930405490476,105,"Chum"
1952,11.6353509823481,-0.678087424469867,105,"Chum"
1953,12.1855603059133,-0.127878100904696,105,"Chum"
1954,11.6949821710587,-0.618456235759332,105,"Chum"
1955,11.3088534275691,-1.00458497924892,105,"Chum"
1956,12.2039944330851,-0.109443973732874,105,"Chum"
1957,12.7542444864909,0.440806079672892,105,"Chum"
1958,13.5493469238281,1.23590851701013,105,"Chum"
1959,12.4143889745076,0.100950567689656,105,"Chum"
1960,12.247164050738,-0.0662743560799658,105,"Chum"
1961,12.7705923318863,0.457153925068302,105,"Chum"
1962,12.1647284825643,-0.148709924253702,105,"Chum"
1963,12.8683816989263,0.554943292108294,105,"Chum"
1964,11.6598021586736,-0.653636248144385,105,"Chum"
1965,11.2920535405477,-1.0213848662703,105,"Chum"
1966,12.0731655359268,-0.240272870891178,105,"Chum"
1967,12.0624985694885,-0.250939837329455,105,"Chum"
1968,11.9149852991104,-0.398453107707573,105,"Chum"
1969,11.7831502358119,-0.530288171006122,105,"Chum"
1970,11.6897964080175,-0.623641998800511,105,"Chum"
1971,11.1228460470835,-1.19059235973446,105,"Chum"
1972,11.7714772224426,-0.541961184375357,105,"Chum"
1973,11.9240743716558,-0.389364035162217,105,"Chum"
1974,11.7557787100474,-0.557659696770599,105,"Chum"
1975,11.6031068960826,-0.710331510735422,105,"Chum"
1976,11.535138686498,-0.77829972031999,105,"Chum"
1977,12.0012171268463,-0.312221279971681,105,"Chum"
1978,12.6400055090586,0.326567102240639,105,"Chum"
1979,12.2091901699702,-0.104248236847794,105,"Chum"
1980,12.4531836509705,0.139745244152467,105,"Chum"
1981,12.1558976173401,-0.157540789477896,105,"Chum"
1982,11.7076369126638,-0.60580149415421,105,"Chum"
1983,13.1806500752767,0.867211668458698,105,"Chum"
1984,11.8460661967595,-0.467372210058452,105,"Chum"
1985,12.082311630249,-0.231126776568966,105,"Chum"
1986,12.230163693428,-0.0832747133899507,105,"Chum"
1987,12.4118976593018,0.0984592524837816,105,"Chum"
1988,12.2657570441564,-0.0476813626615948,105,"Chum"
1989,12.7490382989248,0.435599892106773,105,"Chum"
1990,12.6095175743103,0.29607916749231,105,"Chum"
1991,11.8832871516546,-0.430151255163436,105,"Chum"
1992,13.4799647331238,1.16652632630579,105,"Chum"
1993,13.1843131780624,0.870874771244452,105,"Chum"
1994,12.7267109553019,0.413272548483932,105,"Chum"
1995,13.2656398614248,0.952201454606786,105,"Chum"
1996,12.4049975077311,0.0915591009131358,105,"Chum"
1997,13.3769478003184,1.06350939350041,105,"Chum"
1998,13.2548669179281,0.941428511110069,105,"Chum"
1999,11.6219393412272,-0.691499065590772,105,"Chum"
2000,12.6896610657374,0.376222658919411,105,"Chum"
2001,11.8908534049988,-0.422585001819208,105,"Chum"
2002,11.8111705382665,-0.502267868551482,105,"Chum"
2003,12.9054472843806,0.592008877562607,105,"Chum"
2004,13.4064484039942,1.09300999717625,105,"Chum"
2005,13.2303555409114,0.916917134093373,105,"Chum"
2006,12.3554545640945,0.0420161572765541,105,"Chum"
2007,12.2926810979843,-0.0207573088336788,105,"Chum"
2008,10.9832590421041,-1.33017936471391,105,"Chum"
2009,11.6028572718302,-0.710581134987753,105,"Chum"
2010,12.2522352139155,-0.0612031929024726,105,"Chum"
2011,12.1831931273142,-0.130245279503741,105,"Chum"
2012,12.2336014906565,-0.0798369161614496,105,"Chum"
2013,12.5151118834813,0.201673476663356,105,"Chum"
2014,12.8390357891719,0.525597382353871,105,"Chum"
2015,13.5416258573532,1.22818745053523,105,"Chum"
2016,13.6416697104772,1.3282313036592,105,"Chum"
2017,12.8445776700973,0.531139263279361,105,"Chum"
2018,13.1297036806742,0.816265273856249,105,"Chum"
2019,12.9597354332606,0.646297026442603,105,"Chum"
2020,12.7598340113958,0.446395604577789,105,"Chum"
2021,12.4142337242762,0.100795317458237,105,"Chum"
2022,12.2023879289627,-0.111050477855283,105,"Chum"
2023,12.4026866753896,0.0892482685716158,105,"Chum"
2024,12.7020350694656,0.38859666264764,105,"Chum"
2025,12.466121395429,0.152682988610994,105,"Chum"
1950,10.9216994047165,-1.3917390021015,106,"Chum"
1951,11.5475080013275,-0.765930405490476,106,"Chum"
1952,11.6353509823481,-0.678087424469867,106,"Chum"
1953,12.1855603059133,-0.127878100904696,106,"Chum"
1954,11.6949821710587,-0.618456235759332,106,"Chum"
1955,11.3088534275691,-1.00458497924892,106,"Chum"
1956,12.2039944330851,-0.109443973732874,106,"Chum"
1957,12.7542444864909,0.440806079672892,106,"Chum"
1958,13.5493469238281,1.23590851701013,106,"Chum"
1959,12.4143889745076,0.100950567689656,106,"Chum"
1960,12.247164050738,-0.0662743560799658,106,"Chum"
1961,12.7705923318863,0.457153925068302,106,"Chum"
1962,12.1647284825643,-0.148709924253702,106,"Chum"
1963,12.8683816989263,0.554943292108294,106,"Chum"
1964,11.6598021586736,-0.653636248144385,106,"Chum"
1965,11.2920535405477,-1.0213848662703,106,"Chum"
1966,12.0731655359268,-0.240272870891178,106,"Chum"
1967,12.0624985694885,-0.250939837329455,106,"Chum"
1968,11.9149852991104,-0.398453107707573,106,"Chum"
1969,11.7831502358119,-0.530288171006122,106,"Chum"
1970,11.6897964080175,-0.623641998800511,106,"Chum"
1971,11.1228460470835,-1.19059235973446,106,"Chum"
1972,11.7714772224426,-0.541961184375357,106,"Chum"
1973,11.9240743716558,-0.389364035162217,106,"Chum"
1974,11.7557787100474,-0.557659696770599,106,"Chum"
1975,11.6031068960826,-0.710331510735422,106,"Chum"
1976,11.535138686498,-0.77829972031999,106,"Chum"
1977,12.0012171268463,-0.312221279971681,106,"Chum"
1978,12.6400055090586,0.326567102240639,106,"Chum"
1979,12.2091901699702,-0.104248236847794,106,"Chum"
1980,12.4531836509705,0.139745244152467,106,"Chum"
1981,12.1558976173401,-0.157540789477896,106,"Chum"
1982,11.7076369126638,-0.60580149415421,106,"Chum"
1983,13.1806500752767,0.867211668458698,106,"Chum"
1984,11.8460661967595,-0.467372210058452,106,"Chum"
1985,12.082311630249,-0.231126776568966,106,"Chum"
1986,12.230163693428,-0.0832747133899507,106,"Chum"
1987,12.4118976593018,0.0984592524837816,106,"Chum"
1988,12.2657570441564,-0.0476813626615948,106,"Chum"
1989,12.7490382989248,0.435599892106773,106,"Chum"
1990,12.6095175743103,0.29607916749231,106,"Chum"
1991,11.8832871516546,-0.430151255163436,106,"Chum"
1992,13.4799647331238,1.16652632630579,106,"Chum"
1993,13.1843131780624,0.870874771244452,106,"Chum"
1994,12.7267109553019,0.413272548483932,106,"Chum"
1995,13.2656398614248,0.952201454606786,106,"Chum"
1996,12.4049975077311,0.0915591009131358,106,"Chum"
1997,13.3769478003184,1.06350939350041,106,"Chum"
1998,13.2548669179281,0.941428511110069,106,"Chum"
1999,11.6219393412272,-0.691499065590772,106,"Chum"
2000,12.6896610657374,0.376222658919411,106,"Chum"
2001,11.8908534049988,-0.422585001819208,106,"Chum"
2002,11.8111705382665,-0.502267868551482,106,"Chum"
2003,12.9054472843806,0.592008877562607,106,"Chum"
2004,13.4064484039942,1.09300999717625,106,"Chum"
2005,13.2303555409114,0.916917134093373,106,"Chum"
2006,12.3554545640945,0.0420161572765541,106,"Chum"
2007,12.2926810979843,-0.0207573088336788,106,"Chum"
2008,10.9832590421041,-1.33017936471391,106,"Chum"
2009,11.6028572718302,-0.710581134987753,106,"Chum"
2010,12.2522352139155,-0.0612031929024726,106,"Chum"
2011,12.1831931273142,-0.130245279503741,106,"Chum"
2012,12.2336014906565,-0.0798369161614496,106,"Chum"
2013,12.5151118834813,0.201673476663356,106,"Chum"
2014,12.8390357891719,0.525597382353871,106,"Chum"
2015,13.5416258573532,1.22818745053523,106,"Chum"
2016,13.6416697104772,1.3282313036592,106,"Chum"
2017,12.8445776700973,0.531139263279361,106,"Chum"
2018,13.1297036806742,0.816265273856249,106,"Chum"
2019,12.9597354332606,0.646297026442603,106,"Chum"
2020,12.7598340113958,0.446395604577789,106,"Chum"
2021,12.4142337242762,0.100795317458237,106,"Chum"
2022,12.2023879289627,-0.111050477855283,106,"Chum"
2023,12.4026866753896,0.0892482685716158,106,"Chum"
2024,12.7020350694656,0.38859666264764,106,"Chum"
2025,12.466121395429,0.152682988610994,106,"Chum"
1950,10.6965904576438,-1.4215269294037,107,"Chum"
1951,11.2880508218493,-0.830066565198213,107,"Chum"
1952,11.397140945707,-0.720976441340442,107,"Chum"
1953,11.9533204351153,-0.16479695193221,107,"Chum"
1954,11.418135029929,-0.699982357118455,107,"Chum"
1955,11.0588725805283,-1.05924480651922,107,"Chum"
1956,12.0187556743622,-0.0993617126853095,107,"Chum"
1957,12.5215945925031,0.403477205455654,107,"Chum"
1958,13.3551302296775,1.23701284262998,107,"Chum"
1959,12.1414239065988,0.023306519551289,107,"Chum"
1960,11.9889928272792,-0.129124559768248,107,"Chum"
1961,12.4804161957332,0.362298808685718,107,"Chum"
1962,11.955741746085,-0.162375640962464,107,"Chum"
1963,12.7064374514988,0.588320064451362,107,"Chum"
1964,11.4511053221566,-0.667012064890846,107,"Chum"
1965,11.0959493432726,-1.02216804377487,107,"Chum"
1966,11.8796458584922,-0.238471528555322,107,"Chum"
1967,11.8906851155417,-0.227432271505747,107,"Chum"
1968,11.7018674441746,-0.416249942872854,107,"Chum"
1969,11.5582394599915,-0.559877927056033,107,"Chum"
1970,11.4922501359667,-0.62586725108078,107,"Chum"
1971,10.9063493864877,-1.2117680005598,107,"Chum"
1972,11.5526133605412,-0.56550402650627,107,"Chum"
1973,11.7519425324031,-0.366174854644358,107,"Chum"
1974,11.5574064935957,-0.560710893451827,107,"Chum"
1975,11.4090891224997,-0.709028264547746,107,"Chum"
1976,11.3088447366442,-0.809272650403294,107,"Chum"
1977,11.7913628646306,-0.32675452241693,107,"Chum"
1978,12.4562704903739,0.338153103326392,107,"Chum"
1979,12.0293048109327,-0.0888125761147849,107,"Chum"
1980,12.2047363689968,0.0866189819492704,107,"Chum"
1981,11.9688183920724,-0.149298994975074,107,"Chum"
1982,11.4832988807133,-0.634818506334158,107,"Chum"
1983,12.9936484949929,0.875531107945447,107,"Chum"
1984,11.5957348006112,-0.522382586436264,107,"Chum"
1985,11.8726166657039,-0.245500721343575,107,"Chum"
1986,12.0046112196786,-0.113506167368875,107,"Chum"
1987,12.2091767447335,0.0910593576860552,107,"Chum"
1988,12.0460322925023,-0.0720850945452171,107,"Chum"
1989,12.5609565462385,0.442839159191002,107,"Chum"
1990,12.4806068965367,0.362489509489207,107,"Chum"
1991,11.8244182382311,-0.293699148816378,107,"Chum"
1992,13.253890650613,1.13577326356549,107,"Chum"
1993,12.9943550314222,0.876237644374721,107,"Chum"
1994,12.6135498455593,0.495432458511768,107,"Chum"
1995,13.083334514073,0.965217127025483,107,"Chum"
1996,12.1608693940299,0.0427520069824108,107,"Chum"
1997,13.1263436249324,1.00822623788494,107,"Chum"
1998,13.1130666051592,0.994949218111728,107,"Chum"
1999,11.4169475691659,-0.701169817881576,107,"Chum"
2000,12.4737072672163,0.355589880168788,107,"Chum"
2001,11.7028760228838,-0.415241364163657,107,"Chum"
2002,11.695175579616,-0.422941807431477,107,"Chum"
2003,12.7789231027876,0.660805715740082,107,"Chum"
2004,13.2947526318686,1.17663524482115,107,"Chum"
2005,13.0934829371316,0.975365550084129,107,"Chum"
2006,12.1863466671535,0.0682292801060069,107,"Chum"
2007,12.0348975658417,-0.083219821205813,107,"Chum"
2008,10.7951271363667,-1.32299025068078,107,"Chum"
2009,11.4085219928196,-0.709595394227846,107,"Chum"
2010,12.067200422287,-0.0509169647604926,107,"Chum"
2011,12.0136893136161,-0.104428073431421,107,"Chum"
2012,11.9866244792938,-0.131492907753664,107,"Chum"
2013,12.3990178448813,0.280900457833847,107,"Chum"
2014,12.6004411833627,0.48232379631521,107,"Chum"
2015,13.4600661141532,1.3419487271057,107,"Chum"
2016,13.516598701477,1.39848131442956,107,"Chum"
2017,12.6479941776821,0.529876790634575,107,"Chum"
2018,12.9600353240967,0.841917937049198,107,"Chum"
2019,12.8464434487479,0.728326061700415,107,"Chum"
2020,12.5824665682656,0.464349181218156,107,"Chum"
2021,12.2744194780077,0.156302090960242,107,"Chum"
2022,11.9832191467285,-0.134898240318971,107,"Chum"
2023,12.2669481209346,0.14883073388714,107,"Chum"
2024,12.5569685867854,0.438851199737964,107,"Chum"
2025,12.3315401758467,0.213422788799167,107,"Chum"
1950,10.5800067186356,-1.43340099898919,111,"Chum"
1951,11.1778381466866,-0.835569570938205,111,"Chum"
1952,11.282827436924,-0.730580280700781,111,"Chum"
1953,11.8317270874977,-0.181680630127037,111,"Chum"
1954,11.3022987544537,-0.711108963171093,111,"Chum"
1955,10.9398991465569,-1.0735085710679,111,"Chum"
1956,11.9196230471134,-0.0937846705113425,111,"Chum"
1957,12.4191737771034,0.405766059478669,111,"Chum"
1958,13.2657324373722,1.25232471974745,111,"Chum"
1959,12.0381916761398,0.024783958515079,111,"Chum"
1960,11.8778823614121,-0.135525356212695,111,"Chum"
1961,12.3684744536877,0.355066736062909,111,"Chum"
1962,11.8576197326183,-0.155787985006429,111,"Chum"
1963,12.6188449561596,0.605437238534833,111,"Chum"
1964,11.3445144891739,-0.668893228450863,111,"Chum"
1965,10.9872252643108,-1.02618245331392,111,"Chum"
1966,11.7727103233337,-0.240697394291021,111,"Chum"
1967,11.791816264391,-0.2215914532338,111,"Chum"
1968,11.6015237122774,-0.411884005347343,111,"Chum"
1969,11.4519304633141,-0.561477254310701,111,"Chum"
1970,11.3965910673141,-0.616816650310612,111,"Chum"
1971,10.7953853160143,-1.21802240161047,111,"Chum"
1972,11.4437734484673,-0.569634269157495,111,"Chum"
1973,11.6442596018314,-0.369148115793321,111,"Chum"
1974,11.4497574865818,-0.563650231042961,111,"Chum"
1975,11.2887197732925,-0.724687944332211,111,"Chum"
1976,11.1825142800808,-0.83089343754397,111,"Chum"
1977,11.6762404739857,-0.337167243639092,111,"Chum"
1978,12.3448137938976,0.331406076272869,111,"Chum"
1979,11.9289673566818,-0.0844403609429345,111,"Chum"
1980,12.085672557354,0.0722648397292168,111,"Chum"
1981,11.8773666024208,-0.136041115203943,111,"Chum"
1982,11.3752655982971,-0.638142119327633,111,"Chum"
1983,12.8890907466412,0.875683029016401,111,"Chum"
1984,11.4859465658665,-0.527461151758289,111,"Chum"
1985,11.7550913095474,-0.258316408077328,111,"Chum"
1986,11.8978414237499,-0.115566293874828,111,"Chum"
1987,12.0952987372875,0.0818910196627656,111,"Chum"
1988,11.9348650574684,-0.0785426601563378,111,"Chum"
1989,12.4532074332237,0.439799715598965,111,"Chum"
1990,12.3899008929729,0.376493175348192,111,"Chum"
1991,11.7449113130569,-0.268496404567815,111,"Chum"
1992,13.1395713090897,1.12616359146491,111,"Chum"
1993,12.8853107392788,0.871903021654037,111,"Chum"
1994,12.5318796634674,0.518471945842651,111,"Chum"
1995,12.9745062887669,0.96109857114211,111,"Chum"
1996,12.0462116003037,0.0328038826788978,111,"Chum"
1997,13.0086309909821,0.995223273357306,111,"Chum"
1998,13.0115703344345,0.998162616809753,111,"Chum"
1999,11.2942041754723,-0.719203542152496,111,"Chum"
2000,12.3575990498066,0.34419133218184,111,"Chum"
2001,11.5874959230423,-0.425911794582455,111,"Chum"
2002,11.6073045432568,-0.406103174367992,111,"Chum"
2003,12.687228769064,0.673821051439196,111,"Chum"
2004,13.2048262357712,1.19141851814642,111,"Chum"
2005,13.005641490221,0.992233772596273,111,"Chum"
2006,12.0981498062611,0.0847420886363071,111,"Chum"
2007,11.9083122909069,-0.105095426717851,111,"Chum"
2008,10.6917659640312,-1.32164175359354,111,"Chum"
2009,11.3120053559542,-0.701402361670594,111,"Chum"
2010,11.9546478390694,-0.0587598785553836,111,"Chum"
2011,11.9074915349483,-0.105916182676414,111,"Chum"
2012,11.8511697947979,-0.162237922826861,111,"Chum"
2013,12.3085099160671,0.29510219844237,111,"Chum"
2014,12.5053054094315,0.491897691806709,111,"Chum"
2015,13.3889838755131,1.37557615788833,111,"Chum"
2016,13.4276478886604,1.41424017103567,111,"Chum"
2017,12.5415430366993,0.52813531907454,111,"Chum"
2018,12.8599569201469,0.846549202522187,111,"Chum"
2019,12.7692861258984,0.755878408273597,111,"Chum"
2020,12.4839853942394,0.470577676614672,111,"Chum"
2021,12.1833455264568,0.169937808832077,111,"Chum"
2022,11.8793345093727,-0.134073208252046,111,"Chum"
2023,12.1767680644989,0.16336034687415,111,"Chum"
2024,12.4662010371685,0.452793319543744,111,"Chum"
2025,12.2551998198032,0.241792102178488,111,"Chum"
1950,10.7579686641693,-1.44480831601304,108,"Chum"
1951,11.3593883514404,-0.843388628741928,108,"Chum"
1952,11.5006865262985,-0.702090453883833,108,"Chum"
1953,12.0533221562704,-0.149454823912,108,"Chum"
1954,11.5016142129898,-0.70116276719254,108,"Chum"
1955,11.1720990737279,-1.03067790645442,108,"Chum"
1956,12.103286465009,-0.0994905151733026,108,"Chum"
1957,12.5890020529429,0.38622507276056,108,"Chum"
1958,13.4415339231491,1.23875694296675,108,"Chum"
1959,12.217031399409,0.0142544192266244,108,"Chum"
1960,12.1069246133169,-0.0958523668654866,108,"Chum"
1961,12.5813480218251,0.378571041642799,108,"Chum"
1962,12.0468501647313,-0.155926815451014,108,"Chum"
1963,12.7973593473434,0.594582367161092,108,"Chum"
1964,11.5310045083364,-0.67177247184596,108,"Chum"
1965,11.1456521749496,-1.05712480523271,108,"Chum"
1966,11.9558103481928,-0.246966631989507,108,"Chum"
1967,11.9623808860779,-0.240396094104463,108,"Chum"
1968,11.7783599297206,-0.42441705046179,108,"Chum"
1969,11.638171672821,-0.564605307361307,108,"Chum"
1970,11.5663098891576,-0.636467091024739,108,"Chum"
1971,10.9884994824727,-1.21427749770962,108,"Chum"
1972,11.6215970118841,-0.581179968298293,108,"Chum"
1973,11.8307273387909,-0.372049641391463,108,"Chum"
1974,11.6481247742971,-0.554652205885286,108,"Chum"
1975,11.5081800619761,-0.694596918206234,108,"Chum"
1976,11.4163659016291,-0.78641107855323,108,"Chum"
1977,11.9004380702972,-0.302338909885117,108,"Chum"
1978,12.539906779925,0.33712979974267,108,"Chum"
1979,12.0985187292099,-0.104258250972454,108,"Chum"
1980,12.3092483679454,0.106471387762999,108,"Chum"
1981,12.0381656885147,-0.164611291667638,108,"Chum"
1982,11.5666562716166,-0.636120708565734,108,"Chum"
1983,13.0934450229009,0.890668042718544,108,"Chum"
1984,11.6946057478587,-0.50817123232367,108,"Chum"
1985,11.9718673229218,-0.230909657260599,108,"Chum"
1986,12.0917661587397,-0.111010821442623,108,"Chum"
1987,12.2978515625,0.0950745823176549,108,"Chum"
1988,12.137734413147,-0.0650425670353777,108,"Chum"
1989,12.6631323496501,0.460355369467711,108,"Chum"
1990,12.5468460321426,0.344069051960288,108,"Chum"
1991,11.874424735705,-0.328352244477303,108,"Chum"
1992,13.3306065400442,1.1278295598618,108,"Chum"
1993,13.1073172489802,0.904540268797852,108,"Chum"
1994,12.6877340873082,0.484957107125894,108,"Chum"
1995,13.1870526075363,0.984275627353973,108,"Chum"
1996,12.254433631897,0.0516566517146283,108,"Chum"
1997,13.2148352861404,1.0120583059581,108,"Chum"
1998,13.2002125581106,0.997435577928198,108,"Chum"
1999,11.5312667687734,-0.671510211408952,108,"Chum"
2000,12.5825641552607,0.37978717507837,108,"Chum"
2001,11.7997841040293,-0.402992876153009,108,"Chum"
2002,11.7507197062175,-0.452057273964897,108,"Chum"
2003,12.8610566059748,0.658279625792486,108,"Chum"
2004,13.3639675378799,1.16119055769759,108,"Chum"
2005,13.1862010161082,0.983424035925852,108,"Chum"
2006,12.2671165466309,0.0643395664485057,108,"Chum"
2007,12.1290962696075,-0.0736807105748079,108,"Chum"
2008,10.8781929413478,-1.3245840388346,108,"Chum"
2009,11.4854460557302,-0.717330924452178,108,"Chum"
2010,12.1781110366186,-0.0246659435637938,108,"Chum"
2011,12.1283733447393,-0.0744036354430833,108,"Chum"
2012,12.1125862598419,-0.0901907203404312,108,"Chum"
2013,12.461522102356,0.25874512217361,108,"Chum"
2014,12.6539690494537,0.451192069271393,108,"Chum"
2015,13.4833151102066,1.28053813002426,108,"Chum"
2016,13.5869159301122,1.38413894992985,108,"Chum"
2017,12.753143787384,0.550366807201683,108,"Chum"
2018,13.0466420650482,0.84386508486587,108,"Chum"
2019,12.9058035214742,0.703026541291842,108,"Chum"
2020,12.6422004699707,0.439423489788353,108,"Chum"
2021,12.3187719583511,0.115994978168786,108,"Chum"
2022,12.0695550441742,-0.133221936008157,108,"Chum"
2023,12.3310865561167,0.12830957593439,108,"Chum"
2024,12.6334768533707,0.430699873188311,108,"Chum"
2025,12.3759752909343,0.173198310751899,108,"Chum"
1950,10.7579686641693,-1.44480831601304,109,"Chum"
1951,11.3593883514404,-0.843388628741928,109,"Chum"
1952,11.5006865262985,-0.702090453883833,109,"Chum"
1953,12.0533221562704,-0.149454823912,109,"Chum"
1954,11.5016142129898,-0.70116276719254,109,"Chum"
1955,11.1720990737279,-1.03067790645442,109,"Chum"
1956,12.103286465009,-0.0994905151733026,109,"Chum"
1957,12.5890020529429,0.38622507276056,109,"Chum"
1958,13.4415339231491,1.23875694296675,109,"Chum"
1959,12.217031399409,0.0142544192266244,109,"Chum"
1960,12.1069246133169,-0.0958523668654866,109,"Chum"
1961,12.5813480218251,0.378571041642799,109,"Chum"
1962,12.0468501647313,-0.155926815451014,109,"Chum"
1963,12.7973593473434,0.594582367161092,109,"Chum"
1964,11.5310045083364,-0.67177247184596,109,"Chum"
1965,11.1456521749496,-1.05712480523271,109,"Chum"
1966,11.9558103481928,-0.246966631989507,109,"Chum"
1967,11.9623808860779,-0.240396094104463,109,"Chum"
1968,11.7783599297206,-0.42441705046179,109,"Chum"
1969,11.638171672821,-0.564605307361307,109,"Chum"
1970,11.5663098891576,-0.636467091024739,109,"Chum"
1971,10.9884994824727,-1.21427749770962,109,"Chum"
1972,11.6215970118841,-0.581179968298293,109,"Chum"
1973,11.8307273387909,-0.372049641391463,109,"Chum"
1974,11.6481247742971,-0.554652205885286,109,"Chum"
1975,11.5081800619761,-0.694596918206234,109,"Chum"
1976,11.4163659016291,-0.78641107855323,109,"Chum"
1977,11.9004380702972,-0.302338909885117,109,"Chum"
1978,12.539906779925,0.33712979974267,109,"Chum"
1979,12.0985187292099,-0.104258250972454,109,"Chum"
1980,12.3092483679454,0.106471387762999,109,"Chum"
1981,12.0381656885147,-0.164611291667638,109,"Chum"
1982,11.5666562716166,-0.636120708565734,109,"Chum"
1983,13.0934450229009,0.890668042718544,109,"Chum"
1984,11.6946057478587,-0.50817123232367,109,"Chum"
1985,11.9718673229218,-0.230909657260599,109,"Chum"
1986,12.0917661587397,-0.111010821442623,109,"Chum"
1987,12.2978515625,0.0950745823176549,109,"Chum"
1988,12.137734413147,-0.0650425670353777,109,"Chum"
1989,12.6631323496501,0.460355369467711,109,"Chum"
1990,12.5468460321426,0.344069051960288,109,"Chum"
1991,11.874424735705,-0.328352244477303,109,"Chum"
1992,13.3306065400442,1.1278295598618,109,"Chum"
1993,13.1073172489802,0.904540268797852,109,"Chum"
1994,12.6877340873082,0.484957107125894,109,"Chum"
1995,13.1870526075363,0.984275627353973,109,"Chum"
1996,12.254433631897,0.0516566517146283,109,"Chum"
1997,13.2148352861404,1.0120583059581,109,"Chum"
1998,13.2002125581106,0.997435577928198,109,"Chum"
1999,11.5312667687734,-0.671510211408952,109,"Chum"
2000,12.5825641552607,0.37978717507837,109,"Chum"
2001,11.7997841040293,-0.402992876153009,109,"Chum"
2002,11.7507197062175,-0.452057273964897,109,"Chum"
2003,12.8610566059748,0.658279625792486,109,"Chum"
2004,13.3639675378799,1.16119055769759,109,"Chum"
2005,13.1862010161082,0.983424035925852,109,"Chum"
2006,12.2671165466309,0.0643395664485057,109,"Chum"
2007,12.1290962696075,-0.0736807105748079,109,"Chum"
2008,10.8781929413478,-1.3245840388346,109,"Chum"
2009,11.4854460557302,-0.717330924452178,109,"Chum"
2010,12.1781110366186,-0.0246659435637938,109,"Chum"
2011,12.1283733447393,-0.0744036354430833,109,"Chum"
2012,12.1125862598419,-0.0901907203404312,109,"Chum"
2013,12.461522102356,0.25874512217361,109,"Chum"
2014,12.6539690494537,0.451192069271393,109,"Chum"
2015,13.4833151102066,1.28053813002426,109,"Chum"
2016,13.5869159301122,1.38413894992985,109,"Chum"
2017,12.753143787384,0.550366807201683,109,"Chum"
2018,13.0466420650482,0.84386508486587,109,"Chum"
2019,12.9058035214742,0.703026541291842,109,"Chum"
2020,12.6422004699707,0.439423489788353,109,"Chum"
2021,12.3187719583511,0.115994978168786,109,"Chum"
2022,12.0695550441742,-0.133221936008157,109,"Chum"
2023,12.3310865561167,0.12830957593439,109,"Chum"
2024,12.6334768533707,0.430699873188311,109,"Chum"
2025,12.3759752909343,0.173198310751899,109,"Chum"
1950,10.6810839653015,-1.48745302043548,110,"Chum"
1951,11.2948279857635,-0.87370899997346,110,"Chum"
1952,11.4698890209198,-0.698647964817206,110,"Chum"
1953,12.0161890983582,-0.152347887378846,110,"Chum"
1954,11.42914686203,-0.739390123706973,110,"Chum"
1955,11.1498937129974,-1.01864327273957,110,"Chum"
1956,12.0720353126526,-0.0965016730844193,110,"Chum"
1957,12.523149394989,0.354612409252007,110,"Chum"
1958,13.4275108337402,1.25897384800322,110,"Chum"
1959,12.1465560913086,-0.0219808944284074,110,"Chum"
1960,12.0896712303162,-0.0788657554208307,110,"Chum"
1961,12.5362952232361,0.367758237499077,110,"Chum"
1962,12.0213764190674,-0.147160566669628,110,"Chum"
1963,12.7935502529144,0.625013267177423,110,"Chum"
1964,11.4867887020111,-0.681748283725888,110,"Chum"
1965,11.069652223587,-1.09888476214998,110,"Chum"
1966,11.9090961933136,-0.259440792423409,110,"Chum"
1967,11.9205096244812,-0.248027361255795,110,"Chum"
1968,11.7282702445984,-0.440266741138618,110,"Chum"
1969,11.5873989582062,-0.581138027530825,110,"Chum"
1970,11.5248473644257,-0.643689621311344,110,"Chum"
1971,10.9382422924042,-1.23029469333283,110,"Chum"
1972,11.5642496109009,-0.604287374836123,110,"Chum"
1973,11.7949763298035,-0.373560655933537,110,"Chum"
1974,11.6140748500824,-0.55446213565462,110,"Chum"
1975,11.4885727405548,-0.679964245182192,110,"Chum"
1976,11.3850476264954,-0.783489359241646,110,"Chum"
1977,11.889862203598,-0.278674782138988,110,"Chum"
1978,12.5053750514984,0.336838065761402,110,"Chum"
1979,12.0576687812805,-0.110868204456492,110,"Chum"
1980,12.2779029369354,0.109365951198418,110,"Chum"
1981,11.9942876815796,-0.174249304157412,110,"Chum"
1982,11.5220394134521,-0.646497572284858,110,"Chum"
1983,13.0803733348846,0.911836349147636,110,"Chum"
1984,11.6553834915161,-0.513153494220889,110,"Chum"
1985,11.9464373111725,-0.222099674564518,110,"Chum"
1986,12.0524895191193,-0.116047466617739,110,"Chum"
1987,12.2580582141876,0.0895212284506242,110,"Chum"
1988,12.1059006690979,-0.0626363166391001,110,"Chum"
1989,12.6531926631928,0.484655677455747,110,"Chum"
1990,12.5176969528198,0.349159967082824,110,"Chum"
1991,11.8600975990295,-0.308439386707472,110,"Chum"
1992,13.2755833148956,1.10704632915863,110,"Chum"
1993,13.1091510295868,0.940614043849791,110,"Chum"
1994,12.6793529510498,0.510815965312801,110,"Chum"
1995,13.1801720619202,1.01163507618317,110,"Chum"
1996,12.2084557533264,0.0399187675894222,110,"Chum"
1997,13.1633757591248,0.994838773387758,110,"Chum"
1998,13.1894389152527,1.02090192951568,110,"Chum"
1999,11.5180518627167,-0.650485123020326,110,"Chum"
2000,12.5694643497467,0.400927364009702,110,"Chum"
2001,11.7808197021484,-0.38771728358856,110,"Chum"
2002,11.7137022018433,-0.454834783893737,110,"Chum"
2003,12.8543130397797,0.685776054042666,110,"Chum"
2004,13.3364649772644,1.1679279915274,110,"Chum"
2005,13.1869087696075,1.01837178387055,110,"Chum"
2006,12.2394476413727,0.0709106556356767,110,"Chum"
2007,12.0702956199646,-0.0982413657724057,110,"Chum"
2008,10.8433406829834,-1.32519630275361,110,"Chum"
2009,11.4435764789581,-0.724960506778881,110,"Chum"
2010,12.1676364421845,-0.000900543552544164,110,"Chum"
2011,12.1274062633514,-0.0411307223855727,110,"Chum"
2012,12.0982347011566,-0.0703022845803892,110,"Chum"
2013,12.4330505847931,0.26451359905609,110,"Chum"
2014,12.5731621742249,0.40462518848786,110,"Chum"
2015,13.4297243118286,1.26118732609162,110,"Chum"
2016,13.5580549240112,1.38951793827422,110,"Chum"
2017,12.7301414966583,0.561604510921318,110,"Chum"
2018,13.0248155593872,0.856278573650207,110,"Chum"
2019,12.8824020862579,0.713865100520919,110,"Chum"
2020,12.5897170066834,0.421180020946347,110,"Chum"
2021,12.2625271320343,0.0939901462973018,110,"Chum"
2022,12.0247441768646,-0.143792808872382,110,"Chum"
2023,12.300795173645,0.132258187908023,110,"Chum"
2024,12.6155041217804,0.446967136043386,110,"Chum"
2025,12.325643825531,0.157106839794002,110,"Chum"
1950,9.30560950040818,-1.53829292744806,145,"Chum"
1951,10.0410284638405,-0.802873964015748,145,"Chum"
1952,10.0796587228775,-0.764243704978735,145,"Chum"
1953,10.4962392687798,-0.34766315907648,145,"Chum"
1954,10.0759646177292,-0.767937810127054,145,"Chum"
1955,9.79511584043502,-1.04878658742121,145,"Chum"
1956,10.864187669754,0.0202852418977869,145,"Chum"
1957,11.2796240448952,0.435721617038932,145,"Chum"
1958,12.3022664427757,1.45836401491949,145,"Chum"
1959,10.9184733867645,0.0745709589082883,145,"Chum"
1960,10.7369001865387,-0.107002241317535,145,"Chum"
1961,11.1916105270386,0.347708099182336,145,"Chum"
1962,10.8388336181641,-0.00506880969217018,145,"Chum"
1963,11.6175162911415,0.773613863285277,145,"Chum"
1964,10.147166466713,-0.696735961143279,145,"Chum"
1965,9.76319035291671,-1.08071207493952,145,"Chum"
1966,10.5179209828377,-0.325981445018559,145,"Chum"
1967,10.6768959760666,-0.167006451789636,145,"Chum"
1968,10.5548759579659,-0.289026469890386,145,"Chum"
1969,10.2316143274307,-0.61228810042551,145,"Chum"
1970,10.3508305191994,-0.493071908656863,145,"Chum"
1971,9.59401053190231,-1.24989189595393,145,"Chum"
1972,10.2745966434479,-0.569305784408365,145,"Chum"
1973,10.3925259232521,-0.451376504604134,145,"Chum"
1974,10.2435527443886,-0.600349683467657,145,"Chum"
1975,9.93586928844453,-0.908033139411712,145,"Chum"
1976,9.83106195926666,-1.01284046858957,145,"Chum"
1977,10.4738481760025,-0.370054251853738,145,"Chum"
1978,11.0516755580902,0.207773130233973,145,"Chum"
1979,10.7853708982468,-0.0585315296094758,145,"Chum"
1980,10.7471738100052,-0.0967286178510481,145,"Chum"
1981,10.8714851617813,0.0275827339250789,145,"Chum"
1982,10.1440535783768,-0.699848849479466,145,"Chum"
1983,11.7060809850693,0.862178557213041,145,"Chum"
1984,10.4044771552086,-0.439425272647647,145,"Chum"
1985,10.4005556106567,-0.443346817199498,145,"Chum"
1986,10.7136600136757,-0.130242414180544,145,"Chum"
1987,10.7849799513817,-0.0589224764745485,145,"Chum"
1988,10.6972433328629,-0.146659094993374,145,"Chum"
1989,11.1489619731903,0.305059545334065,145,"Chum"
1990,11.2913659930229,0.447463565166684,145,"Chum"
1991,10.739578461647,-0.104323966209202,145,"Chum"
1992,11.7472568273544,0.903354399498199,145,"Chum"
1993,11.6620260715485,0.818123643692221,145,"Chum"
1994,11.5326685428619,0.688766115005694,145,"Chum"
1995,11.6691282749176,0.825225847061369,145,"Chum"
1996,10.8087823271751,-0.0351201006810939,145,"Chum"
1997,11.6324490666389,0.788546638782713,145,"Chum"
1998,11.7267381429672,0.882835715110984,145,"Chum"
1999,9.97078899145127,-0.873113436404969,145,"Chum"
2000,11.0065661668777,0.162663739021508,145,"Chum"
2001,10.3132438182831,-0.53065860957315,145,"Chum"
2002,10.5444481015205,-0.299454326335703,145,"Chum"
2003,11.6296018838882,0.785699456032005,145,"Chum"
2004,12.0871581792831,1.2432557514269,145,"Chum"
2005,12.0548095703125,1.21090714245626,145,"Chum"
2006,11.0825402736664,0.238637845810149,145,"Chum"
2007,10.5574477553368,-0.286454672519475,145,"Chum"
2008,9.64110213518142,-1.20280029267481,145,"Chum"
2009,10.3042738437653,-0.539628584090981,145,"Chum"
2010,10.7382392644882,-0.105663163368009,145,"Chum"
2011,10.7775259494781,-0.0663764783780933,145,"Chum"
2012,10.3767065525055,-0.467195875350744,145,"Chum"
2013,11.1998487830162,0.35594635515997,145,"Chum"
2014,11.4923309206963,0.648428492840027,145,"Chum"
2015,12.4361372709274,1.5922348430712,145,"Chum"
2016,12.3328124523163,1.48891002446005,145,"Chum"
2017,11.366118144989,0.522215717132772,145,"Chum"
2018,11.7021354675293,0.858233039673058,145,"Chum"
2019,11.909442949295,1.0655405214388,145,"Chum"
2020,11.367566215992,0.523663788135733,145,"Chum"
2021,11.0772384047508,0.233335976894583,145,"Chum"
2022,10.8400939702988,-0.00380845755746895,145,"Chum"
2023,11.1841770529747,0.340274625118464,145,"Chum"
2024,11.4522448778152,0.608342449959011,145,"Chum"
2025,11.3900985240936,0.546196096237386,145,"Chum"
1950,9.33244564798144,-1.56272752916431,146,"Chum"
1951,10.05844534768,-0.836727829465763,146,"Chum"
1952,10.1438804732429,-0.751292703902887,146,"Chum"
1953,10.5613034831153,-0.333869694030448,146,"Chum"
1954,10.126390364435,-0.768782812710772,146,"Chum"
1955,9.85213141971164,-1.04304175743411,146,"Chum"
1956,10.9228568474452,0.0276836702994151,146,"Chum"
1957,11.3153521087435,0.420178931597701,146,"Chum"
1958,12.3374047941632,1.44223161701742,146,"Chum"
1959,10.9660636583964,0.070890481250652,146,"Chum"
1960,10.8103410932753,-0.0848320838704606,146,"Chum"
1961,11.2540055513382,0.358832374192445,146,"Chum"
1962,10.8830829991235,-0.012090178022281,146,"Chum"
1963,11.6702883376016,0.775115160455808,146,"Chum"
1964,10.1895479493671,-0.705625227778646,146,"Chum"
1965,9.77260307470957,-1.12257010243618,146,"Chum"
1966,10.5549988349279,-0.340174342217875,146,"Chum"
1967,10.7207682000266,-0.174404977119121,146,"Chum"
1968,10.6022286150191,-0.292944562126695,146,"Chum"
1969,10.2739937437905,-0.621179433355228,146,"Chum"
1970,10.3841212590535,-0.511051918092202,146,"Chum"
1971,9.63402063316769,-1.26115254397806,146,"Chum"
1972,10.3032899432712,-0.591883233874542,146,"Chum"
1973,10.4451956748962,-0.449977502249514,146,"Chum"
1974,10.3079044686423,-0.587268708503409,146,"Chum"
1975,9.99018389648862,-0.904989280657132,146,"Chum"
1976,9.90606374210782,-0.989109435037935,146,"Chum"
1977,10.534934507476,-0.360238669669797,146,"Chum"
1978,11.106921143002,0.211747965856228,146,"Chum"
1979,10.8155472278595,-0.0796259492862595,146,"Chum"
1980,10.8101010984845,-0.0850720786612888,146,"Chum"
1981,10.9138245052762,0.0186513281304038,146,"Chum"
1982,10.1986832486259,-0.696489928519889,146,"Chum"
1983,11.7734132607778,0.878240083632044,146,"Chum"
1984,10.462873644299,-0.432299532846773,146,"Chum"
1985,10.4573925336202,-0.43778064352555,146,"Chum"
1986,10.7585486703449,-0.136624506800866,146,"Chum"
1987,10.8478400309881,-0.0473331461576887,146,"Chum"
1988,10.7739725642734,-0.121200612872329,146,"Chum"
1989,11.2296744717492,0.334501294603444,146,"Chum"
1990,11.3352788686752,0.440105691529483,146,"Chum"
1991,10.766187508901,-0.12898566824479,146,"Chum"
1992,11.7874301539527,0.892256976806961,146,"Chum"
1993,11.7333014541202,0.838128276974458,146,"Chum"
1994,11.5730967256758,0.677923548530036,146,"Chum"
1995,11.7397018538581,0.844528676712353,146,"Chum"
1996,10.8562837044398,-0.0388894727059499,146,"Chum"
1997,11.6851550340653,0.7899818569195,146,"Chum"
1998,11.7939575248294,0.898784347683684,146,"Chum"
1999,10.0541041162279,-0.841069060917854,146,"Chum"
2000,11.0790690448549,0.183895867709152,146,"Chum"
2001,10.3714524507523,-0.523720726393486,146,"Chum"
2002,10.5678244961633,-0.327348680982493,146,"Chum"
2003,11.6905116770003,0.795338499854505,146,"Chum"
2004,12.1371888054742,1.24201562832842,146,"Chum"
2005,12.116263628006,1.22109045086023,146,"Chum"
2006,11.1395771238539,0.244403946708148,146,"Chum"
2007,10.6196154753367,-0.275557701809039,146,"Chum"
2008,9.69924728075663,-1.19592589638912,146,"Chum"
2009,10.3418978055318,-0.553275371613934,146,"Chum"
2010,10.8166519668367,-0.0785212103090278,146,"Chum"
2011,10.8755105204052,-0.0196626567405176,146,"Chum"
2012,10.4667189121246,-0.428454265021117,146,"Chum"
2013,11.2387614250183,0.343588247872561,146,"Chum"
2014,11.4996471537484,0.604473976602663,146,"Chum"
2015,12.4391885068682,1.54401532972241,146,"Chum"
2016,12.3877279228634,1.49255474571768,146,"Chum"
2017,11.446863995658,0.551690818512272,146,"Chum"
2018,11.7621907658047,0.867017588658962,146,"Chum"
2019,11.9414576424493,1.04628446530352,146,"Chum"
2020,11.3924659225676,0.497292745421827,146,"Chum"
2021,11.0932691627079,0.198095985562103,146,"Chum"
2022,10.8974042336146,0.00223105646885282,146,"Chum"
2023,11.2088521851434,0.313679007997614,146,"Chum"
2024,11.495257669025,0.600084491879246,146,"Chum"
2025,11.4086924923791,0.513519315233327,146,"Chum"
1950,8.98300776698373,-1.52750491531818,148,"Chum"
1951,9.76273049007763,-0.747782192224281,148,"Chum"
1952,9.74492165175351,-0.7655910305484,148,"Chum"
1953,10.1476737477563,-0.362838934545646,148,"Chum"
1954,9.7865145965056,-0.723998085796317,148,"Chum"
1955,9.48628757216713,-1.02422511013478,148,"Chum"
1956,10.5517858591947,0.0412731768927521,148,"Chum"
1957,10.9793109677055,0.468798285403554,148,"Chum"
1958,12.0064161907543,1.49590350845237,148,"Chum"
1959,10.6442790681666,0.133766385864647,148,"Chum"
1960,10.3965465263887,-0.113966155913218,148,"Chum"
1961,10.8799587488174,0.369446066515528,148,"Chum"
1962,10.5441356355494,0.0336229532474633,148,"Chum"
1963,11.2858126163483,0.775299934046358,148,"Chum"
1964,9.81542098522187,-0.695091697080041,148,"Chum"
1965,9.44184652241793,-1.06866615988398,148,"Chum"
1966,10.1748965545134,-0.335616127788499,148,"Chum"
1967,10.3827498826114,-0.127762799690542,148,"Chum"
1968,10.2770968675613,-0.233415814740576,148,"Chum"
1969,9.88650803132491,-0.624004650977001,148,"Chum"
1970,10.0593901330775,-0.451122549224463,148,"Chum"
1971,9.2581906968897,-1.25232198541221,148,"Chum"
1972,9.9491640437733,-0.561348638528611,148,"Chum"
1973,10.0162372155623,-0.494275466739616,148,"Chum"
1974,9.90313405340368,-0.607378628898232,148,"Chum"
1975,9.53590950098905,-0.974603181312863,148,"Chum"
1976,9.4549432776191,-1.05556940468281,148,"Chum"
1977,10.139318596233,-0.371194086068894,148,"Chum"
1978,10.6827239340002,0.172211251698274,148,"Chum"
1979,10.4818764708259,-0.0286362114760266,148,"Chum"
1980,10.3761708302931,-0.134341852008776,148,"Chum"
1981,10.6061469208111,0.0956342385091394,148,"Chum"
1982,9.79249345172535,-0.71801923057656,148,"Chum"
1983,11.354180671952,0.843667989650078,148,"Chum"
1984,10.120748444037,-0.389764238264906,148,"Chum"
1985,9.99589357592843,-0.514619106373483,148,"Chum"
1986,10.3657969453118,-0.144715736990106,148,"Chum"
1987,10.3949065100063,-0.115606172295613,148,"Chum"
1988,10.3417593132366,-0.168753369065322,148,"Chum"
1989,10.7381285970861,0.227615914784208,148,"Chum"
1990,10.9381952069022,0.427682524600335,148,"Chum"
1991,10.4126507585699,-0.0978619237320205,148,"Chum"
1992,11.3526591929522,0.842146510650336,148,"Chum"
1993,11.2821352806958,0.771622598393912,148,"Chum"
1994,11.1976688341661,0.687156151864174,148,"Chum"
1995,11.246404951269,0.735892268967064,148,"Chum"
1996,10.4739667285572,-0.0365459537446728,148,"Chum"
1997,11.2667862068523,0.756273524550395,148,"Chum"
1998,11.3287909572775,0.818278274975559,148,"Chum"
1999,9.5777269710194,-0.93278571128251,148,"Chum"
2000,10.6099581068212,0.0994454245193186,148,"Chum"
2001,9.96001044186679,-0.550502240435121,148,"Chum"
2002,10.2466212185946,-0.263891463707277,148,"Chum"
2003,11.2913944504478,0.78088176814586,148,"Chum"
2004,11.7435279000889,1.233015217787,148,"Chum"
2005,11.754961122166,1.24444843986411,148,"Chum"
2006,10.7630988684568,0.252586186154846,148,"Chum"
2007,10.1893921657042,-0.321120516597704,148,"Chum"
2008,9.33476621454412,-1.17574646775779,148,"Chum"
2009,10.0246757160534,-0.485836966248558,148,"Chum"
2010,10.3786140463569,-0.131898635945016,148,"Chum"
2011,10.4344050559131,-0.0761076263888586,148,"Chum"
2012,9.94215267354792,-0.568360008753997,148,"Chum"
2013,10.873517296531,0.363004614229071,148,"Chum"
2014,11.2639792398973,0.753466557595385,148,"Chum"
2015,12.1574323610826,1.64691967878069,148,"Chum"
2016,12.0101987448606,1.49968606255865,148,"Chum"
2017,11.0103232101961,0.499810527894148,148,"Chum"
2018,11.3656127019362,0.855100019634286,148,"Chum"
2019,11.6693568338047,1.15884415150283,148,"Chum"
2020,11.0810842514038,0.57057156910189,148,"Chum"
2021,10.7729067802429,0.262394097941003,148,"Chum"
2022,10.5674378546801,0.056925172378236,148,"Chum"
2023,10.8808022087271,0.370289526425142,148,"Chum"
2024,11.119165669788,0.608652987486104,148,"Chum"
2025,11.144043228843,0.633530546541076,148,"Chum"
1950,8.75764220952988,-1.54481218955288,147,"Chum"
1951,9.5495233654976,-0.752931033585163,147,"Chum"
1952,9.55892521142959,-0.743529187653165,147,"Chum"
1953,9.93773421049118,-0.36472018859158,147,"Chum"
1954,9.60411595106125,-0.698338448021513,147,"Chum"
1955,9.31462312936783,-0.987831269714933,147,"Chum"
1956,10.3922010779381,0.0897466788553156,147,"Chum"
1957,10.7684561133385,0.46600171425571,147,"Chum"
1958,11.8005733013153,1.49811890223255,147,"Chum"
1959,10.4824309229851,0.179976523902318,147,"Chum"
1960,10.2245904445648,-0.0778639545179353,147,"Chum"
1961,10.712221288681,0.409766889598268,147,"Chum"
1962,10.3534855008125,0.0510311017297764,147,"Chum"
1963,11.078437769413,0.775983370330236,147,"Chum"
1964,9.59275578260422,-0.709698616478537,147,"Chum"
1965,9.16929479837417,-1.13315960070859,147,"Chum"
1966,9.91979565620423,-0.382658742878534,147,"Chum"
1967,10.180609691143,-0.121844707939717,147,"Chum"
1968,10.1099140405655,-0.192540358517273,147,"Chum"
1969,9.65279301404954,-0.649661385033223,147,"Chum"
1970,9.86129424571991,-0.441160153362849,147,"Chum"
1971,9.03789436817169,-1.26456003091107,147,"Chum"
1972,9.71841275691986,-0.5840416421629,147,"Chum"
1973,9.78045805692672,-0.521996342156035,147,"Chum"
1974,9.70574564933777,-0.596708749744991,147,"Chum"
1975,9.28033638000489,-1.02211801907787,147,"Chum"
1976,9.25926945209503,-1.04318494698773,147,"Chum"
1977,9.94446067810058,-0.357993720982174,147,"Chum"
1978,10.4396559715271,0.137201572444339,147,"Chum"
1979,10.2515464544296,-0.0509079446531355,147,"Chum"
1980,10.1447364211082,-0.157717977974513,147,"Chum"
1981,10.44261739254,0.140162993457226,147,"Chum"
1982,9.57161883115768,-0.730835567925077,147,"Chum"
1983,11.1580826401711,0.855628241088294,147,"Chum"
1984,9.98282998800278,-0.319624411079981,147,"Chum"
1985,9.73493877649308,-0.567515622589683,147,"Chum"
1986,10.1342688798904,-0.168185519192319,147,"Chum"
1987,10.1647052168846,-0.137749182198146,147,"Chum"
1988,10.1802928209305,-0.12216157815227,147,"Chum"
1989,10.5211482048035,0.218693805720706,147,"Chum"
1990,10.7119672656059,0.409512866523172,147,"Chum"
1991,10.1680235028267,-0.134430896256067,147,"Chum"
1992,11.0620073676109,0.759552968528179,147,"Chum"
1993,11.0569923877716,0.754537988688844,147,"Chum"
1994,10.9708990335464,0.668444634463685,147,"Chum"
1995,10.9974391937256,0.694984794642827,147,"Chum"
1996,10.2458739042282,-0.0565804948545491,147,"Chum"
1997,11.0218431472778,0.719388748195073,147,"Chum"
1998,11.0878338217735,0.785379422690771,147,"Chum"
1999,9.38312911987305,-0.919325279209706,147,"Chum"
2000,10.3792500376701,0.0767956385873697,147,"Chum"
2001,9.75082193613053,-0.551632462952232,147,"Chum"
2002,10.0139611959457,-0.288493203137021,147,"Chum"
2003,11.0996963024139,0.79724190333118,147,"Chum"
2004,11.5168107271194,1.21435632803668,147,"Chum"
2005,11.5886496305466,1.28619523146381,147,"Chum"
2006,10.5770322442055,0.274577845122721,147,"Chum"
2007,9.98146728277207,-0.320987116310693,147,"Chum"
2008,9.18080013990402,-1.12165425917874,147,"Chum"
2009,9.84924989938736,-0.453204499695399,147,"Chum"
2010,10.1923839330673,-0.110070466015438,147,"Chum"
2011,10.2943614840507,-0.00809291503201193,147,"Chum"
2012,9.72156999111176,-0.580884407971005,147,"Chum"
2013,10.6395650148392,0.33711061575641,147,"Chum"
2014,11.0611628770828,0.75870847800007,147,"Chum"
2015,11.9152491569519,1.61279475786915,147,"Chum"
2016,11.8093366146088,1.50688221552601,147,"Chum"
2017,10.8342504262924,0.531796027209659,147,"Chum"
2018,11.1641981244087,0.861743725325961,147,"Chum"
2019,11.5046254992485,1.20217110016575,147,"Chum"
2020,10.8644461750984,0.561991776015658,147,"Chum"
2021,10.5275798678398,0.225125468757051,147,"Chum"
2022,10.4322571635246,0.129802764441867,147,"Chum"
2023,10.6575125694275,0.355058170344729,147,"Chum"
2024,10.9086767196655,0.606222320582767,147,"Chum"
2025,10.9620144963264,0.659560097243683,147,"Chum"
1950,8.58604655947005,-1.57944599173073,149,"Chum"
1951,9.38821232318879,-0.777280228011991,149,"Chum"
1952,9.44740564482553,-0.718086906375251,149,"Chum"
1953,9.79471438271659,-0.370778168484192,149,"Chum"
1954,9.48008268220084,-0.685409868999943,149,"Chum"
1955,9.22348873955863,-0.942003811642152,149,"Chum"
1956,10.3053053447178,0.139812793517057,149,"Chum"
1957,10.6172665868487,0.451774035647888,149,"Chum"
1958,11.6664497852325,1.50095723403177,149,"Chum"
1959,10.3715547834124,0.206062232211611,149,"Chum"
1960,10.1417274304799,-0.0237651207209088,149,"Chum"
1961,10.6134588548115,0.447966303610755,149,"Chum"
1962,10.2379106283188,0.0724180771180118,149,"Chum"
1963,10.9532864774976,0.787793926296871,149,"Chum"
1964,9.4363889013018,-0.72910364989898,149,"Chum"
1965,8.95532059669494,-1.21017195450584,149,"Chum"
1966,9.72887986046928,-0.436612690731502,149,"Chum"
1967,10.0359945637839,-0.129497987416852,149,"Chum"
1968,10.0068004301616,-0.15869212103917,149,"Chum"
1969,9.49053995949882,-0.674952591701957,149,"Chum"
1970,9.72710696288518,-0.438385588315603,149,"Chum"
1971,8.89031313146863,-1.27517941973214,149,"Chum"
1972,9.55662594522749,-0.60886660597329,149,"Chum"
1973,9.62368149416787,-0.541811057032906,149,"Chum"
1974,9.58310263497489,-0.58238991622589,149,"Chum"
1975,9.10989500795092,-1.05559754324985,149,"Chum"
1976,9.14584732055664,-1.01964523064414,149,"Chum"
1977,9.82762556416648,-0.337866987034301,149,"Chum"
1978,10.2713738850185,0.105881333817707,149,"Chum"
1979,10.078074165753,-0.0874183854478264,149,"Chum"
1980,9.98977502754757,-0.175717523653211,149,"Chum"
1981,10.3334658656802,0.16797331447938,149,"Chum"
1982,9.41953192438398,-0.745960626816802,149,"Chum"
1983,11.0385466814041,0.873054130203338,149,"Chum"
1984,9.91570709432875,-0.249785456872032,149,"Chum"
1985,9.55859228542873,-0.60690026577205,149,"Chum"
1986,9.98755875655583,-0.177933794644947,149,"Chum"
1987,10.0241446154458,-0.141347935754958,149,"Chum"
1988,10.0911534343447,-0.0743391168560713,149,"Chum"
1989,10.3815765040261,0.216083952825363,149,"Chum"
1990,10.5613111087254,0.395818557524636,149,"Chum"
1991,9.98676691736494,-0.178725633835839,149,"Chum"
1992,10.8412432159696,0.675750664768858,149,"Chum"
1993,10.9204035316195,0.754910980418698,149,"Chum"
1994,10.8192441122872,0.653751561086467,149,"Chum"
1995,10.8434683254787,0.677975774277913,149,"Chum"
1996,10.091151714325,-0.0743408368758238,149,"Chum"
1997,10.8498725720814,0.684380020880652,149,"Chum"
1998,10.9255027600697,0.760010208868935,149,"Chum"
1999,9.27929977008275,-0.886192781118025,149,"Chum"
2000,10.2344441584178,0.0689516072170542,149,"Chum"
2001,9.60916037218912,-0.556332179011661,149,"Chum"
2002,9.83146933146885,-0.334023219731924,149,"Chum"
2003,10.9871594735554,0.821666922354653,149,"Chum"
2004,11.3604235819408,1.19493103074,149,"Chum"
2005,11.4985807282584,1.33308817705762,149,"Chum"
2006,10.4667945759637,0.301302024762932,149,"Chum"
2007,9.8537301165717,-0.311762434629077,149,"Chum"
2008,9.10488627638135,-1.06060627481943,149,"Chum"
2009,9.73603667531695,-0.429455875883831,149,"Chum"
2010,10.0926160642079,-0.0728764869928838,149,"Chum"
2011,10.2436354500907,0.0781428988899014,149,"Chum"
2012,9.59851433549609,-0.566978215704693,149,"Chum"
2013,10.469027706555,0.303535155354178,149,"Chum"
2014,10.8953202111381,0.729827659937272,149,"Chum"
2015,11.7169562407902,1.55146368958945,149,"Chum"
2016,11.6718633856092,1.50637083440844,149,"Chum"
2017,10.7433638742992,0.577871323098406,149,"Chum"
2018,11.0294291121619,0.863936560961132,149,"Chum"
2019,11.3906307901655,1.22513823896472,149,"Chum"
2020,10.6978293316705,0.532336780469707,149,"Chum"
2021,10.3340511151722,0.168558563971471,149,"Chum"
2022,10.3622364657266,0.1967439145258,149,"Chum"
2023,10.5029249702181,0.337432419017332,149,"Chum"
2024,10.7772566250392,0.611764073838453,149,"Chum"
2025,10.8303109748023,0.664818423601506,149,"Chum"
1950,8.29224499315023,-1.32894936457838,127,"Chum"
1951,9.22029561735689,-0.400898740371718,127,"Chum"
1952,8.93430340662598,-0.686890951102626,127,"Chum"
1953,9.78509629145265,0.163901933724038,127,"Chum"
1954,9.53712691739202,-0.0840674403365942,127,"Chum"
1955,8.95679978281259,-0.664394574916019,127,"Chum"
1956,9.77682021632791,0.155625858599297,127,"Chum"
1957,10.4621848613024,0.840990503573767,127,"Chum"
1958,10.1698083505034,0.548613992774832,127,"Chum"
1959,10.0124776959419,0.391283338213311,127,"Chum"
1960,9.64248136803508,0.0212870103064668,127,"Chum"
1961,10.0412185117602,0.420024154031626,127,"Chum"
1962,9.52200978994369,-0.0991845677849187,127,"Chum"
1963,9.62355903536081,0.00236467763220332,127,"Chum"
1964,8.83916492015123,-0.782029437577378,127,"Chum"
1965,8.05795487388968,-1.56323948383893,127,"Chum"
1966,8.6622357480228,-0.958958609705814,127,"Chum"
1967,9.78046184778214,0.159267490053528,127,"Chum"
1968,10.2846683226526,0.663473964923965,127,"Chum"
1969,8.8863051943481,-0.734889163380513,127,"Chum"
1970,8.88460580259562,-0.736588555132995,127,"Chum"
1971,7.65669963415712,-1.96449472357149,127,"Chum"
1972,8.08045327290893,-1.54074108481968,127,"Chum"
1973,8.56570552662015,-1.05548883110846,127,"Chum"
1974,9.46926297619939,-0.151931381529218,127,"Chum"
1975,8.10188196972013,-1.51931238800849,127,"Chum"
1976,8.90410993620753,-0.717084421521077,127,"Chum"
1977,10.2908188328147,0.669624475086084,127,"Chum"
1978,8.93068176135421,-0.690512596374402,127,"Chum"
1979,9.77725750207901,0.156063144350401,127,"Chum"
1980,9.01478878036142,-0.606405577367195,127,"Chum"
1981,10.6354505419731,1.0142561842445,127,"Chum"
1982,8.36858320236206,-1.25261115536655,127,"Chum"
1983,10.5199569910765,0.898762633347855,127,"Chum"
1984,10.6771136894822,1.0559193317536,127,"Chum"
1985,8.56962369382381,-1.0515706639048,127,"Chum"
1986,8.77455694973469,-0.846637407993924,127,"Chum"
1987,9.35991240292787,-0.26128195480074,127,"Chum"
1988,9.63268581777811,0.0114914600494959,127,"Chum"
1989,9.71874550729989,0.0975511495712842,127,"Chum"
1990,9.90731104463339,0.286116686904778,127,"Chum"
1991,9.04097986966371,-0.580214488064899,127,"Chum"
1992,9.27997788786888,-0.34121646985973,127,"Chum"
1993,10.2443013042212,0.623106946492546,127,"Chum"
1994,9.90064768493176,0.279453327203146,127,"Chum"
1995,9.13099085539579,-0.490203502332816,127,"Chum"
1996,9.90612107515335,0.284926717424739,127,"Chum"
1997,11.0754799321294,1.45428557440077,127,"Chum"
1998,9.77423813194037,0.153043774211757,127,"Chum"
1999,8.61189762689174,-1.00929673083688,127,"Chum"
2000,9.52409641444683,-0.0970979432817806,127,"Chum"
2001,9.859470076859,0.238275719130386,127,"Chum"
2002,9.81015598773956,0.188961630010947,127,"Chum"
2003,10.3097112700343,0.688516912305701,127,"Chum"
2004,10.7294827029109,1.10828834518229,127,"Chum"
2005,11.4475507065654,1.82635634883677,127,"Chum"
2006,9.54137705639005,-0.0798173013385629,127,"Chum"
2007,9.42473920807242,-0.196455149656189,127,"Chum"
2008,9.06957526132464,-0.55161909640397,127,"Chum"
2009,9.49954749643802,-0.121646861290588,127,"Chum"
2010,9.34692554920912,-0.274268808519492,127,"Chum"
2011,9.58851287141442,-0.0326814863141899,127,"Chum"
2012,8.71641011163592,-0.904784246092689,127,"Chum"
2013,9.7659363746643,0.144742016935693,127,"Chum"
2014,11.1316774487495,1.51048309102094,127,"Chum"
2015,10.7416630163789,1.12046865865027,127,"Chum"
2016,11.5000202506781,1.87882589294945,127,"Chum"
2017,10.4390082880855,0.817813930356846,127,"Chum"
2018,10.108767516911,0.487573159182417,127,"Chum"
2019,11.5555933639407,1.93439900621211,127,"Chum"
2020,10.7225496545434,1.10135529681479,127,"Chum"
2021,9.80446089059114,0.183266532862533,127,"Chum"
2022,10.4178986474872,0.796704289758548,127,"Chum"
2023,9.58685344085098,-0.0343409168776336,127,"Chum"
2024,9.66406797617674,0.0428736184481304,127,"Chum"
2025,10.4942053034902,0.873010945761554,127,"Chum"
1950,8.1124724679523,-1.15426339441556,124,"Chum"
1951,8.89800550043583,-0.368730361932039,124,"Chum"
1952,8.48088381356663,-0.785852048801232,124,"Chum"
1953,9.47138827708032,0.204652414712461,124,"Chum"
1954,9.11168608731694,-0.155049775050926,124,"Chum"
1955,8.51774072315958,-0.748995139208288,124,"Chum"
1956,9.29619947075844,0.0294636083905751,124,"Chum"
1957,10.0773709813754,0.810635119007511,124,"Chum"
1958,9.73563443952136,0.468898577153499,124,"Chum"
1959,9.51987041367425,0.253134551306383,124,"Chum"
1960,9.22040151556333,-0.0463343468045367,124,"Chum"
1961,9.53152437342538,0.264788511057515,124,"Chum"
1962,9.07262536552217,-0.194110496845693,124,"Chum"
1963,9.20926164256202,-0.0574742198058454,124,"Chum"
1964,8.50904920366075,-0.757686658707112,124,"Chum"
1965,7.85683589842584,-1.40989996394202,124,"Chum"
1966,8.37604132956929,-0.890694532798575,124,"Chum"
1967,9.49807039896648,0.231334536598613,124,"Chum"
1968,9.85764735605981,0.59091149369195,124,"Chum"
1969,8.65023901396328,-0.616496848404588,124,"Chum"
1970,8.57119535737568,-0.695540504992189,124,"Chum"
1971,7.32910223056873,-1.93763363179914,124,"Chum"
1972,7.78793705834283,-1.47879880402504,124,"Chum"
1973,8.20540066891246,-1.0613351934554,124,"Chum"
1974,9.13693282670445,-0.129803035663412,124,"Chum"
1975,7.81082935796844,-1.45590650439943,124,"Chum"
1976,8.45221826434135,-0.81451759802651,124,"Chum"
1977,9.86860289176305,0.601867029395187,124,"Chum"
1978,8.5669859415955,-0.699749920772362,124,"Chum"
1979,9.50456139114168,0.237825528773816,124,"Chum"
1980,8.64968823393186,-0.617047628436004,124,"Chum"
1981,10.2217016418775,0.95496577950963,124,"Chum"
1982,7.98917075660493,-1.27756510576293,124,"Chum"
1983,10.0881378650665,0.821402002698662,124,"Chum"
1984,10.2752582099703,1.0085223476024,124,"Chum"
1985,8.24102420608202,-1.02571165628584,124,"Chum"
1986,8.41279144750701,-0.853944414860855,124,"Chum"
1987,9.07531133625242,-0.191424526115443,124,"Chum"
1988,9.237986266613,-0.0287495957548595,124,"Chum"
1989,9.33520478010177,0.0684689177339065,124,"Chum"
1990,9.48583131366306,0.219095451295197,124,"Chum"
1991,8.80643138620588,-0.46030447616198,124,"Chum"
1992,9.06917375326156,-0.1975621091063,124,"Chum"
1993,9.9176975886027,0.650961726234841,124,"Chum"
1994,9.50858568482929,0.241849822461429,124,"Chum"
1995,8.85354744725757,-0.413188415110291,124,"Chum"
1996,9.61445754104191,0.347721678674042,124,"Chum"
1997,10.7601062787904,1.4933704164225,124,"Chum"
1998,9.47878089216021,0.212045029792343,124,"Chum"
1999,8.27408113247819,-0.992654729889679,124,"Chum"
2000,9.196632332272,-0.0701035300958639,124,"Chum"
2001,9.53740720616447,0.270671343796601,124,"Chum"
2002,9.59424522187974,0.327509359511879,124,"Chum"
2003,9.88384084569083,0.617104983322967,124,"Chum"
2004,10.3301839696036,1.06344810723578,124,"Chum"
2005,11.0195290711191,1.75279320875123,124,"Chum"
2006,9.19907963607046,-0.0676562262973988,124,"Chum"
2007,9.08168254627122,-0.185053316096645,124,"Chum"
2008,8.66530523366398,-0.601430628703884,124,"Chum"
2009,9.08637950817744,-0.180356354190425,124,"Chum"
2010,8.79412912660175,-0.472606735766116,124,"Chum"
2011,9.08039931787385,-0.186336544494017,124,"Chum"
2012,8.25615280535486,-1.01058305701301,124,"Chum"
2013,9.43688322438134,0.170147362013476,124,"Chum"
2014,10.82993847794,1.56320261557217,124,"Chum"
2015,10.4592306547695,1.19249479240161,124,"Chum"
2016,11.2191240721279,1.95238820976001,124,"Chum"
2017,10.1561234328482,0.889387570480323,124,"Chum"
2018,9.76419263415866,0.497456771790798,124,"Chum"
2019,11.2968405286471,2.03010466627924,124,"Chum"
2020,10.4738883243667,1.20715246199881,124,"Chum"
2021,9.56158994303809,0.29485408067023,124,"Chum"
2022,10.0172578162617,0.750521953893848,124,"Chum"
2023,9.26432612538338,-0.00240973698448342,124,"Chum"
2024,9.29026707013448,0.0235312077666215,124,"Chum"
2025,10.1960329214732,0.929297059105322,124,"Chum"
1950,7.98961032288415,-1.15949735127083,125,"Chum"
1951,8.61952159447329,-0.529586079681692,125,"Chum"
1952,8.2262250312737,-0.922882642881279,125,"Chum"
1953,9.33728221058846,0.188174536433474,125,"Chum"
1954,8.97335417781558,-0.175753496339407,125,"Chum"
1955,8.4028377532959,-0.746269920859087,125,"Chum"
1956,9.31222316196987,0.163115487814883,125,"Chum"
1957,9.86948289615767,0.720375222002691,125,"Chum"
1958,9.52680254408291,0.377694869927925,125,"Chum"
1959,9.36808832202639,0.218980647871404,125,"Chum"
1960,9.08594259832587,-0.0631650758291171,125,"Chum"
1961,9.32249479634421,0.173387122189231,125,"Chum"
1962,8.79414098603385,-0.354966688121136,125,"Chum"
1963,8.92090579867363,-0.228201875481352,125,"Chum"
1964,8.35112857179982,-0.797979102355162,125,"Chum"
1965,7.57085632639272,-1.57825134776226,125,"Chum"
1966,8.24684092402458,-0.902266750130399,125,"Chum"
1967,9.38682623420443,0.237718560049449,125,"Chum"
1968,9.72459368194852,0.57548600779354,125,"Chum"
1969,8.52243165884699,-0.626676015307994,125,"Chum"
1970,8.42485043406487,-0.724257240090117,125,"Chum"
1971,7.09814041107893,-2.05096726307605,125,"Chum"
1972,7.52729094986405,-1.62181672429094,125,"Chum"
1973,8.14680514165333,-1.00230253250165,125,"Chum"
1974,9.03293019958905,-0.11617747456593,125,"Chum"
1975,7.69206832987922,-1.45703934427577,125,"Chum"
1976,8.34061602396624,-0.808491650188739,125,"Chum"
1977,9.79433139732906,0.645223723174075,125,"Chum"
1978,8.44444044572966,-0.704667228425318,125,"Chum"
1979,9.32537776657514,0.176270092420152,125,"Chum"
1980,8.43896811349051,-0.710139560664469,125,"Chum"
1981,10.1751431482179,1.0260354740629,125,"Chum"
1982,7.82397933517183,-1.32512833898315,125,"Chum"
1983,10.1003408133984,0.951233139243374,125,"Chum"
1984,10.1753895282745,1.02628185411955,125,"Chum"
1985,8.08171987533569,-1.06738779881929,125,"Chum"
1986,8.24093210910048,-0.908175565054506,125,"Chum"
1987,9.05262761456626,-0.0964800595887271,125,"Chum"
1988,9.30629635282925,0.157188678674265,125,"Chum"
1989,9.21799235258783,0.0688846784328489,125,"Chum"
1990,9.43137374520302,0.282266071048038,125,"Chum"
1991,8.75556481310299,-0.393542861051992,125,"Chum"
1992,8.89858985798699,-0.250517816167989,125,"Chum"
1993,9.77362942695618,0.624521752801198,125,"Chum"
1994,9.38335755041668,0.234249876261695,125,"Chum"
1995,8.77377911124911,-0.375328562905876,125,"Chum"
1996,9.46191035849707,0.31280268434209,125,"Chum"
1997,10.6373353345054,1.48822766035037,125,"Chum"
1998,9.44167098828725,0.292563314132263,125,"Chum"
1999,8.10514064984662,-1.04396702430836,125,"Chum"
2000,9.08907946092742,-0.0600282132275652,125,"Chum"
2001,9.48731034142631,0.338202667271324,125,"Chum"
2002,9.59593454429081,0.446826870135826,125,"Chum"
2003,9.86822023136275,0.719112557207769,125,"Chum"
2004,10.2045653888157,1.05545771466076,125,"Chum"
2005,10.9556651370866,1.80655746293162,125,"Chum"
2006,9.12561764887401,-0.0234900252809717,125,"Chum"
2007,9.03166643636567,-0.11744123778931,125,"Chum"
2008,8.60164243408611,-0.547465240068868,125,"Chum"
2009,9.00772912161691,-0.141378552538077,125,"Chum"
2010,8.75580891115325,-0.393298763001735,125,"Chum"
2011,9.00761134709631,-0.141496327058677,125,"Chum"
2012,8.18621305482728,-0.962894619327703,125,"Chum"
2013,9.28208056092262,0.132972886767638,125,"Chum"
2014,10.6806539382253,1.53154626407036,125,"Chum"
2015,10.3270034534591,1.17789577930408,125,"Chum"
2016,11.2375796011516,2.08847192699662,125,"Chum"
2017,10.1404396252973,0.991331951142289,125,"Chum"
2018,9.72448206799371,0.575374393838724,125,"Chum"
2019,11.2463126012257,2.09720492707074,125,"Chum"
2020,10.3934430224555,1.24433534830051,125,"Chum"
2021,9.45761855585234,0.308510881697361,125,"Chum"
2022,9.82400095888546,0.674893284730481,125,"Chum"
2023,9.00513534035002,-0.143972333804963,125,"Chum"
2024,9.13102054595948,-0.0180871281955069,125,"Chum"
2025,10.1126291709287,0.9635214967737,125,"Chum"
1950,7.98099779420429,-1.08611461551948,123,"Chum"
1951,8.60752300255828,-0.459589407165485,123,"Chum"
1952,8.14523680673705,-0.921875602986714,123,"Chum"
1953,9.30638100372421,0.239268594000439,123,"Chum"
1954,8.86573577589459,-0.201376633829177,123,"Chum"
1955,8.26414000325733,-0.80297240646644,123,"Chum"
1956,9.11699471208785,0.0498823023640792,123,"Chum"
1957,9.82545195354356,0.75833954381979,123,"Chum"
1958,9.44784423708915,0.380731827365388,123,"Chum"
1959,9.22314032912254,0.156027919398776,123,"Chum"
1960,8.96270243161254,-0.104409978111223,123,"Chum"
1961,9.20611992147234,0.139007511748572,123,"Chum"
1962,8.72891111506356,-0.338201294660209,123,"Chum"
1963,8.87571964330144,-0.191392766422332,123,"Chum"
1964,8.29561450249619,-0.771497907227579,123,"Chum"
1965,7.6182866477304,-1.44882576199336,123,"Chum"
1966,8.1996922062503,-0.867420203473469,123,"Chum"
1967,9.34718421432708,0.280071804603309,123,"Chum"
1968,9.60817249615987,0.541060086436103,123,"Chum"
1969,8.49775252408451,-0.569359885639251,123,"Chum"
1970,8.35764951838387,-0.709462891339893,123,"Chum"
1971,7.04969825761186,-2.01741415211191,123,"Chum"
1972,7.52032956232627,-1.54678284739749,123,"Chum"
1973,8.03576137953334,-1.03135103019042,123,"Chum"
1974,8.94917047023774,-0.117941939486032,123,"Chum"
1975,7.62717386086782,-1.43993854885595,123,"Chum"
1976,8.20853448079692,-0.858577928926847,123,"Chum"
1977,9.65086492233806,0.583752512614296,123,"Chum"
1978,8.35954365134239,-0.707568758381373,123,"Chum"
1979,9.31297782725758,0.245865417533815,123,"Chum"
1980,8.38913258579042,-0.677979823933343,123,"Chum"
1981,10.0333139830165,0.966201573292778,123,"Chum"
1982,7.74369420939021,-1.32341820033355,123,"Chum"
1983,9.95722223321597,0.890109823492199,123,"Chum"
1984,10.0452736020088,0.978161192285053,123,"Chum"
1985,8.0094896654288,-1.05762274429497,123,"Chum"
1986,8.15982800225417,-0.907284407469598,123,"Chum"
1987,8.97125030226177,-0.0958621074619919,123,"Chum"
1988,9.12290415830082,0.0557917485770565,123,"Chum"
1989,9.1295068860054,0.0623944762816319,123,"Chum"
1990,9.30011788672871,0.233005477004946,123,"Chum"
1991,8.71282961302333,-0.354282796700434,123,"Chum"
1992,8.89707899093628,-0.170033418787489,123,"Chum"
1993,9.72379618883133,0.656683779107565,123,"Chum"
1994,9.28310592969259,0.215993519968826,123,"Chum"
1995,8.72173463304838,-0.345377776675388,123,"Chum"
1996,9.40173918008804,0.334626770364279,123,"Chum"
1997,10.5799339678552,1.51282155813148,123,"Chum"
1998,9.36431986093521,0.297207451211448,123,"Chum"
1999,8.04019828140736,-1.02691412831641,123,"Chum"
2000,9.01792874932289,-0.0491836604008745,123,"Chum"
2001,9.39160666863124,0.324494258907469,123,"Chum"
2002,9.54701209068298,0.479899680959211,123,"Chum"
2003,9.73030931750933,0.663196907785566,123,"Chum"
2004,10.1266120539771,1.05949964425335,123,"Chum"
2005,10.8371390302976,1.77002662057383,123,"Chum"
2006,9.03926590416166,-0.0278465055621009,123,"Chum"
2007,8.94853644900852,-0.118575960715247,123,"Chum"
2008,8.46999918752246,-0.597113222201305,123,"Chum"
2009,8.86965819531017,-0.197454214413599,123,"Chum"
2010,8.55555695957608,-0.511555450147689,123,"Chum"
2011,8.84836841622988,-0.218743993493884,123,"Chum"
2012,8.03080317046907,-1.03630923925469,123,"Chum"
2013,9.23140196998914,0.164289560265375,123,"Chum"
2014,10.6461056669553,1.57899325723155,123,"Chum"
2015,10.2926682962312,1.2255558865074,123,"Chum"
2016,11.1574067870776,2.09029437735382,123,"Chum"
2017,10.0458563334412,0.978743923717437,123,"Chum"
2018,9.62173925505744,0.554626845333671,123,"Chum"
2019,11.1850758393606,2.11796342963679,123,"Chum"
2020,10.3493595785565,1.28224716883272,123,"Chum"
2021,9.42923973997434,0.362127330250573,123,"Chum"
2022,9.7457808388604,0.678668429136636,123,"Chum"
2023,8.99732334083981,-0.0697890688839527,123,"Chum"
2024,9.04225772288111,-0.0248546868426565,123,"Chum"
2025,10.0373156368732,0.970203227149478,123,"Chum"
1950,7.90588815510273,-1.03647530915802,126,"Chum"
1951,8.44785243086517,-0.49451103339559,126,"Chum"
1952,7.95842781290412,-0.983935651356635,126,"Chum"
1953,9.183409396559,0.241045932298247,126,"Chum"
1954,8.71170131862164,-0.230662145639118,126,"Chum"
1955,8.12157307565212,-0.820790388608633,126,"Chum"
1956,8.9857821315527,0.0434186672919458,126,"Chum"
1957,9.66408232972026,0.721718865459504,126,"Chum"
1958,9.27328552678227,0.330922062521517,126,"Chum"
1959,9.04978231713176,0.107418852871003,126,"Chum"
1960,8.82430294714868,-0.118060517112076,126,"Chum"
1961,9.01101049780846,0.068647033547702,126,"Chum"
1962,8.53103005141019,-0.411333412850559,126,"Chum"
1963,8.67971834167838,-0.262645122582372,126,"Chum"
1964,8.16825079359114,-0.774112670669615,126,"Chum"
1965,7.48782726190984,-1.45453620235091,126,"Chum"
1966,8.09065426513553,-0.851709199125227,126,"Chum"
1967,9.24325174093247,0.300888276671716,126,"Chum"
1968,9.46193970739841,0.519576243137657,126,"Chum"
1969,8.40605779364705,-0.536305670613703,126,"Chum"
1970,8.23464102298021,-0.707722441280543,126,"Chum"
1971,6.90468090493232,-2.03768255932843,126,"Chum"
1972,7.37446539197117,-1.56789807228958,126,"Chum"
1973,7.92362067475915,-1.01874278950161,126,"Chum"
1974,8.83431082963944,-0.108052634621316,126,"Chum"
1975,7.52303508669138,-1.41932837756938,126,"Chum"
1976,8.06138724274933,-0.880976221511422,126,"Chum"
1977,9.53017620369792,0.587812739437166,126,"Chum"
1978,8.23805974796414,-0.704303716296611,126,"Chum"
1979,9.18955342844129,0.247189964180534,126,"Chum"
1980,8.23413963615894,-0.70822382810181,126,"Chum"
1981,9.91141191869974,0.969048454438989,126,"Chum"
1982,7.60647456720471,-1.33588889705605,126,"Chum"
1983,9.83696664497256,0.894603180711807,126,"Chum"
1984,9.91393384337425,0.971570379113498,126,"Chum"
1985,7.88540928438306,-1.0569541798777,126,"Chum"
1986,8.02864492125809,-0.913718543002663,126,"Chum"
1987,8.88951344043016,-0.0528500238305908,126,"Chum"
1988,9.04160360619426,0.0992401419335036,126,"Chum"
1989,8.99738624691963,0.0550227826588741,126,"Chum"
1990,9.17184925451875,0.229485790257996,126,"Chum"
1991,8.63241389766335,-0.309949566597403,126,"Chum"
1992,8.79744983464479,-0.144913629615963,126,"Chum"
1993,9.59878714382649,0.656423679565733,126,"Chum"
1994,9.14724934101105,0.204885876750299,126,"Chum"
1995,8.6295437105,-0.31281975376075,126,"Chum"
1996,9.28746327757836,0.345099813317601,126,"Chum"
1997,10.4576010107994,1.51523754653865,126,"Chum"
1998,9.26611840724945,0.323754942988699,126,"Chum"
1999,7.90926703996956,-1.03309642429119,126,"Chum"
2000,8.908293094486,-0.0340703697747564,126,"Chum"
2001,9.30081401020288,0.358450545942129,126,"Chum"
2002,9.48609374463558,0.543730280374823,126,"Chum"
2003,9.61681062355637,0.67444715929562,126,"Chum"
2004,9.97798722237349,1.03562375811273,126,"Chum"
2005,10.7010452076793,1.75868174341852,126,"Chum"
2006,8.9265177026391,-0.0158457616216505,126,"Chum"
2007,8.84580439329148,-0.096559070969279,126,"Chum"
2008,8.35298774391413,-0.589375720346629,126,"Chum"
2009,8.73937378451228,-0.202989679748474,126,"Chum"
2010,8.40347710251808,-0.538886361742671,126,"Chum"
2011,8.69532251730561,-0.247040946955143,126,"Chum"
2012,7.90224734693766,-1.0401161173231,126,"Chum"
2013,9.10030872002244,0.157945255761687,126,"Chum"
2014,10.5314969569445,1.58913349268371,126,"Chum"
2015,10.1761393621564,1.23377589789564,126,"Chum"
2016,11.0837178602815,2.14135439602072,126,"Chum"
2017,9.97041711583734,1.02805365157658,126,"Chum"
2018,9.51842042058706,0.576056956326305,126,"Chum"
2019,11.1026569083333,2.16029344407255,126,"Chum"
2020,10.2620743513107,1.31971088704998,126,"Chum"
2021,9.3348277695477,0.392464305286946,126,"Chum"
2022,9.59271347522735,0.650350010966599,126,"Chum"
2023,8.84313196688891,-0.0992314973718452,126,"Chum"
2024,8.90656760707498,-0.0357958571857734,126,"Chum"
2025,9.93327143415809,0.990907969897331,126,"Chum"
1950,7.95620911916097,-1.1156599106854,128,"Chum"
1951,8.52984762787819,-0.542021401968179,128,"Chum"
1952,8.11619308392207,-0.955675945924298,128,"Chum"
1953,9.27820752064387,0.206338490797507,128,"Chum"
1954,8.87607114315033,-0.195797886696034,128,"Chum"
1955,8.29772700468699,-0.774142025159375,128,"Chum"
1956,9.2220445394516,0.150175509605234,128,"Chum"
1957,9.77844579617182,0.70657676632546,128,"Chum"
1958,9.42116286357243,0.349293833726068,128,"Chum"
1959,9.25454837878545,0.182679348939083,128,"Chum"
1960,8.98773027062416,-0.084138759222204,128,"Chum"
1961,9.20212010542552,0.130251075579153,128,"Chum"
1962,8.67112007141113,-0.400748958435234,128,"Chum"
1963,8.80132522980372,-0.270543800042643,128,"Chum"
1964,8.27378603021304,-0.79808299963333,128,"Chum"
1965,7.49431960384051,-1.57754942600586,128,"Chum"
1966,8.18085941076279,-0.891009619083577,128,"Chum"
1967,9.32896177768708,0.25709274784071,128,"Chum"
1968,9.6229651927948,0.551096162948432,128,"Chum"
1969,8.46611938873927,-0.6057496411071,128,"Chum"
1970,8.34059141476949,-0.731277615076874,128,"Chum"
1971,6.99845565656821,-2.07341337327816,128,"Chum"
1972,7.43759442269802,-1.63427460714834,128,"Chum"
1973,8.07535245815913,-0.996516571687238,128,"Chum"
1974,8.95478024482727,-0.117088785019091,128,"Chum"
1975,7.62255678971608,-1.44931224013028,128,"Chum"
1976,8.2428858935833,-0.828983136263069,128,"Chum"
1977,9.70443044900894,0.632561419162576,128,"Chum"
1978,8.36931439638138,-0.702554633464986,128,"Chum"
1979,9.25944266716639,0.18757363732003,128,"Chum"
1980,8.35209027131399,-0.71977875853238,128,"Chum"
1981,10.0965767065684,1.02470767672204,128,"Chum"
1982,7.73625240723292,-1.33561662261345,128,"Chum"
1983,10.0350020607312,0.963133030884883,128,"Chum"
1984,10.0800932725271,1.00822424268069,128,"Chum"
1985,7.99715234041214,-1.07471668943423,128,"Chum"
1986,8.1501200457414,-0.921748984104967,128,"Chum"
1987,9.00515424410502,-0.0667147857413453,128,"Chum"
1988,9.24252353111903,0.170654501272661,128,"Chum"
1989,9.13916183312734,0.0672928032809708,128,"Chum"
1990,9.35392315785091,0.282054128004539,128,"Chum"
1991,8.71650832891464,-0.355360700931725,128,"Chum"
1992,8.84115619659424,-0.230712833252129,128,"Chum"
1993,9.70204898516337,0.63017995531701,128,"Chum"
1994,9.29696458180746,0.225095551961094,128,"Chum"
1995,8.72274202108383,-0.349127008762533,128,"Chum"
1996,9.37843009630839,0.306561066462024,128,"Chum"
1997,10.561123919487,1.48925488964063,128,"Chum"
1998,9.38844647407532,0.316577444228953,128,"Chum"
1999,8.01652927597364,-1.05533975387273,128,"Chum"
2000,9.02145148515701,-0.0504175446893525,128,"Chum"
2001,9.42953338623047,0.357664356384106,128,"Chum"
2002,9.57272355556487,0.500854525718508,128,"Chum"
2003,9.80390155712764,0.73203252728127,128,"Chum"
2004,10.128683368365,1.05681433851861,128,"Chum"
2005,10.8754429419835,1.80357391213718,128,"Chum"
2006,9.06161684989929,-0.0102521799470726,128,"Chum"
2007,8.97410363356273,-0.0977653962836403,128,"Chum"
2008,8.51676347255706,-0.555105557289301,128,"Chum"
2009,8.91287442445755,-0.158994605388817,128,"Chum"
2010,8.65266962051392,-0.419199409332449,128,"Chum"
2011,8.90902016560237,-0.162848864244,128,"Chum"
2012,8.09587216377258,-0.975996866073784,128,"Chum"
2013,9.20561049381892,0.133741463972552,128,"Chum"
2014,10.6171972354253,1.54532820557895,128,"Chum"
2015,10.2646615584691,1.19279252862277,128,"Chum"
2016,11.206414826711,2.13454579686465,128,"Chum"
2017,10.0853940526644,1.01352502281807,128,"Chum"
2018,9.66265172958374,0.590782699737373,128,"Chum"
2019,11.1971430142721,2.12527398442569,128,"Chum"
2020,10.3430178244909,1.2711487946445,128,"Chum"
2021,9.40949256022771,0.337623530381346,128,"Chum"
2022,9.7230309565862,0.651161926739835,128,"Chum"
2023,8.91668527921041,-0.155183750635951,128,"Chum"
2024,9.03719600439072,-0.0346730254556448,128,"Chum"
2025,10.0461568077405,0.974287777894163,128,"Chum"
1950,7.56958676325647,-0.825989027766119,122,"Chum"
1951,7.74350469520217,-0.652071095820419,122,"Chum"
1952,7.09233545472747,-1.30324033629512,122,"Chum"
1953,8.77176974949084,0.376193958468248,122,"Chum"
1954,8.02078502429159,-0.374790766731002,122,"Chum"
1955,7.41861180412142,-0.976963986901174,122,"Chum"
1956,8.3966115838603,0.00103579283770754,122,"Chum"
1957,9.01191700759687,0.616341216574278,122,"Chum"
1958,8.55911711956325,0.163541328540659,122,"Chum"
1959,8.23489456114016,-0.160681229882432,122,"Chum"
1960,8.21055961596339,-0.185016175059207,122,"Chum"
1961,8.18131032742952,-0.21426546359307,122,"Chum"
1962,7.68925421175204,-0.706321579270555,122,"Chum"
1963,7.86634386526911,-0.529231925753481,122,"Chum"
1964,7.64028047260485,-0.755295318417742,122,"Chum"
1965,6.95357883133386,-1.44199695968873,122,"Chum"
1966,7.64946904307918,-0.746106747943415,122,"Chum"
1967,8.86990394717769,0.474328156155098,122,"Chum"
1968,8.71524846867511,0.319672677652518,122,"Chum"
1969,8.04782381496932,-0.347751976053277,122,"Chum"
1970,7.65994309437902,-0.735632696643568,122,"Chum"
1971,6.19250399070351,-2.20307180031909,122,"Chum"
1972,6.73276606829543,-1.66280972272716,122,"Chum"
1973,7.40429750241731,-0.991278288605278,122,"Chum"
1974,8.28231947045577,-0.113256320566817,122,"Chum"
1975,7.06255336341105,-1.33302242761154,122,"Chum"
1976,7.37647848380239,-1.0190973072202,122,"Chum"
1977,8.91710586453739,0.5215300735148,122,"Chum"
1978,7.74777984305432,-0.647795947968271,122,"Chum"
1979,8.74471378326416,0.349137992241568,122,"Chum"
1980,7.64687275572827,-0.748703035294322,122,"Chum"
1981,9.37489178306178,0.979315992039189,122,"Chum"
1982,7.0114307497677,-1.38414504125489,122,"Chum"
1983,9.36158339914522,0.966007608122632,122,"Chum"
1984,9.19833068471206,0.802754893689466,122,"Chum"
1985,7.29568358314665,-1.09989220787594,122,"Chum"
1986,7.40472083813266,-0.990854952889936,122,"Chum"
1987,8.53791224329095,0.142336452268359,122,"Chum"
1988,8.56406875660545,0.168492965582857,122,"Chum"
1989,8.42415264405702,0.0285768530344269,122,"Chum"
1990,8.59070231726295,0.195126526240362,122,"Chum"
1991,8.31050111118116,-0.0850746798414352,122,"Chum"
1992,8.31547274401313,-0.0801030470094611,122,"Chum"
1993,9.08555150973169,0.689975718709102,122,"Chum"
1994,8.52695152634069,0.131375735318097,122,"Chum"
1995,8.26728699081823,-0.128288800204363,122,"Chum"
1996,8.69449543952942,0.298919648506827,122,"Chum"
1997,9.90040631356992,1.50483052254733,122,"Chum"
1998,8.85890139090388,0.463325599881284,122,"Chum"
1999,7.35133798028293,-1.04423781073966,122,"Chum"
2000,8.45636262391743,0.0607868328948373,122,"Chum"
2001,8.88732755811591,0.491751767093316,122,"Chum"
2002,9.29388460987492,0.898308818852332,122,"Chum"
2003,9.19282948657086,0.797253695548268,122,"Chum"
2004,9.43854934918253,1.04297355815994,122,"Chum"
2005,10.1235136985779,1.72793790755529,122,"Chum"
2006,8.46429584841979,0.0687200573972012,122,"Chum"
2007,8.42597379653077,0.0303980055081809,122,"Chum"
2008,7.76962028835949,-0.625955502663102,122,"Chum"
2009,8.06211111576933,-0.333464675253258,122,"Chum"
2010,7.72617834179025,-0.669397449232341,122,"Chum"
2011,8.02855657903772,-0.367019211984877,122,"Chum"
2012,7.30367550410722,-1.09190028691537,122,"Chum"
2013,8.53241370539916,0.13683791437657,122,"Chum"
2014,10.0818047837207,1.68622899269812,122,"Chum"
2015,9.68104173635182,1.28546594532923,122,"Chum"
2016,10.8224408124623,2.42686502143966,122,"Chum"
2017,9.54679490704285,1.15121911602026,122,"Chum"
2018,9.08894493705348,0.693369146030886,122,"Chum"
2019,10.7142258945264,2.31865010350384,122,"Chum"
2020,9.90038963368065,1.50481384265806,122,"Chum"
2021,8.98535712769157,0.589781336668977,122,"Chum"
2022,8.86611781935943,0.470542028336833,122,"Chum"
2023,8.21201428143602,-0.183561509586574,122,"Chum"
2024,8.21010772805465,-0.185468062967941,122,"Chum"
2025,9.43205107826936,1.03647528724676,122,"Chum"
1950,8.76268373727798,-0.421080710136728,130,"Chum"
1951,8.73785527646542,-0.445909170949295,130,"Chum"
1952,7.87786387503147,-1.30590057238324,130,"Chum"
1953,9.72261996269226,0.53885551527755,130,"Chum"
1954,8.66099796891212,-0.522766478502588,130,"Chum"
1955,8.1036374270916,-1.08012702032311,130,"Chum"
1956,8.93901577591896,-0.24474867149575,130,"Chum"
1957,9.78326789140701,0.599503443992301,130,"Chum"
1958,9.11772809624672,-0.0660363511679927,130,"Chum"
1959,8.77613959312439,-0.407624854290325,130,"Chum"
1960,9.13601141571999,-0.0477530316947242,130,"Chum"
1961,8.56749632358551,-0.616268123829199,130,"Chum"
1962,8.59146490991115,-0.59229953750356,130,"Chum"
1963,8.74414827227593,-0.439616175138786,130,"Chum"
1964,8.37818608283997,-0.805578364574746,130,"Chum"
1965,8.27330450415611,-0.910459943258599,130,"Chum"
1966,8.52067900896072,-0.663085438453989,130,"Chum"
1967,9.7684612929821,0.58469684556739,130,"Chum"
1968,9.190598487854,0.00683404043929192,130,"Chum"
1969,9.30889755487442,0.125133107459709,130,"Chum"
1970,8.41959508061409,-0.764169366800622,130,"Chum"
1971,6.961318603158,-2.22244584425672,130,"Chum"
1972,7.6894983202219,-1.49426612719281,130,"Chum"
1973,8.06905292272568,-1.11471152468903,130,"Chum"
1974,9.18921885490418,0.00545440748946382,130,"Chum"
1975,8.00758728086948,-1.17617716654523,130,"Chum"
1976,8.03256888091564,-1.15119556649907,130,"Chum"
1977,9.94355095624924,0.759786508834526,130,"Chum"
1978,8.56628546714783,-0.617478980266885,130,"Chum"
1979,9.71028962731361,0.526525179898902,130,"Chum"
1980,8.47861310839653,-0.705151339018181,130,"Chum"
1981,9.93337757587433,0.749613128459617,130,"Chum"
1982,7.83753848671913,-1.34622596069558,130,"Chum"
1983,9.873072463274,0.689308015859286,130,"Chum"
1984,9.71521873474121,0.531454287326499,130,"Chum"
1985,8.21510318517685,-0.96866126223786,130,"Chum"
1986,8.35152653455734,-0.832237912857371,130,"Chum"
1987,9.40221741199493,0.218452964580222,130,"Chum"
1988,9.07212617993355,-0.111638267481163,130,"Chum"
1989,9.2758236348629,0.0920591874481868,130,"Chum"
1990,9.18572414517403,0.00195969775931638,130,"Chum"
1991,9.31780771017075,0.134043262756035,130,"Chum"
1992,9.07373494505882,-0.110029502355892,130,"Chum"
1993,9.80212068557739,0.618356238162679,130,"Chum"
1994,9.0949027478695,-0.088861699545217,130,"Chum"
1995,9.41298075914383,0.229216311729122,130,"Chum"
1996,9.23977063298225,0.0560061855675397,130,"Chum"
1997,10.5874964296818,1.40373198226707,130,"Chum"
1998,9.47244193553925,0.288677488124535,130,"Chum"
1999,8.50707461237907,-0.676689835035639,130,"Chum"
2000,9.35993400812149,0.176169560706778,130,"Chum"
2001,9.57869287729263,0.39492842987792,130,"Chum"
2002,10.0683003127575,0.884535865342777,130,"Chum"
2003,10.1474801957607,0.963715748346015,130,"Chum"
2004,10.0948992013931,0.911134753978416,130,"Chum"
2005,10.5284509778023,1.34468653038757,130,"Chum"
2006,9.2982992708683,0.11453482345359,130,"Chum"
2007,9.3833077609539,0.199543313539191,130,"Chum"
2008,8.64861546754837,-0.53514897986634,130,"Chum"
2009,8.65102622509002,-0.532738222324687,130,"Chum"
2010,8.5176102489233,-0.666154198491411,130,"Chum"
2011,8.57493772506714,-0.608826722347573,130,"Chum"
2012,8.09070129990578,-1.09306314750893,130,"Chum"
2013,9.39419061541557,0.21042616800086,130,"Chum"
2014,11.1409781932831,1.95721374586836,130,"Chum"
2015,10.2471726715565,1.06340822414176,130,"Chum"
2016,11.6650629401207,2.48129849270599,130,"Chum"
2017,9.96892265081406,0.785158203399347,130,"Chum"
2018,9.90676814317703,0.72300369576232,130,"Chum"
2019,11.4726868927479,2.28892244533317,130,"Chum"
2020,10.5974811553955,1.4137167079808,130,"Chum"
2021,10.0457873821259,0.862022934711142,130,"Chum"
2022,9.63480307459831,0.451038627183599,130,"Chum"
2023,9.29856079220771,0.114796344793004,130,"Chum"
2024,8.92206761837006,-0.261696829044653,130,"Chum"
2025,10.2298400998116,1.04607565239684,130,"Chum"
1950,9.02481378449334,-0.470489779019466,131,"Chum"
1951,9.08786642882559,-0.407437134687213,131,"Chum"
1952,8.18379506137636,-1.31150850213644,131,"Chum"
1953,9.99319273895688,0.497889175444075,131,"Chum"
1954,9.0752374264929,-0.420066137019905,131,"Chum"
1955,8.41501025358836,-1.08029330992445,131,"Chum"
1956,9.29450659619437,-0.200796967318431,131,"Chum"
1957,10.1220429076089,0.626739344096074,131,"Chum"
1958,9.37721086872948,-0.11809269478332,131,"Chum"
1959,9.07095244858,-0.424351114932804,131,"Chum"
1960,9.30331938134299,-0.191984182169811,131,"Chum"
1961,8.89784384436078,-0.597459719152026,131,"Chum"
1962,8.88927728268835,-0.606026280824456,131,"Chum"
1963,9.08975728352865,-0.405546279984156,131,"Chum"
1964,8.71143424510956,-0.783869318403247,131,"Chum"
1965,8.50289293130239,-0.992410632210415,131,"Chum"
1966,8.79711376296149,-0.698189800551313,131,"Chum"
1967,10.0046215918329,0.509318028320101,131,"Chum"
1968,9.64690011077457,0.151596547261765,131,"Chum"
1969,9.48072298367818,-0.0145805798346222,131,"Chum"
1970,8.69030636548996,-0.804997198022845,131,"Chum"
1971,7.29590553045273,-2.19939803306008,131,"Chum"
1972,7.93082613746325,-1.56447742604955,131,"Chum"
1973,8.40553622113334,-1.08976734237947,131,"Chum"
1974,9.5572624206543,0.0619588571414911,131,"Chum"
1975,8.25222617387772,-1.24307738963509,131,"Chum"
1976,8.38855694068802,-1.10674662282478,131,"Chum"
1977,10.2536874214808,0.758383857968009,131,"Chum"
1978,8.78329168425666,-0.712011879256145,131,"Chum"
1979,9.99291478925281,0.497611225740006,131,"Chum"
1980,8.6392213039928,-0.856082259520003,131,"Chum"
1981,10.2455157107777,0.750212147264901,131,"Chum"
1982,8.05517114533318,-1.44013241817962,131,"Chum"
1983,10.2984755569034,0.803171993390607,131,"Chum"
1984,10.1158863769637,0.620582813450916,131,"Chum"
1985,8.49942153692246,-0.995882026590348,131,"Chum"
1986,8.59415305323071,-0.901150510282095,131,"Chum"
1987,9.73484783040152,0.23954426688872,131,"Chum"
1988,9.53782180945079,0.0425182459379811,131,"Chum"
1989,9.63637265894148,0.141069095428673,131,"Chum"
1990,9.56032821204928,0.0650246485364727,131,"Chum"
1991,9.61529954936769,0.119995985854889,131,"Chum"
1992,9.39471491177876,-0.100588651734041,131,"Chum"
1993,10.076904422707,0.581600859194223,131,"Chum"
1994,9.44385676251518,-0.0514468009976274,131,"Chum"
1995,9.65399142768648,0.15868786417368,131,"Chum"
1996,9.51615879933039,0.0208552358175846,131,"Chum"
1997,11.0226816667451,1.52737810323228,131,"Chum"
1998,9.81004130840302,0.314737744890211,131,"Chum"
1999,8.73469058010313,-0.760612983409673,131,"Chum"
2000,9.54987873633703,0.0545751728242225,131,"Chum"
2001,9.89887232912911,0.403568765616306,131,"Chum"
2002,10.4034060637156,0.908102500202809,131,"Chum"
2003,10.403841164377,0.908537600864194,131,"Chum"
2004,10.4123147726059,0.917011209093089,131,"Chum"
2005,10.9542019102309,1.45889834671805,131,"Chum"
2006,9.58632520834605,0.091021644833245,131,"Chum"
2007,9.7468077606625,0.251504197149696,131,"Chum"
2008,8.94877783457438,-0.546525728938424,131,"Chum"
2009,9.10816650920444,-0.387137054308367,131,"Chum"
2010,8.82462211449941,-0.670681449013394,131,"Chum"
2011,8.86870482232836,-0.626598741184449,131,"Chum"
2012,8.31863109270732,-1.17667247080549,131,"Chum"
2013,9.72553451855977,0.230230955046969,131,"Chum"
2014,11.3666952119933,1.87139164848051,131,"Chum"
2015,10.6101297736168,1.11482621010399,131,"Chum"
2016,12.0243856641981,2.52908210068533,131,"Chum"
2017,10.4091180099381,0.913814446425328,131,"Chum"
2018,10.2556018696891,0.760298306176287,131,"Chum"
2019,11.8785472181108,2.38324365459802,131,"Chum"
2020,10.9027173717817,1.40741380826886,131,"Chum"
2021,10.2648631135623,0.769559550049461,131,"Chum"
2022,9.99043682548735,0.495133261974544,131,"Chum"
2023,9.51967326137754,0.0243696978647393,131,"Chum"
2024,9.29972519477209,-0.195578368740718,131,"Chum"
2025,10.6222379472521,1.12693438373925,131,"Chum"
1950,9.06433561113145,-0.586985422595996,129,"Chum"
1951,9.23541819718149,-0.41590283654596,129,"Chum"
1952,8.30232425530751,-1.34899677841994,129,"Chum"
1953,10.0827848249012,0.431463791173708,129,"Chum"
1954,9.27126361926396,-0.380057414463488,129,"Chum"
1955,8.58852798408932,-1.06279304963813,129,"Chum"
1956,9.56566569540236,-0.0856553383250941,129,"Chum"
1957,10.2745030257437,0.623181992016245,129,"Chum"
1958,9.58180795775519,-0.0695130759722575,129,"Chum"
1959,9.22414090898302,-0.427180124744433,129,"Chum"
1960,9.42289462354448,-0.228426410182971,129,"Chum"
1961,9.06324081950718,-0.588080214220273,129,"Chum"
1962,9.02268415358331,-0.628636880144139,129,"Chum"
1963,9.24084117677477,-0.410479856952681,129,"Chum"
1964,8.84829278124703,-0.803028252480419,129,"Chum"
1965,8.55529876550039,-1.09602226822706,129,"Chum"
1966,8.95590685473548,-0.695414178991972,129,"Chum"
1967,10.1032043827905,0.45188334906301,129,"Chum"
1968,9.90472212764952,0.253401093922067,129,"Chum"
1969,9.5305843088362,-0.120736724891255,129,"Chum"
1970,8.82809049553341,-0.823230538194038,129,"Chum"
1971,7.4188082019488,-2.23251283177865,129,"Chum"
1972,7.99640005495813,-1.65492097876932,129,"Chum"
1973,8.59171419673496,-1.05960683699249,129,"Chum"
1974,9.74459077914556,0.0932697454181075,129,"Chum"
1975,8.36787858274248,-1.28344245098497,129,"Chum"
1976,8.60518217417929,-1.04613885954816,129,"Chum"
1977,10.4616647230254,0.810343689297979,129,"Chum"
1978,8.92340758111742,-0.727913452610032,129,"Chum"
1979,10.1165783736441,0.465257339916636,129,"Chum"
1980,8.67309704091814,-0.978223992809314,129,"Chum"
1981,10.4594958689478,0.808174835220322,129,"Chum"
1982,8.15476229455736,-1.49655873917009,129,"Chum"
1983,10.5549852516916,0.903664217964152,129,"Chum"
1984,10.3520364032851,0.700715369557682,129,"Chum"
1985,8.6057992776235,-1.04552175610395,129,"Chum"
1986,8.71690420971976,-0.934416824007687,129,"Chum"
1987,9.90215856499142,0.250837531263969,129,"Chum"
1988,9.807501203484,0.156180169756553,129,"Chum"
1989,9.82144651148054,0.170125477753086,129,"Chum"
1990,9.77836881081264,0.127047777085185,129,"Chum"
1991,9.73938332001368,0.0880622862862307,129,"Chum"
1992,9.48514236344231,-0.166178670285141,129,"Chum"
1993,10.214693930414,0.563372896686536,129,"Chum"
1994,9.61194075478448,-0.0393802789429688,129,"Chum"
1995,9.76101819011901,0.109697156391556,129,"Chum"
1996,9.65098397599326,-0.000337057734190201,129,"Chum"
1997,11.2363950941298,1.58507406040233,129,"Chum"
1998,10.008315357897,0.356994324169568,129,"Chum"
1999,8.83425702651342,-0.817064007214033,129,"Chum"
2000,9.60009166929457,-0.0512293644328814,129,"Chum"
2001,10.0492385758294,0.397917542101944,129,"Chum"
2002,10.5724246237013,0.921103589973853,129,"Chum"
2003,10.5720381339391,0.920717100211656,129,"Chum"
2004,10.5943775574366,0.943056523709177,129,"Chum"
2005,11.2265412807465,1.57522024701901,129,"Chum"
2006,9.73684068520864,0.0855196514811883,129,"Chum"
2007,9.88079870409435,0.229477670366905,129,"Chum"
2008,9.10570424132877,-0.545616792398683,129,"Chum"
2009,9.34282328685125,-0.308497746876206,129,"Chum"
2010,8.98844905694326,-0.662871976784192,129,"Chum"
2011,9.02908325857586,-0.622237775151588,129,"Chum"
2012,8.45669682158364,-1.19462421214381,129,"Chum"
2013,9.88516576422585,0.233844730498401,129,"Chum"
2014,11.4731840093931,1.8218629756656,129,"Chum"
2015,10.7545722325643,1.10325119883684,129,"Chum"
2016,12.2334331141578,2.58211208043033,129,"Chum"
2017,10.6615884171592,1.01026738343173,129,"Chum"
2018,10.47047343519,0.819152401462535,129,"Chum"
2019,12.0886982017093,2.43737716798187,129,"Chum"
2020,11.0612685084343,1.40994747470685,129,"Chum"
2021,10.3697237902217,0.718402756494292,129,"Chum"
2022,10.1317774057388,0.480456372011376,129,"Chum"
2023,9.59335682789485,-0.0579642058326043,129,"Chum"
2024,9.46516681379742,-0.186154219930027,129,"Chum"
2025,10.8061239454481,1.15480291172068,129,"Chum"
1950,4.82332173165153,-2.96123192139348,136,"Chum"
1951,5.60774012523539,-2.17681352780962,136,"Chum"
1952,4.39939672631376,-3.38515692673125,136,"Chum"
1953,6.3834444372093,-1.40110921583571,136,"Chum"
1954,6.92384795581593,-0.860705697229079,136,"Chum"
1955,7.45648652841063,-0.32806712463438,136,"Chum"
1956,8.56682071265053,0.782267059605512,136,"Chum"
1957,7.31734037749908,-0.467213275545936,136,"Chum"
1958,8.77185475826263,0.987301105217622,136,"Chum"
1959,6.41081968651098,-1.37373396653403,136,"Chum"
1960,8.48827839949552,0.703724746450505,136,"Chum"
1961,6.15849392203724,-1.62605973100777,136,"Chum"
1962,7.55415218717912,-0.230401465865894,136,"Chum"
1963,7.41802437165204,-0.366529281392969,136,"Chum"
1964,5.80167195376228,-1.98288169928273,136,"Chum"
1965,6.13817430243773,-1.64637935060729,136,"Chum"
1966,7.73652652081321,-0.0480271322317986,136,"Chum"
1967,8.78582396226771,1.0012703092227,136,"Chum"
1968,7.27430924948524,-0.510244403559772,136,"Chum"
1969,7.81095317181419,0.0263995187691741,136,"Chum"
1970,6.88538042236777,-0.899173230677245,136,"Chum"
1971,6.41242983761956,-1.37212381542545,136,"Chum"
1972,6.75007284388823,-1.03448080915679,136,"Chum"
1973,7.01252840897616,-0.77202524406885,136,"Chum"
1974,8.68491369485855,0.900360041813536,136,"Chum"
1975,7.06354595633114,-0.721007696713871,136,"Chum"
1976,7.43559585073415,-0.348957802310862,136,"Chum"
1977,8.10234513002284,0.317791476977824,136,"Chum"
1978,8.45815707655514,0.673603423510128,136,"Chum"
1979,8.53650623910567,0.751952586060662,136,"Chum"
1980,7.5987031249439,-0.18585052810111,136,"Chum"
1981,8.55636841058731,0.771814757542298,136,"Chum"
1982,7.16875288416358,-0.615800768881436,136,"Chum"
1983,8.27430197070627,0.489748317661256,136,"Chum"
1984,7.47527156507268,-0.309282087972335,136,"Chum"
1985,7.12254357688567,-0.662010076159341,136,"Chum"
1986,7.17594848310246,-0.608605169942549,136,"Chum"
1987,7.34933224846335,-0.435221404581661,136,"Chum"
1988,7.76704735440366,-0.0175062986413498,136,"Chum"
1989,7.86425410649356,0.0797004534485457,136,"Chum"
1990,7.69413171095006,-0.0904219420949468,136,"Chum"
1991,8.26517849809983,0.480624845054822,136,"Chum"
1992,5.83238261938095,-1.95217103366406,136,"Chum"
1993,7.87490108784507,0.0903474348000596,136,"Chum"
1994,7.63667067359476,-0.147882979450255,136,"Chum"
1995,8.02480525479597,0.24025160175096,136,"Chum"
1996,7.93562170337228,0.151068050327272,136,"Chum"
1997,8.34154071527369,0.556987062228679,136,"Chum"
1998,6.9179416246274,-0.866612028417616,136,"Chum"
1999,7.38504113169277,-0.39951252135224,136,"Chum"
2000,6.92558760502759,-0.858966048017421,136,"Chum"
2001,7.11494664234274,-0.669607010702275,136,"Chum"
2002,8.57000316942439,0.785449516379381,136,"Chum"
2003,8.90427838353549,1.11972473049048,136,"Chum"
2004,9.27420008883757,1.48964643579256,136,"Chum"
2005,9.51502904471229,1.73047539166727,136,"Chum"
2006,8.98931255761315,1.20475890456814,136,"Chum"
2007,8.07589244491914,0.291338791874125,136,"Chum"
2008,7.73770369501675,-0.0468499580282638,136,"Chum"
2009,8.00584121311412,0.221287560069111,136,"Chum"
2010,7.71631367592251,-0.0682399771225043,136,"Chum"
2011,7.96478949574863,0.18023584270362,136,"Chum"
2012,7.07585518851,-0.708698464535016,136,"Chum"
2013,8.6421680169947,0.857614363949687,136,"Chum"
2014,9.82755964643815,2.04300599339314,136,"Chum"
2015,8.99232832824483,1.20777467519981,136,"Chum"
2016,9.9120245961582,2.12747094311319,136,"Chum"
2017,9.92061396907357,2.13606031602856,136,"Chum"
2018,10.4585249774596,2.67397132441462,136,"Chum"
2019,10.7339040111093,2.94935035806428,136,"Chum"
2020,9.77869919468375,1.99414554163874,136,"Chum"
2021,8.67392764371984,0.88937399067483,136,"Chum"
2022,8.03321779826108,0.24866414521607,136,"Chum"
2023,7.87820313958561,0.0936494865405932,136,"Chum"
2024,6.84447473988814,-0.940078913156875,136,"Chum"
2025,9.25971364273744,1.47515998969243,136,"Chum"
1950,4.82332173165153,-2.96123192139348,137,"Chum"
1951,5.60774012523539,-2.17681352780962,137,"Chum"
1952,4.39939672631376,-3.38515692673125,137,"Chum"
1953,6.3834444372093,-1.40110921583571,137,"Chum"
1954,6.92384795581593,-0.860705697229079,137,"Chum"
1955,7.45648652841063,-0.32806712463438,137,"Chum"
1956,8.56682071265053,0.782267059605512,137,"Chum"
1957,7.31734037749908,-0.467213275545936,137,"Chum"
1958,8.77185475826263,0.987301105217622,137,"Chum"
1959,6.41081968651098,-1.37373396653403,137,"Chum"
1960,8.48827839949552,0.703724746450505,137,"Chum"
1961,6.15849392203724,-1.62605973100777,137,"Chum"
1962,7.55415218717912,-0.230401465865894,137,"Chum"
1963,7.41802437165204,-0.366529281392969,137,"Chum"
1964,5.80167195376228,-1.98288169928273,137,"Chum"
1965,6.13817430243773,-1.64637935060729,137,"Chum"
1966,7.73652652081321,-0.0480271322317986,137,"Chum"
1967,8.78582396226771,1.0012703092227,137,"Chum"
1968,7.27430924948524,-0.510244403559772,137,"Chum"
1969,7.81095317181419,0.0263995187691741,137,"Chum"
1970,6.88538042236777,-0.899173230677245,137,"Chum"
1971,6.41242983761956,-1.37212381542545,137,"Chum"
1972,6.75007284388823,-1.03448080915679,137,"Chum"
1973,7.01252840897616,-0.77202524406885,137,"Chum"
1974,8.68491369485855,0.900360041813536,137,"Chum"
1975,7.06354595633114,-0.721007696713871,137,"Chum"
1976,7.43559585073415,-0.348957802310862,137,"Chum"
1977,8.10234513002284,0.317791476977824,137,"Chum"
1978,8.45815707655514,0.673603423510128,137,"Chum"
1979,8.53650623910567,0.751952586060662,137,"Chum"
1980,7.5987031249439,-0.18585052810111,137,"Chum"
1981,8.55636841058731,0.771814757542298,137,"Chum"
1982,7.16875288416358,-0.615800768881436,137,"Chum"
1983,8.27430197070627,0.489748317661256,137,"Chum"
1984,7.47527156507268,-0.309282087972335,137,"Chum"
1985,7.12254357688567,-0.662010076159341,137,"Chum"
1986,7.17594848310246,-0.608605169942549,137,"Chum"
1987,7.34933224846335,-0.435221404581661,137,"Chum"
1988,7.76704735440366,-0.0175062986413498,137,"Chum"
1989,7.86425410649356,0.0797004534485457,137,"Chum"
1990,7.69413171095006,-0.0904219420949468,137,"Chum"
1991,8.26517849809983,0.480624845054822,137,"Chum"
1992,5.83238261938095,-1.95217103366406,137,"Chum"
1993,7.87490108784507,0.0903474348000596,137,"Chum"
1994,7.63667067359476,-0.147882979450255,137,"Chum"
1995,8.02480525479597,0.24025160175096,137,"Chum"
1996,7.93562170337228,0.151068050327272,137,"Chum"
1997,8.34154071527369,0.556987062228679,137,"Chum"
1998,6.9179416246274,-0.866612028417616,137,"Chum"
1999,7.38504113169277,-0.39951252135224,137,"Chum"
2000,6.92558760502759,-0.858966048017421,137,"Chum"
2001,7.11494664234274,-0.669607010702275,137,"Chum"
2002,8.57000316942439,0.785449516379381,137,"Chum"
2003,8.90427838353549,1.11972473049048,137,"Chum"
2004,9.27420008883757,1.48964643579256,137,"Chum"
2005,9.51502904471229,1.73047539166727,137,"Chum"
2006,8.98931255761315,1.20475890456814,137,"Chum"
2007,8.07589244491914,0.291338791874125,137,"Chum"
2008,7.73770369501675,-0.0468499580282638,137,"Chum"
2009,8.00584121311412,0.221287560069111,137,"Chum"
2010,7.71631367592251,-0.0682399771225043,137,"Chum"
2011,7.96478949574863,0.18023584270362,137,"Chum"
2012,7.07585518851,-0.708698464535016,137,"Chum"
2013,8.6421680169947,0.857614363949687,137,"Chum"
2014,9.82755964643815,2.04300599339314,137,"Chum"
2015,8.99232832824483,1.20777467519981,137,"Chum"
2016,9.9120245961582,2.12747094311319,137,"Chum"
2017,9.92061396907357,2.13606031602856,137,"Chum"
2018,10.4585249774596,2.67397132441462,137,"Chum"
2019,10.7339040111093,2.94935035806428,137,"Chum"
2020,9.77869919468375,1.99414554163874,137,"Chum"
2021,8.67392764371984,0.88937399067483,137,"Chum"
2022,8.03321779826108,0.24866414521607,137,"Chum"
2023,7.87820313958561,0.0936494865405932,137,"Chum"
2024,6.84447473988814,-0.940078913156875,137,"Chum"
2025,9.25971364273744,1.47515998969243,137,"Chum"
1950,2.90982013940811,-4.33209182751617,139,"Chum"
1951,4.72821938991547,-2.51369257700881,139,"Chum"
1952,3.50273900140416,-3.73917296552012,139,"Chum"
1953,4.65574080835689,-2.58617115856739,139,"Chum"
1954,6.44059247862209,-0.801319488302186,139,"Chum"
1955,6.95134965127165,-0.290562315652632,139,"Chum"
1956,8.2971930178729,1.05528105094862,139,"Chum"
1957,6.44241898168217,-0.799492985242108,139,"Chum"
1958,9.00027760592374,1.75836563899946,139,"Chum"
1959,5.68948901783336,-1.55242294909091,139,"Chum"
1960,8.23277549852024,0.990863531595966,139,"Chum"
1961,5.5529067651792,-1.68900520174508,139,"Chum"
1962,7.26768269863996,0.0257707317156786,139,"Chum"
1963,7.17013842951168,-0.0717735374125996,139,"Chum"
1964,4.50085776841099,-2.74105419851329,139,"Chum"
1965,5.25999308174307,-1.98191888518121,139,"Chum"
1966,7.2643973691897,0.0224854022654175,139,"Chum"
1967,8.1946555592797,0.952743592355426,139,"Chum"
1968,6.84206772392446,-0.399844242999816,139,"Chum"
1969,7.15186411684209,-0.0900478500821846,139,"Chum"
1970,6.37606879255988,-0.865843174364396,139,"Chum"
1971,6.55687527223067,-0.68503669469361,139,"Chum"
1972,6.94284274903211,-0.299069217892171,139,"Chum"
1973,6.59228016029705,-0.649631806627232,139,"Chum"
1974,8.49241983348673,1.25050786656245,139,"Chum"
1975,6.63780483603477,-0.604107130889505,139,"Chum"
1976,7.42912871187384,0.187216744949558,139,"Chum"
1977,7.59009683132172,0.348184864397442,139,"Chum"
1978,8.61769554289904,1.37578357597477,139,"Chum"
1979,8.05018709870902,0.80827513178474,139,"Chum"
1980,7.48796453259208,0.246052565667801,139,"Chum"
1981,7.93098241090775,0.689070443983467,139,"Chum"
1982,7.44683662056923,0.20492465364495,139,"Chum"
1983,7.18262325633656,-0.0592887105877165,139,"Chum"
1984,6.86114052750847,-0.380771439415803,139,"Chum"
1985,6.88202131607316,-0.359890650851122,139,"Chum"
1986,7.23651974309575,-0.00539222382853175,139,"Chum"
1987,6.13710463859818,-1.10480732832609,139,"Chum"
1988,6.97005666385997,-0.271855303064305,139,"Chum"
1989,7.36353760957718,0.121625642652901,139,"Chum"
1990,7.34032717618075,0.0984152092564743,139,"Chum"
1991,7.29878691651605,0.0568749495917674,139,"Chum"
1992,4.4434118270874,-2.79850013983688,139,"Chum"
1993,7.32191704349084,0.0800050765665633,139,"Chum"
1994,7.1464204788208,-0.0954914881034768,139,"Chum"
1995,7.17923025651412,-0.0626817104101606,139,"Chum"
1996,7.69694399562749,0.455032028703212,139,"Chum"
1997,7.33404377644713,0.0921318095228469,139,"Chum"
1998,5.62486139752648,-1.6170505693978,139,"Chum"
1999,6.77696730331941,-0.464944663604869,139,"Chum"
2000,5.86676438288255,-1.37514758404173,139,"Chum"
2001,6.00454312833873,-1.23736883858555,139,"Chum"
2002,7.43068232319572,0.188770356271442,139,"Chum"
2003,8.18521371212872,0.943301745204444,139,"Chum"
2004,8.88674653118307,1.64483456425879,139,"Chum"
2005,8.99671514467759,1.75480317775331,139,"Chum"
2006,8.68734689192338,1.44543492499911,139,"Chum"
2007,7.43233932961117,0.190427362686891,139,"Chum"
2008,7.58447976003994,0.342567793115657,139,"Chum"
2009,7.85954257033088,0.617630603406603,139,"Chum"
2010,7.463244847276,0.221332880351718,139,"Chum"
2011,8.07438857988878,0.832476612964498,139,"Chum"
2012,6.92253046685999,-0.319381500064289,139,"Chum"
2013,8.66191306439313,1.42000109746885,139,"Chum"
2014,9.40877311338078,2.1668611464565,139,"Chum"
2015,8.36216277425939,1.12025080733512,139,"Chum"
2016,8.34820251031355,1.10629054338928,139,"Chum"
2017,9.83787048946727,2.59595852254299,139,"Chum"
2018,10.5577324953946,3.31582052847034,139,"Chum"
2019,10.3901951746507,3.14828320772643,139,"Chum"
2020,9.08932892300866,1.84741695608438,139,"Chum"
2021,7.73279477655888,0.490882809634598,139,"Chum"
2022,7.87378617308357,0.631874206159287,139,"Chum"
2023,7.66751371188597,0.425601744961693,139,"Chum"
2024,6.55857609618794,-0.683335870736338,139,"Chum"
2025,8.67077408595519,1.42886211903091,139,"Chum"
